-- MySQL dump 10.13  Distrib 5.5.59, for Win64 (AMD64)
--
-- Host: localhost    Database: training_etracs255
-- ------------------------------------------------------
-- Server version	5.5.59

/*!40101 SET @OLD_CHARACTER_SET_CLIENT=@@CHARACTER_SET_CLIENT */;
/*!40101 SET @OLD_CHARACTER_SET_RESULTS=@@CHARACTER_SET_RESULTS */;
/*!40101 SET @OLD_COLLATION_CONNECTION=@@COLLATION_CONNECTION */;
/*!40101 SET NAMES utf8 */;
/*!40103 SET @OLD_TIME_ZONE=@@TIME_ZONE */;
/*!40103 SET TIME_ZONE='+00:00' */;
/*!40014 SET @OLD_UNIQUE_CHECKS=@@UNIQUE_CHECKS, UNIQUE_CHECKS=0 */;
/*!40014 SET @OLD_FOREIGN_KEY_CHECKS=@@FOREIGN_KEY_CHECKS, FOREIGN_KEY_CHECKS=0 */;
/*!40101 SET @OLD_SQL_MODE=@@SQL_MODE, SQL_MODE='NO_AUTO_VALUE_ON_ZERO' */;
/*!40111 SET @OLD_SQL_NOTES=@@SQL_NOTES, SQL_NOTES=0 */;

--
-- Current Database: `training_etracs255`
--

CREATE DATABASE /*!32312 IF NOT EXISTS*/ `training_etracs255` /*!40100 DEFAULT CHARACTER SET utf8 */;

USE `training_etracs255`;

--
-- Table structure for table `account`
--

DROP TABLE IF EXISTS `account`;
/*!40101 SET @saved_cs_client     = @@character_set_client */;
/*!40101 SET character_set_client = utf8 */;
CREATE TABLE `account` (
  `objid` varchar(50) NOT NULL,
  `maingroupid` varchar(50) DEFAULT NULL,
  `code` varchar(100) DEFAULT NULL,
  `title` varchar(255) DEFAULT NULL,
  `groupid` varchar(50) DEFAULT NULL,
  `type` varchar(50) DEFAULT NULL,
  `leftindex` int(11) DEFAULT NULL,
  `rightindex` int(11) DEFAULT NULL,
  `level` int(11) DEFAULT NULL,
  PRIMARY KEY (`objid`),
  KEY `ix_maingroupid` (`maingroupid`),
  KEY `ix_code` (`code`),
  KEY `ix_title` (`title`),
  KEY `ix_groupid` (`groupid`),
  KEY `uix_account_code` (`maingroupid`,`code`),
  CONSTRAINT `fk_account_groupid` FOREIGN KEY (`groupid`) REFERENCES `account` (`objid`),
  CONSTRAINT `fk_account_maingroupid` FOREIGN KEY (`maingroupid`) REFERENCES `account_maingroup` (`objid`)
) ENGINE=InnoDB DEFAULT CHARSET=utf8;
/*!40101 SET character_set_client = @saved_cs_client */;

--
-- Dumping data for table `account`
--

LOCK TABLES `account` WRITE;
/*!40000 ALTER TABLE `account` DISABLE KEYS */;
INSERT INTO `account` VALUES ('NGAS-01','NGAS','01','ASSETS',NULL,'root',0,31,1),('NGAS-02','NGAS','02','LIABILITIES',NULL,'root',32,71,1),('NGAS-04','NGAS','04','INCOME',NULL,'root',72,267,1),('NGAS-101','NGAS','101','CASH IN VAULT','NGAS-CAH','item',3,4,4),('NGAS-102','NGAS','102','CASH COLLECTING OFFICERS','NGAS-CAH','item',5,6,4),('NGAS-104','NGAS','104','PETTY CASH','NGAS-CAH','item',7,8,4),('NGAS-106','NGAS','106','PAYROLL FUND','NGAS-CAH','item',9,10,4),('NGAS-141','NGAS','141','DUE FROM CENTRAL/HOME OFFICE','NGAS-INARE','item',15,16,4),('NGAS-142','NGAS','142','DUE FROM REGIONAL/STAFF/BRANCH OFFICES','NGAS-INARE','item',17,18,4),('NGAS-143','NGAS','143','DUE FROM OPERATING UNITS','NGAS-INARE','item',19,20,4),('NGAS-144','NGAS','144','DUE FROM OTHER FUNDS','NGAS-INARE','item',21,22,4),('NGAS-145','NGAS','145','DUE FROM SUBSIDIARIES/AFFILIATES','NGAS-INARE','item',23,24,4),('NGAS-148','NGAS','148','ADVANCES TO EMPLOYEES (GEN)','NGAS-ORE','item',27,28,4),('NGAS-411','NGAS','411','DUE TO NATL TREASURY','NGAS-INTERAP','item',41,42,4),('NGAS-412','NGAS','412','DUE TO BIR','NGAS-INTERAP','item',43,44,4),('NGAS-413','NGAS','413','DUE TO GSIS','NGAS-INTERAP','item',45,46,4),('NGAS-414','NGAS','414','DUE TO PAG-IBIG','NGAS-INTERAP','item',47,48,4),('NGAS-416','NGAS','416','BIR DOC STAMP','NGAS-INTERAP','item',49,50,4),('NGAS-416-1','NGAS','416-1','ANTI MORTEM / LDF','NGAS-INTERAP','item',51,52,4),('NGAS-416-A','NGAS','416-A','DUE TO OTHER NGAS','NGAS-INTERAP','item',53,54,4),('NGAS-417','NGAS','417','DUE TO OTHER GOCCS','NGAS-INTERAP','item',55,56,4),('NGAS-418','NGAS','418','DUE TO LGUS','NGAS-INTERAP','item',57,58,4),('NGAS-418-1','NGAS','418-1','AMUSEMENT TAX - PROVL SHARE','NGAS-INTERAP','item',59,60,4),('NGAS-418-1B','NGAS','418-1B','PROFESSIONAL TAX RECEIPT (PTR)','NGAS-INTERAP','item',61,62,4),('NGAS-418-1C','NGAS','418-1C','PROVINCIAL SHARE','NGAS-INTERAP','item',63,64,4),('NGAS-418-3','NGAS','418-3','BARANGAY SHARE','NGAS-INTERAP','item',65,66,4),('NGAS-418-3A','NGAS','418-3A','ROXAS PARK - BRGY. CALMA','NGAS-INTERAP','item',67,68,4),('NGAS-439','NGAS','439','OTHER PAYABLES (GENERAL)','NGAS-OCLIA','item',35,36,4),('NGAS-551','NGAS','551','BUSINESS TAX','NGAS-NATTAX','item',263,264,4),('NGAS-581','NGAS','581','AMUSEMENT TAX','NGAS-LTAX','item',237,238,4),('NGAS-582','NGAS','582','BUSINESS TAX','NGAS-LTAX','item',239,240,4),('NGAS-583','NGAS','583','COMMUNITY TAX - INDV','NGAS-LTAX','item',241,242,4),('NGAS-583-1','NGAS','583-1','COMMUNITY TAX - CORP','NGAS-LTAX','item',243,244,4),('NGAS-584','NGAS','584','FRANCHISE TAX','NGAS-LTAX','item',245,246,4),('NGAS-585','NGAS','585','OCCUPATION TAX','NGAS-LTAX','item',247,248,4),('NGAS-588','NGAS','588','REAL PROPERTY TAX','NGAS-LTAX','item',249,250,4),('NGAS-598','NGAS','598','OTHER LOCAL TAXES','NGAS-LTAX','item',251,252,4),('NGAS-599','NGAS','599','FINES AND PENALTIES - LOCAL TAXES','NGAS-LTAX','item',253,254,4),('NGAS-599-1','NGAS','599-1','FINES AND PENALTIES - PROVINCE SHARE','NGAS-LTAX','item',255,256,4),('NGAS-599-2','NGAS','599-2','FINES AND PENALTIES - LGU SHARE','NGAS-LTAX','item',257,258,4),('NGAS-599-3','NGAS','599-3','FINES AND PENALTIES - BRGY SHARE','NGAS-LTAX','item',259,260,4),('NGAS-601','NGAS','601','FEES ON WEIGHTS AND MEASURES','NGAS-PERALI','item',145,146,4),('NGAS-602','NGAS','602','FISHERY RENTAL FEES','NGAS-PERALI','item',147,148,4),('NGAS-603','NGAS','603','FRANCHISING AND LICENSING FEES','NGAS-PERALI','item',149,150,4),('NGAS-604','NGAS','604','MOTOR VEHICLE USER CHARGES','NGAS-PERALI','item',151,152,4),('NGAS-605','NGAS','605','PERMIT FEES','NGAS-PERALI','item',153,154,4),('NGAS-605-1','NGAS','605-1','MAYOR\'S PERMIT','NGAS-PERALI','item',155,156,4),('NGAS-605-10','NGAS','605-10','POLLUTERS FEE','NGAS-PERALI','item',157,158,4),('NGAS-605-11','NGAS','605-11','ANCHORAGE FEE','NGAS-PERALI','item',159,160,4),('NGAS-605-12','NGAS','605-12','PERMIT ON BUILDING','NGAS-PERALI','item',161,162,4),('NGAS-605-2','NGAS','605-2','SANITARY PERMIT','NGAS-PERALI','item',163,164,4),('NGAS-605-3','NGAS','605-3','ELECTRICAL PERMIT','NGAS-PERALI','item',165,166,4),('NGAS-605-4','NGAS','605-4','OCCUPANCY PERMIT','NGAS-PERALI','item',167,168,4),('NGAS-605-5','NGAS','605-5','BUILDING PERMIT','NGAS-PERALI','item',169,170,4),('NGAS-605-55','NGAS','605-55','BLDG PERMIT (WITH OBO)','NGAS-PERALI','item',171,172,4),('NGAS-605-5A','NGAS','605-V','BLDG. PERMIT','NGAS-PERALI','item',181,182,4),('NGAS-605-6','NGAS','605-6','CUTTING PERMIT','NGAS-PERALI','item',173,174,4),('NGAS-605-7','NGAS','605-7','BURIAL PERMIT','NGAS-PERALI','item',175,176,4),('NGAS-605-8','NGAS','605-8','EXHUMATION/REMOVAL OF CADAVER','NGAS-PERALI','item',177,178,4),('NGAS-605-9','NGAS','605-9','MOTORELA PERMIT','NGAS-PERALI','item',179,180,4),('NGAS-605A','NGAS','605A','FIRE SAFETY LOCAL','NGAS-PERALI','item',183,184,4),('NGAS-606','NGAS','606','REGISTRATION FEES','NGAS-PERALI','item',185,186,4),('NGAS-606-1','NGAS','606-1','MARRIAGE FEES','NGAS-PERALI','item',187,188,4),('NGAS-606-2','NGAS','606-2','BICYCLE FEES','NGAS-PERALI','item',189,190,4),('NGAS-606-3','NGAS','606-3','LARGE CATTLE','NGAS-PERALI','item',191,192,4),('NGAS-606-4','NGAS','606-4','BOAT / MOTORBOAT','NGAS-PERALI','item',193,194,4),('NGAS-606-5','NGAS','606-5','MOTORELA','NGAS-PERALI','item',195,196,4),('NGAS-606-6','NGAS','606-6','DOG','NGAS-PERALI','item',197,198,4),('NGAS-608','NGAS','608','OTHER PERMIT AND LICENSES','NGAS-PERALI','item',199,200,4),('NGAS-609','NGAS','609','FINES AND PENALTIES - LOCAL TAXES','NGAS-PERALI','item',201,202,4),('NGAS-613','NGAS','613','CLEARANCE AND CERT FEES','NGAS-SERINC','item',205,206,4),('NGAS-613-1','NGAS','613-1','MAYOR\'S CLEARANCE','NGAS-SERINC','item',207,208,4),('NGAS-613-2','NGAS','613-2','POLICE CLEARANCE','NGAS-SERINC','item',209,210,4),('NGAS-613-3','NGAS','613-3','BIRTH / DEATH / OTHER CERT','NGAS-SERINC','item',211,212,4),('NGAS-613-4','NGAS','613-4','COURT CLEARANCE','NGAS-SERINC','item',213,214,4),('NGAS-613-5','NGAS','613-5','ZONING CLEARANCE','NGAS-SERINC','item',215,216,4),('NGAS-613-6','NGAS','613-6','BREQS SERVICE','NGAS-SERINC','item',217,218,4),('NGAS-613-7','NGAS','613-7','SUBSCRIPTION FEE','NGAS-SERINC','item',219,220,4),('NGAS-613-8','NGAS','613-8','MEDICAL CERTIFICATE','NGAS-SERINC','item',221,222,4),('NGAS-616','NGAS','616','GARBAGE FEES','NGAS-SERINC','item',223,224,4),('NGAS-617','NGAS','617','INSPECTION FEES','NGAS-SERINC','item',225,226,4),('NGAS-619','NGAS','619','MEDICAL, DENAL AND LAB FEES','NGAS-SERINC','item',227,228,4),('NGAS-628','NGAS','628','OTHER SERVICE INCOME','NGAS-SERINC','item',229,230,4),('NGAS-629','NGAS','629','FINES AND PENALTIES - SERVICE INCOME','NGAS-SERINC','item',231,232,4),('NGAS-633','NGAS','633','INCOME FROM CEMETERY OPERATIONS','NGAS-BUIN','item',79,80,4),('NGAS-636','NGAS','636','INCOME FROM MARKETS','NGAS-BUIN','item',81,82,4),('NGAS-642','NGAS','642','RENT INCOME','NGAS-BUIN','item',85,86,4),('NGAS-642-','NGAS','642-','BACKHOE RENTAL','NGAS-BUIN','item',87,88,4),('NGAS-642-1','NGAS','642-1','DUMP TRUCK RENTAL','NGAS-BUIN','item',89,90,4),('NGAS-642-10','NGAS','642-10','EMERGENCY VEHICLE','NGAS-BUIN','item',91,92,4),('NGAS-642-2','NGAS','642-2','MIXER RENTAL','NGAS-BUIN','item',93,94,4),('NGAS-642-3','NGAS','642-3','GYM LIGHTS AND SOUND','NGAS-BUIN','item',95,96,4),('NGAS-642-4','NGAS','642-4','TENTS TABLES AND CHAIRS','NGAS-BUIN','item',97,98,4),('NGAS-642-7','NGAS','642-7','ATM OFFSITE RENTAL','NGAS-BUIN','item',99,100,4),('NGAS-642-8','NGAS','642-8','ROAD COMPACTOR RENTAL','NGAS-BUIN','item',101,102,4),('NGAS-642-9','NGAS','642-9','FOUR WHEEL TRACTOR','NGAS-BUIN','item',103,104,4),('NGAS-648','NGAS','648','FINES AND PENALTIES - BUSINESS INCOME','NGAS-BUIN','item',105,106,4),('NGAS-649','NGAS','649','OTHER BUSINESS INCOME','NGAS-BUIN','item',107,108,4),('NGAS-661','NGAS','661','DIVIDEND INCOME','NGAS-OGIN','item',111,112,4),('NGAS-662','NGAS','662','INCOME FROM GRANTS AND DONATIONS','NGAS-OGIN','item',113,114,4),('NGAS-664','NGAS','664','INTEREST INCOME','NGAS-OGIN','item',115,116,4),('NGAS-669','NGAS','669','SHARE FROM NATL WEALTH','NGAS-OGIN','item',117,118,4),('NGAS-670','NGAS','670','SHARE FROM PAGCOR/PCSO','NGAS-OGIN','item',119,120,4),('NGAS-678','NGAS','678','MISCELLANEOUS','NGAS-OGIN','item',121,122,4),('NGAS-678-1','NGAS','678-1','XEROX','NGAS-OGIN','item',123,124,4),('NGAS-678-2','NGAS','678-2','AGRI PRODUCTS','NGAS-OGIN','item',125,126,4),('NGAS-678-3','NGAS','678-3','ACCREDITATION FEE','NGAS-OGIN','item',127,128,4),('NGAS-678-4','NGAS','678-4','PAYMENT OF FUEL','NGAS-OGIN','item',129,130,4),('NGAS-678-5','NGAS','678-5','COMMEMORATIVE BOOK','NGAS-OGIN','item',131,132,4),('NGAS-679','NGAS','679','OTHER FINES AND PENALTIES','NGAS-OGIN','item',133,134,4),('NGAS-679-1','NGAS','679-1','PNP - PENALTY (TRAFFIC)','NGAS-OGIN','item',135,136,4),('NGAS-679-1A','NGAS','679-1A','PNP - PENALTY DRUNKENESS','NGAS-OGIN','item',137,138,4),('NGAS-679-1B','NGAS','679-1B','PNP - PENALTY (CURFEW)','NGAS-OGIN','item',139,140,4),('NGAS-679-1C','NGAS','679-1C','PENALTY ILLEGAL FISHING','NGAS-OGIN','item',141,142,4),('NGAS-A*','NGAS','A*','CASH','NGAS-01','group',1,12,2),('NGAS-BUIN','NGAS','BUIN','BUSINESS INCOME','NGAS-GENIN','group',74,109,3),('NGAS-CAH','NGAS','CAH','CASH ON HAND','NGAS-A*','group',2,11,3),('NGAS-CASSETS','NGAS','CASSETS','CURRENT ASSETS','NGAS-01','group',13,30,2),('NGAS-GENIN','NGAS','GENIN','GENERAL INCOME','NGAS-04','group',73,234,2),('NGAS-INARE','NGAS','INARE','INTRA-AGENCY RECEIVABLES','NGAS-CASSETS','group',14,25,3),('NGAS-INTERAP','NGAS','INTERAP','INTER-AGENCY PAYABLES','NGAS-LA','group',40,69,3),('NGAS-INTRAP','NGAS','INTRAP','INTRA-AGENCY PAYABLES','NGAS-02','group',33,38,2),('NGAS-LA','NGAS','LA','CURRENT LIABILITIES','NGAS-02','group',39,70,2),('NGAS-LTAX','NGAS','LTAX','LOCAL TAXES','NGAS-TAXREV','group',236,261,3),('NGAS-NATTAX','NGAS','NATTAX','NATIONAL TAXES','NGAS-TAXREV','group',262,265,3),('NGAS-OCLIA','NGAS','OCLIA','OTHER CURRENT LIABILITY ACCOUNTS','NGAS-INTRAP','group',34,37,3),('NGAS-OGIN','NGAS','OGIN','OTHER GENERAL INCOME','NGAS-GENIN','group',110,143,3),('NGAS-ORE','NGAS','ORE','OTHER RECEIVABLES','NGAS-CASSETS','group',26,29,3),('NGAS-PERALI','NGAS','PERALI','PERMIT AND LICENSES','NGAS-GENIN','group',144,203,3),('NGAS-SERINC','NGAS','SERINC','SERVICE INCOME','NGAS-GENIN','group',204,233,3),('NGAS-TAXREV','NGAS','TAXREV','TAX REVENUE','NGAS-04','group',235,266,2),('PPSAS-1','PPSAS','1','Assets',NULL,'root',0,673,1),('PPSAS-101','PPSAS','101','Cash','PPSAS-1','group',1,20,2),('PPSAS-10101','PPSAS','10101','Cash on Hand','PPSAS-101','group',2,7,3),('PPSAS-10101010','PPSAS','10101010','Cash Local Treasury','PPSAS-10101','item',3,4,4),('PPSAS-10101020','PPSAS','10101020','Petty Cash','PPSAS-10101','item',5,6,4),('PPSAS-10102','PPSAS','10102','Cash in Bank - Local Currency','PPSAS-101','group',8,13,3),('PPSAS-10102010','PPSAS','10102010','Cash in Bank - Local Currency, Current Account','PPSAS-10102','item',9,10,4),('PPSAS-10102020','PPSAS','10102020','Cash in Bank - Local Currency, Savings Account','PPSAS-10102','item',11,12,4),('PPSAS-10103','PPSAS','10103','Cash in Bank - Foreign Currency','PPSAS-101','group',14,19,3),('PPSAS-10103010','PPSAS','10103010','Cash in Bank - Foreign Currency, Current Account','PPSAS-10103','item',15,16,4),('PPSAS-10103020','PPSAS','10103020','Cash in Bank - Foreign Currency, Savings Account','PPSAS-10103','item',17,18,4),('PPSAS-102','PPSAS','102','Investments','PPSAS-1','group',21,76,2),('PPSAS-10201','PPSAS','10201','Investments in Time Deposits','PPSAS-102','group',22,29,3),('PPSAS-10201010','PPSAS','10201010','Cash in Bank -Local Currency, Time Deposits','PPSAS-10201','item',23,24,4),('PPSAS-10201020','PPSAS','10201020','Cash in Bank - Foreign Currency, Time Deposits','PPSAS-10201','item',25,26,4),('PPSAS-10201030','PPSAS','10201030','Treasury Bills','PPSAS-10201','item',27,28,4),('PPSAS-10202','PPSAS','10202','Financial  Assets at Fair Value Through Surplus or Deficit','PPSAS-102','group',30,35,3),('PPSAS-10202010','PPSAS','10202010','Financial Assets Held for Trading','PPSAS-10202','item',31,32,4),('PPSAS-10202020','PPSAS','10202020','Financial  Assets Designated at Fair Value Through Surplus or Deficit','PPSAS-10202','item',33,34,4),('PPSAS-10203','PPSAS','10203','Financial Assets - Held to Maturity','PPSAS-102','group',36,45,3),('PPSAS-10203010','PPSAS','10203010','Investments in Treasury Bills - Local','PPSAS-10203','item',37,38,4),('PPSAS-10203011','PPSAS','10203011','Allowance for Impairment - Investments in Treasury Bills - Local','PPSAS-10203','item',39,40,4),('PPSAS-10203020','PPSAS','10203020','Investments in  Bonds-Local','PPSAS-10203','item',41,42,4),('PPSAS-10203021','PPSAS','10203021','Allowance for Impairment - Investments in Bonds - Local','PPSAS-10203','item',43,44,4),('PPSAS-10204','PPSAS','10204','Financial Assets - Available for Sale','PPSAS-102','group',46,51,3),('PPSAS-10204010','PPSAS','10204010','Investments in Stocks','PPSAS-10204','item',47,48,4),('PPSAS-10204020','PPSAS','10204020','Investments in Bonds','PPSAS-10204','item',49,50,4),('PPSAS-10205','PPSAS','10205','Financial Assets - Others','PPSAS-102','group',52,65,3),('PPSAS-10205010','PPSAS','10205010','Deposits on Letters of Credit','PPSAS-10205','item',53,54,4),('PPSAS-10205011','PPSAS','10205011','Allowance for Impairment - Deposits in Letters of Credit','PPSAS-10205','item',55,56,4),('PPSAS-10205020','PPSAS','10205020','Guaranty Deposits','PPSAS-10205','item',57,58,4),('PPSAS-10205021','PPSAS','10205021','Allowance for Impairment - Guaranty Deposits','PPSAS-10205','item',59,60,4),('PPSAS-10205990','PPSAS','10205990','Other Investments','PPSAS-10205','item',61,62,4),('PPSAS-10205991','PPSAS','10205991','Allowance for Impairment - Other Investments','PPSAS-10205','item',63,64,4),('PPSAS-10206','PPSAS','10206','Investments in Joint Venture','PPSAS-102','group',66,71,3),('PPSAS-10206010','PPSAS','10206010','Investments in Joint Venture','PPSAS-10206','item',67,68,4),('PPSAS-10206011','PPSAS','10206011','Allowance for Impairment - Investments in Joint Venture','PPSAS-10206','item',69,70,4),('PPSAS-10207','PPSAS','10207','Sinking Fund','PPSAS-102','group',72,75,3),('PPSAS-10207010','PPSAS','10207010','Sinking Fund','PPSAS-10207','item',73,74,4),('PPSAS-103','PPSAS','103','Receivables','PPSAS-1','group',77,180,2),('PPSAS-10301','PPSAS','10301','Loans and Receivable Accounts','PPSAS-103','group',78,115,3),('PPSAS-10301010','PPSAS','10301010','Accounts Receivable','PPSAS-10301','item',79,80,4),('PPSAS-10301011','PPSAS','10301011','Allowance for Impairment - Accounts Receivable','PPSAS-10301','item',81,82,4),('PPSAS-10301020','PPSAS','10301020','Real Property Tax Receivable','PPSAS-10301','item',83,84,4),('PPSAS-10301021','PPSAS','10301021','Allowance for Impairment - RPT Receivable','PPSAS-10301','item',85,86,4),('PPSAS-10301030','PPSAS','10301030','Special Education Tax Receivable','PPSAS-10301','item',87,88,4),('PPSAS-10301031','PPSAS','10301031','Allowance for Impairment - SET Receivable','PPSAS-10301','item',89,90,4),('PPSAS-10301040','PPSAS','10301040','Notes Receivable','PPSAS-10301','item',91,92,4),('PPSAS-10301041','PPSAS','10301041','Allowance for Impairment - Notes Receivable','PPSAS-10301','item',93,94,4),('PPSAS-10301050','PPSAS','10301050','Loans Receivable - Government-Owned and/or Controlled Corporations','PPSAS-10301','item',95,96,4),('PPSAS-10301051','PPSAS','10301051','Allowance for Impairment - Loans Receivable - Government-Owned and/or Controlled Corporations','PPSAS-10301','item',97,98,4),('PPSAS-10301060','PPSAS','10301060','Loans Receivable - Local Government Units','PPSAS-10301','item',99,100,4),('PPSAS-10301061','PPSAS','10301061','Allowance for Impairment  - Loans Receivable - Local Government Units','PPSAS-10301','item',101,102,4),('PPSAS-10301070','PPSAS','10301070','Interests Receivable','PPSAS-10301','item',103,104,4),('PPSAS-10301071','PPSAS','10301071','Allowance for Impairment - Interests Receivable','PPSAS-10301','item',105,106,4),('PPSAS-10301080','PPSAS','10301080','Dividends Receivable','PPSAS-10301','item',107,108,4),('PPSAS-10301081','PPSAS','10301081','Allowance for Impairment - Dividends Receivable','PPSAS-10301','item',109,110,4),('PPSAS-10301990','PPSAS','10301990','Loans Receivable - Others','PPSAS-10301','item',111,112,4),('PPSAS-10301991','PPSAS','10301991','Allowance for Impairment - Loans Receivable - Others','PPSAS-10301','item',113,114,4),('PPSAS-10302','PPSAS','10302','Lease  Receivables','PPSAS-103','group',116,125,3),('PPSAS-10302010','PPSAS','10302010','Operating Lease  Receivable','PPSAS-10302','item',117,118,4),('PPSAS-10302011','PPSAS','10302011','Allowance for Impairment - Operating Lease Receivable','PPSAS-10302','item',119,120,4),('PPSAS-10302020','PPSAS','10302020','Finance Lease Receivable','PPSAS-10302','item',121,122,4),('PPSAS-10302021','PPSAS','10302021','Allowance for Impairment - Finance Lease Receivable','PPSAS-10302','item',123,124,4),('PPSAS-10303','PPSAS','10303','Inter-Agency Receivables','PPSAS-103','group',126,143,3),('PPSAS-10303010','PPSAS','10303010','Due from National Government Agencies','PPSAS-10303','item',127,128,4),('PPSAS-10303011','PPSAS','10303011','Allowance for Impairment - Due from National Government Agencies','PPSAS-10303','item',129,130,4),('PPSAS-10303020','PPSAS','10303020','Due from Government-Owned and/or Controlled Corporations','PPSAS-10303','item',131,132,4),('PPSAS-10303021','PPSAS','10303021','Allowance for Impairment - Due from GOCCs','PPSAS-10303','item',133,134,4),('PPSAS-10303030','PPSAS','10303030','Due from Local Government Units','PPSAS-10303','item',135,136,4),('PPSAS-10303031','PPSAS','10303031','Allowance for Impairment - Due from LGUs','PPSAS-10303','item',137,138,4),('PPSAS-10303040','PPSAS','10303040','Due from Joint Venture','PPSAS-10303','item',139,140,4),('PPSAS-10303041','PPSAS','10303041','Allowance for Impairment - Due from Joint Venture','PPSAS-10303','item',141,142,4),('PPSAS-10304','PPSAS','10304','Intra-Agency Receivables','PPSAS-103','group',144,151,3),('PPSAS-10304050','PPSAS','10304050','Due from Other Funds','PPSAS-10304','item',145,146,4),('PPSAS-10304060','PPSAS','10304060','Due from Special Accounts','PPSAS-10304','item',147,148,4),('PPSAS-10304070','PPSAS','10304070','Due from Local Economic Enterprise','PPSAS-10304','item',149,150,4),('PPSAS-10305','PPSAS','10305','Advances','PPSAS-103','group',152,161,3),('PPSAS-10305010','PPSAS','10305010','Advances for Operating Expenses','PPSAS-10305','item',153,154,4),('PPSAS-10305020','PPSAS','10305020','Advances for Payroll','PPSAS-10305','item',155,156,4),('PPSAS-10305030','PPSAS','10305030','Advances to Special Disbursing Officer','PPSAS-10305','item',157,158,4),('PPSAS-10305040','PPSAS','10305040','Advances for Officers and Employees','PPSAS-10305','item',159,160,4),('PPSAS-10306','PPSAS','10306','Other Receivables','PPSAS-103','group',162,179,3),('PPSAS-10306010','PPSAS','10306010','Receivables - Disallowances/Charges','PPSAS-10306','item',163,164,4),('PPSAS-10306011','PPSAS','10306011','Allowance for Impairment - Receivables- Disallowances/Charges','PPSAS-10306','item',165,166,4),('PPSAS-10306020','PPSAS','10306020','Due from Officers and Employees','PPSAS-10306','item',167,168,4),('PPSAS-10306021','PPSAS','10306021','Allowance for Impairment - Due from Officers and Employees','PPSAS-10306','item',169,170,4),('PPSAS-10306030','PPSAS','10306030','Due from Non-Government Organizations/People\'s Organizations','PPSAS-10306','item',171,172,4),('PPSAS-10306031','PPSAS','10306031','Allowance for Impairment - Due from Non-Government Organizations/People\'s Organizations','PPSAS-10306','item',173,174,4),('PPSAS-10306990','PPSAS','10306990','Other Receivables','PPSAS-10306','item',175,176,4),('PPSAS-10306991','PPSAS','10306991','Allowance for Impairment - Other Receivables','PPSAS-10306','item',177,178,4),('PPSAS-104','PPSAS','104','Inventories','PPSAS-1','group',181,246,2),('PPSAS-10401','PPSAS','10401','Inventory Held for Sale','PPSAS-104','group',182,185,3),('PPSAS-10401010','PPSAS','10401010','Merchandise Inventory','PPSAS-10401','item',183,184,4),('PPSAS-10402','PPSAS','10402','Inventory Held for Distribution','PPSAS-104','group',186,207,3),('PPSAS-10402010','PPSAS','10402010','Food Supplies for Distribution','PPSAS-10402','item',187,188,4),('PPSAS-10402020','PPSAS','10402020','Welfare Goods for Distribution','PPSAS-10402','item',189,190,4),('PPSAS-10402030','PPSAS','10402030','Drugs and Medicines for Distribution','PPSAS-10402','item',191,192,4),('PPSAS-10402040','PPSAS','10402040','Medical, Dental and Laboratory Supplies for Distribution','PPSAS-10402','item',193,194,4),('PPSAS-10402050','PPSAS','10402050','Agricultural and Marine Supplies for Distribution','PPSAS-10402','item',195,196,4),('PPSAS-10402060','PPSAS','10402060','Agricultural Produce for Distribution','PPSAS-10402','item',197,198,4),('PPSAS-10402070','PPSAS','10402070','Textbooks and Instructional Materials for Distribution','PPSAS-10402','item',199,200,4),('PPSAS-10402080','PPSAS','10402080','Construction Materials for Distribution','PPSAS-10402','item',201,202,4),('PPSAS-10402090','PPSAS','10402090','Property and Equipment for Distribution','PPSAS-10402','item',203,204,4),('PPSAS-10402990','PPSAS','10402990','Other Supplies and Materials for Distribution','PPSAS-10402','item',205,206,4),('PPSAS-10403','PPSAS','10403','Inventory Held for Manufacturing','PPSAS-104','group',208,215,3),('PPSAS-10403010','PPSAS','10403010','Raw Materials Inventory','PPSAS-10403','item',209,210,4),('PPSAS-10403020','PPSAS','10403020','Work-in-Process Inventory','PPSAS-10403','item',211,212,4),('PPSAS-10403030','PPSAS','10403030','Finished Goods Inventory','PPSAS-10403','item',213,214,4),('PPSAS-10404','PPSAS','10404','Inventory Held for Consumption','PPSAS-104','group',216,245,3),('PPSAS-10404010','PPSAS','10404010','Office Supplies Inventory','PPSAS-10404','item',217,218,4),('PPSAS-104040100','PPSAS','104040100','Textbooks and Instructional Materials Inventory','PPSAS-10404','item',219,220,4),('PPSAS-104040105','PPSAS','104040105','Prepayments and Deferred Charges','PPSAS-1','item',247,248,2),('PPSAS-104040110','PPSAS','104040110','Military, Police and Traffic Supplies Inventory','PPSAS-10404','item',221,222,4),('PPSAS-104040120','PPSAS','104040120','Chemical and Filtering Supplies Inventory','PPSAS-10404','item',223,224,4),('PPSAS-104040130','PPSAS','104040130','Construction Materials Inventory','PPSAS-10404','item',225,226,4),('PPSAS-10404020','PPSAS','10404020','Accountable Forms, Plates and Stickers','PPSAS-10404','item',227,228,4),('PPSAS-10404030','PPSAS','10404030','Non-Accountable Forms Inventory','PPSAS-10404','item',229,230,4),('PPSAS-10404040','PPSAS','10404040','Animal/Zoological Supplies Inventory','PPSAS-10404','item',231,232,4),('PPSAS-10404050','PPSAS','10404050','Food Supplies Inventory','PPSAS-10404','item',233,234,4),('PPSAS-10404060','PPSAS','10404060','Drugs and Medicines Inventory','PPSAS-10404','item',235,236,4),('PPSAS-10404070','PPSAS','10404070','Medical, Dental and Laboratory Supplies Inventory','PPSAS-10404','item',237,238,4),('PPSAS-10404080','PPSAS','10404080','Fuel, Oil and Lubricants Inventory','PPSAS-10404','item',239,240,4),('PPSAS-10404090','PPSAS','10404090','Agricultural and Marine Supplies Inventory','PPSAS-10404','item',241,242,4),('PPSAS-104040990','PPSAS','104040990','Other Supplies and Materials Inventory','PPSAS-10404','item',243,244,4),('PPSAS-105','PPSAS','105','Prepayments and Deferred Charges','PPSAS-1','group',249,268,2),('PPSAS-10501','PPSAS','10501','Prepayments','PPSAS-105','group',250,263,3),('PPSAS-10501010','PPSAS','10501010','Advances to Contractors','PPSAS-10501','item',251,252,4),('PPSAS-10501020','PPSAS','10501020','Prepaid Rent','PPSAS-10501','item',253,254,4),('PPSAS-10501030','PPSAS','10501030','Prepaid Registration','PPSAS-10501','item',255,256,4),('PPSAS-10501040','PPSAS','10501040','Prepaid Interest','PPSAS-10501','item',257,258,4),('PPSAS-10501050','PPSAS','10501050','Prepaid Insurance','PPSAS-10501','item',259,260,4),('PPSAS-10501990','PPSAS','10501990','Other Prepayments','PPSAS-10501','item',261,262,4),('PPSAS-10502','PPSAS','10502','Deferred Charges','PPSAS-105','group',264,267,3),('PPSAS-10502010','PPSAS','10502010','Discount on Advance Payments','PPSAS-10502','item',265,266,4),('PPSAS-106','PPSAS','106','Investment Property','PPSAS-1','group',269,284,2),('PPSAS-10601','PPSAS','10601','Land and Buildings','PPSAS-106','group',270,283,3),('PPSAS-10601010','PPSAS','10601010','Investment Property,  Land','PPSAS-10601','item',271,272,4),('PPSAS-10601011','PPSAS','10601011','Accumulated Impairment Losses - Investment Property,  Land','PPSAS-10601','item',273,274,4),('PPSAS-10601020','PPSAS','10601020','Investment Property, Buildings','PPSAS-10601','item',275,276,4),('PPSAS-10601021','PPSAS','10601021','Accumulated Depreciation - Investment Property, Buildings','PPSAS-10601','item',277,278,4),('PPSAS-10601022','PPSAS','10601022','Accumulated Impairment Losses - Investment Property,  Buildings','PPSAS-10601','item',279,280,4),('PPSAS-10601030','PPSAS','10601030','Construction in Progress - Investment Property, Buildings','PPSAS-10601','item',281,282,4),('PPSAS-107','PPSAS','107','Property, Plant and Equipment','PPSAS-1','group',285,634,2),('PPSAS-10701','PPSAS','10701','Land','PPSAS-107','group',286,291,3),('PPSAS-1070110','PPSAS','1070110','Land','PPSAS-10701','item',287,288,4),('PPSAS-1070111','PPSAS','1070111','Accumulated Impairment Losses - Land','PPSAS-10701','item',289,290,4),('PPSAS-10702','PPSAS','10702','Land Improvements','PPSAS-107','group',292,305,3),('PPSAS-10702010','PPSAS','10702010','Land Improvements,  Aquaculture Structures','PPSAS-10702','item',293,294,4),('PPSAS-10702011','PPSAS','10702011','Accumulated Depreciation - Land Improvements, Aquaculture Structures','PPSAS-10702','item',295,296,4),('PPSAS-10702012','PPSAS','10702012','Accumulated Impairment Losses - Land Improvements, Aquaculture Structures','PPSAS-10702','item',297,298,4),('PPSAS-10702990','PPSAS','10702990','Other Land Improvements','PPSAS-10702','item',299,300,4),('PPSAS-10702991','PPSAS','10702991','Accumulated Depreciation - Other Land Improvements','PPSAS-10702','item',301,302,4),('PPSAS-10702992','PPSAS','10702992','Accumulated Impairment Losses - Other Land Improvements','PPSAS-10702','item',303,304,4),('PPSAS-10703','PPSAS','10703','Infrastructure Assets','PPSAS-107','group',306,367,3),('PPSAS-10703010','PPSAS','10703010','Road Networks','PPSAS-10703','item',307,308,4),('PPSAS-10703011','PPSAS','10703011','Accumulated Depreciation - Road Networks','PPSAS-10703','item',309,310,4),('PPSAS-10703012','PPSAS','10703012','Accumulated Impairment Losses - Road Networks','PPSAS-10703','item',311,312,4),('PPSAS-10703020','PPSAS','10703020','Flood Control Systems','PPSAS-10703','item',313,314,4),('PPSAS-10703021','PPSAS','10703021','Accumulated Depreciation - Flood Control Systems','PPSAS-10703','item',315,316,4),('PPSAS-10703022','PPSAS','10703022','Accumulated Impairment Losses - Flood Control Systems','PPSAS-10703','item',317,318,4),('PPSAS-10703030','PPSAS','10703030','Sewer Systems','PPSAS-10703','item',319,320,4),('PPSAS-10703031','PPSAS','10703031','Accumulated Depreciation - Sewer Systems','PPSAS-10703','item',321,322,4),('PPSAS-10703032','PPSAS','10703032','Accumulated Impairment Losses - Sewer Systems','PPSAS-10703','item',323,324,4),('PPSAS-10703040','PPSAS','10703040','Water Supply Systems','PPSAS-10703','item',325,326,4),('PPSAS-10703041','PPSAS','10703041','Accumulated Depreciation - Water Supply Systems','PPSAS-10703','item',327,328,4),('PPSAS-10703042','PPSAS','10703042','Accumulated Impairment Losses - Water Supply Systems','PPSAS-10703','item',329,330,4),('PPSAS-10703050','PPSAS','10703050','Power Supply Systems','PPSAS-10703','item',331,332,4),('PPSAS-10703051','PPSAS','10703051','Accumulated Depreciation - Power Supply Systems','PPSAS-10703','item',333,334,4),('PPSAS-10703052','PPSAS','10703052','Accumulated Impairment Losses - Power Supply Systems','PPSAS-10703','item',335,336,4),('PPSAS-10703060','PPSAS','10703060','Communication Networks','PPSAS-10703','item',337,338,4),('PPSAS-10703061','PPSAS','10703061','Accumulated Depreciation - Communication Networks','PPSAS-10703','item',339,340,4),('PPSAS-10703062','PPSAS','10703062','Accumulated Impairment Losses - Communication Networks','PPSAS-10703','item',341,342,4),('PPSAS-10703070','PPSAS','10703070','Seaport Systems','PPSAS-10703','item',343,344,4),('PPSAS-10703071','PPSAS','10703071','Accumulated Depreciation - Seaport Systems','PPSAS-10703','item',345,346,4),('PPSAS-10703072','PPSAS','10703072','Accumulated Impairment Losses - Seaport Systems','PPSAS-10703','item',347,348,4),('PPSAS-10703080','PPSAS','10703080','Airport Systems','PPSAS-10703','item',349,350,4),('PPSAS-10703081','PPSAS','10703081','Accumulated Depreciation - Airport Systems','PPSAS-10703','item',351,352,4),('PPSAS-10703082','PPSAS','10703082','Accumulated Impairment Losses - Airport Systems','PPSAS-10703','item',353,354,4),('PPSAS-10703090','PPSAS','10703090','Parks, Plazas and Monuments','PPSAS-10703','item',355,356,4),('PPSAS-10703091','PPSAS','10703091','Accumulated Depreciation - Parks, Plazas and Monuments','PPSAS-10703','item',357,358,4),('PPSAS-10703092','PPSAS','10703092','Accumulated Impairment Losses - Parks, Plazas and Monuments','PPSAS-10703','item',359,360,4),('PPSAS-10703990','PPSAS','10703990','Other Infrastructure Assets','PPSAS-10703','item',361,362,4),('PPSAS-10703991','PPSAS','10703991','Accumulated Depreciation - Other Infrastructure Assets','PPSAS-10703','item',363,364,4),('PPSAS-10703992','PPSAS','10703992','Accumulated Impairment Losses - Other Infrastructure Assets','PPSAS-10703','item',365,366,4),('PPSAS-10704','PPSAS','10704','Buildings and Other Structures','PPSAS-107','group',368,411,3),('PPSAS-10704010','PPSAS','10704010','Buildings','PPSAS-10704','item',369,370,4),('PPSAS-10704011','PPSAS','10704011','Accumulated Depreciation - Buildings','PPSAS-10704','item',371,372,4),('PPSAS-10704012','PPSAS','10704012','Accumulated Impairment Losses - Buildings','PPSAS-10704','item',373,374,4),('PPSAS-10704020','PPSAS','10704020','School Buildings','PPSAS-10704','item',375,376,4),('PPSAS-10704021','PPSAS','10704021','Accumulated Depreciation - School Buildings','PPSAS-10704','item',377,378,4),('PPSAS-10704022','PPSAS','10704022','Accumulated Impairment Losses - School Buildings','PPSAS-10704','item',379,380,4),('PPSAS-10704030','PPSAS','10704030','Hospitals and Health Centers','PPSAS-10704','item',381,382,4),('PPSAS-10704031','PPSAS','10704031','Accumulated Depreciation - Hospitals and Health Centers','PPSAS-10704','item',383,384,4),('PPSAS-10704032','PPSAS','10704032','Accumulated Impairment Losses - Hospitals and Health Centers','PPSAS-10704','item',385,386,4),('PPSAS-10704040','PPSAS','10704040','Markets','PPSAS-10704','item',387,388,4),('PPSAS-10704041','PPSAS','10704041','Accumulated Depreciation - Markets','PPSAS-10704','item',389,390,4),('PPSAS-10704042','PPSAS','10704042','Accumulated Impairment Losses - Markets','PPSAS-10704','item',391,392,4),('PPSAS-10704050','PPSAS','10704050','Slaughterhouses','PPSAS-10704','item',393,394,4),('PPSAS-10704051','PPSAS','10704051','Accumulated Depreciation - Slaughterhouses','PPSAS-10704','item',395,396,4),('PPSAS-10704052','PPSAS','10704052','Accumulated Impairment Losses- Slaughterhouses','PPSAS-10704','item',397,398,4),('PPSAS-10704060','PPSAS','10704060','Hostels and Dormitories','PPSAS-10704','item',399,400,4),('PPSAS-10704061','PPSAS','10704061','Accumulated Depreciation - Hostels and Dormitories','PPSAS-10704','item',401,402,4),('PPSAS-10704062','PPSAS','10704062','Accumulated Impairment Losses - Hostels and Dormitories','PPSAS-10704','item',403,404,4),('PPSAS-10704990','PPSAS','10704990','Other Structures','PPSAS-10704','item',405,406,4),('PPSAS-10704991','PPSAS','10704991','Accumulated Depreciation - Other Structures','PPSAS-10704','item',407,408,4),('PPSAS-10704992','PPSAS','10704992','Accumulated Impairment Losses - Other Structures','PPSAS-10704','item',409,410,4),('PPSAS-10705','PPSAS','10705','Machinery  and Equipment','PPSAS-107','group',412,503,3),('PPSAS-10705010','PPSAS','10705010','Machinery','PPSAS-10705','item',413,414,4),('PPSAS-10705011','PPSAS','10705011','Accumulated Depreciation - Machinery','PPSAS-10705','item',415,416,4),('PPSAS-10705012','PPSAS','10705012','Accumulated Impairment Losses - Machinery','PPSAS-10705','item',417,418,4),('PPSAS-10705020','PPSAS','10705020','Office Equipment','PPSAS-10705','item',419,420,4),('PPSAS-10705021','PPSAS','10705021','Accumulated Depreciation - Office Equipment','PPSAS-10705','item',421,422,4),('PPSAS-10705022','PPSAS','10705022','Accumulated Impairment Losses - Office Equipment','PPSAS-10705','item',423,424,4),('PPSAS-10705030','PPSAS','10705030','Information and Communication Technology  Equipment','PPSAS-10705','item',425,426,4),('PPSAS-10705031','PPSAS','10705031','Accumulated Depreciation - Information and Communication Technology  Equipment','PPSAS-10705','item',427,428,4),('PPSAS-10705032','PPSAS','10705032','Accumulated Impairment Losses - Information and Communication Technology  Equipment','PPSAS-10705','item',429,430,4),('PPSAS-10705040','PPSAS','10705040','Agricultural and  Forestry Equipment','PPSAS-10705','item',431,432,4),('PPSAS-10705041','PPSAS','10705041','Accumulated Depreciation - Agricultural  and Forestry Equipment','PPSAS-10705','item',433,434,4),('PPSAS-10705042','PPSAS','10705042','Accumulated Impairment Losses - Agricultural  and Forestry Equipment','PPSAS-10705','item',435,436,4),('PPSAS-10705050','PPSAS','10705050','Marine and Fishery Equipment','PPSAS-10705','item',437,438,4),('PPSAS-10705051','PPSAS','10705051','Accumulated Depreciation - Marine and Fishery Equipment','PPSAS-10705','item',439,440,4),('PPSAS-10705052','PPSAS','10705052','Accumulated Impairment Losses - Marine and Fishery Equipment','PPSAS-10705','item',441,442,4),('PPSAS-10705060','PPSAS','10705060','Airport Equipment','PPSAS-10705','item',443,444,4),('PPSAS-10705061','PPSAS','10705061','Accumulated Depreciation - Airport Equipment','PPSAS-10705','item',445,446,4),('PPSAS-10705062','PPSAS','10705062','Accumulated Impairment Losses - Airport Equipment','PPSAS-10705','item',447,448,4),('PPSAS-10705070','PPSAS','10705070','Communication Equipment','PPSAS-10705','item',449,450,4),('PPSAS-10705071','PPSAS','10705071','Accumulated Depreciation - Communication Equipment','PPSAS-10705','item',451,452,4),('PPSAS-10705072','PPSAS','10705072','Accumulated Impairment Losses - Communication Equipment','PPSAS-10705','item',453,454,4),('PPSAS-10705080','PPSAS','10705080','Construction and Heavy Equipment','PPSAS-10705','item',455,456,4),('PPSAS-10705081','PPSAS','10705081','Accumulated Depreciation - Construction and Heavy Equipment','PPSAS-10705','item',457,458,4),('PPSAS-10705082','PPSAS','10705082','Accumulated Impairment Losses - Construction and Heavy Equipment','PPSAS-10705','item',459,460,4),('PPSAS-10705090','PPSAS','10705090','Disaster Response and Rescue Equipment','PPSAS-10705','item',461,462,4),('PPSAS-10705091','PPSAS','10705091','Accumulated Depreciation - Disaster Response and Rescue Equipment','PPSAS-10705','item',463,464,4),('PPSAS-10705092','PPSAS','10705092','Accumulated Impairment Losses - Disaster Response and Rescue Equipment','PPSAS-10705','item',465,466,4),('PPSAS-10705100','PPSAS','10705100','Military, Police and Security Equipment','PPSAS-10705','item',467,468,4),('PPSAS-10705101','PPSAS','10705101','Accumulated Depreciation - Military, Police and Security Equipment','PPSAS-10705','item',469,470,4),('PPSAS-10705102','PPSAS','10705102','Accumulated Impairment Losses - Military, Police and Security Equipment','PPSAS-10705','item',471,472,4),('PPSAS-10705110','PPSAS','10705110','Medical Equipment','PPSAS-10705','item',473,474,4),('PPSAS-10705111','PPSAS','10705111','Accumulated Depreciation - Medical Equipment','PPSAS-10705','item',475,476,4),('PPSAS-10705112','PPSAS','10705112','Accumulated Impairment Losses - Medical Equipment','PPSAS-10705','item',477,478,4),('PPSAS-10705120','PPSAS','10705120','Printing Equipment','PPSAS-10705','item',479,480,4),('PPSAS-10705121','PPSAS','10705121','Accumulated Depreciation - Printing Equipment','PPSAS-10705','item',481,482,4),('PPSAS-10705122','PPSAS','10705122','Accumulated Impairment Losses - Printing Equipment','PPSAS-10705','item',483,484,4),('PPSAS-10705130','PPSAS','10705130','Sports Equipment','PPSAS-10705','item',485,486,4),('PPSAS-10705131','PPSAS','10705131','Accumulated Depreciation - Sports Equipment','PPSAS-10705','item',487,488,4),('PPSAS-10705132','PPSAS','10705132','Accumulated Impairment Losses - Sports Equipment','PPSAS-10705','item',489,490,4),('PPSAS-10705140','PPSAS','10705140','Technical and Scientific  Equipment','PPSAS-10705','item',491,492,4),('PPSAS-10705141','PPSAS','10705141','Accumulated Depreciation - Technical and Scientific  Equipment','PPSAS-10705','item',493,494,4),('PPSAS-10705142','PPSAS','10705142','Accumulated Impairment Losses - Technical and Scientific  Equipment','PPSAS-10705','item',495,496,4),('PPSAS-10705990','PPSAS','10705990','Other Machinery and Equipment','PPSAS-10705','item',497,498,4),('PPSAS-10705991','PPSAS','10705991','Accumulated Depreciation - Other Machinery and Equipment','PPSAS-10705','item',499,500,4),('PPSAS-10705992','PPSAS','10705992','Accumulated Impairment Losses - Other Machinery and Equipment','PPSAS-10705','item',501,502,4),('PPSAS-10706','PPSAS','10706','Transportation Equipment','PPSAS-107','group',504,535,3),('PPSAS-10706010','PPSAS','10706010','Motor Vehicles','PPSAS-10706','item',505,506,4),('PPSAS-10706011','PPSAS','10706011','Accumulated Depreciation - Motor Vehicles','PPSAS-10706','item',507,508,4),('PPSAS-10706012','PPSAS','10706012','Accumulated Impairment Losses - Motor Vehicles','PPSAS-10706','item',509,510,4),('PPSAS-10706020','PPSAS','10706020','Trains','PPSAS-10706','item',511,512,4),('PPSAS-10706021','PPSAS','10706021','Accumulated Depreciation - Trains','PPSAS-10706','item',513,514,4),('PPSAS-10706022','PPSAS','10706022','Accumulated Impairment Losses - Trains','PPSAS-10706','item',515,516,4),('PPSAS-10706030','PPSAS','10706030','Aircrafts and Aircrafts Ground Equipment','PPSAS-10706','item',517,518,4),('PPSAS-10706031','PPSAS','10706031','Accumulated Depreciation - Aircrafts and Aircrafts Ground Equipment','PPSAS-10706','item',519,520,4),('PPSAS-10706032','PPSAS','10706032','Accumulated Impairment Losses - Aircrafts and Aircrafts Ground Equipment','PPSAS-10706','item',521,522,4),('PPSAS-10706040','PPSAS','10706040','Watercrafts','PPSAS-10706','item',523,524,4),('PPSAS-10706042','PPSAS','10706042','Accumulated Impairment Losses - Watercrafts','PPSAS-10706','item',525,526,4),('PPSAS-10706990','PPSAS','10706990','Other Transportation Equipment','PPSAS-10706','item',527,528,4),('PPSAS-10706991','PPSAS','10706991','Accumulated Depreciation - Other Transportation Equipment','PPSAS-10706','item',529,530,4),('PPSAS-10706992','PPSAS','10706992','Accumulated Impairment Losses - Other Transportation Equipment','PPSAS-10706','item',531,532,4),('PPSAS-10707','PPSAS','10707','Furniture, Fixtures and Books','PPSAS-107','group',536,549,3),('PPSAS-10707010','PPSAS','10707010','Furniture and Fixtures','PPSAS-10707','item',537,538,4),('PPSAS-10707011','PPSAS','10707011','Accumulated Depreciation - Furniture and Fixtures','PPSAS-10707','item',539,540,4),('PPSAS-10707012','PPSAS','10707012','Accumulated Impairment Losses - Furniture and Fixtures','PPSAS-10707','item',541,542,4),('PPSAS-10707020','PPSAS','10707020','Books','PPSAS-10707','item',543,544,4),('PPSAS-10707021','PPSAS','10707021','Accumulated Depreciation - Books','PPSAS-10707','item',545,546,4),('PPSAS-10707022','PPSAS','10707022','Accumulated Impairment Losses - Books','PPSAS-10707','item',547,548,4),('PPSAS-10708','PPSAS','10708','Leased Assets','PPSAS-107','group',550,579,3),('PPSAS-10708010','PPSAS','10708010','Leased Assets, Land','PPSAS-10708','item',551,552,4),('PPSAS-10708011','PPSAS','10708011','Accumulated Impairment Losses-Leased Assets, Land','PPSAS-10708','item',553,554,4),('PPSAS-10708020','PPSAS','10708020','Leased Assets,  Buildings and Other Structures','PPSAS-10708','item',555,556,4),('PPSAS-10708021','PPSAS','10708021','Accumulated Depreciation - Leased Assets,  Buildings and Other Structures','PPSAS-10708','item',557,558,4),('PPSAS-10708022','PPSAS','10708022','Accumulated Impairment Losses - Leased Assets, Buildings and Other Structures','PPSAS-10708','item',559,560,4),('PPSAS-10708030','PPSAS','10708030','Leased Assets,  Machinery and Equipment','PPSAS-10708','item',561,562,4),('PPSAS-10708031','PPSAS','10708031','Accumulated Depreciation - Leased Assets, Machinery and Equipment','PPSAS-10708','item',563,564,4),('PPSAS-10708032','PPSAS','10708032','Accumulated Impairment Losses - Leased Assets,  Machinery and Equipment','PPSAS-10708','item',565,566,4),('PPSAS-10708040','PPSAS','10708040','Leased Assets, Transportation Equipment','PPSAS-10708','item',567,568,4),('PPSAS-10708041','PPSAS','10708041','Accumulated Depreciation - Leased Assets, Transportation Equipment','PPSAS-10708','item',569,570,4),('PPSAS-10708042','PPSAS','10708042','Accumulated Impairment Losses - Leased Assets,  Transportation Equipment','PPSAS-10708','item',571,572,4),('PPSAS-10708990','PPSAS','10708990','Other Leased Assets','PPSAS-10708','item',573,574,4),('PPSAS-10708991','PPSAS','10708991','Accumulated Depreciation - Other Leased Assets','PPSAS-10708','item',575,576,4),('PPSAS-10708992','PPSAS','10708992','Accumulated Impairment Losses - Other Leased Assets','PPSAS-10708','item',577,578,4),('PPSAS-10709','PPSAS','10709','Leased Assets Improvements','PPSAS-107','group',580,599,3),('PPSAS-10709010','PPSAS','10709010','Leased Assets Improvements, Land','PPSAS-10709','item',581,582,4),('PPSAS-10709011','PPSAS','10709011','Accumulated Depreciation - Leased Assets Improvements, Land','PPSAS-10709','item',583,584,4),('PPSAS-10709012','PPSAS','10709012','Accumulated Impairment Losses - Leased Assets Improvements, Land','PPSAS-10709','item',585,586,4),('PPSAS-10709020','PPSAS','10709020','Leased Assets Improvements, Buildings','PPSAS-10709','item',587,588,4),('PPSAS-10709021','PPSAS','10709021','Accumulated Depreciation - Leased Assets Improvements, Buildings','PPSAS-10709','item',589,590,4),('PPSAS-10709022','PPSAS','10709022','Accumulated Impairment Losses - Leased Assets Improvements, Buildings','PPSAS-10709','item',591,592,4),('PPSAS-10709990','PPSAS','10709990','Other Leased Assets Improvements','PPSAS-10709','item',593,594,4),('PPSAS-10709991','PPSAS','10709991','Accumulated Depreciation - Other Leased Assets Improvements','PPSAS-10709','item',595,596,4),('PPSAS-10709992','PPSAS','10709992','Accumulated Impairment Losses - Other Leased Assets Improvements','PPSAS-10709','item',597,598,4),('PPSAS-10710','PPSAS','10710','Construction in Progress','PPSAS-107','group',600,611,3),('PPSAS-10710010','PPSAS','10710010','Construction in Progress - Land Improvements','PPSAS-10710','item',601,602,4),('PPSAS-10710020','PPSAS','10710020','Construction in Progress - Infrastructure Assets','PPSAS-10710','item',603,604,4),('PPSAS-10710030','PPSAS','10710030','Construction in Progress - Buildings and Other Structures','PPSAS-10710','item',605,606,4),('PPSAS-10710040','PPSAS','10710040','Construction in Progress - Leased Assets','PPSAS-10710','item',607,608,4),('PPSAS-10710050','PPSAS','10710050','Construction in Progress - Leased Assets Improvements','PPSAS-10710','item',609,610,4),('PPSAS-10711','PPSAS','10711','Service Concession Assets','PPSAS-107','group',612,619,3),('PPSAS-10711010','PPSAS','10711010','Service Concession Assets','PPSAS-10711','item',613,614,4),('PPSAS-10711011','PPSAS','10711011','Accumulated Depreciation - Service Concession Assets','PPSAS-10711','item',615,616,4),('PPSAS-10711012','PPSAS','10711012','Accumulated Impairment Losses - Service Concession Assets','PPSAS-10711','item',617,618,4),('PPSAS-10799','PPSAS','10799','Other Property, Plant and Equipment','PPSAS-107','group',620,633,3),('PPSAS-10799010','PPSAS','10799010','Work/Zoo Animals','PPSAS-10799','item',621,622,4),('PPSAS-10799011','PPSAS','10799011','Accumulated Depreciation - Work/Zoo Animals','PPSAS-10799','item',623,624,4),('PPSAS-10799012','PPSAS','10799012','Accumulated Impairment Losses - Work/Zoo Animals','PPSAS-10799','item',625,626,4),('PPSAS-10799990','PPSAS','10799990','Other Property, Plant and Equipment','PPSAS-10799','item',627,628,4),('PPSAS-10799991','PPSAS','10799991','Accumulated Depreciation - Other Property, Plant and Equipment','PPSAS-10799','item',629,630,4),('PPSAS-10799992','PPSAS','10799992','Accumulated Impairment Losses - Other Property, Plant and Equipment','PPSAS-10799','item',631,632,4),('PPSAS-108','PPSAS','108','Biological Assets','PPSAS-1','group',635,646,2),('PPSAS-10801','PPSAS','10801','Bearer Biological Assets','PPSAS-108','group',636,645,3),('PPSAS-10801010','PPSAS','10801010','Breeding Stocks','PPSAS-10801','item',637,638,4),('PPSAS-10801020','PPSAS','10801020','Plants and Trees','PPSAS-10801','item',639,640,4),('PPSAS-10801030','PPSAS','10801030','Aquaculture','PPSAS-10801','item',641,642,4),('PPSAS-10801990','PPSAS','10801990','Other Bearer Biological Assets','PPSAS-10801','item',643,644,4),('PPSAS-109','PPSAS','109','Intangible Assets','PPSAS-1','group',647,672,2),('PPSAS-10901','PPSAS','10901','Intangible Assets','PPSAS-109','group',648,667,3),('PPSAS-10901010','PPSAS','10901010','Patents/Copyrights','PPSAS-10901','item',649,650,4),('PPSAS-10901011','PPSAS','10901011','Accumulated Amortization - Patents/Copyrights','PPSAS-10901','item',651,652,4),('PPSAS-10901012','PPSAS','10901012','Accumulated Impairment - Patents/Copyrights','PPSAS-10901','item',653,654,4),('PPSAS-10901020','PPSAS','10901020','Computer Software','PPSAS-10901','item',655,656,4),('PPSAS-10901021','PPSAS','10901021','Accumulated Amortization - Computer Software','PPSAS-10901','item',657,658,4),('PPSAS-10901022','PPSAS','10901022','Accumulated Impairment - Computer Software','PPSAS-10901','item',659,660,4),('PPSAS-10901990','PPSAS','10901990','Other Intangible Assets','PPSAS-10901','item',661,662,4),('PPSAS-10901991','PPSAS','10901991','Accumulated Amortization - Other Intangible Assets','PPSAS-10901','item',663,664,4),('PPSAS-10901992','PPSAS','10901992','Accumulated Impairment - Other Intangible Assets','PPSAS-10901','item',665,666,4),('PPSAS-10902','PPSAS','10902','Service Concession Assets - Intangible Assets','PPSAS-109','group',668,671,3),('PPSAS-10902010','PPSAS','10902010','Service Concession Assets - Intangible Assets','PPSAS-10902','item',669,670,4),('PPSAS-2','PPSAS','2','Liabilities',NULL,'root',674,787,1),('PPSAS-201','PPSAS','201','Financial Liabilities','PPSAS-2','group',675,712,2),('PPSAS-20101','PPSAS','20101','Payables','PPSAS-201','group',676,699,3),('PPSAS-20101010','PPSAS','20101010','Accounts Payable','PPSAS-20101','item',677,678,4),('PPSAS-20101020','PPSAS','20101020','Due to Officers and Employees','PPSAS-20101','item',679,680,4),('PPSAS-20101040','PPSAS','20101040','Notes Payable','PPSAS-20101','item',681,682,4),('PPSAS-20101050','PPSAS','20101050','Interest Payable','PPSAS-20101','item',683,684,4),('PPSAS-20101060','PPSAS','20101060','Operating Lease Payable','PPSAS-20101','item',685,686,4),('PPSAS-20101070','PPSAS','20101070','Finance Lease Payable','PPSAS-20101','item',687,688,4),('PPSAS-20101080','PPSAS','20101080','Awards and Rewards Payable','PPSAS-20101','item',689,690,4),('PPSAS-20101090','PPSAS','20101090','Service Concession Arrangement Payable','PPSAS-20101','item',691,692,4),('PPSAS-20101100','PPSAS','20101100','Pension Benefits Payable','PPSAS-20101','item',693,694,4),('PPSAS-20101110','PPSAS','20101110','Leave Benefits Payable','PPSAS-20101','item',695,696,4),('PPSAS-20101120','PPSAS','20101120','Retirement Gratuity Payable','PPSAS-20101','item',697,698,4),('PPSAS-20102','PPSAS','20102','Bills/Bonds/Loans Payable','PPSAS-201','group',700,711,3),('PPSAS-20102020','PPSAS','20102020','Bonds Payable - Domestic','PPSAS-20102','item',701,702,4),('PPSAS-20102021','PPSAS','20102021','Discount on Bonds Payable - Domestic','PPSAS-20102','item',703,704,4),('PPSAS-20102022','PPSAS','20102022','Premium on Bonds Payable - Domestic','PPSAS-20102','item',705,706,4),('PPSAS-20102040','PPSAS','20102040','Loans Payable - Domestic','PPSAS-20102','item',707,708,4),('PPSAS-20102050','PPSAS','20102050','Loans Payable - Foreign','PPSAS-20102','item',709,710,4),('PPSAS-202','PPSAS','202','Inter-Agency Payables','PPSAS-2','group',713,732,2),('PPSAS-20201','PPSAS','20201','Inter-Agency Payables','PPSAS-202','group',714,731,3),('PPSAS-20201010','PPSAS','20201010','Due to BIR','PPSAS-20201','item',715,716,4),('PPSAS-20201020','PPSAS','20201020','Due to GSIS','PPSAS-20201','item',717,718,4),('PPSAS-20201030','PPSAS','20201030','Due to Pag-IBIG','PPSAS-20201','item',719,720,4),('PPSAS-20201040','PPSAS','20201040','Due to PhilHealth','PPSAS-20201','item',721,722,4),('PPSAS-20201050','PPSAS','20201050','Due to NGAs','PPSAS-20201','item',723,724,4),('PPSAS-20201060','PPSAS','20201060','Due to GOCCs','PPSAS-20201','item',725,726,4),('PPSAS-20201070','PPSAS','20201070','Due to LGUs','PPSAS-20201','item',727,728,4),('PPSAS-20201080','PPSAS','20201080','Due to Joint Venture','PPSAS-20201','item',729,730,4),('PPSAS-203','PPSAS','203','Intra-Agency Payables','PPSAS-2','group',733,742,2),('PPSAS-20301','PPSAS','20301','Intra-Agency Payables','PPSAS-203','group',734,741,3),('PPSAS-20301010','PPSAS','20301010','Due to Other Funds','PPSAS-20301','item',735,736,4),('PPSAS-20301020','PPSAS','20301020','Due to Special Accounts','PPSAS-20301','item',737,738,4),('PPSAS-20301030','PPSAS','20301030','Due to Local Economic Enterprises','PPSAS-20301','item',739,740,4),('PPSAS-204','PPSAS','204','Trust Liabilities','PPSAS-2','group',743,756,2),('PPSAS-20401','PPSAS','20401','Trust Liabilities','PPSAS-204','group',744,755,3),('PPSAS-20401010','PPSAS','20401010','Trust Liabilities','PPSAS-20401','item',745,746,4),('PPSAS-20401020','PPSAS','20401020','Trust Liabilities - Disaster Risk Reduction and Management Fund','PPSAS-20401','item',747,748,4),('PPSAS-20401030','PPSAS','20401030','Bail Bonds Payable','PPSAS-20401','item',749,750,4),('PPSAS-20401040','PPSAS','20401040','Guaranty/Security Deposits Payable','PPSAS-20401','item',751,752,4),('PPSAS-20401050','PPSAS','20401050','Customers\' Deposits Payable','PPSAS-20401','item',753,754,4),('PPSAS-205','PPSAS','205','Deferred Credits/Unearned Income','PPSAS-2','group',757,772,2),('PPSAS-20501','PPSAS','20501','Deferred Credits','PPSAS-205','group',758,771,3),('PPSAS-20501010','PPSAS','20501010','Deferred Real Property Tax','PPSAS-20501','item',759,760,4),('PPSAS-20501020','PPSAS','20501020','Deferred Special Education Tax','PPSAS-20501','item',761,762,4),('PPSAS-20501030','PPSAS','20501030','Deferred Finance Lease Revenue','PPSAS-20501','item',763,764,4),('PPSAS-20501040','PPSAS','20501040','Deferred Service Concession Revenue','PPSAS-20501','item',765,766,4),('PPSAS-20501050','PPSAS','20501050','Unearned Revenue - Investment Property','PPSAS-20501','item',767,768,4),('PPSAS-205010990','PPSAS','205010990','Other Deferred Credits','PPSAS-20501','item',769,770,4),('PPSAS-206','PPSAS','206','Provisions','PPSAS-2','group',773,780,2),('PPSAS-20601','PPSAS','20601','Provisions','PPSAS-206','group',774,779,3),('PPSAS-20601040','PPSAS','20601040','Termination Benefits','PPSAS-20601','item',775,776,4),('PPSAS-20601990','PPSAS','20601990','Other Provisions','PPSAS-20601','item',777,778,4),('PPSAS-299','PPSAS','299','Other Payables','PPSAS-2','group',781,786,2),('PPSAS-29999','PPSAS','29999','Other Payables','PPSAS-299','group',782,785,3),('PPSAS-29999990','PPSAS','29999990','Other Payables','PPSAS-29999','item',783,784,4),('PPSAS-3','PPSAS','3','Equity',NULL,'root',788,815,1),('PPSAS-301','PPSAS','301','Government Equity','PPSAS-3','group',789,796,2),('PPSAS-30101','PPSAS','30101','Government Equity','PPSAS-301','group',790,795,3),('PPSAS-30101010','PPSAS','30101010','Government Equity','PPSAS-30101','item',791,792,4),('PPSAS-30101020','PPSAS','30101020','Prior Period Adjustment','PPSAS-30101','item',793,794,4),('PPSAS-302','PPSAS','302','Intermediate Accounts','PPSAS-3','group',797,802,2),('PPSAS-30201','PPSAS','30201','Intermediate Accounts','PPSAS-302','group',798,801,3),('PPSAS-30201010','PPSAS','30201010','Income and Expense Summary','PPSAS-30201','item',799,800,4),('PPSAS-303','PPSAS','303','Equity in Joint Venture','PPSAS-3','group',803,808,2),('PPSAS-30301','PPSAS','30301','Equity in Joint Venture','PPSAS-303','group',804,807,3),('PPSAS-30301010','PPSAS','30301010','Equity in Joint Venture','PPSAS-30301','item',805,806,4),('PPSAS-304','PPSAS','304','Unrealized Gain/(Loss)','PPSAS-3','group',809,814,2),('PPSAS-30401','PPSAS','30401','Unrealized Gain/(Loss)','PPSAS-304','group',810,813,3),('PPSAS-30401010','PPSAS','30401010','Unrealized Gain/(Loss) from Changes in the Fair Value of Financial Assets','PPSAS-30401','item',811,812,4),('PPSAS-4','PPSAS','4','Income',NULL,'root',816,1049,1),('PPSAS-401','PPSAS','401','Tax Revenue','PPSAS-4','group',817,880,2),('PPSAS-40101','PPSAS','40101','Tax Revenue - Individual and Corporation','PPSAS-401','group',818,823,3),('PPSAS-40101020','PPSAS','40101020','Professional Tax','PPSAS-40101','item',819,820,4),('PPSAS-40101050','PPSAS','40101050','Community Tax','PPSAS-40101','item',821,822,4),('PPSAS-40102','PPSAS','40102','Tax Revenue - Property','PPSAS-401','group',824,839,3),('PPSAS-40102040','PPSAS','40102040','Real Property Tax- Basic','PPSAS-40102','item',825,826,4),('PPSAS-40102041','PPSAS','40102041','Discount on Real Property Tax- Basic','PPSAS-40102','item',827,828,4),('PPSAS-40102050','PPSAS','40102050','Special Education Tax','PPSAS-40102','item',829,830,4),('PPSAS-40102051','PPSAS','40102051','Discount on Special Education Tax','PPSAS-40102','item',831,832,4),('PPSAS-40102060','PPSAS','40102060','Special Levy on Idle Lands','PPSAS-40102','item',833,834,4),('PPSAS-40102070','PPSAS','40102070','Special Levy on Lands Benefited by Public Works Projects','PPSAS-40102','item',835,836,4),('PPSAS-40102080','PPSAS','40102080','Real Property Transfer Tax','PPSAS-40102','item',837,838,4),('PPSAS-40103','PPSAS','40103','Tax Revenue - Goods and Services','PPSAS-401','group',840,853,3),('PPSAS-40103030','PPSAS','40103030','Business Tax','PPSAS-40103','item',841,842,4),('PPSAS-40103040','PPSAS','40103040','Tax on Sand, Gravel and Other Quarry Products','PPSAS-40103','item',843,844,4),('PPSAS-40103050','PPSAS','40103050','Tax on Delivery  Trucks and Vans','PPSAS-40103','item',845,846,4),('PPSAS-40103060','PPSAS','40103060','Amusement Tax','PPSAS-40103','item',847,848,4),('PPSAS-40103070','PPSAS','40103070','Franchise Tax','PPSAS-40103','item',849,850,4),('PPSAS-40103080','PPSAS','40103080','Printing and Publication Tax','PPSAS-40103','item',851,852,4),('PPSAS-40104','PPSAS','40104','Tax Revenue - Others','PPSAS-401','group',854,857,3),('PPSAS-40104990','PPSAS','40104990','Other Taxes','PPSAS-40104','item',855,856,4),('PPSAS-40105','PPSAS','40105','Tax Revenue - Fines and Penalties','PPSAS-401','group',858,867,3),('PPSAS-40105010','PPSAS','40105010','Tax Revenue - Fines and Penalties - Taxes on Individual and Corporation','PPSAS-40105','item',859,860,4),('PPSAS-40105020','PPSAS','40105020','Tax Revenue - Fines and Penalties - Property Taxes','PPSAS-40105','item',861,862,4),('PPSAS-40105030','PPSAS','40105030','Tax Revenue - Fines and Penalties - Taxes on Goods and Services','PPSAS-40105','item',863,864,4),('PPSAS-40105040','PPSAS','40105040','Tax Revenue - Fines and Penalties - Other Taxes','PPSAS-40105','item',865,866,4),('PPSAS-40106','PPSAS','40106','Share from National Taxes','PPSAS-401','group',868,879,3),('PPSAS-40106010','PPSAS','40106010','Share from Internal Revenue Collections (IRA)','PPSAS-40106','item',869,870,4),('PPSAS-40106020','PPSAS','40106020','Share from Expanded Value Added Tax','PPSAS-40106','item',871,872,4),('PPSAS-40106030','PPSAS','40106030','Share from National Wealth','PPSAS-40106','item',873,874,4),('PPSAS-40106040','PPSAS','40106040','Share from Tobacco Excise Tax (RA 7171 and 8240)','PPSAS-40106','item',875,876,4),('PPSAS-40106050','PPSAS','40106050','Share from Economic Zones','PPSAS-40106','item',877,878,4),('PPSAS-402','PPSAS','402','Service and Business Income','PPSAS-4','group',881,968,2),('PPSAS-40201','PPSAS','40201','Service Income','PPSAS-402','group',882,909,3),('PPSAS-40201010','PPSAS','40201010','Permit Fees','PPSAS-40201','item',883,884,4),('PPSAS-40201020','PPSAS','40201020','Registration Fees','PPSAS-40201','item',885,886,4),('PPSAS-40201030','PPSAS','40201030','Registration Plates, Tags and Stickers Fees','PPSAS-40201','item',887,888,4),('PPSAS-40201040','PPSAS','40201040','Clearance and Certification Fees','PPSAS-40201','item',889,890,4),('PPSAS-40201070','PPSAS','40201070','Supervision and Regulation Enforcement Fees','PPSAS-40201','item',891,892,4),('PPSAS-40201100','PPSAS','40201100','Inspection Fees','PPSAS-40201','item',893,894,4),('PPSAS-40201110','PPSAS','40201110','Verification and Authentication Fees','PPSAS-40201','item',895,896,4),('PPSAS-40201130','PPSAS','40201130','Processing Fees','PPSAS-40201','item',897,898,4),('PPSAS-40201140','PPSAS','40201140','Occupation Fees','PPSAS-40201','item',899,900,4),('PPSAS-40201150','PPSAS','40201150','Fishery Rentals, Fees and Charges','PPSAS-40201','item',901,902,4),('PPSAS-40201160','PPSAS','40201160','Fees for Sealing  and Licensing of Weights and Measures','PPSAS-40201','item',903,904,4),('PPSAS-40201980','PPSAS','40201980','Fines and Penalties - Service Income','PPSAS-40201','item',905,906,4),('PPSAS-40201990','PPSAS','40201990','Other Service Income','PPSAS-40201','item',907,908,4),('PPSAS-40202','PPSAS','40202','Business Income','PPSAS-402','group',910,967,3),('PPSAS-40202010','PPSAS','40202010','School Fees','PPSAS-40202','item',911,912,4),('PPSAS-40202020','PPSAS','40202020','Affiliation Fees','PPSAS-40202','item',913,914,4),('PPSAS-40202040','PPSAS','40202040','Seminar/Training Fees','PPSAS-40202','item',915,916,4),('PPSAS-40202050','PPSAS','40202050','Rent Income','PPSAS-40202','item',917,918,4),('PPSAS-40202060','PPSAS','40202060','Communication Network Fees','PPSAS-40202','item',919,920,4),('PPSAS-40202070','PPSAS','40202070','Transportation System Fees','PPSAS-40202','item',921,922,4),('PPSAS-40202080','PPSAS','40202080','Road Network  Fees','PPSAS-40202','item',923,924,4),('PPSAS-40202090','PPSAS','40202090','Waterworks System Fees','PPSAS-40202','item',925,926,4),('PPSAS-40202100','PPSAS','40202100','Power Supply System Fees','PPSAS-40202','item',927,928,4),('PPSAS-40202110','PPSAS','40202110','Seaport  System Fees','PPSAS-40202','item',929,930,4),('PPSAS-40202120','PPSAS','40202120','Parking Fees','PPSAS-40202','item',931,932,4),('PPSAS-40202130','PPSAS','40202130','Receipts  from Operation of Hostels/Dormitories and Other Like Facilities','PPSAS-40202','item',933,934,4),('PPSAS-40202140','PPSAS','40202140','Receipts from Market Operations','PPSAS-40202','item',935,936,4),('PPSAS-40202150','PPSAS','40202150','Receipts from Slaughterhouse Operation','PPSAS-40202','item',937,938,4),('PPSAS-40202160','PPSAS','40202160','Receipts from Cemetery Operations','PPSAS-40202','item',939,940,4),('PPSAS-40202170','PPSAS','40202170','Receipts from Printing and Publication','PPSAS-40202','item',941,942,4),('PPSAS-40202180','PPSAS','40202180','Sales Revenue','PPSAS-40202','item',943,944,4),('PPSAS-40202181','PPSAS','40202181','Sales Discounts','PPSAS-40202','item',945,946,4),('PPSAS-40202190','PPSAS','40202190','Garbage Fees','PPSAS-40202','item',947,948,4),('PPSAS-40202200','PPSAS','40202200','Hospital Fees','PPSAS-40202','item',949,950,4),('PPSAS-40202210','PPSAS','40202210','Dividend Income','PPSAS-40202','item',951,952,4),('PPSAS-40202220','PPSAS','40202220','Interest Income','PPSAS-40202','item',953,954,4),('PPSAS-40202230','PPSAS','40202230','Service Concession Revenue','PPSAS-40202','item',955,956,4),('PPSAS-40202240','PPSAS','40202240','Other Service Concession Revenue','PPSAS-40202','item',957,958,4),('PPSAS-40202250','PPSAS','40202250','Lease Revenue','PPSAS-40202','item',959,960,4),('PPSAS-40202260','PPSAS','40202260','Share in the Profit of Joint Venture','PPSAS-40202','item',961,962,4),('PPSAS-40202980','PPSAS','40202980','Fines and Penalties - Business Income','PPSAS-40202','item',963,964,4),('PPSAS-40202990','PPSAS','40202990','Other Business Income','PPSAS-40202','item',965,966,4),('PPSAS-403','PPSAS','403','Transfers, Assistance and Subsidy','PPSAS-4','group',969,990,2),('PPSAS-40301','PPSAS','40301','Transfers, Assistance and Subsidy','PPSAS-403','group',970,983,3),('PPSAS-40301010','PPSAS','40301010','Subsidy from National Government','PPSAS-40301','item',971,972,4),('PPSAS-40301020','PPSAS','40301020','Subsidy  from Local Government Units','PPSAS-40301','item',973,974,4),('PPSAS-40301030','PPSAS','40301030','Subsidy from Government-Owned and/or Controlled Corporations','PPSAS-40301','item',975,976,4),('PPSAS-40301040','PPSAS','40301040','Subsidy from Other Funds','PPSAS-40301','item',977,978,4),('PPSAS-40301050','PPSAS','40301050','Subsidy from General Fund Proper/Other Special Accounts','PPSAS-40301','item',979,980,4),('PPSAS-40301060','PPSAS','40301060','Subsidy from Other Local Economic Enterprise','PPSAS-40301','item',981,982,4),('PPSAS-40302','PPSAS','40302','Transfers','PPSAS-403','group',984,989,3),('PPSAS-40302010','PPSAS','40302010','Transfers from General Fund of LGU Counterpart/Equity Share','PPSAS-40302','item',985,986,4),('PPSAS-40302020','PPSAS','40302020','Transfers from General Fund of Unspent DRRMF','PPSAS-40302','item',987,988,4),('PPSAS-404','PPSAS','404','Shares, Grants and Donations','PPSAS-4','group',991,1006,2),('PPSAS-40401','PPSAS','40401','Share','PPSAS-404','group',992,997,3),('PPSAS-404010','PPSAS','404010','Share from PAGCOR','PPSAS-40401','item',993,994,4),('PPSAS-40401020','PPSAS','40401020','Share from PCSO','PPSAS-40401','item',995,996,4),('PPSAS-40402','PPSAS','40402','Grants and Donations','PPSAS-404','group',998,1005,3),('PPSAS-40402010','PPSAS','40402010','Grants and Donations in Cash','PPSAS-40402','item',999,1000,4),('PPSAS-40402020','PPSAS','40402020','Grants and Donations in Kind','PPSAS-40402','item',1001,1002,4),('PPSAS-40402030','PPSAS','40402030','Grants from Concessionary loans','PPSAS-40402','item',1003,1004,4),('PPSAS-405','PPSAS','405','Gains','PPSAS-4','group',1007,1036,2),('PPSAS-40501','PPSAS','40501','Grains','PPSAS-405','group',1008,1035,3),('PPSAS-40501010','PPSAS','40501010','Gain from Changes in Fair Value of Financial Instruments','PPSAS-40501','item',1009,1010,4),('PPSAS-40501020','PPSAS','40501020','Gain on Foreign Exchange (FOREX)','PPSAS-40501','item',1011,1012,4),('PPSAS-40501030','PPSAS','40501030','Gain on Sale of Investments','PPSAS-40501','item',1013,1014,4),('PPSAS-40501040','PPSAS','40501040','Gain on Sale of Investment Property','PPSAS-40501','item',1015,1016,4),('PPSAS-40501050','PPSAS','40501050','Gain on Sale of Property, Plant and Equipment','PPSAS-40501','item',1017,1018,4),('PPSAS-40501060','PPSAS','40501060','Gain on Initial Recognition of Biological Assets','PPSAS-40501','item',1019,1020,4),('PPSAS-40501070','PPSAS','40501070','Gain on Sale of Biological Assets','PPSAS-40501','item',1021,1022,4),('PPSAS-40501080','PPSAS','40501080','Gain from Changes in Fair Value  Less Cost to Sell of Biological Assets Due to Physical Change','PPSAS-40501','item',1023,1024,4),('PPSAS-40501090','PPSAS','40501090','Gain from Changes in Fair Value  Less Cost to Sell of Biological Assets Due to Price Change','PPSAS-40501','item',1025,1026,4),('PPSAS-40501100','PPSAS','40501100','Gain from Initial Recognition of Agricultural Produce','PPSAS-40501','item',1027,1028,4),('PPSAS-40501110','PPSAS','40501110','Gain on Sale of Intangible Assets','PPSAS-40501','item',1029,1030,4),('PPSAS-40501120','PPSAS','40501120','Reversal of Impairment Losses','PPSAS-40501','item',1031,1032,4),('PPSAS-40501990','PPSAS','40501990','Other Gains','PPSAS-40501','item',1033,1034,4),('PPSAS-406','PPSAS','406','Miscellaneous Income','PPSAS-4','group',1037,1042,2),('PPSAS-40601','PPSAS','40601','Miscellaneous Income','PPSAS-406','group',1038,1041,3),('PPSAS-40601010','PPSAS','40601010','Miscellaneous Income','PPSAS-40601','item',1039,1040,4),('PPSAS-407','PPSAS','407','Other Non-Operating Income','PPSAS-4','group',1043,1048,2),('PPSAS-40701','PPSAS','40701','Sale of Assets','PPSAS-407','group',1044,1047,3),('PPSAS-40701010','PPSAS','40701010','Sale of Garnished/Confiscated/Abandoned/Seized Goods and Properties','PPSAS-40701','item',1045,1046,4),('PPSAS-41107060','PPSAS','41107060','Accumulated Depreciation - Watercrafts','PPSAS-10706','item',533,534,4),('PPSAS-5','PPSAS','5','Expenses',NULL,'root',1050,1405,1),('PPSAS-501','PPSAS','501','Personnel Services','PPSAS-5','group',1051,1114,2),('PPSAS-50101','PPSAS','50101','Salaries and Wages','PPSAS-501','group',1052,1057,3),('PPSAS-50101010','PPSAS','50101010','Salaries and Wages - Regular','PPSAS-50101','item',1053,1054,4),('PPSAS-50101020','PPSAS','50101020','Salaries and Wages - Casual/Contractual','PPSAS-50101','item',1055,1056,4),('PPSAS-50102','PPSAS','50102','Other Compensation','PPSAS-501','group',1058,1091,3),('PPSAS-50102010','PPSAS','50102010','Personal Economic Relief Allowance (PERA)','PPSAS-50102','item',1059,1060,4),('PPSAS-50102020','PPSAS','50102020','Representation Allowance (RA)','PPSAS-50102','item',1061,1062,4),('PPSAS-50102030','PPSAS','50102030','Transportation Allowance (TA)','PPSAS-50102','item',1063,1064,4),('PPSAS-50102040','PPSAS','50102040','Clothing/Uniform Allowance','PPSAS-50102','item',1065,1066,4),('PPSAS-50102050','PPSAS','50102050','Subsistence Allowance','PPSAS-50102','item',1067,1068,4),('PPSAS-50102060','PPSAS','50102060','Laundry  Allowance','PPSAS-50102','item',1069,1070,4),('PPSAS-50102070','PPSAS','50102070','Quarters Allowance','PPSAS-50102','item',1071,1072,4),('PPSAS-50102080','PPSAS','50102080','Productivity Incentive Allowance','PPSAS-50102','item',1073,1074,4),('PPSAS-50102090','PPSAS','50102090','Overseas Allowance','PPSAS-50102','item',1075,1076,4),('PPSAS-50102100','PPSAS','50102100','Honoraria','PPSAS-50102','item',1077,1078,4),('PPSAS-50102110','PPSAS','50102110','Hazard Pay','PPSAS-50102','item',1079,1080,4),('PPSAS-50102120','PPSAS','50102120','Longevity Pay','PPSAS-50102','item',1081,1082,4),('PPSAS-50102130','PPSAS','50102130','Overtime and Night Pay','PPSAS-50102','item',1083,1084,4),('PPSAS-50102140','PPSAS','50102140','Year End Bonus','PPSAS-50102','item',1085,1086,4),('PPSAS-50102150','PPSAS','50102150','Cash Gift','PPSAS-50102','item',1087,1088,4),('PPSAS-50102990','PPSAS','50102990','Other Bonuses and Allowances','PPSAS-50102','item',1089,1090,4),('PPSAS-50103','PPSAS','50103','Personnel Benefit Contributions','PPSAS-501','group',1092,1103,3),('PPSAS-50103010','PPSAS','50103010','Retirement and Life Insurance Premiums','PPSAS-50103','item',1093,1094,4),('PPSAS-50103020','PPSAS','50103020','Pag-IBIG Contributions','PPSAS-50103','item',1095,1096,4),('PPSAS-50103030','PPSAS','50103030','PhilHealth Contributions','PPSAS-50103','item',1097,1098,4),('PPSAS-50103040','PPSAS','50103040','Employees Compensation Insurance Premiums','PPSAS-50103','item',1099,1100,4),('PPSAS-50103050','PPSAS','50103050','Provident/Welfare Fund Contributions','PPSAS-50103','item',1101,1102,4),('PPSAS-50104','PPSAS','50104','Other Personnel Benefits','PPSAS-501','group',1104,1113,3),('PPSAS-50104010','PPSAS','50104010','Pension Benefits','PPSAS-50104','item',1105,1106,4),('PPSAS-50104020','PPSAS','50104020','Retirement Gratuity','PPSAS-50104','item',1107,1108,4),('PPSAS-50104030','PPSAS','50104030','Terminal Leave Benefits','PPSAS-50104','item',1109,1110,4),('PPSAS-50104990','PPSAS','50104990','Other Personnel Benefits','PPSAS-50104','item',1111,1112,4),('PPSAS-502','PPSAS','502','Maintenance and Other Operating Expenses','PPSAS-5','group',1115,1294,2),('PPSAS-50201','PPSAS','50201','Traveling Expenses','PPSAS-502','group',1116,1121,3),('PPSAS-50201010','PPSAS','50201010','Traveling Expenses - Local','PPSAS-50201','item',1117,1118,4),('PPSAS-50201020','PPSAS','50201020','Traveling Expenses - Foreign','PPSAS-50201','item',1119,1120,4),('PPSAS-50202','PPSAS','50202','Training and Scholarship Expenses','PPSAS-502','group',1122,1127,3),('PPSAS-50202010','PPSAS','50202010','Training Expenses','PPSAS-50202','item',1123,1124,4),('PPSAS-50202020','PPSAS','50202020','Scholarship Grants/Expenses','PPSAS-50202','item',1125,1126,4),('PPSAS-50203','PPSAS','50203','Supplies and Materials Expenses','PPSAS-502','group',1128,1157,3),('PPSAS-50203010','PPSAS','50203010','Office Supplies Expenses','PPSAS-50203','item',1129,1130,4),('PPSAS-50203020','PPSAS','50203020','Accountable Forms Expenses','PPSAS-50203','item',1131,1132,4),('PPSAS-50203030','PPSAS','50203030','Non-Accountable Forms Expenses','PPSAS-50203','item',1133,1134,4),('PPSAS-50203040','PPSAS','50203040','Animal/Zoological Supplies Expenses','PPSAS-50203','item',1135,1136,4),('PPSAS-50203050','PPSAS','50203050','Food Supplies Expenses','PPSAS-50203','item',1137,1138,4),('PPSAS-50203060','PPSAS','50203060','Welfare Goods Expenses','PPSAS-50203','item',1139,1140,4),('PPSAS-50203070','PPSAS','50203070','Drugs and Medicines Expenses','PPSAS-50203','item',1141,1142,4),('PPSAS-50203080','PPSAS','50203080','Medical, Dental and Laboratory Supplies Expenses','PPSAS-50203','item',1143,1144,4),('PPSAS-50203090','PPSAS','50203090','Fuel, Oil and Lubricants Expenses','PPSAS-50203','item',1145,1146,4),('PPSAS-50203100','PPSAS','50203100','Agricultural and Marine Supplies Expenses','PPSAS-50203','item',1147,1148,4),('PPSAS-50203110','PPSAS','50203110','Textbooks and Instructional Materials Expenses','PPSAS-50203','item',1149,1150,4),('PPSAS-50203120','PPSAS','50203120','Military, Police and Traffic Supplies Expenses','PPSAS-50203','item',1151,1152,4),('PPSAS-50203130','PPSAS','50203130','Chemical and Filtering Supplies Expenses','PPSAS-50203','item',1153,1154,4),('PPSAS-50203990','PPSAS','50203990','Other Supplies and Materials Expenses','PPSAS-50203','item',1155,1156,4),('PPSAS-50204','PPSAS','50204','Utility Expenses','PPSAS-502','group',1158,1163,3),('PPSAS-50204010','PPSAS','50204010','Water Expenses','PPSAS-50204','item',1159,1160,4),('PPSAS-50204020','PPSAS','50204020','Electricity Expenses','PPSAS-50204','item',1161,1162,4),('PPSAS-50205','PPSAS','50205','Communication Expenses','PPSAS-502','group',1164,1173,3),('PPSAS-50205010','PPSAS','50205010','Postage and Courier Services','PPSAS-50205','item',1165,1166,4),('PPSAS-50205020','PPSAS','50205020','Telephone Expenses','PPSAS-50205','item',1167,1168,4),('PPSAS-50205030','PPSAS','50205030','Internet Subscription Expenses','PPSAS-50205','item',1169,1170,4),('PPSAS-50205040','PPSAS','50205040','Cable, Satellite, Telegraph and Radio Expenses','PPSAS-50205','item',1171,1172,4),('PPSAS-50206','PPSAS','50206','Awards/Rewards and Prizes','PPSAS-502','group',1174,1179,3),('PPSAS-50206010','PPSAS','50206010','Awards/Rewards Expenses','PPSAS-50206','item',1175,1176,4),('PPSAS-50206020','PPSAS','50206020','Prizes','PPSAS-50206','item',1177,1178,4),('PPSAS-50207','PPSAS','50207','Survey, Research, Exploration and Development Expenses','PPSAS-502','group',1180,1185,3),('PPSAS-50207010','PPSAS','50207010','Survey Expenses','PPSAS-50207','item',1181,1182,4),('PPSAS-50207020','PPSAS','50207020','Research, Exploration and Development Expenses','PPSAS-50207','item',1183,1184,4),('PPSAS-50208','PPSAS','50208','Demolition/Relocation and Desilting/Dredging Expenses','PPSAS-502','group',1186,1191,3),('PPSAS-50208010','PPSAS','50208010','Demolition and Relocation Expenses','PPSAS-50208','item',1187,1188,4),('PPSAS-50208020','PPSAS','50208020','Desilting and Dredging Expenses','PPSAS-50208','item',1189,1190,4),('PPSAS-50209','PPSAS','50209','Generation, Transmission and Distribution Expenses','PPSAS-502','group',1192,1195,3),('PPSAS-50209010','PPSAS','50209010','Generation, Transmission and Distribution Expenses','PPSAS-50209','item',1193,1194,4),('PPSAS-50210','PPSAS','50210','Confidential, Intelligence and Extraordinary Expenses','PPSAS-502','group',1196,1203,3),('PPSAS-50210010','PPSAS','50210010','Confidential Expenses','PPSAS-50210','item',1197,1198,4),('PPSAS-50210020','PPSAS','50210020','Intelligence Expenses','PPSAS-50210','item',1199,1200,4),('PPSAS-50210030','PPSAS','50210030','Extraordinary and Miscellaneous Expenses','PPSAS-50210','item',1201,1202,4),('PPSAS-50211','PPSAS','50211','Professional Services','PPSAS-502','group',1204,1213,3),('PPSAS-50211010','PPSAS','50211010','Legal Services','PPSAS-50211','item',1205,1206,4),('PPSAS-50211020','PPSAS','50211020','Auditing Services','PPSAS-50211','item',1207,1208,4),('PPSAS-50211030','PPSAS','50211030','Consultancy Services','PPSAS-50211','item',1209,1210,4),('PPSAS-50211990','PPSAS','50211990','Other Professional Services','PPSAS-50211','item',1211,1212,4),('PPSAS-50212','PPSAS','50212','General Services','PPSAS-502','group',1214,1223,3),('PPSAS-50212010','PPSAS','50212010','Environment/Sanitary Services','PPSAS-50212','item',1215,1216,4),('PPSAS-50212020','PPSAS','50212020','Janitorial Services','PPSAS-50212','item',1217,1218,4),('PPSAS-50212030','PPSAS','50212030','Security Services','PPSAS-50212','item',1219,1220,4),('PPSAS-50212990','PPSAS','50212990','Other General Services','PPSAS-50212','item',1221,1222,4),('PPSAS-50213','PPSAS','50213','Repairs and Maintenance','PPSAS-502','group',1224,1245,3),('PPSAS-50213010','PPSAS','50213010','Repairs and Maintenance - Investment Property','PPSAS-50213','item',1225,1226,4),('PPSAS-50213020','PPSAS','50213020','Repairs and Maintenance - Land Improvements','PPSAS-50213','item',1227,1228,4),('PPSAS-50213030','PPSAS','50213030','Repairs and Maintenance - Infrastructure Assets','PPSAS-50213','item',1229,1230,4),('PPSAS-50213040','PPSAS','50213040','Repairs and Maintenance - Buildings and Other Structures','PPSAS-50213','item',1231,1232,4),('PPSAS-50213050','PPSAS','50213050','Repairs and Maintenance - Machinery and Equipment','PPSAS-50213','item',1233,1234,4),('PPSAS-50213060','PPSAS','50213060','Repairs and Maintenance - Transportation Equipment','PPSAS-50213','item',1235,1236,4),('PPSAS-50213070','PPSAS','50213070','Repairs and Maintenance - Furniture and  Fixtures','PPSAS-50213','item',1237,1238,4),('PPSAS-50213080','PPSAS','50213080','Repairs and Maintenance - Leased Assets','PPSAS-50213','item',1239,1240,4),('PPSAS-50213090','PPSAS','50213090','Repairs and Maintenance - Leased Assets Improvements','PPSAS-50213','item',1241,1242,4),('PPSAS-50213990','PPSAS','50213990','Repairs and Maintenance - Other Property, Plant and Equipment','PPSAS-50213','item',1243,1244,4),('PPSAS-50214','PPSAS','50214','Financial Assistance/Subsidy','PPSAS-502','group',1246,1259,3),('PPSAS-50214020','PPSAS','50214020','Subsidy to NGAs','PPSAS-50214','item',1247,1248,4),('PPSAS-50214030','PPSAS','50214030','Subsidy to Other Local Government Units','PPSAS-50214','item',1249,1250,4),('PPSAS-50214060','PPSAS','50214060','Subsidy to Other  Funds','PPSAS-50214','item',1251,1252,4),('PPSAS-50214070','PPSAS','50214070','Subsidy to General Fund Proper/Special Accounts','PPSAS-50214','item',1253,1254,4),('PPSAS-50214080','PPSAS','50214080','Subsidy to Local Economic Enterprises','PPSAS-50214','item',1255,1256,4),('PPSAS-50214990','PPSAS','50214990','Subsidies - Others','PPSAS-50214','item',1257,1258,4),('PPSAS-50215','PPSAS','50215','Transfers','PPSAS-502','group',1260,1265,3),('PPSAS-50215010','PPSAS','50215010','Transfers of Unspent Current Year DRRM Funds to the Trust Funds','PPSAS-50215','item',1261,1262,4),('PPSAS-50215020','PPSAS','50215020','Transfers for Project Equity Share /LGU Counterpart','PPSAS-50215','item',1263,1264,4),('PPSAS-50216','PPSAS','50216','Taxes, Insurance Premiums and Other Fees','PPSAS-502','group',1266,1273,3),('PPSAS-50216010','PPSAS','50216010','Taxes, Duties and Licenses','PPSAS-50216','item',1267,1268,4),('PPSAS-50216020','PPSAS','50216020','Fidelity Bond Premiums','PPSAS-50216','item',1269,1270,4),('PPSAS-50216030','PPSAS','50216030','Insurance Expenses','PPSAS-50216','item',1271,1272,4),('PPSAS-50299','PPSAS','50299','Other Maintenance and Operating Expenses','PPSAS-502','group',1274,1293,3),('PPSAS-50299010','PPSAS','50299010','Advertising Expenses','PPSAS-50299','item',1275,1276,4),('PPSAS-50299020','PPSAS','50299020','Printing and Publication Expenses','PPSAS-50299','item',1277,1278,4),('PPSAS-50299030','PPSAS','50299030','Representation Expenses','PPSAS-50299','item',1279,1280,4),('PPSAS-50299040','PPSAS','50299040','Transportation and Delivery Expenses','PPSAS-50299','item',1281,1282,4),('PPSAS-50299050','PPSAS','50299050','Rent Expenses','PPSAS-50299','item',1283,1284,4),('PPSAS-50299060','PPSAS','50299060','Membership Dues and Contributions to Organizations','PPSAS-50299','item',1285,1286,4),('PPSAS-50299070','PPSAS','50299070','Subscription Expenses','PPSAS-50299','item',1287,1288,4),('PPSAS-50299080','PPSAS','50299080','Donations','PPSAS-50299','item',1289,1290,4),('PPSAS-502990990','PPSAS','502990990','Other Maintenance and Operating Expenses','PPSAS-50299','item',1291,1292,4),('PPSAS-503','PPSAS','503','Financial Expenses','PPSAS-5','group',1295,1310,2),('PPSAS-50301','PPSAS','50301','Financial Expenses','PPSAS-503','group',1296,1309,3),('PPSAS-50301010','PPSAS','50301010','Management Supervision/Trusteeship Fees','PPSAS-50301','item',1297,1298,4),('PPSAS-50301020','PPSAS','50301020','Interest Expenses','PPSAS-50301','item',1299,1300,4),('PPSAS-50301030','PPSAS','50301030','Guarantee Fees','PPSAS-50301','item',1301,1302,4),('PPSAS-50301040','PPSAS','50301040','Bank Charges','PPSAS-50301','item',1303,1304,4),('PPSAS-50301050','PPSAS','50301050','Commitment Fees','PPSAS-50301','item',1305,1306,4),('PPSAS-50301990','PPSAS','50301990','Other Financial Charges','PPSAS-50301','item',1307,1308,4),('PPSAS-504','PPSAS','504','Direct Costs','PPSAS-5','group',1311,1324,2),('PPSAS-50401','PPSAS','50401','Cost of Goods Manufactured','PPSAS-504','group',1312,1319,3),('PPSAS-50401010','PPSAS','50401010','Direct Materials','PPSAS-50401','item',1313,1314,4),('PPSAS-50401020','PPSAS','50401020','Direct Labor','PPSAS-50401','item',1315,1316,4),('PPSAS-50401030','PPSAS','50401030','Manufacturing Overhead','PPSAS-50401','item',1317,1318,4),('PPSAS-50402','PPSAS','50402','Cost of Sales','PPSAS-504','group',1320,1323,3),('PPSAS-50402010','PPSAS','50402010','Cost of Sales','PPSAS-50402','item',1321,1322,4),('PPSAS-505','PPSAS','505','Non-Cash Expenses','PPSAS-5','group',1325,1404,2),('PPSAS-50501','PPSAS','50501','Depreciation','PPSAS-505','group',1326,1349,3),('PPSAS-50501010','PPSAS','50501010','Depreciation - Investment Property','PPSAS-50501','item',1327,1328,4),('PPSAS-50501020','PPSAS','50501020','Depreciation - Land Improvements','PPSAS-50501','item',1329,1330,4),('PPSAS-50501030','PPSAS','50501030','Depreciation - Infrastructure Assets','PPSAS-50501','item',1331,1332,4),('PPSAS-50501040','PPSAS','50501040','Depreciation - Buildings and Other Structures','PPSAS-50501','item',1333,1334,4),('PPSAS-50501050','PPSAS','50501050','Depreciation - Machinery  and Equipment','PPSAS-50501','item',1335,1336,4),('PPSAS-50501060','PPSAS','50501060','Depreciation - Transportation Equipment','PPSAS-50501','item',1337,1338,4),('PPSAS-50501070','PPSAS','50501070','Depreciation - Furniture, Fixtures and Books','PPSAS-50501','item',1339,1340,4),('PPSAS-50501080','PPSAS','50501080','Depreciation - Leased Assets','PPSAS-50501','item',1341,1342,4),('PPSAS-50501090','PPSAS','50501090','Depreciation - Leased Assets Improvements','PPSAS-50501','item',1343,1344,4),('PPSAS-50501100','PPSAS','50501100','Depreciation -Service Concession Assets','PPSAS-50501','item',1345,1346,4),('PPSAS-50501990','PPSAS','50501990','Depreciation - Other Property, Plant and Equipment','PPSAS-50501','item',1347,1348,4),('PPSAS-50502','PPSAS','50502','Amortization','PPSAS-505','group',1350,1353,3),('PPSAS-50502010','PPSAS','50502010','Amortization - Intangible Assets','PPSAS-50502','item',1351,1352,4),('PPSAS-50503','PPSAS','50503','Impairment Loss','PPSAS-505','group',1354,1375,3),('PPSAS-50503010','PPSAS','50503010','Impairment Loss - Financial Assets Held to Maturity','PPSAS-50503','item',1355,1356,4),('PPSAS-50503020','PPSAS','50503020','Impairment Loss - Loans and  Receivables','PPSAS-50503','item',1357,1358,4),('PPSAS-50503030','PPSAS','50503030','Impairment Loss - Lease Receivables','PPSAS-50503','item',1359,1360,4),('PPSAS-50503040','PPSAS','50503040','Impairment Loss - Investments in GOCCs','PPSAS-50503','item',1361,1362,4),('PPSAS-50503050','PPSAS','50503050','Impairment Loss - Investments in Joint Venture','PPSAS-50503','item',1363,1364,4),('PPSAS-50503060','PPSAS','50503060','Impairment Loss - Other Receivables','PPSAS-50503','item',1365,1366,4),('PPSAS-50503070','PPSAS','50503070','Impairment Loss - Inventories','PPSAS-50503','item',1367,1368,4),('PPSAS-50503080','PPSAS','50503080','Impairment Loss - Investment Property','PPSAS-50503','item',1369,1370,4),('PPSAS-50503090','PPSAS','50503090','Impairment Loss - Property, Plant and Equipment','PPSAS-50503','item',1371,1372,4),('PPSAS-50503100','PPSAS','50503100','Impairment Loss - Intangible Assets','PPSAS-50503','item',1373,1374,4),('PPSAS-50504','PPSAS','50504','Losses','PPSAS-505','group',1376,1399,3),('PPSAS-50504010','PPSAS','50504010','Loss on Foreign Exchange (FOREX)','PPSAS-50504','item',1377,1378,4),('PPSAS-50504020','PPSAS','50504020','Loss on Sale of Investments','PPSAS-50504','item',1379,1380,4),('PPSAS-50504030','PPSAS','50504030','Loss on Sale of Investment Property','PPSAS-50504','item',1381,1382,4),('PPSAS-50504040','PPSAS','50504040','Loss on Sale of Propery, Plant and Equipment','PPSAS-50504','item',1383,1384,4),('PPSAS-50504050','PPSAS','50504050','Loss on Sale of Biological Assets','PPSAS-50504','item',1385,1386,4),('PPSAS-50504060','PPSAS','50504060','Loss on Sale of Intangible Assets','PPSAS-50504','item',1387,1388,4),('PPSAS-50504070','PPSAS','50504070','Loss on Sale of Assets','PPSAS-50504','item',1389,1390,4),('PPSAS-50504080','PPSAS','50504080','Loss on Initial Recognition of Biological Assets','PPSAS-50504','item',1391,1392,4),('PPSAS-50504090','PPSAS','50504090','Loss of Assets','PPSAS-50504','item',1393,1394,4),('PPSAS-50504100','PPSAS','50504100','Loss on Guaranty','PPSAS-50504','item',1395,1396,4),('PPSAS-50504990','PPSAS','50504990','Other Losses','PPSAS-50504','item',1397,1398,4),('PPSAS-50505','PPSAS','50505','Grants','PPSAS-505','group',1400,1403,3),('PPSAS-50505010','PPSAS','50505010','Grants for Concessionary loans','PPSAS-50505','item',1401,1402,4),('REV2004-08-004','SRE-V254','004','LOCAL SOURCES',NULL,'root',0,327,1),('REV2004-08-005','SRE-V254','5','TAX REVENUES (6+22+39)','REV2004-08-004','group',223,326,2),('REV2004-08-006','SRE-V254','6','REAL PROPERTY TAX (7+12+17)','REV2004-08-005','group',282,325,3),('REV2004-08-007','SRE-V254','7','REAL PROPERTY TAX- BASIC (8+9+10+11)','REV2004-08-006','group',303,324,4),('REV2004-08-008','SRE-V254','8','CURRENT YEAR','REV2004-08-007','item',320,321,5),('REV2004-08-009','SRE-V254','9','FINES AND PENALTIES- CURRENT YEAR','REV2004-08-007','item',322,323,5),('REV2004-08-010','SRE-V254','10','PRIOR YEAR/S','REV2004-08-007','item',304,305,5),('REV2004-08-011','SRE-V254','11','FINES AND PENALTIES- PRIOR YEAR/S','REV2004-08-007','item',306,307,5),('REV2004-08-012','SRE-V254','12','SPECIAL LEVY ON IDLE LANDS (13+14+15+16)','REV2004-08-006','group',283,292,4),('REV2004-08-013','SRE-V254','13','CURRENT YEAR','REV2004-08-012','item',284,285,5),('REV2004-08-014','SRE-V254','14','FINES AND PENALTIES- CURRENT YEAR','REV2004-08-012','item',286,287,5),('REV2004-08-015','SRE-V254','15','PRIOR YEAR/S','REV2004-08-012','item',288,289,5),('REV2004-08-016','SRE-V254','16','FINES AND PENALTIES- PRIOR YEAR/S','REV2004-08-012','item',290,291,5),('REV2004-08-017','SRE-V254','17','SPECIAL LEVY ON LAND BENEFITED BY PUBLIC WORKS PROJECTS (18+19+20+21)','REV2004-08-006','group',293,302,4),('REV2004-08-018','SRE-V254','18','CURRENT YEAR','REV2004-08-017','item',294,295,5),('REV2004-08-019','SRE-V254','19','FINES AND PENALTIES- CURRENT YEAR','REV2004-08-017','item',296,297,5),('REV2004-08-020','SRE-V254','20','PRIOR YEAR/S','REV2004-08-017','item',298,299,5),('REV2004-08-021','SRE-V254','21','FINES AND PENALTIES- PRIOR YEAR/S','REV2004-08-017','item',300,301,5),('REV2004-08-022','SRE-V254','22','TAX ON BUSINESS (TOTAL OF LINE 23+24+35 TO 38)','REV2004-08-005','group',224,261,3),('REV2004-08-023','SRE-V254','23','AMUSEMENT TAX - (COCKFIT) MUNICIPAL SHARE','REV2004-08-022','item',225,226,4),('REV2004-08-024','SRE-V254','24','BUSINESS TAX (25 TO 33)','REV2004-08-022','group',229,252,4),('REV2004-08-025','SRE-V254','25','MANUFACTURERS, ASSEMBLERS, ETC.','REV2004-08-024','item',232,233,5),('REV2004-08-026','SRE-V254','26','WHOLESALERS, DISTRIBUTORS, ETC.','REV2004-08-024','item',234,235,5),('REV2004-08-027','SRE-V254','27','EXPORTERS, MANUFACTURERS, DEALERS, ETC.','REV2004-08-024','item',236,237,5),('REV2004-08-028','SRE-V254','28','RETAILERS','REV2004-08-024','item',238,239,5),('REV2004-08-029','SRE-V254','29','CONTRACTORS AND OTHER INDEPENDENT CONTRACTORS','REV2004-08-024','item',240,241,5),('REV2004-08-030','SRE-V254','30','BANKS & OTHER FINANCIAL INSTITUTIONS','REV2004-08-024','item',242,243,5),('REV2004-08-031','SRE-V254','31','PEDDLERS','REV2004-08-024','item',244,245,5),('REV2004-08-032','SRE-V254','32','PRINTING & PUBLICATION TAX','REV2004-08-024','item',246,247,5),('REV2004-08-033','SRE-V254','33','TAX ON AMUSEMENT PLACE','REV2004-08-024','item',248,249,5),('REV2004-08-034','SRE-V254','34','OTHER BUSINESS TAXES','REV2004-08-024','item',250,251,5),('REV2004-08-035','SRE-V254','35','FRANCHISE TAX','REV2004-08-022','item',253,254,4),('REV2004-08-036','SRE-V254','36','TAX ON DELIVERY TRUCKS AND VANS','REV2004-08-022','item',255,256,4),('REV2004-08-037','SRE-V254','37','TAX ON SAND,GRAVEL & OTHER QUARRY RESOURCES','REV2004-08-022','item',257,258,4),('REV2004-08-038','SRE-V254','38','FINES AND PENALTIES-BUSINESS TAXES','REV2004-08-022','item',259,260,4),('REV2004-08-039','SRE-V254','39','OTHER TAXES (TOTAL OF LINE 40 TO 45)','REV2004-08-005','group',262,281,3),('REV2004-08-040','SRE-V254','40','COMMUNITY TAX- CORPORATION','REV2004-08-039','item',267,268,4),('REV2004-08-041','SRE-V254','41','COMMUNITY TAX- INDIVIDUAL','REV2004-08-039','item',269,270,4),('REV2004-08-042','SRE-V254','42','PROFESSIONAL TAX','REV2004-08-039','item',271,274,4),('REV2004-08-043','SRE-V254','43','REAL PROPERTY TRANSFER TAX','REV2004-08-039','item',275,276,4),('REV2004-08-044','SRE-V254','44','OTHER TAXES ','REV2004-08-039','item',277,278,4),('REV2004-08-045','SRE-V254','45','FINES AND PENALTIES- OTHER TAXES','REV2004-08-039','item',279,280,4),('REV2004-08-046','SRE-V254','46','NON-TAX REVENUES (47+63+81+99)','REV2004-08-004','group',1,222,2),('REV2004-08-047','SRE-V254','47','REGULATORY FEES (PERMIT AND LICENSES) (48+58+61+62)','REV2004-08-046','group',2,65,3),('REV2004-08-048','SRE-V254','48','PERMIT AND LICENSES (49 TO 57) ','REV2004-08-047','group',3,50,4),('REV2004-08-049','SRE-V254','49','FEES ON WEIGHTS AND MEASURES','REV2004-08-048','item',4,5,5),('REV2004-08-050','SRE-V254','50','FISHERY RENTAL FEES AND PRIVILEGE FEES','REV2004-08-048','item',6,7,5),('REV2004-08-051','SRE-V254','51','FRANCHISING AND LICENSING FEES','REV2004-08-048','item',8,9,5),('REV2004-08-052','SRE-V254','52','BUSINESS PERMIT FEES ','REV2004-08-048','item',10,29,5),('REV2004-08-053','SRE-V254','53','BUILDING PERMIT FEES','REV2004-08-048','item',30,37,5),('REV2004-08-054','SRE-V254','54','ZONAL/LOCATION PERMIT FEES','REV2004-08-048','item',38,39,5),('REV2004-08-055','SRE-V254','55','TRICYCLE OPERATORS PERMIT FEES','REV2004-08-048','item',40,41,5),('REV2004-08-056','SRE-V254','56','OCCUPATIONAL FEES','REV2004-08-048','item',44,45,5),('REV2004-08-057','SRE-V254','57','OTHER PERMIT & LICENSES','REV2004-08-048','item',46,47,5),('REV2004-08-058','SRE-V254','58','REGISTRATION FEES (59+60)','REV2004-08-047','group',51,60,4),('REV2004-08-059','SRE-V254','59','CATTLE/ANIMAL REGISTRATION FEES','REV2004-08-058','item',52,53,5),('REV2004-08-060','SRE-V254','60','CIVIL REGISTRATION FEES','REV2004-08-058','item',54,59,5),('REV2004-08-061','SRE-V254','61','INSPECTION FEES','REV2004-08-047','item',61,62,4),('REV2004-08-062','SRE-V254','62','FINES AND PENALTIES-PERMITS AND LICENSES','REV2004-08-047','item',63,64,4),('REV2004-08-063','SRE-V254','63','SERVICE/USER CHARGES (SERVICE INCOME) (64+69+74 TO 80)','REV2004-08-046','group',66,113,3),('REV2004-08-064','SRE-V254','64','CLEARANCE AND CERTIFICATION FEES (65 TO 68)','REV2004-08-063','group',67,86,4),('REV2004-08-065','SRE-V254','65','POLICE CLEARANCE','REV2004-08-064','item',68,69,5),('REV2004-08-066','SRE-V254','66','SECRETARY\'S FEES','REV2004-08-064','item',70,73,5),('REV2004-08-067','SRE-V254','67','HEALTH CERTIFICATE','REV2004-08-064','item',74,75,5),('REV2004-08-068','SRE-V254','68','OTHER CLEARANCE & CERTS.','REV2004-08-064','item',76,85,5),('REV2004-08-069','SRE-V254','69','OTHER FEES (70 TO 73)','REV2004-08-063','group',87,98,4),('REV2004-08-070','SRE-V254','70','GARBAGE FEES','REV2004-08-069','item',88,89,5),('REV2004-08-071','SRE-V254','71','WHARFAGE FEES','REV2004-08-069','item',90,91,5),('REV2004-08-072','SRE-V254','72','TOLL FEES','REV2004-08-069','item',92,93,5),('REV2004-08-073','SRE-V254','73','OTHER SERVICE INCOME','REV2004-08-069','item',94,95,5),('REV2004-08-074','SRE-V254','74','FINES AND PENALTIES- SERVICE INCOME','REV2004-08-063','item',99,100,4),('REV2004-08-075','SRE-V254','75','LANDING AND AERONAUTICAL FEES','REV2004-08-063','item',101,102,4),('REV2004-08-076','SRE-V254','76','PARKING AND TERMINAL FEES','REV2004-08-063','item',103,104,4),('REV2004-08-077','SRE-V254','77','HOSPITAL FEES','REV2004-08-063','item',105,106,4),('REV2004-08-078','SRE-V254','78','MEDICAL, DENTAL AND LABORATORY FEES','REV2004-08-063','item',107,108,4),('REV2004-08-079','SRE-V254','79','MARKET & SLAUGHTERHOUSE FEES','REV2004-08-063','item',109,110,4),('REV2004-08-080','SRE-V254','80','PRINTING AND PUBLICATION FEES','REV2004-08-063','item',111,112,4),('REV2004-08-081','SRE-V254','81','INCOME FROM ECONOMIC ENTERPRISE (BUSINESS INCOME) (82)','REV2004-08-046','group',114,171,3),('REV2004-08-082','SRE-V254','82','INCOME FROM ECONOMIC ENTERPRISES (83 TO 98)','REV2004-08-081','group',115,170,4),('REV2004-08-083','SRE-V254','83','SCHOOL OPERATIONS','REV2004-08-082','item',116,117,5),('REV2004-08-084','SRE-V254','84','POWER GENERATION/ DISTRIBUTION','REV2004-08-082','item',118,119,5),('REV2004-08-085','SRE-V254','85','HOSPITAL OPERATIONS','REV2004-08-082','item',120,121,5),('REV2004-08-086','SRE-V254','86','CANTEEN/RESTAURANT OPERATIONS','REV2004-08-082','item',122,123,5),('REV2004-08-087','SRE-V254','87','CEMETERY OPERATIONS','REV2004-08-082','item',124,125,5),('REV2004-08-088','SRE-V254','88','COMMUNICATION FACILITIES & EQUIPMENT OPERATIONS','REV2004-08-082','item',126,127,5),('REV2004-08-089','SRE-V254','89','DORMITORY OPERATIONS ','REV2004-08-082','item',128,129,5),('REV2004-08-090','SRE-V254','90','MARKET OPERATIONS','REV2004-08-082','item',130,137,5),('REV2004-08-091','SRE-V254','91','SLAUGHTERHOUSE OPERATIONS','REV2004-08-082','item',138,139,5),('REV2004-08-092','SRE-V254','92','TRANSPORTATION SYSTEM OPERATIONS','REV2004-08-082','item',140,141,5),('REV2004-08-093','SRE-V254','93','WATERWORKS SYSTEM OPERATIONS','REV2004-08-082','item',142,155,5),('REV2004-08-094','SRE-V254','94','PRINTING & PUBLICATION OPERATIONS','REV2004-08-082','item',156,157,5),('REV2004-08-095','SRE-V254','95','INCOME FROM LEASE/RENTAL OF FACILITIES','REV2004-08-082','item',158,159,5),('REV2004-08-096','SRE-V254','96','INCOME FROM TRADING BUSINESS','REV2004-08-082','item',160,161,5),('REV2004-08-097','SRE-V254','97','OTHER ECONOMIC ENTERPRISES ','REV2004-08-082','item',162,167,5),('REV2004-08-098','SRE-V254','98','FINES AND PENALTIES- ECONOMIC ENTERPRISES','REV2004-08-082','item',168,169,5),('REV2004-08-099','SRE-V254','99','OTHER RECEIPTS (OTHER GENERAL INCOME) (100 TO 102)','REV2004-08-046','group',172,221,3),('REV2004-08-100','SRE-V254','100','INTEREST INCOME','REV2004-08-099','item',173,174,4),('REV2004-08-101','SRE-V254','101','DIVIDEND INCOME','REV2004-08-099','item',175,176,4),('REV2004-08-102','SRE-V254','102','OTHER GENERAL INCOME (MISCELLANEOUS) (103 TO 105)','REV2004-08-099','group',177,220,4),('REV2004-08-103','SRE-V254','103','REBATES ON MMDA CONTRIBUTION','REV2004-08-102','item',178,179,5),('REV2004-08-104','SRE-V254','426','SALES OF CONFISCATED/ABANDONED/SEIZED GOODS & PROPERTIES','REV2004-08-102','item',218,219,5),('REV2004-08-105','SRE-V254','105','OTHERS','REV2004-08-102','item',180,217,5),('REV2004-08-107','SRE-V254','107','EXTERNAL SOURCES',NULL,'root',328,395,1),('REV2004-08-108','SRE-V254','108','SHARE FROM NATIONAL TAX COLLECTION (109+112)','REV2004-08-107','group',329,336,2),('REV2004-08-109','SRE-V254','109','INTERNAL REVENUE ALLOTMENT (110+111)','REV2004-08-108','group',330,335,3),('REV2004-08-110','SRE-V254','110','CURRENT YEAR','REV2004-08-109','item',331,332,4),('REV2004-08-111','SRE-V254','111','PRIOR YEAR ','REV2004-08-109','item',333,334,4),('REV2004-08-112','SRE-V254','112','OTHER SHARES FROM NATIONAL TAX COLLECTION (113 TO 117)','REV2004-08-107','group',337,348,2),('REV2004-08-113','SRE-V254','113','SHARE FROM ECONOMIC ZONE (RA 7227)','REV2004-08-112','item',338,339,3),('REV2004-08-114','SRE-V254','114','SHARE FROM EVAT','REV2004-08-112','item',340,341,3),('REV2004-08-115','SRE-V254','115','SHARE FROM NATIONAL WEALTH ','REV2004-08-112','item',342,343,3),('REV2004-08-116','SRE-V254','116','SHARE FROM PAGCOR/PCSO/LOTTO','REV2004-08-112','item',344,345,3),('REV2004-08-117','SRE-V254','117','SHARE FROM TOBACCO EXCISE TAX','REV2004-08-112','item',346,347,3),('REV2004-08-118','SRE-V254','118','EXTRAORDINARY RECEIPTS/GRANTS/DONATIONS/AIDS (119+122+125)','REV2004-08-107','group',349,372,2),('REV2004-08-119','SRE-V254','119','GRANTS AND DONATIONS (120+121)','REV2004-08-118','group',350,355,3),('REV2004-08-120','SRE-V254','120','FOREIGN','REV2004-08-119','item',351,352,4),('REV2004-08-121','SRE-V254','121','DOMESTIC','REV2004-08-119','item',353,354,4),('REV2004-08-122','SRE-V254','122','SUBSIDY INCOME (123+124)','REV2004-08-118','group',356,361,3),('REV2004-08-123','SRE-V254','123','OTHER SUBSIDY INCOME','REV2004-08-122','item',357,358,4),('REV2004-08-124','SRE-V254','124','SUBSIDY FROM GOCCs','REV2004-08-122','item',359,360,4),('REV2004-08-125','SRE-V254','125','EXTRAORDINARY GAINS AND PREMIUMS (126 TO 129)','REV2004-08-118','group',362,371,3),('REV2004-08-126','SRE-V254','126','GAIN ON FOREX','REV2004-08-125','item',363,364,4),('REV2004-08-127','SRE-V254','127','GAIN ON SALE OF ASSETS','REV2004-08-125','item',365,366,4),('REV2004-08-128','SRE-V254','128','PREMIUM ON BONDS PAYABLE','REV2004-08-125','item',367,368,4),('REV2004-08-129','SRE-V254','129','GAIN ON SALE OF INVESTMENTS','REV2004-08-125','item',369,370,4),('REV2004-08-130','SRE-V254','130','INTER-LOCAL TRANSFERS (131 +132)','REV2004-08-107','group',373,378,2),('REV2004-08-131','SRE-V254','131','SUBSIDY FROM LGUs','REV2004-08-130','item',374,375,3),('REV2004-08-132','SRE-V254','132','SUBSIDY FROM OTHER FUNDS','REV2004-08-130','item',376,377,3),('REV2004-08-133','SRE-V254','133','CAPITAL/ INVESTMENT RECEIPTS (134 TO 136)','REV2004-08-107','group',379,386,2),('REV2004-08-134','SRE-V254','134','PROCEEDS FROM SALE OF ASSETS','REV2004-08-133','item',380,381,3),('REV2004-08-135','SRE-V254','135','PROCEEDS FROM SALE OF DEBT SECURITIES OF OTHER ENTITIES','REV2004-08-133','item',382,383,3),('REV2004-08-136','SRE-V254','136','COLLECTION OF LOANS RECEIVABLES (PRINCIPAL)','REV2004-08-133','item',384,385,3),('REV2004-08-137','SRE-V254','137','RECEIPTS FROM LOANS AND BORROWINGS (PAYABLE) (138 TO140)','REV2004-08-107','group',387,394,2),('REV2004-08-138','SRE-V254','138','LOANS- FOREIGN ','REV2004-08-137','item',388,389,3),('REV2004-08-139','SRE-V254','139','LOANS- DOMESTIC','REV2004-08-137','item',390,391,3),('REV2004-08-140','SRE-V254','140','BONDS FLOATATION','REV2004-08-137','item',392,393,3),('REV2004-08-143','SRE-V254','143','SPECIAL EDUCATION FUND',NULL,'root',396,445,1),('REV2004-08-144','SRE-V254','144','SPECIAL EDUCATION TAX (145 TO 148)','REV2004-08-143','group',397,418,2),('REV2004-08-145','SRE-V254','145','CURRENT YEAR','REV2004-08-144','item',398,399,3),('REV2004-08-146','SRE-V254','146','FINES AND PENALTIES-CURRENT YEAR','REV2004-08-144','item',400,401,3),('REV2004-08-147','SRE-V254','147','PRIOR YEAR/S','REV2004-08-144','item',402,403,3),('REV2004-08-148','SRE-V254','148','FINES AND PENALTIES-PRIOR YEAR/S','REV2004-08-144','item',404,405,3),('REV2004-08-149','SRE-V254','149','DONATION/GRANTS/AID(150)','REV2004-08-143','group',419,426,2),('REV2004-08-150','SRE-V254','150','GRANTS AND DONATIONS (151+152)','REV2004-08-149','group',420,425,3),('REV2004-08-151','SRE-V254','151','FOREIGN ','REV2004-08-150','item',421,422,4),('REV2004-08-152','SRE-V254','152','DOMESTIC','REV2004-08-150','item',423,424,4),('REV2004-08-153','SRE-V254','153','OTHER RECEIPTS (154+155)','REV2004-08-143','group',427,432,2),('REV2004-08-154','SRE-V254','154','INTEREST INCOME','REV2004-08-153','item',428,429,3),('REV2004-08-155','SRE-V254','155','OTHER BUSINESS INCOME (MISCELLANEOUS)','REV2004-08-153','item',430,431,3),('REV2004-08-156','SRE-V254','156','OTHER SUBSIDY INCOME','REV2004-08-156','group',NULL,NULL,NULL),('REV2004-08-157','SRE-V254','157','INTER-LOCAL TRANSFERS (158+159)','REV2004-08-143','item',433,438,2),('REV2004-08-158','SRE-V254','158','SUBSIDY FROM LGUs','REV2004-08-157','item',434,435,3),('REV2004-08-159','SRE-V254','159','SUBSIDY FROM OTHER FUNDS','REV2004-08-157','item',436,437,3),('REV2004-08-160','SRE-V254','160','RECEIPTS FROM LOANS AND BORROWINGS (PAYABLE) (161+162)','REV2004-08-143','group',439,444,2),('REV2004-08-161','SRE-V254','161','LOANS-FOREIGN','REV2004-08-160','item',440,441,3),('REV2004-08-162','SRE-V254','162','LAONS-DOMESTIC','REV2004-08-160','item',442,443,3),('REV2004-08-200','SRE-V254','200','INTER-AGENCY PAYABLES',NULL,'root',446,605,1),('SRE-1','SRE','1','RECEIPTS',NULL,'root',0,285,1),('SRE-101','SRE','101','LOCAL SOURCES','SRE-1','group',1,204,2),('SRE-10101','SRE','10101','TAX REVENUE','SRE-101','group',2,81,3),('SRE-1010101','SRE','1010101','REAL PROPERTY TAX','SRE-10101','group',3,32,4),('SRE-101010101','SRE','101010101','Real Property Tax -Basic','SRE-1010101','group',4,13,5),('SRE-10101010101','SRE','10101010101','Current Year','SRE-101010101','item',5,6,6),('SRE-10101010102','SRE','10101010102','Fines and Penalties-Current Year','SRE-101010101','item',7,8,6),('SRE-10101010103','SRE','10101010103','Prior Year/s','SRE-101010101','item',9,10,6),('SRE-10101010104','SRE','10101010104','Fines and Penalties-Prior Year/s','SRE-101010101','item',11,12,6),('SRE-101010102','SRE','101010102','Special Levy on Idle Lands','SRE-1010101','group',14,23,5),('SRE-10101010201','SRE','10101010201','Current Year','SRE-101010102','item',15,16,6),('SRE-10101010202','SRE','10101010202','Fines and Penalties-Current Year','SRE-101010102','item',17,18,6),('SRE-10101010203','SRE','10101010203','Prior Year/s','SRE-101010102','item',19,20,6),('SRE-10101010204','SRE','10101010204','Fines and Penalties-Prior Year/s','SRE-101010102','item',21,22,6),('SRE-101010103','SRE','101010103','Special Levy on Land Benefited by Public Works Projects','SRE-1010101','group',24,31,5),('SRE-10101010301','SRE','10101010301','Current Year','SRE-101010103','item',25,26,6),('SRE-10101010302','SRE','10101010302','Fines and Penalties-Current Year','SRE-101010103','item',27,28,6),('SRE-10101010303','SRE','10101010303','Prior Year/s','SRE-101010103','item',29,30,6),('SRE-1010102','SRE','1010102','TAX ON BUSINESS','SRE-10101','group',33,66,4),('SRE-101010201','SRE','101010201','Amusement Tax','SRE-1010102','item',34,35,5),('SRE-101010202','SRE','101010202','Business Tax','SRE-1010102','group',36,57,5),('SRE-10101020201','SRE','10101020201','Manufacturers, Assemblers, etc.','SRE-101010202','item',37,38,6),('SRE-10101020202','SRE','10101020202','Wholesalers, Distributors, etc.','SRE-101010202','item',39,40,6),('SRE-10101020203','SRE','10101020203','Exporters, Manufacturers, Dealers, etc.','SRE-101010202','item',41,42,6),('SRE-10101020204','SRE','10101020204','Retailers','SRE-101010202','item',43,44,6),('SRE-10101020205','SRE','10101020205','Contractors and other Independent contractors','SRE-101010202','item',45,46,6),('SRE-10101020206','SRE','10101020206','Banks & Other Financial Institutions','SRE-101010202','item',47,48,6),('SRE-10101020207','SRE','10101020207','Peddlers','SRE-101010202','item',49,50,6),('SRE-10101020208','SRE','10101020208','Printing & Publication Tax','SRE-101010202','item',51,52,6),('SRE-10101020209','SRE','10101020209','Tax on Amusement Places','SRE-101010202','item',53,54,6),('SRE-10101020210','SRE','10101020210','Other Business Taxes','SRE-101010202','item',55,56,6),('SRE-101010203','SRE','101010203','Franchise Tax','SRE-1010102','item',58,59,5),('SRE-101010204','SRE','101010204','Tax on Delivery Trucks and Vans','SRE-1010102','item',60,61,5),('SRE-101010205','SRE','101010205','Tax on Sand, Gravel & Other Quarry Resources','SRE-1010102','item',62,63,5),('SRE-101010206','SRE','101010206','Fines and Penalties-Business Taxes','SRE-1010102','item',64,65,5),('SRE-1010103','SRE','1010103','OTHER TAXES','SRE-10101','group',67,80,4),('SRE-101010301','SRE','101010301','Community Tax-Corporation','SRE-1010103','item',68,69,5),('SRE-101010302','SRE','101010302','Community Tax-Individual','SRE-1010103','item',70,71,5),('SRE-101010303','SRE','101010303','Professional Tax','SRE-1010103','item',72,73,5),('SRE-101010304','SRE','101010304','Real Property Transfer Tax','SRE-1010103','item',74,75,5),('SRE-101010305','SRE','101010305','Other Taxes','SRE-1010103','item',76,77,5),('SRE-101010306','SRE','101010306','Fines and Penalties-Other Taxes','SRE-1010103','item',78,79,5),('SRE-10102','SRE','10102','NON-TAX REVENUES','SRE-101','group',82,203,3),('SRE-1010201','SRE','1010201','REGULATORY FEES (Permits and Licenses)','SRE-10102','group',83,114,4),('SRE-101020101','SRE','101020101','Permits and Licenses','SRE-1010201','group',84,103,5),('SRE-10102010101','SRE','10102010101','Fees on Weights and Measures','SRE-101020101','item',85,86,6),('SRE-10102010102','SRE','10102010102','Fishery Rental Fees and Privilege Fees','SRE-101020101','item',87,88,6),('SRE-10102010103','SRE','10102010103','Franchising and Licensing Fees','SRE-101020101','item',89,90,6),('SRE-10102010104','SRE','10102010104','Business Permit Fees','SRE-101020101','item',91,92,6),('SRE-10102010105','SRE','10102010105','Building Permit Fees','SRE-101020101','item',93,94,6),('SRE-10102010106','SRE','10102010106','Zonal/Location Permit Fees','SRE-101020101','item',95,96,6),('SRE-10102010107','SRE','10102010107','Tricycle Operators Permit Fees','SRE-101020101','item',97,98,6),('SRE-10102010108','SRE','10102010108','Occupational Fees','SRE-101020101','item',99,100,6),('SRE-10102010109','SRE','10102010109','Other Permits & Licenses','SRE-101020101','item',101,102,6),('SRE-101020102','SRE','101020102','Registration Fees','SRE-1010201','group',104,109,5),('SRE-10102010201','SRE','10102010201','Cattle/Animal Registration Fees','SRE-101020102','item',105,106,6),('SRE-10102010202','SRE','10102010202','Civil Registration Fees','SRE-101020102','item',107,108,6),('SRE-101020103','SRE','101020103','Inspection Fees','SRE-1010201','item',110,111,5),('SRE-101020104','SRE','101020104','Fines and Penalties-Permits and Licenses','SRE-1010201','item',112,113,5),('SRE-1010202','SRE','1010202','SERVICE/USER CHARGES (Service Income)','SRE-10102','group',115,150,4),('SRE-101020201','SRE','101020201','Clearance and Certification Fees','SRE-1010202','group',116,125,5),('SRE-10102020101','SRE','10102020101','Police Clearance','SRE-101020201','item',117,118,6),('SRE-10102020102','SRE','10102020102','Secretary\'s Fees','SRE-101020201','item',119,120,6),('SRE-10102020103','SRE','10102020103','Health Certificate','SRE-101020201','item',121,122,6),('SRE-10102020104','SRE','10102020104','Other Clearance and Certification','SRE-101020201','item',123,124,6),('SRE-101020202','SRE','101020202','Other Fees','SRE-1010202','group',126,135,5),('SRE-10102020201','SRE','10102020201','Garbage Fees','SRE-101020202','item',127,128,6),('SRE-10102020202','SRE','10102020202','Wharfage Fees','SRE-101020202','item',129,130,6),('SRE-10102020203','SRE','10102020203','Toll Fees','SRE-101020202','item',131,132,6),('SRE-10102020204','SRE','10102020204','Other Service Income','SRE-101020202','item',133,134,6),('SRE-101020203','SRE','101020203','Fines and Penalties-Service Income','SRE-1010202','item',136,137,5),('SRE-101020204','SRE','101020204','Landing and Aeronautical Fees','SRE-1010202','item',138,139,5),('SRE-101020205','SRE','101020205','Parking and Terminal Fees','SRE-1010202','item',140,141,5),('SRE-101020206','SRE','101020206','Hospital Fees','SRE-1010202','item',142,143,5),('SRE-101020207','SRE','101020207','Medical, Dental and Laboratory Fees','SRE-1010202','item',144,145,5),('SRE-101020208','SRE','101020208','Market & Slaughterhouse Fees','SRE-1010202','item',146,147,5),('SRE-101020209','SRE','101020209','Printing and Publication Fees','SRE-1010202','item',148,149,5),('SRE-1010203','SRE','1010203','RECEIPTS FROM ECONOMIC ENTERPRISES (Business Income)','SRE-10102','group',151,188,4),('SRE-101020301','SRE','101020301','Receipts from Economic Enterprises (Business Income)','SRE-1010203','group',152,187,5),('SRE-10102030101','SRE','10102030101','School Operations','SRE-101020301','item',153,154,6),('SRE-10102030102','SRE','10102030102','Power Generation/Distribution','SRE-101020301','item',155,156,6),('SRE-10102030103','SRE','10102030103','Hospital Operations','SRE-101020301','item',157,158,6),('SRE-10102030104','SRE','10102030104','Canteen/Restaurant Operations','SRE-101020301','item',159,160,6),('SRE-10102030105','SRE','10102030105','Cemetery Operations','SRE-101020301','item',161,162,6),('SRE-10102030106','SRE','10102030106','Communication Facilities & Equipment Operations','SRE-101020301','item',163,164,6),('SRE-10102030107','SRE','10102030107','Dormitory Operations','SRE-101020301','item',165,166,6),('SRE-10102030108','SRE','10102030108','Market Operations','SRE-101020301','item',167,168,6),('SRE-10102030109','SRE','10102030109','Slaughterhouse Operations','SRE-101020301','item',169,170,6),('SRE-10102030110','SRE','10102030110','Transportation System Operations','SRE-101020301','item',171,172,6),('SRE-10102030111','SRE','10102030111','Waterworks System Operations','SRE-101020301','item',173,174,6),('SRE-10102030112','SRE','10102030112','Printing & Publication Operations','SRE-101020301','item',175,176,6),('SRE-10102030113','SRE','10102030113','Lease/Rental of Facilities','SRE-101020301','item',177,178,6),('SRE-10102030114','SRE','10102030114','Trading Business','SRE-101020301','item',179,180,6),('SRE-10102030115','SRE','10102030115','Other Economic Enterprises','SRE-101020301','item',181,182,6),('SRE-10102030116','SRE','10102030116','Fines and Penalties-Economic Enterprises','SRE-101020301','item',183,184,6),('SRE-10102030117','SRE','10102030117','Prepaid Income (Prepaid Rent)','SRE-101020301','item',185,186,6),('SRE-1010204','SRE','1010204','OTHER INCOME/RECEIPTS (Other General Income)','SRE-10102','group',189,202,4),('SRE-101020401','SRE','101020401','Interest Income','SRE-1010204','item',190,191,5),('SRE-101020402','SRE','101020402','Dividend Income','SRE-1010204','item',192,193,5),('SRE-101020403','SRE','101020403','Other General Income (Miscellaneous)','SRE-1010204','group',194,201,5),('SRE-10102040301','SRE','10102040301','Rebates on MMDA Contribution','SRE-101020403','item',195,196,6),('SRE-10102040302','SRE','10102040302','Sales of Confiscated/Abandoned/Seized Goods & Properties','SRE-101020403','item',197,198,6),('SRE-10102040303','SRE','10102040303','Miscellaneous - Others','SRE-101020403','item',199,200,6),('SRE-102','SRE','102','EXTERNAL SOURCES','SRE-1','group',205,266,2),('SRE-10201','SRE','10201','INTERNAL REVENUE ALLOTMENT','SRE-102','group',206,211,3),('SRE-1020101','SRE','1020101','Current Year','SRE-10201','item',207,208,4),('SRE-1020102','SRE','1020102','Prior Year','SRE-10201','item',209,210,4),('SRE-10202','SRE','10202','OTHER SHARES FROM NATIONAL TAX COLLECTIONS','SRE-102','group',212,235,3),('SRE-1020201','SRE','1020201','Share from Economic Zone (RA 7227)','SRE-10202','item',213,214,4),('SRE-1020202','SRE','1020202','Share from EVAT','SRE-10202','item',215,216,4),('SRE-1020203','SRE','1020203','Share from National Wealth','SRE-10202','group',217,228,4),('SRE-102020301','SRE','102020301','Mining Taxes','SRE-1020203','item',218,219,5),('SRE-102020302','SRE','102020302','Utilization of hydrothermal, geothermal and other sources of energy','SRE-1020203','item',220,221,5),('SRE-102020303','SRE','102020303','Forestry Charges','SRE-1020203','item',222,223,5),('SRE-102020304','SRE','102020304','Mineral Reservations','SRE-1020203','item',224,225,5),('SRE-102020305','SRE','102020305','Others','SRE-1020203','item',226,227,5),('SRE-1020204','SRE','1020204','Share from PAGCOR/PCSO/Lotto','SRE-10202','item',229,230,4),('SRE-1020205','SRE','1020205','Share from Tobacco Excise Tax (RA 7171)','SRE-10202','item',231,232,4),('SRE-1020206','SRE','1020206','Others','SRE-10202','item',233,234,4),('SRE-10203','SRE','10203','INTER-LOCAL TRANSFERS','SRE-102','group',236,241,3),('SRE-1020301','SRE','1020301','Subsidy from LGUs','SRE-10203','item',237,238,4),('SRE-1020302','SRE','1020302','Subsidy from Other Funds','SRE-10203','item',239,240,4),('SRE-10204','SRE','10204','EXTRAORDINARY RECEIPTS/GRANTS/DONATIONS/AIDS','SRE-102','group',242,265,3),('SRE-1020401','SRE','1020401','Grants and Donations','SRE-10204','group',243,248,4),('SRE-102040101','SRE','102040101','Domestic','SRE-1020401','item',244,245,5),('SRE-102040102','SRE','102040102','Foreign','SRE-1020401','item',246,247,5),('SRE-1020402','SRE','1020402','Subsidy Income','SRE-10204','group',249,254,4),('SRE-102040201','SRE','102040201','Other Subsidy Income','SRE-1020402','item',250,251,5),('SRE-102040202','SRE','102040202','Subsidy from GOCCs','SRE-1020402','item',252,253,5),('SRE-1020403','SRE','1020403','Extraordinary Gains and Premiums','SRE-10204','group',255,264,4),('SRE-102040301','SRE','102040301','Gain on FOREX','SRE-1020403','item',256,257,5),('SRE-102040302','SRE','102040302','Gain on Sale of Assets','SRE-1020403','item',258,259,5),('SRE-102040303','SRE','102040303','Premium on Bonds Payable','SRE-1020403','item',260,261,5),('SRE-102040304','SRE','102040304','Gain on Sale of Investments','SRE-1020403','item',262,263,5),('SRE-103','SRE','103','TRUST FUND RECEIPTS','SRE-1','group',267,284,2),('SRE-10301','SRE','10301','General Public Services','SRE-103','item',268,269,3),('SRE-10302','SRE','10302','Education, Culture & Sports/Manpower Development','SRE-103','item',270,271,3),('SRE-10303','SRE','10303','Health, Nutrition & Population Control','SRE-103','item',272,273,3),('SRE-10304','SRE','10304','Labor and Employment','SRE-103','item',274,275,3),('SRE-10305','SRE','10305','Housing and Community Development','SRE-103','item',276,277,3),('SRE-10306','SRE','10306','Social Services and Social Welfare','SRE-103','item',278,279,3),('SRE-10307','SRE','10307','Economic Services','SRE-103','item',280,281,3),('SRE-10308','SRE','10308','Debt Service (FE) (Interest Expense & Other Charges)','SRE-103','item',282,283,3),('SRE-2','SRE','2','EXPENDITURES',NULL,'root',286,287,1),('SRE-NGAS-\'664-1','SRE-NGAS','\'664-1','INTEREST FROM DEPOSITORY BANK','SRE-NGAS-664','detail',159,160,4),('SRE-NGAS-0','SRE-NGAS','-','NGAS',NULL,'root',0,195,1),('SRE-NGAS-581','SRE-NGAS','581','AMUSEMENT TAX','SRE-NGAS-A','item',2,3,3),('SRE-NGAS-582','SRE-NGAS','582','BUSINESS TAX','SRE-NGAS-A','item',4,11,3),('SRE-NGAS-582-1','SRE-NGAS','582-1','BUSINESS TAXES','SRE-NGAS-582','detail',5,6,4),('SRE-NGAS-582-2','SRE-NGAS','582-2','SURCHARGE ON BUSINESS','SRE-NGAS-582','detail',7,8,4),('SRE-NGAS-582-3','SRE-NGAS','582-3','INTEREST ON BUSINESS','SRE-NGAS-582','detail',9,10,4),('SRE-NGAS-583','SRE-NGAS','583','COMMUNITY TAX','SRE-NGAS-A','item',12,21,3),('SRE-NGAS-583-1','SRE-NGAS','583-1','CTC MUNICIPAL SHARE','SRE-NGAS-583','detail',13,14,4),('SRE-NGAS-583-2','SRE-NGAS','583-2','CTC-INDIVIDUAL','SRE-NGAS-583','detail',15,16,4),('SRE-NGAS-583-3','SRE-NGAS','583-3','CTC-CORPORATE','SRE-NGAS-583','detail',17,18,4),('SRE-NGAS-583-4','SRE-NGAS','583-4','CTC- INTEREST','SRE-NGAS-583','detail',19,20,4),('SRE-NGAS-588','SRE-NGAS','588','REAL PROPERTY TAX','SRE-NGAS-A','item',22,31,3),('SRE-NGAS-588-1','SRE-NGAS','588-1','BASIC CURRENT','SRE-NGAS-588','detail',23,24,4),('SRE-NGAS-588-2','SRE-NGAS','588-2','BASIC PREVIOUS','SRE-NGAS-588','detail',25,26,4),('SRE-NGAS-588-3','SRE-NGAS','588-3','BASIC CURRENT PENALTIES','SRE-NGAS-588','detail',27,28,4),('SRE-NGAS-588-4','SRE-NGAS','588-4','BASIC PREVIOUS PENALTIES','SRE-NGAS-588','detail',29,30,4),('SRE-NGAS-591','SRE-NGAS','591','SPECIAL EDUCATION TAX','SRE-NGAS-A','item',32,41,3),('SRE-NGAS-591-1','SRE-NGAS','591-1','SEF CURENT','SRE-NGAS-591','detail',33,34,4),('SRE-NGAS-591-2','SRE-NGAS','591-2','SEF PREVIOUS','SRE-NGAS-591','detail',35,36,4),('SRE-NGAS-591-3','SRE-NGAS','591-3','SEF CURRENT PENALTIES','SRE-NGAS-591','detail',37,38,4),('SRE-NGAS-591-4','SRE-NGAS','591-4','SEF PREVIOUS PENALTIES','SRE-NGAS-591','detail',39,40,4),('SRE-NGAS-593','SRE-NGAS','593','TAX ON SAND, GRAVEL AND OTHER QUARRY PRODUCTS','SRE-NGAS-A','item',42,43,3),('SRE-NGAS-598','SRE-NGAS','598','OTHER LOCAL TAXES','SRE-NGAS-A','item',44,45,3),('SRE-NGAS-601','SRE-NGAS','601','WEIGHTS AND MEASURES','SRE-NGAS-C','item',48,49,3),('SRE-NGAS-605','SRE-NGAS','605','PERMIT FEES','SRE-NGAS-C','item',50,63,3),('SRE-NGAS-605-1','SRE-NGAS','605-1','BUILDING PERMIT FEES','SRE-NGAS-605','detail',51,52,4),('SRE-NGAS-605-2','SRE-NGAS','605-2','BURIAL PERMIT FEES','SRE-NGAS-605','detail',53,54,4),('SRE-NGAS-605-3A','SRE-NGAS','605-3A','MAYOR\'S PERMIT - BUSINESS','SRE-NGAS-605','detail',57,58,4),('SRE-NGAS-605-3B','SRE-NGAS','605-3B','MAYOR\'S PERMIT- MARKET','SRE-NGAS-605','detail',59,60,4),('SRE-NGAS-605-3C','SRE-NGAS','605-3C','MAYOR\'\'S PERMIT- TITT','SRE-NGAS-605','detail',61,62,4),('SRE-NGAS-605-3D','SRE-NGAS','605-3','MAYOR\'S PERMIT FEES','SRE-NGAS-605','detail',55,56,4),('SRE-NGAS-606','SRE-NGAS','606','REGISTRATION FEES','SRE-NGAS-C','item',64,71,3),('SRE-NGAS-606-1','SRE-NGAS','606-1','VEHICLE REGISTRATION FEES','SRE-NGAS-606','detail',65,66,4),('SRE-NGAS-606-2','SRE-NGAS','606-2','REGISTRATION OF LARGE CATTLE','SRE-NGAS-606','detail',67,68,4),('SRE-NGAS-606-3','SRE-NGAS','606-3','REGISTRATION FEE','SRE-NGAS-606','detail',69,70,4),('SRE-NGAS-608','SRE-NGAS','608','OTHER PERMITS AND LICENSES','SRE-NGAS-C','item',72,81,3),('SRE-NGAS-608-1','SRE-NGAS','608-1','MARRIAGE FEES','SRE-NGAS-608','detail',73,74,4),('SRE-NGAS-608-2','SRE-NGAS','608-2','CIVIL RESTRATION FEES (BREQS)','SRE-NGAS-608','detail',75,76,4),('SRE-NGAS-608-3','SRE-NGAS','608-3','LCR CERTIFICATION FEES','SRE-NGAS-608','detail',77,78,4),('SRE-NGAS-608-4','SRE-NGAS','608-4','LICENSE/RENTAL FROM MUNICIPAL SEA WATERS','SRE-NGAS-608','detail',79,80,4),('SRE-NGAS-613','SRE-NGAS','613','CLEARANCE AND CERTIFICATION FEES','SRE-NGAS-D','item',84,101,3),('SRE-NGAS-613-1','SRE-NGAS','613-1','MO-MAYOR\'S CLEARANCE','SRE-NGAS-613','detail',85,86,4),('SRE-NGAS-613-2','SRE-NGAS','613-2','MTO-CERTIFICATION FEE','SRE-NGAS-613','detail',87,88,4),('SRE-NGAS-613-3','SRE-NGAS','613-3','MASSO- CERTIFICATION FEE','SRE-NGAS-613','detail',89,90,4),('SRE-NGAS-613-4','SRE-NGAS','613-4','ZONING CLEARANCE','SRE-NGAS-613','detail',91,92,4),('SRE-NGAS-613-5','SRE-NGAS','613-5','POLICE CERTIFICATION FEE','SRE-NGAS-613','detail',93,94,4),('SRE-NGAS-613-6','SRE-NGAS','613-6','DA-CERTIFICATION FEE','SRE-NGAS-613','detail',95,96,4),('SRE-NGAS-613-7','SRE-NGAS','613-7','LCR CERTIFICATION FEE','SRE-NGAS-613','detail',97,98,4),('SRE-NGAS-613-8','SRE-NGAS','613-8','FIRE SAFETY/INSFECTION FEES','SRE-NGAS-613','detail',99,100,4),('SRE-NGAS-628','SRE-NGAS','628','OTHER SERVICE INCOME','SRE-NGAS-D','item',102,117,3),('SRE-NGAS-628-1','SRE-NGAS','628-1','SALE OF BID DOCUMENTS','SRE-NGAS-628','detail',103,104,4),('SRE-NGAS-628-2','SRE-NGAS','628-2','MISCELLANEOUS FEE','SRE-NGAS-628','detail',105,106,4),('SRE-NGAS-628-3','SRE-NGAS','628-3','SUPERVISION AND REGULATION ENFORCEMENT FEES','SRE-NGAS-628','detail',107,108,4),('SRE-NGAS-628-3A','SRE-NGAS','628-3A','ILLEGAL FISHING','SRE-NGAS-628','detail',109,110,4),('SRE-NGAS-628-4','SRE-NGAS','628-4','MEDICAL RELATED INCOME (RHU)','SRE-NGAS-628','detail',111,112,4),('SRE-NGAS-628-5','SRE-NGAS','628-5','ANTI-RABBIES PROGRAM AND VACCINE FEES','SRE-NGAS-628','detail',113,114,4),('SRE-NGAS-628-6','SRE-NGAS','628-6','INTEGRATED SOLID WASTE MANAGEMENT','SRE-NGAS-628','detail',115,116,4),('SRE-NGAS-633','SRE-NGAS','633','INCOME FROM CEMETERY OPERATION','SRE-NGAS-E','item',120,121,3),('SRE-NGAS-636','SRE-NGAS','636','INCOME FROM MARKETS','SRE-NGAS-G','item',180,191,3),('SRE-NGAS-636-1','SRE-NGAS','636-1','BLOCK RENTAL','SRE-NGAS-636','detail',181,182,4),('SRE-NGAS-636-2A','SRE-NGAS','636-2A','CASH TICKETS MARKET','SRE-NGAS-636','detail',183,184,4),('SRE-NGAS-636-2B','SRE-NGAS','636-2B','CASH TICKETS CR','SRE-NGAS-636','detail',185,186,4),('SRE-NGAS-636-2C','SRE-NGAS','636-2C','CASH TICKETS EXCESS AREA','SRE-NGAS-636','detail',187,188,4),('SRE-NGAS-636-3','SRE-NGAS','636-3','MARKET FEES','SRE-NGAS-636','detail',189,190,4),('SRE-NGAS-637','SRE-NGAS','637','INCOME FROM SLAUGHTERHOUSE','SRE-NGAS-G','item',192,193,3),('SRE-NGAS-638','SRE-NGAS','638','INCOME FROM TRANSPORTATION SYSTEM','SRE-NGAS-E','item',122,125,3),('SRE-NGAS-638-1','SRE-NGAS','638-1','TERMINAL FEES','SRE-NGAS-638','detail',123,124,4),('SRE-NGAS-642','SRE-NGAS','642','RENT INCOME','SRE-NGAS-E','item',126,131,3),('SRE-NGAS-642-1','SRE-NGAS','642-1','RENTAL FROM HEAVY EQUIPMENT','SRE-NGAS-642','detail',127,128,4),('SRE-NGAS-642-2','SRE-NGAS','642-2','RENTAL FROM GOVT. FACILITIES','SRE-NGAS-642','detail',129,130,4),('SRE-NGAS-644','SRE-NGAS','644','TUITION AND OTHER FEES','SRE-NGAS-E','item',132,133,3),('SRE-NGAS-648','SRE-NGAS','648','OTHER BUSINESS INCOME','SRE-NGAS-E','item',134,155,3),('SRE-NGAS-648-1','SRE-NGAS','648-1','INCOME FROM BIDDING','SRE-NGAS-648','detail',135,136,4),('SRE-NGAS-648-2','SRE-NGAS','648-2','OCCUPANCY FEE','SRE-NGAS-648','detail',137,138,4),('SRE-NGAS-648-3','SRE-NGAS','648-3','INCOME FROM BREEDING CENTER','SRE-NGAS-648','detail',139,140,4),('SRE-NGAS-648-4','SRE-NGAS','648-4','INCOME FROM GREENHOUSE','SRE-NGAS-648','detail',141,142,4),('SRE-NGAS-648-5','SRE-NGAS','648-5','HARVESTER\'S SHARE','SRE-NGAS-648','detail',143,144,4),('SRE-NGAS-648-6','SRE-NGAS','648-6','GUARRANTY DEPOSIT','SRE-NGAS-648','detail',145,146,4),('SRE-NGAS-648-7','SRE-NGAS','648-7','CO-MGT. PROJECT PERMIT AND FEES-MUN','SRE-NGAS-648','detail',147,148,4),('SRE-NGAS-648-7A','SRE-NGAS','648-7A','CO-MGT. PROJECT PERMIT AND FEES-DENR','SRE-NGAS-648','detail',149,150,4),('SRE-NGAS-648-8','SRE-NGAS','648-8','COST OF PLATE','SRE-NGAS-648','detail',151,152,4),('SRE-NGAS-648-9','SRE-NGAS','648-9','INCOME FROM ORGANIC FERTILIZAER','SRE-NGAS-648','detail',153,154,4),('SRE-NGAS-664','SRE-NGAS','664','INTEREST INCOME','SRE-NGAS-F','item',158,163,3),('SRE-NGAS-664-2','SRE-NGAS','664-2','INTEREST FROM TIME DEPOSIT','SRE-NGAS-664','detail',161,162,4),('SRE-NGAS-665','SRE-NGAS','665','NATIONAL TAX ALLOCATION','SRE-NGAS-F','item',164,165,3),('SRE-NGAS-670','SRE-NGAS','670','SHARE FROM PAGCOR/PCSO','SRE-NGAS-F','item',166,167,3),('SRE-NGAS-678','SRE-NGAS','678','MISCELLANEOUS INCOME','SRE-NGAS-F','item',168,177,3),('SRE-NGAS-678-1','SRE-NGAS','678-1','TOURISM','SRE-NGAS-678','detail',169,170,4),('SRE-NGAS-678-2','SRE-NGAS','678-2','INTERPRETIVE','SRE-NGAS-678','detail',171,172,4),('SRE-NGAS-678-3','SRE-NGAS','678-3','PHILHEALTH','SRE-NGAS-678','detail',173,174,4),('SRE-NGAS-678-4','SRE-NGAS','678-4','MISCELLANEOUS INCOME','SRE-NGAS-678','detail',175,176,4),('SRE-NGAS-A','SRE-NGAS','A','LOCAL TAXES','SRE-NGAS-0','group',1,46,2),('SRE-NGAS-C','SRE-NGAS','C','PERMITS AND LICENSES','SRE-NGAS-0','group',47,82,2),('SRE-NGAS-D','SRE-NGAS','D','SERVICE INCOME','SRE-NGAS-0','group',83,118,2),('SRE-NGAS-E','SRE-NGAS','E','BUSINESS INCOME','SRE-NGAS-0','group',119,156,2),('SRE-NGAS-F','SRE-NGAS','F','OTHER INCOME','SRE-NGAS-0','group',157,178,2),('SRE-NGAS-G','SRE-NGAS','G','ECONOMIC ENTERPRISE','SRE-NGAS-0','group',179,194,2),('SRE-V254-105-17','SRE-V254','105-17','AMBULANCE RENTAL','REV2004-08-105','detail',199,200,6),('SRE260177fd:147ecfbd3e2:-193c','SRE-V254','224','RPT BASIC 65% AND SEF 50%','SREGRP260177fd:147ecfbd3e2:-2c70','item',484,485,3),('SRE260177fd:147ecfbd3e2:-197f','SRE-V254','223','AMUSEMENT TAX 50%','SREGRP260177fd:147ecfbd3e2:-2c70','item',482,483,3),('SRE260177fd:147ecfbd3e2:-19be','SRE-V254','222','SAND AND GRAVEL 70%','SREGRP260177fd:147ecfbd3e2:-2c70','item',480,481,3),('SRE260177fd:147ecfbd3e2:-2b7b','SRE-V254','215','OTHER NGA\'S','SREGRP260177fd:147ecfbd3e2:-2c89','item',464,465,3),('SRE260177fd:147ecfbd3e2:-2bbe','SRE-V254','214','WITHOLDING TAX','SREGRP260177fd:147ecfbd3e2:-2c89','item',462,463,3),('SRE260177fd:147ecfbd3e2:-2c01','SRE-V254','213','OVER/UNDER REMITTANCE','SREGRP260177fd:147ecfbd3e2:-2c89','item',460,461,3),('SRE260177fd:147ecfbd3e2:-2c40','SRE-V254','212','SAMUPHAI','SREGRP260177fd:147ecfbd3e2:-2c89','item',458,459,3),('SRE260177fd:147ecfbd3e2:-2d24','SRE-V254','205','WAGES','SREGRP260177fd:147ecfbd3e2:-2e75','item',454,455,3),('SRE260177fd:147ecfbd3e2:-2d6e','SRE-V254','204','PERFORMANCE BOND','SREGRP260177fd:147ecfbd3e2:-2e75','item',452,453,3),('SRE260177fd:147ecfbd3e2:-2e1c','SRE-V254','203','LOAN RECEIVABLES','SREGRP260177fd:147ecfbd3e2:-2e75','item',450,451,3),('SRE260177fd:147ecfbd3e2:-2e49','SRE-V254','202','PLANT NOW PAY LATER','SREGRP260177fd:147ecfbd3e2:-2e75','item',448,449,3),('SRE52ef086a:148e41336ea:-10cf','SRE-V254','426','104',NULL,'root',606,607,1),('SREACCT-1664a3b1:1692c6539fb:-6a5d','SRE-V254','232-3','BIR DOC STAMP','SREACCT54238067:15151bbc4f5:3c65','item',602,603,3),('SREACCT-322c5256:15a8c54779b:-75e9','SRE-V254','227','RPT INTEREST AUCTION (BRGY)','SREGRP260177fd:147ecfbd3e2:-2c70','item',554,563,3),('SREACCT-376b1bc:152384b95b4:-7188','SRE-V254','55-A','ANCHORAGE FEE','REV2004-08-048','item',42,43,5),('SREACCT18fa242c:160fc3879b8:-7dd4','SRE-V254','74','POLLUTER FEES','REV2004-08-069','item',96,97,5),('SREACCT204b8962:1515ad1f418:13ec','SRE-V254','301','(TRUST) PAYROLL FUND','SREGRP260177fd:147ecfbd3e2:-18b3','item',574,575,3),('SREACCT204b8962:1515ad1f418:142b','SRE-V254','302','(TRUST) REFUND','SREGRP260177fd:147ecfbd3e2:-18b3','item',576,577,3),('SREACCT204b8962:1515ad1f418:1457','SRE-V254','303','(TRUST) DUE TO OTHER NGA','SREGRP260177fd:147ecfbd3e2:-18b3','item',578,579,3),('SREACCT204b8962:1515ad1f418:147b','SRE-V254','304','(TRUST) DUE TO LGU','SREGRP260177fd:147ecfbd3e2:-18b3','item',580,581,3),('SREACCT204b8962:1515ad1f418:149f','SRE-V254','305','(TRUST) CASH BOND DEPOSIT','SREGRP260177fd:147ecfbd3e2:-18b3','item',582,583,3),('SREACCT204b8962:1515ad1f418:14c3','SRE-V254','306','(TRUST) OTHER PAYABLES','SREGRP260177fd:147ecfbd3e2:-18b3','item',584,585,3),('SREACCT204b8962:1515ad1f418:14e7','SRE-V254','307','(TRUST) BIDDING DOCS','SREGRP260177fd:147ecfbd3e2:-18b3','item',586,587,3),('SREACCT204b8962:1515ad1f418:150b','SRE-V254','308','(TRUST) ACCREDITATION FEES','SREGRP260177fd:147ecfbd3e2:-18b3','item',588,589,3),('SREACCT204b8962:1515ad1f418:58ab','SRE-V254','401','(SEF) REPLENISHMENT / TRANSFER','SREGRP260177fd:147ecfbd3e2:-18b3','item',590,591,3),('SREACCT204b8962:1515ad1f418:58cb','SRE-V254','402','(SEF) REFUND','SREGRP260177fd:147ecfbd3e2:-18b3','item',592,593,3),('SREACCT204b8962:1515ad1f418:58e7','SRE-V254','403','(SEF) PAYROLL FUND','SREGRP260177fd:147ecfbd3e2:-18b3','item',594,595,3),('SREACCT372b9b54:151510aa741:-6c60','SRE-V254','225','BARANGAY CTC SHARE','SREGRP260177fd:147ecfbd3e2:-2c70','item',486,547,3),('SREACCT54238067:15151bbc4f5:-4b3a','SRE-V254','39-2','OCCUPATION TAX','REV2004-08-039','item',265,266,4),('SREACCT54238067:15151bbc4f5:-4b67','SRE-V254','39-1','FRANCHISE TAX','REV2004-08-039','item',263,264,4),('SREACCT54238067:15151bbc4f5:-4e54','SRE-V254','23-1','AMUSEMENT TAX - (COCKFIT) PROVINCIAL SHARE','REV2004-08-022','item',227,228,4),('SREACCT54238067:15151bbc4f5:-6730','SRE-V254','24-1','BUSINESS TAX','REV2004-08-024','item',230,231,5),('SREACCT54238067:15151bbc4f5:3c65','SRE-V254','232','DUE TO NATIONAL AGENCY','REV2004-08-200','group',597,604,2),('SREACCT54238067:15151bbc4f5:3cac','SRE-V254','232-1','ANTI MORTEM','SREACCT54238067:15151bbc4f5:3c65','item',598,599,3),('SREACCT54238067:15151bbc4f5:3cec','SRE-V254','232-2','LIVESTOCK DEVT. FUND','SREACCT54238067:15151bbc4f5:3c65','item',600,601,3),('SREACCT54238067:15151bbc4f5:3fc2','SRE-V254','215-1','REFUNDS','SREGRP260177fd:147ecfbd3e2:-2c89','item',466,467,3),('SREACCT54238067:15151bbc4f5:3fea','SRE-V254','215-2','REPLENISHMENT / TRANSFER','SREGRP260177fd:147ecfbd3e2:-2c89','item',468,469,3),('SREACCT54238067:15151bbc4f5:400e','SRE-V254','215-3','PAYROLL FUND','SREGRP260177fd:147ecfbd3e2:-2c89','item',470,471,3),('SREACCT54238067:15151bbc4f5:402a','SRE-V254','215-4','PAYMENT (LOAN)','SREGRP260177fd:147ecfbd3e2:-2c89','item',472,473,3),('SREACCT54238067:15151bbc4f5:4046','SRE-V254','215-6','DUE TO PAG-IBIG','SREGRP260177fd:147ecfbd3e2:-2c89','item',474,475,3),('SREACCT54238067:15151bbc4f5:431e','SRE-V254','215-7','OTHER PAYABLES','SREGRP260177fd:147ecfbd3e2:-2c89','item',476,477,3),('SREACCT681bf708:15966c3082d:-44d2','SRE-V254','58','FIRE SAFETY - LOCAL','REV2004-08-048','item',48,49,5),('SREACCT79b0f44b:15a49567ca2:-32dd','SRE-V254','149','SEF RPT BACK TAX','REV2004-08-144','item',406,411,3),('SREACCT79b0f44b:15a49567ca2:-33bf','SRE-V254','226','RPT BACK TAX','SREGRP260177fd:147ecfbd3e2:-2c70','item',548,553,3),('SREACCT79b0f44b:15a49567ca2:-349a','SRE-V254','12','RPT BACK TAX','REV2004-08-007','item',308,311,5),('SREACCT79b0f44b:15a49567ca2:-69ea','SRE-V254','300','(TRUST) PTO AUCTION SALE','SREGRP260177fd:147ecfbd3e2:-18b3','item',566,573,3),('SREACCT79b0f44b:15a49567ca2:-7f1','SRE-V254','150','SEF INTEREST OF AUCTION SALE','REV2004-08-144','item',412,417,3),('SREACCT79b0f44b:15a49567ca2:-96c','SRE-V254','13','INTEREST OF AUCTION SALE','REV2004-08-007','item',312,319,5),('SREGRP260177fd:147ecfbd3e2:-18b3','SRE-V254','231','DUE TO OTHER FUNDS','REV2004-08-200','group',565,596,2),('SREGRP260177fd:147ecfbd3e2:-2c70','SRE-V254','221','DUE TO LGU\'S','REV2004-08-200','group',479,564,2),('SREGRP260177fd:147ecfbd3e2:-2c89','SRE-V254','211','DUE TO OTHER NGA\'S','REV2004-08-200','group',457,478,2),('SREGRP260177fd:147ecfbd3e2:-2e75','SRE-V254','201','OTHER RECEIVABLES','REV2004-08-200','group',447,456,2),('SUBACCT-322c5256:15a8c54779b:-6359','SRE-V254','599-3-008','INTEREST OF AUCTION (CAMBUYO)','SREACCT-322c5256:15a8c54779b:-75e9','detail',559,560,4),('SUBACCT-322c5256:15a8c54779b:-6fff','SRE-V254','599-3-016','INTEREST OF AUCTION (DATAG)','SREACCT-322c5256:15a8c54779b:-75e9','detail',561,562,4),('SUBACCT-468b4e7b:161e406691b:-69f8','SRE-V254','599-3-003','INTEREST OF ACUTION SALE (ABIJILAN)','SREACCT-322c5256:15a8c54779b:-75e9','detail',555,556,4),('SUBACCT-468b4e7b:161e406691b:-6a2f','SRE-V254','599-3-004','INTEREST OF AUCTION SALE (ANTIPOLO)','SREACCT-322c5256:15a8c54779b:-75e9','detail',557,558,4),('SUBACCT-52b6413d:15334a63bff:-153','SRE-V254','60-2','REGISTRATION FEES','REV2004-08-060','detail',57,58,6),('SUBACCT-52b6413d:15334a63bff:-1e65','SRE-V254','60-1','MARRIAGE','REV2004-08-060','detail',55,56,6),('SUBACCT-52b6413d:15334a63bff:-2080','SRE-V254','66-1','BIRTH CERT & OTHERS','REV2004-08-066','detail',71,72,6),('SUBACCT-52b6413d:15334a63bff:-23df','SRE-V254','68-4','SUBCRIPTION FEE','REV2004-08-068','detail',83,84,6),('SUBACCT-52b6413d:15334a63bff:-2416','SRE-V254','68-3','BREQS SERVICE FEE','REV2004-08-068','detail',81,82,6),('SUBACCT-52b6413d:15334a63bff:-2451','SRE-V254','68-2','COURT CLEARANCE','REV2004-08-068','detail',79,80,6),('SUBACCT-52b6413d:15334a63bff:-2488','SRE-V254','68-1','MAYOR\'S CLEARANCE','REV2004-08-068','detail',77,78,6),('SUBACCT-52b6413d:15334a63bff:-3b24','SRE-V254','52-9','MOTORELA REGISTRATION','REV2004-08-052','detail',27,28,6),('SUBACCT-52b6413d:15334a63bff:-4325','SRE-V254','90-3','MARKET CASH TICKETS','REV2004-08-090','detail',135,136,6),('SUBACCT-52b6413d:15334a63bff:-4358','SRE-V254','90-2','MARKET RENTALS / OTHERS','REV2004-08-090','detail',133,134,6),('SUBACCT-52b6413d:15334a63bff:-4387','SRE-V254','90-1','MARKET SLAUGHTER','REV2004-08-090','detail',131,132,6),('SUBACCT-52b6413d:15334a63bff:-6561','SRE-V254','97-2','RP CASH TICKETS','REV2004-08-097','detail',165,166,6),('SUBACCT-52b6413d:15334a63bff:-659a','SRE-V254','97-1','RP FEES','REV2004-08-097','detail',163,164,6),('SUBACCT-52b6413d:15334a63bff:-6b5e','SRE-V254','93-3','WATER PENALTY','REV2004-08-093','detail',147,148,6),('SUBACCT-52b6413d:15334a63bff:-6b91','SRE-V254','93-2','WATER METER','REV2004-08-093','detail',145,146,6),('SUBACCT-52b6413d:15334a63bff:-6bc0','SRE-V254','93-1','WATER BILL','REV2004-08-093','detail',143,144,6),('SUBACCT-52b6413d:15334a63bff:-7e91','SRE-V254','53-3','BUILDING PERMIT','REV2004-08-053','detail',35,36,6),('SUBACCT-52b6413d:15334a63bff:222f','SRE-V254','105-1','DUMPTRUCK RENTAL','REV2004-08-105','detail',181,182,6),('SUBACCT-52b6413d:15334a63bff:225e','SRE-V254','105-2','MIXER RENTAL','REV2004-08-105','detail',201,202,6),('SUBACCT-52b6413d:15334a63bff:2299','SRE-V254','105-3','LIGHTS & SOUNDS (GYM)','REV2004-08-105','detail',203,204,6),('SUBACCT-52b6413d:15334a63bff:22d8','SRE-V254','105-4','TENTS, TABLES & CHAIRS','REV2004-08-105','detail',205,206,6),('SUBACCT-52b6413d:15334a63bff:231b','SRE-V254','105-5','BACKHOE RENTAL','REV2004-08-105','detail',207,208,6),('SUBACCT-52b6413d:15334a63bff:235a','SRE-V254','105-6','ATM OFFSITE RENTAL','REV2004-08-105','detail',209,210,6),('SUBACCT-52b6413d:15334a63bff:23a1','SRE-V254','105-7','ROAD COMPACTOR','REV2004-08-105','detail',211,212,6),('SUBACCT-52b6413d:15334a63bff:23ec','SRE-V254','105-8','XEROX','REV2004-08-105','detail',213,214,6),('SUBACCT-52b6413d:15334a63bff:2437','SRE-V254','105-9','AGRI PRODUCTS','REV2004-08-105','detail',215,216,6),('SUBACCT-52b6413d:15334a63bff:2490','SRE-V254','105-10','COMMEMORATIVE BOOK','REV2004-08-105','detail',183,184,6),('SUBACCT-52b6413d:15334a63bff:3014','SRE-V254','105-11','SALE OF ACCOUNTABLE FORMS','REV2004-08-105','detail',185,186,6),('SUBACCT-52b6413d:15334a63bff:36a2','SRE-V254','105-12','MISCELLANEOUS OTHERS','REV2004-08-105','detail',187,188,6),('SUBACCT-52b6413d:15334a63bff:40be','SRE-V254','105-13','PNP - PENALTIES','REV2004-08-105','detail',189,190,6),('SUBACCT-52b6413d:15334a63bff:51fb','SRE-V254','105-14','OTHER RENTALS','REV2004-08-105','detail',193,194,6),('SUBACCT-5ded8d56:156356c018e:-7443','SRE-V254','105-15','FOUR WHEEL TRACTOR','REV2004-08-105','detail',195,196,6),('SUBACCT22e2845:15d9b2249f4:-601a','SRE-V254','93-6','RECONNECTION','REV2004-08-093','detail',153,154,6),('SUBACCT22e2845:15d9b2249f4:-6577','SRE-V254','93-5','SERVICE FEE','REV2004-08-093','detail',151,152,6),('SUBACCT22e2845:15d9b2249f4:-65b2','SRE-V254','93-4','MEMBERSHIP FEE','REV2004-08-093','detail',149,150,6),('SUBACCT2c008899:166510b5f61:-6c8b','SRE-V254','105-13-A','PNP - PENALTY DRUNKENESS','REV2004-08-105','detail',191,192,6),('SUBACCT372b9b54:151510aa741:-616d','SRE-V254','225-20','CTC MANABA SHARE','SREACCT372b9b54:151510aa741:-6c60','detail',525,526,4),('SUBACCT372b9b54:151510aa741:-620a','SRE-V254','225-19','CTC MALINAO SHARE','SREACCT372b9b54:151510aa741:-6c60','detail',523,524,4),('SUBACCT372b9b54:151510aa741:-625d','SRE-V254','225-18','CTC LUNGSODAAN WEST SHARE','SREACCT372b9b54:151510aa741:-6c60','detail',521,522,4),('SUBACCT372b9b54:151510aa741:-62b0','SRE-V254','225-17','CTC LUNGSODAAN EAST SHARE','SREACCT372b9b54:151510aa741:-6c60','detail',519,520,4),('SUBACCT372b9b54:151510aa741:-6303','SRE-V254','225-16','CTC LIBERTAD SHARE','SREACCT372b9b54:151510aa741:-6c60','detail',517,518,4),('SUBACCT372b9b54:151510aa741:-6356','SRE-V254','225-15','CTC ESTACA SHARE','SREACCT372b9b54:151510aa741:-6c60','detail',515,516,4),('SUBACCT372b9b54:151510aa741:-63a9','SRE-V254','225-14','CTC DATAG SHARE','SREACCT372b9b54:151510aa741:-6c60','detail',513,514,4),('SUBACCT372b9b54:151510aa741:-63fc','SRE-V254','225-13','CTC CUPA SHARE','SREACCT372b9b54:151510aa741:-6c60','detail',511,512,4),('SUBACCT372b9b54:151510aa741:-644f','SRE-V254','225-12','CTC CAYAM SHARE','SREACCT372b9b54:151510aa741:-6c60','detail',509,510,4),('SUBACCT372b9b54:151510aa741:-64a2','SRE-V254','225-11','CTC CATMON SHARE','SREACCT372b9b54:151510aa741:-6c60','detail',507,508,4),('SUBACCT372b9b54:151510aa741:-64f5','SRE-V254','225-10','CTC CANDULAO SHARE','SREACCT372b9b54:151510aa741:-6c60','detail',505,506,4),('SUBACCT372b9b54:151510aa741:-6548','SRE-V254','225-09','CTC CANDANAS SHARE','SREACCT372b9b54:151510aa741:-6c60','detail',503,504,4),('SUBACCT372b9b54:151510aa741:-6593','SRE-V254','225-08','CTC CANAYAON WEST SHARE','SREACCT372b9b54:151510aa741:-6c60','detail',501,502,4),('SUBACCT372b9b54:151510aa741:-65da','SRE-V254','225-07','CTC CANAYAON EAST SHARE','SREACCT372b9b54:151510aa741:-6c60','detail',499,500,4),('SUBACCT372b9b54:151510aa741:-661d','SRE-V254','225-06','CTC CAMBUYO SHARE','SREACCT372b9b54:151510aa741:-6c60','detail',497,498,4),('SUBACCT372b9b54:151510aa741:-665e','SRE-V254','225-05','CTC CALMA SHARE','SREACCT372b9b54:151510aa741:-6c60','detail',495,496,4),('SUBACCT372b9b54:151510aa741:-6b29','SRE-V254','225-04','CTC CAGWANG SHARE','SREACCT372b9b54:151510aa741:-6c60','detail',493,494,4),('SUBACCT372b9b54:151510aa741:-6b60','SRE-V254','225-03','CTC BASIAO SHARE','SREACCT372b9b54:151510aa741:-6c60','detail',491,492,4),('SUBACCT372b9b54:151510aa741:-6b93','SRE-V254','225-02','CTC ANTIPOLO SHARE','SREACCT372b9b54:151510aa741:-6c60','detail',489,490,4),('SUBACCT372b9b54:151510aa741:-6bfa','SRE-V254','225-01','CTC ABIJILAN SHARE','SREACCT372b9b54:151510aa741:-6c60','detail',487,488,4),('SUBACCT3be98e90:164a09f58f6:-3c9e','SRE-V254','105-16','EMERGENCY VEHICLE','REV2004-08-105','detail',197,198,6),('SUBACCT54238067:15151bbc4f5:-196d','SRE-V254','52-8','DOG REGISTRATION','REV2004-08-052','detail',25,26,6),('SUBACCT54238067:15151bbc4f5:-1c18','SRE-V254','52-7','MOTORBOAT REGISTRATION','REV2004-08-052','detail',23,24,6),('SUBACCT54238067:15151bbc4f5:-1fca','SRE-V254','52-6','BICYCLE PERMIT','REV2004-08-052','detail',21,22,6),('SUBACCT54238067:15151bbc4f5:-2cf5','SRE-V254','52-5','EXHUMATION PERMIT','REV2004-08-052','detail',19,20,6),('SUBACCT54238067:15151bbc4f5:-2d30','SRE-V254','52-4','BURIAL PERMIT','REV2004-08-052','detail',17,18,6),('SUBACCT54238067:15151bbc4f5:-2d9d','SRE-V254','52-3','CUTTING PERMIT','REV2004-08-052','detail',15,16,6),('SUBACCT54238067:15151bbc4f5:-33d5','SRE-V254','53-2','OCCUPANCY PERMIT','REV2004-08-053','detail',33,34,6),('SUBACCT54238067:15151bbc4f5:-3404','SRE-V254','53-1','ELECTRICAL PERMIT','REV2004-08-053','detail',31,32,6),('SUBACCT54238067:15151bbc4f5:-3c1c','SRE-V254','52-2','SANITARY PERMIT','REV2004-08-052','detail',13,14,6),('SUBACCT54238067:15151bbc4f5:-3c4b','SRE-V254','52-1','MAYOR\'S PERMIT','REV2004-08-052','detail',11,12,6),('SUBACCT54238067:15151bbc4f5:-5dbd','SRE-V254','42-1','PTR (PROVINCE)','REV2004-08-042','detail',272,273,5),('SUBACCT54238067:15151bbc4f5:-7980','SRE-V254','225-30','CTC VICTORIA SHARE','SREACCT372b9b54:151510aa741:-6c60','detail',545,546,4),('SUBACCT54238067:15151bbc4f5:-79fb','SRE-V254','225-29','CTC ULBUJAN WEST SHARE','SREACCT372b9b54:151510aa741:-6c60','detail',543,544,4),('SUBACCT54238067:15151bbc4f5:-7a76','SRE-V254','225-28','CTC ULBUJAN EAST SAHRE','SREACCT372b9b54:151510aa741:-6c60','detail',541,542,4),('SUBACCT54238067:15151bbc4f5:-7af1','SRE-V254','225-27','CTC TOGBONGON SHARE','SREACCT372b9b54:151510aa741:-6c60','detail',539,540,4),('SUBACCT54238067:15151bbc4f5:-7b6c','SRE-V254','225-26','CTC TABUAN SHARE','SREACCT372b9b54:151510aa741:-6c60','detail',537,538,4),('SUBACCT54238067:15151bbc4f5:-7be7','SRE-V254','225-25','CTC SAMPONG SHARE','SREACCT372b9b54:151510aa741:-6c60','detail',535,536,4),('SUBACCT54238067:15151bbc4f5:-7c62','SRE-V254','225-24','CTC SACAON SHARE','SREACCT372b9b54:151510aa741:-6c60','detail',533,534,4),('SUBACCT54238067:15151bbc4f5:-7cdd','SRE-V254','225-23','CTC POBLACION WEST SHARE','SREACCT372b9b54:151510aa741:-6c60','detail',531,532,4),('SUBACCT54238067:15151bbc4f5:-7d90','SRE-V254','225-22','CTC POBLACION EAST SHARE','SREACCT372b9b54:151510aa741:-6c60','detail',529,530,4),('SUBACCT54238067:15151bbc4f5:-7e37','SRE-V254','225-21','CTC PASONG SHARE','SREACCT372b9b54:151510aa741:-6c60','detail',527,528,4),('SUBACCT79b0f44b:15a49567ca2:-325f','SRE-V254','013','SEF RPT BACK TAX 50% MUN SHARE','SREACCT79b0f44b:15a49567ca2:-32dd','detail',407,408,4),('SUBACCT79b0f44b:15a49567ca2:-328e','SRE-V254','014','SEF RPT BACK TAX 50% PROVL SHARE','SREACCT79b0f44b:15a49567ca2:-32dd','detail',409,410,4),('SUBACCT79b0f44b:15a49567ca2:-3331','SRE-V254','012','RPT BACK TAX 25% BRGY SHARE','SREACCT79b0f44b:15a49567ca2:-33bf','detail',551,552,4),('SUBACCT79b0f44b:15a49567ca2:-3362','SRE-V254','011','RPT BACK TAX 35% PROVL SHARE','SREACCT79b0f44b:15a49567ca2:-33bf','detail',549,550,4),('SUBACCT79b0f44b:15a49567ca2:-344d','SRE-V254','010','RPT BACK TAX 40% MUN SHARE','SREACCT79b0f44b:15a49567ca2:-349a','detail',309,310,6),('SUBACCT79b0f44b:15a49567ca2:-6920','SRE-V254','003','(TF) EXCESS OF AUCTION SALE','SREACCT79b0f44b:15a49567ca2:-69ea','detail',571,572,4),('SUBACCT79b0f44b:15a49567ca2:-6953','SRE-V254','002','(TF) COST OF SALE','SREACCT79b0f44b:15a49567ca2:-69ea','detail',569,570,4),('SUBACCT79b0f44b:15a49567ca2:-6982','SRE-V254','001','(TF) REGISTRATION OF AUCTION SALE','SREACCT79b0f44b:15a49567ca2:-69ea','detail',567,568,4),('SUBACCT79b0f44b:15a49567ca2:-775','SRE-V254','599-2','INTEREST OF AUCTION SALE MUN SHARE 50%','SREACCT79b0f44b:15a49567ca2:-7f1','detail',415,416,4),('SUBACCT79b0f44b:15a49567ca2:-7a4','SRE-V254','599-1','INTEREST OF AUCTION SALE PROV SHARE 50%','SREACCT79b0f44b:15a49567ca2:-7f1','detail',413,414,4),('SUBACCT79b0f44b:15a49567ca2:-83a','SRE-V254','599-3','INTEREST OF AUCTION SALE BRGY 25%','SREACCT79b0f44b:15a49567ca2:-96c','detail',317,318,6),('SUBACCT79b0f44b:15a49567ca2:-86d','SRE-V254','599-2','INTEREST OF AUCTION SALE MUN 40%','SREACCT79b0f44b:15a49567ca2:-96c','detail',315,316,6),('SUBACCT79b0f44b:15a49567ca2:-89c','SRE-V254','599-1','INTEREST OF AUCTION SALE PROV 35%','SREACCT79b0f44b:15a49567ca2:-96c','detail',313,314,6);
/*!40000 ALTER TABLE `account` ENABLE KEYS */;
UNLOCK TABLES;

--
-- Table structure for table `account_incometarget`
--

DROP TABLE IF EXISTS `account_incometarget`;
/*!40101 SET @saved_cs_client     = @@character_set_client */;
/*!40101 SET character_set_client = utf8 */;
CREATE TABLE `account_incometarget` (
  `objid` varchar(50) NOT NULL,
  `itemid` varchar(50) NOT NULL,
  `year` int(11) NOT NULL,
  `target` decimal(16,2) NOT NULL,
  PRIMARY KEY (`objid`),
  KEY `ix_itemid` (`itemid`),
  KEY `ix_year` (`year`),
  CONSTRAINT `fk_account_incometarget_itemid` FOREIGN KEY (`itemid`) REFERENCES `account` (`objid`)
) ENGINE=InnoDB DEFAULT CHARSET=utf8;
/*!40101 SET character_set_client = @saved_cs_client */;

--
-- Dumping data for table `account_incometarget`
--

LOCK TABLES `account_incometarget` WRITE;
/*!40000 ALTER TABLE `account_incometarget` DISABLE KEYS */;
/*!40000 ALTER TABLE `account_incometarget` ENABLE KEYS */;
UNLOCK TABLES;

--
-- Table structure for table `account_item_mapping`
--

DROP TABLE IF EXISTS `account_item_mapping`;
/*!40101 SET @saved_cs_client     = @@character_set_client */;
/*!40101 SET character_set_client = utf8 */;
CREATE TABLE `account_item_mapping` (
  `objid` varchar(50) NOT NULL,
  `maingroupid` varchar(50) DEFAULT NULL,
  `acctid` varchar(50) DEFAULT NULL,
  `itemid` varchar(50) DEFAULT NULL,
  PRIMARY KEY (`objid`),
  KEY `ix_maingroupid` (`maingroupid`),
  KEY `ix_acctid` (`acctid`),
  KEY `ix_itemid` (`itemid`),
  CONSTRAINT `fk_account_item_mapping_acctid` FOREIGN KEY (`acctid`) REFERENCES `account` (`objid`),
  CONSTRAINT `fk_account_item_mapping_itemid` FOREIGN KEY (`itemid`) REFERENCES `itemaccount` (`objid`),
  CONSTRAINT `fk_account_item_mapping_maingroupid` FOREIGN KEY (`maingroupid`) REFERENCES `account_maingroup` (`objid`)
) ENGINE=InnoDB DEFAULT CHARSET=utf8;
/*!40101 SET character_set_client = @saved_cs_client */;

--
-- Dumping data for table `account_item_mapping`
--

LOCK TABLES `account_item_mapping` WRITE;
/*!40000 ALTER TABLE `account_item_mapping` DISABLE KEYS */;
INSERT INTO `account_item_mapping` VALUES ('ACCTMAP-13ad511d:17330ceb285:-6054','NGAS','NGAS-605-55','IA181e445b:1467dd4be7a:-7eeb'),('ACCTMAP-13ad511d:17330ceb285:-6055','NGAS','NGAS-605-55','IA-61ecb4ef:141ecd1c65d:-7ec8'),('ACCTMAP-13ad511d:17330ceb285:-6056','NGAS','NGAS-605-55','IA-52a8262c:132f0315d2e:-7f22'),('ACCTMAP-13ad511d:17330ceb285:-6057','NGAS','NGAS-605-55','IA-33d158fa:146640acf79:-7fbf'),('ACCTMAP-13ad511d:17330ceb285:-6058','NGAS','NGAS-605-55','IA-33d158fa:146640acf79:-7fb4'),('ACCTMAP-13ad511d:17330ceb285:-6059','NGAS','NGAS-605-55','IA-33d158fa:146640acf79:-7ea3'),('ACCTMAP-13ad511d:17330ceb285:-605a','NGAS','NGAS-605-55','IA-33d158fa:146640acf79:-7d72'),('ACCTMAP-1ae17b19:17e2376d5a6:-5e1b','NGAS','NGAS-613-2','ITMACCT3f2d8485:17e18bb7e62:-740a'),('ACCTMAP-1ae17b19:17e2376d5a6:-5e1c','NGAS','NGAS-613-2','ITMACCT3f2d8485:17e18bb7e62:-7363'),('ACCTMAP-1ae17b19:17e2376d5a6:-5e1d','NGAS','NGAS-613-2','ITMACCT3f2d8485:17e18bb7e62:-7288'),('ACCTMAP-1ae17b19:17e2376d5a6:-5e1e','NGAS','NGAS-613-2','ITMACCT3f2d8485:17e18bb7e62:-71d1'),('ACCTMAP-3118cc35:1707f209541:-7469','NGAS','NGAS-679-1','ITMACCT-6549f2fe:1707f25c9ee:-3668'),('ACCTMAP-3118cc35:1707f209541:-74cb','NGAS','NGAS-679-1','ITMACCT-6549f2fe:1707f25c9ee:-503f'),('ACCTMAP-3118cc35:1707f209541:-74cc','NGAS','NGAS-679-1','ITMACCT-6549f2fe:1707f25c9ee:-4bbe'),('ACCTMAP-3118cc35:1707f209541:-74cd','NGAS','NGAS-679-1','ITMACCT-6549f2fe:1707f25c9ee:-4afa'),('ACCTMAP-33d44da9:17fb56129a5:-7478','SRE-V254','REV2004-08-115','ITMACCT-6ba435fc:17fb59fd2de:-7de4'),('ACCTMAP-3e13a0d7:1724e3e53da:-7daf','SRE','SRE-10102040303','ITMACCT610b926c:1724e4e94f5:-7326'),('ACCTMAP-3e13a0d7:1724e3e53da:-7dba','NGAS','NGAS-679-1B','ITMACCT610b926c:1724e4e94f5:-7326'),('ACCTMAP-4afae858:17fb438fa3b:-5a22','SRE-V254','REV2004-08-077','ITMACCT-1cf5626b:17fb48ac669:-7928'),('ACCTMAP-4afae858:17fb438fa3b:-5a23','SRE-V254','REV2004-08-077','ITMACCT-1cf5626b:17fb48ac669:-7854'),('ACCTMAP-4afae858:17fb438fa3b:-5a29','SRE-V254','REV2004-08-077','ITMACCT-1cf5626b:17fb48ac669:-7979'),('ACCTMAP-4afae858:17fb438fa3b:-78ab','SRE-V254','REV2004-08-076','ITMACCTef19a17:17f53d500c0:-69d2'),('ACCTMAP-4afae858:17fb438fa3b:-78b2','SRE-V254','REV2004-08-076','ITMACCT37270478:17fb4313772:-7b4e'),('ACCTMAP-4afae858:17fb438fa3b:-78b9','SRE-V254','REV2004-08-076','ITMACCT37270478:17fb4313772:-7bdd'),('ACCTMAP-4afae858:17fb438fa3b:-78ba','SRE-V254','REV2004-08-076','ITMACCT37270478:17fb4313772:-7b8c'),('ACCTMAP-53266ef9:17e18aec173:-7d5c','SRE-V254','REV2004-08-065','ITMACCT3f2d8485:17e18bb7e62:-740a'),('ACCTMAP-53266ef9:17e18aec173:-7d5d','SRE-V254','REV2004-08-065','ITMACCT3f2d8485:17e18bb7e62:-7363'),('ACCTMAP-53266ef9:17e18aec173:-7d5e','SRE-V254','REV2004-08-065','ITMACCT3f2d8485:17e18bb7e62:-7288'),('ACCTMAP-53266ef9:17e18aec173:-7d5f','SRE-V254','REV2004-08-065','ITMACCT3f2d8485:17e18bb7e62:-71d1'),('ACCTMAP-53266ef9:17e18aec173:-7d6a','SRE','SRE-10102020101','ITMACCT3f2d8485:17e18bb7e62:-740a'),('ACCTMAP-53266ef9:17e18aec173:-7d6b','SRE','SRE-10102020101','ITMACCT3f2d8485:17e18bb7e62:-7363'),('ACCTMAP-53266ef9:17e18aec173:-7d6c','SRE','SRE-10102020101','ITMACCT3f2d8485:17e18bb7e62:-7288'),('ACCTMAP-53266ef9:17e18aec173:-7d6d','SRE','SRE-10102020101','ITMACCT3f2d8485:17e18bb7e62:-71d1'),('ACCTMAP-56b7f98f:17098862d9f:-6ff3','NGAS','NGAS-679-1','ITMACCT-715ec618:170988f2fee:-475b'),('ACCTMAP-56b7f98f:17098862d9f:-6ffd','SRE','SRE-10102040303','ITMACCT6710c4a6:16dd1e20c27:-67a7'),('ACCTMAP-56b7f98f:17098862d9f:-6ffe','SRE','SRE-10102040303','ITMACCT-715ec618:170988f2fee:-475b'),('ACCTMAP-56b7f98f:17098862d9f:-6fff','SRE','SRE-10102040303','ITMACCT-6549f2fe:1707f25c9ee:-503f'),('ACCTMAP-56b7f98f:17098862d9f:-7000','SRE','SRE-10102040303','ITMACCT-6549f2fe:1707f25c9ee:-4bbe'),('ACCTMAP-56b7f98f:17098862d9f:-7001','SRE','SRE-10102040303','ITMACCT-6549f2fe:1707f25c9ee:-4afa'),('ACCTMAP-56b7f98f:17098862d9f:-7002','SRE','SRE-10102040303','ITMACCT-6549f2fe:1707f25c9ee:-3668'),('ACCTMAP-592cd3f5:1788058bf2c:-6ded','SRE','SRE-10101020204','IA4dfadde2:132ec81be1e:-7e6a'),('ACCTMAP-592cd3f5:1788058bf2c:-6f17','SRE-V254','SUBACCT-52b6413d:15334a63bff:40be','ITMACCT-1315162f:172b53e8066:-6d7c'),('ACCTMAP-592cd3f5:1788058bf2c:-6f46','SRE-V254','SUBACCT-52b6413d:15334a63bff:40be','ITMACCT6710c4a6:16dd1e20c27:-67a7'),('ACCTMAP-592cd3f5:1788058bf2c:-6f47','SRE-V254','SUBACCT-52b6413d:15334a63bff:40be','ITMACCT610b926c:1724e4e94f5:-7326'),('ACCTMAP-592cd3f5:1788058bf2c:-6f48','SRE-V254','SUBACCT-52b6413d:15334a63bff:40be','ITMACCT2dd08216:1710f0a8d71:-7a57'),('ACCTMAP-592cd3f5:1788058bf2c:-6f49','SRE-V254','SUBACCT-52b6413d:15334a63bff:40be','ITMACCT-715ec618:170988f2fee:-475b'),('ACCTMAP-592cd3f5:1788058bf2c:-6f4a','SRE-V254','SUBACCT-52b6413d:15334a63bff:40be','ITMACCT-6549f2fe:1707f25c9ee:-503f'),('ACCTMAP-592cd3f5:1788058bf2c:-6f4b','SRE-V254','SUBACCT-52b6413d:15334a63bff:40be','ITMACCT-6549f2fe:1707f25c9ee:-4bbe'),('ACCTMAP-592cd3f5:1788058bf2c:-6f4c','SRE-V254','SUBACCT-52b6413d:15334a63bff:40be','ITMACCT-6549f2fe:1707f25c9ee:-4afa'),('ACCTMAP-592cd3f5:1788058bf2c:-6f4d','SRE-V254','SUBACCT-52b6413d:15334a63bff:40be','ITMACCT-6549f2fe:1707f25c9ee:-3668'),('ACCTMAP-5a59fc6:16f1b7499a2:-6d11','SRE-V254','REV2004-08-087','ITMACCT9868a1a:16f1b88d462:-4e43'),('ACCTMAP-5a59fc6:16f1b7499a2:-6d15','SRE','SRE-10102030105','ITMACCT9868a1a:16f1b88d462:-4e43'),('ACCTMAP-5a59fc6:16f1b7499a2:-6d7a','NGAS','NGAS-633','ITMACCT9868a1a:16f1b88d462:-4e43'),('ACCTMAP-6c955806:16d529cdf36:-720','SRE','SRE-10101020204','IA4dfadde2:132ec81be1e:-7e4c'),('ACCTMAP-6c955806:16d529cdf36:441d','SRE','SRE-10101020204','IA4dfadde2:132ec81be1e:-7e50'),('ACCTMAP-6c955806:16d529cdf36:441e','SRE','SRE-10101020204','IA5f138be2:1350d05b4b7:-791a'),('ACCTMAP-6c955806:16d529ff9fb:531b','SRE','SRE-10101020204','IA-52a8262c:132f0315d2e:-7c44'),('ACCTMAP-6c955806:16d529ff9fb:531c','SRE','SRE-10101020204','IA-52a8262c:132f0315d2e:-7c47'),('ACCTMAP-6c955806:16d529ff9fb:531d','SRE','SRE-10101020204','IA-52a8262c:132f0315d2e:-7c4a'),('ACCTMAP-6c955806:16d529ff9fb:531e','SRE','SRE-10101020204','IA-52a8262c:132f0315d2e:-7c4d'),('ACCTMAP-6c955806:16d529ff9fb:531f','SRE','SRE-10101020204','IA-52a8262c:132f0315d2e:-7c50'),('ACCTMAP-6c955806:16d529ff9fb:5320','SRE','SRE-10101020204','IA-52a8262c:132f0315d2e:-7c56'),('ACCTMAP-6c955806:16d529ff9fb:5321','SRE','SRE-10101020204','IA-52a8262c:132f0315d2e:-7c5b'),('ACCTMAP-6c955806:16d529ff9fb:5322','SRE','SRE-10101020204','IA-52a8262c:132f0315d2e:-7c5e'),('ACCTMAP-6c955806:16d529ff9fb:5323','SRE','SRE-10101020204','IA4dfadde2:132ec81be1e:-7e53'),('ACCTMAP-6c955806:16d529ff9fb:5324','SRE','SRE-10101020204','IA4dfadde2:132ec81be1e:-7e56'),('ACCTMAP-6c955806:16d529ff9fb:5325','SRE','SRE-10101020204','IA4dfadde2:132ec81be1e:-7e64'),('ACCTMAP-6c955806:16d52a2b4cc:57ec','SRE','SRE-10101020204','IA5b9ef97a:132f564c005:-7b94'),('ACCTMAP-6c955806:16d52b29a2d:-26cf','SRE','SRE-10102010104','IA5b9ef97a:132f564c005:-7e44'),('ACCTMAP-6c955806:16d52b29a2d:-26d2','SRE','SRE-10102010104','IA5b9ef97a:132f564c005:-7e40'),('ACCTMAP-6c955806:16d52b29a2d:-26ec','SRE','SRE-10102010104','IA5b9ef97a:132f564c005:-7e3b'),('ACCTMAP-6c955806:16d52b29a2d:-2708','SRE','SRE-10102010104','IA5b9ef97a:132f564c005:-7e38'),('ACCTMAP-6c955806:16d52b29a2d:-2726','SRE','SRE-10102010104','IA484dcff9:13366a1c3d1:-7f6a'),('ACCTMAP-6c955806:16d52b29a2d:-2746','SRE','SRE-10102010104','IA484dcff9:13366a1c3d1:-7e29'),('ACCTMAP-6c955806:16d52b29a2d:-2767','SRE','SRE-10102010104','IA484dcff9:13366a1c3d1:-7e03'),('ACCTMAP-6c955806:16d52b29a2d:-2771','SRE','SRE-10102010104','IA-2a146949:132fa89547f:-79f0'),('ACCTMAP-6c955806:16d52b29a2d:-2773','SRE','SRE-10102010104','IA-2a146949:132fa89547f:-79ed'),('ACCTMAP-6c955806:16d52b29a2d:-2774','SRE','SRE-10102010104','IA-2a146949:132fa89547f:-79ea'),('ACCTMAP-6c955806:16d52b29a2d:-2775','SRE','SRE-10102010104','IA-2a146949:132fa89547f:-79e0'),('ACCTMAP-6c955806:16d52b29a2d:31ee','SRE','SRE-10102010104','IA4dfadde2:132ec81be1e:-7e7b'),('ACCTMAP-6c955806:16d52b29a2d:aac','SRE','SRE-10102010104','IA-442b836f:13b81fe72b4:-7fec'),('ACCTMAP-6c955806:16d52b29a2d:aae','SRE','SRE-10102010104','IA-52a8262c:132f0315d2e:-7f25'),('ACCTMAP-791a4407:17e8e882e42:-4700','SRE-V254','REV2004-08-052','ITMACCT-2fdae00e:17e8faf2250:-7d01'),('ACCTMAP-791a4407:17e8e882e42:-470e','SRE','SRE-10102010104','ITMACCT-2fdae00e:17e8faf2250:-7d01'),('ACCTMAP-791a4407:17e8e882e42:-4727','NGAS','NGAS-606','ITMACCT-2fdae00e:17e8faf2250:-7d01'),('ACCTMAP-7b477f17:17e31a31872:-25a9','NGAS','NGAS-613-2','ITMACCT16221e12:17e31c7ee0c:-1ab0'),('ACCTMAP-7b477f17:17e31a31872:-25af','SRE-V254','REV2004-08-065','ITMACCT16221e12:17e31c7ee0c:-1ab0'),('ACCTMAP-7b477f17:17e31a31872:-25b6','SRE','SRE-10102020101','ITMACCT16221e12:17e31c7ee0c:-1ab0'),('ACCTMAP-7c7540fa:16d5b38bf6b:-6429','SRE','SRE-10102010108','IA-5843fc0e:13bfd8d9f6d:-7f3e'),('ACCTMAP-7c7540fa:16d5b38bf6b:-660c','SRE','SRE-10102010107','IA-52a8262c:132f0315d2e:-7f0a'),('ACCTMAP-7c7540fa:16d5b38bf6b:-662d','SRE','SRE-10102010106','IA-238240f5:148af294b5d:-7f3a'),('ACCTMAP-7c7540fa:16d5b38bf6b:-67fc','SRE','SRE-10102010105','IA-2a146949:132fa89547f:-784a'),('ACCTMAP-7c7540fa:16d5b38bf6b:-6879','SRE','SRE-10102010105','IA-52a8262c:132f0315d2e:-7f1d'),('ACCTMAP-7c7540fa:16d5b38bf6b:-68ad','SRE','SRE-10102010105','IA181e445b:1467dd4be7a:-7eeb'),('ACCTMAP-7c7540fa:16d5b38bf6b:-68ae','SRE','SRE-10102010105','IA-61ecb4ef:141ecd1c65d:-7ec8'),('ACCTMAP-7c7540fa:16d5b38bf6b:-68af','SRE','SRE-10102010105','IA-52a8262c:132f0315d2e:-7f22'),('ACCTMAP-7c7540fa:16d5b38bf6b:-68b0','SRE','SRE-10102010105','IA-33d158fa:146640acf79:-7fbf'),('ACCTMAP-7c7540fa:16d5b38bf6b:-68b1','SRE','SRE-10102010105','IA-33d158fa:146640acf79:-7fb4'),('ACCTMAP-7c7540fa:16d5b38bf6b:-68b2','SRE','SRE-10102010105','IA-33d158fa:146640acf79:-7ea3'),('ACCTMAP-7c7540fa:16d5b38bf6b:-68b3','SRE','SRE-10102010105','IA-33d158fa:146640acf79:-7d72'),('ACCTMAP-7c7540fa:16d5b38bf6b:-691e','SRE','SRE-10102010104','IA6248e3e0:134a0c5bd77:-79b9'),('ACCTMAP-7c7540fa:16d5b38bf6b:-6992','SRE','SRE-10102010104','IA-52a8262c:132f0315d2e:-7f45'),('ACCTMAP-7c7540fa:16d5b38bf6b:-6993','SRE','SRE-10102010104','IA-52a8262c:132f0315d2e:-7f3f'),('ACCTMAP-7c7540fa:16d5b38bf6b:-69ba','SRE','SRE-10102010104','IA-796f301e:1330f170bdc:-7cf7'),('ACCTMAP-7c7540fa:16d5b38bf6b:-69f7','SRE','SRE-10102010104','IA-52a8262c:132f0315d2e:-7f30'),('ACCTMAP-7c7540fa:16d5b38bf6b:-6a18','SRE','SRE-10102010104','IA-52a8262c:132f0315d2e:-7e97'),('ACCTMAP-7c7540fa:16d5b38bf6b:-6aa6','SRE','SRE-10102010103','IA-52a8262c:132f0315d2e:-7f58'),('ACCTMAP-7c7540fa:16d5b38bf6b:-6b49','SRE','SRE-10102010101','IA-52a8262c:132f0315d2e:-7f7b'),('ACCTMAP-7f997f80:16d84c6ce82:1b55','SRE','SRE-1020204','ITMACCT-4bb12164:16d8577a4c9:-7929'),('ACCTMAP-7f997f80:16d84c6ce82:39df','SRE-V254','REV2004-08-116','ITMACCT-4bb12164:16d8577a4c9:-7929'),('ACCTMAP123fc893:16dfbde116b:-18ec','NGAS','NGAS-679','IA-52a8262c:132f0315d2e:-7ed4'),('ACCTMAP123fc893:16dfbde116b:-1902','NGAS','NGAS-679-1A','IA515ad9d3:1333836da76:-7d22'),('ACCTMAP123fc893:16dfbde116b:-191b','NGAS','NGAS-679-1','REVITEMabde00a:1689706e783:-296c'),('ACCTMAP123fc893:16dfbde116b:-1932','NGAS','NGAS-679-1','REVITEM54acab5a:16cfa54fcb6:-7fbe'),('ACCTMAP123fc893:16dfbde116b:-1933','NGAS','NGAS-679-1','REVITEM3357687e:159d2e536c8:-5ba3'),('ACCTMAP123fc893:16dfbde116b:-1934','NGAS','NGAS-679-1','REVITEM-5e892b95:16d1882ada4:-6f77'),('ACCTMAP123fc893:16dfbde116b:-1935','NGAS','NGAS-679-1','ITMACCT6710c4a6:16dd1e20c27:-67a7'),('ACCTMAP123fc893:16dfbde116b:-1936','NGAS','NGAS-679-1','IA7d2f9c81:1333313ada5:-7cd6'),('ACCTMAP123fc893:16dfbde116b:-1937','NGAS','NGAS-679-1','IA7d2f9c81:1333313ada5:-7ccf'),('ACCTMAP123fc893:16dfbde116b:-1938','NGAS','NGAS-679-1','IA7d2f9c81:1333313ada5:-7cc8'),('ACCTMAP123fc893:16dfbde116b:-1939','NGAS','NGAS-679-1','IA6f3d541b:132ffab254b:-7d54'),('ACCTMAP123fc893:16dfbde116b:-193a','NGAS','NGAS-679-1','IA48a83463:133a984f156:-7d6b'),('ACCTMAP123fc893:16dfbde116b:-193b','NGAS','NGAS-679-1','IA295e7ba0:134c4e95637:-7c49'),('ACCTMAP123fc893:16dfbde116b:-193c','NGAS','NGAS-679-1','IA158d54df:13acdc6af02:-7a88'),('ACCTMAP123fc893:16dfbde116b:-193d','NGAS','NGAS-679-1','IA158d54df:13acdc6af02:-7a27'),('ACCTMAP123fc893:16dfbde116b:-19bd','NGAS','NGAS-678','IA-52a8262c:132f0315d2e:-7e23'),('ACCTMAP123fc893:16dfbde116b:-19bf','NGAS','NGAS-678','REVITEM-7672b6ec:16cdbb9bc48:-7eb4'),('ACCTMAP123fc893:16dfbde116b:-19c0','NGAS','NGAS-678','IA7a2d199b:1331f25b22c:-7e54'),('ACCTMAP123fc893:16dfbde116b:-19c1','NGAS','NGAS-678','IA6cf1d4c9:13c7e4dc01f:-78d7'),('ACCTMAP123fc893:16dfbde116b:-19c3','NGAS','NGAS-678','IA-65b58d03:14a50757209:-793c'),('ACCTMAP123fc893:16dfbde116b:-1a8c','NGAS','NGAS-670','ITMACCT-4bb12164:16d8577a4c9:-7929'),('ACCTMAP123fc893:16dfbde116b:-1b74','NGAS','NGAS-642-8','IA-238240f5:148af294b5d:-7fe5'),('ACCTMAP123fc893:16dfbde116b:-1bf2','NGAS','NGAS-633','IA-52a8262c:132f0315d2e:-7e6a'),('ACCTMAP123fc893:16dfbde116b:-1c47','NGAS','NGAS-642-','IA-52a8262c:132f0315d2e:-7e36'),('ACCTMAP123fc893:16dfbde116b:-1c6d','NGAS','NGAS-642-4','IA-52a8262c:132f0315d2e:-7e39'),('ACCTMAP123fc893:16dfbde116b:-1c9b','NGAS','NGAS-642-3','IA-52a8262c:132f0315d2e:-7e48'),('ACCTMAP123fc893:16dfbde116b:-1ce6','NGAS','NGAS-642-1','IA7a2d199b:1331f25b22c:-7c8c'),('ACCTMAP123fc893:16dfbde116b:-1ce7','NGAS','NGAS-642-1','IA-52a8262c:132f0315d2e:-7e31'),('ACCTMAP123fc893:16dfbde116b:-1dc8','NGAS','NGAS-636','IA-2eed29d1:133a48506a4:-7ecc'),('ACCTMAP123fc893:16dfbde116b:-1dca','NGAS','NGAS-636','IAd8fc64e:13d90236ff0:-7f5c'),('ACCTMAP123fc893:16dfbde116b:-1dd1','NGAS','NGAS-636','IA-52a8262c:132f0315d2e:-7e5b'),('ACCTMAP123fc893:16dfbde116b:-1dd2','NGAS','NGAS-636','IA-4f8321bf:13c4ad81729:-58ed'),('ACCTMAP123fc893:16dfbde116b:-1e07','NGAS','NGAS-619','IA52d15ba4:14722987eec:-7e10'),('ACCTMAP123fc893:16dfbde116b:-1e20','NGAS','NGAS-617','IA-52a8262c:132f0315d2e:-7ef0'),('ACCTMAP123fc893:16dfbde116b:-1e93','NGAS','NGAS-613-8','IA-52a8262c:132f0315d2e:-7e93'),('ACCTMAP123fc893:16dfbde116b:-1e94','NGAS','NGAS-613-8','IA-52a8262c:132f0315d2e:-7e90'),('ACCTMAP123fc893:16dfbde116b:-1eac','NGAS','NGAS-613-7','IA-52a8262c:132f0315d2e:-7eca'),('ACCTMAP123fc893:16dfbde116b:-1ecd','NGAS','NGAS-613-5','IA-238240f5:148af294b5d:-7f3a'),('ACCTMAP123fc893:16dfbde116b:-1ef5','NGAS','NGAS-613-3','IA512e2e44:134bfaa3f6c:-766c'),('ACCTMAP123fc893:16dfbde116b:-1ef6','NGAS','NGAS-613-3','IA1336d807:1362d647910:-7d8c'),('ACCTMAP123fc893:16dfbde116b:-1ef8','NGAS','NGAS-613-3','IA-796f301e:1330f170bdc:-7d42'),('ACCTMAP123fc893:16dfbde116b:-1ef9','NGAS','NGAS-613-3','IA-52a8262c:132f0315d2e:-7ef6'),('ACCTMAP123fc893:16dfbde116b:-1efa','NGAS','NGAS-613-3','IA-52a8262c:132f0315d2e:-7ed0'),('ACCTMAP123fc893:16dfbde116b:-1f13','NGAS','NGAS-613-3','IA7d2f9c81:1333313ada5:-7a55'),('ACCTMAP123fc893:16dfbde116b:-1f16','NGAS','NGAS-613-3','REVITEMfbf1095:161e012fec1:-7fcf'),('ACCTMAP123fc893:16dfbde116b:-1f17','NGAS','NGAS-613-3','REVITEM23f22834:16ae7350dfd:-686b'),('ACCTMAP123fc893:16dfbde116b:-1f1a','NGAS','NGAS-613-3','IA7d2f9c81:1333313ada5:-7db6'),('ACCTMAP123fc893:16dfbde116b:-1f1b','NGAS','NGAS-613-3','IA67874eef:1389741a5bd:-7dc4'),('ACCTMAP123fc893:16dfbde116b:-1f1c','NGAS','NGAS-613-3','IA5c848a78:13e8ba8e9dd:-7fd9'),('ACCTMAP123fc893:16dfbde116b:-1f1e','NGAS','NGAS-613-3','IA-52a8262c:132f0315d2e:-7eb0'),('ACCTMAP123fc893:16dfbde116b:-1f1f','NGAS','NGAS-613-3','IA-52a8262c:132f0315d2e:-7ea3'),('ACCTMAP123fc893:16dfbde116b:-1f20','NGAS','NGAS-613-3','IA-52a8262c:132f0315d2e:-7e9e'),('ACCTMAP123fc893:16dfbde116b:-1f21','NGAS','NGAS-613-3','IA-52a8262c:132f0315d2e:-7e8d'),('ACCTMAP123fc893:16dfbde116b:-1f22','NGAS','NGAS-613-3','IA-52a8262c:132f0315d2e:-7e8a'),('ACCTMAP123fc893:16dfbde116b:-1f23','NGAS','NGAS-613-3','IA-52a8262c:132f0315d2e:-7e83'),('ACCTMAP123fc893:16dfbde116b:-1f24','NGAS','NGAS-613-3','IA-52a8262c:132f0315d2e:-7e7a'),('ACCTMAP123fc893:16dfbde116b:-1f26','NGAS','NGAS-613-3','IA-52a8262c:132f0315d2e:-7bef'),('ACCTMAP123fc893:16dfbde116b:-1f29','NGAS','NGAS-613-3','IA-37a937e1:1331967d90b:-7b05'),('ACCTMAP123fc893:16dfbde116b:-1f58','NGAS','NGAS-613-2','IA-52a8262c:132f0315d2e:-7ed9'),('ACCTMAP123fc893:16dfbde116b:-1f8a','NGAS','NGAS-613-1','IA6f3d541b:132ffab254b:-7c93'),('ACCTMAP123fc893:16dfbde116b:-1f8b','NGAS','NGAS-613-1','IA-52a8262c:132f0315d2e:-7f25'),('ACCTMAP123fc893:16dfbde116b:-1f8c','NGAS','NGAS-613-1','IA-52a8262c:132f0315d2e:-7e70'),('ACCTMAP123fc893:16dfbde116b:-1f8d','NGAS','NGAS-613-1','IA-50c902c4:13618ba172f:-7dda'),('ACCTMAP123fc893:16dfbde116b:-1fd2','NGAS','NGAS-606-6','IA-52a8262c:132f0315d2e:-7e29'),('ACCTMAP123fc893:16dfbde116b:-1fd3','NGAS','NGAS-606-6','IA-47cd2633:1386e1fd26f:-7d0b'),('ACCTMAP123fc893:16dfbde116b:-20be','NGAS','NGAS-606','REVITEM49795878:150f4694105:-7b2a'),('ACCTMAP123fc893:16dfbde116b:-20c2','NGAS','NGAS-606','IA7d2f9c81:1333313ada5:-7a52'),('ACCTMAP123fc893:16dfbde116b:-20c3','NGAS','NGAS-606','IA6f3d541b:132ffab254b:-7b3a'),('ACCTMAP123fc893:16dfbde116b:-2105','NGAS','NGAS-606','IA66fbdbd7:13b6d6befa1:-7ff6'),('ACCTMAP123fc893:16dfbde116b:-2107','NGAS','NGAS-606','IA41526fbf:136044318ed:-79b3'),('ACCTMAP123fc893:16dfbde116b:-2109','NGAS','NGAS-606','IA1336d807:1362d647910:-7d85'),('ACCTMAP123fc893:16dfbde116b:-210a','NGAS','NGAS-606','IA-66ac8cda:1333de6f517:-7cdb'),('ACCTMAP123fc893:16dfbde116b:-210b','NGAS','NGAS-606','IA-62482182:13b20262016:-7f86'),('ACCTMAP123fc893:16dfbde116b:-210d','NGAS','NGAS-606','IA-52a8262c:132f0315d2e:-7ea8'),('ACCTMAP123fc893:16dfbde116b:-2110','NGAS','NGAS-606','IA-496343d5:135791be61b:-7cce'),('ACCTMAP123fc893:16dfbde116b:-2171','NGAS','NGAS-606-4','IA6248e3e0:134a0c5bd77:-79b9'),('ACCTMAP123fc893:16dfbde116b:-218a','NGAS','NGAS-606-3','IA5cd4bd5a:1362837b46a:-7b95'),('ACCTMAP123fc893:16dfbde116b:-218b','NGAS','NGAS-606-3','IA5cd4bd5a:1362837b46a:-7b90'),('ACCTMAP123fc893:16dfbde116b:-218c','NGAS','NGAS-606-3','IA-52a8262c:132f0315d2e:-7ef9'),('ACCTMAP123fc893:16dfbde116b:-218d','NGAS','NGAS-606-3','IA-1f72624a:1339f421d71:-7705'),('ACCTMAP123fc893:16dfbde116b:-21c8','NGAS','NGAS-606-1','IA5b9ef97a:132f564c005:-7fcb'),('ACCTMAP123fc893:16dfbde116b:-21c9','NGAS','NGAS-606-1','IA5b9ef97a:132f564c005:-7fc7'),('ACCTMAP123fc893:16dfbde116b:-21cd','NGAS','NGAS-606-1','IA5b9ef97a:132f564c005:-7fc4'),('ACCTMAP123fc893:16dfbde116b:-21ce','NGAS','NGAS-606-1','IA5b9ef97a:132f564c005:-7fc1'),('ACCTMAP123fc893:16dfbde116b:-21cf','NGAS','NGAS-606-1','IA5b9ef97a:132f564c005:-7fbe'),('ACCTMAP123fc893:16dfbde116b:-21d3','NGAS','NGAS-606-1','IA-53b390e5:141240a719b:-7a8b'),('ACCTMAP123fc893:16dfbde116b:-23d6','NGAS','NGAS-605-9','IA-52a8262c:132f0315d2e:-7f0a'),('ACCTMAP123fc893:16dfbde116b:-2400','NGAS','NGAS-605-8','IA-796f301e:1330f170bdc:-7cf7'),('ACCTMAP123fc893:16dfbde116b:-2401','NGAS','NGAS-605-8','IA-52a8262c:132f0315d2e:-7f45'),('ACCTMAP123fc893:16dfbde116b:-2402','NGAS','NGAS-605-8','IA-52a8262c:132f0315d2e:-7f3f'),('ACCTMAP123fc893:16dfbde116b:-2536','NGAS','NGAS-605-7','IA-52a8262c:132f0315d2e:-7f30'),('ACCTMAP123fc893:16dfbde116b:-2628','NGAS','NGAS-605-3','IA-52a8262c:132f0315d2e:-7f1d'),('ACCTMAP123fc893:16dfbde116b:-2683','NGAS','NGAS-605-2','IA-52a8262c:132f0315d2e:-7e97'),('ACCTMAP123fc893:16dfbde116b:-269d','NGAS','NGAS-605-1','IA-442b836f:13b81fe72b4:-7fec'),('ACCTMAP123fc893:16dfbde116b:-269e','NGAS','NGAS-605-1','IA-2a146949:132fa89547f:-79f0'),('ACCTMAP123fc893:16dfbde116b:-269f','NGAS','NGAS-605-1','IA5b9ef97a:132f564c005:-7e44'),('ACCTMAP123fc893:16dfbde116b:-26a0','NGAS','NGAS-605-1','IA5b9ef97a:132f564c005:-7e40'),('ACCTMAP123fc893:16dfbde116b:-26a1','NGAS','NGAS-605-1','IA5b9ef97a:132f564c005:-7e3b'),('ACCTMAP123fc893:16dfbde116b:-26a2','NGAS','NGAS-605-1','IA5b9ef97a:132f564c005:-7e38'),('ACCTMAP123fc893:16dfbde116b:-26a4','NGAS','NGAS-605-1','IA4dfadde2:132ec81be1e:-7e7b'),('ACCTMAP123fc893:16dfbde116b:-26a5','NGAS','NGAS-605-1','IA484dcff9:13366a1c3d1:-7f6a'),('ACCTMAP123fc893:16dfbde116b:-26a6','NGAS','NGAS-605-1','IA484dcff9:13366a1c3d1:-7e29'),('ACCTMAP123fc893:16dfbde116b:-26aa','NGAS','NGAS-605-1','IA-2a146949:132fa89547f:-79ed'),('ACCTMAP123fc893:16dfbde116b:-26ab','NGAS','NGAS-605-1','IA-2a146949:132fa89547f:-79ea'),('ACCTMAP123fc893:16dfbde116b:-26ac','NGAS','NGAS-605-1','IA-2a146949:132fa89547f:-79e0'),('ACCTMAP123fc893:16dfbde116b:-2755','NGAS','NGAS-601','IA-52a8262c:132f0315d2e:-7f7b'),('ACCTMAP123fc893:16dfbde116b:-27ec','NGAS','NGAS-599-1','REVITEM-ca566f8:150d57eace0:-7acb'),('ACCTMAP123fc893:16dfbde116b:-27ed','NGAS','NGAS-599-1','REVITEM-ca566f8:150d57eace0:-7a95'),('ACCTMAP123fc893:16dfbde116b:-27ee','NGAS','NGAS-599-1','REVITEM-ca566f8:150d57eace0:-7a4b'),('ACCTMAP123fc893:16dfbde116b:-2dae','NGAS','NGAS-585','IA-5843fc0e:13bfd8d9f6d:-7f3e'),('ACCTMAP123fc893:16dfbde116b:-2dd4','NGAS','NGAS-584','IA-52a8262c:132f0315d2e:-7f58'),('ACCTMAP123fc893:16dfbde116b:-2ea6','NGAS','NGAS-583','IA7784cb42:1331e9424ea:-7da8'),('ACCTMAP123fc893:16dfbde116b:-2ec1','NGAS','NGAS-583-1','IA32902552:134ab29a375:-7970'),('ACCTMAP123fc893:16dfbde116b:-2f0d','NGAS','NGAS-582','IA5b9ef97a:132f564c005:-7b94'),('ACCTMAP123fc893:16dfbde116b:-2f10','NGAS','NGAS-582','IA4dfadde2:132ec81be1e:-7e67'),('ACCTMAP123fc893:16dfbde116b:-2f11','NGAS','NGAS-582','IA4dfadde2:132ec81be1e:-7e64'),('ACCTMAP123fc893:16dfbde116b:-2f12','NGAS','NGAS-582','IA4dfadde2:132ec81be1e:-7e56'),('ACCTMAP123fc893:16dfbde116b:-2f13','NGAS','NGAS-582','IA4dfadde2:132ec81be1e:-7e53'),('ACCTMAP123fc893:16dfbde116b:-2f2c','NGAS','NGAS-582','IA5f138be2:1350d05b4b7:-791a'),('ACCTMAP123fc893:16dfbde116b:-2f2d','NGAS','NGAS-582','IA4dfadde2:132ec81be1e:-7e50'),('ACCTMAP123fc893:16dfbde116b:-2f2e','NGAS','NGAS-582','IA4dfadde2:132ec81be1e:-7e4c'),('ACCTMAP123fc893:16dfbde116b:-2f31','NGAS','NGAS-582','IA484dcff9:13366a1c3d1:-7e03'),('ACCTMAP123fc893:16dfbde116b:-2f33','NGAS','NGAS-582','IA-52a8262c:132f0315d2e:-7c5e'),('ACCTMAP123fc893:16dfbde116b:-2f34','NGAS','NGAS-582','IA-52a8262c:132f0315d2e:-7c5b'),('ACCTMAP123fc893:16dfbde116b:-2f35','NGAS','NGAS-582','IA-52a8262c:132f0315d2e:-7c56'),('ACCTMAP123fc893:16dfbde116b:-2f36','NGAS','NGAS-582','IA-52a8262c:132f0315d2e:-7c50'),('ACCTMAP123fc893:16dfbde116b:-2f37','NGAS','NGAS-582','IA-52a8262c:132f0315d2e:-7c4d'),('ACCTMAP123fc893:16dfbde116b:-2f38','NGAS','NGAS-582','IA-52a8262c:132f0315d2e:-7c4a'),('ACCTMAP123fc893:16dfbde116b:-2f39','NGAS','NGAS-582','IA-52a8262c:132f0315d2e:-7c47'),('ACCTMAP123fc893:16dfbde116b:-2f3a','NGAS','NGAS-582','IA-52a8262c:132f0315d2e:-7c44'),('ACCTMAP123fc893:16dfbde116b:-2f90','NGAS','NGAS-581','IA4dfadde2:132ec81be1e:-7e6a'),('ACCTMAP123fc893:16dfbde116b:-2f91','NGAS','NGAS-581','IA-1c6587e2:13540797412:-7e84'),('ACCTMAP123fc893:16dfbde116b:-36ca','NGAS','NGAS-418-1C','REVITEM-ca566f8:150d57eace0:-7c36'),('ACCTMAP123fc893:16dfbde116b:-36cc','NGAS','NGAS-418-1C','REVITEM-ca566f8:150d57eace0:-7cd7'),('ACCTMAP123fc893:16dfbde116b:-36cd','NGAS','NGAS-418-1C','REVITEM-ca566f8:150d57eace0:-7ca2'),('ACCTMAP123fc893:16dfbde116b:-385d','NGAS','NGAS-418','IA-332951d7:14b09e283fe:-7b64'),('ACCTMAP123fc893:16dfbde116b:-385e','NGAS','NGAS-418','IA-332951d7:14b09e283fe:-7b61'),('ACCTMAP123fc893:16dfbde116b:-3893','NGAS','NGAS-418-1B','IA26b13b6a:1349ba9d621:-7e4b'),('ACCTMAP123fc893:16dfbde116b:-38d2','NGAS','NGAS-416-1','IA5b9ef97a:132f564c005:-7fb2'),('ACCTMAP123fc893:16dfbde116b:-38d3','NGAS','NGAS-416-1','IA-8b4bbe3:133c880797a:-7b7d'),('ACCTMAP123fc893:16dfbde116b:-38d4','NGAS','NGAS-416-1','IA-442b836f:13b81fe72b4:-7fc0'),('ACCTMAP123fc893:16dfbde116b:-3904','NGAS','NGAS-416','REVITEM-2064947e:168df5dfab6:-7c43'),('ACCTMAP123fc893:16dfbde116b:-3f45','NGAS','NGAS-616','REVITEM-1e77d65e:1609f8b6405:-7e05'),('ACCTMAP1a0a8c2d:16d52bb61e2:-6855','SRE','SRE-101010201','IA-1c6587e2:13540797412:-7e84'),('ACCTMAP217f47fe:172b5353a7e:-7805','SRE','SRE-10102040303','ITMACCT-1315162f:172b53e8066:-6d7c'),('ACCTMAP217f47fe:172b5353a7e:-7814','NGAS','NGAS-679-1C','ITMACCT-1315162f:172b53e8066:-6d7c'),('ACCTMAP3209609a:16d5b83d0d2:-169','SRE','SRE-10102010201','IA-1f72624a:1339f421d71:-7705'),('ACCTMAP3209609a:16d5b83d0d2:-2c2','SRE','SRE-101010302','IA7784cb42:1331e9424ea:-7da8'),('ACCTMAP3209609a:16d5b83d0d2:-2da','SRE','SRE-101010301','IA32902552:134ab29a375:-7970'),('ACCTMAP3209609a:16d5b83d0d2:-396','SRE','SRE-10101020204','IA4dfadde2:132ec81be1e:-7e67'),('ACCTMAP3209609a:16d5b83d0d2:-45e','SRE','SRE-10102040303','REVITEMabde00a:1689706e783:-296c'),('ACCTMAP3209609a:16d5b83d0d2:-45f','SRE','SRE-10102040303','REVITEM54acab5a:16cfa54fcb6:-7fbe'),('ACCTMAP3209609a:16d5b83d0d2:-460','SRE','SRE-10102040303','REVITEM3357687e:159d2e536c8:-5ba3'),('ACCTMAP3209609a:16d5b83d0d2:-461','SRE','SRE-10102040303','REVITEM-5e892b95:16d1882ada4:-6f77'),('ACCTMAP3209609a:16d5b83d0d2:-463','SRE','SRE-10102040303','IA7d2f9c81:1333313ada5:-7cd6'),('ACCTMAP3209609a:16d5b83d0d2:-464','SRE','SRE-10102040303','IA7d2f9c81:1333313ada5:-7ccf'),('ACCTMAP3209609a:16d5b83d0d2:-465','SRE','SRE-10102040303','IA7d2f9c81:1333313ada5:-7cc8'),('ACCTMAP3209609a:16d5b83d0d2:-466','SRE','SRE-10102040303','IA6f3d541b:132ffab254b:-7d54'),('ACCTMAP3209609a:16d5b83d0d2:-467','SRE','SRE-10102040303','IA515ad9d3:1333836da76:-7d22'),('ACCTMAP3209609a:16d5b83d0d2:-468','SRE','SRE-10102040303','IA48a83463:133a984f156:-7d6b'),('ACCTMAP3209609a:16d5b83d0d2:-469','SRE','SRE-10102040303','IA295e7ba0:134c4e95637:-7c49'),('ACCTMAP3209609a:16d5b83d0d2:-46c','SRE','SRE-10102040303','IA158d54df:13acdc6af02:-7a88'),('ACCTMAP3209609a:16d5b83d0d2:-46d','SRE','SRE-10102040303','IA158d54df:13acdc6af02:-7a27'),('ACCTMAP3209609a:16d5b83d0d2:-46e','SRE','SRE-10102040303','IA-52a8262c:132f0315d2e:-7ed4'),('ACCTMAP3209609a:16d5b83d0d2:-4ed','SRE','SRE-10102040303','REVITEM-7672b6ec:16cdbb9bc48:-7eb4'),('ACCTMAP3209609a:16d5b83d0d2:-4ee','SRE','SRE-10102040303','IA7a2d199b:1331f25b22c:-7e54'),('ACCTMAP3209609a:16d5b83d0d2:-4ef','SRE','SRE-10102040303','IA6cf1d4c9:13c7e4dc01f:-78d7'),('ACCTMAP3209609a:16d5b83d0d2:-4f4','SRE','SRE-10102040303','IA-65b58d03:14a50757209:-793c'),('ACCTMAP3209609a:16d5b83d0d2:-4f8','SRE','SRE-10102040303','IA-52a8262c:132f0315d2e:-7e23'),('ACCTMAP3209609a:16d5b83d0d2:-549','SRE','SRE-10102030105','IA-52a8262c:132f0315d2e:-7e6a'),('ACCTMAP3209609a:16d5b83d0d2:-564','SRE','SRE-10102040303','IA7a2d199b:1331f25b22c:-7c8c'),('ACCTMAP3209609a:16d5b83d0d2:-5a6','SRE','SRE-10102040303','IA-52a8262c:132f0315d2e:-7e48'),('ACCTMAP3209609a:16d5b83d0d2:-5a9','SRE','SRE-10102040303','IA-52a8262c:132f0315d2e:-7e39'),('ACCTMAP3209609a:16d5b83d0d2:-5aa','SRE','SRE-10102040303','IA-52a8262c:132f0315d2e:-7e36'),('ACCTMAP3209609a:16d5b83d0d2:-5ab','SRE','SRE-10102040303','IA-52a8262c:132f0315d2e:-7e31'),('ACCTMAP3209609a:16d5b83d0d2:-5af','SRE','SRE-10102040303','IA-238240f5:148af294b5d:-7fe5'),('ACCTMAP3209609a:16d5b83d0d2:-7f4','SRE','SRE-10102030108','IAd8fc64e:13d90236ff0:-7f5c'),('ACCTMAP3209609a:16d5b83d0d2:-7fb','SRE','SRE-10102030108','IA-52a8262c:132f0315d2e:-7e5b'),('ACCTMAP3209609a:16d5b83d0d2:-7fc','SRE','SRE-10102030108','IA-4f8321bf:13c4ad81729:-58ed'),('ACCTMAP3209609a:16d5b83d0d2:-7fd','SRE','SRE-10102030108','IA-2eed29d1:133a48506a4:-7ecc'),('ACCTMAP3209609a:16d5b83d0d2:-881','SRE','SRE-10102020201','REVITEM-1e77d65e:1609f8b6405:-7e05'),('ACCTMAP3209609a:16d5b83d0d2:-8c2','SRE','SRE-10102020104','IA-50c902c4:13618ba172f:-7dda'),('ACCTMAP3209609a:16d5b83d0d2:-8c5','SRE','SRE-10102020104','IA6f3d541b:132ffab254b:-7c93'),('ACCTMAP3209609a:16d5b83d0d2:-8c7','SRE','SRE-10102020104','IA-52a8262c:132f0315d2e:-7ed9'),('ACCTMAP3209609a:16d5b83d0d2:-8c8','SRE','SRE-10102020104','IA-52a8262c:132f0315d2e:-7eca'),('ACCTMAP3209609a:16d5b83d0d2:-8c9','SRE','SRE-10102020104','IA-52a8262c:132f0315d2e:-7ebd'),('ACCTMAP3209609a:16d5b83d0d2:-8ca','SRE','SRE-10102020104','IA-52a8262c:132f0315d2e:-7eab'),('ACCTMAP3209609a:16d5b83d0d2:-8cb','SRE','SRE-10102020104','IA-52a8262c:132f0315d2e:-7e70'),('ACCTMAP3209609a:16d5b83d0d2:-9','SRE','SRE-10102010105','IAfaa79d3:13c17534783:-6984'),('ACCTMAP3209609a:16d5b83d0d2:-936','SRE','SRE-10102020103','IA-52a8262c:132f0315d2e:-7e93'),('ACCTMAP3209609a:16d5b83d0d2:-937','SRE','SRE-10102020103','IA-52a8262c:132f0315d2e:-7e90'),('ACCTMAP3209609a:16d5b83d0d2:-979','SRE','SRE-10102020102','IA7d2f9c81:1333313ada5:-7db6'),('ACCTMAP3209609a:16d5b83d0d2:-97b','SRE','SRE-10102020102','REVITEMfbf1095:161e012fec1:-7fcf'),('ACCTMAP3209609a:16d5b83d0d2:-97c','SRE','SRE-10102020102','REVITEM49795878:150f4694105:-7b69'),('ACCTMAP3209609a:16d5b83d0d2:-97d','SRE','SRE-10102020102','REVITEM23f22834:16ae7350dfd:-686b'),('ACCTMAP3209609a:16d5b83d0d2:-9a8','SRE','SRE-10102020102','IA7d2f9c81:1333313ada5:-7a55'),('ACCTMAP3209609a:16d5b83d0d2:-9aa','SRE','SRE-10102020102','IA67874eef:1389741a5bd:-7dc4'),('ACCTMAP3209609a:16d5b83d0d2:-9ab','SRE','SRE-10102020102','IA6248e3e0:134a0c5bd77:-7e95'),('ACCTMAP3209609a:16d5b83d0d2:-9ac','SRE','SRE-10102020102','IA5c848a78:13e8ba8e9dd:-7fd9'),('ACCTMAP3209609a:16d5b83d0d2:-9ad','SRE','SRE-10102020102','IA512e2e44:134bfaa3f6c:-766c'),('ACCTMAP3209609a:16d5b83d0d2:-9ae','SRE','SRE-10102020102','IA1336d807:1362d647910:-7d8c'),('ACCTMAP3209609a:16d5b83d0d2:-9b0','SRE','SRE-10102020102','IA-796f301e:1330f170bdc:-7d42'),('ACCTMAP3209609a:16d5b83d0d2:-9b1','SRE','SRE-10102020102','IA-796f301e:1330f170bdc:-7a0f'),('ACCTMAP3209609a:16d5b83d0d2:-9b2','SRE','SRE-10102020102','IA-52a8262c:132f0315d2e:-7ef6'),('ACCTMAP3209609a:16d5b83d0d2:-9b3','SRE','SRE-10102020102','IA-52a8262c:132f0315d2e:-7ed0'),('ACCTMAP3209609a:16d5b83d0d2:-9b4','SRE','SRE-10102020102','IA-52a8262c:132f0315d2e:-7ec7'),('ACCTMAP3209609a:16d5b83d0d2:-9b5','SRE','SRE-10102020102','IA-52a8262c:132f0315d2e:-7ec2'),('ACCTMAP3209609a:16d5b83d0d2:-9d8','SRE','SRE-10102020102','IA-52a8262c:132f0315d2e:-7eb0'),('ACCTMAP3209609a:16d5b83d0d2:-9d9','SRE','SRE-10102020102','IA-52a8262c:132f0315d2e:-7ea3'),('ACCTMAP3209609a:16d5b83d0d2:-9da','SRE','SRE-10102020102','IA-52a8262c:132f0315d2e:-7e9e'),('ACCTMAP3209609a:16d5b83d0d2:-9db','SRE','SRE-10102020102','IA-52a8262c:132f0315d2e:-7e8d'),('ACCTMAP3209609a:16d5b83d0d2:-9dc','SRE','SRE-10102020102','IA-52a8262c:132f0315d2e:-7e8a'),('ACCTMAP3209609a:16d5b83d0d2:-9dd','SRE','SRE-10102020102','IA-52a8262c:132f0315d2e:-7e83'),('ACCTMAP3209609a:16d5b83d0d2:-9de','SRE','SRE-10102020102','IA-52a8262c:132f0315d2e:-7e7a'),('ACCTMAP3209609a:16d5b83d0d2:-9e0','SRE','SRE-10102020102','IA-52a8262c:132f0315d2e:-7bef'),('ACCTMAP3209609a:16d5b83d0d2:-9e3','SRE','SRE-10102020102','IA-37a937e1:1331967d90b:-7b05'),('ACCTMAP3209609a:16d5b83d0d2:-a','SRE','SRE-10102010105','IAfaa79d3:13c17534783:-6981'),('ACCTMAP3209609a:16d5b83d0d2:-a22','SRE','SRE-10102020101','IA2e43a9f4:148c3bd62cc:-7dfe'),('ACCTMAP3209609a:16d5b83d0d2:-a23','SRE','SRE-10102020101','IA-52a8262c:132f0315d2e:-7ee2'),('ACCTMAP3209609a:16d5b83d0d2:-a26','SRE','SRE-10102020101','IA-52a8262c:132f0315d2e:-7edf'),('ACCTMAP3209609a:16d5b83d0d2:-a27','SRE','SRE-10102020101','IA-52a8262c:132f0315d2e:-7b84'),('ACCTMAP3209609a:16d5b83d0d2:-a59','SRE','SRE-101020103','IA-52a8262c:132f0315d2e:-7ef0'),('ACCTMAP3209609a:16d5b83d0d2:-ae3','SRE','SRE-10102010201','IA5cd4bd5a:1362837b46a:-7b95'),('ACCTMAP3209609a:16d5b83d0d2:-ae4','SRE','SRE-10102010201','IA5cd4bd5a:1362837b46a:-7b90'),('ACCTMAP3209609a:16d5b83d0d2:-c0d','SRE','SRE-10102010202','REVITEM49795878:150f4694105:-7b2a'),('ACCTMAP3209609a:16d5b83d0d2:-c32','SRE','SRE-10102010202','IA7d2f9c81:1333313ada5:-7a52'),('ACCTMAP3209609a:16d5b83d0d2:-c33','SRE','SRE-10102010202','IA6f3d541b:132ffab254b:-7b3a'),('ACCTMAP3209609a:16d5b83d0d2:-c35','SRE','SRE-10102010202','IA66fbdbd7:13b6d6befa1:-7ff6'),('ACCTMAP3209609a:16d5b83d0d2:-c36','SRE','SRE-10102010202','IA5b9ef97a:132f564c005:-7fcb'),('ACCTMAP3209609a:16d5b83d0d2:-c38','SRE','SRE-10102010202','IA5b9ef97a:132f564c005:-7fc7'),('ACCTMAP3209609a:16d5b83d0d2:-c84','SRE','SRE-10102010202','IA5b9ef97a:132f564c005:-7fc4'),('ACCTMAP3209609a:16d5b83d0d2:-c86','SRE','SRE-10102010202','IA5b9ef97a:132f564c005:-7fc1'),('ACCTMAP3209609a:16d5b83d0d2:-c87','SRE','SRE-10102010202','IA5b9ef97a:132f564c005:-7fbe'),('ACCTMAP3209609a:16d5b83d0d2:-c8b','SRE','SRE-10102010202','IA41526fbf:136044318ed:-79b3'),('ACCTMAP3209609a:16d5b83d0d2:-c8c','SRE','SRE-10102010202','IA1336d807:1362d647910:-7d85'),('ACCTMAP3209609a:16d5b83d0d2:-c8e','SRE','SRE-10102010202','IA-496343d5:135791be61b:-7cce'),('ACCTMAP3209609a:16d5b83d0d2:-d02','SRE','SRE-10102010202','IA-66ac8cda:1333de6f517:-7cdb'),('ACCTMAP3209609a:16d5b83d0d2:-d03','SRE','SRE-10102010202','IA-62482182:13b20262016:-7f86'),('ACCTMAP3209609a:16d5b83d0d2:-d04','SRE','SRE-10102010202','IA-53b390e5:141240a719b:-7a8b'),('ACCTMAP3209609a:16d5b83d0d2:-d06','SRE','SRE-10102010202','IA-52a8262c:132f0315d2e:-7ea8'),('ACCTMAP3209609a:16d5b83d0d2:-d80','SRE','SRE-10102010201','IA-52a8262c:132f0315d2e:-7ef9'),('ACCTMAP3209609a:16d5b83d0d2:141','SRE','SRE-10102020103','IA52d15ba4:14722987eec:-7e10'),('ACCTMAP3209609a:16d5b83d0d2:68','SRE','SRE-10102010201','IA-47cd2633:1386e1fd26f:-7d0b'),('ACCTMAP3209609a:16d5b83d0d2:69','SRE','SRE-10102010201','IA-52a8262c:132f0315d2e:-7e29'),('ACCTMAP463e9154:17f52873d05:-4ce0','SRE-NGAS','SRE-NGAS-636-2C','ITMACCTef19a17:17f53d500c0:-1beb'),('ACCTMAP463e9154:17f52873d05:-4ce7','SRE-NGAS','SRE-NGAS-636-2B','ITMACCTef19a17:17f53d500c0:-1c35'),('ACCTMAP463e9154:17f52873d05:-4cf2','SRE-NGAS','SRE-NGAS-636-2A','ITMACCTef19a17:17f53d500c0:-1e0b'),('ACCTMAP463e9154:17f52873d05:-4cf3','SRE-NGAS','SRE-NGAS-636-2A','ITMACCTef19a17:17f53d500c0:-1c7f'),('ACCTMAP463e9154:17f52873d05:-4da0','SRE-NGAS','SRE-NGAS-636-3','IAd8fc64e:13d90236ff0:-7f5c'),('ACCTMAP463e9154:17f52873d05:-4da5','SRE-NGAS','SRE-NGAS-636-1','IA-52a8262c:132f0315d2e:-7e5b'),('ACCTMAP463e9154:17f52873d05:-4dbd','SRE-NGAS','SRE-NGAS-637','IA-2eed29d1:133a48506a4:-7ecc'),('ACCTMAP463e9154:17f52873d05:-4dd3','SRE-NGAS','SRE-NGAS-678-4','REVITEM-7672b6ec:16cdbb9bc48:-7eb4'),('ACCTMAP463e9154:17f52873d05:-4dd4','SRE-NGAS','SRE-NGAS-678-4','IA7a2d199b:1331f25b22c:-7e54'),('ACCTMAP463e9154:17f52873d05:-4dd5','SRE-NGAS','SRE-NGAS-678-4','IA6cf1d4c9:13c7e4dc01f:-78d7'),('ACCTMAP463e9154:17f52873d05:-4dd6','SRE-NGAS','SRE-NGAS-678-4','IA-65b58d03:14a50757209:-793c'),('ACCTMAP463e9154:17f52873d05:-4dd7','SRE-NGAS','SRE-NGAS-678-4','IA-52a8262c:132f0315d2e:-7ed4'),('ACCTMAP463e9154:17f52873d05:-4dd8','SRE-NGAS','SRE-NGAS-678-4','IA-52a8262c:132f0315d2e:-7e23'),('ACCTMAP463e9154:17f52873d05:-4df2','SRE-NGAS','SRE-NGAS-670','ITMACCT-4bb12164:16d8577a4c9:-7929'),('ACCTMAP463e9154:17f52873d05:-4e20','SRE-NGAS','SRE-NGAS-648-8','IA5b9ef97a:132f564c005:-7b94'),('ACCTMAP463e9154:17f52873d05:-4e2b','SRE-NGAS','SRE-NGAS-648-2','IA-4f8321bf:13c4ad81729:-58ed'),('ACCTMAP463e9154:17f52873d05:-4e3b','SRE-NGAS','SRE-NGAS-648-1','IA484dcff9:13366a1c3d1:-7df3'),('ACCTMAP463e9154:17f52873d05:-4e86','SRE-NGAS','SRE-NGAS-642-2','IA-52a8262c:132f0315d2e:-7e39'),('ACCTMAP463e9154:17f52873d05:-4e93','SRE-NGAS','SRE-NGAS-642-1','IA7a2d199b:1331f25b22c:-7c8c'),('ACCTMAP463e9154:17f52873d05:-4e94','SRE-NGAS','SRE-NGAS-642-1','IA-52a8262c:132f0315d2e:-7e36'),('ACCTMAP463e9154:17f52873d05:-4e95','SRE-NGAS','SRE-NGAS-642-1','IA-52a8262c:132f0315d2e:-7e31'),('ACCTMAP463e9154:17f52873d05:-4e96','SRE-NGAS','SRE-NGAS-642-1','IA-238240f5:148af294b5d:-7fe5'),('ACCTMAP463e9154:17f52873d05:-4ebc','SRE-NGAS','SRE-NGAS-638-1','ITMACCTef19a17:17f53d500c0:-69d2'),('ACCTMAP463e9154:17f52873d05:-4efb','SRE-NGAS','SRE-NGAS-633','ITMACCT9868a1a:16f1b88d462:-4e43'),('ACCTMAP463e9154:17f52873d05:-4efc','SRE-NGAS','SRE-NGAS-633','IA-52a8262c:132f0315d2e:-7e6a'),('ACCTMAP463e9154:17f52873d05:-4f06','SRE-NGAS','SRE-NGAS-628-6','REVITEM-1e77d65e:1609f8b6405:-7e05'),('ACCTMAP463e9154:17f52873d05:-4f07','SRE-NGAS','SRE-NGAS-628-6','ITMACCTef19a17:17f536d2c08:-42d4'),('ACCTMAP463e9154:17f52873d05:-4f0e','SRE-NGAS','SRE-NGAS-628-3A','ITMACCT-1315162f:172b53e8066:-6d7c'),('ACCTMAP463e9154:17f52873d05:-4f4f','SRE-NGAS','SRE-NGAS-628-3','REVITEM54acab5a:16cfa54fcb6:-7fbe'),('ACCTMAP463e9154:17f52873d05:-4f50','SRE-NGAS','SRE-NGAS-628-3','REVITEM-5e892b95:16d1882ada4:-6f77'),('ACCTMAP463e9154:17f52873d05:-4f5f','SRE-NGAS','SRE-NGAS-628-3','ITMACCT6710c4a6:16dd1e20c27:-67a7'),('ACCTMAP463e9154:17f52873d05:-4f60','SRE-NGAS','SRE-NGAS-628-3','ITMACCT610b926c:1724e4e94f5:-7326'),('ACCTMAP463e9154:17f52873d05:-4f61','SRE-NGAS','SRE-NGAS-628-3','ITMACCT2dd08216:1710f0a8d71:-7a57'),('ACCTMAP463e9154:17f52873d05:-4f62','SRE-NGAS','SRE-NGAS-628-3','ITMACCT-715ec618:170988f2fee:-475b'),('ACCTMAP463e9154:17f52873d05:-4f63','SRE-NGAS','SRE-NGAS-628-3','ITMACCT-6549f2fe:1707f25c9ee:-503f'),('ACCTMAP463e9154:17f52873d05:-4f64','SRE-NGAS','SRE-NGAS-628-3','ITMACCT-6549f2fe:1707f25c9ee:-4bbe'),('ACCTMAP463e9154:17f52873d05:-4f65','SRE-NGAS','SRE-NGAS-628-3','ITMACCT-6549f2fe:1707f25c9ee:-4afa'),('ACCTMAP463e9154:17f52873d05:-4f66','SRE-NGAS','SRE-NGAS-628-3','ITMACCT-6549f2fe:1707f25c9ee:-3668'),('ACCTMAP463e9154:17f52873d05:-4f67','SRE-NGAS','SRE-NGAS-628-3','IA7d2f9c81:1333313ada5:-7cd6'),('ACCTMAP463e9154:17f52873d05:-4f68','SRE-NGAS','SRE-NGAS-628-3','IA7d2f9c81:1333313ada5:-7ccf'),('ACCTMAP463e9154:17f52873d05:-4f69','SRE-NGAS','SRE-NGAS-628-3','IA7d2f9c81:1333313ada5:-7cc8'),('ACCTMAP463e9154:17f52873d05:-4f6a','SRE-NGAS','SRE-NGAS-628-3','IA6f3d541b:132ffab254b:-7d54'),('ACCTMAP463e9154:17f52873d05:-4f6b','SRE-NGAS','SRE-NGAS-628-3','IA515ad9d3:1333836da76:-7d22'),('ACCTMAP463e9154:17f52873d05:-4f6c','SRE-NGAS','SRE-NGAS-628-3','IA48a83463:133a984f156:-7d6b'),('ACCTMAP463e9154:17f52873d05:-4f6d','SRE-NGAS','SRE-NGAS-628-3','IA295e7ba0:134c4e95637:-7c49'),('ACCTMAP463e9154:17f52873d05:-4f6e','SRE-NGAS','SRE-NGAS-628-3','IA158d54df:13acdc6af02:-7a88'),('ACCTMAP463e9154:17f52873d05:-4f6f','SRE-NGAS','SRE-NGAS-628-3','IA158d54df:13acdc6af02:-7a27'),('ACCTMAP463e9154:17f52873d05:-4f9c','SRE-NGAS','SRE-NGAS-628-4','IA5b9ef97a:132f564c005:-7fbe'),('ACCTMAP463e9154:17f52873d05:-4f9d','SRE-NGAS','SRE-NGAS-628-4','IA52d15ba4:14722987eec:-7e10'),('ACCTMAP463e9154:17f52873d05:-4f9e','SRE-NGAS','SRE-NGAS-628-4','IA-52a8262c:132f0315d2e:-7e97'),('ACCTMAP463e9154:17f52873d05:-4f9f','SRE-NGAS','SRE-NGAS-628-4','IA-52a8262c:132f0315d2e:-7e93'),('ACCTMAP463e9154:17f52873d05:-4fa0','SRE-NGAS','SRE-NGAS-628-4','IA-52a8262c:132f0315d2e:-7e90'),('ACCTMAP463e9154:17f52873d05:-500b','SRE-NGAS','SRE-NGAS-613-8','ITMACCTef19a17:17f536d2c08:-4276'),('ACCTMAP463e9154:17f52873d05:-500c','SRE-NGAS','SRE-NGAS-613-8','ITMACCTef19a17:17f536d2c08:-4227'),('ACCTMAP463e9154:17f52873d05:-502d','SRE-NGAS','SRE-NGAS-613-7','IA67874eef:1389741a5bd:-7dc4'),('ACCTMAP463e9154:17f52873d05:-502e','SRE-NGAS','SRE-NGAS-613-7','IA6248e3e0:134a0c5bd77:-7e95'),('ACCTMAP463e9154:17f52873d05:-502f','SRE-NGAS','SRE-NGAS-613-7','IA5b9ef97a:132f564c005:-7fc4'),('ACCTMAP463e9154:17f52873d05:-5030','SRE-NGAS','SRE-NGAS-613-7','IA5b9ef97a:132f564c005:-7fc1'),('ACCTMAP463e9154:17f52873d05:-5031','SRE-NGAS','SRE-NGAS-613-7','IA512e2e44:134bfaa3f6c:-766c'),('ACCTMAP463e9154:17f52873d05:-5032','SRE-NGAS','SRE-NGAS-613-7','IA1336d807:1362d647910:-7d8c'),('ACCTMAP463e9154:17f52873d05:-5033','SRE-NGAS','SRE-NGAS-613-7','IA-796f301e:1330f170bdc:-7d42'),('ACCTMAP463e9154:17f52873d05:-5034','SRE-NGAS','SRE-NGAS-613-7','IA-796f301e:1330f170bdc:-7a0f'),('ACCTMAP463e9154:17f52873d05:-5035','SRE-NGAS','SRE-NGAS-613-7','IA-52a8262c:132f0315d2e:-7ec7'),('ACCTMAP463e9154:17f52873d05:-5036','SRE-NGAS','SRE-NGAS-613-7','IA-52a8262c:132f0315d2e:-7ec2'),('ACCTMAP463e9154:17f52873d05:-5037','SRE-NGAS','SRE-NGAS-613-7','IA-52a8262c:132f0315d2e:-7ebd'),('ACCTMAP463e9154:17f52873d05:-5038','SRE-NGAS','SRE-NGAS-613-7','IA-52a8262c:132f0315d2e:-7ea8'),('ACCTMAP463e9154:17f52873d05:-5039','SRE-NGAS','SRE-NGAS-613-7','IA-52a8262c:132f0315d2e:-7ea3'),('ACCTMAP463e9154:17f52873d05:-503a','SRE-NGAS','SRE-NGAS-613-7','IA-52a8262c:132f0315d2e:-7e9e'),('ACCTMAP463e9154:17f52873d05:-5079','SRE-NGAS','SRE-NGAS-613-5','IA-52a8262c:132f0315d2e:-7ef0'),('ACCTMAP463e9154:17f52873d05:-5084','SRE-NGAS','SRE-NGAS-613-3','IA7d2f9c81:1333313ada5:-7db6'),('ACCTMAP463e9154:17f52873d05:-5093','SRE-NGAS','SRE-NGAS-613-4','IA-238240f5:148af294b5d:-7f3a'),('ACCTMAP463e9154:17f52873d05:-50a9','SRE-NGAS','SRE-NGAS-613-1','IA5c848a78:13e8ba8e9dd:-7fd9'),('ACCTMAP463e9154:17f52873d05:-50b7','SRE-NGAS','SRE-NGAS-613-3','IA-52a8262c:132f0315d2e:-7e8d'),('ACCTMAP463e9154:17f52873d05:-50b8','SRE-NGAS','SRE-NGAS-613-3','IA-52a8262c:132f0315d2e:-7e8a'),('ACCTMAP463e9154:17f52873d05:-50b9','SRE-NGAS','SRE-NGAS-613-3','IA-52a8262c:132f0315d2e:-7e83'),('ACCTMAP463e9154:17f52873d05:-50ba','SRE-NGAS','SRE-NGAS-613-3','IA-52a8262c:132f0315d2e:-7e7a'),('ACCTMAP463e9154:17f52873d05:-50cf','SRE-NGAS','SRE-NGAS-613-2','IA-37a937e1:1331967d90b:-7b05'),('ACCTMAP463e9154:17f52873d05:-50dc','SRE-NGAS','SRE-NGAS-613-1','IA-52a8262c:132f0315d2e:-7eca'),('ACCTMAP463e9154:17f52873d05:-50e7','SRE-NGAS','SRE-NGAS-613-1','IA-52a8262c:132f0315d2e:-7e70'),('ACCTMAP463e9154:17f52873d05:-50fa','SRE-NGAS','SRE-NGAS-608-4','ITMACCT-2fdae00e:17e8faf2250:-7d01'),('ACCTMAP463e9154:17f52873d05:-5107','SRE-NGAS','SRE-NGAS-608-3','REVITEMfbf1095:161e012fec1:-7fcf'),('ACCTMAP463e9154:17f52873d05:-5108','SRE-NGAS','SRE-NGAS-608-3','REVITEM49795878:150f4694105:-7b69'),('ACCTMAP463e9154:17f52873d05:-5109','SRE-NGAS','SRE-NGAS-608-3','REVITEM49795878:150f4694105:-7b2a'),('ACCTMAP463e9154:17f52873d05:-510a','SRE-NGAS','SRE-NGAS-608-3','REVITEM23f22834:16ae7350dfd:-686b'),('ACCTMAP463e9154:17f52873d05:-510d','SRE-NGAS','SRE-NGAS-608-3','IA7d2f9c81:1333313ada5:-7a55'),('ACCTMAP463e9154:17f52873d05:-510e','SRE-NGAS','SRE-NGAS-608-3','IA7d2f9c81:1333313ada5:-7a52'),('ACCTMAP463e9154:17f52873d05:-510f','SRE-NGAS','SRE-NGAS-608-3','IA6f3d541b:132ffab254b:-7b3a'),('ACCTMAP463e9154:17f52873d05:-5110','SRE-NGAS','SRE-NGAS-608-3','IA66fbdbd7:13b6d6befa1:-7ff6'),('ACCTMAP463e9154:17f52873d05:-5111','SRE-NGAS','SRE-NGAS-608-3','IA41526fbf:136044318ed:-79b3'),('ACCTMAP463e9154:17f52873d05:-5112','SRE-NGAS','SRE-NGAS-608-3','IA1336d807:1362d647910:-7d85'),('ACCTMAP463e9154:17f52873d05:-5113','SRE-NGAS','SRE-NGAS-608-3','IA-66ac8cda:1333de6f517:-7cdb'),('ACCTMAP463e9154:17f52873d05:-5114','SRE-NGAS','SRE-NGAS-608-3','IA-62482182:13b20262016:-7f86'),('ACCTMAP463e9154:17f52873d05:-5115','SRE-NGAS','SRE-NGAS-608-3','IA-53b390e5:141240a719b:-7a8b'),('ACCTMAP463e9154:17f52873d05:-5116','SRE-NGAS','SRE-NGAS-608-3','IA-52a8262c:132f0315d2e:-7ef6'),('ACCTMAP463e9154:17f52873d05:-5117','SRE-NGAS','SRE-NGAS-608-3','IA-52a8262c:132f0315d2e:-7eb0'),('ACCTMAP463e9154:17f52873d05:-5118','SRE-NGAS','SRE-NGAS-608-3','IA-496343d5:135791be61b:-7cce'),('ACCTMAP463e9154:17f52873d05:-5131','SRE-NGAS','SRE-NGAS-608-2','IA-52a8262c:132f0315d2e:-7eab'),('ACCTMAP463e9154:17f52873d05:-5164','SRE-NGAS','SRE-NGAS-606-3','IA6248e3e0:134a0c5bd77:-79b9'),('ACCTMAP463e9154:17f52873d05:-5165','SRE-NGAS','SRE-NGAS-606-3','IA-52a8262c:132f0315d2e:-7e29'),('ACCTMAP463e9154:17f52873d05:-5166','SRE-NGAS','SRE-NGAS-606-3','IA-47cd2633:1386e1fd26f:-7d0b'),('ACCTMAP463e9154:17f52873d05:-516b','SRE-NGAS','SRE-NGAS-606-2','IA-1f72624a:1339f421d71:-7705'),('ACCTMAP463e9154:17f52873d05:-5178','SRE-NGAS','SRE-NGAS-606-2','IA5cd4bd5a:1362837b46a:-7b95'),('ACCTMAP463e9154:17f52873d05:-5179','SRE-NGAS','SRE-NGAS-606-2','IA5cd4bd5a:1362837b46a:-7b90'),('ACCTMAP463e9154:17f52873d05:-517a','SRE-NGAS','SRE-NGAS-606-2','IA-52a8262c:132f0315d2e:-7ef9'),('ACCTMAP463e9154:17f52873d05:-5180','SRE-NGAS','SRE-NGAS-606-1','IA-52a8262c:132f0315d2e:-7f58'),('ACCTMAP463e9154:17f52873d05:-5190','SRE-NGAS','SRE-NGAS-605-3D','IA5b9ef97a:132f564c005:-7e44'),('ACCTMAP463e9154:17f52873d05:-5191','SRE-NGAS','SRE-NGAS-605-3D','IA6f3d541b:132ffab254b:-7c93'),('ACCTMAP463e9154:17f52873d05:-5192','SRE-NGAS','SRE-NGAS-605-3D','IA5b9ef97a:132f564c005:-7e40'),('ACCTMAP463e9154:17f52873d05:-5193','SRE-NGAS','SRE-NGAS-605-3D','IA5b9ef97a:132f564c005:-7e3b'),('ACCTMAP463e9154:17f52873d05:-5194','SRE-NGAS','SRE-NGAS-605-3D','IA5b9ef97a:132f564c005:-7e38'),('ACCTMAP463e9154:17f52873d05:-5195','SRE-NGAS','SRE-NGAS-605-3D','IA4dfadde2:132ec81be1e:-7e7b'),('ACCTMAP463e9154:17f52873d05:-5196','SRE-NGAS','SRE-NGAS-605-3D','IA484dcff9:13366a1c3d1:-7f6a'),('ACCTMAP463e9154:17f52873d05:-5197','SRE-NGAS','SRE-NGAS-605-3D','IA484dcff9:13366a1c3d1:-7e29'),('ACCTMAP463e9154:17f52873d05:-5198','SRE-NGAS','SRE-NGAS-605-3D','IA-442b836f:13b81fe72b4:-7fec'),('ACCTMAP463e9154:17f52873d05:-5199','SRE-NGAS','SRE-NGAS-605-3D','IA-2a146949:132fa89547f:-79f0'),('ACCTMAP463e9154:17f52873d05:-519a','SRE-NGAS','SRE-NGAS-605-3D','IA-2a146949:132fa89547f:-79ed'),('ACCTMAP463e9154:17f52873d05:-519b','SRE-NGAS','SRE-NGAS-605-3D','IA-2a146949:132fa89547f:-79ea'),('ACCTMAP463e9154:17f52873d05:-519c','SRE-NGAS','SRE-NGAS-605-3D','IA-2a146949:132fa89547f:-79e0'),('ACCTMAP463e9154:17f52873d05:-51d8','SRE-NGAS','SRE-NGAS-605-3C','ITMACCTef19a17:17f53af43c4:-3b21'),('ACCTMAP463e9154:17f52873d05:-51e1','SRE-NGAS','SRE-NGAS-605-3B','ITMACCTef19a17:17f53af43c4:-3b55'),('ACCTMAP463e9154:17f52873d05:-51fb','SRE-NGAS','SRE-NGAS-605-3A','ITMACCTef19a17:17f53af43c4:-3b8f'),('ACCTMAP463e9154:17f52873d05:-5258','SRE-NGAS','SRE-NGAS-605-3D','ITMACCTef19a17:17f53af43c4:-3aed'),('ACCTMAP463e9154:17f52873d05:-53d8','SRE-NGAS','SRE-NGAS-605-3A','IA-5843fc0e:13bfd8d9f6d:-7f3e'),('ACCTMAP463e9154:17f52873d05:-53d9','SRE-NGAS','SRE-NGAS-605-3A','IA-52a8262c:132f0315d2e:-7f0a'),('ACCTMAP463e9154:17f52873d05:-53ea','SRE-NGAS','SRE-NGAS-605-2','IA-796f301e:1330f170bdc:-7cf7'),('ACCTMAP463e9154:17f52873d05:-53eb','SRE-NGAS','SRE-NGAS-605-2','IA-52a8262c:132f0315d2e:-7f45'),('ACCTMAP463e9154:17f52873d05:-53ec','SRE-NGAS','SRE-NGAS-605-2','IA-52a8262c:132f0315d2e:-7f30'),('ACCTMAP463e9154:17f52873d05:-53ed','SRE-NGAS','SRE-NGAS-605-2','IA-52a8262c:132f0315d2e:-7f25'),('ACCTMAP463e9154:17f52873d05:-5438','SRE-NGAS','SRE-NGAS-582-3','IA5f138be2:1350d05b4b7:-791a'),('ACCTMAP463e9154:17f52873d05:-5440','SRE-NGAS','SRE-NGAS-582-3','IA4dfadde2:132ec81be1e:-7e50'),('ACCTMAP463e9154:17f52873d05:-5478','SRE-NGAS','SRE-NGAS-605-1','IAfaa79d3:13c17534783:-6984'),('ACCTMAP463e9154:17f52873d05:-5479','SRE-NGAS','SRE-NGAS-605-1','IAfaa79d3:13c17534783:-6981'),('ACCTMAP463e9154:17f52873d05:-547a','SRE-NGAS','SRE-NGAS-605-1','IA181e445b:1467dd4be7a:-7eeb'),('ACCTMAP463e9154:17f52873d05:-547b','SRE-NGAS','SRE-NGAS-605-1','IA-61ecb4ef:141ecd1c65d:-7ec8'),('ACCTMAP463e9154:17f52873d05:-547c','SRE-NGAS','SRE-NGAS-605-1','IA-52a8262c:132f0315d2e:-7f3f'),('ACCTMAP463e9154:17f52873d05:-547d','SRE-NGAS','SRE-NGAS-605-1','IA-52a8262c:132f0315d2e:-7f22'),('ACCTMAP463e9154:17f52873d05:-547e','SRE-NGAS','SRE-NGAS-605-1','IA-52a8262c:132f0315d2e:-7f1d'),('ACCTMAP463e9154:17f52873d05:-547f','SRE-NGAS','SRE-NGAS-605-1','IA-33d158fa:146640acf79:-7fbf'),('ACCTMAP463e9154:17f52873d05:-5480','SRE-NGAS','SRE-NGAS-605-1','IA-33d158fa:146640acf79:-7fb4'),('ACCTMAP463e9154:17f52873d05:-5481','SRE-NGAS','SRE-NGAS-605-1','IA-33d158fa:146640acf79:-7ea3'),('ACCTMAP463e9154:17f52873d05:-5482','SRE-NGAS','SRE-NGAS-605-1','IA-33d158fa:146640acf79:-7d72'),('ACCTMAP463e9154:17f52873d05:-5483','SRE-NGAS','SRE-NGAS-605-1','IA-2a146949:132fa89547f:-784a'),('ACCTMAP463e9154:17f52873d05:-5593','SRE-NGAS','SRE-NGAS-593','ITMACCTef19a17:17f53af43c4:-7114'),('ACCTMAP463e9154:17f52873d05:-5603','SRE-NGAS','SRE-NGAS-601','IA-52a8262c:132f0315d2e:-7f7b'),('ACCTMAP463e9154:17f52873d05:-5639','SRE-NGAS','SRE-NGAS-591','IA5b9ef97a:132f564c005:-7b81'),('ACCTMAP463e9154:17f52873d05:-563a','SRE-NGAS','SRE-NGAS-591','IA5b9ef97a:132f564c005:-7b69'),('ACCTMAP463e9154:17f52873d05:-563b','SRE-NGAS','SRE-NGAS-591','IA5b9ef97a:132f564c005:-7aa9'),('ACCTMAP463e9154:17f52873d05:-563c','SRE-NGAS','SRE-NGAS-591','IA5b9ef97a:132f564c005:-7aa5'),('ACCTMAP463e9154:17f52873d05:-566c','SRE-NGAS','SRE-NGAS-588','ITMACCT4dcdfeea:17f486f439e:-5def'),('ACCTMAP463e9154:17f52873d05:-566d','SRE-NGAS','SRE-NGAS-588','IA5b9ef97a:132f564c005:-7b29'),('ACCTMAP463e9154:17f52873d05:-566e','SRE-NGAS','SRE-NGAS-588','IA5b9ef97a:132f564c005:-7ac3'),('ACCTMAP463e9154:17f52873d05:-566f','SRE-NGAS','SRE-NGAS-588','IA5b9ef97a:132f564c005:-7abb'),('ACCTMAP463e9154:17f52873d05:-5670','SRE-NGAS','SRE-NGAS-588','IA5b9ef97a:132f564c005:-7ab5'),('ACCTMAP463e9154:17f52873d05:-56a6','SRE-NGAS','SRE-NGAS-582','IA4dfadde2:132ec81be1e:-7e67'),('ACCTMAP463e9154:17f52873d05:-56a7','SRE-NGAS','SRE-NGAS-582','IA4dfadde2:132ec81be1e:-7e64'),('ACCTMAP463e9154:17f52873d05:-56a8','SRE-NGAS','SRE-NGAS-582','IA4dfadde2:132ec81be1e:-7e56'),('ACCTMAP463e9154:17f52873d05:-56a9','SRE-NGAS','SRE-NGAS-582','IA4dfadde2:132ec81be1e:-7e53'),('ACCTMAP463e9154:17f52873d05:-56ab','SRE-NGAS','SRE-NGAS-582','IA4dfadde2:132ec81be1e:-7e4c'),('ACCTMAP463e9154:17f52873d05:-56ac','SRE-NGAS','SRE-NGAS-582','IA484dcff9:13366a1c3d1:-7e03'),('ACCTMAP463e9154:17f52873d05:-56ad','SRE-NGAS','SRE-NGAS-582','IA-52a8262c:132f0315d2e:-7c5e'),('ACCTMAP463e9154:17f52873d05:-56ae','SRE-NGAS','SRE-NGAS-582','IA-52a8262c:132f0315d2e:-7c5b'),('ACCTMAP463e9154:17f52873d05:-56b1','SRE-NGAS','SRE-NGAS-582','IA-52a8262c:132f0315d2e:-7c56'),('ACCTMAP463e9154:17f52873d05:-56b2','SRE-NGAS','SRE-NGAS-582','IA-52a8262c:132f0315d2e:-7c50'),('ACCTMAP463e9154:17f52873d05:-56b3','SRE-NGAS','SRE-NGAS-582','IA-52a8262c:132f0315d2e:-7c4d'),('ACCTMAP463e9154:17f52873d05:-56b4','SRE-NGAS','SRE-NGAS-582','IA-52a8262c:132f0315d2e:-7c4a'),('ACCTMAP463e9154:17f52873d05:-56b5','SRE-NGAS','SRE-NGAS-582','IA-52a8262c:132f0315d2e:-7c47'),('ACCTMAP463e9154:17f52873d05:-56b6','SRE-NGAS','SRE-NGAS-582','IA-52a8262c:132f0315d2e:-7c44'),('ACCTMAP463e9154:17f52873d05:-56cd','SRE-NGAS','SRE-NGAS-583','ITMACCT-7c1f77dd:17f4967754f:-7c11'),('ACCTMAP463e9154:17f52873d05:-56ce','SRE-NGAS','SRE-NGAS-583','ITMACCT-7c1f77dd:17f4967754f:-79f5'),('ACCTMAP463e9154:17f52873d05:-56cf','SRE-NGAS','SRE-NGAS-583','IA7784cb42:1331e9424ea:-7da8'),('ACCTMAP463e9154:17f52873d05:-56d0','SRE-NGAS','SRE-NGAS-583','IA32902552:134ab29a375:-7970'),('ACCTMAP463e9154:17f52873d05:-5935','SRE-NGAS','SRE-NGAS-581','IA-1c6587e2:13540797412:-7e84'),('ACCTMAP50ca30d4:1710ed6762c:-6eb1','SRE','SRE-10102040303','ITMACCT2dd08216:1710f0a8d71:-7a57'),('ACCTMAP50ca30d4:1710ed6762c:-6eb7','NGAS','NGAS-679-1B','ITMACCT2dd08216:1710f0a8d71:-7a57'),('ACCTMAP54bd3c76:16f6e0c0ae4:-7f73','NGAS','NGAS-605-5','IAfaa79d3:13c17534783:-6984'),('ACCTMAP54bd3c76:16f6e0c0ae4:-7f74','NGAS','NGAS-605-5','IAfaa79d3:13c17534783:-6981'),('ACCTMAP54bd3c76:16f6e0c0ae4:-7f78','NGAS','NGAS-605-5','IA-2a146949:132fa89547f:-784a'),('ACCTMAP77bf78cd:17f4d7e587c:-5206','SRE-NGAS','SRE-NGAS-608-1','IA5b9ef97a:132f564c005:-7fcb'),('ACCTMAP77bf78cd:17f4d7e587c:-5207','SRE-NGAS','SRE-NGAS-608-1','IA5b9ef97a:132f564c005:-7fc7'),('ACCTMAP77bf78cd:17f4d7e587c:-5208','SRE-NGAS','SRE-NGAS-608-1','IA-52a8262c:132f0315d2e:-7bef'),('ACCTMAP77bf78cd:17f4d7e587c:-522f','SRE-NGAS','SRE-NGAS-613-5','ITMACCT3f2d8485:17e18bb7e62:-740a'),('ACCTMAP77bf78cd:17f4d7e587c:-5230','SRE-NGAS','SRE-NGAS-613-5','ITMACCT3f2d8485:17e18bb7e62:-7363'),('ACCTMAP77bf78cd:17f4d7e587c:-5231','SRE-NGAS','SRE-NGAS-613-5','ITMACCT3f2d8485:17e18bb7e62:-7288'),('ACCTMAP77bf78cd:17f4d7e587c:-5232','SRE-NGAS','SRE-NGAS-613-5','ITMACCT3f2d8485:17e18bb7e62:-71d1'),('ACCTMAP77bf78cd:17f4d7e587c:-5233','SRE-NGAS','SRE-NGAS-613-5','ITMACCT16221e12:17e31c7ee0c:-1ab0'),('ACCTMAP77bf78cd:17f4d7e587c:-5234','SRE-NGAS','SRE-NGAS-613-5','IA2e43a9f4:148c3bd62cc:-7dfe'),('ACCTMAP77bf78cd:17f4d7e587c:-5235','SRE-NGAS','SRE-NGAS-613-5','IA-52a8262c:132f0315d2e:-7ee2'),('ACCTMAP77bf78cd:17f4d7e587c:-5236','SRE-NGAS','SRE-NGAS-613-5','IA-52a8262c:132f0315d2e:-7edf'),('ACCTMAP77bf78cd:17f4d7e587c:-5237','SRE-NGAS','SRE-NGAS-613-5','IA-52a8262c:132f0315d2e:-7ed9'),('ACCTMAP77bf78cd:17f4d7e587c:-5238','SRE-NGAS','SRE-NGAS-613-5','IA-52a8262c:132f0315d2e:-7b84'),('ACCTMAP7a6f2616:16dfb99d93c:-55c4','NGAS','NGAS-613-3','IA-52a8262c:132f0315d2e:-7ebd'),('ACCTMAP7a6f2616:16dfb99d93c:-55e3','NGAS','NGAS-613-3','REVITEM49795878:150f4694105:-7b69'),('ACCTMAP7a6f2616:16dfb99d93c:-55e4','NGAS','NGAS-613-3','IA6248e3e0:134a0c5bd77:-7e95'),('ACCTMAP7a6f2616:16dfb99d93c:-55e5','NGAS','NGAS-613-3','IA-796f301e:1330f170bdc:-7a0f'),('ACCTMAP7a6f2616:16dfb99d93c:-55e6','NGAS','NGAS-613-3','IA-52a8262c:132f0315d2e:-7ec7'),('ACCTMAP7a6f2616:16dfb99d93c:-55e7','NGAS','NGAS-613-3','IA-52a8262c:132f0315d2e:-7ec2'),('ACCTMAP7a6f2616:16dfb99d93c:-5643','NGAS','NGAS-613-2','IA2e43a9f4:148c3bd62cc:-7dfe'),('ACCTMAP7a6f2616:16dfb99d93c:-5644','NGAS','NGAS-613-2','IA-52a8262c:132f0315d2e:-7ee2'),('ACCTMAP7a6f2616:16dfb99d93c:-5645','NGAS','NGAS-613-2','IA-52a8262c:132f0315d2e:-7edf'),('ACCTMAP7a6f2616:16dfb99d93c:-5646','NGAS','NGAS-613-2','IA-52a8262c:132f0315d2e:-7b84'),('ACCTMAP7a6f2616:16dfb99d93c:-5667','NGAS','NGAS-613-6','IA-52a8262c:132f0315d2e:-7eab'),('IA-1c6587e2:13540797412:-7e84','SRE-V254','REV2004-08-023','IA-1c6587e2:13540797412:-7e84'),('IA-1f72624a:1339f421d71:-7705','SRE-V254','REV2004-08-059','IA-1f72624a:1339f421d71:-7705'),('IA-238240f5:148af294b5d:-7f3a','SRE-V254','REV2004-08-054','IA-238240f5:148af294b5d:-7f3a'),('IA-238240f5:148af294b5d:-7fe5','SRE-V254','SUBACCT-52b6413d:15334a63bff:23a1','IA-238240f5:148af294b5d:-7fe5'),('IA-2a146949:132fa89547f:-784a','SRE-V254','SUBACCT-52b6413d:15334a63bff:-7e91','IA-2a146949:132fa89547f:-784a'),('IA-2a146949:132fa89547f:-79e0','SRE-V254','SUBACCT54238067:15151bbc4f5:-3c4b','IA-2a146949:132fa89547f:-79e0'),('IA-2a146949:132fa89547f:-79ea','SRE-V254','SUBACCT54238067:15151bbc4f5:-3c4b','IA-2a146949:132fa89547f:-79ea'),('IA-2a146949:132fa89547f:-79ed','SRE-V254','SUBACCT54238067:15151bbc4f5:-3c4b','IA-2a146949:132fa89547f:-79ed'),('IA-2a146949:132fa89547f:-79f0','SRE-V254','SUBACCT54238067:15151bbc4f5:-3c4b','IA-2a146949:132fa89547f:-79f0'),('IA-2eed29d1:133a48506a4:-7ecc','SRE-V254','SUBACCT-52b6413d:15334a63bff:-4387','IA-2eed29d1:133a48506a4:-7ecc'),('IA-332951d7:14b09e283fe:-7b61','SRE-V254','SUBACCT54238067:15151bbc4f5:-5dbd','IA-332951d7:14b09e283fe:-7b61'),('IA-332951d7:14b09e283fe:-7b64','SRE-V254','SUBACCT54238067:15151bbc4f5:-5dbd','IA-332951d7:14b09e283fe:-7b64'),('IA-33d158fa:146640acf79:-7d72','SRE-V254','SUBACCT-52b6413d:15334a63bff:-7e91','IA-33d158fa:146640acf79:-7d72'),('IA-33d158fa:146640acf79:-7ea3','SRE-V254','SUBACCT54238067:15151bbc4f5:-3404','IA-33d158fa:146640acf79:-7ea3'),('IA-33d158fa:146640acf79:-7fb4','SRE-V254','SUBACCT-52b6413d:15334a63bff:-7e91','IA-33d158fa:146640acf79:-7fb4'),('IA-33d158fa:146640acf79:-7fbf','SRE-V254','SUBACCT54238067:15151bbc4f5:-33d5','IA-33d158fa:146640acf79:-7fbf'),('IA-37a937e1:1331967d90b:-7b05','SRE-V254','SUBACCT-52b6413d:15334a63bff:-2080','IA-37a937e1:1331967d90b:-7b05'),('IA-442b836f:13b81fe72b4:-7fc0','SRE-V254','SREACCT54238067:15151bbc4f5:3cec','IA-442b836f:13b81fe72b4:-7fc0'),('IA-442b836f:13b81fe72b4:-7fec','SRE-V254','SUBACCT54238067:15151bbc4f5:-3c4b','IA-442b836f:13b81fe72b4:-7fec'),('IA-47cd2633:1386e1fd26f:-7d0b','SRE-V254','SUBACCT54238067:15151bbc4f5:-196d','IA-47cd2633:1386e1fd26f:-7d0b'),('IA-496343d5:135791be61b:-7cce','SRE-V254','SUBACCT-52b6413d:15334a63bff:-153','IA-496343d5:135791be61b:-7cce'),('IA-4f8321bf:13c4ad81729:-58ed','SRE-V254','SUBACCT-52b6413d:15334a63bff:-4358','IA-4f8321bf:13c4ad81729:-58ed'),('IA-50c902c4:13618ba172f:-7dda','SRE-V254','SUBACCT-52b6413d:15334a63bff:-2488','IA-50c902c4:13618ba172f:-7dda'),('IA-52a8262c:132f0315d2e:-7b84','SRE-V254','REV2004-08-065','IA-52a8262c:132f0315d2e:-7b84'),('IA-52a8262c:132f0315d2e:-7bef','SRE-V254','SUBACCT-52b6413d:15334a63bff:-2080','IA-52a8262c:132f0315d2e:-7bef'),('IA-52a8262c:132f0315d2e:-7c44','SRE-V254','SREACCT54238067:15151bbc4f5:-6730','IA-52a8262c:132f0315d2e:-7c44'),('IA-52a8262c:132f0315d2e:-7c47','SRE-V254','SREACCT54238067:15151bbc4f5:-6730','IA-52a8262c:132f0315d2e:-7c47'),('IA-52a8262c:132f0315d2e:-7c4a','SRE-V254','SREACCT54238067:15151bbc4f5:-6730','IA-52a8262c:132f0315d2e:-7c4a'),('IA-52a8262c:132f0315d2e:-7c4d','SRE-V254','SREACCT54238067:15151bbc4f5:-6730','IA-52a8262c:132f0315d2e:-7c4d'),('IA-52a8262c:132f0315d2e:-7c50','SRE-V254','SREACCT54238067:15151bbc4f5:-6730','IA-52a8262c:132f0315d2e:-7c50'),('IA-52a8262c:132f0315d2e:-7c56','SRE-V254','SREACCT54238067:15151bbc4f5:-6730','IA-52a8262c:132f0315d2e:-7c56'),('IA-52a8262c:132f0315d2e:-7c5b','SRE-V254','SREACCT54238067:15151bbc4f5:-6730','IA-52a8262c:132f0315d2e:-7c5b'),('IA-52a8262c:132f0315d2e:-7c5e','SRE-V254','SREACCT54238067:15151bbc4f5:-6730','IA-52a8262c:132f0315d2e:-7c5e'),('IA-52a8262c:132f0315d2e:-7e23','SRE-V254','SUBACCT-52b6413d:15334a63bff:36a2','IA-52a8262c:132f0315d2e:-7e23'),('IA-52a8262c:132f0315d2e:-7e29','SRE-V254','SUBACCT54238067:15151bbc4f5:-196d','IA-52a8262c:132f0315d2e:-7e29'),('IA-52a8262c:132f0315d2e:-7e31','SRE-V254','SUBACCT-52b6413d:15334a63bff:222f','IA-52a8262c:132f0315d2e:-7e31'),('IA-52a8262c:132f0315d2e:-7e36','SRE-V254','SUBACCT-52b6413d:15334a63bff:231b','IA-52a8262c:132f0315d2e:-7e36'),('IA-52a8262c:132f0315d2e:-7e39','SRE-V254','SUBACCT-52b6413d:15334a63bff:22d8','IA-52a8262c:132f0315d2e:-7e39'),('IA-52a8262c:132f0315d2e:-7e48','SRE-V254','SUBACCT-52b6413d:15334a63bff:2299','IA-52a8262c:132f0315d2e:-7e48'),('IA-52a8262c:132f0315d2e:-7e5b','SRE-V254','SUBACCT-52b6413d:15334a63bff:-4358','IA-52a8262c:132f0315d2e:-7e5b'),('IA-52a8262c:132f0315d2e:-7e6a','SRE-V254','REV2004-08-087','IA-52a8262c:132f0315d2e:-7e6a'),('IA-52a8262c:132f0315d2e:-7e70','SRE-V254','SUBACCT-52b6413d:15334a63bff:-2488','IA-52a8262c:132f0315d2e:-7e70'),('IA-52a8262c:132f0315d2e:-7e7a','SRE-V254','SUBACCT-52b6413d:15334a63bff:-2080','IA-52a8262c:132f0315d2e:-7e7a'),('IA-52a8262c:132f0315d2e:-7e83','SRE-V254','SUBACCT-52b6413d:15334a63bff:-2080','IA-52a8262c:132f0315d2e:-7e83'),('IA-52a8262c:132f0315d2e:-7e8a','SRE-V254','SUBACCT-52b6413d:15334a63bff:-2080','IA-52a8262c:132f0315d2e:-7e8a'),('IA-52a8262c:132f0315d2e:-7e8d','SRE-V254','SUBACCT-52b6413d:15334a63bff:-2080','IA-52a8262c:132f0315d2e:-7e8d'),('IA-52a8262c:132f0315d2e:-7e90','SRE-V254','REV2004-08-067','IA-52a8262c:132f0315d2e:-7e90'),('IA-52a8262c:132f0315d2e:-7e93','SRE-V254','REV2004-08-067','IA-52a8262c:132f0315d2e:-7e93'),('IA-52a8262c:132f0315d2e:-7e97','SRE-V254','SUBACCT54238067:15151bbc4f5:-3c1c','IA-52a8262c:132f0315d2e:-7e97'),('IA-52a8262c:132f0315d2e:-7e9e','SRE-V254','SUBACCT-52b6413d:15334a63bff:-2080','IA-52a8262c:132f0315d2e:-7e9e'),('IA-52a8262c:132f0315d2e:-7ea3','SRE-V254','SUBACCT-52b6413d:15334a63bff:-2080','IA-52a8262c:132f0315d2e:-7ea3'),('IA-52a8262c:132f0315d2e:-7ea8','SRE-V254','SUBACCT-52b6413d:15334a63bff:-153','IA-52a8262c:132f0315d2e:-7ea8'),('IA-52a8262c:132f0315d2e:-7eab','SRE-V254','SUBACCT-52b6413d:15334a63bff:-2416','IA-52a8262c:132f0315d2e:-7eab'),('IA-52a8262c:132f0315d2e:-7eb0','SRE-V254','SUBACCT-52b6413d:15334a63bff:-2080','IA-52a8262c:132f0315d2e:-7eb0'),('IA-52a8262c:132f0315d2e:-7ebd','SRE-V254','SUBACCT-52b6413d:15334a63bff:-2080','IA-52a8262c:132f0315d2e:-7ebd'),('IA-52a8262c:132f0315d2e:-7ec2','SRE-V254','SUBACCT-52b6413d:15334a63bff:-2080','IA-52a8262c:132f0315d2e:-7ec2'),('IA-52a8262c:132f0315d2e:-7ec7','SRE-V254','SUBACCT-52b6413d:15334a63bff:-2080','IA-52a8262c:132f0315d2e:-7ec7'),('IA-52a8262c:132f0315d2e:-7eca','SRE-V254','SUBACCT-52b6413d:15334a63bff:-23df','IA-52a8262c:132f0315d2e:-7eca'),('IA-52a8262c:132f0315d2e:-7ed0','SRE-V254','SUBACCT-52b6413d:15334a63bff:-2080','IA-52a8262c:132f0315d2e:-7ed0'),('IA-52a8262c:132f0315d2e:-7ed4','SRE-V254','SUBACCT-52b6413d:15334a63bff:40be','IA-52a8262c:132f0315d2e:-7ed4'),('IA-52a8262c:132f0315d2e:-7ed9','SRE-V254','REV2004-08-065','IA-52a8262c:132f0315d2e:-7ed9'),('IA-52a8262c:132f0315d2e:-7edf','SRE-V254','REV2004-08-065','IA-52a8262c:132f0315d2e:-7edf'),('IA-52a8262c:132f0315d2e:-7ee2','SRE-V254','REV2004-08-065','IA-52a8262c:132f0315d2e:-7ee2'),('IA-52a8262c:132f0315d2e:-7ef0','SRE-V254','REV2004-08-061','IA-52a8262c:132f0315d2e:-7ef0'),('IA-52a8262c:132f0315d2e:-7ef6','SRE-V254','SUBACCT-52b6413d:15334a63bff:-2080','IA-52a8262c:132f0315d2e:-7ef6'),('IA-52a8262c:132f0315d2e:-7ef9','SRE-V254','REV2004-08-059','IA-52a8262c:132f0315d2e:-7ef9'),('IA-52a8262c:132f0315d2e:-7f0a','SRE-V254','REV2004-08-055','IA-52a8262c:132f0315d2e:-7f0a'),('IA-52a8262c:132f0315d2e:-7f1d','SRE-V254','SUBACCT54238067:15151bbc4f5:-3404','IA-52a8262c:132f0315d2e:-7f1d'),('IA-52a8262c:132f0315d2e:-7f22','SRE-V254','SUBACCT-52b6413d:15334a63bff:-7e91','IA-52a8262c:132f0315d2e:-7f22'),('IA-52a8262c:132f0315d2e:-7f25','SRE-V254','SUBACCT-52b6413d:15334a63bff:-2488','IA-52a8262c:132f0315d2e:-7f25'),('IA-52a8262c:132f0315d2e:-7f30','SRE-V254','SUBACCT54238067:15151bbc4f5:-2d30','IA-52a8262c:132f0315d2e:-7f30'),('IA-52a8262c:132f0315d2e:-7f3f','SRE-V254','SUBACCT54238067:15151bbc4f5:-2cf5','IA-52a8262c:132f0315d2e:-7f3f'),('IA-52a8262c:132f0315d2e:-7f45','SRE-V254','SUBACCT54238067:15151bbc4f5:-2cf5','IA-52a8262c:132f0315d2e:-7f45'),('IA-52a8262c:132f0315d2e:-7f58','SRE-V254','REV2004-08-051','IA-52a8262c:132f0315d2e:-7f58'),('IA-52a8262c:132f0315d2e:-7f7b','SRE-V254','REV2004-08-049','IA-52a8262c:132f0315d2e:-7f7b'),('IA-53b390e5:141240a719b:-7a8b','SRE-V254','SUBACCT-52b6413d:15334a63bff:-1e65','IA-53b390e5:141240a719b:-7a8b'),('IA-5843fc0e:13bfd8d9f6d:-7f3e','SRE-V254','REV2004-08-056','IA-5843fc0e:13bfd8d9f6d:-7f3e'),('IA-61ecb4ef:141ecd1c65d:-7ec8','SRE-V254','SUBACCT-52b6413d:15334a63bff:-7e91','IA-61ecb4ef:141ecd1c65d:-7ec8'),('IA-62482182:13b20262016:-7f86','SRE-V254','SUBACCT-52b6413d:15334a63bff:-153','IA-62482182:13b20262016:-7f86'),('IA-65b58d03:14a50757209:-793c','SRE-V254','SUBACCT-52b6413d:15334a63bff:3014','IA-65b58d03:14a50757209:-793c'),('IA-66ac8cda:1333de6f517:-7cdb','SRE-V254','SUBACCT-52b6413d:15334a63bff:-153','IA-66ac8cda:1333de6f517:-7cdb'),('IA-796f301e:1330f170bdc:-7a0f','SRE-V254','SUBACCT-52b6413d:15334a63bff:-2080','IA-796f301e:1330f170bdc:-7a0f'),('IA-796f301e:1330f170bdc:-7cf7','SRE-V254','SUBACCT54238067:15151bbc4f5:-2cf5','IA-796f301e:1330f170bdc:-7cf7'),('IA-796f301e:1330f170bdc:-7d42','SRE-V254','SUBACCT-52b6413d:15334a63bff:-2080','IA-796f301e:1330f170bdc:-7d42'),('IA-8b4bbe3:133c880797a:-7b7d','SRE-V254','SREACCT54238067:15151bbc4f5:3cec','IA-8b4bbe3:133c880797a:-7b7d'),('IA1336d807:1362d647910:-7d85','SRE-V254','SUBACCT-52b6413d:15334a63bff:-153','IA1336d807:1362d647910:-7d85'),('IA1336d807:1362d647910:-7d8c','SRE-V254','SUBACCT-52b6413d:15334a63bff:-2080','IA1336d807:1362d647910:-7d8c'),('IA158d54df:13acdc6af02:-7a27','SRE-V254','SUBACCT-52b6413d:15334a63bff:40be','IA158d54df:13acdc6af02:-7a27'),('IA158d54df:13acdc6af02:-7a88','SRE-V254','SUBACCT-52b6413d:15334a63bff:40be','IA158d54df:13acdc6af02:-7a88'),('IA181e445b:1467dd4be7a:-7eeb','SRE-V254','SUBACCT-52b6413d:15334a63bff:-7e91','IA181e445b:1467dd4be7a:-7eeb'),('IA26b13b6a:1349ba9d621:-7e4b','SRE-V254','SUBACCT54238067:15151bbc4f5:-5dbd','IA26b13b6a:1349ba9d621:-7e4b'),('IA295e7ba0:134c4e95637:-7c49','SRE-V254','SUBACCT-52b6413d:15334a63bff:40be','IA295e7ba0:134c4e95637:-7c49'),('IA2e43a9f4:148c3bd62cc:-7dfe','SRE-V254','REV2004-08-065','IA2e43a9f4:148c3bd62cc:-7dfe'),('IA32902552:134ab29a375:-7970','SRE-V254','REV2004-08-040','IA32902552:134ab29a375:-7970'),('IA3e662815:1480f809449:-7dc9','SRE-V254','SREACCT204b8962:1515ad1f418:13ec','IA3e662815:1480f809449:-7dc9'),('IA41526fbf:136044318ed:-79b3','SRE-V254','SUBACCT-52b6413d:15334a63bff:-153','IA41526fbf:136044318ed:-79b3'),('IA484dcff9:13366a1c3d1:-7df3','SRE-V254','SREACCT204b8962:1515ad1f418:14e7','IA484dcff9:13366a1c3d1:-7df3'),('IA484dcff9:13366a1c3d1:-7e03','SRE-V254','SREACCT54238067:15151bbc4f5:-6730','IA484dcff9:13366a1c3d1:-7e03'),('IA484dcff9:13366a1c3d1:-7e29','SRE-V254','SUBACCT54238067:15151bbc4f5:-3c4b','IA484dcff9:13366a1c3d1:-7e29'),('IA484dcff9:13366a1c3d1:-7f6a','SRE-V254','SUBACCT54238067:15151bbc4f5:-3c4b','IA484dcff9:13366a1c3d1:-7f6a'),('IA48a83463:133a984f156:-7d6b','SRE-V254','SUBACCT-52b6413d:15334a63bff:40be','IA48a83463:133a984f156:-7d6b'),('IA4dfadde2:132ec81be1e:-7e4c','SRE-V254','SREACCT54238067:15151bbc4f5:-6730','IA4dfadde2:132ec81be1e:-7e4c'),('IA4dfadde2:132ec81be1e:-7e50','SRE-V254','SREACCT54238067:15151bbc4f5:-6730','IA4dfadde2:132ec81be1e:-7e50'),('IA4dfadde2:132ec81be1e:-7e53','SRE-V254','SREACCT54238067:15151bbc4f5:-6730','IA4dfadde2:132ec81be1e:-7e53'),('IA4dfadde2:132ec81be1e:-7e56','SRE-V254','SREACCT54238067:15151bbc4f5:-6730','IA4dfadde2:132ec81be1e:-7e56'),('IA4dfadde2:132ec81be1e:-7e64','SRE-V254','SREACCT54238067:15151bbc4f5:-6730','IA4dfadde2:132ec81be1e:-7e64'),('IA4dfadde2:132ec81be1e:-7e67','SRE-V254','SREACCT54238067:15151bbc4f5:-6730','IA4dfadde2:132ec81be1e:-7e67'),('IA4dfadde2:132ec81be1e:-7e6a','SRE-V254','SREACCT54238067:15151bbc4f5:-6730','IA4dfadde2:132ec81be1e:-7e6a'),('IA4dfadde2:132ec81be1e:-7e7b','SRE-V254','SUBACCT54238067:15151bbc4f5:-3c4b','IA4dfadde2:132ec81be1e:-7e7b'),('IA512e2e44:134bfaa3f6c:-766c','SRE-V254','SUBACCT-52b6413d:15334a63bff:-2080','IA512e2e44:134bfaa3f6c:-766c'),('IA515ad9d3:1333836da76:-7d22','SRE-V254','SUBACCT2c008899:166510b5f61:-6c8b','IA515ad9d3:1333836da76:-7d22'),('IA52d15ba4:14722987eec:-7e10','SRE-V254','REV2004-08-078','IA52d15ba4:14722987eec:-7e10'),('IA5b9ef97a:132f564c005:-7aa5','SRE-V254','REV2004-08-148','IA5b9ef97a:132f564c005:-7aa5'),('IA5b9ef97a:132f564c005:-7aa9','SRE-V254','REV2004-08-146','IA5b9ef97a:132f564c005:-7aa9'),('IA5b9ef97a:132f564c005:-7ab5','SRE-V254','REV2004-08-008','IA5b9ef97a:132f564c005:-7ab5'),('IA5b9ef97a:132f564c005:-7abb','SRE-V254','REV2004-08-011','IA5b9ef97a:132f564c005:-7abb'),('IA5b9ef97a:132f564c005:-7ac3','SRE-V254','REV2004-08-009','IA5b9ef97a:132f564c005:-7ac3'),('IA5b9ef97a:132f564c005:-7b29','SRE-V254','REV2004-08-010','IA5b9ef97a:132f564c005:-7b29'),('IA5b9ef97a:132f564c005:-7b69','SRE-V254','REV2004-08-147','IA5b9ef97a:132f564c005:-7b69'),('IA5b9ef97a:132f564c005:-7b81','SRE-V254','REV2004-08-145','IA5b9ef97a:132f564c005:-7b81'),('IA5b9ef97a:132f564c005:-7b94','SRE-V254','SREACCT54238067:15151bbc4f5:-6730','IA5b9ef97a:132f564c005:-7b94'),('IA5b9ef97a:132f564c005:-7e38','SRE-V254','SUBACCT54238067:15151bbc4f5:-3c4b','IA5b9ef97a:132f564c005:-7e38'),('IA5b9ef97a:132f564c005:-7e3b','SRE-V254','SUBACCT54238067:15151bbc4f5:-3c4b','IA5b9ef97a:132f564c005:-7e3b'),('IA5b9ef97a:132f564c005:-7e40','SRE-V254','SUBACCT54238067:15151bbc4f5:-3c4b','IA5b9ef97a:132f564c005:-7e40'),('IA5b9ef97a:132f564c005:-7e44','SRE-V254','SUBACCT54238067:15151bbc4f5:-3c4b','IA5b9ef97a:132f564c005:-7e44'),('IA5b9ef97a:132f564c005:-7fb2','SRE-V254','SREACCT54238067:15151bbc4f5:3cac','IA5b9ef97a:132f564c005:-7fb2'),('IA5b9ef97a:132f564c005:-7fbe','SRE-V254','SUBACCT-52b6413d:15334a63bff:-1e65','IA5b9ef97a:132f564c005:-7fbe'),('IA5b9ef97a:132f564c005:-7fc1','SRE-V254','SUBACCT-52b6413d:15334a63bff:-1e65','IA5b9ef97a:132f564c005:-7fc1'),('IA5b9ef97a:132f564c005:-7fc4','SRE-V254','SUBACCT-52b6413d:15334a63bff:-1e65','IA5b9ef97a:132f564c005:-7fc4'),('IA5b9ef97a:132f564c005:-7fc7','SRE-V254','SUBACCT-52b6413d:15334a63bff:-1e65','IA5b9ef97a:132f564c005:-7fc7'),('IA5b9ef97a:132f564c005:-7fcb','SRE-V254','SUBACCT-52b6413d:15334a63bff:-1e65','IA5b9ef97a:132f564c005:-7fcb'),('IA5c848a78:13e8ba8e9dd:-7fd9','SRE-V254','SUBACCT-52b6413d:15334a63bff:-2080','IA5c848a78:13e8ba8e9dd:-7fd9'),('IA5cd4bd5a:1362837b46a:-7b90','SRE-V254','REV2004-08-059','IA5cd4bd5a:1362837b46a:-7b90'),('IA5cd4bd5a:1362837b46a:-7b95','SRE-V254','REV2004-08-059','IA5cd4bd5a:1362837b46a:-7b95'),('IA5f138be2:1350d05b4b7:-791a','SRE-V254','SREACCT54238067:15151bbc4f5:-6730','IA5f138be2:1350d05b4b7:-791a'),('IA6248e3e0:134a0c5bd77:-79b9','SRE-V254','SUBACCT54238067:15151bbc4f5:-1c18','IA6248e3e0:134a0c5bd77:-79b9'),('IA6248e3e0:134a0c5bd77:-7e95','SRE-V254','SUBACCT-52b6413d:15334a63bff:-2080','IA6248e3e0:134a0c5bd77:-7e95'),('IA66fbdbd7:13b6d6befa1:-7ff6','SRE-V254','SUBACCT-52b6413d:15334a63bff:-153','IA66fbdbd7:13b6d6befa1:-7ff6'),('IA67874eef:1389741a5bd:-7dc4','SRE-V254','SUBACCT-52b6413d:15334a63bff:-2080','IA67874eef:1389741a5bd:-7dc4'),('IA6cf1d4c9:13c7e4dc01f:-78d7','SRE-V254','SUBACCT-52b6413d:15334a63bff:36a2','IA6cf1d4c9:13c7e4dc01f:-78d7'),('IA6f3d541b:132ffab254b:-7b3a','SRE-V254','SUBACCT-52b6413d:15334a63bff:-153','IA6f3d541b:132ffab254b:-7b3a'),('IA6f3d541b:132ffab254b:-7c93','SRE-V254','SUBACCT-52b6413d:15334a63bff:-2488','IA6f3d541b:132ffab254b:-7c93'),('IA6f3d541b:132ffab254b:-7d54','SRE-V254','SUBACCT-52b6413d:15334a63bff:40be','IA6f3d541b:132ffab254b:-7d54'),('IA7784cb42:1331e9424ea:-7da8','SRE-V254','REV2004-08-041','IA7784cb42:1331e9424ea:-7da8'),('IA7a2d199b:1331f25b22c:-7c8c','SRE-V254','SUBACCT-52b6413d:15334a63bff:222f','IA7a2d199b:1331f25b22c:-7c8c'),('IA7a2d199b:1331f25b22c:-7e54','SRE-V254','SUBACCT-52b6413d:15334a63bff:36a2','IA7a2d199b:1331f25b22c:-7e54'),('IA7d2f9c81:1333313ada5:-7a52','SRE-V254','SUBACCT-52b6413d:15334a63bff:-153','IA7d2f9c81:1333313ada5:-7a52'),('IA7d2f9c81:1333313ada5:-7a55','SRE-V254','SUBACCT-52b6413d:15334a63bff:-2080','IA7d2f9c81:1333313ada5:-7a55'),('IA7d2f9c81:1333313ada5:-7cc8','SRE-V254','SUBACCT-52b6413d:15334a63bff:40be','IA7d2f9c81:1333313ada5:-7cc8'),('IA7d2f9c81:1333313ada5:-7ccf','SRE-V254','SUBACCT-52b6413d:15334a63bff:40be','IA7d2f9c81:1333313ada5:-7ccf'),('IA7d2f9c81:1333313ada5:-7cd6','SRE-V254','SUBACCT-52b6413d:15334a63bff:40be','IA7d2f9c81:1333313ada5:-7cd6'),('IA7d2f9c81:1333313ada5:-7db6','SRE-V254','SUBACCT-52b6413d:15334a63bff:-2080','IA7d2f9c81:1333313ada5:-7db6'),('IAd8fc64e:13d90236ff0:-7f5c','SRE-V254','SUBACCT-52b6413d:15334a63bff:-4358','IAd8fc64e:13d90236ff0:-7f5c'),('IAfaa79d3:13c17534783:-6981','SRE-V254','SUBACCT-52b6413d:15334a63bff:-7e91','IAfaa79d3:13c17534783:-6981'),('IAfaa79d3:13c17534783:-6984','SRE-V254','SUBACCT-52b6413d:15334a63bff:-7e91','IAfaa79d3:13c17534783:-6984'),('REVITEM-1e77d65e:1609f8b6405:-7e05','SRE-V254','REV2004-08-070','REVITEM-1e77d65e:1609f8b6405:-7e05'),('REVITEM-2064947e:168df5dfab6:-7c43','SRE-V254','SREACCT-1664a3b1:1692c6539fb:-6a5d','REVITEM-2064947e:168df5dfab6:-7c43'),('REVITEM-5e892b95:16d1882ada4:-6f77','SRE-V254','SUBACCT-52b6413d:15334a63bff:40be','REVITEM-5e892b95:16d1882ada4:-6f77'),('REVITEM-7672b6ec:16cdbb9bc48:-7eb4','SRE-V254','SUBACCT-52b6413d:15334a63bff:3014','REVITEM-7672b6ec:16cdbb9bc48:-7eb4'),('REVITEM-ca566f8:150d57eace0:-7a4b','SRE-V254','REV2004-08-148','REVITEM-ca566f8:150d57eace0:-7a4b'),('REVITEM-ca566f8:150d57eace0:-7a95','SRE-V254','REV2004-08-011','REVITEM-ca566f8:150d57eace0:-7a95'),('REVITEM-ca566f8:150d57eace0:-7acb','SRE-V254','REV2004-08-009','REVITEM-ca566f8:150d57eace0:-7acb'),('REVITEM-ca566f8:150d57eace0:-7c36','SRE-V254','REV2004-08-147','REVITEM-ca566f8:150d57eace0:-7c36'),('REVITEM-ca566f8:150d57eace0:-7ca2','SRE-V254','REV2004-08-145','REVITEM-ca566f8:150d57eace0:-7ca2'),('REVITEM-ca566f8:150d57eace0:-7cd7','SRE-V254','REV2004-08-008','REVITEM-ca566f8:150d57eace0:-7cd7'),('REVITEM23f22834:16ae7350dfd:-686b','SRE-V254','SUBACCT-52b6413d:15334a63bff:-2080','REVITEM23f22834:16ae7350dfd:-686b'),('REVITEM3357687e:159d2e536c8:-5ba3','SRE-V254','SUBACCT-52b6413d:15334a63bff:40be','REVITEM3357687e:159d2e536c8:-5ba3'),('REVITEM49795878:150f4694105:-7b2a','SRE-V254','SUBACCT-52b6413d:15334a63bff:-153','REVITEM49795878:150f4694105:-7b2a'),('REVITEM49795878:150f4694105:-7b69','SRE-V254','SUBACCT-52b6413d:15334a63bff:-2080','REVITEM49795878:150f4694105:-7b69'),('REVITEM54acab5a:16cfa54fcb6:-7fbe','SRE-V254','SUBACCT-52b6413d:15334a63bff:40be','REVITEM54acab5a:16cfa54fcb6:-7fbe'),('REVITEMabde00a:1689706e783:-296c','SRE-V254','SUBACCT-52b6413d:15334a63bff:40be','REVITEMabde00a:1689706e783:-296c'),('REVITEMfbf1095:161e012fec1:-7fcf','SRE-V254','SUBACCT-52b6413d:15334a63bff:-2080','REVITEMfbf1095:161e012fec1:-7fcf');
/*!40000 ALTER TABLE `account_item_mapping` ENABLE KEYS */;
UNLOCK TABLES;

--
-- Table structure for table `account_maingroup`
--

DROP TABLE IF EXISTS `account_maingroup`;
/*!40101 SET @saved_cs_client     = @@character_set_client */;
/*!40101 SET character_set_client = utf8 */;
CREATE TABLE `account_maingroup` (
  `objid` varchar(50) NOT NULL,
  `title` varchar(255) NOT NULL,
  `version` int(11) NOT NULL,
  `reporttype` varchar(50) DEFAULT NULL,
  `role` varchar(50) DEFAULT NULL,
  `domain` varchar(50) DEFAULT NULL,
  `system` int(11) DEFAULT NULL,
  PRIMARY KEY (`objid`)
) ENGINE=InnoDB DEFAULT CHARSET=utf8;
/*!40101 SET character_set_client = @saved_cs_client */;

--
-- Dumping data for table `account_maingroup`
--

LOCK TABLES `account_maingroup` WRITE;
/*!40000 ALTER TABLE `account_maingroup` DISABLE KEYS */;
INSERT INTO `account_maingroup` VALUES ('NGAS','NGAS',1,'NGAS',NULL,NULL,0),('PPSAS','PPSAS',1,'PPSAS',NULL,NULL,0),('SRE','SRE',0,'SRE',NULL,NULL,NULL),('SRE-NGAS','SRE-NGAS',0,'SRE',NULL,NULL,NULL),('SRE-V254','SRE-V254',0,'SRE',NULL,NULL,0);
/*!40000 ALTER TABLE `account_maingroup` ENABLE KEYS */;
UNLOCK TABLES;

--
-- Table structure for table `af`
--

DROP TABLE IF EXISTS `af`;
/*!40101 SET @saved_cs_client     = @@character_set_client */;
/*!40101 SET character_set_client = utf8 */;
CREATE TABLE `af` (
  `objid` varchar(50) NOT NULL,
  `title` varchar(255) DEFAULT NULL,
  `usetype` varchar(50) DEFAULT NULL,
  `serieslength` int(11) DEFAULT NULL,
  `system` int(11) DEFAULT NULL,
  `denomination` decimal(10,2) DEFAULT NULL,
  `formtype` varchar(50) DEFAULT NULL,
  `baseunit` varchar(10) DEFAULT NULL,
  `defaultunit` varchar(10) DEFAULT NULL,
  PRIMARY KEY (`objid`)
) ENGINE=InnoDB DEFAULT CHARSET=utf8;
/*!40101 SET character_set_client = @saved_cs_client */;

--
-- Dumping data for table `af`
--

LOCK TABLES `af` WRITE;
/*!40000 ALTER TABLE `af` DISABLE KEYS */;
INSERT INTO `af` VALUES ('0016','COMMUNITY TAX CERTIFICATE (INDIVIDUAL)','collection',8,1,0.00,'serial',NULL,NULL),('51','ACCOUNTABLE FORM #51','collection',7,1,0.00,'serial',NULL,NULL),('52','LARGE CATTLE TRANSFER','collection',7,1,0.00,'serial',NULL,NULL),('53','LARGE CATTLE OWNERSHIP','collection',7,1,0.00,'serial',NULL,NULL),('54','MARRIAGE LICENSE FEE','collection',7,1,0.00,'serial',NULL,NULL),('56','REAL PROPERTY TAX RECEIPT','collection',7,1,0.00,'serial',NULL,NULL),('57','SLAUGHTER PERMIT','collection',7,1,0.00,'serial',NULL,NULL),('58','BURIAL PERMIT FEE','collection',7,1,0.00,'serial',NULL,NULL),('907','COMMUNITY TAX(CORPORATE)','collection',8,1,0.00,'serial',NULL,NULL),('CT1','CASH TICKETS P1.00','collection',0,1,1.00,'cashticket',NULL,NULL),('CT10','CASH TICKET P10.00','collection',0,1,10.00,'cashticket',NULL,NULL),('CT2','CASH TICKETS P2.00','collection',0,1,2.00,'cashticket',NULL,NULL),('CT4','CASH TICKETS P4.00','collection',0,1,4.00,'cashticket',NULL,NULL),('CT5','CASH TICKETS P 5.00','collection',0,1,5.00,'cashticket',NULL,NULL);
/*!40000 ALTER TABLE `af` ENABLE KEYS */;
UNLOCK TABLES;

--
-- Table structure for table `af_allocation`
--

DROP TABLE IF EXISTS `af_allocation`;
/*!40101 SET @saved_cs_client     = @@character_set_client */;
/*!40101 SET character_set_client = utf8 */;
CREATE TABLE `af_allocation` (
  `objid` varchar(50) NOT NULL,
  `name` varchar(100) NOT NULL,
  `respcenter_objid` varchar(50) DEFAULT NULL,
  `respcenter_name` varchar(100) DEFAULT NULL,
  PRIMARY KEY (`objid`),
  KEY `ix_name` (`name`),
  KEY `ix_respcenter_objid` (`respcenter_objid`),
  KEY `ix_respcenter_name` (`respcenter_name`)
) ENGINE=InnoDB DEFAULT CHARSET=utf8;
/*!40101 SET character_set_client = @saved_cs_client */;

--
-- Dumping data for table `af_allocation`
--

LOCK TABLES `af_allocation` WRITE;
/*!40000 ALTER TABLE `af_allocation` DISABLE KEYS */;
/*!40000 ALTER TABLE `af_allocation` ENABLE KEYS */;
UNLOCK TABLES;

--
-- Table structure for table `af_control`
--

DROP TABLE IF EXISTS `af_control`;
/*!40101 SET @saved_cs_client     = @@character_set_client */;
/*!40101 SET character_set_client = utf8 */;
CREATE TABLE `af_control` (
  `objid` varchar(50) NOT NULL,
  `afid` varchar(50) NOT NULL,
  `txnmode` varchar(10) DEFAULT NULL,
  `assignee_objid` varchar(50) DEFAULT NULL,
  `assignee_name` varchar(50) DEFAULT NULL,
  `startseries` int(11) NOT NULL,
  `currentseries` int(11) NOT NULL,
  `endseries` int(11) NOT NULL,
  `active` int(11) DEFAULT NULL,
  `org_objid` varchar(50) DEFAULT NULL,
  `org_name` varchar(50) DEFAULT NULL,
  `fund_objid` varchar(100) DEFAULT NULL,
  `fund_title` varchar(200) DEFAULT NULL,
  `stubno` int(11) DEFAULT NULL,
  `owner_objid` varchar(50) DEFAULT NULL,
  `owner_name` varchar(255) DEFAULT NULL,
  `prefix` varchar(10) NOT NULL DEFAULT '',
  `suffix` varchar(10) NOT NULL DEFAULT '',
  `dtfiled` date NOT NULL,
  `state` varchar(50) NOT NULL,
  `unit` varchar(25) NOT NULL,
  `batchno` int(11) DEFAULT NULL,
  `respcenter_objid` varchar(50) DEFAULT NULL,
  `respcenter_name` varchar(100) DEFAULT NULL,
  `cost` decimal(16,2) DEFAULT NULL,
  `currentindexno` int(11) DEFAULT NULL,
  `currentdetailid` varchar(150) DEFAULT NULL,
  `batchref` varchar(50) DEFAULT NULL,
  `lockid` varchar(50) DEFAULT NULL,
  `allocid` varchar(50) DEFAULT NULL,
  `ukey` varchar(50) NOT NULL DEFAULT '',
  `salecost` decimal(16,2) NOT NULL DEFAULT '0.00',
  PRIMARY KEY (`objid`),
  UNIQUE KEY `uix_af_control` (`afid`,`startseries`,`prefix`,`suffix`,`ukey`),
  KEY `ix_org_objid` (`org_objid`),
  KEY `ix_org_name` (`org_name`),
  KEY `ix_afid` (`afid`),
  KEY `ix_assignee_objid` (`assignee_objid`),
  KEY `ix_owner_objid` (`owner_objid`),
  KEY `ix_fund_objid` (`fund_objid`),
  KEY `ix_dtfiled` (`dtfiled`),
  KEY `ix_state` (`state`),
  KEY `ix_batchno` (`batchno`),
  KEY `ix_respcenter_objid` (`respcenter_objid`),
  KEY `ix_respcenter_name` (`respcenter_name`),
  KEY `ix_currentdetailid` (`currentdetailid`),
  KEY `ix_allocid` (`allocid`),
  KEY `ix_ukey` (`ukey`),
  CONSTRAINT `fk_af_control_afid` FOREIGN KEY (`afid`) REFERENCES `af` (`objid`),
  CONSTRAINT `fk_af_control_allocid` FOREIGN KEY (`allocid`) REFERENCES `af_allocation` (`objid`),
  CONSTRAINT `fk_af_control_fund_objid` FOREIGN KEY (`fund_objid`) REFERENCES `fund` (`objid`)
) ENGINE=InnoDB DEFAULT CHARSET=utf8;
/*!40101 SET character_set_client = @saved_cs_client */;

--
-- Dumping data for table `af_control`
--

LOCK TABLES `af_control` WRITE;
/*!40000 ALTER TABLE `af_control` DISABLE KEYS */;
/*!40000 ALTER TABLE `af_control` ENABLE KEYS */;
UNLOCK TABLES;

--
-- Table structure for table `af_control_detail`
--

DROP TABLE IF EXISTS `af_control_detail`;
/*!40101 SET @saved_cs_client     = @@character_set_client */;
/*!40101 SET character_set_client = utf8 */;
CREATE TABLE `af_control_detail` (
  `objid` varchar(150) NOT NULL,
  `state` int(11) DEFAULT NULL,
  `controlid` varchar(50) NOT NULL,
  `indexno` int(11) NOT NULL,
  `refid` varchar(50) NOT NULL,
  `aftxnitemid` varchar(50) DEFAULT NULL,
  `refno` varchar(50) NOT NULL,
  `reftype` varchar(32) NOT NULL,
  `refdate` datetime NOT NULL,
  `txndate` datetime NOT NULL,
  `txntype` varchar(32) NOT NULL,
  `receivedstartseries` int(11) DEFAULT NULL,
  `receivedendseries` int(11) DEFAULT NULL,
  `beginstartseries` int(11) DEFAULT NULL,
  `beginendseries` int(11) DEFAULT NULL,
  `issuedstartseries` int(11) DEFAULT NULL,
  `issuedendseries` int(11) DEFAULT NULL,
  `endingstartseries` int(11) DEFAULT NULL,
  `endingendseries` int(11) DEFAULT NULL,
  `qtyreceived` int(11) NOT NULL,
  `qtybegin` int(11) NOT NULL,
  `qtyissued` int(11) NOT NULL,
  `qtyending` int(11) NOT NULL,
  `qtycancelled` int(11) NOT NULL,
  `remarks` varchar(255) DEFAULT NULL,
  `issuedto_objid` varchar(50) DEFAULT NULL,
  `issuedto_name` varchar(255) DEFAULT NULL,
  `respcenter_objid` varchar(50) DEFAULT NULL,
  `respcenter_name` varchar(255) DEFAULT NULL,
  `prevdetailid` varchar(150) DEFAULT NULL,
  `aftxnid` varchar(100) DEFAULT NULL,
  PRIMARY KEY (`objid`),
  KEY `ix_aftxnid` (`aftxnid`),
  KEY `ix_aftxnitemid` (`aftxnitemid`),
  KEY `ix_controlid` (`controlid`),
  KEY `ix_issuedto_name` (`issuedto_name`),
  KEY `ix_issuedto_objid` (`issuedto_objid`),
  KEY `ix_prevdetailid` (`prevdetailid`),
  KEY `ix_refdate` (`refdate`),
  KEY `ix_refid` (`refid`),
  KEY `ix_refitemid` (`aftxnitemid`),
  KEY `ix_refno` (`refno`),
  KEY `ix_reftype` (`reftype`),
  KEY `ix_respcenter_name` (`respcenter_name`),
  KEY `ix_respcenter_objid` (`respcenter_objid`),
  KEY `ix_txndate` (`txndate`),
  KEY `ix_txntype` (`txntype`),
  CONSTRAINT `fk_af_control_detail_aftxnid` FOREIGN KEY (`aftxnid`) REFERENCES `aftxn` (`objid`),
  CONSTRAINT `fk_af_control_detail_controlid` FOREIGN KEY (`controlid`) REFERENCES `af_control` (`objid`)
) ENGINE=InnoDB DEFAULT CHARSET=utf8;
/*!40101 SET character_set_client = @saved_cs_client */;

--
-- Dumping data for table `af_control_detail`
--

LOCK TABLES `af_control_detail` WRITE;
/*!40000 ALTER TABLE `af_control_detail` DISABLE KEYS */;
/*!40000 ALTER TABLE `af_control_detail` ENABLE KEYS */;
UNLOCK TABLES;

--
-- Table structure for table `afrequest`
--

DROP TABLE IF EXISTS `afrequest`;
/*!40101 SET @saved_cs_client     = @@character_set_client */;
/*!40101 SET character_set_client = utf8 */;
CREATE TABLE `afrequest` (
  `objid` varchar(50) NOT NULL,
  `reqno` varchar(20) DEFAULT NULL,
  `state` varchar(25) NOT NULL,
  `dtfiled` datetime DEFAULT NULL,
  `reqtype` varchar(10) DEFAULT NULL,
  `itemclass` varchar(50) DEFAULT NULL,
  `requester_objid` varchar(50) DEFAULT NULL,
  `requester_name` varchar(50) DEFAULT NULL,
  `requester_title` varchar(50) DEFAULT NULL,
  `org_objid` varchar(50) DEFAULT NULL,
  `org_name` varchar(50) DEFAULT NULL,
  `vendor` varchar(100) DEFAULT NULL,
  `respcenter_objid` varchar(50) DEFAULT NULL,
  `respcenter_name` varchar(100) DEFAULT NULL,
  `dtapproved` datetime DEFAULT NULL,
  `approvedby_objid` varchar(50) DEFAULT NULL,
  `approvedby_name` varchar(160) DEFAULT NULL,
  PRIMARY KEY (`objid`),
  UNIQUE KEY `uix_reqno` (`reqno`),
  KEY `ix_dtfiled` (`dtfiled`),
  KEY `ix_org_objid` (`org_objid`),
  KEY `ix_requester_name` (`requester_name`),
  KEY `ix_requester_objid` (`requester_objid`),
  KEY `ix_state` (`state`),
  KEY `ix_dtapproved` (`dtapproved`),
  KEY `ix_approvedby_objid` (`approvedby_objid`),
  KEY `ix_approvedby_name` (`approvedby_name`)
) ENGINE=InnoDB DEFAULT CHARSET=utf8;
/*!40101 SET character_set_client = @saved_cs_client */;

--
-- Dumping data for table `afrequest`
--

LOCK TABLES `afrequest` WRITE;
/*!40000 ALTER TABLE `afrequest` DISABLE KEYS */;
/*!40000 ALTER TABLE `afrequest` ENABLE KEYS */;
UNLOCK TABLES;

--
-- Table structure for table `afrequestitem`
--

DROP TABLE IF EXISTS `afrequestitem`;
/*!40101 SET @saved_cs_client     = @@character_set_client */;
/*!40101 SET character_set_client = utf8 */;
CREATE TABLE `afrequestitem` (
  `objid` varchar(50) NOT NULL,
  `parentid` varchar(50) DEFAULT NULL,
  `item_objid` varchar(50) DEFAULT NULL,
  `item_code` varchar(50) DEFAULT NULL,
  `item_title` varchar(255) DEFAULT NULL,
  `unit` varchar(10) DEFAULT NULL,
  `qty` int(11) DEFAULT NULL,
  `qtyreceived` int(11) DEFAULT NULL,
  PRIMARY KEY (`objid`),
  KEY `ix_parentid` (`parentid`),
  KEY `ix_item_objid` (`item_objid`),
  CONSTRAINT `fk_afrequestitem_parentid` FOREIGN KEY (`parentid`) REFERENCES `afrequest` (`objid`)
) ENGINE=InnoDB DEFAULT CHARSET=utf8;
/*!40101 SET character_set_client = @saved_cs_client */;

--
-- Dumping data for table `afrequestitem`
--

LOCK TABLES `afrequestitem` WRITE;
/*!40000 ALTER TABLE `afrequestitem` DISABLE KEYS */;
/*!40000 ALTER TABLE `afrequestitem` ENABLE KEYS */;
UNLOCK TABLES;

--
-- Table structure for table `aftxn`
--

DROP TABLE IF EXISTS `aftxn`;
/*!40101 SET @saved_cs_client     = @@character_set_client */;
/*!40101 SET character_set_client = utf8 */;
CREATE TABLE `aftxn` (
  `objid` varchar(100) NOT NULL,
  `state` varchar(50) DEFAULT NULL,
  `request_objid` varchar(50) DEFAULT NULL,
  `request_reqno` varchar(50) DEFAULT NULL,
  `controlno` varchar(50) DEFAULT NULL,
  `dtfiled` datetime DEFAULT NULL,
  `user_objid` varchar(50) DEFAULT NULL,
  `user_name` varchar(100) DEFAULT NULL,
  `issueto_objid` varchar(50) DEFAULT NULL,
  `issueto_name` varchar(100) DEFAULT NULL,
  `issueto_title` varchar(50) DEFAULT NULL,
  `org_objid` varchar(50) DEFAULT NULL,
  `org_name` varchar(50) DEFAULT NULL,
  `respcenter_objid` varchar(50) DEFAULT NULL,
  `respcenter_name` varchar(100) DEFAULT NULL,
  `txndate` datetime NOT NULL,
  `cost` decimal(16,2) DEFAULT NULL,
  `txntype` varchar(50) DEFAULT NULL,
  `particulars` varchar(255) DEFAULT NULL,
  `issuefrom_objid` varchar(50) DEFAULT NULL,
  `issuefrom_name` varchar(150) DEFAULT NULL,
  `issuefrom_title` varchar(150) DEFAULT NULL,
  `lockid` varchar(50) DEFAULT NULL,
  PRIMARY KEY (`objid`),
  UNIQUE KEY `uix_issueno` (`controlno`),
  KEY `ix_dtfiled` (`dtfiled`),
  KEY `ix_issuefrom_name` (`issuefrom_name`),
  KEY `ix_issuefrom_objid` (`issuefrom_objid`),
  KEY `ix_issueto_objid` (`issueto_objid`),
  KEY `ix_org_objid` (`org_objid`),
  KEY `ix_request_objid` (`request_objid`),
  KEY `ix_request_reqno` (`request_reqno`),
  KEY `ix_user_objid` (`user_objid`)
) ENGINE=InnoDB DEFAULT CHARSET=utf8;
/*!40101 SET character_set_client = @saved_cs_client */;

--
-- Dumping data for table `aftxn`
--

LOCK TABLES `aftxn` WRITE;
/*!40000 ALTER TABLE `aftxn` DISABLE KEYS */;
/*!40000 ALTER TABLE `aftxn` ENABLE KEYS */;
UNLOCK TABLES;

--
-- Table structure for table `aftxn_type`
--

DROP TABLE IF EXISTS `aftxn_type`;
/*!40101 SET @saved_cs_client     = @@character_set_client */;
/*!40101 SET character_set_client = utf8 */;
CREATE TABLE `aftxn_type` (
  `txntype` varchar(50) NOT NULL,
  `formtype` varchar(50) DEFAULT NULL,
  `poststate` varchar(50) DEFAULT NULL,
  `sortorder` int(11) DEFAULT NULL,
  PRIMARY KEY (`txntype`)
) ENGINE=InnoDB DEFAULT CHARSET=utf8;
/*!40101 SET character_set_client = @saved_cs_client */;

--
-- Dumping data for table `aftxn_type`
--

LOCK TABLES `aftxn_type` WRITE;
/*!40000 ALTER TABLE `aftxn_type` DISABLE KEYS */;
INSERT INTO `aftxn_type` VALUES ('BEGIN','BEGIN_BALANCE','OPEN',1),('COLLECTION','ISSUE','ISSUED',3),('FORWARD','FORWARD','ISSUED',2),('PURCHASE','PURCHASE_RECEIPT','OPEN',0),('RETURN_COLLECTION','RETURN','OPEN',7),('RETURN_SALE','RETURN','OPEN',8),('SALE','ISSUE','SOLD',4),('TRANSFER_COLLECTION','TRANSFER','ISSUED',5),('TRANSFER_SALE','TRANSFER','ISSUED',6);
/*!40000 ALTER TABLE `aftxn_type` ENABLE KEYS */;
UNLOCK TABLES;

--
-- Table structure for table `aftxnitem`
--

DROP TABLE IF EXISTS `aftxnitem`;
/*!40101 SET @saved_cs_client     = @@character_set_client */;
/*!40101 SET character_set_client = utf8 */;
CREATE TABLE `aftxnitem` (
  `objid` varchar(50) NOT NULL,
  `parentid` varchar(100) NOT NULL,
  `item_objid` varchar(50) DEFAULT NULL,
  `item_code` varchar(50) DEFAULT NULL,
  `item_title` varchar(255) DEFAULT NULL,
  `unit` varchar(20) DEFAULT NULL,
  `qty` int(11) DEFAULT NULL,
  `qtyserved` int(11) DEFAULT NULL,
  `remarks` varchar(255) DEFAULT NULL,
  `txntype` varchar(50) DEFAULT NULL,
  `cost` decimal(16,2) DEFAULT NULL,
  PRIMARY KEY (`objid`),
  KEY `ix_parentid` (`parentid`),
  KEY `ix_item_objid` (`item_objid`),
  CONSTRAINT `fk_aftxnitem_parentid` FOREIGN KEY (`parentid`) REFERENCES `aftxn` (`objid`)
) ENGINE=InnoDB DEFAULT CHARSET=utf8;
/*!40101 SET character_set_client = @saved_cs_client */;

--
-- Dumping data for table `aftxnitem`
--

LOCK TABLES `aftxnitem` WRITE;
/*!40000 ALTER TABLE `aftxnitem` DISABLE KEYS */;
/*!40000 ALTER TABLE `aftxnitem` ENABLE KEYS */;
UNLOCK TABLES;

--
-- Table structure for table `afunit`
--

DROP TABLE IF EXISTS `afunit`;
/*!40101 SET @saved_cs_client     = @@character_set_client */;
/*!40101 SET character_set_client = utf8 */;
CREATE TABLE `afunit` (
  `objid` varchar(50) NOT NULL,
  `itemid` varchar(50) NOT NULL,
  `unit` varchar(10) NOT NULL,
  `qty` int(11) DEFAULT NULL,
  `saleprice` decimal(16,2) NOT NULL,
  `interval` int(11) DEFAULT '1',
  `cashreceiptprintout` varchar(255) DEFAULT NULL,
  `cashreceiptdetailprintout` varchar(255) DEFAULT NULL,
  PRIMARY KEY (`objid`),
  UNIQUE KEY `uix_itemid_unit` (`itemid`,`unit`),
  KEY `ix_itemid` (`itemid`),
  CONSTRAINT `fk_afunit_itemid` FOREIGN KEY (`itemid`) REFERENCES `af` (`objid`)
) ENGINE=InnoDB DEFAULT CHARSET=utf8;
/*!40101 SET character_set_client = @saved_cs_client */;

--
-- Dumping data for table `afunit`
--

LOCK TABLES `afunit` WRITE;
/*!40000 ALTER TABLE `afunit` DISABLE KEYS */;
INSERT INTO `afunit` VALUES ('0016-STUB','0016','STUB',50,0.00,1,'cashreceipt-form:0016',NULL),('51-STUB','51','STUB',50,0.00,1,'cashreceipt:printout:51','cashreceiptdetail:printout:51'),('52-STUB','52','STUB',50,0.00,1,'cashreceipt-form:52',NULL),('53-STUB','53','STUB',50,0.00,1,'cashreceipt-form:53',NULL),('54-STUB','54','STUB',50,0.00,1,'cashreceipt-form:54',NULL),('56-STUB','56','STUB',50,0.00,1,'cashreceipt-form:56','cashreceiptdetail:printout:56'),('57-STUB','57','STUB',50,0.00,1,'cashreceipt-form:57',NULL),('58-STUB','58','STUB',50,0.00,1,'cashreceipt-form:58',NULL),('907-STUB','907','STUB',50,0.00,1,'cashreceipt-form:907',NULL),('CT1-PAD','CT1','PAD',2000,0.00,1,NULL,NULL),('CT10-PAD','CT10','PAD',2000,0.00,1,NULL,NULL),('CT2-PAD','CT2','PAD',2000,0.00,1,NULL,NULL),('CT4-PAD','CT4','PAD',2000,0.00,1,NULL,NULL),('CT5-PAD','CT5','PAD',2000,0.00,1,NULL,NULL);
/*!40000 ALTER TABLE `afunit` ENABLE KEYS */;
UNLOCK TABLES;

--
-- Table structure for table `assessmentnotice`
--

DROP TABLE IF EXISTS `assessmentnotice`;
/*!40101 SET @saved_cs_client     = @@character_set_client */;
/*!40101 SET character_set_client = utf8 */;
CREATE TABLE `assessmentnotice` (
  `objid` varchar(50) NOT NULL,
  `state` varchar(15) NOT NULL,
  `txnno` varchar(25) NOT NULL,
  `txndate` datetime DEFAULT NULL,
  `taxpayerid` varchar(50) NOT NULL,
  `taxpayername` text NOT NULL,
  `taxpayeraddress` varchar(150) NOT NULL,
  `createdbyid` varchar(50) DEFAULT NULL,
  `createdbyname` varchar(100) NOT NULL,
  `createdbytitle` varchar(50) NOT NULL,
  `approvedbyid` varchar(50) DEFAULT NULL,
  `approvedbyname` varchar(100) DEFAULT NULL,
  `approvedbytitle` varchar(50) DEFAULT NULL,
  `dtdelivered` date DEFAULT NULL,
  `receivedby` varchar(150) DEFAULT NULL,
  `remarks` text,
  `assessmentyear` int(11) DEFAULT NULL,
  `administrator_name` varchar(150) DEFAULT NULL,
  `administrator_address` varchar(150) DEFAULT NULL,
  `deliverytype_objid` varchar(50) DEFAULT NULL,
  PRIMARY KEY (`objid`),
  KEY `ix_assessmentnotice_receivedby` (`receivedby`),
  KEY `ix_assessmentnotice_state` (`state`),
  KEY `ix_assessmentnotice_taxpayerid` (`taxpayerid`),
  KEY `ix_assessmentnotice_txnno` (`txnno`)
) ENGINE=InnoDB DEFAULT CHARSET=utf8;
/*!40101 SET character_set_client = @saved_cs_client */;

--
-- Dumping data for table `assessmentnotice`
--

LOCK TABLES `assessmentnotice` WRITE;
/*!40000 ALTER TABLE `assessmentnotice` DISABLE KEYS */;
/*!40000 ALTER TABLE `assessmentnotice` ENABLE KEYS */;
UNLOCK TABLES;

--
-- Table structure for table `assessmentnotice_online`
--

DROP TABLE IF EXISTS `assessmentnotice_online`;
/*!40101 SET @saved_cs_client     = @@character_set_client */;
/*!40101 SET character_set_client = utf8 */;
CREATE TABLE `assessmentnotice_online` (
  `objid` varchar(50) NOT NULL,
  `state` varchar(25) NOT NULL,
  `reftype` varchar(25) NOT NULL,
  `refid` varchar(50) NOT NULL,
  `refno` varchar(50) NOT NULL,
  `refdate` date NOT NULL,
  `orno` varchar(25) DEFAULT NULL,
  `ordate` date DEFAULT NULL,
  `oramount` decimal(16,2) DEFAULT NULL,
  PRIMARY KEY (`objid`),
  KEY `ix_state` (`state`),
  KEY `ix_refid` (`refid`),
  KEY `ix_refno` (`refno`),
  KEY `ix_orno` (`orno`),
  CONSTRAINT `fk_assessmentnotice_online_assessmentnotice` FOREIGN KEY (`objid`) REFERENCES `assessmentnotice` (`objid`)
) ENGINE=InnoDB DEFAULT CHARSET=utf8;
/*!40101 SET character_set_client = @saved_cs_client */;

--
-- Dumping data for table `assessmentnotice_online`
--

LOCK TABLES `assessmentnotice_online` WRITE;
/*!40000 ALTER TABLE `assessmentnotice_online` DISABLE KEYS */;
/*!40000 ALTER TABLE `assessmentnotice_online` ENABLE KEYS */;
UNLOCK TABLES;

--
-- Table structure for table `assessmentnoticeitem`
--

DROP TABLE IF EXISTS `assessmentnoticeitem`;
/*!40101 SET @saved_cs_client     = @@character_set_client */;
/*!40101 SET character_set_client = utf8 */;
CREATE TABLE `assessmentnoticeitem` (
  `objid` varchar(50) NOT NULL,
  `assessmentnoticeid` varchar(50) NOT NULL,
  `faasid` varchar(50) NOT NULL,
  PRIMARY KEY (`objid`),
  KEY `FK_assessmentnoticeitem_assessmentnotice` (`assessmentnoticeid`),
  KEY `FK_assessmentnoticeitem_faas` (`faasid`),
  CONSTRAINT `assessmentnoticeitem_ibfk_1` FOREIGN KEY (`assessmentnoticeid`) REFERENCES `assessmentnotice` (`objid`),
  CONSTRAINT `assessmentnoticeitem_ibfk_2` FOREIGN KEY (`faasid`) REFERENCES `faas` (`objid`)
) ENGINE=InnoDB DEFAULT CHARSET=utf8;
/*!40101 SET character_set_client = @saved_cs_client */;

--
-- Dumping data for table `assessmentnoticeitem`
--

LOCK TABLES `assessmentnoticeitem` WRITE;
/*!40000 ALTER TABLE `assessmentnoticeitem` DISABLE KEYS */;
/*!40000 ALTER TABLE `assessmentnoticeitem` ENABLE KEYS */;
UNLOCK TABLES;

--
-- Table structure for table `bank`
--

DROP TABLE IF EXISTS `bank`;
/*!40101 SET @saved_cs_client     = @@character_set_client */;
/*!40101 SET character_set_client = utf8 */;
CREATE TABLE `bank` (
  `objid` varchar(50) NOT NULL,
  `state` varchar(10) DEFAULT NULL,
  `code` varchar(50) NOT NULL,
  `name` varchar(100) NOT NULL,
  `branchname` varchar(50) NOT NULL,
  `address` varchar(255) DEFAULT NULL,
  `manager` varchar(50) DEFAULT NULL,
  `deposittype` varchar(50) DEFAULT NULL,
  `depository` int(11) DEFAULT NULL,
  `depositsliphandler` varchar(50) DEFAULT NULL,
  `cashreport` varchar(255) DEFAULT NULL,
  `checkreport` varchar(255) DEFAULT NULL,
  PRIMARY KEY (`objid`),
  KEY `ix_bank_state` (`state`),
  KEY `ix_state` (`state`),
  KEY `ix_code` (`code`),
  KEY `ix_branchname` (`branchname`)
) ENGINE=InnoDB DEFAULT CHARSET=utf8;
/*!40101 SET character_set_client = @saved_cs_client */;

--
-- Dumping data for table `bank`
--

LOCK TABLES `bank` WRITE;
/*!40000 ALTER TABLE `bank` DISABLE KEYS */;
INSERT INTO `bank` VALUES ('BNK-1cf5626b:17fb48ac669:-7d6f',NULL,'LBPM','LBP','MANILA','MANILA',NULL,'REGIONAL',0,NULL,NULL,NULL),('BNK-1cf5626b:17fb48ac669:-7dab',NULL,'LBPV','LBP','VIRAC','VIRAC',NULL,'ON-US',1,NULL,'lbp_cash_revmay2016','lbp_check_revmay2016');
/*!40000 ALTER TABLE `bank` ENABLE KEYS */;
UNLOCK TABLES;

--
-- Table structure for table `bankaccount`
--

DROP TABLE IF EXISTS `bankaccount`;
/*!40101 SET @saved_cs_client     = @@character_set_client */;
/*!40101 SET character_set_client = utf8 */;
CREATE TABLE `bankaccount` (
  `objid` varchar(50) NOT NULL,
  `state` varchar(10) NOT NULL,
  `code` varchar(50) NOT NULL,
  `title` varchar(100) NOT NULL,
  `description` varchar(255) DEFAULT NULL,
  `accttype` varchar(50) NOT NULL,
  `bank_objid` varchar(50) NOT NULL,
  `bank_code` varchar(50) NOT NULL,
  `bank_name` varchar(100) NOT NULL,
  `fund_objid` varchar(100) NOT NULL,
  `fund_code` varchar(50) NOT NULL,
  `fund_title` varchar(50) NOT NULL,
  `currency` varchar(10) NOT NULL,
  `cashreport` varchar(50) DEFAULT NULL,
  `cashbreakdownreport` varchar(50) DEFAULT NULL,
  `checkreport` varchar(50) DEFAULT NULL,
  `forwardbalance` decimal(16,4) DEFAULT NULL,
  `beginbalance` decimal(16,4) DEFAULT NULL,
  `totaldr` decimal(16,4) DEFAULT NULL,
  `totalcr` decimal(16,4) DEFAULT NULL,
  `endbalance` decimal(16,4) DEFAULT NULL,
  `currentlineno` int(11) DEFAULT NULL,
  `checkbreakdownreport` varchar(50) DEFAULT NULL,
  `acctid` varchar(50) DEFAULT NULL,
  PRIMARY KEY (`objid`),
  KEY `bank_objid` (`bank_objid`),
  KEY `fund_objid` (`fund_objid`),
  KEY `ix_acctid` (`acctid`),
  KEY `ix_code` (`code`),
  CONSTRAINT `bankaccount_ibfk_1` FOREIGN KEY (`bank_objid`) REFERENCES `bank` (`objid`),
  CONSTRAINT `fk_bankaccount_acctid` FOREIGN KEY (`acctid`) REFERENCES `itemaccount` (`objid`),
  CONSTRAINT `fk_bankaccount_fund_objid` FOREIGN KEY (`fund_objid`) REFERENCES `fund` (`objid`)
) ENGINE=InnoDB DEFAULT CHARSET=utf8;
/*!40101 SET character_set_client = @saved_cs_client */;

--
-- Dumping data for table `bankaccount`
--

LOCK TABLES `bankaccount` WRITE;
/*!40000 ALTER TABLE `bankaccount` DISABLE KEYS */;
INSERT INTO `bankaccount` VALUES ('=BNKACCT-1cf5626b:17fb48ac669:-7b33','DRAFT','09-343-3433','LGU - HOSPITAL PHIC CHARGES',NULL,'CHECKING','BNK-1cf5626b:17fb48ac669:-7dab','LBPV','LBP','FUND-1cf5626b:17fb48ac669:-7bfa','HPC','HOSPITAL PHIC CHARGES','PHP',NULL,NULL,NULL,NULL,NULL,NULL,NULL,NULL,NULL,NULL,'CIB-FUND532d6893:15d05b0ec66:-618b'),('=BNKACCT-1cf5626b:17fb48ac669:-7b75','DRAFT','9801-3343-232','LGU - HOSPITAL PHIC POOLING',NULL,'CHECKING','BNK-1cf5626b:17fb48ac669:-7dab','LBPV','LBP','FUND-1cf5626b:17fb48ac669:-7c2e','HP','HOSPITAL PHIC POOLING','PHP',NULL,NULL,NULL,NULL,NULL,NULL,NULL,NULL,NULL,NULL,'CIB-FUND532d6893:15d05b0ec66:-618b'),('=BNKACCT-1cf5626b:17fb48ac669:-7b9e','DRAFT','939-34331-121','LGU - HOSPITAL',NULL,'CHECKING','BNK-1cf5626b:17fb48ac669:-7dab','LBPV','LBP','FUND-1cf5626b:17fb48ac669:-7c65','HA','HOSPITAL','PHP',NULL,NULL,NULL,NULL,NULL,NULL,NULL,NULL,NULL,NULL,'CIB-FUND532d6893:15d05b0ec66:-618b'),('=BNKACCT-1cf5626b:17fb48ac669:-7cbf','DRAFT','993-32292322','LGU - TRUST FUND',NULL,'CHECKING','BNK-1cf5626b:17fb48ac669:-7dab','LBPV','LBP','TRUST','03','TRUST PROPER','PHP',NULL,NULL,NULL,NULL,NULL,NULL,NULL,NULL,NULL,NULL,'CIB-TRUST'),('=BNKACCT-1cf5626b:17fb48ac669:-7ce6','DRAFT','929-343-3433','LGU - SEF FUND',NULL,'CHECKING','BNK-1cf5626b:17fb48ac669:-7dab','LBPV','LBP','SEF','02','SEF PROPER','PHP',NULL,NULL,NULL,NULL,NULL,NULL,NULL,NULL,NULL,NULL,'CIB-SEF'),('=BNKACCT-1cf5626b:17fb48ac669:-7d11','DRAFT','982-232-232322','LGU - GENERAL FUND',NULL,'CHECKING','BNK-1cf5626b:17fb48ac669:-7dab','LBPV','LBP','GENERAL','01','GENERAL PROPER','PHP',NULL,NULL,NULL,NULL,NULL,NULL,NULL,NULL,NULL,NULL,'CIB-FUND532d6893:15d05b0ec66:-618b');
/*!40000 ALTER TABLE `bankaccount` ENABLE KEYS */;
UNLOCK TABLES;

--
-- Table structure for table `bankaccount_ledger`
--

DROP TABLE IF EXISTS `bankaccount_ledger`;
/*!40101 SET @saved_cs_client     = @@character_set_client */;
/*!40101 SET character_set_client = utf8 */;
CREATE TABLE `bankaccount_ledger` (
  `objid` varchar(150) NOT NULL,
  `jevid` varchar(150) NOT NULL,
  `bankacctid` varchar(50) NOT NULL,
  `itemacctid` varchar(50) NOT NULL,
  `dr` decimal(16,4) NOT NULL,
  `cr` decimal(16,4) NOT NULL,
  PRIMARY KEY (`objid`),
  KEY `ix_jevid` (`jevid`),
  KEY `ix_bankacctid` (`bankacctid`),
  KEY `ix_itemacctid` (`itemacctid`),
  CONSTRAINT `fk_bankaccount_ledger_jevid` FOREIGN KEY (`jevid`) REFERENCES `jev` (`objid`)
) ENGINE=InnoDB DEFAULT CHARSET=utf8;
/*!40101 SET character_set_client = @saved_cs_client */;

--
-- Dumping data for table `bankaccount_ledger`
--

LOCK TABLES `bankaccount_ledger` WRITE;
/*!40000 ALTER TABLE `bankaccount_ledger` DISABLE KEYS */;
/*!40000 ALTER TABLE `bankaccount_ledger` ENABLE KEYS */;
UNLOCK TABLES;

--
-- Table structure for table `barangay`
--

DROP TABLE IF EXISTS `barangay`;
/*!40101 SET @saved_cs_client     = @@character_set_client */;
/*!40101 SET character_set_client = utf8 */;
CREATE TABLE `barangay` (
  `objid` varchar(50) NOT NULL,
  `state` varchar(10) DEFAULT NULL,
  `indexno` varchar(15) DEFAULT NULL,
  `pin` varchar(15) DEFAULT NULL,
  `name` varchar(50) DEFAULT NULL,
  `previd` varchar(50) DEFAULT NULL,
  `parentid` varchar(50) DEFAULT NULL,
  `captain_name` varchar(100) DEFAULT NULL,
  `captain_title` varchar(50) DEFAULT NULL,
  `captain_office` varchar(50) DEFAULT NULL,
  `treasurer_name` varchar(100) DEFAULT NULL,
  `treasurer_title` varchar(50) DEFAULT NULL,
  `treasurer_office` varchar(50) DEFAULT NULL,
  `oldindexno` varchar(15) DEFAULT NULL,
  `oldpin` varchar(15) DEFAULT NULL,
  `fullname` varchar(250) DEFAULT NULL,
  `address` varchar(250) DEFAULT NULL,
  PRIMARY KEY (`objid`),
  KEY `ix_lgu_barangay_indexno` (`indexno`),
  KEY `ix_lgu_barangay_parentid` (`parentid`),
  KEY `ix_lgu_barangay_previd` (`previd`),
  CONSTRAINT `barangay_ibfk_1` FOREIGN KEY (`objid`) REFERENCES `sys_org` (`objid`) ON DELETE CASCADE ON UPDATE CASCADE
) ENGINE=InnoDB DEFAULT CHARSET=utf8;
/*!40101 SET character_set_client = @saved_cs_client */;

--
-- Dumping data for table `barangay`
--

LOCK TABLES `barangay` WRITE;
/*!40000 ALTER TABLE `barangay` DISABLE KEYS */;
/*!40000 ALTER TABLE `barangay` ENABLE KEYS */;
UNLOCK TABLES;

--
-- Table structure for table `batch_rpttaxcredit`
--

DROP TABLE IF EXISTS `batch_rpttaxcredit`;
/*!40101 SET @saved_cs_client     = @@character_set_client */;
/*!40101 SET character_set_client = utf8 */;
CREATE TABLE `batch_rpttaxcredit` (
  `objid` varchar(50) NOT NULL,
  `state` varchar(25) NOT NULL,
  `txndate` date NOT NULL,
  `txnno` varchar(25) NOT NULL,
  `rate` decimal(10,2) NOT NULL,
  `paymentfrom` date DEFAULT NULL,
  `paymentto` varchar(255) DEFAULT NULL,
  `creditedyear` int(255) NOT NULL,
  `reason` varchar(255) NOT NULL,
  `validity` date DEFAULT NULL,
  PRIMARY KEY (`objid`),
  KEY `ix_state` (`state`),
  KEY `ix_txnno` (`txnno`)
) ENGINE=InnoDB DEFAULT CHARSET=utf8;
/*!40101 SET character_set_client = @saved_cs_client */;

--
-- Dumping data for table `batch_rpttaxcredit`
--

LOCK TABLES `batch_rpttaxcredit` WRITE;
/*!40000 ALTER TABLE `batch_rpttaxcredit` DISABLE KEYS */;
/*!40000 ALTER TABLE `batch_rpttaxcredit` ENABLE KEYS */;
UNLOCK TABLES;

--
-- Table structure for table `batch_rpttaxcredit_ledger`
--

DROP TABLE IF EXISTS `batch_rpttaxcredit_ledger`;
/*!40101 SET @saved_cs_client     = @@character_set_client */;
/*!40101 SET character_set_client = utf8 */;
CREATE TABLE `batch_rpttaxcredit_ledger` (
  `objid` varchar(50) NOT NULL,
  `parentid` varchar(50) NOT NULL,
  `state` varchar(25) NOT NULL,
  `error` varchar(255) DEFAULT NULL,
  `barangayid` varchar(50) NOT NULL,
  PRIMARY KEY (`objid`),
  KEY `ix_parentid` (`parentid`),
  KEY `ix_state` (`state`),
  KEY `ix_barangayid` (`barangayid`),
  CONSTRAINT `fk_rpttaxcredit_rptledger_parent` FOREIGN KEY (`parentid`) REFERENCES `batch_rpttaxcredit` (`objid`),
  CONSTRAINT `fk_rpttaxcredit_rptledger_rptledger` FOREIGN KEY (`objid`) REFERENCES `rptledger` (`objid`)
) ENGINE=InnoDB DEFAULT CHARSET=utf8;
/*!40101 SET character_set_client = @saved_cs_client */;

--
-- Dumping data for table `batch_rpttaxcredit_ledger`
--

LOCK TABLES `batch_rpttaxcredit_ledger` WRITE;
/*!40000 ALTER TABLE `batch_rpttaxcredit_ledger` DISABLE KEYS */;
/*!40000 ALTER TABLE `batch_rpttaxcredit_ledger` ENABLE KEYS */;
UNLOCK TABLES;

--
-- Table structure for table `batch_rpttaxcredit_ledger_posted`
--

DROP TABLE IF EXISTS `batch_rpttaxcredit_ledger_posted`;
/*!40101 SET @saved_cs_client     = @@character_set_client */;
/*!40101 SET character_set_client = utf8 */;
CREATE TABLE `batch_rpttaxcredit_ledger_posted` (
  `objid` varchar(50) NOT NULL,
  `parentid` varchar(50) NOT NULL,
  `barangayid` varchar(50) NOT NULL,
  PRIMARY KEY (`objid`),
  KEY `ix_parentid` (`parentid`),
  KEY `ix_barangayid` (`barangayid`),
  CONSTRAINT `fk_rpttaxcredit_rptledger_posted_parent` FOREIGN KEY (`parentid`) REFERENCES `batch_rpttaxcredit` (`objid`),
  CONSTRAINT `fk_rpttaxcredit_rptledger_posted_rptledger` FOREIGN KEY (`objid`) REFERENCES `rptledger` (`objid`)
) ENGINE=InnoDB DEFAULT CHARSET=utf8;
/*!40101 SET character_set_client = @saved_cs_client */;

--
-- Dumping data for table `batch_rpttaxcredit_ledger_posted`
--

LOCK TABLES `batch_rpttaxcredit_ledger_posted` WRITE;
/*!40000 ALTER TABLE `batch_rpttaxcredit_ledger_posted` DISABLE KEYS */;
/*!40000 ALTER TABLE `batch_rpttaxcredit_ledger_posted` ENABLE KEYS */;
UNLOCK TABLES;

--
-- Table structure for table `batchcapture_collection`
--

DROP TABLE IF EXISTS `batchcapture_collection`;
/*!40101 SET @saved_cs_client     = @@character_set_client */;
/*!40101 SET character_set_client = utf8 */;
CREATE TABLE `batchcapture_collection` (
  `objid` varchar(50) NOT NULL,
  `state` varchar(20) NOT NULL,
  `txndate` datetime NOT NULL,
  `defaultreceiptdate` datetime NOT NULL,
  `txnmode` varchar(10) NOT NULL,
  `stub` int(11) NOT NULL,
  `formno` varchar(50) NOT NULL,
  `formtype` varchar(10) NOT NULL,
  `controlid` varchar(50) NOT NULL,
  `serieslength` int(11) NOT NULL,
  `prefix` varchar(10) DEFAULT NULL,
  `suffix` varchar(10) DEFAULT NULL,
  `startseries` int(11) NOT NULL,
  `endseries` int(11) NOT NULL,
  `totalamount` decimal(16,4) NOT NULL,
  `totalcash` decimal(16,4) NOT NULL,
  `totalnoncash` decimal(16,4) NOT NULL,
  `collectiontype_objid` varchar(50) DEFAULT NULL,
  `collectiontype_name` varchar(100) DEFAULT NULL,
  `collector_objid` varchar(50) DEFAULT NULL,
  `collector_name` varchar(100) DEFAULT NULL,
  `collector_title` varchar(50) DEFAULT NULL,
  `capturedby_objid` varchar(50) DEFAULT NULL,
  `capturedby_name` varchar(100) DEFAULT NULL,
  `capturedby_title` varchar(50) DEFAULT NULL,
  `org_objid` varchar(50) NOT NULL,
  `org_name` varchar(50) NOT NULL,
  `postedby_objid` varchar(50) DEFAULT NULL,
  `postedby_name` varchar(100) DEFAULT NULL,
  `postedby_date` datetime DEFAULT NULL,
  PRIMARY KEY (`objid`),
  KEY `ix_batchcapture_collection_capturedbyname` (`capturedby_name`),
  KEY `ix_batchcapture_collection_collectorname` (`collector_name`),
  KEY `ix_batchcapture_collection_txndate` (`txndate`),
  KEY `collector_objid` (`collector_objid`),
  CONSTRAINT `batchcapture_collection_ibfk_1` FOREIGN KEY (`collector_objid`) REFERENCES `sys_user` (`objid`)
) ENGINE=InnoDB DEFAULT CHARSET=utf8;
/*!40101 SET character_set_client = @saved_cs_client */;

--
-- Dumping data for table `batchcapture_collection`
--

LOCK TABLES `batchcapture_collection` WRITE;
/*!40000 ALTER TABLE `batchcapture_collection` DISABLE KEYS */;
/*!40000 ALTER TABLE `batchcapture_collection` ENABLE KEYS */;
UNLOCK TABLES;

--
-- Table structure for table `batchcapture_collection_entry`
--

DROP TABLE IF EXISTS `batchcapture_collection_entry`;
/*!40101 SET @saved_cs_client     = @@character_set_client */;
/*!40101 SET character_set_client = utf8 */;
CREATE TABLE `batchcapture_collection_entry` (
  `objid` varchar(50) NOT NULL,
  `parentid` varchar(50) DEFAULT NULL,
  `receiptno` varchar(50) NOT NULL,
  `receiptdate` datetime NOT NULL,
  `paidby` varchar(100) NOT NULL,
  `paidbyaddress` varchar(255) NOT NULL,
  `amount` decimal(16,4) NOT NULL,
  `totalcash` decimal(16,4) NOT NULL,
  `totalnoncash` decimal(16,4) NOT NULL,
  `series` int(11) NOT NULL,
  `collectiontype_objid` varchar(50) DEFAULT NULL,
  `collectiontype_name` varchar(100) DEFAULT NULL,
  `remarks` varchar(255) DEFAULT NULL,
  `particulars` longtext,
  `voided` int(11) DEFAULT NULL,
  `paymentitems` longtext,
  PRIMARY KEY (`objid`),
  KEY `ix_batchcapture_collection_entry_parentid` (`parentid`),
  KEY `ix_batchcapture_collection_entry_receiptdate` (`receiptdate`),
  KEY `ix_batchcapture_collection_entry_receiptno` (`receiptno`),
  KEY `collectiontype_objid` (`collectiontype_objid`),
  CONSTRAINT `batchcapture_collection_entry_ibfk_1` FOREIGN KEY (`parentid`) REFERENCES `batchcapture_collection` (`objid`),
  CONSTRAINT `batchcapture_collection_entry_ibfk_2` FOREIGN KEY (`collectiontype_objid`) REFERENCES `collectiontype` (`objid`)
) ENGINE=InnoDB DEFAULT CHARSET=utf8;
/*!40101 SET character_set_client = @saved_cs_client */;

--
-- Dumping data for table `batchcapture_collection_entry`
--

LOCK TABLES `batchcapture_collection_entry` WRITE;
/*!40000 ALTER TABLE `batchcapture_collection_entry` DISABLE KEYS */;
/*!40000 ALTER TABLE `batchcapture_collection_entry` ENABLE KEYS */;
UNLOCK TABLES;

--
-- Table structure for table `batchcapture_collection_entry_item`
--

DROP TABLE IF EXISTS `batchcapture_collection_entry_item`;
/*!40101 SET @saved_cs_client     = @@character_set_client */;
/*!40101 SET character_set_client = utf8 */;
CREATE TABLE `batchcapture_collection_entry_item` (
  `objid` varchar(50) NOT NULL,
  `parentid` varchar(50) DEFAULT NULL,
  `item_objid` varchar(50) DEFAULT NULL,
  `item_code` varchar(50) DEFAULT NULL,
  `item_title` varchar(255) NOT NULL,
  `fund_objid` varchar(100) NOT NULL,
  `fund_code` varchar(50) DEFAULT NULL,
  `fund_title` varchar(50) DEFAULT NULL,
  `amount` decimal(16,4) DEFAULT NULL,
  PRIMARY KEY (`objid`),
  KEY `ix_batchcapture_collection_entry_item_item_code` (`item_code`),
  KEY `ix_batchcapture_collection_entry_item_parentid` (`parentid`),
  KEY `item_objid` (`item_objid`),
  KEY `fund_objid` (`fund_objid`),
  KEY `ix_parentid` (`parentid`),
  CONSTRAINT `batchcapture_collection_entry_item_ibfk_1` FOREIGN KEY (`parentid`) REFERENCES `batchcapture_collection_entry` (`objid`),
  CONSTRAINT `batchcapture_collection_entry_item_ibfk_2` FOREIGN KEY (`item_objid`) REFERENCES `itemaccount` (`objid`),
  CONSTRAINT `fk_batchcapture_collection_entry_item_fund_objid` FOREIGN KEY (`fund_objid`) REFERENCES `fund` (`objid`)
) ENGINE=InnoDB DEFAULT CHARSET=utf8;
/*!40101 SET character_set_client = @saved_cs_client */;

--
-- Dumping data for table `batchcapture_collection_entry_item`
--

LOCK TABLES `batchcapture_collection_entry_item` WRITE;
/*!40000 ALTER TABLE `batchcapture_collection_entry_item` DISABLE KEYS */;
/*!40000 ALTER TABLE `batchcapture_collection_entry_item` ENABLE KEYS */;
UNLOCK TABLES;

--
-- Table structure for table `batchgr`
--

DROP TABLE IF EXISTS `batchgr`;
/*!40101 SET @saved_cs_client     = @@character_set_client */;
/*!40101 SET character_set_client = utf8 */;
CREATE TABLE `batchgr` (
  `objid` varchar(50) NOT NULL,
  `state` varchar(25) NOT NULL,
  `ry` int(255) NOT NULL,
  `lgu_objid` varchar(50) NOT NULL,
  `barangay_objid` varchar(50) NOT NULL,
  `rputype` varchar(15) DEFAULT NULL,
  `classification_objid` varchar(50) DEFAULT NULL,
  `section` varchar(10) DEFAULT NULL,
  `memoranda` varchar(100) DEFAULT NULL,
  `txntype_objid` varchar(50) DEFAULT NULL,
  `txnno` varchar(25) DEFAULT NULL,
  `txndate` datetime DEFAULT NULL,
  `effectivityyear` int(11) DEFAULT NULL,
  `effectivityqtr` int(11) DEFAULT NULL,
  `originlgu_objid` varchar(50) DEFAULT NULL,
  PRIMARY KEY (`objid`),
  KEY `ix_barangay_objid` (`barangay_objid`),
  KEY `ix_state` (`state`),
  KEY `fk_lgu_objid` (`lgu_objid`),
  KEY `ix_ry` (`ry`),
  KEY `ix_txnno` (`txnno`),
  KEY `ix_classificationid` (`classification_objid`),
  KEY `ix_section` (`section`),
  CONSTRAINT `fk_barangay_objid` FOREIGN KEY (`barangay_objid`) REFERENCES `barangay` (`objid`),
  CONSTRAINT `fk_batchgr_barangayid` FOREIGN KEY (`barangay_objid`) REFERENCES `sys_org` (`objid`),
  CONSTRAINT `fk_batchgr_classificationid` FOREIGN KEY (`classification_objid`) REFERENCES `propertyclassification` (`objid`),
  CONSTRAINT `fk_batchgr_lguid` FOREIGN KEY (`lgu_objid`) REFERENCES `sys_org` (`objid`),
  CONSTRAINT `fk_lgu_objid` FOREIGN KEY (`lgu_objid`) REFERENCES `sys_org` (`objid`)
) ENGINE=InnoDB DEFAULT CHARSET=utf8;
/*!40101 SET character_set_client = @saved_cs_client */;

--
-- Dumping data for table `batchgr`
--

LOCK TABLES `batchgr` WRITE;
/*!40000 ALTER TABLE `batchgr` DISABLE KEYS */;
/*!40000 ALTER TABLE `batchgr` ENABLE KEYS */;
UNLOCK TABLES;

--
-- Table structure for table `batchgr_item`
--

DROP TABLE IF EXISTS `batchgr_item`;
/*!40101 SET @saved_cs_client     = @@character_set_client */;
/*!40101 SET character_set_client = utf8 */;
CREATE TABLE `batchgr_item` (
  `objid` varchar(50) NOT NULL,
  `parent_objid` varchar(50) NOT NULL,
  `state` varchar(50) NOT NULL,
  `rputype` varchar(15) NOT NULL,
  `tdno` varchar(50) NOT NULL,
  `fullpin` varchar(50) NOT NULL,
  `pin` varchar(50) NOT NULL,
  `suffix` int(255) NOT NULL,
  `newfaasid` varchar(50) DEFAULT NULL,
  `error` text,
  `subsuffix` int(11) DEFAULT NULL,
  PRIMARY KEY (`objid`),
  KEY `fk_batchgr_item_batchgr` (`parent_objid`),
  KEY `fk_batchgr_item_newfaasid` (`newfaasid`),
  KEY `fk_batchgr_item_tdno` (`tdno`),
  KEY `fk_batchgr_item_pin` (`pin`),
  CONSTRAINT `fk_batchgr_item_batchgr` FOREIGN KEY (`parent_objid`) REFERENCES `batchgr` (`objid`),
  CONSTRAINT `fk_batchgr_item_faas` FOREIGN KEY (`objid`) REFERENCES `faas` (`objid`),
  CONSTRAINT `fk_batchgr_item_newfaasid` FOREIGN KEY (`newfaasid`) REFERENCES `faas` (`objid`),
  CONSTRAINT `fk_batchgr_item_objid` FOREIGN KEY (`objid`) REFERENCES `faas` (`objid`)
) ENGINE=InnoDB DEFAULT CHARSET=utf8;
/*!40101 SET character_set_client = @saved_cs_client */;

--
-- Dumping data for table `batchgr_item`
--

LOCK TABLES `batchgr_item` WRITE;
/*!40000 ALTER TABLE `batchgr_item` DISABLE KEYS */;
/*!40000 ALTER TABLE `batchgr_item` ENABLE KEYS */;
UNLOCK TABLES;

--
-- Table structure for table `batchgr_task`
--

DROP TABLE IF EXISTS `batchgr_task`;
/*!40101 SET @saved_cs_client     = @@character_set_client */;
/*!40101 SET character_set_client = utf8 */;
CREATE TABLE `batchgr_task` (
  `objid` varchar(50) NOT NULL,
  `refid` varchar(50) DEFAULT NULL,
  `parentprocessid` varchar(50) DEFAULT NULL,
  `state` varchar(50) DEFAULT NULL,
  `startdate` datetime DEFAULT NULL,
  `enddate` datetime DEFAULT NULL,
  `assignee_objid` varchar(50) DEFAULT NULL,
  `assignee_name` varchar(100) DEFAULT NULL,
  `assignee_title` varchar(80) DEFAULT NULL,
  `actor_objid` varchar(50) DEFAULT NULL,
  `actor_name` varchar(100) DEFAULT NULL,
  `actor_title` varchar(80) DEFAULT NULL,
  `message` varchar(255) DEFAULT NULL,
  `signature` longtext,
  `returnedby` varchar(100) DEFAULT NULL,
  PRIMARY KEY (`objid`),
  KEY `ix_assignee_objid` (`assignee_objid`),
  KEY `ix_refid` (`refid`),
  CONSTRAINT `fk_batchgr_task_batchgr` FOREIGN KEY (`refid`) REFERENCES `batchgr` (`objid`)
) ENGINE=InnoDB DEFAULT CHARSET=utf8;
/*!40101 SET character_set_client = @saved_cs_client */;

--
-- Dumping data for table `batchgr_task`
--

LOCK TABLES `batchgr_task` WRITE;
/*!40000 ALTER TABLE `batchgr_task` DISABLE KEYS */;
/*!40000 ALTER TABLE `batchgr_task` ENABLE KEYS */;
UNLOCK TABLES;

--
-- Table structure for table `bldgadditionalitem`
--

DROP TABLE IF EXISTS `bldgadditionalitem`;
/*!40101 SET @saved_cs_client     = @@character_set_client */;
/*!40101 SET character_set_client = utf8 */;
CREATE TABLE `bldgadditionalitem` (
  `objid` varchar(50) NOT NULL,
  `bldgrysettingid` varchar(50) NOT NULL,
  `code` varchar(10) NOT NULL,
  `name` varchar(100) NOT NULL,
  `unit` varchar(25) NOT NULL,
  `expr` varchar(100) NOT NULL,
  `previd` varchar(50) DEFAULT NULL,
  `type` varchar(50) DEFAULT NULL,
  `addareatobldgtotalarea` int(11) DEFAULT NULL,
  `idx` int(11) DEFAULT NULL,
  PRIMARY KEY (`objid`),
  UNIQUE KEY `UQ_settingid_code` (`bldgrysettingid`,`code`),
  UNIQUE KEY `UQ_settingid_name` (`bldgrysettingid`,`name`),
  KEY `bldgrysettingid` (`bldgrysettingid`),
  KEY `ix_previd` (`previd`),
  CONSTRAINT `bldgadditionalitem_ibfk_1` FOREIGN KEY (`previd`) REFERENCES `bldgadditionalitem` (`objid`),
  CONSTRAINT `bldgadditionalitem_ibfk_2` FOREIGN KEY (`bldgrysettingid`) REFERENCES `bldgrysetting` (`objid`)
) ENGINE=InnoDB DEFAULT CHARSET=utf8;
/*!40101 SET character_set_client = @saved_cs_client */;

--
-- Dumping data for table `bldgadditionalitem`
--

LOCK TABLES `bldgadditionalitem` WRITE;
/*!40000 ALTER TABLE `bldgadditionalitem` DISABLE KEYS */;
/*!40000 ALTER TABLE `bldgadditionalitem` ENABLE KEYS */;
UNLOCK TABLES;

--
-- Table structure for table `bldgassesslevel`
--

DROP TABLE IF EXISTS `bldgassesslevel`;
/*!40101 SET @saved_cs_client     = @@character_set_client */;
/*!40101 SET character_set_client = utf8 */;
CREATE TABLE `bldgassesslevel` (
  `objid` varchar(50) NOT NULL,
  `bldgrysettingid` varchar(50) NOT NULL,
  `classification_objid` varchar(50) DEFAULT NULL,
  `code` varchar(10) NOT NULL,
  `name` varchar(50) NOT NULL,
  `fixrate` int(11) NOT NULL,
  `rate` decimal(10,2) NOT NULL,
  `previd` varchar(50) DEFAULT NULL,
  PRIMARY KEY (`objid`),
  UNIQUE KEY `ux_bldgassesslevel_code` (`bldgrysettingid`,`code`),
  UNIQUE KEY `ux_bldgassesslevel_name` (`bldgrysettingid`,`name`),
  KEY `FK_bldgassesslevel_bldgrysettingid` (`bldgrysettingid`),
  KEY `FK_bldgassesslevel_propertyclassification` (`classification_objid`),
  KEY `ix_previd` (`previd`),
  CONSTRAINT `bldgassesslevel_ibfk_1` FOREIGN KEY (`bldgrysettingid`) REFERENCES `bldgrysetting` (`objid`),
  CONSTRAINT `bldgassesslevel_ibfk_2` FOREIGN KEY (`classification_objid`) REFERENCES `propertyclassification` (`objid`)
) ENGINE=InnoDB DEFAULT CHARSET=utf8;
/*!40101 SET character_set_client = @saved_cs_client */;

--
-- Dumping data for table `bldgassesslevel`
--

LOCK TABLES `bldgassesslevel` WRITE;
/*!40000 ALTER TABLE `bldgassesslevel` DISABLE KEYS */;
/*!40000 ALTER TABLE `bldgassesslevel` ENABLE KEYS */;
UNLOCK TABLES;

--
-- Table structure for table `bldgassesslevelrange`
--

DROP TABLE IF EXISTS `bldgassesslevelrange`;
/*!40101 SET @saved_cs_client     = @@character_set_client */;
/*!40101 SET character_set_client = utf8 */;
CREATE TABLE `bldgassesslevelrange` (
  `objid` varchar(50) NOT NULL,
  `bldgassesslevelid` varchar(50) NOT NULL,
  `bldgrysettingid` varchar(50) NOT NULL,
  `mvfrom` decimal(16,2) NOT NULL,
  `mvto` decimal(16,2) NOT NULL,
  `rate` decimal(16,2) NOT NULL,
  PRIMARY KEY (`objid`),
  UNIQUE KEY `ux_bldgassesslevelrange_mvfrom` (`bldgassesslevelid`,`mvfrom`),
  KEY `bldgassesslevelid` (`bldgassesslevelid`),
  KEY `FK_bldgassesslevelrange_bldgrysetting` (`bldgrysettingid`),
  CONSTRAINT `bldgassesslevelrange_ibfk_1` FOREIGN KEY (`bldgassesslevelid`) REFERENCES `bldgassesslevel` (`objid`),
  CONSTRAINT `bldgassesslevelrange_ibfk_2` FOREIGN KEY (`bldgrysettingid`) REFERENCES `bldgrysetting` (`objid`)
) ENGINE=InnoDB DEFAULT CHARSET=utf8;
/*!40101 SET character_set_client = @saved_cs_client */;

--
-- Dumping data for table `bldgassesslevelrange`
--

LOCK TABLES `bldgassesslevelrange` WRITE;
/*!40000 ALTER TABLE `bldgassesslevelrange` DISABLE KEYS */;
/*!40000 ALTER TABLE `bldgassesslevelrange` ENABLE KEYS */;
UNLOCK TABLES;

--
-- Table structure for table `bldgfloor`
--

DROP TABLE IF EXISTS `bldgfloor`;
/*!40101 SET @saved_cs_client     = @@character_set_client */;
/*!40101 SET character_set_client = utf8 */;
CREATE TABLE `bldgfloor` (
  `objid` varchar(50) NOT NULL,
  `bldguseid` varchar(50) NOT NULL,
  `bldgrpuid` varchar(50) NOT NULL,
  `floorno` varchar(5) NOT NULL,
  `area` decimal(16,2) NOT NULL,
  `storeyrate` decimal(16,2) NOT NULL,
  `basevalue` decimal(16,2) NOT NULL,
  `unitvalue` decimal(16,2) NOT NULL,
  `basemarketvalue` decimal(16,2) NOT NULL,
  `adjustment` decimal(16,2) NOT NULL,
  `marketvalue` decimal(16,2) NOT NULL,
  PRIMARY KEY (`objid`),
  KEY `FK_bldgfloor_bldgrpu` (`bldgrpuid`),
  KEY `FK_bldgfloor_bldguse` (`bldguseid`),
  CONSTRAINT `bldgfloor_ibfk_1` FOREIGN KEY (`bldgrpuid`) REFERENCES `bldgrpu` (`objid`),
  CONSTRAINT `bldgfloor_ibfk_2` FOREIGN KEY (`bldguseid`) REFERENCES `bldguse` (`objid`)
) ENGINE=InnoDB DEFAULT CHARSET=utf8;
/*!40101 SET character_set_client = @saved_cs_client */;

--
-- Dumping data for table `bldgfloor`
--

LOCK TABLES `bldgfloor` WRITE;
/*!40000 ALTER TABLE `bldgfloor` DISABLE KEYS */;
/*!40000 ALTER TABLE `bldgfloor` ENABLE KEYS */;
UNLOCK TABLES;

--
-- Table structure for table `bldgflooradditional`
--

DROP TABLE IF EXISTS `bldgflooradditional`;
/*!40101 SET @saved_cs_client     = @@character_set_client */;
/*!40101 SET character_set_client = utf8 */;
CREATE TABLE `bldgflooradditional` (
  `objid` varchar(50) NOT NULL,
  `bldgfloorid` varchar(50) NOT NULL,
  `bldgrpuid` varchar(50) NOT NULL,
  `additionalitem_objid` varchar(50) NOT NULL,
  `amount` decimal(16,2) NOT NULL,
  `expr` text NOT NULL,
  `depreciate` int(11) DEFAULT NULL,
  `issystem` int(11) DEFAULT NULL,
  PRIMARY KEY (`objid`),
  KEY `FK_bldgflooradditional_additionalitem` (`additionalitem_objid`),
  KEY `FK_bldgflooradditional_bldgfloor` (`bldgfloorid`),
  KEY `FK_bldgflooradditional_bldgrpu` (`bldgrpuid`),
  CONSTRAINT `bldgflooradditional_ibfk_1` FOREIGN KEY (`additionalitem_objid`) REFERENCES `bldgadditionalitem` (`objid`),
  CONSTRAINT `bldgflooradditional_ibfk_2` FOREIGN KEY (`bldgfloorid`) REFERENCES `bldgfloor` (`objid`),
  CONSTRAINT `bldgflooradditional_ibfk_3` FOREIGN KEY (`bldgrpuid`) REFERENCES `bldgrpu` (`objid`)
) ENGINE=InnoDB DEFAULT CHARSET=utf8;
/*!40101 SET character_set_client = @saved_cs_client */;

--
-- Dumping data for table `bldgflooradditional`
--

LOCK TABLES `bldgflooradditional` WRITE;
/*!40000 ALTER TABLE `bldgflooradditional` DISABLE KEYS */;
/*!40000 ALTER TABLE `bldgflooradditional` ENABLE KEYS */;
UNLOCK TABLES;

--
-- Table structure for table `bldgflooradditionalparam`
--

DROP TABLE IF EXISTS `bldgflooradditionalparam`;
/*!40101 SET @saved_cs_client     = @@character_set_client */;
/*!40101 SET character_set_client = utf8 */;
CREATE TABLE `bldgflooradditionalparam` (
  `objid` varchar(50) NOT NULL,
  `bldgflooradditionalid` varchar(50) NOT NULL,
  `bldgrpuid` varchar(50) NOT NULL,
  `param_objid` varchar(50) NOT NULL,
  `intvalue` int(11) DEFAULT NULL,
  `decimalvalue` decimal(16,2) DEFAULT NULL,
  PRIMARY KEY (`objid`),
  KEY `FK_bldgflooradditionalparam_bldgflooradditional` (`bldgflooradditionalid`),
  KEY `FK_bldgflooradditionalparam_bldgrpu` (`bldgrpuid`),
  KEY `FK_bldgflooradditionalparam_param` (`param_objid`),
  CONSTRAINT `bldgflooradditionalparam_ibfk_1` FOREIGN KEY (`bldgflooradditionalid`) REFERENCES `bldgflooradditional` (`objid`),
  CONSTRAINT `bldgflooradditionalparam_ibfk_2` FOREIGN KEY (`bldgrpuid`) REFERENCES `bldgrpu` (`objid`),
  CONSTRAINT `bldgflooradditionalparam_ibfk_3` FOREIGN KEY (`param_objid`) REFERENCES `rptparameter` (`objid`)
) ENGINE=InnoDB DEFAULT CHARSET=utf8;
/*!40101 SET character_set_client = @saved_cs_client */;

--
-- Dumping data for table `bldgflooradditionalparam`
--

LOCK TABLES `bldgflooradditionalparam` WRITE;
/*!40000 ALTER TABLE `bldgflooradditionalparam` DISABLE KEYS */;
/*!40000 ALTER TABLE `bldgflooradditionalparam` ENABLE KEYS */;
UNLOCK TABLES;

--
-- Table structure for table `bldgkind`
--

DROP TABLE IF EXISTS `bldgkind`;
/*!40101 SET @saved_cs_client     = @@character_set_client */;
/*!40101 SET character_set_client = utf8 */;
CREATE TABLE `bldgkind` (
  `objid` varchar(50) NOT NULL,
  `state` varchar(10) NOT NULL,
  `code` varchar(20) NOT NULL,
  `name` varchar(100) NOT NULL,
  PRIMARY KEY (`objid`),
  UNIQUE KEY `ux_bldgkind_code` (`code`),
  UNIQUE KEY `ux_bldgkind_name` (`name`),
  KEY `ix_bldgkind_state` (`state`)
) ENGINE=InnoDB DEFAULT CHARSET=utf8;
/*!40101 SET character_set_client = @saved_cs_client */;

--
-- Dumping data for table `bldgkind`
--

LOCK TABLES `bldgkind` WRITE;
/*!40000 ALTER TABLE `bldgkind` DISABLE KEYS */;
INSERT INTO `bldgkind` VALUES ('ACCE','APPROVED','ACCE','ACCESSORY BUILDING'),('APA1','APPROVED','APA1','DUPLEX APARTELLE'),('APA2','APPROVED','APA2','APARTMENT'),('ARCA','APPROVED','ARCA','ARCADE'),('AREN','APPROVED','AREN','ARENA'),('ASSH','APPROVED','ASSH','ASSEMBLY HOUSE'),('BAKE','APPROVED','BAKE','BAKERY'),('BANK','APPROVED','BANK','BANK'),('BARB','APPROVED','BARB','BARBER SHOP'),('BARH','APPROVED','BARH','BARN HOUSE'),('BASC','APPROVED','BASC','BASKETBALL COURT'),('BDHS','APPROVED','BDHS','BEAN DRYING HOUSE'),('BEAU','APPROVED','BEAU','BEAUTY SALON'),('BHAC','APPROVED','BHAC','BILLIARD HALL'),('BHAL','APPROVED','BHAL','BARANGAY HALL'),('BLAS','APPROVED','BLAS','BLACK SMITH SHED'),('BODE','APPROVED','BODE','BODEGA'),('BORH','APPROVED','BORH','BOARDING HOUSE'),('BOWL','APPROVED','BOWL','BOWLING LANE'),('BUNK','APPROVED','BUNK','BUNK HOUSE'),('CABO','APPROVED','CABO','CARTON BODEGA'),('CANC','APPROVED','CANC','CANTEEN'),('CARI','APPROVED','CARI','CARINDERIA'),('CHAP','APPROVED','CHAP','CHAPEL'),('CHUR','APPROVED','CHUR','CHURCH'),('CLHC','APPROVED','CLHC','CLUB HOUSE'),('CLIN','APPROVED','CLIN','CLINIC'),('CMIL','APPROVED','CMIL','CORN MILL'),('COCK','APPROVED','COCK','COCKPIT'),('COLI','APPROVED','COLI','COLISEUM'),('COND','APPROVED','COND','CONDOMINIUM'),('CONV','APPROVED','CONV','CONVENIENCE STORE'),('COPR','APPROVED','COPR','COPRA DRYER'),('CROC','APPROVED','CROC','CROCODILE CAGE'),('CROM','APPROVED','CROM','COMFORT ROOM'),('CSHP','APPROVED','CSHP','COMPUTER SHOP'),('DAYC','APPROVED','DAYC','DAY CARE CENTER'),('DISR','APPROVED','DISR','DISPLAY ROOM'),('DORM','APPROVED','DORM','DORMITORY'),('DRUG','APPROVED','DRUG','DRUGSTORE'),('DSHD','APPROVED','DSHD','DRIP IRRIGATION SHED'),('EATE','APPROVED','EATE','EATERY'),('EVAC','APPROVED','EVAC','EVACUATION CENTER'),('FACT','APPROVED','FACT','FACTORY'),('FEED','APPROVED','FEED','FEED MILL'),('FENC','APPROVED','FENC','FENCE'),('FERM','APPROVED','FERM','FERMENTARY SHED'),('FUNH','APPROVED','FUNH','FUNERAL HOME'),('FURN','APPROVED','FURN','FURNITURE ROOM'),('GARA','APPROVED','GARA','GARAGE'),('GARB','APPROVED','GARB','GARBAGE SHED'),('GASP','APPROVED','GASP','GAS PLANT'),('GASS','APPROVED','GASS','GASOLINE STATION'),('GOLD','APPROVED','GOLD','GOLDSMITH'),('GRAN','APPROVED','GRAN','GRANDSTAND'),('GREH','APPROVED','GREH','GREEN HOUSE'),('GSTR','APPROVED','GSTR','GROCERY STORE'),('GUAH','APPROVED','GUAH','GUARD HOUSE'),('GUES','APPROVED','GUES','GUEST HOUSE'),('GYMN','APPROVED','GYMN','GYMNASIUM'),('HALL','APPROVED','HALL','HALL'),('HARD','APPROVED','HARD','HARDWARE'),('HATC','APPROVED','HATC','HATCHERY'),('HEAL','APPROVED','HEAL','HEALTH CENTER'),('HMIL','APPROVED','HMIL','HAMMER MILL'),('HOGH','APPROVED','HOGH','HOG HOUSE'),('HOSP','APPROVED','HOSP','HOSPITAL'),('HOTE','APPROVED','HOTE','HOTEL'),('ICFE','APPROVED','ICFE','INTERNET CAF'),('INDB','APPROVED','INDB','INDUSTRIAL BUILDING'),('INRE','APPROVED','INRE','INLAND RESORT'),('LAUH','APPROVED','LAUH','LAUNDRY HOUSE'),('LHOU','APPROVED','LHOU','LABOR HOUSE'),('LODH','APPROVED','LODH','LODGING HOUSE'),('LUMY','APPROVED','LUMY','LUMBER YARD'),('LYIN','APPROVED','LYIN','LYING INN'),('MALL','APPROVED','MALL','MALL'),('MARK','APPROVED','MARK','MARKET'),('MART','APPROVED','MART','MINI MART'),('MASS','APPROVED','MASS','MASSAGE SPA'),('MGRH','APPROVED','MGRH','MANAGER\'S HOUSE'),('MHAC','APPROVED','MHAC','MESS HALL'),('MHAL','APPROVED','MHAL','MUNICIPAL HALL'),('MHRD','APPROVED','MHRD','MINI HARDWARE'),('MINH','APPROVED','MINH','MINI HOSPITAL'),('MIXP','APPROVED','MIXP','MIXING PLANT'),('MOSQ','APPROVED','MOSQ','MOSQUE'),('MOTE','APPROVED','MOTE','MOTEL'),('MOTO','APPROVED','MOTO','MOTOR PARTS STORE'),('MSHD','APPROVED','MSHD','MACHINE SHED'),('MUFD','APPROVED','MUFD','MULTIPLE DWELLING'),('MULS','APPROVED','MULS','MULTIPURPOSE SHED'),('OFFI','APPROVED','OFFI','OFFICE'),('ONFD','APPROVED','ONFD','ONE FAMILY DWELLING'),('OPES','APPROVED','OPES','OPEN SHED'),('PARB','APPROVED','PARB','PARKING BUILDING'),('PAWN','APPROVED','PAWN','PAWNSHOP'),('PHAL','APPROVED','PHAL','PRAYER HALL'),('PHOU','APPROVED','PHOU','PUMP HOUSE'),('PIGH','APPROVED','PIGH','PIGGERY HOUSE'),('PLCC','APPROVED','PLCC','PILOTA COURT'),('POUH','APPROVED','POUH','POULTRY HOUSE'),('POWH','APPROVED','POWH','POWER HOUSE'),('PRKC','APPROVED','PRKC','PUROK CENTER'),('PRSN','APPROVED','PRSN','PARSONAGE'),('QUAR','APPROVED','QUAR','QUARTER'),('REST','APPROVED','REST','RESTAURANT'),('RHAC','APPROVED','RHAC','RECREATIONAL HALL'),('RICM','APPROVED','RICM','RICE MILL'),('ROWH','APPROVED','ROWH','ROW HOUSE'),('RSHP','APPROVED','RSHP','REFRIGERATION SHOP'),('SARI','APPROVED','SARI','SARI SARI STORE'),('SAWM','APPROVED','SAWM','SAWMILL BUILDING'),('SCHB','APPROVED','SCHB','SCHOOL BUILDING'),('SHED','APPROVED','SHED','SHED'),('SHOP','APPROVED','SHOP','SHOPPING CENTER'),('SING','APPROVED','SING','SINGLE DETACHED'),('SLHZ','APPROVED','SLHZ','SLAUGHTER HOUSE'),('STAB','APPROVED','STAB','STABLE'),('STAFF','APPROVED','STAFF','STAFF HOUSE'),('STAG','APPROVED','STAG','STAGE'),('STAL','APPROVED','STAL','STALL'),('STOR','APPROVED','STOR','STORAGE'),('SVAN','APPROVED','SVAN','SHELTER VAN'),('SWIP','APPROVED','SWIP','SWIMMING POOL'),('TARI','APPROVED','TARI','TARIMA MILL'),('TENC','APPROVED','TENC','TENNIS COURT'),('TERM','APPROVED','TERM','TERMINAL'),('THEA','APPROVED','THEA','THEATER'),('TINS','APPROVED','TINS','TIN SMITH SHED'),('TOWH','APPROVED','TOWH','TOWN HOUSE'),('TWFD','APPROVED','TWFD','TWO FAMILY DWELLING'),('UPSH','APPROVED','UPSH','UPHOLSTERY SHOP'),('VULC','APPROVED','VULC','VULCANIZING SHOP'),('WARH','APPROVED','WARH','WAREHOUSE'),('WELS','APPROVED','WELS','WELDING SHOP'),('WPSH','APPROVED','WPSH','WATER PUMP SHED'),('WTRS','APPROVED','WTRS','WATER REFILLING STATION');
/*!40000 ALTER TABLE `bldgkind` ENABLE KEYS */;
UNLOCK TABLES;

--
-- Table structure for table `bldgkindbucc`
--

DROP TABLE IF EXISTS `bldgkindbucc`;
/*!40101 SET @saved_cs_client     = @@character_set_client */;
/*!40101 SET character_set_client = utf8 */;
CREATE TABLE `bldgkindbucc` (
  `objid` varchar(50) NOT NULL,
  `bldgrysettingid` varchar(50) NOT NULL,
  `bldgtypeid` varchar(50) NOT NULL,
  `bldgkind_objid` varchar(50) NOT NULL,
  `basevaluetype` varchar(25) NOT NULL,
  `basevalue` decimal(10,2) NOT NULL,
  `minbasevalue` decimal(10,2) NOT NULL,
  `maxbasevalue` decimal(10,2) NOT NULL,
  `gapvalue` int(11) NOT NULL,
  `minarea` decimal(10,2) NOT NULL,
  `maxarea` decimal(10,2) NOT NULL,
  `bldgclass` varchar(50) DEFAULT NULL,
  `previd` varchar(50) DEFAULT NULL,
  PRIMARY KEY (`objid`),
  KEY `bldgrysettingid` (`bldgrysettingid`),
  KEY `FK_bldgkindbucc_bldgkind` (`bldgkind_objid`),
  KEY `FK_bldgkindbucc_bldgtype` (`bldgtypeid`),
  KEY `ix_previd` (`previd`),
  CONSTRAINT `bldgkindbucc_ibfk_1` FOREIGN KEY (`bldgkind_objid`) REFERENCES `bldgkind` (`objid`),
  CONSTRAINT `bldgkindbucc_ibfk_2` FOREIGN KEY (`bldgrysettingid`) REFERENCES `bldgrysetting` (`objid`),
  CONSTRAINT `bldgkindbucc_ibfk_3` FOREIGN KEY (`bldgtypeid`) REFERENCES `bldgtype` (`objid`)
) ENGINE=InnoDB DEFAULT CHARSET=utf8;
/*!40101 SET character_set_client = @saved_cs_client */;

--
-- Dumping data for table `bldgkindbucc`
--

LOCK TABLES `bldgkindbucc` WRITE;
/*!40000 ALTER TABLE `bldgkindbucc` DISABLE KEYS */;
/*!40000 ALTER TABLE `bldgkindbucc` ENABLE KEYS */;
UNLOCK TABLES;

--
-- Table structure for table `bldgrpu`
--

DROP TABLE IF EXISTS `bldgrpu`;
/*!40101 SET @saved_cs_client     = @@character_set_client */;
/*!40101 SET character_set_client = utf8 */;
CREATE TABLE `bldgrpu` (
  `objid` varchar(50) NOT NULL,
  `landrpuid` varchar(50) DEFAULT NULL,
  `houseno` varchar(25) DEFAULT NULL,
  `psic` varchar(255) DEFAULT NULL,
  `permitno` varchar(255) DEFAULT NULL,
  `permitdate` datetime DEFAULT NULL,
  `permitissuedby` varchar(255) DEFAULT NULL,
  `bldgtype_objid` varchar(50) DEFAULT NULL,
  `bldgkindbucc_objid` varchar(50) DEFAULT NULL,
  `basevalue` decimal(16,2) NOT NULL,
  `dtcompleted` datetime DEFAULT NULL,
  `dtoccupied` datetime DEFAULT NULL,
  `floorcount` int(11) NOT NULL,
  `depreciation` decimal(16,2) NOT NULL,
  `depreciationvalue` decimal(16,2) NOT NULL,
  `totaladjustment` decimal(16,2) NOT NULL,
  `additionalinfo` text,
  `bldgage` int(11) NOT NULL,
  `percentcompleted` int(11) NOT NULL,
  `bldgassesslevel_objid` varchar(50) DEFAULT NULL,
  `assesslevel` decimal(16,2) NOT NULL,
  `condominium` int(11) NOT NULL,
  `bldgclass` varchar(15) DEFAULT NULL,
  `predominant` int(11) DEFAULT NULL,
  `effectiveage` int(11) NOT NULL,
  `condocerttitle` varchar(50) DEFAULT NULL,
  `dtcertcompletion` date DEFAULT NULL,
  `dtcertoccupancy` date DEFAULT NULL,
  `cdurating` varchar(15) DEFAULT NULL,
  `dtconstructed` date DEFAULT NULL,
  `occpermitno` varchar(25) DEFAULT NULL,
  PRIMARY KEY (`objid`),
  KEY `FK_bldgrpu_bldgassesslevel` (`bldgassesslevel_objid`),
  KEY `FK_bldgrpu_bldgkindbucc` (`bldgkindbucc_objid`),
  KEY `FK_bldgrpu_bldgtype` (`bldgtype_objid`),
  KEY `FK_bldgrpu_landrpu` (`landrpuid`),
  CONSTRAINT `bldgrpu_ibfk_1` FOREIGN KEY (`bldgassesslevel_objid`) REFERENCES `bldgassesslevel` (`objid`),
  CONSTRAINT `bldgrpu_ibfk_2` FOREIGN KEY (`bldgkindbucc_objid`) REFERENCES `bldgkindbucc` (`objid`),
  CONSTRAINT `bldgrpu_ibfk_3` FOREIGN KEY (`bldgtype_objid`) REFERENCES `bldgtype` (`objid`),
  CONSTRAINT `bldgrpu_ibfk_4` FOREIGN KEY (`landrpuid`) REFERENCES `landrpu` (`objid`),
  CONSTRAINT `bldgrpu_ibfk_5` FOREIGN KEY (`objid`) REFERENCES `rpu` (`objid`)
) ENGINE=InnoDB DEFAULT CHARSET=utf8;
/*!40101 SET character_set_client = @saved_cs_client */;

--
-- Dumping data for table `bldgrpu`
--

LOCK TABLES `bldgrpu` WRITE;
/*!40000 ALTER TABLE `bldgrpu` DISABLE KEYS */;
/*!40000 ALTER TABLE `bldgrpu` ENABLE KEYS */;
UNLOCK TABLES;

--
-- Table structure for table `bldgrpu_land`
--

DROP TABLE IF EXISTS `bldgrpu_land`;
/*!40101 SET @saved_cs_client     = @@character_set_client */;
/*!40101 SET character_set_client = utf8 */;
CREATE TABLE `bldgrpu_land` (
  `objid` varchar(50) NOT NULL DEFAULT '',
  `rpu_objid` varchar(50) NOT NULL DEFAULT '',
  `landfaas_objid` varchar(50) DEFAULT NULL,
  `landrpumaster_objid` varchar(50) DEFAULT NULL,
  PRIMARY KEY (`objid`),
  KEY `ix_bldgrpu_land_bldgrpuid` (`rpu_objid`),
  KEY `ix_bldgrpu_land_landfaasid` (`landfaas_objid`),
  KEY `ix_bldgrpu_land_landrpumasterid` (`landrpumaster_objid`),
  CONSTRAINT `FK_bldgrpu_land_bldgrpu` FOREIGN KEY (`rpu_objid`) REFERENCES `bldgrpu` (`objid`),
  CONSTRAINT `FK_bldgrpu_land_landfaas` FOREIGN KEY (`landfaas_objid`) REFERENCES `faas` (`objid`),
  CONSTRAINT `FK_bldgrpu_land_rpumaster` FOREIGN KEY (`landrpumaster_objid`) REFERENCES `rpumaster` (`objid`)
) ENGINE=InnoDB DEFAULT CHARSET=utf8;
/*!40101 SET character_set_client = @saved_cs_client */;

--
-- Dumping data for table `bldgrpu_land`
--

LOCK TABLES `bldgrpu_land` WRITE;
/*!40000 ALTER TABLE `bldgrpu_land` DISABLE KEYS */;
/*!40000 ALTER TABLE `bldgrpu_land` ENABLE KEYS */;
UNLOCK TABLES;

--
-- Table structure for table `bldgrpu_structuraltype`
--

DROP TABLE IF EXISTS `bldgrpu_structuraltype`;
/*!40101 SET @saved_cs_client     = @@character_set_client */;
/*!40101 SET character_set_client = utf8 */;
CREATE TABLE `bldgrpu_structuraltype` (
  `objid` varchar(50) NOT NULL,
  `bldgrpuid` varchar(50) NOT NULL,
  `bldgtype_objid` varchar(50) NOT NULL,
  `bldgkindbucc_objid` varchar(50) DEFAULT NULL,
  `floorcount` int(11) NOT NULL,
  `basefloorarea` decimal(16,2) NOT NULL,
  `totalfloorarea` decimal(16,2) NOT NULL,
  `basevalue` decimal(16,2) NOT NULL,
  `unitvalue` decimal(16,2) NOT NULL,
  `classification_objid` varchar(50) DEFAULT NULL,
  PRIMARY KEY (`objid`),
  KEY `FK_bldgrpu_structuraltype_bldgtype` (`bldgtype_objid`),
  KEY `FK_bldgrpu_structuraltype_bldgkindbucc` (`bldgkindbucc_objid`),
  KEY `FK_bldgrpu_structuraltype_bldgrpu` (`bldgrpuid`),
  KEY `FK_bldgrpu_structuraltype` (`classification_objid`),
  CONSTRAINT `FK_bldgrpu_structuraltype` FOREIGN KEY (`classification_objid`) REFERENCES `propertyclassification` (`objid`),
  CONSTRAINT `FK_bldgrpu_structuraltype_bldgkindbucc` FOREIGN KEY (`bldgkindbucc_objid`) REFERENCES `bldgkindbucc` (`objid`),
  CONSTRAINT `FK_bldgrpu_structuraltype_bldgrpu` FOREIGN KEY (`bldgrpuid`) REFERENCES `bldgrpu` (`objid`),
  CONSTRAINT `FK_bldgrpu_structuraltype_bldgtype` FOREIGN KEY (`bldgtype_objid`) REFERENCES `bldgtype` (`objid`)
) ENGINE=InnoDB DEFAULT CHARSET=utf8;
/*!40101 SET character_set_client = @saved_cs_client */;

--
-- Dumping data for table `bldgrpu_structuraltype`
--

LOCK TABLES `bldgrpu_structuraltype` WRITE;
/*!40000 ALTER TABLE `bldgrpu_structuraltype` DISABLE KEYS */;
/*!40000 ALTER TABLE `bldgrpu_structuraltype` ENABLE KEYS */;
UNLOCK TABLES;

--
-- Table structure for table `bldgrysetting`
--

DROP TABLE IF EXISTS `bldgrysetting`;
/*!40101 SET @saved_cs_client     = @@character_set_client */;
/*!40101 SET character_set_client = utf8 */;
CREATE TABLE `bldgrysetting` (
  `objid` varchar(50) NOT NULL,
  `state` varchar(10) NOT NULL,
  `ry` int(11) NOT NULL,
  `predominant` int(11) DEFAULT NULL,
  `depreciatecoreanditemseparately` int(11) DEFAULT NULL,
  `computedepreciationbasedonschedule` int(11) DEFAULT NULL,
  `straightdepreciation` int(11) DEFAULT NULL,
  `calcbldgagebasedondtoccupied` int(11) DEFAULT NULL,
  `appliedto` longtext,
  `previd` varchar(50) DEFAULT NULL,
  `remarks` varchar(200) DEFAULT NULL,
  `ordinanceno` varchar(25) DEFAULT NULL,
  `ordinancedate` date DEFAULT NULL,
  PRIMARY KEY (`objid`),
  KEY `ix_bldgrysetting_previd` (`previd`),
  KEY `ix_bldgrysetting_state` (`state`)
) ENGINE=InnoDB DEFAULT CHARSET=utf8;
/*!40101 SET character_set_client = @saved_cs_client */;

--
-- Dumping data for table `bldgrysetting`
--

LOCK TABLES `bldgrysetting` WRITE;
/*!40000 ALTER TABLE `bldgrysetting` DISABLE KEYS */;
/*!40000 ALTER TABLE `bldgrysetting` ENABLE KEYS */;
UNLOCK TABLES;

--
-- Table structure for table `bldgstructure`
--

DROP TABLE IF EXISTS `bldgstructure`;
/*!40101 SET @saved_cs_client     = @@character_set_client */;
/*!40101 SET character_set_client = utf8 */;
CREATE TABLE `bldgstructure` (
  `objid` varchar(50) NOT NULL,
  `bldgrpuid` varchar(50) NOT NULL,
  `structure_objid` varchar(50) NOT NULL,
  `material_objid` varchar(50) DEFAULT NULL,
  `floor` int(255) NOT NULL,
  PRIMARY KEY (`objid`),
  KEY `FK_bldgstructure_bldgrpu` (`bldgrpuid`),
  KEY `FK_bldgstructure_material` (`material_objid`),
  KEY `FK_bldgstructure_structure` (`structure_objid`),
  CONSTRAINT `bldgstructure_ibfk_1` FOREIGN KEY (`bldgrpuid`) REFERENCES `bldgrpu` (`objid`),
  CONSTRAINT `bldgstructure_ibfk_2` FOREIGN KEY (`material_objid`) REFERENCES `material` (`objid`),
  CONSTRAINT `bldgstructure_ibfk_3` FOREIGN KEY (`structure_objid`) REFERENCES `structure` (`objid`)
) ENGINE=InnoDB DEFAULT CHARSET=utf8;
/*!40101 SET character_set_client = @saved_cs_client */;

--
-- Dumping data for table `bldgstructure`
--

LOCK TABLES `bldgstructure` WRITE;
/*!40000 ALTER TABLE `bldgstructure` DISABLE KEYS */;
/*!40000 ALTER TABLE `bldgstructure` ENABLE KEYS */;
UNLOCK TABLES;

--
-- Table structure for table `bldgtype`
--

DROP TABLE IF EXISTS `bldgtype`;
/*!40101 SET @saved_cs_client     = @@character_set_client */;
/*!40101 SET character_set_client = utf8 */;
CREATE TABLE `bldgtype` (
  `objid` varchar(50) NOT NULL,
  `bldgrysettingid` varchar(50) NOT NULL,
  `code` varchar(10) NOT NULL,
  `name` varchar(50) NOT NULL,
  `basevaluetype` varchar(10) NOT NULL,
  `residualrate` decimal(10,2) NOT NULL,
  `previd` varchar(50) DEFAULT NULL,
  `usecdu` int(11) DEFAULT NULL,
  `storeyadjtype` varchar(10) DEFAULT NULL,
  PRIMARY KEY (`objid`),
  KEY `bldgrysettingid` (`bldgrysettingid`),
  KEY `ix_previd` (`previd`),
  CONSTRAINT `bldgtype_ibfk_1` FOREIGN KEY (`bldgrysettingid`) REFERENCES `bldgrysetting` (`objid`),
  CONSTRAINT `bldgtype_ibfk_2` FOREIGN KEY (`previd`) REFERENCES `bldgtype` (`objid`)
) ENGINE=InnoDB DEFAULT CHARSET=utf8;
/*!40101 SET character_set_client = @saved_cs_client */;

--
-- Dumping data for table `bldgtype`
--

LOCK TABLES `bldgtype` WRITE;
/*!40000 ALTER TABLE `bldgtype` DISABLE KEYS */;
/*!40000 ALTER TABLE `bldgtype` ENABLE KEYS */;
UNLOCK TABLES;

--
-- Table structure for table `bldgtype_depreciation`
--

DROP TABLE IF EXISTS `bldgtype_depreciation`;
/*!40101 SET @saved_cs_client     = @@character_set_client */;
/*!40101 SET character_set_client = utf8 */;
CREATE TABLE `bldgtype_depreciation` (
  `objid` varchar(50) NOT NULL,
  `bldgtypeid` varchar(50) NOT NULL,
  `bldgrysettingid` varchar(50) NOT NULL,
  `agefrom` int(11) NOT NULL,
  `ageto` int(11) NOT NULL,
  `rate` decimal(16,2) NOT NULL,
  `excellent` decimal(16,2) DEFAULT NULL,
  `verygood` decimal(16,2) DEFAULT NULL,
  `good` decimal(16,2) DEFAULT NULL,
  `average` decimal(16,2) DEFAULT NULL,
  `fair` decimal(16,2) DEFAULT NULL,
  `poor` decimal(16,2) DEFAULT NULL,
  `verypoor` decimal(16,2) DEFAULT NULL,
  `unsound` decimal(16,2) DEFAULT NULL,
  PRIMARY KEY (`objid`),
  KEY `FK_bldgtype_depreciation_bldgrysetting` (`bldgrysettingid`),
  KEY `ix_bldgtypeid` (`bldgtypeid`),
  CONSTRAINT `bldgtype_depreciation_ibfk_1` FOREIGN KEY (`bldgrysettingid`) REFERENCES `bldgrysetting` (`objid`),
  CONSTRAINT `bldgtype_depreciation_ibfk_2` FOREIGN KEY (`bldgtypeid`) REFERENCES `bldgtype` (`objid`)
) ENGINE=InnoDB DEFAULT CHARSET=utf8;
/*!40101 SET character_set_client = @saved_cs_client */;

--
-- Dumping data for table `bldgtype_depreciation`
--

LOCK TABLES `bldgtype_depreciation` WRITE;
/*!40000 ALTER TABLE `bldgtype_depreciation` DISABLE KEYS */;
/*!40000 ALTER TABLE `bldgtype_depreciation` ENABLE KEYS */;
UNLOCK TABLES;

--
-- Table structure for table `bldgtype_storeyadjustment`
--

DROP TABLE IF EXISTS `bldgtype_storeyadjustment`;
/*!40101 SET @saved_cs_client     = @@character_set_client */;
/*!40101 SET character_set_client = utf8 */;
CREATE TABLE `bldgtype_storeyadjustment` (
  `objid` varchar(50) NOT NULL,
  `bldgrysettingid` varchar(50) NOT NULL,
  `bldgtypeid` varchar(50) NOT NULL,
  `floorno` int(10) NOT NULL,
  `rate` decimal(16,2) NOT NULL,
  `previd` varchar(50) DEFAULT NULL,
  PRIMARY KEY (`objid`),
  UNIQUE KEY `ux_bldgtype_storeyadjustment` (`bldgtypeid`,`floorno`,`rate`) USING BTREE,
  KEY `bldgtypeid` (`bldgtypeid`) USING BTREE,
  KEY `FK_bldgtype_storeyadjustment` (`previd`) USING BTREE,
  KEY `FK_bldgtype_storeyadjustment_bldgrysetting` (`bldgrysettingid`) USING BTREE,
  CONSTRAINT `bldgtype_storeyadjustment_ibfk_1` FOREIGN KEY (`previd`) REFERENCES `bldgtype_storeyadjustment` (`objid`),
  CONSTRAINT `bldgtype_storeyadjustment_ibfk_2` FOREIGN KEY (`bldgrysettingid`) REFERENCES `bldgrysetting` (`objid`),
  CONSTRAINT `bldgtype_storeyadjustment_ibfk_3` FOREIGN KEY (`bldgtypeid`) REFERENCES `bldgtype` (`objid`)
) ENGINE=InnoDB DEFAULT CHARSET=utf8;
/*!40101 SET character_set_client = @saved_cs_client */;

--
-- Dumping data for table `bldgtype_storeyadjustment`
--

LOCK TABLES `bldgtype_storeyadjustment` WRITE;
/*!40000 ALTER TABLE `bldgtype_storeyadjustment` DISABLE KEYS */;
/*!40000 ALTER TABLE `bldgtype_storeyadjustment` ENABLE KEYS */;
UNLOCK TABLES;

--
-- Table structure for table `bldgtype_storeyadjustment_bldgkind`
--

DROP TABLE IF EXISTS `bldgtype_storeyadjustment_bldgkind`;
/*!40101 SET @saved_cs_client     = @@character_set_client */;
/*!40101 SET character_set_client = utf8 */;
CREATE TABLE `bldgtype_storeyadjustment_bldgkind` (
  `objid` varchar(50) NOT NULL,
  `bldgrysettingid` varchar(50) NOT NULL,
  `parentid` varchar(50) NOT NULL,
  `bldgtypeid` varchar(50) NOT NULL,
  `floorno` int(11) NOT NULL,
  `bldgkindid` varchar(50) NOT NULL,
  PRIMARY KEY (`objid`),
  UNIQUE KEY `ux_bldgtype_kind_floorno` (`bldgtypeid`,`bldgkindid`,`floorno`),
  KEY `fk_storeyadjustment_bldgkind_bldgrysetting` (`bldgrysettingid`),
  KEY `fk_storeyadjustment_bldgkind_parent` (`parentid`),
  CONSTRAINT `fk_storeyadjustment_bldgkind_bldgrysetting` FOREIGN KEY (`bldgrysettingid`) REFERENCES `bldgrysetting` (`objid`),
  CONSTRAINT `fk_storeyadjustment_bldgkind_bldgtype` FOREIGN KEY (`bldgtypeid`) REFERENCES `bldgtype` (`objid`),
  CONSTRAINT `fk_storeyadjustment_bldgkind_parent` FOREIGN KEY (`parentid`) REFERENCES `bldgtype_storeyadjustment` (`objid`)
) ENGINE=InnoDB DEFAULT CHARSET=utf8;
/*!40101 SET character_set_client = @saved_cs_client */;

--
-- Dumping data for table `bldgtype_storeyadjustment_bldgkind`
--

LOCK TABLES `bldgtype_storeyadjustment_bldgkind` WRITE;
/*!40000 ALTER TABLE `bldgtype_storeyadjustment_bldgkind` DISABLE KEYS */;
/*!40000 ALTER TABLE `bldgtype_storeyadjustment_bldgkind` ENABLE KEYS */;
UNLOCK TABLES;

--
-- Table structure for table `bldguse`
--

DROP TABLE IF EXISTS `bldguse`;
/*!40101 SET @saved_cs_client     = @@character_set_client */;
/*!40101 SET character_set_client = utf8 */;
CREATE TABLE `bldguse` (
  `objid` varchar(50) NOT NULL,
  `bldgrpuid` varchar(50) NOT NULL,
  `structuraltype_objid` varchar(50) DEFAULT NULL,
  `actualuse_objid` varchar(50) NOT NULL,
  `basevalue` decimal(16,2) NOT NULL,
  `area` decimal(16,2) NOT NULL,
  `basemarketvalue` decimal(16,2) NOT NULL,
  `depreciationvalue` decimal(16,2) NOT NULL,
  `adjustment` decimal(16,2) NOT NULL,
  `marketvalue` decimal(16,2) NOT NULL,
  `assesslevel` decimal(16,2) DEFAULT NULL,
  `assessedvalue` decimal(16,2) DEFAULT NULL,
  `addlinfo` varchar(255) DEFAULT NULL,
  `adjfordepreciation` decimal(16,2) DEFAULT NULL,
  `taxable` int(11) DEFAULT NULL,
  PRIMARY KEY (`objid`),
  KEY `FK_bldguse_bldgassesslevel` (`actualuse_objid`),
  KEY `FK_bldguse_bldgrpu` (`bldgrpuid`),
  KEY `FK_bldguse_structuraltype` (`structuraltype_objid`),
  CONSTRAINT `bldguse_ibfk_1` FOREIGN KEY (`actualuse_objid`) REFERENCES `bldgassesslevel` (`objid`),
  CONSTRAINT `bldguse_ibfk_2` FOREIGN KEY (`bldgrpuid`) REFERENCES `bldgrpu` (`objid`),
  CONSTRAINT `FK_bldguse_structuraltype` FOREIGN KEY (`structuraltype_objid`) REFERENCES `bldgrpu_structuraltype` (`objid`)
) ENGINE=InnoDB DEFAULT CHARSET=utf8;
/*!40101 SET character_set_client = @saved_cs_client */;

--
-- Dumping data for table `bldguse`
--

LOCK TABLES `bldguse` WRITE;
/*!40000 ALTER TABLE `bldguse` DISABLE KEYS */;
/*!40000 ALTER TABLE `bldguse` ENABLE KEYS */;
UNLOCK TABLES;

--
-- Table structure for table `bpexpirydate`
--

DROP TABLE IF EXISTS `bpexpirydate`;
/*!40101 SET @saved_cs_client     = @@character_set_client */;
/*!40101 SET character_set_client = utf8 */;
CREATE TABLE `bpexpirydate` (
  `year` int(11) NOT NULL,
  `qtr` int(11) NOT NULL,
  `expirydate` date DEFAULT NULL,
  `reason` text,
  PRIMARY KEY (`year`,`qtr`)
) ENGINE=InnoDB DEFAULT CHARSET=utf8;
/*!40101 SET character_set_client = @saved_cs_client */;

--
-- Dumping data for table `bpexpirydate`
--

LOCK TABLES `bpexpirydate` WRITE;
/*!40000 ALTER TABLE `bpexpirydate` DISABLE KEYS */;
/*!40000 ALTER TABLE `bpexpirydate` ENABLE KEYS */;
UNLOCK TABLES;

--
-- Table structure for table `brgy_taxaccount_mapping`
--

DROP TABLE IF EXISTS `brgy_taxaccount_mapping`;
/*!40101 SET @saved_cs_client     = @@character_set_client */;
/*!40101 SET character_set_client = utf8 */;
CREATE TABLE `brgy_taxaccount_mapping` (
  `barangayid` varchar(50) NOT NULL,
  `basicadvacct_objid` varchar(50) DEFAULT NULL,
  `basicprevacct_objid` varchar(50) DEFAULT NULL,
  `basicprevintacct_objid` varchar(50) DEFAULT NULL,
  `basicprioracct_objid` varchar(50) DEFAULT NULL,
  `basicpriorintacct_objid` varchar(50) DEFAULT NULL,
  `basiccurracct_objid` varchar(50) DEFAULT NULL,
  `basiccurrintacct_objid` varchar(50) DEFAULT NULL,
  PRIMARY KEY (`barangayid`)
) ENGINE=InnoDB DEFAULT CHARSET=utf8 ROW_FORMAT=COMPACT;
/*!40101 SET character_set_client = @saved_cs_client */;

--
-- Dumping data for table `brgy_taxaccount_mapping`
--

LOCK TABLES `brgy_taxaccount_mapping` WRITE;
/*!40000 ALTER TABLE `brgy_taxaccount_mapping` DISABLE KEYS */;
/*!40000 ALTER TABLE `brgy_taxaccount_mapping` ENABLE KEYS */;
UNLOCK TABLES;

--
-- Table structure for table `brgyshare`
--

DROP TABLE IF EXISTS `brgyshare`;
/*!40101 SET @saved_cs_client     = @@character_set_client */;
/*!40101 SET character_set_client = utf8 */;
CREATE TABLE `brgyshare` (
  `objid` varchar(50) NOT NULL,
  `state` varchar(25) NOT NULL,
  `txnno` varchar(15) DEFAULT NULL,
  `txndate` datetime DEFAULT NULL,
  `year` int(11) DEFAULT NULL,
  `month` int(11) DEFAULT NULL,
  `totalshare` decimal(16,4) NOT NULL,
  `createdbyid` varchar(50) DEFAULT NULL,
  `createdby` varchar(150) NOT NULL,
  `createdbytitle` varchar(50) NOT NULL,
  `postedbyid` varchar(50) DEFAULT NULL,
  `postedby` varchar(150) DEFAULT NULL,
  `postedbytitle` varchar(50) DEFAULT NULL,
  `sharetype` varchar(50) DEFAULT NULL,
  PRIMARY KEY (`objid`),
  KEY `ix_brgyshare_state` (`state`),
  KEY `ix_brgyshare_yq` (`year`),
  KEY `ix_brgyshare_yqm` (`year`,`month`),
  KEY `ix_brgyshare_yr` (`year`)
) ENGINE=InnoDB DEFAULT CHARSET=utf8;
/*!40101 SET character_set_client = @saved_cs_client */;

--
-- Dumping data for table `brgyshare`
--

LOCK TABLES `brgyshare` WRITE;
/*!40000 ALTER TABLE `brgyshare` DISABLE KEYS */;
/*!40000 ALTER TABLE `brgyshare` ENABLE KEYS */;
UNLOCK TABLES;

--
-- Table structure for table `brgyshare_account_mapping`
--

DROP TABLE IF EXISTS `brgyshare_account_mapping`;
/*!40101 SET @saved_cs_client     = @@character_set_client */;
/*!40101 SET character_set_client = utf8 */;
CREATE TABLE `brgyshare_account_mapping` (
  `barangayid` varchar(50) NOT NULL,
  `acct_objid` varchar(50) NOT NULL,
  `penaltyacct_objid` varchar(50) DEFAULT NULL,
  PRIMARY KEY (`barangayid`)
) ENGINE=InnoDB DEFAULT CHARSET=utf8;
/*!40101 SET character_set_client = @saved_cs_client */;

--
-- Dumping data for table `brgyshare_account_mapping`
--

LOCK TABLES `brgyshare_account_mapping` WRITE;
/*!40000 ALTER TABLE `brgyshare_account_mapping` DISABLE KEYS */;
/*!40000 ALTER TABLE `brgyshare_account_mapping` ENABLE KEYS */;
UNLOCK TABLES;

--
-- Table structure for table `brgyshareitem`
--

DROP TABLE IF EXISTS `brgyshareitem`;
/*!40101 SET @saved_cs_client     = @@character_set_client */;
/*!40101 SET character_set_client = utf8 */;
CREATE TABLE `brgyshareitem` (
  `objid` varchar(50) NOT NULL,
  `brgyshareid` varchar(50) NOT NULL,
  `barangayid` varchar(50) NOT NULL,
  `basic` decimal(16,2) NOT NULL,
  `basicint` decimal(16,2) NOT NULL,
  `basicdisc` decimal(16,2) NOT NULL,
  `basicshare` decimal(16,2) NOT NULL,
  `basicintshare` decimal(16,2) NOT NULL,
  `commonshare` decimal(16,2) DEFAULT NULL,
  `basiccurrent` decimal(16,2) DEFAULT NULL,
  `basicprevious` decimal(16,2) DEFAULT NULL,
  `basiccollection` decimal(16,2) DEFAULT NULL,
  `basicintcollection` decimal(16,2) DEFAULT NULL,
  PRIMARY KEY (`objid`),
  KEY `brgyshareid` (`brgyshareid`),
  CONSTRAINT `brgyshareitem_ibfk_1` FOREIGN KEY (`brgyshareid`) REFERENCES `brgyshare` (`objid`)
) ENGINE=InnoDB DEFAULT CHARSET=utf8;
/*!40101 SET character_set_client = @saved_cs_client */;

--
-- Dumping data for table `brgyshareitem`
--

LOCK TABLES `brgyshareitem` WRITE;
/*!40000 ALTER TABLE `brgyshareitem` DISABLE KEYS */;
/*!40000 ALTER TABLE `brgyshareitem` ENABLE KEYS */;
UNLOCK TABLES;

--
-- Table structure for table `business`
--

DROP TABLE IF EXISTS `business`;
/*!40101 SET @saved_cs_client     = @@character_set_client */;
/*!40101 SET character_set_client = utf8 */;
CREATE TABLE `business` (
  `objid` varchar(50) NOT NULL,
  `state` varchar(15) NOT NULL,
  `owner_name` varchar(255) NOT NULL,
  `owner_objid` varchar(50) NOT NULL,
  `owner_address_text` varchar(255) DEFAULT NULL,
  `owner_address_objid` varchar(50) DEFAULT NULL,
  `businessname` varchar(255) DEFAULT NULL,
  `tradename` varchar(255) NOT NULL,
  `address_text` varchar(255) DEFAULT NULL,
  `address_objid` varchar(50) DEFAULT NULL,
  `orgtype` varchar(50) DEFAULT NULL,
  `yearstarted` int(11) DEFAULT NULL,
  `activeyear` int(11) DEFAULT NULL,
  `pin` varchar(50) DEFAULT NULL,
  `taxcredit` decimal(18,2) DEFAULT NULL,
  `currentapplicationid` varchar(50) DEFAULT NULL,
  `currentpermitid` varchar(50) DEFAULT NULL,
  `bin` varchar(50) DEFAULT NULL,
  `activeqtr` int(11) DEFAULT NULL,
  `appcount` int(11) DEFAULT NULL,
  `mobileno` varchar(50) DEFAULT NULL,
  `phoneno` varchar(50) DEFAULT NULL,
  `email` varchar(50) DEFAULT NULL,
  `apptype` varchar(50) DEFAULT NULL,
  `oldbin` varchar(50) DEFAULT NULL,
  `permit_objid` varchar(50) DEFAULT NULL,
  `permittype` varchar(50) DEFAULT NULL,
  `expirydate` date DEFAULT NULL,
  `officetype` varchar(25) DEFAULT NULL,
  `purpose` varchar(50) DEFAULT NULL,
  `nextrenewaldate` date DEFAULT NULL,
  `lockid` varchar(50) DEFAULT NULL,
  PRIMARY KEY (`objid`),
  UNIQUE KEY `uix_businessname` (`businessname`),
  UNIQUE KEY `uix_bin` (`bin`),
  KEY `FK_business_business_address` (`address_objid`),
  KEY `ix_activeyear` (`activeyear`),
  KEY `ix_appstate` (`state`),
  KEY `FK_business_business_application` (`currentapplicationid`),
  CONSTRAINT `FK_business_business_address` FOREIGN KEY (`address_objid`) REFERENCES `business_address` (`objid`)
) ENGINE=InnoDB DEFAULT CHARSET=utf8;
/*!40101 SET character_set_client = @saved_cs_client */;

--
-- Dumping data for table `business`
--

LOCK TABLES `business` WRITE;
/*!40000 ALTER TABLE `business` DISABLE KEYS */;
/*!40000 ALTER TABLE `business` ENABLE KEYS */;
UNLOCK TABLES;

--
-- Table structure for table `business_active_info`
--

DROP TABLE IF EXISTS `business_active_info`;
/*!40101 SET @saved_cs_client     = @@character_set_client */;
/*!40101 SET character_set_client = utf8 */;
CREATE TABLE `business_active_info` (
  `objid` varchar(50) NOT NULL DEFAULT '',
  `businessid` varchar(50) NOT NULL,
  `type` varchar(50) DEFAULT NULL,
  `attribute_objid` varchar(50) NOT NULL,
  `attribute_name` varchar(50) NOT NULL,
  `lob_objid` varchar(50) DEFAULT NULL,
  `lob_name` varchar(100) DEFAULT NULL,
  `decimalvalue` decimal(16,2) DEFAULT NULL,
  `intvalue` int(11) DEFAULT NULL,
  `stringvalue` varchar(255) DEFAULT NULL,
  `boolvalue` int(11) DEFAULT NULL,
  `phase` int(11) DEFAULT NULL,
  `level` int(11) DEFAULT NULL,
  KEY `FK_business_active_info_business` (`businessid`),
  KEY `ix_businessid` (`businessid`),
  KEY `ix_attribute_objid` (`attribute_objid`),
  KEY `ix_lob_objid` (`lob_objid`),
  CONSTRAINT `FK_business_active_info_business` FOREIGN KEY (`businessid`) REFERENCES `business` (`objid`),
  CONSTRAINT `fk_business_active_info_businessid` FOREIGN KEY (`businessid`) REFERENCES `business` (`objid`),
  CONSTRAINT `fk_business_active_info_lob_objid` FOREIGN KEY (`lob_objid`) REFERENCES `lob` (`objid`)
) ENGINE=InnoDB DEFAULT CHARSET=utf8;
/*!40101 SET character_set_client = @saved_cs_client */;

--
-- Dumping data for table `business_active_info`
--

LOCK TABLES `business_active_info` WRITE;
/*!40000 ALTER TABLE `business_active_info` DISABLE KEYS */;
/*!40000 ALTER TABLE `business_active_info` ENABLE KEYS */;
UNLOCK TABLES;

--
-- Table structure for table `business_active_lob`
--

DROP TABLE IF EXISTS `business_active_lob`;
/*!40101 SET @saved_cs_client     = @@character_set_client */;
/*!40101 SET character_set_client = utf8 */;
CREATE TABLE `business_active_lob` (
  `objid` varchar(50) NOT NULL,
  `businessid` varchar(50) NOT NULL,
  `lobid` varchar(50) NOT NULL,
  `name` varchar(100) NOT NULL,
  PRIMARY KEY (`objid`),
  KEY `FK_business_active_lob_business` (`businessid`),
  KEY `ix_businessid` (`businessid`),
  KEY `ix_lobid` (`lobid`),
  CONSTRAINT `fk_business_active_lob_businessid` FOREIGN KEY (`businessid`) REFERENCES `business` (`objid`),
  CONSTRAINT `fk_business_active_lob_lobid` FOREIGN KEY (`lobid`) REFERENCES `lob` (`objid`)
) ENGINE=InnoDB DEFAULT CHARSET=utf8;
/*!40101 SET character_set_client = @saved_cs_client */;

--
-- Dumping data for table `business_active_lob`
--

LOCK TABLES `business_active_lob` WRITE;
/*!40000 ALTER TABLE `business_active_lob` DISABLE KEYS */;
/*!40000 ALTER TABLE `business_active_lob` ENABLE KEYS */;
UNLOCK TABLES;

--
-- Table structure for table `business_active_lob_history`
--

DROP TABLE IF EXISTS `business_active_lob_history`;
/*!40101 SET @saved_cs_client     = @@character_set_client */;
/*!40101 SET character_set_client = utf8 */;
CREATE TABLE `business_active_lob_history` (
  `objid` varchar(50) NOT NULL,
  `businessid` varchar(50) DEFAULT NULL,
  `activeyear` int(11) DEFAULT NULL,
  `lobid` varchar(50) DEFAULT NULL,
  `name` varchar(255) DEFAULT NULL,
  PRIMARY KEY (`objid`),
  KEY `ix_businessid` (`businessid`),
  KEY `ix_activeyear` (`activeyear`),
  KEY `ix_lobid` (`lobid`),
  CONSTRAINT `fk_business_active_lob_history_businessid` FOREIGN KEY (`businessid`) REFERENCES `business` (`objid`),
  CONSTRAINT `fk_business_active_lob_history_lobid` FOREIGN KEY (`lobid`) REFERENCES `lob` (`objid`)
) ENGINE=InnoDB DEFAULT CHARSET=utf8;
/*!40101 SET character_set_client = @saved_cs_client */;

--
-- Dumping data for table `business_active_lob_history`
--

LOCK TABLES `business_active_lob_history` WRITE;
/*!40000 ALTER TABLE `business_active_lob_history` DISABLE KEYS */;
/*!40000 ALTER TABLE `business_active_lob_history` ENABLE KEYS */;
UNLOCK TABLES;

--
-- Table structure for table `business_active_lob_history_forprocess`
--

DROP TABLE IF EXISTS `business_active_lob_history_forprocess`;
/*!40101 SET @saved_cs_client     = @@character_set_client */;
/*!40101 SET character_set_client = utf8 */;
CREATE TABLE `business_active_lob_history_forprocess` (
  `businessid` varchar(50) NOT NULL,
  PRIMARY KEY (`businessid`)
) ENGINE=InnoDB DEFAULT CHARSET=utf8;
/*!40101 SET character_set_client = @saved_cs_client */;

--
-- Dumping data for table `business_active_lob_history_forprocess`
--

LOCK TABLES `business_active_lob_history_forprocess` WRITE;
/*!40000 ALTER TABLE `business_active_lob_history_forprocess` DISABLE KEYS */;
/*!40000 ALTER TABLE `business_active_lob_history_forprocess` ENABLE KEYS */;
UNLOCK TABLES;

--
-- Table structure for table `business_address`
--

DROP TABLE IF EXISTS `business_address`;
/*!40101 SET @saved_cs_client     = @@character_set_client */;
/*!40101 SET character_set_client = utf8 */;
CREATE TABLE `business_address` (
  `objid` varchar(50) NOT NULL DEFAULT '',
  `businessid` varchar(50) DEFAULT NULL,
  `type` varchar(50) DEFAULT NULL,
  `addresstype` varchar(50) DEFAULT NULL,
  `barangay_objid` varchar(50) DEFAULT NULL,
  `barangay_name` varchar(100) DEFAULT NULL,
  `city` varchar(50) DEFAULT NULL,
  `province` varchar(50) DEFAULT NULL,
  `municipality` varchar(50) DEFAULT NULL,
  `bldgno` varchar(50) DEFAULT NULL,
  `bldgname` varchar(50) DEFAULT NULL,
  `unitno` varchar(50) DEFAULT NULL,
  `street` varchar(100) DEFAULT NULL,
  `subdivision` varchar(100) DEFAULT NULL,
  `pin` varchar(50) DEFAULT NULL,
  `monthlyrent` decimal(18,2) DEFAULT NULL,
  `lessor_objid` varchar(50) DEFAULT NULL,
  `lessor_name` varchar(255) DEFAULT NULL,
  `lessor_address_text` varchar(255) DEFAULT NULL,
  `rentedaddressid` varchar(50) DEFAULT NULL,
  `ownedaddressid` varchar(50) DEFAULT NULL,
  `lessor_address_objid` varchar(50) DEFAULT NULL,
  PRIMARY KEY (`objid`),
  KEY `FK_business_address_rentedaddressid` (`rentedaddressid`),
  KEY `FK_business_address_ownerid` (`ownedaddressid`),
  KEY `ix_businessid` (`businessid`),
  KEY `ix_barangay_objid` (`barangay_objid`),
  KEY `ix_lessor_objid` (`lessor_objid`),
  KEY `ix_lessor_address_objid` (`lessor_address_objid`),
  KEY `ix_rentedaddressid` (`rentedaddressid`),
  KEY `ix_ownedaddressid` (`ownedaddressid`),
  CONSTRAINT `fk_business_address_businessid` FOREIGN KEY (`businessid`) REFERENCES `business` (`objid`),
  CONSTRAINT `FK_business_address_ownerid` FOREIGN KEY (`ownedaddressid`) REFERENCES `business_lessor` (`objid`),
  CONSTRAINT `FK_business_address_rentedaddressid` FOREIGN KEY (`rentedaddressid`) REFERENCES `business_lessor` (`objid`)
) ENGINE=InnoDB DEFAULT CHARSET=utf8;
/*!40101 SET character_set_client = @saved_cs_client */;

--
-- Dumping data for table `business_address`
--

LOCK TABLES `business_address` WRITE;
/*!40000 ALTER TABLE `business_address` DISABLE KEYS */;
/*!40000 ALTER TABLE `business_address` ENABLE KEYS */;
UNLOCK TABLES;

--
-- Table structure for table `business_application`
--

DROP TABLE IF EXISTS `business_application`;
/*!40101 SET @saved_cs_client     = @@character_set_client */;
/*!40101 SET character_set_client = utf8 */;
CREATE TABLE `business_application` (
  `objid` varchar(50) NOT NULL,
  `business_objid` varchar(50) DEFAULT NULL,
  `state` varchar(50) DEFAULT NULL,
  `appno` varchar(50) DEFAULT NULL,
  `apptype` varchar(25) DEFAULT NULL,
  `dtfiled` date DEFAULT NULL,
  `ownername` varchar(255) DEFAULT NULL,
  `owneraddress` varchar(255) DEFAULT NULL,
  `tradename` varchar(255) DEFAULT NULL,
  `businessaddress` varchar(255) DEFAULT NULL,
  `txndate` datetime DEFAULT NULL,
  `yearstarted` int(11) DEFAULT NULL,
  `appyear` int(11) DEFAULT NULL,
  `appqtr` int(11) DEFAULT NULL,
  `txnmode` varchar(25) DEFAULT NULL,
  `assessor_objid` varchar(50) DEFAULT NULL,
  `assessor_name` varchar(255) DEFAULT NULL,
  `assessor_title` varchar(50) DEFAULT NULL,
  `createdby_objid` varchar(50) DEFAULT NULL,
  `createdby_name` varchar(255) DEFAULT NULL,
  `approver_objid` varchar(50) DEFAULT NULL,
  `approver_name` varchar(255) DEFAULT NULL,
  `approver_title` varchar(50) DEFAULT NULL,
  `dtreleased` datetime DEFAULT NULL,
  `totals_tax` decimal(18,2) DEFAULT NULL,
  `totals_regfee` decimal(18,2) DEFAULT NULL,
  `totals_othercharge` decimal(18,2) DEFAULT NULL,
  `totals_total` decimal(18,2) DEFAULT NULL,
  `remarks` varchar(255) DEFAULT NULL,
  `permit_objid` varchar(50) DEFAULT NULL,
  `parentapplicationid` varchar(50) DEFAULT NULL,
  `nextbilldate` date DEFAULT NULL,
  PRIMARY KEY (`objid`),
  UNIQUE KEY `appno` (`appno`),
  UNIQUE KEY `uix_appno` (`appno`),
  KEY `businessid` (`business_objid`),
  KEY `FK_business_application_parent` (`parentapplicationid`),
  KEY `ix_appyearstate` (`appyear`,`state`),
  KEY `ix_business_objid` (`business_objid`),
  KEY `ix_state` (`state`),
  KEY `ix_dtfiled` (`dtfiled`),
  KEY `ix_txndate` (`txndate`),
  KEY `ix_ownername` (`ownername`),
  KEY `ix_tradename` (`tradename`),
  KEY `ix_appyear` (`appyear`),
  KEY `ix_assessor_objid` (`assessor_objid`),
  KEY `ix_assessor_name` (`assessor_name`),
  KEY `ix_createdby_objid` (`createdby_objid`),
  KEY `ix_createdby_name` (`createdby_name`),
  KEY `ix_approver_objid` (`approver_objid`),
  KEY `ix_approver_name` (`approver_name`),
  KEY `ix_dtreleased` (`dtreleased`),
  KEY `ix_permit_objid` (`permit_objid`),
  KEY `ix_parentapplicationid` (`parentapplicationid`),
  CONSTRAINT `FK_business_application_parent` FOREIGN KEY (`parentapplicationid`) REFERENCES `business_application` (`objid`)
) ENGINE=InnoDB DEFAULT CHARSET=utf8;
/*!40101 SET character_set_client = @saved_cs_client */;

--
-- Dumping data for table `business_application`
--

LOCK TABLES `business_application` WRITE;
/*!40000 ALTER TABLE `business_application` DISABLE KEYS */;
/*!40000 ALTER TABLE `business_application` ENABLE KEYS */;
UNLOCK TABLES;

--
-- Table structure for table `business_application_info`
--

DROP TABLE IF EXISTS `business_application_info`;
/*!40101 SET @saved_cs_client     = @@character_set_client */;
/*!40101 SET character_set_client = utf8 */;
CREATE TABLE `business_application_info` (
  `objid` varchar(50) NOT NULL DEFAULT '',
  `businessid` varchar(50) NOT NULL,
  `applicationid` varchar(50) DEFAULT NULL,
  `activeyear` int(11) DEFAULT NULL,
  `type` varchar(50) DEFAULT NULL,
  `attribute_objid` varchar(50) NOT NULL,
  `attribute_name` varchar(50) NOT NULL,
  `lob_objid` varchar(50) DEFAULT NULL,
  `lob_name` varchar(100) DEFAULT NULL,
  `decimalvalue` decimal(16,2) DEFAULT NULL,
  `intvalue` int(11) DEFAULT NULL,
  `stringvalue` varchar(255) DEFAULT NULL,
  `boolvalue` int(11) DEFAULT NULL,
  `phase` int(11) DEFAULT NULL,
  `level` int(11) DEFAULT NULL,
  PRIMARY KEY (`objid`),
  KEY `FK_business_info_business` (`businessid`),
  KEY `applicationid` (`applicationid`),
  KEY `ix_businessid` (`businessid`),
  KEY `ix_applicationid` (`applicationid`),
  KEY `ix_activeyear` (`activeyear`),
  KEY `ix_attribute_objid` (`attribute_objid`),
  KEY `ix_attribute_name` (`attribute_name`),
  KEY `ix_lob_objid` (`lob_objid`),
  KEY `ix_lob_name` (`lob_name`),
  CONSTRAINT `fk_business_application_info_businessid` FOREIGN KEY (`businessid`) REFERENCES `business` (`objid`),
  CONSTRAINT `fk_business_application_info_lob_objid` FOREIGN KEY (`lob_objid`) REFERENCES `lob` (`objid`),
  CONSTRAINT `FK_business_info_business` FOREIGN KEY (`businessid`) REFERENCES `business` (`objid`)
) ENGINE=InnoDB DEFAULT CHARSET=utf8;
/*!40101 SET character_set_client = @saved_cs_client */;

--
-- Dumping data for table `business_application_info`
--

LOCK TABLES `business_application_info` WRITE;
/*!40000 ALTER TABLE `business_application_info` DISABLE KEYS */;
/*!40000 ALTER TABLE `business_application_info` ENABLE KEYS */;
UNLOCK TABLES;

--
-- Table structure for table `business_application_lob`
--

DROP TABLE IF EXISTS `business_application_lob`;
/*!40101 SET @saved_cs_client     = @@character_set_client */;
/*!40101 SET character_set_client = utf8 */;
CREATE TABLE `business_application_lob` (
  `objid` varchar(50) NOT NULL,
  `businessid` varchar(50) NOT NULL,
  `applicationid` varchar(50) DEFAULT NULL,
  `activeyear` int(11) NOT NULL,
  `lobid` varchar(50) NOT NULL,
  `name` varchar(100) NOT NULL,
  `assessmenttype` varchar(50) NOT NULL,
  PRIMARY KEY (`objid`),
  KEY `FK_business_lob_business` (`businessid`),
  KEY `applicationid` (`applicationid`),
  KEY `FK_business_lob_lob` (`lobid`),
  KEY `ix_businessid` (`businessid`),
  KEY `ix_applicationid` (`applicationid`),
  KEY `ix_lobid` (`lobid`),
  CONSTRAINT `fk_business_application_lob_businessid` FOREIGN KEY (`businessid`) REFERENCES `business` (`objid`),
  CONSTRAINT `fk_business_application_lob_lobid` FOREIGN KEY (`lobid`) REFERENCES `lob` (`objid`),
  CONSTRAINT `FK_business_lob_business` FOREIGN KEY (`businessid`) REFERENCES `business` (`objid`)
) ENGINE=InnoDB DEFAULT CHARSET=utf8;
/*!40101 SET character_set_client = @saved_cs_client */;

--
-- Dumping data for table `business_application_lob`
--

LOCK TABLES `business_application_lob` WRITE;
/*!40000 ALTER TABLE `business_application_lob` DISABLE KEYS */;
/*!40000 ALTER TABLE `business_application_lob` ENABLE KEYS */;
UNLOCK TABLES;

--
-- Table structure for table `business_application_task`
--

DROP TABLE IF EXISTS `business_application_task`;
/*!40101 SET @saved_cs_client     = @@character_set_client */;
/*!40101 SET character_set_client = utf8 */;
CREATE TABLE `business_application_task` (
  `objid` varchar(50) NOT NULL DEFAULT '',
  `refid` varchar(50) DEFAULT NULL,
  `parentprocessid` varchar(50) DEFAULT NULL,
  `state` varchar(50) DEFAULT NULL,
  `startdate` datetime DEFAULT NULL,
  `enddate` datetime DEFAULT NULL,
  `assignee_objid` varchar(50) DEFAULT NULL,
  `assignee_name` varchar(100) DEFAULT NULL,
  `actor_objid` varchar(50) DEFAULT NULL,
  `actor_name` varchar(100) DEFAULT NULL,
  `message` varchar(255) DEFAULT NULL,
  PRIMARY KEY (`objid`),
  KEY `FK_business_application_task_business_application` (`refid`),
  KEY `ix_refid` (`refid`),
  KEY `ix_parentprocessid` (`parentprocessid`),
  KEY `ix_state` (`state`),
  KEY `ix_startdate` (`startdate`),
  KEY `ix_enddate` (`enddate`),
  KEY `ix_assignee_objid` (`assignee_objid`),
  KEY `ix_assignee_name` (`assignee_name`),
  KEY `ix_actor_objid` (`actor_objid`),
  KEY `ix_actor_name` (`actor_name`)
) ENGINE=InnoDB DEFAULT CHARSET=utf8;
/*!40101 SET character_set_client = @saved_cs_client */;

--
-- Dumping data for table `business_application_task`
--

LOCK TABLES `business_application_task` WRITE;
/*!40000 ALTER TABLE `business_application_task` DISABLE KEYS */;
/*!40000 ALTER TABLE `business_application_task` ENABLE KEYS */;
UNLOCK TABLES;

--
-- Table structure for table `business_application_task_lock`
--

DROP TABLE IF EXISTS `business_application_task_lock`;
/*!40101 SET @saved_cs_client     = @@character_set_client */;
/*!40101 SET character_set_client = utf8 */;
CREATE TABLE `business_application_task_lock` (
  `refid` varchar(50) NOT NULL,
  `state` varchar(50) NOT NULL,
  PRIMARY KEY (`refid`,`state`),
  KEY `ix_refid` (`refid`)
) ENGINE=InnoDB DEFAULT CHARSET=utf8;
/*!40101 SET character_set_client = @saved_cs_client */;

--
-- Dumping data for table `business_application_task_lock`
--

LOCK TABLES `business_application_task_lock` WRITE;
/*!40000 ALTER TABLE `business_application_task_lock` DISABLE KEYS */;
/*!40000 ALTER TABLE `business_application_task_lock` ENABLE KEYS */;
UNLOCK TABLES;

--
-- Table structure for table `business_application_workitem`
--

DROP TABLE IF EXISTS `business_application_workitem`;
/*!40101 SET @saved_cs_client     = @@character_set_client */;
/*!40101 SET character_set_client = utf8 */;
CREATE TABLE `business_application_workitem` (
  `objid` varchar(50) NOT NULL DEFAULT '',
  `refid` varchar(50) DEFAULT NULL,
  `taskid` varchar(50) DEFAULT NULL,
  `workitemid` varchar(50) DEFAULT NULL,
  `startdate` datetime DEFAULT NULL,
  `enddate` datetime DEFAULT NULL,
  `assignee_objid` varchar(50) DEFAULT NULL,
  `assignee_name` varchar(100) DEFAULT NULL,
  `actor_objid` varchar(50) DEFAULT NULL,
  `actor_name` varchar(100) DEFAULT NULL,
  `remarks` varchar(255) DEFAULT NULL,
  `message` varchar(255) DEFAULT NULL,
  `action` varchar(50) DEFAULT NULL,
  PRIMARY KEY (`objid`),
  KEY `FK_business_application_subtask_business_application_task` (`taskid`),
  CONSTRAINT `FK_business_application_subtask_business_application_task` FOREIGN KEY (`taskid`) REFERENCES `business_application_task` (`objid`)
) ENGINE=InnoDB DEFAULT CHARSET=utf8 CHECKSUM=1 DELAY_KEY_WRITE=1 ROW_FORMAT=DYNAMIC;
/*!40101 SET character_set_client = @saved_cs_client */;

--
-- Dumping data for table `business_application_workitem`
--

LOCK TABLES `business_application_workitem` WRITE;
/*!40000 ALTER TABLE `business_application_workitem` DISABLE KEYS */;
/*!40000 ALTER TABLE `business_application_workitem` ENABLE KEYS */;
UNLOCK TABLES;

--
-- Table structure for table `business_billing`
--

DROP TABLE IF EXISTS `business_billing`;
/*!40101 SET @saved_cs_client     = @@character_set_client */;
/*!40101 SET character_set_client = utf8 */;
CREATE TABLE `business_billing` (
  `objid` varchar(50) NOT NULL,
  `applicationid` varchar(50) DEFAULT NULL,
  `businessid` varchar(50) DEFAULT NULL,
  `billdate` datetime DEFAULT NULL,
  `apptype` varchar(50) DEFAULT NULL,
  `appyear` int(11) DEFAULT NULL,
  `expirydate` datetime DEFAULT NULL,
  `amount` decimal(18,2) DEFAULT NULL,
  `surcharge` decimal(18,2) DEFAULT NULL,
  `interest` decimal(18,2) DEFAULT NULL,
  PRIMARY KEY (`objid`),
  UNIQUE KEY `uix_business_billing_applicationid` (`applicationid`),
  KEY `FK_business_billing_business` (`businessid`),
  KEY `ix_expirydate` (`expirydate`),
  CONSTRAINT `FK_business_billing_applicationid` FOREIGN KEY (`applicationid`) REFERENCES `business_application` (`objid`),
  CONSTRAINT `FK_business_billing_businessid` FOREIGN KEY (`businessid`) REFERENCES `business` (`objid`)
) ENGINE=InnoDB DEFAULT CHARSET=utf8;
/*!40101 SET character_set_client = @saved_cs_client */;

--
-- Dumping data for table `business_billing`
--

LOCK TABLES `business_billing` WRITE;
/*!40000 ALTER TABLE `business_billing` DISABLE KEYS */;
/*!40000 ALTER TABLE `business_billing` ENABLE KEYS */;
UNLOCK TABLES;

--
-- Table structure for table `business_billing_item`
--

DROP TABLE IF EXISTS `business_billing_item`;
/*!40101 SET @saved_cs_client     = @@character_set_client */;
/*!40101 SET character_set_client = utf8 */;
CREATE TABLE `business_billing_item` (
  `objid` varchar(50) NOT NULL,
  `parentid` varchar(50) DEFAULT NULL,
  `receivableid` varchar(50) DEFAULT NULL,
  `account_objid` varchar(50) DEFAULT NULL,
  `account_title` varchar(255) DEFAULT NULL,
  `qtr` int(11) DEFAULT NULL,
  `duedate` datetime DEFAULT NULL,
  `amount` decimal(18,2) DEFAULT NULL,
  `surcharge` decimal(18,2) DEFAULT NULL,
  `interest` decimal(18,2) DEFAULT NULL,
  `discount` decimal(18,2) DEFAULT NULL,
  `lob_objid` varchar(50) DEFAULT NULL,
  `lob_assessmenttype` varchar(50) DEFAULT NULL,
  `taxfeetype` varchar(50) DEFAULT NULL,
  `paypriority` int(11) DEFAULT NULL,
  `sortorder` int(11) DEFAULT NULL,
  PRIMARY KEY (`objid`),
  KEY `FK_business_billing_item` (`parentid`),
  KEY `ix_receivableid` (`receivableid`),
  KEY `ix_account_objid` (`account_objid`),
  KEY `ix_lob_objid` (`lob_objid`),
  CONSTRAINT `FK_business_billing_item_parentid` FOREIGN KEY (`parentid`) REFERENCES `business_billing` (`objid`)
) ENGINE=InnoDB DEFAULT CHARSET=utf8;
/*!40101 SET character_set_client = @saved_cs_client */;

--
-- Dumping data for table `business_billing_item`
--

LOCK TABLES `business_billing_item` WRITE;
/*!40000 ALTER TABLE `business_billing_item` DISABLE KEYS */;
/*!40000 ALTER TABLE `business_billing_item` ENABLE KEYS */;
UNLOCK TABLES;

--
-- Table structure for table `business_billitem_txntype`
--

DROP TABLE IF EXISTS `business_billitem_txntype`;
/*!40101 SET @saved_cs_client     = @@character_set_client */;
/*!40101 SET character_set_client = utf8 */;
CREATE TABLE `business_billitem_txntype` (
  `objid` varchar(50) NOT NULL,
  `title` varchar(255) DEFAULT NULL,
  `category` varchar(50) DEFAULT NULL,
  `acctid` varchar(50) DEFAULT NULL,
  `feetype` varchar(50) DEFAULT NULL,
  `domain` varchar(100) DEFAULT NULL,
  `role` varchar(100) DEFAULT NULL,
  PRIMARY KEY (`objid`),
  KEY `ix_acctid` (`acctid`)
) ENGINE=InnoDB DEFAULT CHARSET=utf8;
/*!40101 SET character_set_client = @saved_cs_client */;

--
-- Dumping data for table `business_billitem_txntype`
--

LOCK TABLES `business_billitem_txntype` WRITE;
/*!40000 ALTER TABLE `business_billitem_txntype` DISABLE KEYS */;
/*!40000 ALTER TABLE `business_billitem_txntype` ENABLE KEYS */;
UNLOCK TABLES;

--
-- Table structure for table `business_change_log`
--

DROP TABLE IF EXISTS `business_change_log`;
/*!40101 SET @saved_cs_client     = @@character_set_client */;
/*!40101 SET character_set_client = utf8 */;
CREATE TABLE `business_change_log` (
  `objid` varchar(50) NOT NULL,
  `businessid` varchar(50) NOT NULL,
  `applicationid` varchar(50) NOT NULL,
  `entryno` varchar(50) NOT NULL,
  `dtfiled` datetime NOT NULL,
  `filedby_objid` varchar(50) NOT NULL,
  `filedby_name` varchar(100) NOT NULL,
  `changetype` varchar(50) NOT NULL,
  `reason` varchar(255) NOT NULL,
  `particulars` text,
  PRIMARY KEY (`objid`),
  KEY `ix_businessid` (`businessid`),
  KEY `ix_applicationid` (`applicationid`),
  KEY `ix_entryno` (`entryno`),
  KEY `ix_dtfiled` (`dtfiled`),
  KEY `ix_filedby_objid` (`filedby_objid`),
  CONSTRAINT `FK_business_change_log_applicationid` FOREIGN KEY (`applicationid`) REFERENCES `business_application` (`objid`)
) ENGINE=InnoDB DEFAULT CHARSET=utf8;
/*!40101 SET character_set_client = @saved_cs_client */;

--
-- Dumping data for table `business_change_log`
--

LOCK TABLES `business_change_log` WRITE;
/*!40000 ALTER TABLE `business_change_log` DISABLE KEYS */;
/*!40000 ALTER TABLE `business_change_log` ENABLE KEYS */;
UNLOCK TABLES;

--
-- Table structure for table `business_closure`
--

DROP TABLE IF EXISTS `business_closure`;
/*!40101 SET @saved_cs_client     = @@character_set_client */;
/*!40101 SET character_set_client = utf8 */;
CREATE TABLE `business_closure` (
  `objid` varchar(50) NOT NULL,
  `businessid` varchar(50) NOT NULL,
  `dtcreated` datetime NOT NULL,
  `createdby_objid` varchar(50) NOT NULL,
  `createdby_name` varchar(150) NOT NULL,
  `dtceased` date NOT NULL,
  `dtissued` datetime NOT NULL,
  `remarks` text,
  PRIMARY KEY (`objid`),
  UNIQUE KEY `uix_businessid` (`businessid`),
  KEY `ix_dtcreated` (`dtcreated`),
  KEY `ix_createdby_objid` (`createdby_objid`),
  KEY `ix_dtceased` (`dtceased`),
  KEY `ix_dtissued` (`dtissued`)
) ENGINE=InnoDB DEFAULT CHARSET=utf8;
/*!40101 SET character_set_client = @saved_cs_client */;

--
-- Dumping data for table `business_closure`
--

LOCK TABLES `business_closure` WRITE;
/*!40000 ALTER TABLE `business_closure` DISABLE KEYS */;
/*!40000 ALTER TABLE `business_closure` ENABLE KEYS */;
UNLOCK TABLES;

--
-- Table structure for table `business_compromise`
--

DROP TABLE IF EXISTS `business_compromise`;
/*!40101 SET @saved_cs_client     = @@character_set_client */;
/*!40101 SET character_set_client = utf8 */;
CREATE TABLE `business_compromise` (
  `objid` varchar(50) NOT NULL,
  `businessid` varchar(50) DEFAULT NULL,
  `txntype` varchar(50) DEFAULT NULL,
  `dtfiled` datetime DEFAULT NULL,
  `dtexpiry` datetime DEFAULT NULL,
  `description` varchar(255) DEFAULT NULL,
  `createdby_objid` varchar(50) DEFAULT NULL,
  `createdby_name` varchar(255) DEFAULT NULL,
  `approver_objid` varchar(50) DEFAULT NULL,
  `approver_name` varchar(255) DEFAULT NULL,
  PRIMARY KEY (`objid`)
) ENGINE=InnoDB DEFAULT CHARSET=utf8;
/*!40101 SET character_set_client = @saved_cs_client */;

--
-- Dumping data for table `business_compromise`
--

LOCK TABLES `business_compromise` WRITE;
/*!40000 ALTER TABLE `business_compromise` DISABLE KEYS */;
/*!40000 ALTER TABLE `business_compromise` ENABLE KEYS */;
UNLOCK TABLES;

--
-- Table structure for table `business_lessor`
--

DROP TABLE IF EXISTS `business_lessor`;
/*!40101 SET @saved_cs_client     = @@character_set_client */;
/*!40101 SET character_set_client = utf8 */;
CREATE TABLE `business_lessor` (
  `objid` varchar(50) NOT NULL,
  `government` int(11) DEFAULT NULL,
  `lessor_orgtype` varchar(50) DEFAULT NULL,
  `lessor_objid` varchar(50) DEFAULT NULL,
  `lessor_name` varchar(100) DEFAULT NULL,
  `lessor_address_text` varchar(255) DEFAULT NULL,
  `lessor_address_objid` varchar(50) DEFAULT NULL,
  `bldgno` varchar(50) DEFAULT NULL,
  `bldgname` varchar(50) DEFAULT NULL,
  `street` varchar(100) DEFAULT NULL,
  `subdivision` varchar(100) DEFAULT NULL,
  `barangay_objid` varchar(50) DEFAULT NULL,
  `barangay_name` varchar(100) DEFAULT NULL,
  `pin` varchar(50) DEFAULT NULL,
  PRIMARY KEY (`objid`),
  KEY `ix_lessor_objid` (`lessor_objid`),
  KEY `ix_lessor_name` (`lessor_name`),
  KEY `ix_lessor_address_objid` (`lessor_address_objid`),
  KEY `ix_barangay_objid` (`barangay_objid`),
  KEY `ix_barangay_name` (`barangay_name`)
) ENGINE=InnoDB DEFAULT CHARSET=utf8;
/*!40101 SET character_set_client = @saved_cs_client */;

--
-- Dumping data for table `business_lessor`
--

LOCK TABLES `business_lessor` WRITE;
/*!40000 ALTER TABLE `business_lessor` DISABLE KEYS */;
/*!40000 ALTER TABLE `business_lessor` ENABLE KEYS */;
UNLOCK TABLES;

--
-- Table structure for table `business_payment`
--

DROP TABLE IF EXISTS `business_payment`;
/*!40101 SET @saved_cs_client     = @@character_set_client */;
/*!40101 SET character_set_client = utf8 */;
CREATE TABLE `business_payment` (
  `objid` varchar(50) NOT NULL,
  `businessid` varchar(50) DEFAULT NULL,
  `appyear` int(11) DEFAULT NULL,
  `applicationid` varchar(50) DEFAULT NULL,
  `refid` varchar(50) DEFAULT NULL,
  `reftype` varchar(50) DEFAULT NULL,
  `refno` varchar(50) DEFAULT NULL,
  `refdate` date DEFAULT NULL,
  `amount` decimal(18,2) DEFAULT NULL,
  `remarks` varchar(255) DEFAULT NULL,
  `voided` int(11) DEFAULT NULL,
  `paymentmode` varchar(50) DEFAULT NULL,
  `taxcredit` decimal(16,2) DEFAULT NULL,
  PRIMARY KEY (`objid`),
  KEY `businessid` (`businessid`),
  KEY `refid` (`refid`),
  KEY `FK_business_payment_business_application` (`applicationid`)
) ENGINE=InnoDB DEFAULT CHARSET=utf8;
/*!40101 SET character_set_client = @saved_cs_client */;

--
-- Dumping data for table `business_payment`
--

LOCK TABLES `business_payment` WRITE;
/*!40000 ALTER TABLE `business_payment` DISABLE KEYS */;
/*!40000 ALTER TABLE `business_payment` ENABLE KEYS */;
UNLOCK TABLES;

--
-- Table structure for table `business_payment_item`
--

DROP TABLE IF EXISTS `business_payment_item`;
/*!40101 SET @saved_cs_client     = @@character_set_client */;
/*!40101 SET character_set_client = utf8 */;
CREATE TABLE `business_payment_item` (
  `objid` varchar(50) NOT NULL,
  `parentid` varchar(50) DEFAULT NULL,
  `receivableid` varchar(50) DEFAULT NULL,
  `amount` decimal(16,2) DEFAULT NULL,
  `discount` decimal(16,2) DEFAULT NULL,
  `account_objid` varchar(50) DEFAULT NULL,
  `account_code` varchar(50) DEFAULT NULL,
  `account_title` varchar(100) DEFAULT NULL,
  `lob_objid` varchar(50) DEFAULT NULL,
  `lob_name` varchar(255) DEFAULT NULL,
  `remarks` varchar(255) DEFAULT NULL,
  `txntype` varchar(50) DEFAULT NULL,
  `sortorder` int(11) DEFAULT NULL,
  `surcharge` decimal(16,2) DEFAULT NULL,
  `interest` decimal(16,2) DEFAULT NULL,
  `qtr` int(11) DEFAULT NULL,
  `partial` int(11) DEFAULT NULL,
  PRIMARY KEY (`objid`),
  KEY `FK_business_payment_item_business_payment` (`parentid`),
  KEY `FK_business_payment_item_business_receivable` (`receivableid`)
) ENGINE=InnoDB DEFAULT CHARSET=utf8;
/*!40101 SET character_set_client = @saved_cs_client */;

--
-- Dumping data for table `business_payment_item`
--

LOCK TABLES `business_payment_item` WRITE;
/*!40000 ALTER TABLE `business_payment_item` DISABLE KEYS */;
/*!40000 ALTER TABLE `business_payment_item` ENABLE KEYS */;
UNLOCK TABLES;

--
-- Table structure for table `business_permit`
--

DROP TABLE IF EXISTS `business_permit`;
/*!40101 SET @saved_cs_client     = @@character_set_client */;
/*!40101 SET character_set_client = utf8 */;
CREATE TABLE `business_permit` (
  `objid` varchar(50) NOT NULL,
  `businessid` varchar(50) DEFAULT NULL,
  `applicationid` varchar(50) DEFAULT NULL,
  `state` varchar(20) DEFAULT NULL,
  `permitno` varchar(20) DEFAULT NULL,
  `activeyear` int(11) DEFAULT NULL,
  `version` int(11) DEFAULT NULL,
  `permittype` varchar(20) DEFAULT NULL,
  `dtissued` date DEFAULT NULL,
  `issuedby_objid` varchar(50) DEFAULT NULL,
  `issuedby_name` varchar(255) DEFAULT NULL,
  `expirydate` date DEFAULT NULL,
  `remarks` varchar(255) DEFAULT NULL,
  `plateno` varchar(50) DEFAULT NULL,
  PRIMARY KEY (`objid`),
  UNIQUE KEY `uix_businessid_activeyear_version` (`businessid`,`activeyear`,`version`),
  UNIQUE KEY `uix_permitno` (`permitno`),
  UNIQUE KEY `uix_applicationid` (`applicationid`)
) ENGINE=InnoDB DEFAULT CHARSET=utf8;
/*!40101 SET character_set_client = @saved_cs_client */;

--
-- Dumping data for table `business_permit`
--

LOCK TABLES `business_permit` WRITE;
/*!40000 ALTER TABLE `business_permit` DISABLE KEYS */;
/*!40000 ALTER TABLE `business_permit` ENABLE KEYS */;
UNLOCK TABLES;

--
-- Table structure for table `business_permit_lob`
--

DROP TABLE IF EXISTS `business_permit_lob`;
/*!40101 SET @saved_cs_client     = @@character_set_client */;
/*!40101 SET character_set_client = utf8 */;
CREATE TABLE `business_permit_lob` (
  `objid` varchar(50) NOT NULL,
  `parentid` varchar(50) DEFAULT NULL,
  `lobid` varchar(50) DEFAULT NULL,
  `name` varchar(255) NOT NULL,
  `txndate` datetime DEFAULT NULL,
  PRIMARY KEY (`objid`),
  KEY `ix_parentid` (`parentid`),
  KEY `ix_lobid` (`lobid`),
  KEY `ix_name` (`name`),
  CONSTRAINT `fk_business_permit_lob_lobid` FOREIGN KEY (`lobid`) REFERENCES `lob` (`objid`),
  CONSTRAINT `fk_business_permit_lob_parentid` FOREIGN KEY (`parentid`) REFERENCES `business_permit` (`objid`)
) ENGINE=InnoDB DEFAULT CHARSET=utf8;
/*!40101 SET character_set_client = @saved_cs_client */;

--
-- Dumping data for table `business_permit_lob`
--

LOCK TABLES `business_permit_lob` WRITE;
/*!40000 ALTER TABLE `business_permit_lob` DISABLE KEYS */;
/*!40000 ALTER TABLE `business_permit_lob` ENABLE KEYS */;
UNLOCK TABLES;

--
-- Table structure for table `business_permit_type`
--

DROP TABLE IF EXISTS `business_permit_type`;
/*!40101 SET @saved_cs_client     = @@character_set_client */;
/*!40101 SET character_set_client = utf8 */;
CREATE TABLE `business_permit_type` (
  `objid` varchar(10) NOT NULL,
  `title` varchar(100) DEFAULT NULL,
  `options` varchar(255) DEFAULT NULL,
  `indexno` int(11) DEFAULT NULL,
  `handler` varchar(50) DEFAULT NULL,
  PRIMARY KEY (`objid`)
) ENGINE=InnoDB DEFAULT CHARSET=utf8;
/*!40101 SET character_set_client = @saved_cs_client */;

--
-- Dumping data for table `business_permit_type`
--

LOCK TABLES `business_permit_type` WRITE;
/*!40000 ALTER TABLE `business_permit_type` DISABLE KEYS */;
/*!40000 ALTER TABLE `business_permit_type` ENABLE KEYS */;
UNLOCK TABLES;

--
-- Table structure for table `business_receivable`
--

DROP TABLE IF EXISTS `business_receivable`;
/*!40101 SET @saved_cs_client     = @@character_set_client */;
/*!40101 SET character_set_client = utf8 */;
CREATE TABLE `business_receivable` (
  `objid` varchar(50) NOT NULL,
  `businessid` varchar(50) DEFAULT NULL,
  `applicationid` varchar(50) DEFAULT NULL,
  `iyear` int(11) DEFAULT NULL,
  `account_objid` varchar(50) DEFAULT NULL,
  `account_title` varchar(100) DEFAULT NULL,
  `lob_objid` varchar(50) DEFAULT NULL,
  `lob_name` varchar(100) DEFAULT NULL,
  `amount` decimal(16,2) NOT NULL,
  `amtpaid` decimal(16,2) NOT NULL,
  `discount` decimal(16,2) NOT NULL,
  `taxcredit` decimal(16,2) DEFAULT NULL,
  `refid` varchar(50) DEFAULT NULL,
  `reftype` varchar(50) DEFAULT NULL,
  `remarks` varchar(255) DEFAULT NULL,
  `department` varchar(50) DEFAULT NULL,
  `taxfeetype` varchar(50) DEFAULT NULL,
  `qtr` int(11) DEFAULT NULL,
  `surcharge` decimal(16,2) DEFAULT NULL,
  `interest` decimal(16,2) DEFAULT NULL,
  `assessmenttype` varchar(50) DEFAULT NULL,
  `lastqtrpaid` int(11) DEFAULT NULL,
  `partial` int(11) DEFAULT NULL,
  PRIMARY KEY (`objid`),
  KEY `FK_business_receivable_business` (`businessid`),
  KEY `FK_business_receivable_business_application` (`applicationid`),
  KEY `FK_business_receivable_lob` (`lob_objid`)
) ENGINE=InnoDB DEFAULT CHARSET=utf8;
/*!40101 SET character_set_client = @saved_cs_client */;

--
-- Dumping data for table `business_receivable`
--

LOCK TABLES `business_receivable` WRITE;
/*!40000 ALTER TABLE `business_receivable` DISABLE KEYS */;
/*!40000 ALTER TABLE `business_receivable` ENABLE KEYS */;
UNLOCK TABLES;

--
-- Table structure for table `business_receivable_detail`
--

DROP TABLE IF EXISTS `business_receivable_detail`;
/*!40101 SET @saved_cs_client     = @@character_set_client */;
/*!40101 SET character_set_client = utf8 */;
CREATE TABLE `business_receivable_detail` (
  `objid` varchar(50) NOT NULL,
  `receivableid` varchar(50) DEFAULT NULL,
  `qtr` int(11) DEFAULT NULL,
  `duedate` datetime DEFAULT NULL,
  `amount` decimal(18,2) DEFAULT NULL,
  `surcharge` decimal(18,2) DEFAULT NULL,
  `interest` decimal(18,2) DEFAULT NULL,
  `discount` decimal(18,2) DEFAULT NULL,
  `paypriority` int(11) DEFAULT NULL,
  `sortorder` int(11) DEFAULT NULL,
  PRIMARY KEY (`objid`),
  KEY `fk_business_receivbale_parent` (`receivableid`)
) ENGINE=InnoDB DEFAULT CHARSET=utf8;
/*!40101 SET character_set_client = @saved_cs_client */;

--
-- Dumping data for table `business_receivable_detail`
--

LOCK TABLES `business_receivable_detail` WRITE;
/*!40000 ALTER TABLE `business_receivable_detail` DISABLE KEYS */;
/*!40000 ALTER TABLE `business_receivable_detail` ENABLE KEYS */;
UNLOCK TABLES;

--
-- Table structure for table `business_recurringfee`
--

DROP TABLE IF EXISTS `business_recurringfee`;
/*!40101 SET @saved_cs_client     = @@character_set_client */;
/*!40101 SET character_set_client = utf8 */;
CREATE TABLE `business_recurringfee` (
  `objid` varchar(50) NOT NULL DEFAULT '',
  `businessid` varchar(50) DEFAULT NULL,
  `state` varchar(20) DEFAULT NULL,
  `account_objid` varchar(50) DEFAULT NULL,
  `account_title` varchar(100) DEFAULT NULL,
  `amount` decimal(16,2) NOT NULL,
  `remarks` varchar(255) DEFAULT NULL,
  `department` varchar(50) DEFAULT NULL,
  `user_objid` varchar(50) DEFAULT NULL,
  `user_name` varchar(150) DEFAULT NULL,
  `txntype_objid` varchar(50) DEFAULT NULL,
  PRIMARY KEY (`objid`),
  KEY `FK_business_recurringfee_business` (`businessid`),
  KEY `ix_txntype_objid` (`txntype_objid`),
  CONSTRAINT `FK_business_recurringfee_business` FOREIGN KEY (`businessid`) REFERENCES `business` (`objid`),
  CONSTRAINT `fk_business_recurringfee_txntype_objid` FOREIGN KEY (`txntype_objid`) REFERENCES `business_billitem_txntype` (`objid`)
) ENGINE=InnoDB DEFAULT CHARSET=utf8;
/*!40101 SET character_set_client = @saved_cs_client */;

--
-- Dumping data for table `business_recurringfee`
--

LOCK TABLES `business_recurringfee` WRITE;
/*!40000 ALTER TABLE `business_recurringfee` DISABLE KEYS */;
/*!40000 ALTER TABLE `business_recurringfee` ENABLE KEYS */;
UNLOCK TABLES;

--
-- Table structure for table `business_redflag`
--

DROP TABLE IF EXISTS `business_redflag`;
/*!40101 SET @saved_cs_client     = @@character_set_client */;
/*!40101 SET character_set_client = utf8 */;
CREATE TABLE `business_redflag` (
  `objid` varchar(50) NOT NULL,
  `businessid` varchar(50) DEFAULT NULL,
  `message` varchar(255) DEFAULT NULL,
  `dtfiled` datetime DEFAULT NULL,
  `filedby_objid` varchar(50) DEFAULT NULL,
  `filedby_name` varchar(255) DEFAULT NULL,
  `resolved` int(11) DEFAULT NULL,
  `remarks` varchar(255) DEFAULT NULL,
  `blockaction` varchar(50) DEFAULT NULL,
  `effectivedate` date DEFAULT NULL,
  `resolvedby_objid` varchar(50) DEFAULT NULL,
  `resolvedby_name` varchar(100) DEFAULT NULL,
  `caseno` varchar(50) DEFAULT NULL,
  PRIMARY KEY (`objid`),
  KEY `ix_businessid` (`businessid`),
  KEY `ix_dtfiled` (`dtfiled`),
  KEY `ix_filedby_objid` (`filedby_objid`),
  KEY `ix_effectivedate` (`effectivedate`),
  KEY `ix_resolvedby_objid` (`resolvedby_objid`)
) ENGINE=InnoDB DEFAULT CHARSET=utf8;
/*!40101 SET character_set_client = @saved_cs_client */;

--
-- Dumping data for table `business_redflag`
--

LOCK TABLES `business_redflag` WRITE;
/*!40000 ALTER TABLE `business_redflag` DISABLE KEYS */;
/*!40000 ALTER TABLE `business_redflag` ENABLE KEYS */;
UNLOCK TABLES;

--
-- Table structure for table `business_requirement`
--

DROP TABLE IF EXISTS `business_requirement`;
/*!40101 SET @saved_cs_client     = @@character_set_client */;
/*!40101 SET character_set_client = utf8 */;
CREATE TABLE `business_requirement` (
  `objid` varchar(50) NOT NULL,
  `businessid` varchar(50) DEFAULT NULL,
  `applicationid` varchar(50) DEFAULT NULL,
  `refid` varchar(50) DEFAULT NULL,
  `reftype` varchar(50) DEFAULT NULL,
  `refno` varchar(50) DEFAULT NULL,
  `issuedby` varchar(100) DEFAULT NULL,
  `dtissued` date DEFAULT NULL,
  `placeissued` varchar(100) DEFAULT NULL,
  `title` varchar(50) DEFAULT NULL,
  `remarks` varchar(255) DEFAULT NULL,
  `status` varchar(25) DEFAULT NULL,
  `step` varchar(50) DEFAULT NULL,
  `completedby_objid` varchar(50) DEFAULT NULL,
  `completedby_name` varchar(50) DEFAULT NULL,
  `dtcompleted` datetime DEFAULT NULL,
  `completed` int(11) DEFAULT NULL,
  `expirydate` date DEFAULT NULL,
  PRIMARY KEY (`objid`),
  KEY `applicationid` (`applicationid`),
  KEY `fk_business_requirement_business` (`businessid`),
  CONSTRAINT `fk_business_requirement_business` FOREIGN KEY (`businessid`) REFERENCES `business` (`objid`)
) ENGINE=InnoDB DEFAULT CHARSET=utf8;
/*!40101 SET character_set_client = @saved_cs_client */;

--
-- Dumping data for table `business_requirement`
--

LOCK TABLES `business_requirement` WRITE;
/*!40000 ALTER TABLE `business_requirement` DISABLE KEYS */;
/*!40000 ALTER TABLE `business_requirement` ENABLE KEYS */;
UNLOCK TABLES;

--
-- Table structure for table `business_sms`
--

DROP TABLE IF EXISTS `business_sms`;
/*!40101 SET @saved_cs_client     = @@character_set_client */;
/*!40101 SET character_set_client = utf8 */;
CREATE TABLE `business_sms` (
  `objid` varchar(50) NOT NULL,
  `businessid` varchar(50) DEFAULT NULL,
  `traceid` varchar(50) DEFAULT NULL,
  `phoneno` varchar(50) DEFAULT NULL,
  `logdate` datetime DEFAULT NULL,
  `message` varchar(255) DEFAULT NULL,
  `amount` decimal(10,2) DEFAULT NULL,
  `amtpaid` decimal(10,2) DEFAULT NULL,
  `action` varchar(50) DEFAULT NULL,
  PRIMARY KEY (`objid`)
) ENGINE=InnoDB DEFAULT CHARSET=utf8;
/*!40101 SET character_set_client = @saved_cs_client */;

--
-- Dumping data for table `business_sms`
--

LOCK TABLES `business_sms` WRITE;
/*!40000 ALTER TABLE `business_sms` DISABLE KEYS */;
/*!40000 ALTER TABLE `business_sms` ENABLE KEYS */;
UNLOCK TABLES;

--
-- Table structure for table `business_taxcredit`
--

DROP TABLE IF EXISTS `business_taxcredit`;
/*!40101 SET @saved_cs_client     = @@character_set_client */;
/*!40101 SET character_set_client = utf8 */;
CREATE TABLE `business_taxcredit` (
  `objid` varchar(50) NOT NULL DEFAULT '',
  `businessid` varchar(50) DEFAULT NULL,
  `currentlineno` int(11) DEFAULT NULL,
  `totaldr` decimal(18,2) DEFAULT NULL,
  `totalcr` decimal(18,2) DEFAULT NULL,
  `balance` decimal(18,2) DEFAULT NULL,
  PRIMARY KEY (`objid`)
) ENGINE=InnoDB DEFAULT CHARSET=utf8;
/*!40101 SET character_set_client = @saved_cs_client */;

--
-- Dumping data for table `business_taxcredit`
--

LOCK TABLES `business_taxcredit` WRITE;
/*!40000 ALTER TABLE `business_taxcredit` DISABLE KEYS */;
/*!40000 ALTER TABLE `business_taxcredit` ENABLE KEYS */;
UNLOCK TABLES;

--
-- Table structure for table `business_taxcredit_item`
--

DROP TABLE IF EXISTS `business_taxcredit_item`;
/*!40101 SET @saved_cs_client     = @@character_set_client */;
/*!40101 SET character_set_client = utf8 */;
CREATE TABLE `business_taxcredit_item` (
  `objid` varchar(50) NOT NULL,
  `parentid` varchar(50) DEFAULT NULL,
  `lineno` int(11) DEFAULT NULL,
  `particulars` varchar(100) DEFAULT NULL,
  `refid` varchar(50) DEFAULT NULL,
  `refdate` date DEFAULT NULL,
  `refno` varchar(50) DEFAULT NULL,
  `reftype` varchar(20) DEFAULT NULL,
  `dr` decimal(18,2) DEFAULT NULL,
  `cr` decimal(18,2) DEFAULT NULL,
  PRIMARY KEY (`objid`),
  KEY `parentid` (`parentid`),
  CONSTRAINT `FK_business_taxcredit_detail_business_taxcredit` FOREIGN KEY (`parentid`) REFERENCES `business_taxcredit` (`objid`)
) ENGINE=InnoDB DEFAULT CHARSET=utf8;
/*!40101 SET character_set_client = @saved_cs_client */;

--
-- Dumping data for table `business_taxcredit_item`
--

LOCK TABLES `business_taxcredit_item` WRITE;
/*!40000 ALTER TABLE `business_taxcredit_item` DISABLE KEYS */;
/*!40000 ALTER TABLE `business_taxcredit_item` ENABLE KEYS */;
UNLOCK TABLES;

--
-- Table structure for table `business_taxincentive`
--

DROP TABLE IF EXISTS `business_taxincentive`;
/*!40101 SET @saved_cs_client     = @@character_set_client */;
/*!40101 SET character_set_client = utf8 */;
CREATE TABLE `business_taxincentive` (
  `objid` varchar(50) NOT NULL,
  `businessid` varchar(50) DEFAULT NULL,
  `txntype` varchar(50) DEFAULT NULL,
  `dtfiled` datetime DEFAULT NULL,
  `dtexpiry` datetime DEFAULT NULL,
  `title` varchar(50) DEFAULT NULL,
  `description` varchar(255) DEFAULT NULL,
  `approver_objid` varchar(50) DEFAULT NULL,
  `approver_name` varchar(255) DEFAULT NULL,
  `createdby_objid` varchar(50) DEFAULT NULL,
  `createdby_name` varchar(255) DEFAULT NULL,
  PRIMARY KEY (`objid`)
) ENGINE=InnoDB DEFAULT CHARSET=utf8;
/*!40101 SET character_set_client = @saved_cs_client */;

--
-- Dumping data for table `business_taxincentive`
--

LOCK TABLES `business_taxincentive` WRITE;
/*!40000 ALTER TABLE `business_taxincentive` DISABLE KEYS */;
/*!40000 ALTER TABLE `business_taxincentive` ENABLE KEYS */;
UNLOCK TABLES;

--
-- Table structure for table `businessrequirementtype`
--

DROP TABLE IF EXISTS `businessrequirementtype`;
/*!40101 SET @saved_cs_client     = @@character_set_client */;
/*!40101 SET character_set_client = utf8 */;
CREATE TABLE `businessrequirementtype` (
  `objid` varchar(50) NOT NULL,
  `code` varchar(50) DEFAULT NULL,
  `title` varchar(255) DEFAULT NULL,
  `type` varchar(50) DEFAULT NULL,
  `handler` varchar(50) DEFAULT NULL,
  `system` int(11) DEFAULT NULL,
  `agency` varchar(50) DEFAULT NULL,
  `sortindex` int(11) DEFAULT NULL,
  `verifier` varchar(100) DEFAULT NULL,
  PRIMARY KEY (`objid`),
  UNIQUE KEY `uix_code` (`code`)
) ENGINE=InnoDB DEFAULT CHARSET=utf8 ROW_FORMAT=COMPACT;
/*!40101 SET character_set_client = @saved_cs_client */;

--
-- Dumping data for table `businessrequirementtype`
--

LOCK TABLES `businessrequirementtype` WRITE;
/*!40000 ALTER TABLE `businessrequirementtype` DISABLE KEYS */;
INSERT INTO `businessrequirementtype` VALUES ('BC','BC','BRGY CLEARANCE',NULL,NULL,NULL,'BRGY',5,NULL),('BIR','BIR','BIR',NULL,NULL,NULL,'BIR',0,NULL),('BLDG','BLDG','BUILDING INSPECTION',NULL,NULL,NULL,'MUN. ENGINEERING',0,NULL),('BRGY','BRGY','BARANGAY CLEARANCE',NULL,NULL,NULL,'BARANGAY',0,NULL),('BUHIS','RPT_CLEARANCE','RPT CLEARANCE',NULL,NULL,NULL,'MUNICIPAL',0,NULL),('BUSINESS_TAX','BUSINESS_TAX','BUSINESS TAX',NULL,NULL,NULL,'MUNICIPAL',0,NULL),('CDA','CDA','CDA','DOC',NULL,NULL,NULL,0,NULL),('CTC','CTC','COMMUNITY TAX CERTIFICATE',NULL,NULL,NULL,NULL,0,NULL),('DTI','DTI','DTI','DOC',NULL,NULL,'DTI',0,NULL),('FIRE','FIRE','FIRE CLEARANCE',NULL,NULL,NULL,'FIRE DEPARTMENT',0,NULL),('LEEDMO','LEEDMO','LEEDMO (PUB. MARKET ONLY)',NULL,NULL,NULL,'LEEDMO OFFICE',0,NULL),('OTHER','OTHER','OTHER SPECIFY',NULL,NULL,NULL,NULL,0,NULL),('PC','PC','POLICE CLEARANCE',NULL,NULL,NULL,'PNP',4,NULL),('SAN','SAN','SANITARY PERMIT',NULL,NULL,NULL,'MUN. HEALTH OFFICE',0,NULL),('SEC','SEC','SEC','DOC',NULL,NULL,NULL,0,NULL),('WMC','WMC','WASTE MANAGEMENT CLEARANCE',NULL,NULL,NULL,'WASTE MANAGEMENT OFFICE',0,NULL),('ZONE','ZONE','ZONNING CLEARANCE',NULL,NULL,NULL,'ZONING ADMIN',0,NULL);
/*!40000 ALTER TABLE `businessrequirementtype` ENABLE KEYS */;
UNLOCK TABLES;

--
-- Table structure for table `businessvariable`
--

DROP TABLE IF EXISTS `businessvariable`;
/*!40101 SET @saved_cs_client     = @@character_set_client */;
/*!40101 SET character_set_client = utf8 */;
CREATE TABLE `businessvariable` (
  `objid` varchar(50) NOT NULL,
  `state` varchar(10) NOT NULL,
  `name` varchar(50) NOT NULL,
  `datatype` varchar(20) NOT NULL,
  `caption` varchar(50) NOT NULL,
  `description` varchar(100) DEFAULT NULL,
  `arrayvalues` longtext,
  `system` int(11) DEFAULT NULL,
  `sortorder` int(11) DEFAULT NULL,
  `category` varchar(100) DEFAULT NULL,
  `handler` varchar(50) DEFAULT NULL,
  PRIMARY KEY (`objid`),
  UNIQUE KEY `uix_name` (`name`)
) ENGINE=InnoDB DEFAULT CHARSET=utf8;
/*!40101 SET character_set_client = @saved_cs_client */;

--
-- Dumping data for table `businessvariable`
--

LOCK TABLES `businessvariable` WRITE;
/*!40000 ALTER TABLE `businessvariable` DISABLE KEYS */;
INSERT INTO `businessvariable` VALUES ('ALONG_MAINROAD','APPROVED','ALONG_MAINROAD','string_array','BUSINESS LOCATION',NULL,'[\"YES\",\"NO\"]',0,1,NULL,NULL),('AREA_DOUBLE','DRAFT','AREA_DOUBLE','integer','(DOUBLE) BILLBOARD AREA IN SQM ?',NULL,'[]',0,0,NULL,NULL),('AREA_SINGLE','DRAFT','AREA_SINGLE','integer','(SINGLE) BILLBOARD AREA IN SQM ?',NULL,'[]',0,0,NULL,NULL),('AREA_SQM','DRAFT','AREA_SQM','decimal','BUSINESS AREA IN SQ METERS',NULL,'[]',1,0,'BUSINESS AREA',NULL),('ASK_ALONG_MAINROAD','APPROVED','ASK_ALONG_MAINROAD','string_array','ALONG_MAINROAD',NULL,'[\"YES\",\"NO\"]',0,1,NULL,NULL),('ASSET_SIZE','DRAFT','ASSET_SIZE','decimal','ASSET SIZE','ASSET SIZE','[]',0,0,NULL,NULL),('BANK','APPROVED','BANK','string_array','BANK',NULL,'[\"MAIN\",\"BRANCH\"]',0,0,NULL,NULL),('BANK_BRANCH','DRAFT','BANK_BRANCH','integer','BANK BRANCH',NULL,'[]',0,0,NULL,NULL),('BANK_MAIN','DRAFT','BANK_MAIN','integer','BANK MAIN',NULL,'[]',0,0,NULL,NULL),('BUILDING_TYPE','DRAFT','BUILDING_TYPE','string_array','BUILDING TYPE','FOR USE IN LOCATIONAL CLEARANCE','[\"RESIDENTIAL\",\"APARTMENT\",\"DORMITORY\",\"INSTITUTIONAL\",\"COMMERCIAL\",\"SPECIAL\"]',0,0,NULL,NULL),('BUSINESS_CHARACTERISTIC','DRAFT','BUSINESS_CHARACTERISTIC','string','BUSINESS CHARACTERISTIC',NULL,'[]',0,0,NULL,NULL),('BUSINESS_CHARACTERISTIC_SUBCATEGORY','APPROVED','BUSINESS_CHARACTERISTIC_SUBCATEGORY','string','BUSINESS SUB-CATEGORY',NULL,'[]',0,0,NULL,NULL),('BUSINESS_SIZE','APPROVED','BUSINESS_SIZE','string_array','BUSINESS SIZE ?',NULL,'[\"SMALL\",\"MEDIUM\",\"LARGE\",\"MICRO\"]',0,1,NULL,NULL),('CAPITAL','DRAFT','CAPITAL','decimal','CAPITAL',NULL,'[]',1,0,NULL,NULL),('COST_OF_BUILDING','DRAFT','COST_OF_BUILDING','decimal','COST OF BUILDING','FOR USE IN LOCATIONAL CLEARANCE','[]',0,1,NULL,NULL),('DECLARED_CAPITAL','DRAFT','DECLARED_CAPITAL','decimal','DECLARED CAPITAL',NULL,'[]',1,0,NULL,NULL),('DECLARED_GROSS','DRAFT','DECLARED_GROSS','decimal','DECLARED GROSS',NULL,'[]',1,0,NULL,NULL),('FINANCIAL_SIZE','DRAFT','FINANCIAL_SIZE','string_array','FINANCIAL SIZE',NULL,'[\"PRINCIPAL\",\"BRANCH\",\"INDIVIDUAL - SMALL\",\"INDIVIDUAL - MEDIUM\",\"INDIVIDUAL - LARGE\"]',0,1,NULL,NULL),('FOREIGN_LIQUORS','DRAFT','FOREIGN_LIQUORS','boolean','FOREIGN LIQUORS','FOREIGN LIQUORS','[]',0,0,NULL,NULL),('GARBAGE_ESTABLISHMENT','DRAFT','GARBAGE_ESTABLISHMENT','string_array','GARBAGE ESTABLISHMENT','GARBAGE ESTABLISHMENT','[\"LARGE - DAILY\",\"LARGE - SCHEDULE\",\"MEDIUM - DAILY\",\"MEDIUM - SCHEDULE\",\"SMALL - DAILY\",\"SMALL - SCHEDULE\",\"NONE\"]',0,0,NULL,NULL),('GARBAGE_FEE','DRAFT','GARBAGE_FEE','integer','GARBAGE FEE','GARBAGE FEE','[]',0,0,NULL,NULL),('GARBAGE_INDUSTRIAL','DRAFT','GARBAGE_INDUSTRIAL','string_array','GARBAGE INDUSTRIAL','GARBAGE INDUSTRIAL','[\"LARGE - DAILY\",\"LARGE - SCHEDULE\",\"MEDIUM - DAILY\",\"MEDIUM - SCHEDULE\",\"SMALL - DAILY\",\"SMALL - SCHEDULE\"]',0,0,NULL,NULL),('GARBAGE_INSTITUTIONS','DRAFT','GARBAGE_INSTITUTIONS','string_array','GARBAGE INSTITUTIONS','GARBAGE INSTITUTIONS','[\"NONE\",\"LARGE - DAILY\",\"LARGE - SCHEDULE\",\"SMALL - DAILY\",\"SMALL - SCHEDULE\"]',0,0,NULL,NULL),('GARBAGE_RESTAURANT','DRAFT','GARBAGE_RESTAURANT','string_array','GARBAGE RESTAURANT','GARBAGE RESTAURANT','[\"WITH IN PUBLIC MARKET\",\"LARGE - DAILY\",\"LARGE - SCHEDULE\",\"SMALL - DAILY\",\"SMALL - SCHEDULE\",\"MICRO - DAILY\",\"MICRO - SCHEDULE\"]',0,0,NULL,NULL),('GROSS','DRAFT','GROSS','decimal','GROSS',NULL,'[]',1,0,NULL,NULL),('HAS_BUSINESS_TAX_CERTIFICATE','DRAFT','HAS_BUSINESS_TAX_CERTIFICATE','string_array','HAS BUSINESS TAX CERTIFICATE?',NULL,'[\"YES\",\"NO\"]',0,0,NULL,NULL),('HAS_GARBAGE_FEE','DRAFT','HAS_GARBAGE_FEE','string_array','HAS GARBAGE FEE','HAS GARBAGE FEE','[\"NONE\",\"EXEMPT\",\"LARGE - DAILY\",\"LARGE - SCHEDULE\",\"MEDIUM - DAILY\",\"MEDIUM - SCHEDULE\",\"SMALL - DAILY\",\"SMALL - SCHEDULE\"]',0,0,NULL,NULL),('HAS_GENERATOR','DRAFT','HAS_GENERATOR','string_array','HAS GENERATOR','HAS GENERATOR','[\"YES\",\"NO\"]',0,0,NULL,NULL),('HAS_STATIONARY_ENGINE_MACHINE','DRAFT','HAS_STATIONARY_ENGINE_MACHINE','string_array','HAS STATIONARY ENGINE MACHINE','HAS STATIONARY ENGINE MACHINE','[\"YES\",\"NO\"]',0,0,NULL,NULL),('HAS_TAX_INCENTIVE','DRAFT','HAS_TAX_INCENTIVE','boolean','HAS TAX INCENTIVE?',NULL,'[]',1,0,'GENERAL',NULL),('LM_ONE_METER_OR_BELOW','DRAFT','LM_ONE_METER_OR_BELOW','integer','LINEAR METER (BELOW 1M)',NULL,'[]',0,0,NULL,NULL),('LM_OVER_ONE_METER','DRAFT','LM_OVER_ONE_METER','integer','LINEAR METER (OVER 1M)',NULL,'[]',0,0,NULL,NULL),('MOTORELA_TAX_QUARTER','DRAFT','MOTORELA_TAX_QUARTER','string_array','MOTORELA TAX',NULL,'[\"1ST QUARTER\",\"2ND QUARTER\",\"3RD QUARTER\",\"4TH QUARTER\"]',0,0,NULL,NULL),('NO_HAULING_VEHICLE','DRAFT','NO_HAULING_VEHICLE','integer','NO. OF HAULING VEHICLE?',NULL,'[]',0,1,NULL,NULL),('NO_OF_ADDL_UNITS','DRAFT','NO_OF_ADDL_UNITS','integer','NO OF ADDITIONAL UNITS',NULL,'[]',0,0,NULL,NULL),('NO_OF_AIRPLANE','DRAFT','NO_OF_AIRPLANE','integer','NO OF AIRPLANE',NULL,'[]',0,0,NULL,NULL),('NO_OF_BACKHOE','DRAFT','NO_OF_BACKHOE','integer','NO OF BACKHOE',NULL,'[]',0,0,NULL,NULL),('NO_OF_BET_MANAGER','DRAFT','NO_OF_BET_MANAGER','integer','NO OF BET MANAGER',NULL,'[]',0,0,NULL,NULL),('NO_OF_BET_TAKER','DRAFT','NO_OF_BET_TAKER','integer','NO OF BET TAKER',NULL,'[]',0,0,NULL,NULL),('NO_OF_BULDOZERS','DRAFT','NO_OF_BULDOZERS','integer','NO OF BULDOZERS',NULL,'[]',0,0,NULL,NULL),('NO_OF_BUS','DRAFT','NO_OF_BUS','integer','NO OF BUS','NO OF BUS','[]',0,500,NULL,NULL),('NO_OF_CARGO_TRUCKS','DRAFT','NO_OF_CARGO_TRUCKS','integer','NO OF CARGO TRUCKS','NO OF CARGO TRUCKS','[]',0,0,NULL,NULL),('NO_OF_CASHIER','DRAFT','NO_OF_CASHIER','integer','NO OF CASHIER',NULL,'[]',0,0,NULL,NULL),('NO_OF_CRANE','DRAFT','NO_OF_CRANE','integer','NO OF CRANE',NULL,'[]',0,0,NULL,NULL),('NO_OF_DELIVERY_VEHICLE','DRAFT','NO_OF_DELIVERY_VEHICLE','integer','NO OF DELIVERY VEHICLE',NULL,'[]',0,0,NULL,NULL),('NO_OF_DUMPTRUCKS_10WHEELS','DRAFT','NO_OF_DUMPTRUCKS_10WHEELS','integer','NO OF DUMPTRUCKS (10WHEELS)',NULL,'[]',0,0,NULL,NULL),('NO_OF_DUMPTRUCKS_6WHEELS','DRAFT','NO_OF_DUMPTRUCKS_6WHEELS','integer','NO OF DUMPTRUCKS (6WHEELS)',NULL,'[]',0,0,NULL,NULL),('NO_OF_ENGINE_MACHINE_11HP_TO_14HP','DRAFT','NO_OF_ENGINE_MACHINE_11HP_TO_14HP','integer','NO OF ENGINE MACHINE (11HP TO 14HP)',NULL,'[]',0,0,NULL,NULL),('NO_OF_ENGINE_MACHINE_15HP_ABOVE','DRAFT','NO_OF_ENGINE_MACHINE_15HP_ABOVE','integer','NO OF ENGINE MACHINE (15HP ABOVE)',NULL,'[]',0,0,NULL,NULL),('NO_OF_ENGINE_MACHINE_2HP_BELOW','DRAFT','NO_OF_ENGINE_MACHINE_2HP_BELOW','integer','NO OF ENGINE MACHINE (2HP BELOW)',NULL,'[]',0,0,NULL,NULL),('NO_OF_ENGINE_MACHINE_3HP_TO_5HP','DRAFT','NO_OF_ENGINE_MACHINE_3HP_TO_5HP','integer','NO OF ENGINE MACHINE (3HP TO 5HP)',NULL,'[]',0,0,NULL,NULL),('NO_OF_ENGINE_MACHINE_6HP_TO_10HP','DRAFT','NO_OF_ENGINE_MACHINE_6HP_TO_10HP','integer','NO OF ENGINE MACHINE (6HP TO 10HP)',NULL,'[]',0,0,NULL,NULL),('NO_OF_FARM_TRACTORS','DRAFT','NO_OF_FARM_TRACTORS','integer','NO OF FARM TRACTORS',NULL,'[]',0,0,NULL,NULL),('NO_OF_FORKLIFT','DRAFT','NO_OF_FORKLIFT','integer','NO OF FORKLIFT',NULL,'[]',0,0,NULL,NULL),('NO_OF_GAFFER','DRAFT','NO_OF_GAFFER','integer','NO OF GAFFER',NULL,'[]',0,0,NULL,NULL),('NO_OF_HAULING_VEHICLE','DRAFT','NO_OF_HAULING_VEHICLE','integer','NO. OF HAULING VEHICLE ?',NULL,'[]',0,0,NULL,NULL),('NO_OF_LITERS','DRAFT','NO_OF_LITERS','integer','NO OF LITERS',NULL,'[]',0,0,NULL,NULL),('NO_OF_MECHANICAL_DRYER','DRAFT','NO_OF_MECHANICAL_DRYER','integer','NO OF MECHANICAL DRYER',NULL,'[]',0,0,NULL,NULL),('NO_OF_MINI_BUS','DRAFT','NO_OF_MINI_BUS','integer','NO OF MINI BUS','NO OF MINI BUS','[]',0,501,NULL,NULL),('NO_OF_MIXER','DRAFT','NO_OF_MIXER','integer','NO OF MIXER',NULL,'[]',0,0,NULL,NULL),('NO_OF_PACKING_PLANT','DRAFT','NO_OF_PACKING_PLANT','integer','NO OF PACKING PLANT',NULL,'[]',0,0,NULL,NULL),('NO_OF_PAYLOADER','DRAFT','NO_OF_PAYLOADER','integer','NO OF PAYLOADER',NULL,'[]',0,0,NULL,NULL),('NO_OF_PIT_MANAGER','DRAFT','NO_OF_PIT_MANAGER','integer','NO OF PIT MANAGER',NULL,'[]',0,0,NULL,NULL),('NO_OF_PROMOTERS','DRAFT','NO_OF_PROMOTERS','integer','NO OF PROMOTERS',NULL,'[]',0,0,NULL,NULL),('NO_OF_REFEREE','DRAFT','NO_OF_REFEREE','integer','NO OF REFEREE',NULL,'[]',0,0,NULL,NULL),('NO_OF_TAMARAWS_JEEPNEY_FLERAS','DRAFT','NO_OF_TAMARAWS_JEEPNEY_FLERAS','integer','NO OF TAMARAWS JEEPNEY FLERAS','NO OF TAMARAWS JEEPNEY FLERAS','[]',0,502,NULL,NULL),('NO_OF_TAXI_VAN','DRAFT','NO_OF_TAXI_VAN','integer','NO OF TAXI VAN','NO OF TAXI VAN','[]',0,0,NULL,NULL),('NO_OF_UNITS','DRAFT','NO_OF_UNITS','integer','NO OF UNITS',NULL,'[]',0,0,NULL,NULL),('NO_OF_VAN_TRUCK_10WHEELS','DRAFT','NO_OF_VAN_TRUCK_10WHEELS','integer','NO OF VAN TRUCK (10WHEELS)',NULL,'[]',0,0,NULL,NULL),('NO_OF_VAN_TRUCK_6WHEELS','DRAFT','NO_OF_VAN_TRUCK_6WHEELS','integer','NO OF VAN TRUCK (6WHEELS)',NULL,'[]',0,0,NULL,NULL),('NO_OF_VIDEOKE','DRAFT','NO_OF_VIDEOKE','integer','NO OF VIDEOKE','NO OF VIDEOKE','[]',0,0,NULL,NULL),('NO_TABLES','DRAFT','NO_TABLES','integer','NO. OF TABLES ?',NULL,'[]',0,0,NULL,NULL),('NUMBER_EMPLOYEES','DRAFT','NUMBER_EMPLOYEES','integer','NUMBER OF EMPLOYEES ?',NULL,'[]',0,0,NULL,NULL),('NUM_EMPLOYEE','DRAFT','NUM_EMPLOYEE','integer','NO. OF EMPLOYEES',NULL,'[]',1,0,'EMPLOYEE INFO',NULL),('NUM_EMPLOYEE_FEMALE','DRAFT','NUM_EMPLOYEE_FEMALE','integer','NO. OF FEMALE EMPLOYEES',NULL,'[]',1,0,'EMPLOYEE INFO',NULL),('NUM_EMPLOYEE_MALE','DRAFT','NUM_EMPLOYEE_MALE','integer','NO. OF MALE EMPLOYEES',NULL,'[]',1,0,'EMPLOYEE INFO',NULL),('NUM_EMPLOYEE_RESIDENT','DRAFT','NUM_EMPLOYEE_RESIDENT','integer','NO. OF RESIDENT EMPLOYEES',NULL,'[]',1,0,'EMPLOYEE RESIDING IN LGU',NULL),('NUM_TRESSER','DRAFT','NUM_TRESSER','integer','NUM TRESSER','NUM TRESSER','[]',0,0,NULL,NULL),('OFFICE_TYPE','DRAFT','OFFICE_TYPE','string_array','OFFICE TYPE',NULL,'[\"MAIN\",\"BRANCH\"]',1,0,'GENERAL',NULL),('PEDDLERS','DRAFT','PEDDLERS','string_array','PEDDLERS',NULL,'[\"PERSON\",\"VEHICLE\"]',0,0,NULL,NULL),('SANITARY_PERMIT','DRAFT','SANITARY_PERMIT','integer','SANITARY_PERMIT','SANITARY_PERMIT','[]',0,0,NULL,NULL),('STORAGE_CAPACITY_DIESEL','DRAFT','STORAGE_CAPACITY_DIESEL','integer','STORAGE CAPACITY DIESEL',NULL,'[]',0,0,NULL,NULL),('STORAGE_CAPACITY_KEROSINE','DRAFT','STORAGE_CAPACITY_KEROSINE','integer','STORAGE CAPACITY KEROSINE',NULL,'[]',0,0,NULL,NULL),('STORAGE_CAPACITY_PREMIUM','DRAFT','STORAGE_CAPACITY_PREMIUM','integer','STORAGE CAPACITY PREMIUM',NULL,'[]',0,0,NULL,NULL),('STORAGE_CAPACITY_REGULAR','DRAFT','STORAGE_CAPACITY_REGULAR','integer','STORAGE CAPACITY REGULAR',NULL,'[]',0,0,NULL,NULL),('STORAGE_CAPACITY_UNLEADED','DRAFT','STORAGE_CAPACITY_UNLEADED','integer','STORAGE CAPACITY UNLEADED',NULL,'[]',0,0,NULL,NULL),('TYPE_OF_INSTITUTION_?','DRAFT','TYPE_OF_INSTITUTION_?','string_array','TYPE OF INSTITUTION ?','TYPE OF INSTITUTION ?','[\"LARGE \",\"SMALL\"]',0,0,NULL,NULL),('WITHIN_TOWNCENTER','DRAFT','WITHIN_TOWNCENTER','string_array','WITHIN TOWNCENTER?','WITHIN TOWN CENTER?','[\"YES\",\"NO\"]',0,0,NULL,NULL),('WT_300KG_TO_BELOW_3000KG','DRAFT','WT_300KG_TO_BELOW_3000KG','integer','NO OF WEIGHTS (300KG- 3000KG BELOW)',NULL,'[]',0,0,NULL,NULL),('WT_30KG_BELOW','DRAFT','WT_30KG_BELOW','integer','NO OF WEIGHTS (30KG BELOW)',NULL,'[]',0,0,NULL,NULL),('WT_30KG_TO_BELOW_300KG','DRAFT','WT_30KG_TO_BELOW_300KG','integer','NO OF WEIGHTS (30KG- 300KG BELOW)',NULL,'[]',0,0,NULL,NULL),('WT_OVER_300KG','DRAFT','WT_OVER_300KG','integer','NO OF WEIGHTS (OVER 3000KG)',NULL,'[]',0,0,NULL,NULL);
/*!40000 ALTER TABLE `businessvariable` ENABLE KEYS */;
UNLOCK TABLES;

--
-- Table structure for table `cancelannotation`
--

DROP TABLE IF EXISTS `cancelannotation`;
/*!40101 SET @saved_cs_client     = @@character_set_client */;
/*!40101 SET character_set_client = utf8 */;
CREATE TABLE `cancelannotation` (
  `objid` varchar(50) NOT NULL,
  `state` varchar(15) NOT NULL,
  `txnno` varchar(10) DEFAULT NULL,
  `txndate` datetime DEFAULT NULL,
  `annotationid` varchar(50) NOT NULL,
  `fileno` varchar(20) NOT NULL,
  `remarks` text NOT NULL,
  `orno` varchar(10) DEFAULT NULL,
  `ordate` datetime DEFAULT NULL,
  `oramount` decimal(16,2) NOT NULL,
  `signedby` varchar(150) NOT NULL,
  `signedbytitle` varchar(50) NOT NULL,
  `dtsigned` datetime DEFAULT NULL,
  PRIMARY KEY (`objid`),
  KEY `FK_cancelannotation_faasannotation` (`annotationid`),
  KEY `ix_cancelannotation_fileno` (`fileno`),
  KEY `ix_cancelannotation_txnno` (`txnno`),
  CONSTRAINT `cancelannotation_ibfk_1` FOREIGN KEY (`annotationid`) REFERENCES `faasannotation` (`objid`)
) ENGINE=InnoDB DEFAULT CHARSET=utf8;
/*!40101 SET character_set_client = @saved_cs_client */;

--
-- Dumping data for table `cancelannotation`
--

LOCK TABLES `cancelannotation` WRITE;
/*!40000 ALTER TABLE `cancelannotation` DISABLE KEYS */;
/*!40000 ALTER TABLE `cancelannotation` ENABLE KEYS */;
UNLOCK TABLES;

--
-- Table structure for table `cancelledfaas`
--

DROP TABLE IF EXISTS `cancelledfaas`;
/*!40101 SET @saved_cs_client     = @@character_set_client */;
/*!40101 SET character_set_client = utf8 */;
CREATE TABLE `cancelledfaas` (
  `objid` varchar(50) NOT NULL,
  `state` varchar(15) NOT NULL,
  `txndate` datetime NOT NULL,
  `faasid` varchar(50) NOT NULL,
  `reason_objid` varchar(50) DEFAULT NULL,
  `remarks` text,
  `online` int(11) DEFAULT NULL,
  `lguid` varchar(50) DEFAULT NULL,
  `lasttaxyear` int(11) DEFAULT NULL,
  `txnno` varchar(25) DEFAULT NULL,
  `originlguid` varchar(50) DEFAULT NULL,
  `cancelledbytdnos` varchar(500) DEFAULT NULL,
  `cancelledbypins` varchar(500) DEFAULT NULL,
  PRIMARY KEY (`objid`),
  KEY `FK_cancelledfaas_faas` (`faasid`),
  KEY `FK_cancelledfaas_reason` (`reason_objid`),
  KEY `ix_cancelledfaas_txnno` (`txnno`),
  CONSTRAINT `cancelledfaas_ibfk_1` FOREIGN KEY (`faasid`) REFERENCES `faas` (`objid`),
  CONSTRAINT `cancelledfaas_ibfk_2` FOREIGN KEY (`reason_objid`) REFERENCES `canceltdreason` (`objid`)
) ENGINE=InnoDB DEFAULT CHARSET=utf8;
/*!40101 SET character_set_client = @saved_cs_client */;

--
-- Dumping data for table `cancelledfaas`
--

LOCK TABLES `cancelledfaas` WRITE;
/*!40000 ALTER TABLE `cancelledfaas` DISABLE KEYS */;
/*!40000 ALTER TABLE `cancelledfaas` ENABLE KEYS */;
UNLOCK TABLES;

--
-- Table structure for table `cancelledfaas_signatory`
--

DROP TABLE IF EXISTS `cancelledfaas_signatory`;
/*!40101 SET @saved_cs_client     = @@character_set_client */;
/*!40101 SET character_set_client = utf8 */;
CREATE TABLE `cancelledfaas_signatory` (
  `objid` varchar(50) NOT NULL,
  `taxmapper_objid` varchar(50) DEFAULT NULL,
  `taxmapper_name` varchar(100) DEFAULT NULL,
  `taxmapper_title` varchar(50) DEFAULT NULL,
  `taxmapper_dtsigned` datetime DEFAULT NULL,
  `taxmapper_taskid` varchar(50) DEFAULT NULL,
  `taxmapperchief_objid` varchar(50) DEFAULT NULL,
  `taxmapperchief_name` varchar(100) DEFAULT NULL,
  `taxmapperchief_title` varchar(50) DEFAULT NULL,
  `taxmapperchief_dtsigned` datetime DEFAULT NULL,
  `taxmapperchief_taskid` varchar(50) DEFAULT NULL,
  `appraiser_objid` varchar(50) DEFAULT NULL,
  `appraiser_name` varchar(150) DEFAULT NULL,
  `appraiser_title` varchar(50) DEFAULT NULL,
  `appraiser_dtsigned` datetime DEFAULT NULL,
  `appraiser_taskid` varchar(50) DEFAULT NULL,
  `appraiserchief_objid` varchar(50) DEFAULT NULL,
  `appraiserchief_name` varchar(100) DEFAULT NULL,
  `appraiserchief_title` varchar(50) DEFAULT NULL,
  `appraiserchief_dtsigned` datetime DEFAULT NULL,
  `appraiserchief_taskid` varchar(50) DEFAULT NULL,
  `recommender_objid` varchar(50) DEFAULT NULL,
  `recommender_name` varchar(100) DEFAULT NULL,
  `recommender_title` varchar(50) DEFAULT NULL,
  `recommender_dtsigned` datetime DEFAULT NULL,
  `recommender_taskid` varchar(50) DEFAULT NULL,
  `provtaxmapper_objid` varchar(50) DEFAULT NULL,
  `provtaxmapper_name` varchar(100) DEFAULT NULL,
  `provtaxmapper_title` varchar(50) DEFAULT NULL,
  `provtaxmapper_dtsigned` datetime DEFAULT NULL,
  `provtaxmapper_taskid` varchar(50) DEFAULT NULL,
  `provtaxmapperchief_objid` varchar(50) DEFAULT NULL,
  `provtaxmapperchief_name` varchar(100) DEFAULT NULL,
  `provtaxmapperchief_title` varchar(50) DEFAULT NULL,
  `provtaxmapperchief_dtsigned` datetime DEFAULT NULL,
  `provtaxmapperchief_taskid` varchar(50) DEFAULT NULL,
  `provappraiser_objid` varchar(50) DEFAULT NULL,
  `provappraiser_name` varchar(100) DEFAULT NULL,
  `provappraiser_title` varchar(50) DEFAULT NULL,
  `provappraiser_dtsigned` datetime DEFAULT NULL,
  `provappraiser_taskid` varchar(50) DEFAULT NULL,
  `provappraiserchief_objid` varchar(50) DEFAULT NULL,
  `provappraiserchief_name` varchar(100) DEFAULT NULL,
  `provappraiserchief_title` varchar(50) DEFAULT NULL,
  `provappraiserchief_dtsigned` datetime DEFAULT NULL,
  `provappraiserchief_taskid` varchar(50) DEFAULT NULL,
  `approver_objid` varchar(50) DEFAULT NULL,
  `approver_name` varchar(100) DEFAULT NULL,
  `approver_title` varchar(50) DEFAULT NULL,
  `approver_dtsigned` datetime DEFAULT NULL,
  `approver_taskid` varchar(50) DEFAULT NULL,
  `provapprover_objid` varchar(50) DEFAULT NULL,
  `provapprover_name` varchar(100) DEFAULT NULL,
  `provapprover_title` varchar(50) DEFAULT NULL,
  `provapprover_dtsigned` datetime DEFAULT NULL,
  `provapprover_taskid` varchar(50) DEFAULT NULL,
  `provrecommender_objid` varchar(50) DEFAULT NULL,
  `provrecommender_name` varchar(100) DEFAULT NULL,
  `provrecommender_title` varchar(50) DEFAULT NULL,
  `provrecommender_dtsigned` datetime DEFAULT NULL,
  `provrecommender_taskid` varchar(50) DEFAULT NULL,
  `reviewer_objid` varchar(50) DEFAULT NULL,
  `reviewer_name` varchar(100) DEFAULT NULL,
  `reviewer_title` varchar(75) DEFAULT NULL,
  `reviewer_dtsigned` datetime DEFAULT NULL,
  `reviewer_taskid` varchar(50) DEFAULT NULL,
  `assessor_name` varchar(100) DEFAULT NULL,
  `assessor_title` varchar(100) DEFAULT NULL,
  PRIMARY KEY (`objid`),
  CONSTRAINT `FK_cancelledfaas_signatory_cancelled_faas` FOREIGN KEY (`objid`) REFERENCES `cancelledfaas` (`objid`)
) ENGINE=InnoDB DEFAULT CHARSET=utf8;
/*!40101 SET character_set_client = @saved_cs_client */;

--
-- Dumping data for table `cancelledfaas_signatory`
--

LOCK TABLES `cancelledfaas_signatory` WRITE;
/*!40000 ALTER TABLE `cancelledfaas_signatory` DISABLE KEYS */;
/*!40000 ALTER TABLE `cancelledfaas_signatory` ENABLE KEYS */;
UNLOCK TABLES;

--
-- Table structure for table `cancelledfaas_task`
--

DROP TABLE IF EXISTS `cancelledfaas_task`;
/*!40101 SET @saved_cs_client     = @@character_set_client */;
/*!40101 SET character_set_client = utf8 */;
CREATE TABLE `cancelledfaas_task` (
  `objid` varchar(50) NOT NULL DEFAULT '',
  `refid` varchar(50) DEFAULT NULL,
  `parentprocessid` varchar(50) DEFAULT NULL,
  `state` varchar(50) DEFAULT NULL,
  `startdate` datetime DEFAULT NULL,
  `enddate` datetime DEFAULT NULL,
  `assignee_objid` varchar(50) DEFAULT NULL,
  `assignee_name` varchar(100) DEFAULT NULL,
  `assignee_title` varchar(80) DEFAULT NULL,
  `actor_objid` varchar(50) DEFAULT NULL,
  `actor_name` varchar(100) DEFAULT NULL,
  `actor_title` varchar(80) DEFAULT NULL,
  `message` varchar(255) DEFAULT NULL,
  `signature` text,
  `returnedby` varchar(100) DEFAULT NULL,
  PRIMARY KEY (`objid`),
  KEY `ix_refid` (`refid`),
  KEY `ix_assignee_objid` (`assignee_objid`),
  CONSTRAINT `FK_cancelledfaas_task_cancelledfaas` FOREIGN KEY (`refid`) REFERENCES `cancelledfaas` (`objid`)
) ENGINE=InnoDB DEFAULT CHARSET=utf8;
/*!40101 SET character_set_client = @saved_cs_client */;

--
-- Dumping data for table `cancelledfaas_task`
--

LOCK TABLES `cancelledfaas_task` WRITE;
/*!40000 ALTER TABLE `cancelledfaas_task` DISABLE KEYS */;
/*!40000 ALTER TABLE `cancelledfaas_task` ENABLE KEYS */;
UNLOCK TABLES;

--
-- Table structure for table `canceltdreason`
--

DROP TABLE IF EXISTS `canceltdreason`;
/*!40101 SET @saved_cs_client     = @@character_set_client */;
/*!40101 SET character_set_client = utf8 */;
CREATE TABLE `canceltdreason` (
  `objid` varchar(50) NOT NULL,
  `state` varchar(10) NOT NULL,
  `code` varchar(20) NOT NULL,
  `name` varchar(100) NOT NULL,
  `description` varchar(150) DEFAULT NULL,
  PRIMARY KEY (`objid`),
  UNIQUE KEY `ux_canceltdreason_code` (`code`),
  UNIQUE KEY `ux_canceltdreason_name` (`name`),
  KEY `ix_canceltdreason_state` (`state`)
) ENGINE=InnoDB DEFAULT CHARSET=utf8;
/*!40101 SET character_set_client = @saved_cs_client */;

--
-- Dumping data for table `canceltdreason`
--

LOCK TABLES `canceltdreason` WRITE;
/*!40000 ALTER TABLE `canceltdreason` DISABLE KEYS */;
INSERT INTO `canceltdreason` VALUES ('CR','APPROVED','CR','COURT RESOLUTION','COURT RESOLUTION'),('CS','APPROVED','CS','CONSOLIDATION','CONSOLIDATION'),('DR','APPROVED','DR','DUPLICATION OF RECORD','DUPLICATION OF RECORD'),('PD','APPROVED','PD','PARTIAL DEMOLITION','PARTIAL DEMOLITION'),('SD','APPROVED','SD','SUBDIVISION','SUBDIVISION'),('TD','APPROVED','TD','TOTAL DEMOLITION','TOTAL DEMOLITION'),('TR','APPROVED','TR','TRANSFER','TRANSFER');
/*!40000 ALTER TABLE `canceltdreason` ENABLE KEYS */;
UNLOCK TABLES;

--
-- Table structure for table `cash_treasury_ledger`
--

DROP TABLE IF EXISTS `cash_treasury_ledger`;
/*!40101 SET @saved_cs_client     = @@character_set_client */;
/*!40101 SET character_set_client = utf8 */;
CREATE TABLE `cash_treasury_ledger` (
  `objid` varchar(150) NOT NULL,
  `jevid` varchar(150) DEFAULT NULL,
  `itemacctid` varchar(50) DEFAULT NULL,
  `dr` decimal(16,4) DEFAULT NULL,
  `cr` decimal(16,4) DEFAULT NULL,
  PRIMARY KEY (`objid`),
  KEY `ix_itemacctid` (`itemacctid`),
  KEY `ix_jevid` (`jevid`),
  CONSTRAINT `cash_treasury_ledger_jevid` FOREIGN KEY (`jevid`) REFERENCES `jev` (`objid`)
) ENGINE=InnoDB DEFAULT CHARSET=utf8;
/*!40101 SET character_set_client = @saved_cs_client */;

--
-- Dumping data for table `cash_treasury_ledger`
--

LOCK TABLES `cash_treasury_ledger` WRITE;
/*!40000 ALTER TABLE `cash_treasury_ledger` DISABLE KEYS */;
/*!40000 ALTER TABLE `cash_treasury_ledger` ENABLE KEYS */;
UNLOCK TABLES;

--
-- Table structure for table `cashbook_revolving_fund`
--

DROP TABLE IF EXISTS `cashbook_revolving_fund`;
/*!40101 SET @saved_cs_client     = @@character_set_client */;
/*!40101 SET character_set_client = utf8 */;
CREATE TABLE `cashbook_revolving_fund` (
  `objid` varchar(50) NOT NULL,
  `state` varchar(25) NOT NULL,
  `dtfiled` datetime NOT NULL,
  `filedby_objid` varchar(50) NOT NULL,
  `filedby_name` varchar(150) NOT NULL,
  `issueto_objid` varchar(50) NOT NULL,
  `issueto_name` varchar(150) NOT NULL,
  `controldate` date NOT NULL,
  `amount` decimal(16,2) NOT NULL,
  `remarks` varchar(255) NOT NULL,
  `fund_objid` varchar(100) NOT NULL,
  `fund_title` varchar(255) NOT NULL,
  PRIMARY KEY (`objid`),
  KEY `ix_state` (`state`),
  KEY `ix_dtfiled` (`dtfiled`),
  KEY `ix_filedby_objid` (`filedby_objid`),
  KEY `ix_filedby_name` (`filedby_name`),
  KEY `ix_issueto_objid` (`issueto_objid`),
  KEY `ix_issueto_name` (`issueto_name`),
  KEY `ix_controldate` (`controldate`),
  KEY `ix_fund_objid` (`fund_objid`),
  KEY `ix_fund_title` (`fund_title`),
  CONSTRAINT `fk_cashbook_revolving_fund_fund_objid` FOREIGN KEY (`fund_objid`) REFERENCES `fund` (`objid`)
) ENGINE=InnoDB DEFAULT CHARSET=utf8;
/*!40101 SET character_set_client = @saved_cs_client */;

--
-- Dumping data for table `cashbook_revolving_fund`
--

LOCK TABLES `cashbook_revolving_fund` WRITE;
/*!40000 ALTER TABLE `cashbook_revolving_fund` DISABLE KEYS */;
/*!40000 ALTER TABLE `cashbook_revolving_fund` ENABLE KEYS */;
UNLOCK TABLES;

--
-- Table structure for table `cashreceipt`
--

DROP TABLE IF EXISTS `cashreceipt`;
/*!40101 SET @saved_cs_client     = @@character_set_client */;
/*!40101 SET character_set_client = utf8 */;
CREATE TABLE `cashreceipt` (
  `objid` varchar(50) NOT NULL,
  `state` varchar(10) NOT NULL,
  `txndate` datetime NOT NULL,
  `receiptno` varchar(50) NOT NULL,
  `receiptdate` datetime NOT NULL,
  `txnmode` varchar(10) NOT NULL,
  `payer_objid` varchar(50) DEFAULT NULL,
  `payer_name` varchar(800) DEFAULT NULL,
  `paidby` varchar(800) NOT NULL,
  `paidbyaddress` varchar(800) NOT NULL,
  `amount` decimal(16,4) DEFAULT NULL,
  `collector_objid` varchar(50) NOT NULL,
  `collector_name` varchar(100) NOT NULL,
  `collector_title` varchar(50) NOT NULL,
  `totalcash` decimal(16,4) DEFAULT NULL,
  `totalnoncash` decimal(16,4) DEFAULT NULL,
  `cashchange` decimal(16,4) NOT NULL,
  `totalcredit` decimal(16,4) NOT NULL,
  `org_objid` varchar(50) NOT NULL,
  `org_name` varchar(50) NOT NULL,
  `formno` varchar(50) NOT NULL,
  `series` int(11) NOT NULL,
  `controlid` varchar(50) NOT NULL,
  `collectiontype_objid` varchar(50) DEFAULT NULL,
  `collectiontype_name` varchar(100) DEFAULT NULL,
  `user_objid` varchar(50) DEFAULT NULL,
  `user_name` varchar(100) DEFAULT NULL,
  `remarks` varchar(200) DEFAULT NULL,
  `subcollector_objid` varchar(50) DEFAULT NULL,
  `subcollector_name` varchar(100) DEFAULT NULL,
  `subcollector_title` varchar(50) DEFAULT NULL,
  `formtype` varchar(25) DEFAULT NULL,
  `stub` varchar(25) DEFAULT NULL,
  `remittanceid` varchar(50) DEFAULT NULL,
  `subcollector_remittanceid` varchar(50) DEFAULT NULL,
  PRIMARY KEY (`objid`),
  KEY `ix_collectorid` (`collector_objid`),
  KEY `ix_collectorname` (`collector_name`),
  KEY `ix_receiptno` (`receiptno`),
  KEY `ix_state` (`state`),
  KEY `collectiontype_objid` (`collectiontype_objid`),
  KEY `controlid` (`controlid`),
  KEY `ix_remittanceid` (`remittanceid`),
  KEY `ix_subcollector_remittanceid` (`subcollector_remittanceid`),
  CONSTRAINT `cashreceipt_ibfk_1` FOREIGN KEY (`collector_objid`) REFERENCES `sys_user` (`objid`),
  CONSTRAINT `cashreceipt_ibfk_2` FOREIGN KEY (`collectiontype_objid`) REFERENCES `collectiontype` (`objid`),
  CONSTRAINT `fk_cashreceipt_remittanceid` FOREIGN KEY (`remittanceid`) REFERENCES `remittance` (`objid`),
  CONSTRAINT `fk_cashreceipt_subcollector_remittanceid` FOREIGN KEY (`subcollector_remittanceid`) REFERENCES `subcollector_remittance` (`objid`)
) ENGINE=InnoDB DEFAULT CHARSET=utf8;
/*!40101 SET character_set_client = @saved_cs_client */;

--
-- Dumping data for table `cashreceipt`
--

LOCK TABLES `cashreceipt` WRITE;
/*!40000 ALTER TABLE `cashreceipt` DISABLE KEYS */;
/*!40000 ALTER TABLE `cashreceipt` ENABLE KEYS */;
UNLOCK TABLES;

--
-- Table structure for table `cashreceipt_burial`
--

DROP TABLE IF EXISTS `cashreceipt_burial`;
/*!40101 SET @saved_cs_client     = @@character_set_client */;
/*!40101 SET character_set_client = utf8 */;
CREATE TABLE `cashreceipt_burial` (
  `objid` varchar(50) NOT NULL,
  `tocitymuni` varchar(100) DEFAULT NULL,
  `toprovince` varchar(100) DEFAULT NULL,
  `permissiontype` varchar(15) DEFAULT NULL,
  `name` varchar(100) DEFAULT NULL,
  `nationality` varchar(15) DEFAULT NULL,
  `age` int(11) DEFAULT NULL,
  `sex` varchar(10) DEFAULT NULL,
  `dtdeath` varchar(15) DEFAULT NULL,
  `deathcause` varchar(50) DEFAULT NULL,
  `cemetery` varchar(50) DEFAULT NULL,
  `infectious` varchar(50) DEFAULT NULL,
  `embalmed` varchar(50) DEFAULT NULL,
  `disposition` varchar(50) DEFAULT NULL,
  PRIMARY KEY (`objid`)
) ENGINE=InnoDB DEFAULT CHARSET=utf8;
/*!40101 SET character_set_client = @saved_cs_client */;

--
-- Dumping data for table `cashreceipt_burial`
--

LOCK TABLES `cashreceipt_burial` WRITE;
/*!40000 ALTER TABLE `cashreceipt_burial` DISABLE KEYS */;
/*!40000 ALTER TABLE `cashreceipt_burial` ENABLE KEYS */;
UNLOCK TABLES;

--
-- Table structure for table `cashreceipt_cancelseries`
--

DROP TABLE IF EXISTS `cashreceipt_cancelseries`;
/*!40101 SET @saved_cs_client     = @@character_set_client */;
/*!40101 SET character_set_client = utf8 */;
CREATE TABLE `cashreceipt_cancelseries` (
  `objid` varchar(50) NOT NULL,
  `receiptid` varchar(50) NOT NULL,
  `txndate` datetime NOT NULL,
  `postedby_objid` varchar(50) DEFAULT NULL,
  `postedby_name` varchar(100) DEFAULT NULL,
  `reason` varchar(255) DEFAULT NULL,
  `controlid` varchar(50) DEFAULT NULL,
  PRIMARY KEY (`objid`),
  KEY `receiptid` (`receiptid`),
  CONSTRAINT `cashreceipt_cancelseries_ibfk_1` FOREIGN KEY (`receiptid`) REFERENCES `cashreceipt` (`objid`)
) ENGINE=InnoDB DEFAULT CHARSET=utf8;
/*!40101 SET character_set_client = @saved_cs_client */;

--
-- Dumping data for table `cashreceipt_cancelseries`
--

LOCK TABLES `cashreceipt_cancelseries` WRITE;
/*!40000 ALTER TABLE `cashreceipt_cancelseries` DISABLE KEYS */;
/*!40000 ALTER TABLE `cashreceipt_cancelseries` ENABLE KEYS */;
UNLOCK TABLES;

--
-- Table structure for table `cashreceipt_cashticket`
--

DROP TABLE IF EXISTS `cashreceipt_cashticket`;
/*!40101 SET @saved_cs_client     = @@character_set_client */;
/*!40101 SET character_set_client = utf8 */;
CREATE TABLE `cashreceipt_cashticket` (
  `objid` varchar(50) NOT NULL,
  `qtyissued` int(11) DEFAULT NULL,
  PRIMARY KEY (`objid`),
  CONSTRAINT `cashreceipt_cashticket_ibfk_1` FOREIGN KEY (`objid`) REFERENCES `cashreceipt` (`objid`)
) ENGINE=InnoDB DEFAULT CHARSET=utf8;
/*!40101 SET character_set_client = @saved_cs_client */;

--
-- Dumping data for table `cashreceipt_cashticket`
--

LOCK TABLES `cashreceipt_cashticket` WRITE;
/*!40000 ALTER TABLE `cashreceipt_cashticket` DISABLE KEYS */;
/*!40000 ALTER TABLE `cashreceipt_cashticket` ENABLE KEYS */;
UNLOCK TABLES;

--
-- Table structure for table `cashreceipt_changelog`
--

DROP TABLE IF EXISTS `cashreceipt_changelog`;
/*!40101 SET @saved_cs_client     = @@character_set_client */;
/*!40101 SET character_set_client = utf8 */;
CREATE TABLE `cashreceipt_changelog` (
  `objid` varchar(50) NOT NULL,
  `receiptid` varchar(50) NOT NULL,
  `dtfiled` datetime NOT NULL,
  `filedby_objid` varchar(50) NOT NULL,
  `filedby_name` varchar(150) NOT NULL,
  `action` varchar(255) NOT NULL,
  `remarks` varchar(255) NOT NULL,
  `oldvalue` text NOT NULL,
  `newvalue` text NOT NULL,
  PRIMARY KEY (`objid`),
  KEY `ix_receiptid` (`receiptid`),
  KEY `ix_dtfiled` (`dtfiled`),
  KEY `ix_filedby_objid` (`filedby_objid`),
  KEY `ix_filedby_name` (`filedby_name`),
  KEY `ix_action` (`action`),
  CONSTRAINT `fk_cashreceipt_changelog_receiptid` FOREIGN KEY (`receiptid`) REFERENCES `cashreceipt` (`objid`)
) ENGINE=InnoDB DEFAULT CHARSET=utf8;
/*!40101 SET character_set_client = @saved_cs_client */;

--
-- Dumping data for table `cashreceipt_changelog`
--

LOCK TABLES `cashreceipt_changelog` WRITE;
/*!40000 ALTER TABLE `cashreceipt_changelog` DISABLE KEYS */;
/*!40000 ALTER TABLE `cashreceipt_changelog` ENABLE KEYS */;
UNLOCK TABLES;

--
-- Table structure for table `cashreceipt_ctc_corporate`
--

DROP TABLE IF EXISTS `cashreceipt_ctc_corporate`;
/*!40101 SET @saved_cs_client     = @@character_set_client */;
/*!40101 SET character_set_client = utf8 */;
CREATE TABLE `cashreceipt_ctc_corporate` (
  `objid` varchar(50) NOT NULL,
  `payer_tin` varchar(50) DEFAULT NULL,
  `payer_orgtype` varchar(50) DEFAULT NULL,
  `payer_nature` varchar(50) DEFAULT NULL,
  `payer_dtregistered` datetime DEFAULT NULL,
  `payer_placeregistered` varchar(100) DEFAULT NULL,
  `additional_remarks` varchar(100) DEFAULT NULL,
  `realpropertyav` decimal(16,4) NOT NULL,
  `businessgross` decimal(16,4) NOT NULL,
  `basictax` decimal(16,4) NOT NULL,
  `propertyavtax` decimal(16,4) NOT NULL,
  `businessgrosstax` decimal(16,4) NOT NULL,
  `totaltax` decimal(16,4) NOT NULL,
  `interest` decimal(16,4) NOT NULL,
  `amountdue` decimal(16,4) NOT NULL,
  PRIMARY KEY (`objid`),
  CONSTRAINT `cashreceipt_ctc_corporate_ibfk_1` FOREIGN KEY (`objid`) REFERENCES `cashreceipt` (`objid`)
) ENGINE=InnoDB DEFAULT CHARSET=utf8;
/*!40101 SET character_set_client = @saved_cs_client */;

--
-- Dumping data for table `cashreceipt_ctc_corporate`
--

LOCK TABLES `cashreceipt_ctc_corporate` WRITE;
/*!40000 ALTER TABLE `cashreceipt_ctc_corporate` DISABLE KEYS */;
/*!40000 ALTER TABLE `cashreceipt_ctc_corporate` ENABLE KEYS */;
UNLOCK TABLES;

--
-- Table structure for table `cashreceipt_ctc_individual`
--

DROP TABLE IF EXISTS `cashreceipt_ctc_individual`;
/*!40101 SET @saved_cs_client     = @@character_set_client */;
/*!40101 SET character_set_client = utf8 */;
CREATE TABLE `cashreceipt_ctc_individual` (
  `objid` varchar(50) NOT NULL,
  `payer_profession` varchar(50) DEFAULT NULL,
  `payer_citizenship` varchar(50) DEFAULT NULL,
  `payer_civilstatus` varchar(25) DEFAULT NULL,
  `payer_height` varchar(25) DEFAULT NULL,
  `payer_weight` varchar(25) DEFAULT NULL,
  `additional_remarks` varchar(100) DEFAULT NULL,
  `businessgross` decimal(16,4) NOT NULL,
  `annualsalary` decimal(16,4) NOT NULL,
  `propertyincome` decimal(16,4) NOT NULL,
  `basictax` decimal(16,4) NOT NULL,
  `salarytax` decimal(16,4) NOT NULL,
  `businessgrosstax` decimal(16,4) NOT NULL,
  `propertyincometax` decimal(16,4) NOT NULL,
  `additionaltax` decimal(16,4) NOT NULL,
  `totaltax` decimal(16,4) NOT NULL,
  `interest` decimal(16,4) NOT NULL,
  `amountdue` decimal(16,4) NOT NULL,
  `interestdue` decimal(16,4) NOT NULL,
  `barangay_objid` varchar(50) DEFAULT NULL,
  `barangay_name` varchar(50) DEFAULT NULL,
  `brgytaxshare` decimal(16,4) NOT NULL,
  `brgyinterestshare` decimal(16,4) NOT NULL,
  PRIMARY KEY (`objid`),
  CONSTRAINT `cashreceipt_ctc_individual_ibfk_1` FOREIGN KEY (`objid`) REFERENCES `cashreceipt` (`objid`)
) ENGINE=InnoDB DEFAULT CHARSET=utf8;
/*!40101 SET character_set_client = @saved_cs_client */;

--
-- Dumping data for table `cashreceipt_ctc_individual`
--

LOCK TABLES `cashreceipt_ctc_individual` WRITE;
/*!40000 ALTER TABLE `cashreceipt_ctc_individual` DISABLE KEYS */;
/*!40000 ALTER TABLE `cashreceipt_ctc_individual` ENABLE KEYS */;
UNLOCK TABLES;

--
-- Table structure for table `cashreceipt_group`
--

DROP TABLE IF EXISTS `cashreceipt_group`;
/*!40101 SET @saved_cs_client     = @@character_set_client */;
/*!40101 SET character_set_client = utf8 */;
CREATE TABLE `cashreceipt_group` (
  `objid` varchar(50) NOT NULL,
  `txndate` datetime NOT NULL,
  `controlid` varchar(50) NOT NULL,
  `amount` decimal(16,2) NOT NULL,
  `totalcash` decimal(16,2) NOT NULL,
  `totalnoncash` decimal(16,2) NOT NULL,
  `cashchange` decimal(16,2) NOT NULL,
  PRIMARY KEY (`objid`),
  KEY `ix_controlid` (`controlid`),
  KEY `ix_txndate` (`txndate`)
) ENGINE=InnoDB DEFAULT CHARSET=utf8;
/*!40101 SET character_set_client = @saved_cs_client */;

--
-- Dumping data for table `cashreceipt_group`
--

LOCK TABLES `cashreceipt_group` WRITE;
/*!40000 ALTER TABLE `cashreceipt_group` DISABLE KEYS */;
/*!40000 ALTER TABLE `cashreceipt_group` ENABLE KEYS */;
UNLOCK TABLES;

--
-- Table structure for table `cashreceipt_groupitem`
--

DROP TABLE IF EXISTS `cashreceipt_groupitem`;
/*!40101 SET @saved_cs_client     = @@character_set_client */;
/*!40101 SET character_set_client = utf8 */;
CREATE TABLE `cashreceipt_groupitem` (
  `objid` varchar(50) NOT NULL,
  `parentid` varchar(50) NOT NULL,
  PRIMARY KEY (`objid`),
  KEY `ix_parentid` (`parentid`),
  CONSTRAINT `fk_cashreceipt_groupitem_objid` FOREIGN KEY (`objid`) REFERENCES `cashreceipt` (`objid`),
  CONSTRAINT `fk_cashreceipt_groupitem_parentid` FOREIGN KEY (`parentid`) REFERENCES `cashreceipt_group` (`objid`)
) ENGINE=InnoDB DEFAULT CHARSET=utf8;
/*!40101 SET character_set_client = @saved_cs_client */;

--
-- Dumping data for table `cashreceipt_groupitem`
--

LOCK TABLES `cashreceipt_groupitem` WRITE;
/*!40000 ALTER TABLE `cashreceipt_groupitem` DISABLE KEYS */;
/*!40000 ALTER TABLE `cashreceipt_groupitem` ENABLE KEYS */;
UNLOCK TABLES;

--
-- Table structure for table `cashreceipt_largecattleownership`
--

DROP TABLE IF EXISTS `cashreceipt_largecattleownership`;
/*!40101 SET @saved_cs_client     = @@character_set_client */;
/*!40101 SET character_set_client = utf8 */;
CREATE TABLE `cashreceipt_largecattleownership` (
  `objid` varchar(50) NOT NULL,
  `ownerof` varchar(200) DEFAULT NULL,
  `sex` varchar(10) DEFAULT NULL,
  `age` int(11) DEFAULT NULL,
  `municipalitybrand` varchar(20) DEFAULT NULL,
  `ownerbrand` varchar(20) DEFAULT NULL,
  PRIMARY KEY (`objid`),
  CONSTRAINT `cashreceipt_largecattleownership_ibfk_1` FOREIGN KEY (`objid`) REFERENCES `cashreceipt` (`objid`)
) ENGINE=InnoDB DEFAULT CHARSET=utf8;
/*!40101 SET character_set_client = @saved_cs_client */;

--
-- Dumping data for table `cashreceipt_largecattleownership`
--

LOCK TABLES `cashreceipt_largecattleownership` WRITE;
/*!40000 ALTER TABLE `cashreceipt_largecattleownership` DISABLE KEYS */;
/*!40000 ALTER TABLE `cashreceipt_largecattleownership` ENABLE KEYS */;
UNLOCK TABLES;

--
-- Table structure for table `cashreceipt_largecattletransfer`
--

DROP TABLE IF EXISTS `cashreceipt_largecattletransfer`;
/*!40101 SET @saved_cs_client     = @@character_set_client */;
/*!40101 SET character_set_client = utf8 */;
CREATE TABLE `cashreceipt_largecattletransfer` (
  `objid` varchar(50) NOT NULL DEFAULT '',
  `purchasedby` varchar(200) DEFAULT NULL,
  `price` decimal(16,4) DEFAULT NULL,
  `citymuni` varchar(100) DEFAULT NULL,
  `province` varchar(100) DEFAULT NULL,
  `sex` varchar(10) DEFAULT NULL,
  `age` int(11) DEFAULT NULL,
  `municipalitybrand` varchar(20) DEFAULT NULL,
  `ownerbrand` varchar(20) DEFAULT NULL,
  `certificateno` varchar(30) DEFAULT NULL,
  `issuedate` date DEFAULT NULL,
  `issuedcitymuni` varchar(100) DEFAULT NULL,
  `issuedprovince` varchar(100) DEFAULT NULL,
  `attestedby` varchar(100) DEFAULT NULL,
  `treasurer` varchar(100) DEFAULT NULL,
  PRIMARY KEY (`objid`),
  CONSTRAINT `cashreceipt_largecattletransfer_ibfk_1` FOREIGN KEY (`objid`) REFERENCES `cashreceipt` (`objid`)
) ENGINE=InnoDB DEFAULT CHARSET=utf8;
/*!40101 SET character_set_client = @saved_cs_client */;

--
-- Dumping data for table `cashreceipt_largecattletransfer`
--

LOCK TABLES `cashreceipt_largecattletransfer` WRITE;
/*!40000 ALTER TABLE `cashreceipt_largecattletransfer` DISABLE KEYS */;
/*!40000 ALTER TABLE `cashreceipt_largecattletransfer` ENABLE KEYS */;
UNLOCK TABLES;

--
-- Table structure for table `cashreceipt_marriage`
--

DROP TABLE IF EXISTS `cashreceipt_marriage`;
/*!40101 SET @saved_cs_client     = @@character_set_client */;
/*!40101 SET character_set_client = utf8 */;
CREATE TABLE `cashreceipt_marriage` (
  `objid` varchar(50) NOT NULL,
  `groomname` varchar(100) DEFAULT NULL,
  `groomaddress` varchar(100) DEFAULT NULL,
  `groomageyear` int(11) DEFAULT NULL,
  `groomagemonth` int(11) DEFAULT NULL,
  `bridename` varchar(100) DEFAULT NULL,
  `brideaddress` varchar(100) DEFAULT NULL,
  `brideageyear` int(11) DEFAULT NULL,
  `brideagemonth` int(11) DEFAULT NULL,
  `registerno` varchar(30) DEFAULT NULL,
  `attachments` varchar(200) DEFAULT NULL,
  `lcrofficer` varchar(100) DEFAULT NULL,
  `lcrofficertitle` varchar(50) DEFAULT NULL,
  PRIMARY KEY (`objid`),
  CONSTRAINT `cashreceipt_marriage_ibfk_1` FOREIGN KEY (`objid`) REFERENCES `cashreceipt` (`objid`)
) ENGINE=InnoDB DEFAULT CHARSET=utf8;
/*!40101 SET character_set_client = @saved_cs_client */;

--
-- Dumping data for table `cashreceipt_marriage`
--

LOCK TABLES `cashreceipt_marriage` WRITE;
/*!40000 ALTER TABLE `cashreceipt_marriage` DISABLE KEYS */;
/*!40000 ALTER TABLE `cashreceipt_marriage` ENABLE KEYS */;
UNLOCK TABLES;

--
-- Table structure for table `cashreceipt_plugin`
--

DROP TABLE IF EXISTS `cashreceipt_plugin`;
/*!40101 SET @saved_cs_client     = @@character_set_client */;
/*!40101 SET character_set_client = utf8 */;
CREATE TABLE `cashreceipt_plugin` (
  `objid` varchar(50) NOT NULL,
  `connection` varchar(150) NOT NULL,
  `servicename` varchar(255) NOT NULL,
  PRIMARY KEY (`objid`)
) ENGINE=InnoDB DEFAULT CHARSET=utf8;
/*!40101 SET character_set_client = @saved_cs_client */;

--
-- Dumping data for table `cashreceipt_plugin`
--

LOCK TABLES `cashreceipt_plugin` WRITE;
/*!40000 ALTER TABLE `cashreceipt_plugin` DISABLE KEYS */;
/*!40000 ALTER TABLE `cashreceipt_plugin` ENABLE KEYS */;
UNLOCK TABLES;

--
-- Table structure for table `cashreceipt_reprint_log`
--

DROP TABLE IF EXISTS `cashreceipt_reprint_log`;
/*!40101 SET @saved_cs_client     = @@character_set_client */;
/*!40101 SET character_set_client = utf8 */;
CREATE TABLE `cashreceipt_reprint_log` (
  `objid` varchar(50) NOT NULL,
  `receiptid` varchar(50) NOT NULL,
  `approvedby_objid` varchar(50) NOT NULL,
  `approvedby_name` varchar(150) NOT NULL,
  `dtapproved` datetime NOT NULL,
  `reason` varchar(255) NOT NULL,
  PRIMARY KEY (`objid`),
  KEY `ix_approvedby_name` (`approvedby_name`),
  KEY `ix_approvedby_objid` (`approvedby_objid`),
  KEY `ix_dtapproved` (`dtapproved`),
  KEY `ix_receiptid` (`receiptid`),
  CONSTRAINT `fk_cashreceipt_reprint_log_receiptid` FOREIGN KEY (`receiptid`) REFERENCES `cashreceipt` (`objid`)
) ENGINE=InnoDB DEFAULT CHARSET=utf8;
/*!40101 SET character_set_client = @saved_cs_client */;

--
-- Dumping data for table `cashreceipt_reprint_log`
--

LOCK TABLES `cashreceipt_reprint_log` WRITE;
/*!40000 ALTER TABLE `cashreceipt_reprint_log` DISABLE KEYS */;
/*!40000 ALTER TABLE `cashreceipt_reprint_log` ENABLE KEYS */;
UNLOCK TABLES;

--
-- Table structure for table `cashreceipt_rpt`
--

DROP TABLE IF EXISTS `cashreceipt_rpt`;
/*!40101 SET @saved_cs_client     = @@character_set_client */;
/*!40101 SET character_set_client = utf8 */;
CREATE TABLE `cashreceipt_rpt` (
  `objid` varchar(50) NOT NULL,
  `year` int(11) NOT NULL,
  `qtr` int(11) NOT NULL,
  `month` int(11) NOT NULL,
  `day` int(11) NOT NULL,
  `txntype` varchar(50) DEFAULT NULL,
  PRIMARY KEY (`objid`),
  CONSTRAINT `cashreceipt_rpt_ibfk_1` FOREIGN KEY (`objid`) REFERENCES `cashreceipt` (`objid`)
) ENGINE=InnoDB DEFAULT CHARSET=utf8;
/*!40101 SET character_set_client = @saved_cs_client */;

--
-- Dumping data for table `cashreceipt_rpt`
--

LOCK TABLES `cashreceipt_rpt` WRITE;
/*!40000 ALTER TABLE `cashreceipt_rpt` DISABLE KEYS */;
/*!40000 ALTER TABLE `cashreceipt_rpt` ENABLE KEYS */;
UNLOCK TABLES;

--
-- Table structure for table `cashreceipt_rpt_share_forposting`
--

DROP TABLE IF EXISTS `cashreceipt_rpt_share_forposting`;
/*!40101 SET @saved_cs_client     = @@character_set_client */;
/*!40101 SET character_set_client = utf8 */;
CREATE TABLE `cashreceipt_rpt_share_forposting` (
  `objid` varchar(50) NOT NULL,
  `receiptid` varchar(50) NOT NULL,
  `rptledgerid` varchar(50) NOT NULL,
  `txndate` datetime NOT NULL,
  `error` int(255) NOT NULL,
  `msg` text,
  PRIMARY KEY (`objid`),
  UNIQUE KEY `ux_receiptid_rptledgerid` (`receiptid`,`rptledgerid`),
  KEY `fk_cashreceipt_rpt_share_forposing_rptledger` (`rptledgerid`),
  KEY `fk_cashreceipt_rpt_share_forposing_cashreceipt` (`receiptid`),
  CONSTRAINT `fk_cashreceipt_rpt_share_forposing_cashreceipt` FOREIGN KEY (`receiptid`) REFERENCES `cashreceipt` (`objid`),
  CONSTRAINT `fk_cashreceipt_rpt_share_forposing_rptledger` FOREIGN KEY (`rptledgerid`) REFERENCES `rptledger` (`objid`)
) ENGINE=InnoDB DEFAULT CHARSET=utf8;
/*!40101 SET character_set_client = @saved_cs_client */;

--
-- Dumping data for table `cashreceipt_rpt_share_forposting`
--

LOCK TABLES `cashreceipt_rpt_share_forposting` WRITE;
/*!40000 ALTER TABLE `cashreceipt_rpt_share_forposting` DISABLE KEYS */;
/*!40000 ALTER TABLE `cashreceipt_rpt_share_forposting` ENABLE KEYS */;
UNLOCK TABLES;

--
-- Table structure for table `cashreceipt_rpt_share_forposting_repost`
--

DROP TABLE IF EXISTS `cashreceipt_rpt_share_forposting_repost`;
/*!40101 SET @saved_cs_client     = @@character_set_client */;
/*!40101 SET character_set_client = utf8 */;
CREATE TABLE `cashreceipt_rpt_share_forposting_repost` (
  `objid` varchar(100) NOT NULL,
  `rptpaymentid` varchar(50) NOT NULL,
  `receiptid` varchar(50) NOT NULL,
  `receiptdate` date NOT NULL,
  `rptledgerid` varchar(50) NOT NULL,
  `error` int(11) DEFAULT NULL,
  `msg` text,
  `receipttype` varchar(10) DEFAULT NULL,
  PRIMARY KEY (`objid`),
  UNIQUE KEY `ux_receiptid_rptledgerid` (`receiptid`,`rptledgerid`) USING BTREE,
  KEY `fk_rptshare_repost_rptledgerid` (`rptledgerid`) USING BTREE,
  KEY `fk_rptshare_repost_cashreceiptid` (`receiptid`) USING BTREE,
  CONSTRAINT `cashreceipt_rpt_share_forposting_repost_ibfk_2` FOREIGN KEY (`rptledgerid`) REFERENCES `rptledger` (`objid`)
) ENGINE=InnoDB DEFAULT CHARSET=utf8;
/*!40101 SET character_set_client = @saved_cs_client */;

--
-- Dumping data for table `cashreceipt_rpt_share_forposting_repost`
--

LOCK TABLES `cashreceipt_rpt_share_forposting_repost` WRITE;
/*!40000 ALTER TABLE `cashreceipt_rpt_share_forposting_repost` DISABLE KEYS */;
/*!40000 ALTER TABLE `cashreceipt_rpt_share_forposting_repost` ENABLE KEYS */;
UNLOCK TABLES;

--
-- Table structure for table `cashreceipt_share`
--

DROP TABLE IF EXISTS `cashreceipt_share`;
/*!40101 SET @saved_cs_client     = @@character_set_client */;
/*!40101 SET character_set_client = utf8 */;
CREATE TABLE `cashreceipt_share` (
  `objid` varchar(50) NOT NULL,
  `receiptid` varchar(50) NOT NULL,
  `refitem_objid` varchar(50) NOT NULL,
  `payableitem_objid` varchar(50) NOT NULL,
  `amount` decimal(16,4) NOT NULL,
  `share` decimal(16,2) DEFAULT NULL,
  `receiptitemid` varchar(50) DEFAULT NULL,
  PRIMARY KEY (`objid`),
  KEY `ix_receiptid` (`receiptid`),
  KEY `ix_refitem_objid` (`refitem_objid`),
  KEY `ix_payableitem_objid` (`payableitem_objid`),
  KEY `ix_receiptitemid` (`receiptitemid`),
  CONSTRAINT `fk_cashreceipt_share_receiptid` FOREIGN KEY (`receiptid`) REFERENCES `cashreceipt` (`objid`)
) ENGINE=InnoDB DEFAULT CHARSET=utf8;
/*!40101 SET character_set_client = @saved_cs_client */;

--
-- Dumping data for table `cashreceipt_share`
--

LOCK TABLES `cashreceipt_share` WRITE;
/*!40000 ALTER TABLE `cashreceipt_share` DISABLE KEYS */;
/*!40000 ALTER TABLE `cashreceipt_share` ENABLE KEYS */;
UNLOCK TABLES;

--
-- Table structure for table `cashreceipt_slaughter`
--

DROP TABLE IF EXISTS `cashreceipt_slaughter`;
/*!40101 SET @saved_cs_client     = @@character_set_client */;
/*!40101 SET character_set_client = utf8 */;
CREATE TABLE `cashreceipt_slaughter` (
  `objid` varchar(50) NOT NULL,
  `acctid` varchar(50) DEFAULT NULL,
  `acctno` varchar(50) DEFAULT NULL,
  `acctitle` varchar(100) DEFAULT NULL,
  `permitamount` decimal(18,2) DEFAULT NULL,
  `slaughterof` varchar(25) DEFAULT NULL,
  `weight` decimal(18,2) DEFAULT NULL,
  `ordinanceno` varchar(50) DEFAULT NULL,
  `ordinancedate` varchar(50) DEFAULT NULL,
  PRIMARY KEY (`objid`),
  CONSTRAINT `cashreceipt_slaughter_ibfk_1` FOREIGN KEY (`objid`) REFERENCES `cashreceipt` (`objid`)
) ENGINE=InnoDB DEFAULT CHARSET=utf8;
/*!40101 SET character_set_client = @saved_cs_client */;

--
-- Dumping data for table `cashreceipt_slaughter`
--

LOCK TABLES `cashreceipt_slaughter` WRITE;
/*!40000 ALTER TABLE `cashreceipt_slaughter` DISABLE KEYS */;
/*!40000 ALTER TABLE `cashreceipt_slaughter` ENABLE KEYS */;
UNLOCK TABLES;

--
-- Table structure for table `cashreceipt_void`
--

DROP TABLE IF EXISTS `cashreceipt_void`;
/*!40101 SET @saved_cs_client     = @@character_set_client */;
/*!40101 SET character_set_client = utf8 */;
CREATE TABLE `cashreceipt_void` (
  `objid` varchar(50) NOT NULL,
  `receiptid` varchar(50) NOT NULL,
  `txndate` datetime NOT NULL,
  `postedby_objid` varchar(50) NOT NULL,
  `postedby_name` varchar(100) NOT NULL,
  `reason` varchar(255) NOT NULL,
  PRIMARY KEY (`objid`),
  KEY `receiptid` (`receiptid`),
  CONSTRAINT `cashreceipt_void_ibfk_1` FOREIGN KEY (`receiptid`) REFERENCES `cashreceipt` (`objid`)
) ENGINE=InnoDB DEFAULT CHARSET=utf8;
/*!40101 SET character_set_client = @saved_cs_client */;

--
-- Dumping data for table `cashreceipt_void`
--

LOCK TABLES `cashreceipt_void` WRITE;
/*!40000 ALTER TABLE `cashreceipt_void` DISABLE KEYS */;
/*!40000 ALTER TABLE `cashreceipt_void` ENABLE KEYS */;
UNLOCK TABLES;

--
-- Table structure for table `cashreceiptitem`
--

DROP TABLE IF EXISTS `cashreceiptitem`;
/*!40101 SET @saved_cs_client     = @@character_set_client */;
/*!40101 SET character_set_client = utf8 */;
CREATE TABLE `cashreceiptitem` (
  `objid` varchar(50) NOT NULL,
  `receiptid` varchar(50) DEFAULT NULL,
  `item_objid` varchar(50) NOT NULL,
  `item_code` varchar(100) NOT NULL,
  `item_title` varchar(255) NOT NULL,
  `amount` decimal(16,4) DEFAULT NULL,
  `remarks` varchar(255) DEFAULT NULL,
  `sortorder` int(11) DEFAULT NULL,
  `item_fund_objid` varchar(100) DEFAULT NULL,
  PRIMARY KEY (`objid`),
  KEY `FK_cashreceiptitem` (`receiptid`),
  KEY `item_objid` (`item_objid`),
  KEY `ix_item_fund_objid` (`item_fund_objid`),
  CONSTRAINT `cashreceiptitem_ibfk_1` FOREIGN KEY (`receiptid`) REFERENCES `cashreceipt` (`objid`),
  CONSTRAINT `cashreceiptitem_ibfk_2` FOREIGN KEY (`item_objid`) REFERENCES `itemaccount` (`objid`),
  CONSTRAINT `fk_cashreceiptitem_item_fund_objid` FOREIGN KEY (`item_fund_objid`) REFERENCES `fund` (`objid`)
) ENGINE=InnoDB DEFAULT CHARSET=utf8;
/*!40101 SET character_set_client = @saved_cs_client */;

--
-- Dumping data for table `cashreceiptitem`
--

LOCK TABLES `cashreceiptitem` WRITE;
/*!40000 ALTER TABLE `cashreceiptitem` DISABLE KEYS */;
/*!40000 ALTER TABLE `cashreceiptitem` ENABLE KEYS */;
UNLOCK TABLES;

--
-- Table structure for table `cashreceiptitem_account`
--

DROP TABLE IF EXISTS `cashreceiptitem_account`;
/*!40101 SET @saved_cs_client     = @@character_set_client */;
/*!40101 SET character_set_client = utf8 */;
CREATE TABLE `cashreceiptitem_account` (
  `item_objid` varchar(50) NOT NULL,
  `item_code` varchar(50) DEFAULT NULL,
  `item_title` varchar(255) DEFAULT NULL,
  `item_fund_objid` varchar(100) DEFAULT NULL,
  `itemaccount_fund_objid` varchar(100) DEFAULT NULL,
  KEY `ix_item_objid` (`item_objid`),
  KEY `ix_item_fund_objid` (`item_fund_objid`),
  KEY `ix_itemaccount_fund_objid` (`itemaccount_fund_objid`)
) ENGINE=InnoDB DEFAULT CHARSET=utf8;
/*!40101 SET character_set_client = @saved_cs_client */;

--
-- Dumping data for table `cashreceiptitem_account`
--

LOCK TABLES `cashreceiptitem_account` WRITE;
/*!40000 ALTER TABLE `cashreceiptitem_account` DISABLE KEYS */;
INSERT INTO `cashreceiptitem_account` VALUES ('REVITEM-ca566f8:150d57eace0:-7c6c','418-1','RPT BASIC PREVIOUS YEAR PROV SHARE','FUND532d6893:15d05b0ec66:-6146','FUND532d6893:15d05b0ec66:-6146'),('REVITEM-ca566f8:150d57eace0:-7c36','418-1','RPT SEF PREVIOUS YEAR PROV SHARE','FUND532d6893:15d05b0ec66:-6126','FUND532d6893:15d05b0ec66:-6126'),('REVITEM-ca566f8:150d57eace0:-7a95','599-1','RPT BASIC PREVIOUS YEAR PENALTY PROV SHARE','FUND532d6893:15d05b0ec66:-6146','FUND532d6893:15d05b0ec66:-6146'),('REVITEM-ca566f8:150d57eace0:-7a4b','599-1','RPT SEF PREVIOUS YEAR PENALTY PROV SHARE','FUND532d6893:15d05b0ec66:-6126','FUND532d6893:15d05b0ec66:-6126'),('REVITEM-1a70d4ec:147f0b16b58:-6265','588-04','RPT BASIC PREVIOUS YEAR','FUND532d6893:15d05b0ec66:-6146','FUND532d6893:15d05b0ec66:-6146'),('REVITEM-1a70d4ec:147f0b16b58:-6218','588-05','RPT BASIC PREVIOUS YEAR - PENALTY','FUND532d6893:15d05b0ec66:-6146','FUND532d6893:15d05b0ec66:-6146'),('REVITEM-1a70d4ec:147f0b16b58:-5f99','591-04','RPT SEF PREVIOUS YEAR','FUND532d6893:15d05b0ec66:-6126','FUND532d6893:15d05b0ec66:-6126'),('REVITEM-1a70d4ec:147f0b16b58:-5f67','591-05','RPT SEF PREVIOUS YEAR - PENALTY','FUND532d6893:15d05b0ec66:-6126','FUND532d6893:15d05b0ec66:-6126'),('basicprevint:brgy:047220016','599-3-14','BRGY. DATAG RPT BASIC PREVIOUS YEAR - PENALTY','FUND532d6893:15d05b0ec66:-6146','FUND532d6893:15d05b0ec66:-6146'),('basicprev:brgy:047220016','418-3-14','BRGY. DATAG RPT BASIC PREVIOUS YEAR','FUND532d6893:15d05b0ec66:-6146','FUND532d6893:15d05b0ec66:-6146'),('basicprevint:brgy:047220004','599-3-2','BRGY. ANTIPOLO RPT BASIC PREVIOUS YEAR - PENALTY','FUND532d6893:15d05b0ec66:-6146','FUND532d6893:15d05b0ec66:-6146'),('basicprev:brgy:047220004','418-3-2','BRGY. ANTIPOLO RPT BASIC PREVIOUS YEAR','FUND532d6893:15d05b0ec66:-6146','FUND532d6893:15d05b0ec66:-6146'),('REVITEM-ca566f8:150d57eace0:-7cd7','418-1','RPT BASIC CURRENT YEAR PROV SHARE','FUND532d6893:15d05b0ec66:-6146','FUND532d6893:15d05b0ec66:-6146'),('REVITEM-ca566f8:150d57eace0:-7ca2','418-1','RPT SEF CURRENT YEAR PROV SHARE','FUND532d6893:15d05b0ec66:-6126','FUND532d6893:15d05b0ec66:-6126'),('REVITEM-ca566f8:150d57eace0:-7acb','599-1','RPT BASIC CURRENT YEAR PENALTY PROV SHARE','FUND532d6893:15d05b0ec66:-6146','FUND532d6893:15d05b0ec66:-6146'),('REVITEM-ca566f8:150d57eace0:-7a16','599-1','RPT SEF CURRENT YEAR PENALTY PROV SHARE','FUND532d6893:15d05b0ec66:-6126','FUND532d6893:15d05b0ec66:-6126'),('REVITEM-1a70d4ec:147f0b16b58:-63ff','588-01','RPT BASIC CURRENT YEAR','FUND532d6893:15d05b0ec66:-6146','FUND532d6893:15d05b0ec66:-6146'),('REVITEM-1a70d4ec:147f0b16b58:-6334','588-02','RPT BASIC CURRENT YEAR - PENALTY','FUND532d6893:15d05b0ec66:-6146','FUND532d6893:15d05b0ec66:-6146'),('REVITEM-1a70d4ec:147f0b16b58:-60d8','591-01','RPT SEF CURRENT YEAR','FUND532d6893:15d05b0ec66:-6126','FUND532d6893:15d05b0ec66:-6126'),('REVITEM-1a70d4ec:147f0b16b58:-60a5','591-02','RPT SEF CURRENT YEAR - PENALTY','FUND532d6893:15d05b0ec66:-6126','FUND532d6893:15d05b0ec66:-6126'),('basiccurrentint:brgy:047220028','599-3-28','BRGY. EAST-ULBUJAN RPT BASIC CURRENT YEAR - PENALTY','FUND532d6893:15d05b0ec66:-6146','FUND532d6893:15d05b0ec66:-6146'),('basiccurrent:brgy:047220028','418-3-28','BRGY. EAST-ULBUJAN RPT BASIC CURRENT YEAR','FUND532d6893:15d05b0ec66:-6146','FUND532d6893:15d05b0ec66:-6146'),('basicprevint:brgy:047220028','599-3-28','BRGY. EAST-ULBUJAN RPT BASIC PREVIOUS YEAR - PENALTY','FUND532d6893:15d05b0ec66:-6146','FUND532d6893:15d05b0ec66:-6146'),('basicprev:brgy:047220028','418-3-28','BRGY. EAST-ULBUJAN RPT BASIC PREVIOUS YEAR','FUND532d6893:15d05b0ec66:-6146','FUND532d6893:15d05b0ec66:-6146'),('basiccurrentint:brgy:047220022','599-3-20','BRGY. MANABA RPT BASIC CURRENT YEAR - PENALTY','FUND532d6893:15d05b0ec66:-6146','FUND532d6893:15d05b0ec66:-6146'),('basiccurrent:brgy:047220022','418-3-20','BRGY. MANABA RPT BASIC CURRENT YEAR','FUND532d6893:15d05b0ec66:-6146','FUND532d6893:15d05b0ec66:-6146'),('basiccurrentint:brgy:047220021','599-3-19','BRGY. MALINAO RPT BASIC CURRENT YEAR - PENALTY','FUND532d6893:15d05b0ec66:-6146','FUND532d6893:15d05b0ec66:-6146'),('basiccurrent:brgy:047220021','418-3-19','BRGY. MALINAO RPT BASIC CURRENT YEAR','FUND532d6893:15d05b0ec66:-6146','FUND532d6893:15d05b0ec66:-6146'),('basiccurrentint:brgy:047220016','599-3-14','BRGY. DATAG RPT BASIC CURRENT YEAR - PENALTY','FUND532d6893:15d05b0ec66:-6146','FUND532d6893:15d05b0ec66:-6146'),('basiccurrent:brgy:047220016','418-3-14','BRGY. DATAG RPT BASIC CURRENT YEAR','FUND532d6893:15d05b0ec66:-6146','FUND532d6893:15d05b0ec66:-6146'),('REVITEM-1a70d4ec:147f0b16b58:-6297','588-03','RPT BASIC ADVANCE PAYMENT','FUND532d6893:15d05b0ec66:-6146','FUND532d6893:15d05b0ec66:-6146'),('REVITEM-1a70d4ec:147f0b16b58:-6072','591-03','RPT SEF ADVANCE PAYMENT','FUND532d6893:15d05b0ec66:-6126','FUND532d6893:15d05b0ec66:-6126'),('basiccurrent:brgy:047220002','418-3-23','BRGY. WEST-POBLACION RPT BASIC CURRENT YEAR','FUND532d6893:15d05b0ec66:-6146','FUND532d6893:15d05b0ec66:-6146'),('basiccurrent:brgy:047220001','418-3-22','BRGY. EAST-POBLACION RPT BASIC CURRENT YEAR','FUND532d6893:15d05b0ec66:-6146','FUND532d6893:15d05b0ec66:-6146'),('basiccurrent:brgy:047220010','418-3-8','BRGY. WEST-CANAYAON RPT BASIC CURRENT YEAR','FUND532d6893:15d05b0ec66:-6146','FUND532d6893:15d05b0ec66:-6146'),('basicprevint:brgy:047220008','599-3-6','BRGY. CAMBUYO RPT BASIC PREVIOUS YEAR - PENALTY','FUND532d6893:15d05b0ec66:-6146','FUND532d6893:15d05b0ec66:-6146'),('basicprev:brgy:047220008','418-3-6','BRGY. CAMBUYO RPT BASIC PREVIOUS YEAR','FUND532d6893:15d05b0ec66:-6146','FUND532d6893:15d05b0ec66:-6146'),('basiccurrent:brgy:047220008','418-3-6','BRGY. CAMBUYO RPT BASIC CURRENT YEAR','FUND532d6893:15d05b0ec66:-6146','FUND532d6893:15d05b0ec66:-6146'),('basicprevint:brgy:047220024','599-3-24','BRGY. SACAON RPT BASIC PREVIOUS YEAR - PENALTY','FUND532d6893:15d05b0ec66:-6146','FUND532d6893:15d05b0ec66:-6146'),('basicprev:brgy:047220024','418-3-24','BRGY. SACAON RPT BASIC PREVIOUS YEAR','FUND532d6893:15d05b0ec66:-6146','FUND532d6893:15d05b0ec66:-6146'),('basiccurrent:brgy:047220024','418-3-24','BRGY. SACAON RPT BASIC CURRENT YEAR','FUND532d6893:15d05b0ec66:-6146','FUND532d6893:15d05b0ec66:-6146'),('basiccurrent:brgy:047220003','418-3-1','BRGY. ABIJILAN RPT BASIC CURRENT YEAR','FUND532d6893:15d05b0ec66:-6146','FUND532d6893:15d05b0ec66:-6146'),('basiccurrent:brgy:047220027','418-3-27','BRGY. TOGBONGON RPT BASIC CURRENT YEAR','FUND532d6893:15d05b0ec66:-6146','FUND532d6893:15d05b0ec66:-6146'),('basicprevint:brgy:047220001','599-3-22','BRGY. EAST-POBLACION RPT BASIC PREVIOUS YEAR - PENALTY','FUND532d6893:15d05b0ec66:-6146','FUND532d6893:15d05b0ec66:-6146'),('basicprev:brgy:047220001','418-3-22','BRGY. EAST-POBLACION RPT BASIC PREVIOUS YEAR','FUND532d6893:15d05b0ec66:-6146','FUND532d6893:15d05b0ec66:-6146'),('basicprevint:brgy:047220006','599-3-4','BRGY. CAGWANG RPT BASIC PREVIOUS YEAR - PENALTY','FUND532d6893:15d05b0ec66:-6146','FUND532d6893:15d05b0ec66:-6146'),('basicprev:brgy:047220006','418-3-4','BRGY. CAGWANG RPT BASIC PREVIOUS YEAR','FUND532d6893:15d05b0ec66:-6146','FUND532d6893:15d05b0ec66:-6146'),('basicprevint:brgy:047220010','599-3-8','BRGY. WEST-CANAYAON RPT BASIC PREVIOUS YEAR - PENALTY','FUND532d6893:15d05b0ec66:-6146','FUND532d6893:15d05b0ec66:-6146'),('basicprev:brgy:047220010','418-3-8','BRGY. WEST-CANAYAON RPT BASIC PREVIOUS YEAR','FUND532d6893:15d05b0ec66:-6146','FUND532d6893:15d05b0ec66:-6146'),('basiccurrentint:brgy:047220010','599-3-8','BRGY. WEST-CANAYAON RPT BASIC CURRENT YEAR - PENALTY','FUND532d6893:15d05b0ec66:-6146','FUND532d6893:15d05b0ec66:-6146'),('basicprevint:brgy:047220029','599-3-29','BRGY. WEST-ULBUJAN RPT BASIC PREVIOUS YEAR - PENALTY','FUND532d6893:15d05b0ec66:-6146','FUND532d6893:15d05b0ec66:-6146'),('basicprev:brgy:047220029','418-3-29','BRGY. WEST-ULBUJAN RPT BASIC PREVIOUS YEAR','FUND532d6893:15d05b0ec66:-6146','FUND532d6893:15d05b0ec66:-6146'),('basiccurrentint:brgy:047220029','599-3-29','BRGY. WEST-ULBUJAN RPT BASIC CURRENT YEAR - PENALTY','FUND532d6893:15d05b0ec66:-6146','FUND532d6893:15d05b0ec66:-6146'),('basiccurrent:brgy:047220029','418-3-29','BRGY. WEST-ULBUJAN RPT BASIC CURRENT YEAR','FUND532d6893:15d05b0ec66:-6146','FUND532d6893:15d05b0ec66:-6146'),('basiccurrentint:brgy:047220014','599-3-12','BRGY. CAYAM RPT BASIC CURRENT YEAR - PENALTY','FUND532d6893:15d05b0ec66:-6146','FUND532d6893:15d05b0ec66:-6146'),('basiccurrent:brgy:047220014','418-3-12','BRGY. CAYAM RPT BASIC CURRENT YEAR','FUND532d6893:15d05b0ec66:-6146','FUND532d6893:15d05b0ec66:-6146'),('basicprevint:brgy:047220014','599-3-12','BRGY. CAYAM RPT BASIC PREVIOUS YEAR - PENALTY','FUND532d6893:15d05b0ec66:-6146','FUND532d6893:15d05b0ec66:-6146'),('basicprev:brgy:047220014','418-3-12','BRGY. CAYAM RPT BASIC PREVIOUS YEAR','FUND532d6893:15d05b0ec66:-6146','FUND532d6893:15d05b0ec66:-6146'),('basiccurrentint:brgy:047220001','599-3-22','BRGY. EAST-POBLACION RPT BASIC CURRENT YEAR - PENALTY','FUND532d6893:15d05b0ec66:-6146','FUND532d6893:15d05b0ec66:-6146'),('basicprevint:brgy:047220021','599-3-19','BRGY. MALINAO RPT BASIC PREVIOUS YEAR - PENALTY','FUND532d6893:15d05b0ec66:-6146','FUND532d6893:15d05b0ec66:-6146'),('basicprev:brgy:047220021','418-3-19','BRGY. MALINAO RPT BASIC PREVIOUS YEAR','FUND532d6893:15d05b0ec66:-6146','FUND532d6893:15d05b0ec66:-6146'),('basiccurrent:brgy:047220019','418-3-17','BRGY. EAST-LUNGSODAAN RPT BASIC CURRENT YEAR','FUND532d6893:15d05b0ec66:-6146','FUND532d6893:15d05b0ec66:-6146'),('basiccurrent:brgy:047220023','418-3-21','BRGY. PASONG RPT BASIC CURRENT YEAR','FUND532d6893:15d05b0ec66:-6146','FUND532d6893:15d05b0ec66:-6146'),('basiccurrent:brgy:047220011','418-3-9','BRGY. CANDANAS RPT BASIC CURRENT YEAR','FUND532d6893:15d05b0ec66:-6146','FUND532d6893:15d05b0ec66:-6146'),('basiccurrent:brgy:047220030','418-3-30','BRGY. VICTORIA RPT BASIC CURRENT YEAR','FUND532d6893:15d05b0ec66:-6146','FUND532d6893:15d05b0ec66:-6146'),('basiccurrent:brgy:047220015','418-3-13','BRGY. CUPA RPT BASIC CURRENT YEAR','FUND532d6893:15d05b0ec66:-6146','FUND532d6893:15d05b0ec66:-6146'),('basiccurrent:brgy:047220026','418-3-26','BRGY. TABUAN RPT BASIC CURRENT YEAR','FUND532d6893:15d05b0ec66:-6146','FUND532d6893:15d05b0ec66:-6146'),('basiccurrent:brgy:047220013','418-3-11','BRGY. CATMON RPT BASIC CURRENT YEAR','FUND532d6893:15d05b0ec66:-6146','FUND532d6893:15d05b0ec66:-6146'),('basiccurrent:brgy:047220005','418-3-3','BRGY. BASIAO RPT BASIC CURRENT YEAR','FUND532d6893:15d05b0ec66:-6146','FUND532d6893:15d05b0ec66:-6146'),('basiccurrent:brgy:047220025','418-3-25','BRGY. SAMPONG RPT BASIC CURRENT YEAR','FUND532d6893:15d05b0ec66:-6146','FUND532d6893:15d05b0ec66:-6146'),('basiccurrent:brgy:047220012','418-3-10','BRGY. CANDULAO RPT BASIC CURRENT YEAR','FUND532d6893:15d05b0ec66:-6146','FUND532d6893:15d05b0ec66:-6146'),('basiccurrent:brgy:047220018','418-3-16','BRGY. LIBERTAD RPT BASIC CURRENT YEAR','FUND532d6893:15d05b0ec66:-6146','FUND532d6893:15d05b0ec66:-6146'),('basiccurrent:brgy:047220020','418-3-18','BRGY. WEST-LUNGSODAAN RPT BASIC CURRENT YEAR','FUND532d6893:15d05b0ec66:-6146','FUND532d6893:15d05b0ec66:-6146'),('basicprevint:brgy:047220019','599-3-17','BRGY. EAST-LUNGSODAAN RPT BASIC PREVIOUS YEAR - PENALTY','FUND532d6893:15d05b0ec66:-6146','FUND532d6893:15d05b0ec66:-6146'),('basicprev:brgy:047220019','418-3-17','BRGY. EAST-LUNGSODAAN RPT BASIC PREVIOUS YEAR','FUND532d6893:15d05b0ec66:-6146','FUND532d6893:15d05b0ec66:-6146'),('basicprevint:brgy:047220011','599-3-9','BRGY. CANDANAS RPT BASIC PREVIOUS YEAR - PENALTY','FUND532d6893:15d05b0ec66:-6146','FUND532d6893:15d05b0ec66:-6146'),('basicprev:brgy:047220011','418-3-9','BRGY. CANDANAS RPT BASIC PREVIOUS YEAR','FUND532d6893:15d05b0ec66:-6146','FUND532d6893:15d05b0ec66:-6146'),('basicprevint:brgy:047220013','599-3-11','BRGY. CATMON RPT BASIC PREVIOUS YEAR - PENALTY','FUND532d6893:15d05b0ec66:-6146','FUND532d6893:15d05b0ec66:-6146'),('basicprev:brgy:047220013','418-3-11','BRGY. CATMON RPT BASIC PREVIOUS YEAR','FUND532d6893:15d05b0ec66:-6146','FUND532d6893:15d05b0ec66:-6146'),('basicprevint:brgy:047220026','599-3-26','BRGY. TABUAN RPT BASIC PREVIOUS YEAR - PENALTY','FUND532d6893:15d05b0ec66:-6146','FUND532d6893:15d05b0ec66:-6146'),('basicprev:brgy:047220026','418-3-26','BRGY. TABUAN RPT BASIC PREVIOUS YEAR','FUND532d6893:15d05b0ec66:-6146','FUND532d6893:15d05b0ec66:-6146'),('basicprevint:brgy:047220015','599-3-13','BRGY. CUPA RPT BASIC PREVIOUS YEAR - PENALTY','FUND532d6893:15d05b0ec66:-6146','FUND532d6893:15d05b0ec66:-6146'),('basicprev:brgy:047220015','418-3-13','BRGY. CUPA RPT BASIC PREVIOUS YEAR','FUND532d6893:15d05b0ec66:-6146','FUND532d6893:15d05b0ec66:-6146'),('basiccurrent:brgy:047220006','418-3-4','BRGY. CAGWANG RPT BASIC CURRENT YEAR','FUND532d6893:15d05b0ec66:-6146','FUND532d6893:15d05b0ec66:-6146'),('basicprevint:brgy:047220007','599-3-5','BRGY. CALMA RPT BASIC PREVIOUS YEAR - PENALTY','FUND532d6893:15d05b0ec66:-6146','FUND532d6893:15d05b0ec66:-6146'),('basicprev:brgy:047220007','418-3-5','BRGY. CALMA RPT BASIC PREVIOUS YEAR','FUND532d6893:15d05b0ec66:-6146','FUND532d6893:15d05b0ec66:-6146'),('basiccurrent:brgy:047220007','418-3-5','BRGY. CALMA RPT BASIC CURRENT YEAR','FUND532d6893:15d05b0ec66:-6146','FUND532d6893:15d05b0ec66:-6146'),('basiccurrent:brgy:047220017','418-3-15','BRGY. ESTACA RPT BASIC CURRENT YEAR','FUND532d6893:15d05b0ec66:-6146','FUND532d6893:15d05b0ec66:-6146'),('basiccurrent:brgy:047220009','418-3-7','BRGY. EAST-CANAYAON RPT BASIC CURRENT YEAR','FUND532d6893:15d05b0ec66:-6146','FUND532d6893:15d05b0ec66:-6146'),('basicprevint:brgy:047220023','599-3-21','BRGY. PASONG RPT BASIC PREVIOUS YEAR - PENALTY','FUND532d6893:15d05b0ec66:-6146','FUND532d6893:15d05b0ec66:-6146'),('basicprev:brgy:047220023','418-3-21','BRGY. PASONG RPT BASIC PREVIOUS YEAR','FUND532d6893:15d05b0ec66:-6146','FUND532d6893:15d05b0ec66:-6146'),('basicprevint:brgy:047220002','599-3-23','BRGY. WEST-POBLACION RPT BASIC PREVIOUS YEAR - PENALTY','FUND532d6893:15d05b0ec66:-6146','FUND532d6893:15d05b0ec66:-6146'),('basicprev:brgy:047220002','418-3-23','BRGY. WEST-POBLACION RPT BASIC PREVIOUS YEAR','FUND532d6893:15d05b0ec66:-6146','FUND532d6893:15d05b0ec66:-6146'),('basicprevint:brgy:047220003','599-3-1','BRGY. ABIJILAN RPT BASIC PREVIOUS YEAR - PENALTY','FUND532d6893:15d05b0ec66:-6146','FUND532d6893:15d05b0ec66:-6146'),('basicprev:brgy:047220003','418-3-1','BRGY. ABIJILAN RPT BASIC PREVIOUS YEAR','FUND532d6893:15d05b0ec66:-6146','FUND532d6893:15d05b0ec66:-6146'),('basicprevint:brgy:047220009','599-3-7','BRGY. EAST-CANAYAON RPT BASIC PREVIOUS YEAR - PENALTY','FUND532d6893:15d05b0ec66:-6146','FUND532d6893:15d05b0ec66:-6146'),('basicprev:brgy:047220009','418-3-7','BRGY. EAST-CANAYAON RPT BASIC PREVIOUS YEAR','FUND532d6893:15d05b0ec66:-6146','FUND532d6893:15d05b0ec66:-6146'),('basiccurrent:brgy:047220004','418-3-2','BRGY. ANTIPOLO RPT BASIC CURRENT YEAR','FUND532d6893:15d05b0ec66:-6146','FUND532d6893:15d05b0ec66:-6146'),('basicprev:brgy:047220017','418-3-15','BRGY. ESTACA RPT BASIC PREVIOUS YEAR','FUND532d6893:15d05b0ec66:-6146','FUND532d6893:15d05b0ec66:-6146'),('basicprevint:brgy:047220017','599-3-15','BRGY. ESTACA RPT BASIC PREVIOUS YEAR - PENALTY','FUND532d6893:15d05b0ec66:-6146','FUND532d6893:15d05b0ec66:-6146'),('basicprevint:brgy:047220027','599-3-27','BRGY. TOGBONGON RPT BASIC PREVIOUS YEAR - PENALTY','FUND532d6893:15d05b0ec66:-6146','FUND532d6893:15d05b0ec66:-6146'),('basicprev:brgy:047220027','418-3-27','BRGY. TOGBONGON RPT BASIC PREVIOUS YEAR','FUND532d6893:15d05b0ec66:-6146','FUND532d6893:15d05b0ec66:-6146'),('basicprevint:brgy:047220020','599-3-18','BRGY. WEST-LUNGSODAAN RPT BASIC PREVIOUS YEAR - PENALTY','FUND532d6893:15d05b0ec66:-6146','FUND532d6893:15d05b0ec66:-6146'),('basicprev:brgy:047220020','418-3-18','BRGY. WEST-LUNGSODAAN RPT BASIC PREVIOUS YEAR','FUND532d6893:15d05b0ec66:-6146','FUND532d6893:15d05b0ec66:-6146'),('basicprev:brgy:047220005','418-3-3','BRGY. BASIAO RPT BASIC PREVIOUS YEAR','FUND532d6893:15d05b0ec66:-6146','FUND532d6893:15d05b0ec66:-6146'),('basicprevint:brgy:047220005','599-3-3','BRGY. BASIAO RPT BASIC PREVIOUS YEAR - PENALTY','FUND532d6893:15d05b0ec66:-6146','FUND532d6893:15d05b0ec66:-6146'),('basicprevint:brgy:047220025','599-3-25','BRGY. SAMPONG RPT BASIC PREVIOUS YEAR - PENALTY','FUND532d6893:15d05b0ec66:-6146','FUND532d6893:15d05b0ec66:-6146'),('basicprev:brgy:047220025','418-3-25','BRGY. SAMPONG RPT BASIC PREVIOUS YEAR','FUND532d6893:15d05b0ec66:-6146','FUND532d6893:15d05b0ec66:-6146'),('basicprevint:brgy:047220030','599-3-30','BRGY. VICTORIA RPT BASIC PREVIOUS YEAR - PENALTY','FUND532d6893:15d05b0ec66:-6146','FUND532d6893:15d05b0ec66:-6146'),('basicprevint:brgy:047220022','599-3-20','BRGY. MANABA RPT BASIC PREVIOUS YEAR - PENALTY','FUND532d6893:15d05b0ec66:-6146','FUND532d6893:15d05b0ec66:-6146'),('basicprev:brgy:047220030','418-3-30','BRGY. VICTORIA RPT BASIC PREVIOUS YEAR','FUND532d6893:15d05b0ec66:-6146','FUND532d6893:15d05b0ec66:-6146'),('basicprev:brgy:047220022','418-3-20','BRGY. MANABA RPT BASIC PREVIOUS YEAR','FUND532d6893:15d05b0ec66:-6146','FUND532d6893:15d05b0ec66:-6146'),('basiccurrentint:brgy:047220003','599-3-1','BRGY. ABIJILAN RPT BASIC CURRENT YEAR - PENALTY','FUND532d6893:15d05b0ec66:-6146','FUND532d6893:15d05b0ec66:-6146'),('basicprevint:brgy:047220012','599-3-10','BRGY. CANDULAO RPT BASIC PREVIOUS YEAR - PENALTY','FUND532d6893:15d05b0ec66:-6146','FUND532d6893:15d05b0ec66:-6146'),('basicprev:brgy:047220012','418-3-10','BRGY. CANDULAO RPT BASIC PREVIOUS YEAR','FUND532d6893:15d05b0ec66:-6146','FUND532d6893:15d05b0ec66:-6146'),('basiccurrentint:brgy:047220026','599-3-26','BRGY. TABUAN RPT BASIC CURRENT YEAR - PENALTY','FUND532d6893:15d05b0ec66:-6146','FUND532d6893:15d05b0ec66:-6146'),('basiccurrentint:brgy:047220020','599-3-18','BRGY. WEST-LUNGSODAAN RPT BASIC CURRENT YEAR - PENALTY','FUND532d6893:15d05b0ec66:-6146','FUND532d6893:15d05b0ec66:-6146'),('basiccurrentint:brgy:047220027','599-3-27','BRGY. TOGBONGON RPT BASIC CURRENT YEAR - PENALTY','FUND532d6893:15d05b0ec66:-6146','FUND532d6893:15d05b0ec66:-6146'),('basiccurrentint:brgy:047220011','599-3-9','BRGY. CANDANAS RPT BASIC CURRENT YEAR - PENALTY','FUND532d6893:15d05b0ec66:-6146','FUND532d6893:15d05b0ec66:-6146'),('basicprevint:brgy:047220018','599-3-16','BRGY. LIBERTAD RPT BASIC PREVIOUS YEAR - PENALTY','FUND532d6893:15d05b0ec66:-6146','FUND532d6893:15d05b0ec66:-6146'),('basicprev:brgy:047220018','418-3-16','BRGY. LIBERTAD RPT BASIC PREVIOUS YEAR','FUND532d6893:15d05b0ec66:-6146','FUND532d6893:15d05b0ec66:-6146'),('basiccurrentint:brgy:047220019','599-3-17','BRGY. EAST-LUNGSODAAN RPT BASIC CURRENT YEAR - PENALTY','FUND532d6893:15d05b0ec66:-6146','FUND532d6893:15d05b0ec66:-6146'),('basiccurrentint:brgy:047220018','599-3-16','BRGY. LIBERTAD RPT BASIC CURRENT YEAR - PENALTY','FUND532d6893:15d05b0ec66:-6146','FUND532d6893:15d05b0ec66:-6146'),('REVITEM-ca566f8:150d57eace0:-7c01','418-1','RPT BASIC ADVANCE PAYMENT PROV SHARE','FUND532d6893:15d05b0ec66:-6146','FUND532d6893:15d05b0ec66:-6146'),('REVITEM-ca566f8:150d57eace0:-7bcc','418-1','RPT SEF ADVANCE PAYMENT PROV SHARE','FUND532d6893:15d05b0ec66:-6126','FUND532d6893:15d05b0ec66:-6126'),('basicadvance:brgy:047220021','418-3-19','BRGY. MALINAO RPT BASIC ADVANCE PAYMENT','FUND532d6893:15d05b0ec66:-6146','FUND532d6893:15d05b0ec66:-6146'),('basiccurrentint:brgy:047220024','599-3-24','BRGY. SACAON RPT BASIC CURRENT YEAR - PENALTY','FUND532d6893:15d05b0ec66:-6146','FUND532d6893:15d05b0ec66:-6146'),('basiccurrentint:brgy:047220030','599-3-30','BRGY. VICTORIA RPT BASIC CURRENT YEAR - PENALTY','FUND532d6893:15d05b0ec66:-6146','FUND532d6893:15d05b0ec66:-6146'),('basicadvance:brgy:047220012','418-3-10','BRGY. CANDULAO RPT BASIC ADVANCE PAYMENT','FUND532d6893:15d05b0ec66:-6146','FUND532d6893:15d05b0ec66:-6146'),('basicadvance:brgy:047220022','418-3-20','BRGY. MANABA RPT BASIC ADVANCE PAYMENT','FUND532d6893:15d05b0ec66:-6146','FUND532d6893:15d05b0ec66:-6146'),('basicadvance:brgy:047220001','418-3-22','BRGY. EAST-POBLACION RPT BASIC ADVANCE PAYMENT','FUND532d6893:15d05b0ec66:-6146','FUND532d6893:15d05b0ec66:-6146'),('basicadvance:brgy:047220010','418-3-8','BRGY. WEST-CANAYAON RPT BASIC ADVANCE PAYMENT','FUND532d6893:15d05b0ec66:-6146','FUND532d6893:15d05b0ec66:-6146'),('basicadvance:brgy:047220007','418-3-5','BRGY. CALMA RPT BASIC ADVANCE PAYMENT','FUND532d6893:15d05b0ec66:-6146','FUND532d6893:15d05b0ec66:-6146'),('basiccurrentint:brgy:047220025','599-3-25','BRGY. SAMPONG RPT BASIC CURRENT YEAR - PENALTY','FUND532d6893:15d05b0ec66:-6146','FUND532d6893:15d05b0ec66:-6146'),('basicadvance:brgy:047220002','418-3-23','BRGY. WEST-POBLACION RPT BASIC ADVANCE PAYMENT','FUND532d6893:15d05b0ec66:-6146','FUND532d6893:15d05b0ec66:-6146'),('basicadvance:brgy:047220013','418-3-11','BRGY. CATMON RPT BASIC ADVANCE PAYMENT','FUND532d6893:15d05b0ec66:-6146','FUND532d6893:15d05b0ec66:-6146'),('basicadvance:brgy:047220030','418-3-30','BRGY. VICTORIA RPT BASIC ADVANCE PAYMENT','FUND532d6893:15d05b0ec66:-6146','FUND532d6893:15d05b0ec66:-6146'),('basicadvance:brgy:047220003','418-3-1','BRGY. ABIJILAN RPT BASIC ADVANCE PAYMENT','FUND532d6893:15d05b0ec66:-6146','FUND532d6893:15d05b0ec66:-6146'),('basicadvance:brgy:047220014','418-3-12','BRGY. CAYAM RPT BASIC ADVANCE PAYMENT','FUND532d6893:15d05b0ec66:-6146','FUND532d6893:15d05b0ec66:-6146'),('basiccurrentint:brgy:047220007','599-3-5','BRGY. CALMA RPT BASIC CURRENT YEAR - PENALTY','FUND532d6893:15d05b0ec66:-6146','FUND532d6893:15d05b0ec66:-6146'),('basicadvance:brgy:047220018','418-3-16','BRGY. LIBERTAD RPT BASIC ADVANCE PAYMENT','FUND532d6893:15d05b0ec66:-6146','FUND532d6893:15d05b0ec66:-6146'),('basicadvance:brgy:047220025','418-3-25','BRGY. SAMPONG RPT BASIC ADVANCE PAYMENT','FUND532d6893:15d05b0ec66:-6146','FUND532d6893:15d05b0ec66:-6146'),('basicadvance:brgy:047220009','418-3-7','BRGY. EAST-CANAYAON RPT BASIC ADVANCE PAYMENT','FUND532d6893:15d05b0ec66:-6146','FUND532d6893:15d05b0ec66:-6146'),('basicadvance:brgy:047220029','418-3-29','BRGY. WEST-ULBUJAN RPT BASIC ADVANCE PAYMENT','FUND532d6893:15d05b0ec66:-6146','FUND532d6893:15d05b0ec66:-6146'),('basicadvance:brgy:047220028','418-3-28','BRGY. EAST-ULBUJAN RPT BASIC ADVANCE PAYMENT','FUND532d6893:15d05b0ec66:-6146','FUND532d6893:15d05b0ec66:-6146'),('basiccurrentint:brgy:047220002','599-3-23','BRGY. WEST-POBLACION RPT BASIC CURRENT YEAR - PENALTY','FUND532d6893:15d05b0ec66:-6146','FUND532d6893:15d05b0ec66:-6146'),('basiccurrentint:brgy:047220008','599-3-6','BRGY. CAMBUYO RPT BASIC CURRENT YEAR - PENALTY','FUND532d6893:15d05b0ec66:-6146','FUND532d6893:15d05b0ec66:-6146'),('basiccurrentint:brgy:047220004','599-3-2','BRGY. ANTIPOLO RPT BASIC CURRENT YEAR - PENALTY','FUND532d6893:15d05b0ec66:-6146','FUND532d6893:15d05b0ec66:-6146'),('basiccurrentint:brgy:047220013','599-3-11','BRGY. CATMON RPT BASIC CURRENT YEAR - PENALTY','FUND532d6893:15d05b0ec66:-6146','FUND532d6893:15d05b0ec66:-6146'),('basicadvance:brgy:047220024','418-3-24','BRGY. SACAON RPT BASIC ADVANCE PAYMENT','FUND532d6893:15d05b0ec66:-6146','FUND532d6893:15d05b0ec66:-6146'),('basiccurrentint:brgy:047220015','599-3-13','BRGY. CUPA RPT BASIC CURRENT YEAR - PENALTY','FUND532d6893:15d05b0ec66:-6146','FUND532d6893:15d05b0ec66:-6146'),('basiccurrentint:brgy:047220005','599-3-3','BRGY. BASIAO RPT BASIC CURRENT YEAR - PENALTY','FUND532d6893:15d05b0ec66:-6146','FUND532d6893:15d05b0ec66:-6146'),('basiccurrentint:brgy:047220023','599-3-21','BRGY. PASONG RPT BASIC CURRENT YEAR - PENALTY','FUND532d6893:15d05b0ec66:-6146','FUND532d6893:15d05b0ec66:-6146'),('basicadvance:brgy:047220004','418-3-2','BRGY. ANTIPOLO RPT BASIC ADVANCE PAYMENT','FUND532d6893:15d05b0ec66:-6146','FUND532d6893:15d05b0ec66:-6146'),('basicadvance:brgy:047220026','418-3-26','BRGY. TABUAN RPT BASIC ADVANCE PAYMENT','FUND532d6893:15d05b0ec66:-6146','FUND532d6893:15d05b0ec66:-6146'),('basicadvance:brgy:047220015','418-3-13','BRGY. CUPA RPT BASIC ADVANCE PAYMENT','FUND532d6893:15d05b0ec66:-6146','FUND532d6893:15d05b0ec66:-6146'),('basicadvance:brgy:047220020','418-3-18','BRGY. WEST-LUNGSODAAN RPT BASIC ADVANCE PAYMENT','FUND532d6893:15d05b0ec66:-6146','FUND532d6893:15d05b0ec66:-6146'),('basicadvance:brgy:047220019','418-3-17','BRGY. EAST-LUNGSODAAN RPT BASIC ADVANCE PAYMENT','FUND532d6893:15d05b0ec66:-6146','FUND532d6893:15d05b0ec66:-6146'),('basicadvance:brgy:047220027','418-3-27','BRGY. TOGBONGON RPT BASIC ADVANCE PAYMENT','FUND532d6893:15d05b0ec66:-6146','FUND532d6893:15d05b0ec66:-6146'),('basicadvance:brgy:047220011','418-3-9','BRGY. CANDANAS RPT BASIC ADVANCE PAYMENT','FUND532d6893:15d05b0ec66:-6146','FUND532d6893:15d05b0ec66:-6146'),('basicadvance:brgy:047220016','418-3-14','BRGY. DATAG RPT BASIC ADVANCE PAYMENT','FUND532d6893:15d05b0ec66:-6146','FUND532d6893:15d05b0ec66:-6146'),('basicadvance:brgy:047220023','418-3-21','BRGY. PASONG RPT BASIC ADVANCE PAYMENT','FUND532d6893:15d05b0ec66:-6146','FUND532d6893:15d05b0ec66:-6146'),('basicadvance:brgy:047220008','418-3-6','BRGY. CAMBUYO RPT BASIC ADVANCE PAYMENT','FUND532d6893:15d05b0ec66:-6146','FUND532d6893:15d05b0ec66:-6146'),('basiccurrentint:brgy:047220006','599-3-4','BRGY. CAGWANG RPT BASIC CURRENT YEAR - PENALTY','FUND532d6893:15d05b0ec66:-6146','FUND532d6893:15d05b0ec66:-6146'),('basicadvance:brgy:047220005','418-3-3','BRGY. BASIAO RPT BASIC ADVANCE PAYMENT','FUND532d6893:15d05b0ec66:-6146','FUND532d6893:15d05b0ec66:-6146'),('basiccurrentint:brgy:047220012','599-3-10','BRGY. CANDULAO RPT BASIC CURRENT YEAR - PENALTY','FUND532d6893:15d05b0ec66:-6146','FUND532d6893:15d05b0ec66:-6146'),('basicadvance:brgy:047220006','418-3-4','BRGY. CAGWANG RPT BASIC ADVANCE PAYMENT','FUND532d6893:15d05b0ec66:-6146','FUND532d6893:15d05b0ec66:-6146'),('basicadvance:brgy:047220017','418-3-15','BRGY. ESTACA RPT BASIC ADVANCE PAYMENT','FUND532d6893:15d05b0ec66:-6146','FUND532d6893:15d05b0ec66:-6146'),('basiccurrentint:brgy:047220017','599-3-15','BRGY. ESTACA RPT BASIC CURRENT YEAR - PENALTY','FUND532d6893:15d05b0ec66:-6146','FUND532d6893:15d05b0ec66:-6146'),('basiccurrentint:brgy:047220009','599-3-7','BRGY. EAST-CANAYAON RPT BASIC CURRENT YEAR - PENALTY','FUND532d6893:15d05b0ec66:-6146','FUND532d6893:15d05b0ec66:-6146');
/*!40000 ALTER TABLE `cashreceiptitem_account` ENABLE KEYS */;
UNLOCK TABLES;

--
-- Table structure for table `cashreceiptitem_discount`
--

DROP TABLE IF EXISTS `cashreceiptitem_discount`;
/*!40101 SET @saved_cs_client     = @@character_set_client */;
/*!40101 SET character_set_client = utf8 */;
CREATE TABLE `cashreceiptitem_discount` (
  `objid` varchar(50) NOT NULL,
  `receiptid` varchar(50) DEFAULT NULL,
  `receiptitemid` varchar(50) DEFAULT NULL,
  `acctid` varchar(50) DEFAULT NULL,
  `amount` decimal(16,4) DEFAULT NULL,
  `title` varchar(50) DEFAULT NULL,
  PRIMARY KEY (`objid`),
  KEY `receiptid` (`receiptid`),
  CONSTRAINT `cashreceiptitem_discount_ibfk_1` FOREIGN KEY (`receiptid`) REFERENCES `cashreceipt` (`objid`)
) ENGINE=InnoDB DEFAULT CHARSET=utf8;
/*!40101 SET character_set_client = @saved_cs_client */;

--
-- Dumping data for table `cashreceiptitem_discount`
--

LOCK TABLES `cashreceiptitem_discount` WRITE;
/*!40000 ALTER TABLE `cashreceiptitem_discount` DISABLE KEYS */;
/*!40000 ALTER TABLE `cashreceiptitem_discount` ENABLE KEYS */;
UNLOCK TABLES;

--
-- Table structure for table `cashreceiptitem_rpt_account`
--

DROP TABLE IF EXISTS `cashreceiptitem_rpt_account`;
/*!40101 SET @saved_cs_client     = @@character_set_client */;
/*!40101 SET character_set_client = utf8 */;
CREATE TABLE `cashreceiptitem_rpt_account` (
  `objid` varchar(50) NOT NULL,
  `rptledgerid` varchar(50) DEFAULT NULL,
  `revperiod` varchar(25) NOT NULL,
  `revtype` varchar(25) NOT NULL,
  `item_objid` varchar(50) NOT NULL,
  `amount` decimal(16,4) NOT NULL,
  `rptreceiptid` varchar(50) DEFAULT NULL,
  `sharetype` varchar(25) NOT NULL,
  `discount` decimal(16,4) DEFAULT NULL,
  PRIMARY KEY (`objid`),
  KEY `fk_cashreceiptitemrptaccount_cashreceiptrpt` (`rptreceiptid`),
  KEY `ix_cashreceiptitem_rpt_account_rptledger` (`rptledgerid`),
  KEY `ix_rptbillledgeraccount_revenueitem` (`item_objid`),
  CONSTRAINT `cashreceiptitem_rpt_account_ibfk_1` FOREIGN KEY (`item_objid`) REFERENCES `itemaccount` (`objid`),
  CONSTRAINT `cashreceiptitem_rpt_account_ibfk_2` FOREIGN KEY (`rptreceiptid`) REFERENCES `cashreceipt_rpt` (`objid`)
) ENGINE=InnoDB DEFAULT CHARSET=utf8 ROW_FORMAT=COMPACT;
/*!40101 SET character_set_client = @saved_cs_client */;

--
-- Dumping data for table `cashreceiptitem_rpt_account`
--

LOCK TABLES `cashreceiptitem_rpt_account` WRITE;
/*!40000 ALTER TABLE `cashreceiptitem_rpt_account` DISABLE KEYS */;
/*!40000 ALTER TABLE `cashreceiptitem_rpt_account` ENABLE KEYS */;
UNLOCK TABLES;

--
-- Table structure for table `cashreceiptitem_rpt_online`
--

DROP TABLE IF EXISTS `cashreceiptitem_rpt_online`;
/*!40101 SET @saved_cs_client     = @@character_set_client */;
/*!40101 SET character_set_client = utf8 */;
CREATE TABLE `cashreceiptitem_rpt_online` (
  `objid` varchar(50) NOT NULL,
  `rptledgerid` varchar(50) DEFAULT NULL,
  `rptledgerfaasid` varchar(50) DEFAULT NULL,
  `year` int(11) NOT NULL,
  `qtr` int(11) NOT NULL,
  `fromqtr` int(11) NOT NULL,
  `toqtr` int(11) NOT NULL,
  `basic` decimal(16,4) NOT NULL,
  `basicint` decimal(16,4) NOT NULL,
  `basicdisc` decimal(16,4) NOT NULL,
  `sef` decimal(16,4) NOT NULL,
  `sefint` decimal(16,4) NOT NULL,
  `sefdisc` decimal(16,4) NOT NULL,
  `firecode` decimal(10,4) DEFAULT NULL,
  `revperiod` varchar(25) DEFAULT NULL,
  `basicnet` decimal(16,4) DEFAULT NULL,
  `sefnet` decimal(16,4) DEFAULT NULL,
  `total` decimal(16,4) DEFAULT NULL,
  `rptreceiptid` varchar(50) DEFAULT NULL,
  `partialled` int(11) NOT NULL,
  `basicidle` decimal(16,4) DEFAULT '0.0000',
  `rptledgeritemid` varchar(50) DEFAULT NULL,
  `basicidledisc` decimal(16,4) DEFAULT NULL,
  `basicidleint` decimal(16,4) DEFAULT NULL,
  PRIMARY KEY (`objid`),
  KEY `rptreceiptid` (`rptreceiptid`),
  KEY `ix_cashreceiptitem_rpt_online_rptledger` (`rptledgerid`),
  KEY `ix_cashreceiptitem_rpt_online_rptledgerfaas` (`rptledgerfaasid`),
  KEY `ix_rptledgerbillitem_rptledgerfaasid` (`rptledgerfaasid`),
  KEY `ix_rptledgerbillitem_rptledgerid` (`rptledgerid`),
  KEY `FK_cashreceiptitem_rpt_online_rptledgeritem` (`rptledgeritemid`),
  CONSTRAINT `cashreceiptitem_rpt_online_ibfk_1` FOREIGN KEY (`rptledgerid`) REFERENCES `rptledger` (`objid`),
  CONSTRAINT `cashreceiptitem_rpt_online_ibfk_2` FOREIGN KEY (`rptledgerfaasid`) REFERENCES `rptledgerfaas` (`objid`),
  CONSTRAINT `cashreceiptitem_rpt_online_ibfk_3` FOREIGN KEY (`rptreceiptid`) REFERENCES `cashreceipt_rpt` (`objid`)
) ENGINE=InnoDB DEFAULT CHARSET=utf8 ROW_FORMAT=COMPACT;
/*!40101 SET character_set_client = @saved_cs_client */;

--
-- Dumping data for table `cashreceiptitem_rpt_online`
--

LOCK TABLES `cashreceiptitem_rpt_online` WRITE;
/*!40000 ALTER TABLE `cashreceiptitem_rpt_online` DISABLE KEYS */;
/*!40000 ALTER TABLE `cashreceiptitem_rpt_online` ENABLE KEYS */;
UNLOCK TABLES;

--
-- Table structure for table `cashreceiptpayment_creditmemo`
--

DROP TABLE IF EXISTS `cashreceiptpayment_creditmemo`;
/*!40101 SET @saved_cs_client     = @@character_set_client */;
/*!40101 SET character_set_client = utf8 */;
CREATE TABLE `cashreceiptpayment_creditmemo` (
  `objid` varchar(50) NOT NULL,
  `receiptid` varchar(50) DEFAULT NULL,
  `account_objid` varchar(50) DEFAULT NULL,
  `account_code` varchar(100) DEFAULT NULL,
  `account_fund_name` varchar(50) DEFAULT NULL,
  `account_fund_objid` varchar(100) DEFAULT NULL,
  `account_bank` varchar(50) DEFAULT NULL,
  `refno` varchar(25) DEFAULT NULL,
  `refdate` datetime DEFAULT NULL,
  `amount` decimal(16,4) DEFAULT NULL,
  `particulars` varchar(255) DEFAULT NULL,
  PRIMARY KEY (`objid`),
  KEY `FK_cashreceiptpayment_creditmemo` (`receiptid`),
  KEY `ix_account_fund_objid` (`account_fund_objid`),
  CONSTRAINT `fk_cashreceiptpayment_creditmemo_account_fund_objid` FOREIGN KEY (`account_fund_objid`) REFERENCES `fund` (`objid`)
) ENGINE=InnoDB DEFAULT CHARSET=utf8;
/*!40101 SET character_set_client = @saved_cs_client */;

--
-- Dumping data for table `cashreceiptpayment_creditmemo`
--

LOCK TABLES `cashreceiptpayment_creditmemo` WRITE;
/*!40000 ALTER TABLE `cashreceiptpayment_creditmemo` DISABLE KEYS */;
/*!40000 ALTER TABLE `cashreceiptpayment_creditmemo` ENABLE KEYS */;
UNLOCK TABLES;

--
-- Table structure for table `cashreceiptpayment_noncash`
--

DROP TABLE IF EXISTS `cashreceiptpayment_noncash`;
/*!40101 SET @saved_cs_client     = @@character_set_client */;
/*!40101 SET character_set_client = utf8 */;
CREATE TABLE `cashreceiptpayment_noncash` (
  `objid` varchar(50) NOT NULL,
  `receiptid` varchar(50) DEFAULT NULL,
  `_bank` varchar(50) DEFAULT NULL,
  `refno` varchar(25) DEFAULT NULL,
  `refdate` datetime DEFAULT NULL,
  `reftype` varchar(50) DEFAULT NULL,
  `amount` decimal(16,4) DEFAULT NULL,
  `particulars` varchar(255) DEFAULT NULL,
  `_bankid` varchar(50) DEFAULT NULL,
  `_deposittype` varchar(50) DEFAULT NULL,
  `account_objid` varchar(50) DEFAULT NULL,
  `account_code` varchar(50) DEFAULT NULL,
  `account_name` varchar(100) DEFAULT NULL,
  `account_fund_objid` varchar(100) DEFAULT NULL,
  `account_fund_name` varchar(50) DEFAULT NULL,
  `account_bank` varchar(100) DEFAULT NULL,
  `fund_objid` varchar(100) DEFAULT NULL,
  `refid` varchar(50) DEFAULT NULL,
  `checkid` varchar(50) DEFAULT NULL,
  `voidamount` decimal(16,4) DEFAULT NULL,
  PRIMARY KEY (`objid`),
  KEY `bankid` (`_bankid`),
  KEY `FK_cashreceiptpayment_check` (`receiptid`),
  KEY `ix_refid` (`refid`),
  KEY `ix_checkid` (`checkid`),
  KEY `ix_fund_objid` (`fund_objid`),
  KEY `ix_receiptid` (`receiptid`),
  KEY `ix_refno` (`refno`),
  KEY `ix_refdate` (`refdate`),
  KEY `ix_account_objid` (`account_objid`),
  KEY `ix_account_fund_objid` (`account_fund_objid`),
  CONSTRAINT `cashreceiptpayment_noncash_ibfk_1` FOREIGN KEY (`receiptid`) REFERENCES `cashreceipt` (`objid`),
  CONSTRAINT `fk_cashreceiptpayment_noncash_fund_objid` FOREIGN KEY (`fund_objid`) REFERENCES `fund` (`objid`)
) ENGINE=InnoDB DEFAULT CHARSET=utf8;
/*!40101 SET character_set_client = @saved_cs_client */;

--
-- Dumping data for table `cashreceiptpayment_noncash`
--

LOCK TABLES `cashreceiptpayment_noncash` WRITE;
/*!40000 ALTER TABLE `cashreceiptpayment_noncash` DISABLE KEYS */;
/*!40000 ALTER TABLE `cashreceiptpayment_noncash` ENABLE KEYS */;
UNLOCK TABLES;

--
-- Table structure for table `cashreceipts`
--

DROP TABLE IF EXISTS `cashreceipts`;
/*!40101 SET @saved_cs_client     = @@character_set_client */;
/*!40101 SET character_set_client = utf8 */;
CREATE TABLE `cashreceipts` (
  `objid` varchar(50) NOT NULL,
  PRIMARY KEY (`objid`)
) ENGINE=InnoDB DEFAULT CHARSET=utf8;
/*!40101 SET character_set_client = @saved_cs_client */;

--
-- Dumping data for table `cashreceipts`
--

LOCK TABLES `cashreceipts` WRITE;
/*!40000 ALTER TABLE `cashreceipts` DISABLE KEYS */;
/*!40000 ALTER TABLE `cashreceipts` ENABLE KEYS */;
UNLOCK TABLES;

--
-- Table structure for table `certification`
--

DROP TABLE IF EXISTS `certification`;
/*!40101 SET @saved_cs_client     = @@character_set_client */;
/*!40101 SET character_set_client = utf8 */;
CREATE TABLE `certification` (
  `objid` varchar(50) NOT NULL,
  `txnno` varchar(25) NOT NULL,
  `txndate` datetime NOT NULL,
  `type` varchar(50) NOT NULL,
  `refid` varchar(50) DEFAULT NULL,
  `name` varchar(200) NOT NULL,
  `address` text NOT NULL,
  `requestedby` longtext NOT NULL,
  `requestedbyaddress` varchar(100) NOT NULL,
  `purpose` text,
  `certifiedby` varchar(150) NOT NULL,
  `certifiedbytitle` varchar(50) NOT NULL,
  `byauthority` varchar(150) DEFAULT NULL,
  `byauthoritytitle` varchar(50) DEFAULT NULL,
  `orno` varchar(25) DEFAULT NULL,
  `ordate` datetime DEFAULT NULL,
  `oramount` decimal(16,4) NOT NULL,
  `stampamount` decimal(16,4) NOT NULL,
  `createdbyid` varchar(50) DEFAULT NULL,
  `createdby` varchar(150) NOT NULL,
  `createdbytitle` varchar(50) NOT NULL,
  `office` varchar(50) DEFAULT NULL,
  `info` text,
  PRIMARY KEY (`objid`)
) ENGINE=InnoDB DEFAULT CHARSET=utf8;
/*!40101 SET character_set_client = @saved_cs_client */;

--
-- Dumping data for table `certification`
--

LOCK TABLES `certification` WRITE;
/*!40000 ALTER TABLE `certification` DISABLE KEYS */;
/*!40000 ALTER TABLE `certification` ENABLE KEYS */;
UNLOCK TABLES;

--
-- Table structure for table `checkpayment`
--

DROP TABLE IF EXISTS `checkpayment`;
/*!40101 SET @saved_cs_client     = @@character_set_client */;
/*!40101 SET character_set_client = utf8 */;
CREATE TABLE `checkpayment` (
  `objid` varchar(50) NOT NULL,
  `bankid` varchar(50) DEFAULT NULL,
  `refno` varchar(50) DEFAULT NULL,
  `refdate` date DEFAULT NULL,
  `amount` decimal(16,4) DEFAULT NULL,
  `receiptid` varchar(50) DEFAULT NULL,
  `bank_name` varchar(255) DEFAULT NULL,
  `amtused` decimal(16,4) DEFAULT NULL,
  `receivedfrom` longtext,
  `state` varchar(50) DEFAULT NULL,
  `depositvoucherid` varchar(50) DEFAULT NULL,
  `fundid` varchar(100) DEFAULT NULL,
  `depositslipid` varchar(100) DEFAULT NULL,
  `split` int(11) NOT NULL,
  `external` int(11) NOT NULL DEFAULT '0',
  `collector_objid` varchar(50) DEFAULT NULL,
  `collector_name` varchar(255) DEFAULT NULL,
  `subcollector_objid` varchar(50) DEFAULT NULL,
  `subcollector_name` varchar(255) DEFAULT NULL,
  PRIMARY KEY (`objid`),
  KEY `ix_bankid` (`bankid`),
  KEY `ix_collector_name` (`collector_name`),
  KEY `ix_collectorid` (`collector_objid`),
  KEY `ix_depositslipid` (`depositslipid`),
  KEY `ix_depositvoucherid` (`depositvoucherid`),
  KEY `ix_fundid` (`fundid`),
  KEY `ix_receiptid` (`receiptid`),
  KEY `ix_refdate` (`refdate`),
  KEY `ix_refno` (`refno`),
  KEY `ix_state` (`state`),
  KEY `ix_subcollector_objid` (`subcollector_objid`),
  CONSTRAINT `fk_checkpayment_depositslipid` FOREIGN KEY (`depositslipid`) REFERENCES `depositslip` (`objid`),
  CONSTRAINT `fk_paymentcheck_depositvoucher` FOREIGN KEY (`depositvoucherid`) REFERENCES `depositvoucher` (`objid`),
  CONSTRAINT `fk_paymentcheck_fundid` FOREIGN KEY (`fundid`) REFERENCES `fund` (`objid`)
) ENGINE=InnoDB DEFAULT CHARSET=utf8;
/*!40101 SET character_set_client = @saved_cs_client */;

--
-- Dumping data for table `checkpayment`
--

LOCK TABLES `checkpayment` WRITE;
/*!40000 ALTER TABLE `checkpayment` DISABLE KEYS */;
/*!40000 ALTER TABLE `checkpayment` ENABLE KEYS */;
UNLOCK TABLES;

--
-- Table structure for table `checkpayment_deadchecks`
--

DROP TABLE IF EXISTS `checkpayment_deadchecks`;
/*!40101 SET @saved_cs_client     = @@character_set_client */;
/*!40101 SET character_set_client = utf8 */;
CREATE TABLE `checkpayment_deadchecks` (
  `objid` varchar(50) NOT NULL,
  `bankid` varchar(50) DEFAULT NULL,
  `refno` varchar(50) DEFAULT NULL,
  `refdate` date DEFAULT NULL,
  `amount` decimal(16,4) DEFAULT NULL,
  `collector_objid` varchar(50) DEFAULT NULL,
  `bank_name` varchar(255) DEFAULT NULL,
  `amtused` decimal(16,4) DEFAULT NULL,
  `receivedfrom` varchar(255) DEFAULT NULL,
  `state` varchar(50) DEFAULT NULL,
  `depositvoucherid` varchar(50) DEFAULT NULL,
  `fundid` varchar(100) DEFAULT NULL,
  `depositslipid` varchar(100) DEFAULT NULL,
  `split` int(11) NOT NULL,
  `amtdeposited` decimal(16,4) DEFAULT NULL,
  `external` int(11) DEFAULT NULL,
  `collector_name` varchar(255) DEFAULT NULL,
  `subcollector_objid` varchar(50) DEFAULT NULL,
  `subcollector_name` varchar(255) DEFAULT NULL,
  `collectorid` varchar(50) DEFAULT NULL,
  PRIMARY KEY (`objid`),
  KEY `ix_bankid` (`bankid`),
  KEY `ix_collector_name` (`collector_name`),
  KEY `ix_collectorid` (`collector_objid`),
  KEY `ix_collectorid_` (`collectorid`),
  KEY `ix_depositslipid` (`depositslipid`),
  KEY `ix_depositvoucherid` (`depositvoucherid`),
  KEY `ix_fundid` (`fundid`),
  KEY `ix_refdate` (`refdate`),
  KEY `ix_refno` (`refno`),
  KEY `ix_subcollector_objid` (`subcollector_objid`)
) ENGINE=InnoDB DEFAULT CHARSET=utf8;
/*!40101 SET character_set_client = @saved_cs_client */;

--
-- Dumping data for table `checkpayment_deadchecks`
--

LOCK TABLES `checkpayment_deadchecks` WRITE;
/*!40000 ALTER TABLE `checkpayment_deadchecks` DISABLE KEYS */;
/*!40000 ALTER TABLE `checkpayment_deadchecks` ENABLE KEYS */;
UNLOCK TABLES;

--
-- Table structure for table `checkpayment_dishonored`
--

DROP TABLE IF EXISTS `checkpayment_dishonored`;
/*!40101 SET @saved_cs_client     = @@character_set_client */;
/*!40101 SET character_set_client = utf8 */;
CREATE TABLE `checkpayment_dishonored` (
  `objid` varchar(50) NOT NULL,
  `checkpaymentid` varchar(50) NOT NULL,
  `dtfiled` datetime NOT NULL,
  `filedby_objid` varchar(50) NOT NULL,
  `filedby_name` varchar(150) NOT NULL,
  `remarks` varchar(255) NOT NULL,
  PRIMARY KEY (`objid`),
  KEY `ix_checkpaymentid` (`checkpaymentid`),
  KEY `ix_dtfiled` (`dtfiled`),
  KEY `ix_filedby_objid` (`filedby_objid`),
  KEY `ix_filedby_name` (`filedby_name`),
  CONSTRAINT `fk_checkpayment_dishonored_checkpaymentid` FOREIGN KEY (`checkpaymentid`) REFERENCES `checkpayment` (`objid`)
) ENGINE=InnoDB DEFAULT CHARSET=utf8;
/*!40101 SET character_set_client = @saved_cs_client */;

--
-- Dumping data for table `checkpayment_dishonored`
--

LOCK TABLES `checkpayment_dishonored` WRITE;
/*!40000 ALTER TABLE `checkpayment_dishonored` DISABLE KEYS */;
/*!40000 ALTER TABLE `checkpayment_dishonored` ENABLE KEYS */;
UNLOCK TABLES;

--
-- Table structure for table `citizenship`
--

DROP TABLE IF EXISTS `citizenship`;
/*!40101 SET @saved_cs_client     = @@character_set_client */;
/*!40101 SET character_set_client = utf8 */;
CREATE TABLE `citizenship` (
  `objid` varchar(255) NOT NULL DEFAULT '',
  PRIMARY KEY (`objid`)
) ENGINE=InnoDB DEFAULT CHARSET=utf8;
/*!40101 SET character_set_client = @saved_cs_client */;

--
-- Dumping data for table `citizenship`
--

LOCK TABLES `citizenship` WRITE;
/*!40000 ALTER TABLE `citizenship` DISABLE KEYS */;
/*!40000 ALTER TABLE `citizenship` ENABLE KEYS */;
UNLOCK TABLES;

--
-- Table structure for table `city`
--

DROP TABLE IF EXISTS `city`;
/*!40101 SET @saved_cs_client     = @@character_set_client */;
/*!40101 SET character_set_client = utf8 */;
CREATE TABLE `city` (
  `objid` varchar(50) NOT NULL,
  `state` varchar(10) DEFAULT NULL,
  `indexno` varchar(15) DEFAULT NULL,
  `pin` varchar(15) DEFAULT NULL,
  `name` varchar(50) DEFAULT NULL,
  `previd` varchar(50) DEFAULT NULL,
  `parentid` varchar(50) DEFAULT NULL,
  `mayor_name` varchar(100) DEFAULT NULL,
  `mayor_title` varchar(50) DEFAULT NULL,
  `mayor_office` varchar(50) DEFAULT NULL,
  `assessor_name` varchar(100) DEFAULT NULL,
  `assessor_title` varchar(50) DEFAULT NULL,
  `assessor_office` varchar(50) DEFAULT NULL,
  `treasurer_name` varchar(100) DEFAULT NULL,
  `treasurer_title` varchar(50) DEFAULT NULL,
  `treasurer_office` varchar(50) DEFAULT NULL,
  `address` varchar(100) DEFAULT NULL,
  `fullname` varchar(50) DEFAULT NULL,
  PRIMARY KEY (`objid`),
  KEY `ix_lgu_city_indexno` (`indexno`),
  KEY `ix_lgu_city_parentid` (`parentid`),
  KEY `ix_lgu_city_previd` (`previd`),
  CONSTRAINT `city_ibfk_1` FOREIGN KEY (`objid`) REFERENCES `sys_org` (`objid`)
) ENGINE=InnoDB DEFAULT CHARSET=utf8;
/*!40101 SET character_set_client = @saved_cs_client */;

--
-- Dumping data for table `city`
--

LOCK TABLES `city` WRITE;
/*!40000 ALTER TABLE `city` DISABLE KEYS */;
/*!40000 ALTER TABLE `city` ENABLE KEYS */;
UNLOCK TABLES;

--
-- Table structure for table `collectiongroup`
--

DROP TABLE IF EXISTS `collectiongroup`;
/*!40101 SET @saved_cs_client     = @@character_set_client */;
/*!40101 SET character_set_client = utf8 */;
CREATE TABLE `collectiongroup` (
  `objid` varchar(50) NOT NULL,
  `state` varchar(30) DEFAULT NULL,
  `name` varchar(150) NOT NULL,
  `sharing` int(11) DEFAULT NULL,
  PRIMARY KEY (`objid`),
  KEY `ix_state` (`state`)
) ENGINE=InnoDB DEFAULT CHARSET=utf8;
/*!40101 SET character_set_client = @saved_cs_client */;

--
-- Dumping data for table `collectiongroup`
--

LOCK TABLES `collectiongroup` WRITE;
/*!40000 ALTER TABLE `collectiongroup` DISABLE KEYS */;
INSERT INTO `collectiongroup` VALUES ('-1ab0e071:16e80f75f45:-6144','ACTIVE','BURIAL',NULL),('-1ab0e071:16e80f75f45:-75da','ACTIVE','ZONING',NULL),('-22269b6b:1753e20aa89:-5b79','ACTIVE','GLOBE PERMIT',NULL),('-299c4e58:16e1ab8982c:-2134','ACTIVE','MARRIAGE LICENSE @ 2.00',NULL),('-2e2a340a:1729b7f0e26:-7a18','ACTIVE','SKETCH TAXDEC',NULL),('-33d44da9:17fb56129a5:-4a4b','ACTIVE','SG POBLACION',1),('-5eb20153:17392b6a65a:-7e64','ACTIVE','MEDICAL/MAYOR',NULL),('-65e03a91:17e19349715:-76da','ACTIVE','CUTTING PERMIT (COCONUT)',NULL),('-65e03a91:17e19349715:-7764','ACTIVE','CUTTING PERMIT (GEMILINA/MAHOGANY)',NULL),('-67eb17b3:177c6e28422:-7ae7','ACTIVE','SMART ELEC MECH FEES',NULL),('-67eb17b3:177c6e28422:-7b10','ACTIVE','SMART PERMIT',NULL),('1ceb8193:175d8a57293:-7de4','ACTIVE','BICYCLE',NULL),('22e4d3fd:16da39433a6:-3b6e','INACTIVE','MARRIAGE',NULL),('22e4d3fd:16da39433a6:4a39','ACTIVE','TRANSFER CADAVER',NULL),('23576556:16d9417ba8a:46cf','ACTIVE','ELECTRIC INSTALLATION',NULL),('2ce0aa82:173b6c00756:-7ab6','ACTIVE','BUILDING',NULL),('2d192b10:1773bf2fb14:-6739','ACTIVE','BUSINESS',NULL),('3209609a:16d5b83d0d2:4045','INACTIVE','TRUST FUND',NULL),('3209609a:16d5b83d0d2:41a5','ACTIVE','RP FEE',1),('3209609a:16d5b83d0d2:505f','ACTIVE','BLDG PERMIT',0),('34d18644:17446ddf141:-7b91','ACTIVE','BUNJAG',NULL),('61839124:172250ef77a:-6fac','ACTIVE','EXHUMATION',NULL),('72020bc7:16e10a9be40:-29fb','ACTIVE','PTR',NULL),('78c3645d:16d65ab5914:6fda','ACTIVE','RP CT',1),('78c3645d:16d66f90b37:-461a','ACTIVE','WATER FEE',NULL),('78c3645d:16d66f90b37:-47c0','ACTIVE','WATER INSTALL',NULL),('a3b13c9:16e672aadb9:5019','ACTIVE','FENCING PERMIT',NULL),('cf1d6de:17746706906:-6f02','ACTIVE','WATER MEMBERSHIP',NULL);
/*!40000 ALTER TABLE `collectiongroup` ENABLE KEYS */;
UNLOCK TABLES;

--
-- Table structure for table `collectiongroup_account`
--

DROP TABLE IF EXISTS `collectiongroup_account`;
/*!40101 SET @saved_cs_client     = @@character_set_client */;
/*!40101 SET character_set_client = utf8 */;
CREATE TABLE `collectiongroup_account` (
  `collectiongroupid` varchar(50) NOT NULL,
  `account_objid` varchar(50) NOT NULL,
  `sortorder` int(11) NOT NULL,
  `objid` varchar(50) NOT NULL DEFAULT '',
  `account_title` varchar(255) NOT NULL,
  `tag` varchar(255) DEFAULT NULL,
  `valuetype` varchar(50) DEFAULT NULL,
  `defaultvalue` decimal(16,2) DEFAULT NULL,
  PRIMARY KEY (`objid`),
  KEY `revenueitemid` (`account_objid`),
  KEY `ix_collectiongroupid` (`collectiongroupid`),
  KEY `ix_account_objid` (`account_objid`),
  CONSTRAINT `collectiongroup_account_ibfk_1` FOREIGN KEY (`collectiongroupid`) REFERENCES `collectiongroup` (`objid`)
) ENGINE=InnoDB DEFAULT CHARSET=utf8;
/*!40101 SET character_set_client = @saved_cs_client */;

--
-- Dumping data for table `collectiongroup_account`
--

LOCK TABLES `collectiongroup_account` WRITE;
/*!40000 ALTER TABLE `collectiongroup_account` DISABLE KEYS */;
INSERT INTO `collectiongroup_account` VALUES ('-1ab0e071:16e80f75f45:-6144','IA-1fdab25b:133fc0e3fa8:-7f39',0,'-1ab0e071:16e80f75f45:-6142','MUN. FORM 103',NULL,'ANY',30.00),('-1ab0e071:16e80f75f45:-6144','IA-52a8262c:132f0315d2e:-7f30',0,'-1ab0e071:16e80f75f45:-6143','BURIAL FEE',NULL,'ANY',15.00),('-1ab0e071:16e80f75f45:-75da','IA-238240f5:148af294b5d:-7f3a',0,'-1ab0e071:16e80f75f45:-75d6','ZONING FEE',NULL,'ANY',0.00),('-1ab0e071:16e80f75f45:-75da','IA-52a8262c:132f0315d2e:-7e75',0,'-1ab0e071:16e80f75f45:-75d7','CERTIFICATION FEE',NULL,'ANY',0.00),('-22269b6b:1753e20aa89:-5b79','IA19dff9b6:13a2900cb39:-7f30',11,'-22269b6b:1753e20aa89:-5b26','ELECTRONICS',NULL,'ANY',2137.20),('-22269b6b:1753e20aa89:-5b79','IA-2a146949:132fa89547f:-784a',10,'-22269b6b:1753e20aa89:-5b27','PLUMBING INSTALLATION FEE',NULL,'ANY',20.00),('-22269b6b:1753e20aa89:-5b79','IA19dff9b6:13a2900cb39:-7f33',9,'-22269b6b:1753e20aa89:-5b3a','MECHANICAL FEES',NULL,'ANY',600.00),('-22269b6b:1753e20aa89:-5b79','IA-52a8262c:132f0315d2e:-7f1d',8,'-22269b6b:1753e20aa89:-5b3b','ELECTRICAL FEE',NULL,'ANY',230.00),('-22269b6b:1753e20aa89:-5b79','REVITEM-1e77d65e:1609f8b6405:-7e05',6,'-22269b6b:1753e20aa89:-5b3d','GARBAGE FEE',NULL,'ANY',600.00),('-22269b6b:1753e20aa89:-5b79','IA-37a937e1:1331967d90b:-7b05',5,'-22269b6b:1753e20aa89:-5b50','TAX CLEARANCE',NULL,'ANY',100.00),('-22269b6b:1753e20aa89:-5b79','IA-52a8262c:132f0315d2e:-7e90',4,'-22269b6b:1753e20aa89:-5b51','MEDICAL CERTIFICATE',NULL,'ANY',100.00),('-22269b6b:1753e20aa89:-5b79','IA-52a8262c:132f0315d2e:-7b84',3,'-22269b6b:1753e20aa89:-5b52','POLICE CLEARANCE',NULL,'ANY',100.00),('-22269b6b:1753e20aa89:-5b79','IA-52a8262c:132f0315d2e:-7e97',2,'-22269b6b:1753e20aa89:-5b53','SANITARY FEE',NULL,'ANY',100.00),('-22269b6b:1753e20aa89:-5b79','IA4dfadde2:132ec81be1e:-7e7b',1,'-22269b6b:1753e20aa89:-5b66','MAYOR\'S PERMIT',NULL,'ANY',10000.00),('-299c4e58:16e1ab8982c:-2134','IA5b9ef97a:132f564c005:-7fc7',0,'-299c4e58:16e1ab8982c:-20ff','MARRIAGE LICENSE FEE',NULL,'ANY',2.00),('-2e2a340a:1729b7f0e26:-7a18','IA-52a8262c:132f0315d2e:-7e8a',2,'-2e2a340a:1729b7f0e26:-7a0d','SKETCH PLAN',NULL,'ANY',75.00),('-2e2a340a:1729b7f0e26:-7a18','IA-52a8262c:132f0315d2e:-7e8d',1,'-2e2a340a:1729b7f0e26:-7a10','CERT. TRUE COPY (TAX DEC)',NULL,'ANY',50.00),('-33d44da9:17fb56129a5:-4a4b','ITMACCT69645b83:17fb646c0b7:-6651:00000-0001',2,'-33d44da9:17fb56129a5:-4a24','TAX ON SAND AND GRAVEL POBLACION',NULL,'ANY',0.10),('-33d44da9:17fb56129a5:-4a4b','ITMACCT69645b83:17fb646c0b7:-71cf',1,'-33d44da9:17fb56129a5:-4a2d','TAX ON SAND AND GRAVEL - PROVINCE SHARE',NULL,'ANY',0.60),('-33d44da9:17fb56129a5:-4a4b','ITMACCTef19a17:17f53af43c4:-7114',0,'-33d44da9:17fb56129a5:-4a3e','TAX ON SAND AND GRAVEL AND OTHER QUARRY PRODUCTS',NULL,'ANY',0.30),('-5eb20153:17392b6a65a:-7e64','IA-52a8262c:132f0315d2e:-7e90',0,'-5eb20153:17392b6a65a:-7e63','MEDICAL CERTIFICATE',NULL,'FIXED',150.00),('-65e03a91:17e19349715:-76da','IA-52a8262c:132f0315d2e:-7f48',0,'-65e03a91:17e19349715:-76ba','CUTTING PERMIT',NULL,'ANY',100.00),('-65e03a91:17e19349715:-76da','IA-52a8262c:132f0315d2e:-7eb5',0,'-65e03a91:17e19349715:-76c1','AFFIDAVIT FEE',NULL,'ANY',100.00),('-65e03a91:17e19349715:-76da','IA6f3d541b:132ffab254b:-7c93',0,'-65e03a91:17e19349715:-76c7','TRANSPORT FEE',NULL,'ANY',400.00),('-65e03a91:17e19349715:-76da','IA-52a8262c:132f0315d2e:-7e70',0,'-65e03a91:17e19349715:-76cf','MAYOR\'S CLEARANCE',NULL,'ANY',250.00),('-65e03a91:17e19349715:-7764','IA-52a8262c:132f0315d2e:-7eb5',0,'-65e03a91:17e19349715:-76e6','AFFIDAVIT FEE',NULL,'ANY',100.00),('-65e03a91:17e19349715:-7764','IA-52a8262c:132f0315d2e:-7f48',0,'-65e03a91:17e19349715:-76f6','CUTTING PERMIT',NULL,'ANY',300.00),('-65e03a91:17e19349715:-7764','IA6f3d541b:132ffab254b:-7c93',0,'-65e03a91:17e19349715:-76fd','TRANSPORT FEE',NULL,'ANY',400.00),('-65e03a91:17e19349715:-7764','IA-52a8262c:132f0315d2e:-7e70',0,'-65e03a91:17e19349715:-7709','MAYOR\'S CLEARANCE',NULL,'ANY',250.00),('-5eb20153:17392b6a65a:-7e64','IA-52a8262c:132f0315d2e:-7e70',0,'-65e03a91:17e19349715:-7963','MAYOR\'S CLEARANCE',NULL,'ANY',100.00),('-67eb17b3:177c6e28422:-7ae7','IA19dff9b6:13a2900cb39:-7f30',5,'-67eb17b3:177c6e28422:-7acf','ELECTRONICS',NULL,'ANY',1000.00),('-67eb17b3:177c6e28422:-7ae7','IA-2a146949:132fa89547f:-784a',4,'-67eb17b3:177c6e28422:-7ad6','PLUMBING INSTALLATION FEE',NULL,'ANY',60.00),('-67eb17b3:177c6e28422:-7ae7','IA19dff9b6:13a2900cb39:-7f33',3,'-67eb17b3:177c6e28422:-7ad8','MECHANICAL FEES',NULL,'ANY',380.00),('-67eb17b3:177c6e28422:-7ae7','IA-52a8262c:132f0315d2e:-7f1d',2,'-67eb17b3:177c6e28422:-7ada','ELECTRICAL FEE',NULL,'ANY',520.00),('-67eb17b3:177c6e28422:-7ae7','IA19dff9b6:13a2900cb39:-7f36',1,'-67eb17b3:177c6e28422:-7ae0','CIVIL BUILDING',NULL,'ANY',120.00),('-67eb17b3:177c6e28422:-7b10','REVITEM-1e77d65e:1609f8b6405:-7e05',6,'-67eb17b3:177c6e28422:-7af5','GARBAGE FEE',NULL,'ANY',600.00),('-67eb17b3:177c6e28422:-7b10','IA-37a937e1:1331967d90b:-7b05',5,'-67eb17b3:177c6e28422:-7af6','TAX CLEARANCE',NULL,'ANY',100.00),('-67eb17b3:177c6e28422:-7b10','IA-52a8262c:132f0315d2e:-7e90',4,'-67eb17b3:177c6e28422:-7af9','MEDICAL CERTIFICATE',NULL,'ANY',100.00),('-67eb17b3:177c6e28422:-7b10','IA-52a8262c:132f0315d2e:-7b84',3,'-67eb17b3:177c6e28422:-7afd','POLICE CLEARANCE',NULL,'ANY',100.00),('-67eb17b3:177c6e28422:-7b10','IA-52a8262c:132f0315d2e:-7e97',2,'-67eb17b3:177c6e28422:-7b04','SANITARY FEE',NULL,'ANY',100.00),('-67eb17b3:177c6e28422:-7b10','IA4dfadde2:132ec81be1e:-7e7b',1,'-67eb17b3:177c6e28422:-7b0b','MAYOR\'S PERMIT',NULL,'ANY',10000.00),('1ceb8193:175d8a57293:-7de4','IA-1f72624a:1339f421d71:-7765',3,'1ceb8193:175d8a57293:-7dc9','BICYCLE PENALTY',NULL,'ANY',20.00),('1ceb8193:175d8a57293:-7de4','IA26b13b6a:1349ba9d621:-7e67',2,'1ceb8193:175d8a57293:-7dca','BICYCLE PLATE NO.',NULL,'ANY',50.00),('1ceb8193:175d8a57293:-7de4','IA-52a8262c:132f0315d2e:-7f52',1,'1ceb8193:175d8a57293:-7dcc','BICYCLE REGISTRATION FEE',NULL,'ANY',100.00),('22e4d3fd:16da39433a6:-3b6e','IA5b9ef97a:132f564c005:-7fbb',5,'22e4d3fd:16da39433a6:-3aa1','MUN. FORM 97',NULL,'ANY',0.00),('22e4d3fd:16da39433a6:-3b6e','IA5b9ef97a:132f564c005:-7fbe',4,'22e4d3fd:16da39433a6:-3ad3','FAMILY PLANN. SEM. FEE',NULL,'ANY',0.00),('22e4d3fd:16da39433a6:-3b6e','IA5b9ef97a:132f564c005:-7fc1',3,'22e4d3fd:16da39433a6:-3af1','COUNSELLING FEE',NULL,'ANY',0.00),('22e4d3fd:16da39433a6:-3b6e','IA5b9ef97a:132f564c005:-7fc4',6,'22e4d3fd:16da39433a6:-3b14','SOLEMNIZATION FEE',NULL,'ANY',0.00),('22e4d3fd:16da39433a6:-3b6e','IA5b9ef97a:132f564c005:-7fc7',2,'22e4d3fd:16da39433a6:-3b2c','MARRIAGE LICENSE FEE',NULL,'ANY',0.00),('22e4d3fd:16da39433a6:-3b6e','IA5b9ef97a:132f564c005:-7fcb',1,'22e4d3fd:16da39433a6:-3b4e','MARRIAGE APPLICATION FEE',NULL,'ANY',0.00),('22e4d3fd:16da39433a6:4a39','IA4dfadde2:132ec81be1e:-7e7b',0,'22e4d3fd:16da39433a6:4aa7','MAYOR\'S PERMIT',NULL,'ANY',200.00),('22e4d3fd:16da39433a6:4a39','IA-52a8262c:132f0315d2e:-7e97',0,'22e4d3fd:16da39433a6:4ab7','SANITARY FEE',NULL,'ANY',100.00),('22e4d3fd:16da39433a6:4a39','IA-796f301e:1330f170bdc:-7cf7',0,'22e4d3fd:16da39433a6:4adb','TRANSFER OF CADAVER',NULL,'ANY',100.00),('22e4d3fd:16da39433a6:4a39','IA-52a8262c:132f0315d2e:-7f45',0,'22e4d3fd:16da39433a6:4af6','EXHUMATION FEE',NULL,'ANY',100.00),('22e4d3fd:16da39433a6:4a39','IA-52a8262c:132f0315d2e:-7ef0',0,'22e4d3fd:16da39433a6:4b12','INSPECTION FEE',NULL,'ANY',100.00),('22e4d3fd:16da39433a6:4a39','IA-52a8262c:132f0315d2e:-7f3f',0,'22e4d3fd:16da39433a6:4b28','EXCAVATION FEE',NULL,'ANY',100.00),('23576556:16d9417ba8a:46cf','IA-52a8262c:132f0315d2e:-7f1d',1,'23576556:16d9417ba8a:46f5','ELECTRICAL FEE',NULL,'ANY',0.00),('23576556:16d9417ba8a:46cf','IA-52a8262c:132f0315d2e:-7f16',1,'23576556:16d9417ba8a:4715','OCCUPANCY',NULL,'ANY',0.00),('23576556:16d9417ba8a:46cf','IA-52a8262c:132f0315d2e:-7ef0',1,'23576556:16d9417ba8a:472b','INSPECTION FEE',NULL,'ANY',0.00),('2ce0aa82:173b6c00756:-7ab6','IA-52a8262c:132f0315d2e:-7ef0',3,'2ce0aa82:173b6c00756:-7aad','INSPECTION FEE',NULL,'ANY',0.00),('2ce0aa82:173b6c00756:-7ab6','IA-52a8262c:132f0315d2e:-7f16',2,'2ce0aa82:173b6c00756:-7aae','OCCUPANCY',NULL,'ANY',0.00),('2ce0aa82:173b6c00756:-7ab6','IA-52a8262c:132f0315d2e:-7f1d',1,'2ce0aa82:173b6c00756:-7aaf','ELECTRICAL FEE',NULL,'ANY',0.00),('2d192b10:1773bf2fb14:-6739','IA-52a8262c:132f0315d2e:-7b84',7,'2d192b10:1773bf2fb14:-6471','POLICE CLEARANCE',NULL,'ANY',0.00),('2d192b10:1773bf2fb14:-6739','REVITEM-1e77d65e:1609f8b6405:-7e05',9,'2d192b10:1773bf2fb14:-670f','GARBAGE FEE',NULL,'ANY',0.00),('2d192b10:1773bf2fb14:-6739','REVITEM681bf708:15966c3082d:-4da1',8,'2d192b10:1773bf2fb14:-6714','FIRE SAFETY - LOCAL',NULL,'ANY',0.00),('2d192b10:1773bf2fb14:-6739','IA-52a8262c:132f0315d2e:-7e90',7,'2d192b10:1773bf2fb14:-671e','MEDICAL CERTIFICATE',NULL,'ANY',0.00),('2d192b10:1773bf2fb14:-6739','IA-52a8262c:132f0315d2e:-7f7b',6,'2d192b10:1773bf2fb14:-6722','WEIGHTS AND MEASURES',NULL,'ANY',0.00),('2d192b10:1773bf2fb14:-6739','IA-52a8262c:132f0315d2e:-7e97',5,'2d192b10:1773bf2fb14:-672a','SANITARY FEE',NULL,'ANY',0.00),('2d192b10:1773bf2fb14:-6739','IA4dfadde2:132ec81be1e:-7e7b',4,'2d192b10:1773bf2fb14:-672b','MAYOR\'S PERMIT',NULL,'ANY',0.00),('2d192b10:1773bf2fb14:-6739','IA5f138be2:1350d05b4b7:-791a',3,'2d192b10:1773bf2fb14:-672c','BUSINESS SURCHARGE',NULL,'ANY',0.00),('2d192b10:1773bf2fb14:-6739','IA4dfadde2:132ec81be1e:-7e50',2,'2d192b10:1773bf2fb14:-6730','BUSINESS INTEREST',NULL,'ANY',0.00),('2d192b10:1773bf2fb14:-6739','IA4dfadde2:132ec81be1e:-7e4c',1,'2d192b10:1773bf2fb14:-6738','BUSINESS TAX',NULL,'ANY',0.00),('3209609a:16d5b83d0d2:4045','IA-18d91920:13415c13804:-7fee',1,'3209609a:16d5b83d0d2:40ae','(TF) REMITTANCE OF DEMO FARM',NULL,'ANY',0.00),('3209609a:16d5b83d0d2:4045','IA-18d91920:13415c13804:-7d78',1,'3209609a:16d5b83d0d2:40de','(TF) PAYMENT OF MANGO SEEDLINGS',NULL,'ANY',0.00),('3209609a:16d5b83d0d2:505f','IA-33d158fa:146640acf79:-7d72',1,'3209609a:16d5b83d0d2:5081','BLDG. CONST. FEE',NULL,'ANY',0.00),('3209609a:16d5b83d0d2:505f','IA-33d158fa:146640acf79:-7ea3',2,'3209609a:16d5b83d0d2:509c','BLDG. ELECTRICAL INSTALLATION FEE',NULL,'ANY',0.00),('3209609a:16d5b83d0d2:505f','IA-33d158fa:146640acf79:-7fb4',7,'3209609a:16d5b83d0d2:50c1','BLDG. INSPECTION FEE',NULL,'ANY',0.00),('3209609a:16d5b83d0d2:505f','IA-33d158fa:146640acf79:-7fbf',4,'3209609a:16d5b83d0d2:50d7','BLDG. OCCUPANCY FEE',NULL,'ANY',0.00),('3209609a:16d5b83d0d2:505f','IA-52a8262c:132f0315d2e:-7f22',5,'3209609a:16d5b83d0d2:5102','BLDG. PERMIT FEE',NULL,'ANY',0.00),('3209609a:16d5b83d0d2:505f','IA-61ecb4ef:141ecd1c65d:-7ec8',6,'3209609a:16d5b83d0d2:511a','BLDG. ACCESSORIES FEE',NULL,'ANY',0.00),('3209609a:16d5b83d0d2:505f','IA181e445b:1467dd4be7a:-7eeb',3,'3209609a:16d5b83d0d2:513d','BLDG. PLUMBING FEE',NULL,'ANY',0.00),('34d18644:17446ddf141:-7b91','IA-52a8262c:132f0315d2e:-7e90',1,'34d18644:17446ddf141:-7b8c','MEDICAL CERTIFICATE',NULL,'ANY',150.00),('34d18644:17446ddf141:-7b91','IA-52a8262c:132f0315d2e:-7e70',0,'34d18644:17446ddf141:-7b8e','MAYOR\'S CLEARANCE',NULL,'ANY',100.00),('61839124:172250ef77a:-6fac','IA-52a8262c:132f0315d2e:-7ef0',4,'61839124:172250ef77a:-6f94','INSPECTION FEE',NULL,'ANY',100.00),('61839124:172250ef77a:-6fac','IA-52a8262c:132f0315d2e:-7f45',3,'61839124:172250ef77a:-6f97','EXHUMATION FEE',NULL,'ANY',100.00),('61839124:172250ef77a:-6fac','IA-52a8262c:132f0315d2e:-7e97',1,'61839124:172250ef77a:-6f9e','SANITARY FEE',NULL,'ANY',100.00),('61839124:172250ef77a:-6fac','IA4dfadde2:132ec81be1e:-7e7b',0,'61839124:172250ef77a:-6fa6','MAYOR\'S PERMIT',NULL,'ANY',200.00),('72020bc7:16e10a9be40:-29fb','IA-332951d7:14b09e283fe:-7b64',2,'72020bc7:16e10a9be40:-2986','PTR SURCHARGE',NULL,'ANY',0.00),('72020bc7:16e10a9be40:-29fb','IA-332951d7:14b09e283fe:-7b61',1,'72020bc7:16e10a9be40:-29b1','PTR INTEREST',NULL,'ANY',0.00),('72020bc7:16e10a9be40:-29fb','IA26b13b6a:1349ba9d621:-7e4b',0,'72020bc7:16e10a9be40:-29c4','PROFESSIONAL TAX RECEIPT',NULL,'ANY',0.00),('3209609a:16d5b83d0d2:41a5','IA-2eed29d1:133a48506a4:-7f7e',1,'78c3645d:16d65ab5914:6a73','RP FEE CALMA SHARE (5%)',NULL,'ANY',0.05),('3209609a:16d5b83d0d2:41a5','IA-2eed29d1:133a48506a4:-7f81',1,'78c3645d:16d65ab5914:6ab1','RP FEE MUN SHARE (95%)',NULL,'ANY',0.95),('78c3645d:16d65ab5914:6fda','IA-60250c87:134539112be:-7c7f',1,'78c3645d:16d65ab5914:7033','RP CT MUNICIPAL SHARE (95%)',NULL,'ANY',0.95),('78c3645d:16d65ab5914:6fda','IA-60250c87:134539112be:-7c88',1,'78c3645d:16d65ab5914:704c','RP CT CALMA SHARE (5%)',NULL,'ANY',0.05),('78c3645d:16d66f90b37:-461a','IA-52a8262c:132f0315d2e:-7b19',1,'78c3645d:16d66f90b37:-45d9','WATER PENALTY',NULL,'ANY',0.00),('78c3645d:16d66f90b37:-461a','IA-52a8262c:132f0315d2e:-7e51',0,'78c3645d:16d66f90b37:-45f0','WATER FEE',NULL,'ANY',0.00),('78c3645d:16d66f90b37:-47c0','REVITEM22e2845:15d9b2249f4:-6d8a',1,'78c3645d:16d66f90b37:-4646','WATER - GUARANTEE DEPOSIT',NULL,'ANY',0.00),('78c3645d:16d66f90b37:-47c0','REVITEM22e2845:15d9b2249f4:-6d55',1,'78c3645d:16d66f90b37:-4669','WATER - INSPECTION',NULL,'ANY',0.00),('78c3645d:16d66f90b37:-47c0','REVITEM22e2845:15d9b2249f4:-6d1f',1,'78c3645d:16d66f90b37:-468a','WATER - TAPPING FEE',NULL,'ANY',0.00),('78c3645d:16d66f90b37:-47c0','REVITEM22e2845:15d9b2249f4:-6ce9',1,'78c3645d:16d66f90b37:-46a6','WATER - 1ST G.I. PIPE',NULL,'ANY',0.00),('78c3645d:16d66f90b37:-47c0','REVITEM22e2845:15d9b2249f4:-6cb3',1,'78c3645d:16d66f90b37:-46bd','WATER - ADD G.I. PIPE',NULL,'ANY',0.00),('78c3645d:16d66f90b37:-47c0','REVITEM22e2845:15d9b2249f4:-6c7d',1,'78c3645d:16d66f90b37:-46e2','WATER - EXCESS PIPE',NULL,'ANY',0.00),('78c3645d:16d66f90b37:-47c0','REVITEM22e2845:15d9b2249f4:-6c48',1,'78c3645d:16d66f90b37:-46fd','WATER - FAUCET OR OULET',NULL,'ANY',0.00),('78c3645d:16d66f90b37:-47c0','REVITEM22e2845:15d9b2249f4:-6c13',1,'78c3645d:16d66f90b37:-4736','WATER - COCK OR ELBOW',NULL,'ANY',0.00),('78c3645d:16d66f90b37:-47c0','REVITEM22e2845:15d9b2249f4:-6c13',1,'78c3645d:16d66f90b37:-4758','WATER - COCK OR ELBOW',NULL,'ANY',0.00),('78c3645d:16d66f90b37:-47c0','REVITEM-605ebe6a:15ddf111541:-76df',1,'78c3645d:16d66f90b37:-4779','WATER FIST PE PIPE',NULL,'ANY',0.00),('-67eb17b3:177c6e28422:-7b10','IA19dff9b6:13a2900cb39:-7f30',10,'a0fbb93:17e93ce8422:-77fc','ELECTRONICS',NULL,'ANY',2137.20),('-67eb17b3:177c6e28422:-7b10','IA-2a146949:132fa89547f:-784a',9,'a0fbb93:17e93ce8422:-7805','PLUMBING INSTALLATION FEE',NULL,'ANY',20.00),('-67eb17b3:177c6e28422:-7b10','IA19dff9b6:13a2900cb39:-7f33',8,'a0fbb93:17e93ce8422:-780a','MECHANICAL FEES',NULL,'ANY',600.00),('-67eb17b3:177c6e28422:-7b10','IA-52a8262c:132f0315d2e:-7f1d',7,'a0fbb93:17e93ce8422:-7810','ELECTRICAL FEE',NULL,'ANY',270.00),('a3b13c9:16e672aadb9:5019','IA-52a8262c:132f0315d2e:-7f3f',0,'a3b13c9:16e672aadb9:503e','EXCAVATION FEE',NULL,'ANY',0.00),('a3b13c9:16e672aadb9:5019','IAfaa79d3:13c17534783:-6984',0,'a3b13c9:16e672aadb9:505c','LINE & GRADE FEE',NULL,'ANY',0.00),('a3b13c9:16e672aadb9:5019','IAfaa79d3:13c17534783:-6981',0,'a3b13c9:16e672aadb9:507c','FENCING',NULL,'ANY',0.00),('a3b13c9:16e672aadb9:5019','IA-52a8262c:132f0315d2e:-7ef0',0,'a3b13c9:16e672aadb9:50ae','INSPECTION FEE',NULL,'ANY',0.00),('cf1d6de:17746706906:-6f02','REVITEM22e2845:15d9b2249f4:-6d1f',3,'cf1d6de:17746706906:-6eec','WATER - TAPPING FEE',NULL,'ANY',100.00),('cf1d6de:17746706906:-6f02','REVITEM22e2845:15d9b2249f4:-6d55',2,'cf1d6de:17746706906:-6ef4','WATER - INSPECTION',NULL,'ANY',50.00),('cf1d6de:17746706906:-6f02','REVITEM22e2845:15d9b2249f4:-6d8a',1,'cf1d6de:17746706906:-6ef5','WATER - GUARANTEE DEPOSIT',NULL,'ANY',50.00);
/*!40000 ALTER TABLE `collectiongroup_account` ENABLE KEYS */;
UNLOCK TABLES;

--
-- Table structure for table `collectiongroup_org`
--

DROP TABLE IF EXISTS `collectiongroup_org`;
/*!40101 SET @saved_cs_client     = @@character_set_client */;
/*!40101 SET character_set_client = utf8 */;
CREATE TABLE `collectiongroup_org` (
  `objid` varchar(100) NOT NULL,
  `collectiongroupid` varchar(50) NOT NULL,
  `org_objid` varchar(50) NOT NULL,
  `org_name` varchar(255) NOT NULL,
  `org_type` varchar(50) NOT NULL,
  PRIMARY KEY (`objid`),
  UNIQUE KEY `uix_collectiongroup_org` (`collectiongroupid`,`org_objid`),
  KEY `ix_collectiongroupid` (`collectiongroupid`),
  KEY `ix_org_objid` (`org_objid`),
  CONSTRAINT `fk_collectiongroup_org_parent` FOREIGN KEY (`collectiongroupid`) REFERENCES `collectiongroup` (`objid`)
) ENGINE=InnoDB DEFAULT CHARSET=utf8;
/*!40101 SET character_set_client = @saved_cs_client */;

--
-- Dumping data for table `collectiongroup_org`
--

LOCK TABLES `collectiongroup_org` WRITE;
/*!40000 ALTER TABLE `collectiongroup_org` DISABLE KEYS */;
/*!40000 ALTER TABLE `collectiongroup_org` ENABLE KEYS */;
UNLOCK TABLES;

--
-- Table structure for table `collectiontype`
--

DROP TABLE IF EXISTS `collectiontype`;
/*!40101 SET @saved_cs_client     = @@character_set_client */;
/*!40101 SET character_set_client = utf8 */;
CREATE TABLE `collectiontype` (
  `objid` varchar(50) NOT NULL,
  `state` varchar(10) DEFAULT NULL,
  `name` varchar(50) DEFAULT NULL,
  `title` varchar(50) DEFAULT NULL,
  `formno` varchar(10) DEFAULT NULL,
  `handler` varchar(25) DEFAULT NULL,
  `allowbatch` int(11) NOT NULL DEFAULT '0',
  `barcodekey` varchar(100) DEFAULT NULL,
  `allowonline` int(11) NOT NULL DEFAULT '0',
  `allowoffline` int(11) NOT NULL DEFAULT '0',
  `sortorder` int(11) NOT NULL DEFAULT '0',
  `org_objid` varchar(50) DEFAULT NULL,
  `org_name` varchar(50) DEFAULT NULL,
  `fund_objid` varchar(100) DEFAULT NULL,
  `fund_title` varchar(255) DEFAULT NULL,
  `category` varchar(100) DEFAULT NULL,
  `queuesection` varchar(100) DEFAULT NULL,
  `allowpaymentorder` int(11) DEFAULT '0',
  `allowkiosk` int(11) DEFAULT '0',
  `allowcreditmemo` int(11) DEFAULT '0',
  `system` int(11) DEFAULT '0',
  `info` text,
  PRIMARY KEY (`objid`),
  KEY `ix_name` (`name`),
  KEY `ix_formno` (`formno`),
  KEY `ix_handler` (`handler`),
  KEY `ix_org_objid` (`org_objid`),
  KEY `ix_fund_objid` (`fund_objid`),
  KEY `ix_state` (`state`),
  CONSTRAINT `fk_collectiontype_fund_objid` FOREIGN KEY (`fund_objid`) REFERENCES `fund` (`objid`)
) ENGINE=InnoDB DEFAULT CHARSET=utf8;
/*!40101 SET character_set_client = @saved_cs_client */;

--
-- Dumping data for table `collectiontype`
--

LOCK TABLES `collectiontype` WRITE;
/*!40000 ALTER TABLE `collectiontype` DISABLE KEYS */;
INSERT INTO `collectiontype` VALUES ('BUSINESS_COL','ACTIVE','BUSINESS_COLLECTION','Business Collection','51','bpls',0,'51001',1,1,1,NULL,NULL,NULL,NULL,NULL,NULL,0,0,0,0,NULL),('COLLTYPE-1cf5626b:17fb48ac669:-6fbd','ACTIVE','IRA','IRA','51','misc',0,NULL,0,0,0,NULL,NULL,NULL,NULL,NULL,NULL,0,0,1,NULL,'[:]'),('COLLTYPE-6a1e22a3:15165341434:-73c1','ACTIVE','COMMUNITY_TAX','Brgy. Community Tax','0016','misc',1,NULL,0,0,0,NULL,NULL,NULL,NULL,NULL,NULL,0,0,0,0,'[:]'),('COLLTYPE350cc3fe:17fde262540:645e','ACTIVE','RPT_COMPROMISE','Compromise Agreement','56','rptcompromise',0,NULL,1,0,100,NULL,NULL,NULL,NULL,NULL,NULL,0,0,0,NULL,'[:]'),('CT10_COLLECTION','ACTIVE','CT10','CASH TICKETS 10','CT10','cashticket',0,NULL,0,1,10,NULL,NULL,NULL,NULL,NULL,NULL,0,0,0,0,NULL),('CT5_COLLECTION','ACTIVE','CT5','CASH TICKETS 5','CT5','cashticket',0,NULL,0,1,5,NULL,NULL,NULL,NULL,NULL,NULL,0,0,0,0,NULL),('GEN_COL','ACTIVE','GENERAL_COLLECTION','General Collection','51','misc',1,NULL,1,1,0,NULL,NULL,NULL,NULL,NULL,NULL,0,0,0,0,NULL),('LCO_COLLECTION','ACTIVE','LARGE_CATTLE_OWNERSHIP','LARGE CATTLE OWNERSHIP','53','lco',1,NULL,0,1,95,NULL,NULL,NULL,NULL,NULL,NULL,0,0,0,0,NULL),('LCT_COLLECTION','ACTIVE','LARGE_CATTLE_TRANSFER','LARGE CATTLE TRANSFER','52','lct',1,NULL,0,1,95,NULL,NULL,NULL,NULL,NULL,NULL,0,0,0,0,NULL),('MARRIAGE_COLLECTION','ACTIVE','MARRIAGE_LICENSE_FEE','Marriage Collection','54','marriage',1,NULL,0,0,0,NULL,NULL,NULL,NULL,NULL,NULL,0,0,0,0,NULL),('RPT_COL','ACTIVE','REAL_PROPERTY_TAX','Realty Tax Collection','56','rpt',0,'56001',1,1,2,NULL,NULL,NULL,NULL,NULL,NULL,0,0,0,0,NULL),('RPT_COL_MANUAL','ACTIVE','REAL_PROPERTY_TAX_MANUAL','RPT Collection (MANUAL)','56','rptmanual',0,NULL,1,0,100,NULL,NULL,NULL,NULL,NULL,NULL,0,0,0,0,NULL);
/*!40000 ALTER TABLE `collectiontype` ENABLE KEYS */;
UNLOCK TABLES;

--
-- Table structure for table `collectiontype_account`
--

DROP TABLE IF EXISTS `collectiontype_account`;
/*!40101 SET @saved_cs_client     = @@character_set_client */;
/*!40101 SET character_set_client = utf8 */;
CREATE TABLE `collectiontype_account` (
  `collectiontypeid` varchar(50) NOT NULL,
  `account_objid` varchar(50) NOT NULL,
  `account_title` varchar(255) NOT NULL,
  `tag` varchar(50) DEFAULT NULL,
  `defaultvalue` decimal(16,4) DEFAULT NULL,
  `valuetype` varchar(20) DEFAULT NULL,
  `sortorder` int(11) DEFAULT NULL,
  `objid` varchar(50) NOT NULL DEFAULT '',
  PRIMARY KEY (`objid`),
  KEY `fk_collectiontype_account_revitem` (`account_objid`),
  KEY `ix_collectiontypeid` (`collectiontypeid`),
  KEY `ix_account_objid` (`account_objid`),
  CONSTRAINT `fk_collectiontype_account_collectiontype` FOREIGN KEY (`collectiontypeid`) REFERENCES `collectiontype` (`objid`),
  CONSTRAINT `fk_collectiontype_account_revitem` FOREIGN KEY (`account_objid`) REFERENCES `itemaccount` (`objid`)
) ENGINE=InnoDB DEFAULT CHARSET=utf8;
/*!40101 SET character_set_client = @saved_cs_client */;

--
-- Dumping data for table `collectiontype_account`
--

LOCK TABLES `collectiontype_account` WRITE;
/*!40000 ALTER TABLE `collectiontype_account` DISABLE KEYS */;
INSERT INTO `collectiontype_account` VALUES ('COLLTYPE-1cf5626b:17fb48ac669:-6fbd','ITMACCT-6ba435fc:17fb59fd2de:-7de4','INTERNAL REVENUE ALLOTMENT',NULL,0.0000,'ANY',0,'-33d44da9:17fb56129a5:-767f'),('COLLTYPE-6a1e22a3:15165341434:-73c1','IA32902552:134ab29a375:-7970','COMM. TAX - CORPORATION',NULL,0.0000,'ANY',1,'78c3645d:16d65ab5914:3fd9'),('COLLTYPE-6a1e22a3:15165341434:-73c1','IA7784cb42:1331e9424ea:-7da8','COMM. TAX - IND.',NULL,0.0000,'ANY',1,'78c3645d:16d65ab5914:4000');
/*!40000 ALTER TABLE `collectiontype_account` ENABLE KEYS */;
UNLOCK TABLES;

--
-- Table structure for table `collectiontype_org`
--

DROP TABLE IF EXISTS `collectiontype_org`;
/*!40101 SET @saved_cs_client     = @@character_set_client */;
/*!40101 SET character_set_client = utf8 */;
CREATE TABLE `collectiontype_org` (
  `objid` varchar(100) NOT NULL,
  `collectiontypeid` varchar(50) DEFAULT NULL,
  `org_objid` varchar(50) DEFAULT NULL,
  `org_name` varchar(150) DEFAULT NULL,
  `org_type` varchar(50) DEFAULT NULL,
  PRIMARY KEY (`objid`),
  UNIQUE KEY `uix_collectiontype_org` (`collectiontypeid`,`org_objid`),
  KEY `ix_collectiontypeid` (`collectiontypeid`),
  KEY `ix_org_objid` (`org_objid`),
  KEY `ix_org_name` (`org_name`),
  CONSTRAINT `fk_collectiontype_org_parent` FOREIGN KEY (`collectiontypeid`) REFERENCES `collectiontype` (`objid`)
) ENGINE=InnoDB DEFAULT CHARSET=utf8;
/*!40101 SET character_set_client = @saved_cs_client */;

--
-- Dumping data for table `collectiontype_org`
--

LOCK TABLES `collectiontype_org` WRITE;
/*!40000 ALTER TABLE `collectiontype_org` DISABLE KEYS */;
/*!40000 ALTER TABLE `collectiontype_org` ENABLE KEYS */;
UNLOCK TABLES;

--
-- Table structure for table `collectionvoucher`
--

DROP TABLE IF EXISTS `collectionvoucher`;
/*!40101 SET @saved_cs_client     = @@character_set_client */;
/*!40101 SET character_set_client = utf8 */;
CREATE TABLE `collectionvoucher` (
  `objid` varchar(50) NOT NULL,
  `state` varchar(50) NOT NULL,
  `controlno` varchar(100) NOT NULL,
  `controldate` date NOT NULL,
  `dtposted` datetime NOT NULL,
  `liquidatingofficer_objid` varchar(50) DEFAULT NULL,
  `liquidatingofficer_name` varchar(100) DEFAULT NULL,
  `liquidatingofficer_title` varchar(50) DEFAULT NULL,
  `liquidatingofficer_signature` longtext,
  `amount` decimal(18,2) DEFAULT NULL,
  `totalcash` decimal(18,2) DEFAULT NULL,
  `totalcheck` decimal(16,4) DEFAULT NULL,
  `cashbreakdown` longtext,
  `totalcr` decimal(16,4) DEFAULT NULL,
  `depositvoucherid` varchar(50) DEFAULT NULL,
  `ukey` varchar(50) NOT NULL DEFAULT '',
  PRIMARY KEY (`objid`),
  KEY `ix_state` (`state`),
  KEY `ix_controldate` (`controldate`),
  KEY `ix_dtposted` (`dtposted`),
  KEY `ix_liquidatingofficer_objid` (`liquidatingofficer_objid`),
  KEY `ix_liquidatingofficer_name` (`liquidatingofficer_name`),
  KEY `ix_depositvoucherid` (`depositvoucherid`),
  KEY `uix_controlno` (`controlno`,`ukey`),
  CONSTRAINT `fk_collectionvoucher_depositvoucherid` FOREIGN KEY (`depositvoucherid`) REFERENCES `depositvoucher` (`objid`),
  CONSTRAINT `fk_collectionvoucher_liquidatingofficer` FOREIGN KEY (`liquidatingofficer_objid`) REFERENCES `sys_user` (`objid`)
) ENGINE=InnoDB DEFAULT CHARSET=utf8;
/*!40101 SET character_set_client = @saved_cs_client */;

--
-- Dumping data for table `collectionvoucher`
--

LOCK TABLES `collectionvoucher` WRITE;
/*!40000 ALTER TABLE `collectionvoucher` DISABLE KEYS */;
/*!40000 ALTER TABLE `collectionvoucher` ENABLE KEYS */;
UNLOCK TABLES;

--
-- Table structure for table `collectionvoucher_fund`
--

DROP TABLE IF EXISTS `collectionvoucher_fund`;
/*!40101 SET @saved_cs_client     = @@character_set_client */;
/*!40101 SET character_set_client = utf8 */;
CREATE TABLE `collectionvoucher_fund` (
  `objid` varchar(255) NOT NULL,
  `controlno` varchar(100) NOT NULL,
  `parentid` varchar(50) NOT NULL,
  `fund_objid` varchar(100) NOT NULL,
  `fund_title` varchar(100) NOT NULL,
  `amount` decimal(16,4) NOT NULL,
  `totalcash` decimal(16,4) NOT NULL,
  `totalcheck` decimal(16,4) NOT NULL,
  `totalcr` decimal(16,4) NOT NULL,
  `cashbreakdown` longtext,
  `depositvoucherid` varchar(50) DEFAULT NULL,
  PRIMARY KEY (`objid`),
  UNIQUE KEY `uix_parentid_fund_objid` (`parentid`,`fund_objid`),
  KEY `ix_controlno` (`controlno`),
  KEY `ix_parentid` (`parentid`),
  KEY `ix_fund_objid` (`fund_objid`),
  KEY `ix_depositvoucherid` (`depositvoucherid`),
  CONSTRAINT `fk_collectionvoucher_fund_fund_objid` FOREIGN KEY (`fund_objid`) REFERENCES `fund` (`objid`),
  CONSTRAINT `fk_collectionvoucher_fund_parentid` FOREIGN KEY (`parentid`) REFERENCES `collectionvoucher` (`objid`)
) ENGINE=InnoDB DEFAULT CHARSET=utf8;
/*!40101 SET character_set_client = @saved_cs_client */;

--
-- Dumping data for table `collectionvoucher_fund`
--

LOCK TABLES `collectionvoucher_fund` WRITE;
/*!40000 ALTER TABLE `collectionvoucher_fund` DISABLE KEYS */;
/*!40000 ALTER TABLE `collectionvoucher_fund` ENABLE KEYS */;
UNLOCK TABLES;

--
-- Table structure for table `consolidatedland`
--

DROP TABLE IF EXISTS `consolidatedland`;
/*!40101 SET @saved_cs_client     = @@character_set_client */;
/*!40101 SET character_set_client = utf8 */;
CREATE TABLE `consolidatedland` (
  `objid` varchar(50) NOT NULL,
  `consolidationid` varchar(50) NOT NULL,
  `landfaasid` varchar(50) NOT NULL,
  `rpuid` varchar(50) NOT NULL,
  `rpid` varchar(50) NOT NULL,
  PRIMARY KEY (`objid`),
  KEY `FK_consolidatedland_consolidation` (`consolidationid`),
  KEY `FK_consolidatedland_faas` (`landfaasid`),
  CONSTRAINT `consolidatedland_ibfk_1` FOREIGN KEY (`consolidationid`) REFERENCES `consolidation` (`objid`),
  CONSTRAINT `consolidatedland_ibfk_2` FOREIGN KEY (`landfaasid`) REFERENCES `faas` (`objid`)
) ENGINE=InnoDB DEFAULT CHARSET=utf8;
/*!40101 SET character_set_client = @saved_cs_client */;

--
-- Dumping data for table `consolidatedland`
--

LOCK TABLES `consolidatedland` WRITE;
/*!40000 ALTER TABLE `consolidatedland` DISABLE KEYS */;
/*!40000 ALTER TABLE `consolidatedland` ENABLE KEYS */;
UNLOCK TABLES;

--
-- Table structure for table `consolidation`
--

DROP TABLE IF EXISTS `consolidation`;
/*!40101 SET @saved_cs_client     = @@character_set_client */;
/*!40101 SET character_set_client = utf8 */;
CREATE TABLE `consolidation` (
  `objid` varchar(50) NOT NULL,
  `state` varchar(25) NOT NULL,
  `txnno` varchar(25) NOT NULL,
  `txndate` datetime DEFAULT NULL,
  `ry` int(11) NOT NULL,
  `txntype_objid` varchar(50) DEFAULT NULL,
  `autonumber` int(11) DEFAULT NULL,
  `effectivityyear` int(11) DEFAULT NULL,
  `effectivityqtr` int(11) DEFAULT NULL,
  `newtdno` varchar(50) DEFAULT NULL,
  `newutdno` varchar(50) DEFAULT NULL,
  `newtitletype` varchar(50) DEFAULT NULL,
  `newtitleno` varchar(50) DEFAULT NULL,
  `newtitledate` varchar(50) DEFAULT NULL,
  `memoranda` text,
  `lguid` varchar(50) DEFAULT NULL,
  `lgutype` varchar(50) DEFAULT NULL,
  `newrpid` varchar(50) DEFAULT NULL,
  `newrpuid` varchar(50) DEFAULT NULL,
  `newfaasid` varchar(50) DEFAULT NULL,
  `taxpayer_objid` varchar(50) DEFAULT NULL,
  `taxpayer_name` text,
  `taxpayer_address` varchar(200) DEFAULT NULL,
  `owner_name` text,
  `owner_address` varchar(200) DEFAULT NULL,
  `administrator_objid` varchar(50) DEFAULT NULL,
  `administrator_name` varchar(500) DEFAULT NULL,
  `administrator_address` varchar(200) DEFAULT NULL,
  `administratorid` varchar(50) DEFAULT NULL,
  `administratorname` varchar(500) DEFAULT NULL,
  `administratoraddress` varchar(200) DEFAULT NULL,
  `signatories` varchar(500) DEFAULT NULL,
  `originlguid` varchar(50) DEFAULT NULL,
  PRIMARY KEY (`objid`),
  KEY `FK_consolidation_newfaas` (`newfaasid`),
  KEY `FK_consolidation_newrp` (`newrpid`),
  KEY `FK_consolidation_newrpu` (`newrpuid`),
  KEY `ix_consolidation_newtdno` (`newtdno`),
  KEY `txntype_objid` (`txntype_objid`),
  CONSTRAINT `consolidation_ibfk_1` FOREIGN KEY (`newfaasid`) REFERENCES `faas` (`objid`),
  CONSTRAINT `consolidation_ibfk_2` FOREIGN KEY (`newrpid`) REFERENCES `realproperty` (`objid`),
  CONSTRAINT `consolidation_ibfk_3` FOREIGN KEY (`newrpuid`) REFERENCES `rpu` (`objid`)
) ENGINE=InnoDB DEFAULT CHARSET=utf8;
/*!40101 SET character_set_client = @saved_cs_client */;

--
-- Dumping data for table `consolidation`
--

LOCK TABLES `consolidation` WRITE;
/*!40000 ALTER TABLE `consolidation` DISABLE KEYS */;
/*!40000 ALTER TABLE `consolidation` ENABLE KEYS */;
UNLOCK TABLES;

--
-- Table structure for table `consolidation_task`
--

DROP TABLE IF EXISTS `consolidation_task`;
/*!40101 SET @saved_cs_client     = @@character_set_client */;
/*!40101 SET character_set_client = utf8 */;
CREATE TABLE `consolidation_task` (
  `objid` varchar(50) NOT NULL DEFAULT '',
  `refid` varchar(50) DEFAULT NULL,
  `parentprocessid` varchar(50) DEFAULT NULL,
  `state` varchar(50) DEFAULT NULL,
  `startdate` datetime DEFAULT NULL,
  `enddate` datetime DEFAULT NULL,
  `assignee_objid` varchar(50) DEFAULT NULL,
  `assignee_name` varchar(100) DEFAULT NULL,
  `assignee_title` varchar(80) DEFAULT NULL,
  `actor_objid` varchar(50) DEFAULT NULL,
  `actor_name` varchar(100) DEFAULT NULL,
  `actor_title` varchar(80) DEFAULT NULL,
  `message` varchar(255) DEFAULT NULL,
  `signature` text,
  `returnedby` varchar(100) DEFAULT NULL,
  PRIMARY KEY (`objid`),
  KEY `ix_refid` (`refid`),
  KEY `ix_assignee_objid` (`assignee_objid`)
) ENGINE=InnoDB DEFAULT CHARSET=utf8;
/*!40101 SET character_set_client = @saved_cs_client */;

--
-- Dumping data for table `consolidation_task`
--

LOCK TABLES `consolidation_task` WRITE;
/*!40000 ALTER TABLE `consolidation_task` DISABLE KEYS */;
/*!40000 ALTER TABLE `consolidation_task` ENABLE KEYS */;
UNLOCK TABLES;

--
-- Table structure for table `consolidationaffectedrpu`
--

DROP TABLE IF EXISTS `consolidationaffectedrpu`;
/*!40101 SET @saved_cs_client     = @@character_set_client */;
/*!40101 SET character_set_client = utf8 */;
CREATE TABLE `consolidationaffectedrpu` (
  `objid` varchar(50) NOT NULL,
  `consolidationid` varchar(50) NOT NULL,
  `landfaasid` varchar(50) NOT NULL,
  `prevfaasid` varchar(50) NOT NULL,
  `newrpid` varchar(50) NOT NULL,
  `newrpuid` varchar(50) NOT NULL,
  `newfaasid` varchar(50) DEFAULT NULL,
  `newtdno` varchar(50) DEFAULT NULL,
  `newutdno` varchar(50) DEFAULT NULL,
  `newsuffix` int(11) DEFAULT NULL,
  `memoranda` varchar(500) DEFAULT NULL,
  PRIMARY KEY (`objid`),
  KEY `FK_consolidationaffectedrpu_consolidation` (`consolidationid`),
  KEY `FK_consolidationaffectedrpu_newfaas` (`newfaasid`),
  KEY `FK_consolidationaffectedrpu_newrpu` (`newrpuid`),
  KEY `FK_consolidationaffectedrpu_prevfaas` (`prevfaasid`),
  KEY `ix_consolidationaffectedrpu_landfaasid` (`landfaasid`),
  KEY `ix_consolidationaffectedrpu_newtdno` (`newtdno`),
  KEY `newrpid` (`newrpid`),
  CONSTRAINT `consolidationaffectedrpu_ibfk_1` FOREIGN KEY (`consolidationid`) REFERENCES `consolidation` (`objid`),
  CONSTRAINT `consolidationaffectedrpu_ibfk_2` FOREIGN KEY (`newfaasid`) REFERENCES `faas` (`objid`),
  CONSTRAINT `consolidationaffectedrpu_ibfk_3` FOREIGN KEY (`newrpuid`) REFERENCES `rpu` (`objid`),
  CONSTRAINT `consolidationaffectedrpu_ibfk_4` FOREIGN KEY (`prevfaasid`) REFERENCES `faas` (`objid`),
  CONSTRAINT `consolidationaffectedrpu_ibfk_5` FOREIGN KEY (`newrpid`) REFERENCES `realproperty` (`objid`)
) ENGINE=InnoDB DEFAULT CHARSET=utf8;
/*!40101 SET character_set_client = @saved_cs_client */;

--
-- Dumping data for table `consolidationaffectedrpu`
--

LOCK TABLES `consolidationaffectedrpu` WRITE;
/*!40000 ALTER TABLE `consolidationaffectedrpu` DISABLE KEYS */;
/*!40000 ALTER TABLE `consolidationaffectedrpu` ENABLE KEYS */;
UNLOCK TABLES;

--
-- Table structure for table `creditmemo`
--

DROP TABLE IF EXISTS `creditmemo`;
/*!40101 SET @saved_cs_client     = @@character_set_client */;
/*!40101 SET character_set_client = utf8 */;
CREATE TABLE `creditmemo` (
  `objid` varchar(50) NOT NULL,
  `state` varchar(25) NOT NULL,
  `refdate` date NOT NULL,
  `refno` varchar(25) NOT NULL,
  `amount` decimal(16,4) NOT NULL,
  `particulars` varchar(250) DEFAULT NULL,
  `type_objid` varchar(50) DEFAULT NULL,
  `type_title` varchar(150) DEFAULT NULL,
  `bankaccount_objid` varchar(50) DEFAULT NULL,
  `bankaccount_title` varchar(150) DEFAULT NULL,
  `payer_objid` varchar(50) DEFAULT NULL,
  `_payername` varchar(255) DEFAULT NULL,
  `_payeraddress` varchar(255) DEFAULT NULL,
  `controlno` varchar(50) DEFAULT NULL,
  `receiptid` varchar(50) DEFAULT NULL,
  `receiptno` varchar(50) DEFAULT NULL,
  `dtissued` date DEFAULT NULL,
  `issuedby_objid` varchar(50) DEFAULT NULL,
  `issuedby_name` varchar(150) DEFAULT NULL,
  `bankaccount_code` varchar(50) DEFAULT NULL,
  `receiptdate` date DEFAULT NULL,
  `issuereceipt` int(11) DEFAULT NULL,
  `type` varchar(25) DEFAULT NULL,
  `payer_name` varchar(255) NOT NULL,
  `payer_address_objid` varchar(50) DEFAULT NULL,
  `payer_address_text` varchar(50) DEFAULT NULL,
  PRIMARY KEY (`objid`),
  KEY `ix_state` (`state`),
  KEY `ix_refdate` (`refdate`),
  KEY `ix_refno` (`refno`),
  KEY `ix_type_objid` (`type_objid`),
  KEY `ix_bankaccount_objid` (`bankaccount_objid`),
  KEY `ix_payer_objid` (`payer_objid`),
  KEY `ix_controlno` (`controlno`),
  KEY `ix_receiptid` (`receiptid`),
  KEY `ix_receiptno` (`receiptno`),
  KEY `ix_dtissued` (`dtissued`),
  KEY `ix_issuedby_objid` (`issuedby_objid`),
  KEY `ix_receiptdate` (`receiptdate`),
  KEY `ix_payer_name` (`payer_name`),
  KEY `ix_payer_address_objid` (`payer_address_objid`)
) ENGINE=InnoDB DEFAULT CHARSET=utf8;
/*!40101 SET character_set_client = @saved_cs_client */;

--
-- Dumping data for table `creditmemo`
--

LOCK TABLES `creditmemo` WRITE;
/*!40000 ALTER TABLE `creditmemo` DISABLE KEYS */;
/*!40000 ALTER TABLE `creditmemo` ENABLE KEYS */;
UNLOCK TABLES;

--
-- Table structure for table `creditmemoitem`
--

DROP TABLE IF EXISTS `creditmemoitem`;
/*!40101 SET @saved_cs_client     = @@character_set_client */;
/*!40101 SET character_set_client = utf8 */;
CREATE TABLE `creditmemoitem` (
  `objid` varchar(50) NOT NULL,
  `parentid` varchar(50) NOT NULL,
  `item_objid` varchar(50) NOT NULL,
  `amount` decimal(16,2) NOT NULL,
  PRIMARY KEY (`objid`),
  KEY `FK_creditmemo_item` (`parentid`),
  KEY `FK_creditmemoitem_revenueitem` (`item_objid`),
  KEY `ix_parentid` (`parentid`),
  KEY `ix_item_objid` (`item_objid`),
  CONSTRAINT `creditmemoitem_ibfk_1` FOREIGN KEY (`parentid`) REFERENCES `creditmemo` (`objid`),
  CONSTRAINT `fk_creditmemoitem_parentid` FOREIGN KEY (`parentid`) REFERENCES `creditmemo` (`objid`),
  CONSTRAINT `FK_creditmemoitem_revenueitem` FOREIGN KEY (`item_objid`) REFERENCES `itemaccount` (`objid`),
  CONSTRAINT `FK_creditmemo_item` FOREIGN KEY (`parentid`) REFERENCES `creditmemo` (`objid`)
) ENGINE=InnoDB DEFAULT CHARSET=utf8;
/*!40101 SET character_set_client = @saved_cs_client */;

--
-- Dumping data for table `creditmemoitem`
--

LOCK TABLES `creditmemoitem` WRITE;
/*!40000 ALTER TABLE `creditmemoitem` DISABLE KEYS */;
/*!40000 ALTER TABLE `creditmemoitem` ENABLE KEYS */;
UNLOCK TABLES;

--
-- Table structure for table `creditmemotype`
--

DROP TABLE IF EXISTS `creditmemotype`;
/*!40101 SET @saved_cs_client     = @@character_set_client */;
/*!40101 SET character_set_client = utf8 */;
CREATE TABLE `creditmemotype` (
  `objid` varchar(50) NOT NULL,
  `title` varchar(50) DEFAULT NULL,
  `issuereceipt` int(11) DEFAULT NULL,
  `handler` varchar(50) DEFAULT NULL,
  `sortorder` int(11) DEFAULT NULL,
  `fund_objid` varchar(100) DEFAULT NULL,
  `fund_code` varchar(50) DEFAULT NULL,
  `fund_title` varchar(255) DEFAULT NULL,
  PRIMARY KEY (`objid`),
  KEY `ix_fund_objid` (`fund_objid`)
) ENGINE=InnoDB DEFAULT CHARSET=utf8;
/*!40101 SET character_set_client = @saved_cs_client */;

--
-- Dumping data for table `creditmemotype`
--

LOCK TABLES `creditmemotype` WRITE;
/*!40000 ALTER TABLE `creditmemotype` DISABLE KEYS */;
/*!40000 ALTER TABLE `creditmemotype` ENABLE KEYS */;
UNLOCK TABLES;

--
-- Table structure for table `creditmemotype_account`
--

DROP TABLE IF EXISTS `creditmemotype_account`;
/*!40101 SET @saved_cs_client     = @@character_set_client */;
/*!40101 SET character_set_client = utf8 */;
CREATE TABLE `creditmemotype_account` (
  `typeid` varchar(50) NOT NULL,
  `account_objid` varchar(50) NOT NULL,
  `account_title` varchar(100) DEFAULT NULL,
  `tag` varchar(50) DEFAULT NULL,
  `sortorder` int(11) DEFAULT NULL,
  PRIMARY KEY (`typeid`,`account_objid`)
) ENGINE=InnoDB DEFAULT CHARSET=utf8;
/*!40101 SET character_set_client = @saved_cs_client */;

--
-- Dumping data for table `creditmemotype_account`
--

LOCK TABLES `creditmemotype_account` WRITE;
/*!40000 ALTER TABLE `creditmemotype_account` DISABLE KEYS */;
/*!40000 ALTER TABLE `creditmemotype_account` ENABLE KEYS */;
UNLOCK TABLES;

--
-- Table structure for table `deposit_fund_transfer`
--

DROP TABLE IF EXISTS `deposit_fund_transfer`;
/*!40101 SET @saved_cs_client     = @@character_set_client */;
/*!40101 SET character_set_client = utf8 */;
CREATE TABLE `deposit_fund_transfer` (
  `objid` varchar(150) NOT NULL,
  `fromdepositvoucherfundid` varchar(150) NOT NULL,
  `todepositvoucherfundid` varchar(150) NOT NULL,
  `amount` decimal(16,4) NOT NULL,
  PRIMARY KEY (`objid`),
  KEY `ix_fromfundid` (`fromdepositvoucherfundid`),
  KEY `ix_tofundid` (`todepositvoucherfundid`),
  CONSTRAINT `fk_deposit_fund_transfer_fromdepositvoucherfundid` FOREIGN KEY (`fromdepositvoucherfundid`) REFERENCES `depositvoucher_fund` (`objid`),
  CONSTRAINT `fk_deposit_fund_transfer_todepositvoucherfundid` FOREIGN KEY (`todepositvoucherfundid`) REFERENCES `depositvoucher_fund` (`objid`)
) ENGINE=InnoDB DEFAULT CHARSET=utf8;
/*!40101 SET character_set_client = @saved_cs_client */;

--
-- Dumping data for table `deposit_fund_transfer`
--

LOCK TABLES `deposit_fund_transfer` WRITE;
/*!40000 ALTER TABLE `deposit_fund_transfer` DISABLE KEYS */;
/*!40000 ALTER TABLE `deposit_fund_transfer` ENABLE KEYS */;
UNLOCK TABLES;

--
-- Table structure for table `depositslip`
--

DROP TABLE IF EXISTS `depositslip`;
/*!40101 SET @saved_cs_client     = @@character_set_client */;
/*!40101 SET character_set_client = utf8 */;
CREATE TABLE `depositslip` (
  `objid` varchar(100) NOT NULL,
  `depositvoucherfundid` varchar(150) DEFAULT NULL,
  `createdby_objid` varchar(50) DEFAULT NULL,
  `createdby_name` varchar(255) DEFAULT NULL,
  `depositdate` date DEFAULT NULL,
  `dtcreated` datetime DEFAULT NULL,
  `bankacctid` varchar(50) DEFAULT NULL,
  `totalcash` decimal(16,4) DEFAULT NULL,
  `totalcheck` decimal(16,4) DEFAULT NULL,
  `amount` decimal(16,4) DEFAULT NULL,
  `validation_refno` varchar(50) DEFAULT NULL,
  `validation_refdate` date DEFAULT NULL,
  `cashbreakdown` longtext,
  `state` varchar(10) DEFAULT NULL,
  `deposittype` varchar(50) DEFAULT NULL,
  `checktype` varchar(50) DEFAULT NULL,
  PRIMARY KEY (`objid`),
  KEY `ix_depositvoucherid` (`depositvoucherfundid`),
  KEY `ix_createdby_objid` (`createdby_objid`),
  KEY `ix_createdby_name` (`createdby_name`),
  KEY `ix_depositdate` (`depositdate`),
  KEY `ix_dtcreated` (`dtcreated`),
  KEY `ix_bankacctid` (`bankacctid`),
  KEY `ix_validation_refno` (`validation_refno`),
  KEY `ix_validation_refdate` (`validation_refdate`),
  CONSTRAINT `fk_depositslip_depositvoucherfundid` FOREIGN KEY (`depositvoucherfundid`) REFERENCES `depositvoucher_fund` (`objid`)
) ENGINE=InnoDB DEFAULT CHARSET=utf8;
/*!40101 SET character_set_client = @saved_cs_client */;

--
-- Dumping data for table `depositslip`
--

LOCK TABLES `depositslip` WRITE;
/*!40000 ALTER TABLE `depositslip` DISABLE KEYS */;
/*!40000 ALTER TABLE `depositslip` ENABLE KEYS */;
UNLOCK TABLES;

--
-- Table structure for table `depositvoucher`
--

DROP TABLE IF EXISTS `depositvoucher`;
/*!40101 SET @saved_cs_client     = @@character_set_client */;
/*!40101 SET character_set_client = utf8 */;
CREATE TABLE `depositvoucher` (
  `objid` varchar(50) NOT NULL,
  `state` varchar(50) NOT NULL,
  `controlno` varchar(100) NOT NULL,
  `controldate` date NOT NULL,
  `dtcreated` datetime NOT NULL,
  `createdby_objid` varchar(50) NOT NULL,
  `createdby_name` varchar(255) NOT NULL,
  `amount` decimal(16,4) NOT NULL,
  `dtposted` datetime DEFAULT NULL,
  `postedby_objid` varchar(50) DEFAULT NULL,
  `postedby_name` varchar(255) DEFAULT NULL,
  PRIMARY KEY (`objid`),
  UNIQUE KEY `uix_controlno` (`controlno`),
  KEY `ix_state` (`state`),
  KEY `ix_controldate` (`controldate`),
  KEY `ix_createdby_objid` (`createdby_objid`),
  KEY `ix_createdby_name` (`createdby_name`),
  KEY `ix_dtcreated` (`dtcreated`),
  KEY `ix_postedby_objid` (`postedby_objid`),
  KEY `ix_postedby_name` (`postedby_name`),
  KEY `ix_dtposted` (`dtposted`)
) ENGINE=InnoDB DEFAULT CHARSET=utf8;
/*!40101 SET character_set_client = @saved_cs_client */;

--
-- Dumping data for table `depositvoucher`
--

LOCK TABLES `depositvoucher` WRITE;
/*!40000 ALTER TABLE `depositvoucher` DISABLE KEYS */;
/*!40000 ALTER TABLE `depositvoucher` ENABLE KEYS */;
UNLOCK TABLES;

--
-- Table structure for table `depositvoucher_fund`
--

DROP TABLE IF EXISTS `depositvoucher_fund`;
/*!40101 SET @saved_cs_client     = @@character_set_client */;
/*!40101 SET character_set_client = utf8 */;
CREATE TABLE `depositvoucher_fund` (
  `objid` varchar(150) NOT NULL,
  `state` varchar(20) NOT NULL,
  `parentid` varchar(50) NOT NULL,
  `fundid` varchar(100) NOT NULL,
  `amount` decimal(16,4) NOT NULL,
  `amountdeposited` decimal(16,4) NOT NULL,
  `totaldr` decimal(16,4) NOT NULL,
  `totalcr` decimal(16,4) NOT NULL,
  `dtposted` datetime DEFAULT NULL,
  `postedby_objid` varchar(50) DEFAULT NULL,
  `postedby_name` varchar(255) DEFAULT NULL,
  `postedby_title` varchar(100) DEFAULT NULL,
  PRIMARY KEY (`objid`),
  UNIQUE KEY `uix_parentid_fundid` (`parentid`,`fundid`),
  KEY `ix_state` (`state`),
  KEY `ix_parentid` (`parentid`),
  KEY `ix_fundid` (`fundid`),
  KEY `ix_dtposted` (`dtposted`),
  KEY `ix_postedby_objid` (`postedby_objid`),
  KEY `ix_postedby_name` (`postedby_name`),
  CONSTRAINT `fk_depositvoucher_fund_fundid` FOREIGN KEY (`fundid`) REFERENCES `fund` (`objid`),
  CONSTRAINT `fk_depositvoucher_fund_parentid` FOREIGN KEY (`parentid`) REFERENCES `depositvoucher` (`objid`)
) ENGINE=InnoDB DEFAULT CHARSET=utf8;
/*!40101 SET character_set_client = @saved_cs_client */;

--
-- Dumping data for table `depositvoucher_fund`
--

LOCK TABLES `depositvoucher_fund` WRITE;
/*!40000 ALTER TABLE `depositvoucher_fund` DISABLE KEYS */;
/*!40000 ALTER TABLE `depositvoucher_fund` ENABLE KEYS */;
UNLOCK TABLES;

--
-- Table structure for table `discounttype`
--

DROP TABLE IF EXISTS `discounttype`;
/*!40101 SET @saved_cs_client     = @@character_set_client */;
/*!40101 SET character_set_client = utf8 */;
CREATE TABLE `discounttype` (
  `objid` varchar(50) NOT NULL,
  `code` varchar(50) NOT NULL,
  `name` varchar(100) NOT NULL,
  `rate` decimal(16,2) DEFAULT NULL,
  PRIMARY KEY (`objid`)
) ENGINE=InnoDB DEFAULT CHARSET=utf8;
/*!40101 SET character_set_client = @saved_cs_client */;

--
-- Dumping data for table `discounttype`
--

LOCK TABLES `discounttype` WRITE;
/*!40000 ALTER TABLE `discounttype` DISABLE KEYS */;
/*!40000 ALTER TABLE `discounttype` ENABLE KEYS */;
UNLOCK TABLES;

--
-- Table structure for table `district`
--

DROP TABLE IF EXISTS `district`;
/*!40101 SET @saved_cs_client     = @@character_set_client */;
/*!40101 SET character_set_client = utf8 */;
CREATE TABLE `district` (
  `objid` varchar(50) NOT NULL,
  `state` varchar(10) DEFAULT NULL,
  `indexno` varchar(15) DEFAULT NULL,
  `pin` varchar(15) DEFAULT NULL,
  `name` varchar(50) DEFAULT NULL,
  `previd` varchar(50) DEFAULT NULL,
  `parentid` varchar(50) DEFAULT NULL,
  `oldindexno` varchar(15) DEFAULT NULL,
  `oldpin` varchar(15) DEFAULT NULL,
  PRIMARY KEY (`objid`),
  KEY `ix_lgu_district_indexno` (`indexno`),
  KEY `ix_lgu_district_parentid` (`parentid`),
  KEY `ix_lgu_district_previd` (`previd`)
) ENGINE=InnoDB DEFAULT CHARSET=utf8;
/*!40101 SET character_set_client = @saved_cs_client */;

--
-- Dumping data for table `district`
--

LOCK TABLES `district` WRITE;
/*!40000 ALTER TABLE `district` DISABLE KEYS */;
/*!40000 ALTER TABLE `district` ENABLE KEYS */;
UNLOCK TABLES;

--
-- Table structure for table `draftremittance`
--

DROP TABLE IF EXISTS `draftremittance`;
/*!40101 SET @saved_cs_client     = @@character_set_client */;
/*!40101 SET character_set_client = utf8 */;
CREATE TABLE `draftremittance` (
  `objid` varchar(50) NOT NULL,
  `state` varchar(20) NOT NULL,
  `dtfiled` datetime NOT NULL,
  `remittancedate` datetime NOT NULL,
  `collector_objid` varchar(50) NOT NULL,
  `collector_name` varchar(255) NOT NULL,
  `collector_title` varchar(255) NOT NULL,
  `amount` decimal(18,2) NOT NULL,
  `totalcash` decimal(18,2) NOT NULL,
  `totalnoncash` decimal(18,2) NOT NULL,
  `txnmode` varchar(32) NOT NULL,
  `lockid` varchar(50) DEFAULT NULL,
  PRIMARY KEY (`objid`),
  KEY `ix_dtfiled` (`dtfiled`),
  KEY `ix_remittancedate` (`remittancedate`),
  KEY `ix_collector_objid` (`collector_objid`)
) ENGINE=InnoDB DEFAULT CHARSET=utf8;
/*!40101 SET character_set_client = @saved_cs_client */;

--
-- Dumping data for table `draftremittance`
--

LOCK TABLES `draftremittance` WRITE;
/*!40000 ALTER TABLE `draftremittance` DISABLE KEYS */;
/*!40000 ALTER TABLE `draftremittance` ENABLE KEYS */;
UNLOCK TABLES;

--
-- Table structure for table `draftremittanceitem`
--

DROP TABLE IF EXISTS `draftremittanceitem`;
/*!40101 SET @saved_cs_client     = @@character_set_client */;
/*!40101 SET character_set_client = utf8 */;
CREATE TABLE `draftremittanceitem` (
  `objid` varchar(50) NOT NULL,
  `remittanceid` varchar(50) NOT NULL,
  `controlid` varchar(50) NOT NULL,
  `batchid` varchar(50) DEFAULT NULL,
  `amount` decimal(18,2) NOT NULL,
  `totalcash` decimal(18,2) NOT NULL,
  `totalnoncash` decimal(18,2) NOT NULL,
  `voided` int(11) NOT NULL,
  `cancelled` int(11) NOT NULL,
  `lockid` varchar(50) DEFAULT NULL,
  PRIMARY KEY (`objid`),
  KEY `ix_remittanceid` (`remittanceid`),
  KEY `ix_controlid` (`controlid`),
  KEY `ix_batchid` (`batchid`)
) ENGINE=InnoDB DEFAULT CHARSET=utf8;
/*!40101 SET character_set_client = @saved_cs_client */;

--
-- Dumping data for table `draftremittanceitem`
--

LOCK TABLES `draftremittanceitem` WRITE;
/*!40000 ALTER TABLE `draftremittanceitem` DISABLE KEYS */;
/*!40000 ALTER TABLE `draftremittanceitem` ENABLE KEYS */;
UNLOCK TABLES;

--
-- Table structure for table `eftpayment`
--

DROP TABLE IF EXISTS `eftpayment`;
/*!40101 SET @saved_cs_client     = @@character_set_client */;
/*!40101 SET character_set_client = utf8 */;
CREATE TABLE `eftpayment` (
  `objid` varchar(50) NOT NULL,
  `state` varchar(50) NOT NULL,
  `refno` varchar(50) NOT NULL,
  `refdate` date NOT NULL,
  `amount` decimal(16,4) NOT NULL,
  `receivedfrom` varchar(255) DEFAULT NULL,
  `particulars` varchar(255) DEFAULT NULL,
  `bankacctid` varchar(50) NOT NULL,
  `fundid` varchar(50) DEFAULT NULL,
  `createdby_objid` varchar(50) NOT NULL,
  `createdby_name` varchar(255) NOT NULL,
  `receiptid` varchar(50) DEFAULT NULL,
  `receiptno` varchar(50) DEFAULT NULL,
  `payer_objid` varchar(50) DEFAULT NULL,
  `payer_name` varchar(255) DEFAULT NULL,
  `payer_address_objid` varchar(50) DEFAULT NULL,
  `payer_address_text` varchar(255) DEFAULT NULL,
  PRIMARY KEY (`objid`),
  KEY `ix_state` (`state`),
  KEY `ix_refno` (`refno`),
  KEY `ix_refdate` (`refdate`),
  KEY `ix_bankacctid` (`bankacctid`),
  KEY `ix_fundid` (`fundid`),
  KEY `ix_createdby_objid` (`createdby_objid`),
  KEY `ix_receiptid` (`receiptid`),
  KEY `ix_payer_objid` (`payer_objid`),
  KEY `ix_payer_address_objid` (`payer_address_objid`),
  CONSTRAINT `fk_eftpayment_bankacct` FOREIGN KEY (`bankacctid`) REFERENCES `bankaccount` (`objid`),
  CONSTRAINT `fk_eftpayment_fundid` FOREIGN KEY (`fundid`) REFERENCES `fund` (`objid`)
) ENGINE=InnoDB DEFAULT CHARSET=utf8;
/*!40101 SET character_set_client = @saved_cs_client */;

--
-- Dumping data for table `eftpayment`
--

LOCK TABLES `eftpayment` WRITE;
/*!40000 ALTER TABLE `eftpayment` DISABLE KEYS */;
/*!40000 ALTER TABLE `eftpayment` ENABLE KEYS */;
UNLOCK TABLES;

--
-- Table structure for table `entity`
--

DROP TABLE IF EXISTS `entity`;
/*!40101 SET @saved_cs_client     = @@character_set_client */;
/*!40101 SET character_set_client = utf8 */;
CREATE TABLE `entity` (
  `objid` varchar(50) NOT NULL,
  `entityno` varchar(50) NOT NULL,
  `name` longtext NOT NULL,
  `address_text` varchar(255) NOT NULL DEFAULT '',
  `mailingaddress` varchar(255) DEFAULT NULL,
  `type` varchar(25) NOT NULL,
  `sys_lastupdate` varchar(25) DEFAULT NULL,
  `sys_lastupdateby` varchar(50) DEFAULT NULL,
  `remarks` text,
  `entityname` varchar(900) NOT NULL,
  `address_objid` varchar(50) DEFAULT NULL,
  `mobileno` varchar(25) DEFAULT NULL,
  `phoneno` varchar(25) DEFAULT NULL,
  `email` varchar(50) DEFAULT NULL,
  `state` varchar(10) DEFAULT NULL,
  PRIMARY KEY (`objid`),
  KEY `ix_entityname` (`entityname`(255)),
  KEY `ix_state` (`state`),
  KEY `ix_entityname_state` (`state`,`entityname`(255))
) ENGINE=InnoDB DEFAULT CHARSET=utf8;
/*!40101 SET character_set_client = @saved_cs_client */;

--
-- Dumping data for table `entity`
--

LOCK TABLES `entity` WRITE;
/*!40000 ALTER TABLE `entity` DISABLE KEYS */;
/*!40000 ALTER TABLE `entity` ENABLE KEYS */;
UNLOCK TABLES;

--
-- Table structure for table `entity_address`
--

DROP TABLE IF EXISTS `entity_address`;
/*!40101 SET @saved_cs_client     = @@character_set_client */;
/*!40101 SET character_set_client = utf8 */;
CREATE TABLE `entity_address` (
  `objid` varchar(50) NOT NULL DEFAULT '',
  `parentid` varchar(50) DEFAULT NULL,
  `type` varchar(50) DEFAULT NULL,
  `addresstype` varchar(50) DEFAULT NULL,
  `barangay_objid` varchar(50) DEFAULT NULL,
  `barangay_name` varchar(100) DEFAULT NULL,
  `city` varchar(50) DEFAULT NULL,
  `province` varchar(50) DEFAULT NULL,
  `municipality` varchar(50) DEFAULT NULL,
  `bldgno` varchar(50) DEFAULT NULL,
  `bldgname` varchar(50) DEFAULT NULL,
  `unitno` varchar(50) DEFAULT NULL,
  `street` varchar(100) DEFAULT NULL,
  `subdivision` varchar(100) DEFAULT NULL,
  `pin` varchar(50) DEFAULT NULL,
  `text` varchar(255) DEFAULT NULL,
  PRIMARY KEY (`objid`),
  KEY `parentid` (`parentid`),
  CONSTRAINT `entity_address_ibfk_1` FOREIGN KEY (`parentid`) REFERENCES `entity` (`objid`)
) ENGINE=InnoDB DEFAULT CHARSET=utf8;
/*!40101 SET character_set_client = @saved_cs_client */;

--
-- Dumping data for table `entity_address`
--

LOCK TABLES `entity_address` WRITE;
/*!40000 ALTER TABLE `entity_address` DISABLE KEYS */;
/*!40000 ALTER TABLE `entity_address` ENABLE KEYS */;
UNLOCK TABLES;

--
-- Table structure for table `entity_ctc`
--

DROP TABLE IF EXISTS `entity_ctc`;
/*!40101 SET @saved_cs_client     = @@character_set_client */;
/*!40101 SET character_set_client = utf8 */;
CREATE TABLE `entity_ctc` (
  `objid` varchar(50) NOT NULL,
  `entityid` varchar(50) NOT NULL,
  `nonresident` int(11) NOT NULL,
  `ctcno` varchar(50) NOT NULL,
  `dtissued` date NOT NULL,
  `placeissued` varchar(255) NOT NULL,
  `lgu_objid` varchar(50) DEFAULT NULL,
  `lgu_name` varchar(255) DEFAULT NULL,
  `barangay_objid` varchar(50) DEFAULT NULL,
  `barangay_name` varchar(255) NOT NULL,
  `createdby_objid` varchar(50) NOT NULL,
  `createdby_name` varchar(160) NOT NULL,
  `system` int(11) NOT NULL DEFAULT '0',
  PRIMARY KEY (`objid`),
  KEY `ix_barangay_name` (`barangay_name`),
  KEY `ix_barangay_objid` (`barangay_objid`),
  KEY `ix_createdby_name` (`createdby_name`),
  KEY `ix_createdby_objid` (`createdby_objid`),
  KEY `ix_ctcno` (`ctcno`),
  KEY `ix_dtissued` (`dtissued`),
  KEY `ix_entityid` (`entityid`),
  KEY `ix_lgu_name` (`lgu_name`),
  KEY `ix_lgu_objid` (`lgu_objid`),
  CONSTRAINT `fk_entity_ctc_entityid` FOREIGN KEY (`entityid`) REFERENCES `entity` (`objid`)
) ENGINE=InnoDB DEFAULT CHARSET=utf8;
/*!40101 SET character_set_client = @saved_cs_client */;

--
-- Dumping data for table `entity_ctc`
--

LOCK TABLES `entity_ctc` WRITE;
/*!40000 ALTER TABLE `entity_ctc` DISABLE KEYS */;
/*!40000 ALTER TABLE `entity_ctc` ENABLE KEYS */;
UNLOCK TABLES;

--
-- Table structure for table `entity_fingerprint`
--

DROP TABLE IF EXISTS `entity_fingerprint`;
/*!40101 SET @saved_cs_client     = @@character_set_client */;
/*!40101 SET character_set_client = utf8 */;
CREATE TABLE `entity_fingerprint` (
  `objid` varchar(50) NOT NULL,
  `entityid` varchar(50) DEFAULT NULL,
  `dtfiled` datetime DEFAULT NULL,
  `fingertype` varchar(20) DEFAULT NULL,
  `data` longtext,
  `image` longtext,
  PRIMARY KEY (`objid`),
  UNIQUE KEY `uix_entityid_fingertype` (`entityid`,`fingertype`),
  KEY `ix_entityid` (`entityid`),
  KEY `ix_dtfiled` (`dtfiled`),
  CONSTRAINT `fk_entity_fingerprint_entityid` FOREIGN KEY (`entityid`) REFERENCES `entity` (`objid`)
) ENGINE=InnoDB DEFAULT CHARSET=utf8;
/*!40101 SET character_set_client = @saved_cs_client */;

--
-- Dumping data for table `entity_fingerprint`
--

LOCK TABLES `entity_fingerprint` WRITE;
/*!40000 ALTER TABLE `entity_fingerprint` DISABLE KEYS */;
/*!40000 ALTER TABLE `entity_fingerprint` ENABLE KEYS */;
UNLOCK TABLES;

--
-- Table structure for table `entity_mapping`
--

DROP TABLE IF EXISTS `entity_mapping`;
/*!40101 SET @saved_cs_client     = @@character_set_client */;
/*!40101 SET character_set_client = utf8 */;
CREATE TABLE `entity_mapping` (
  `objid` varchar(50) NOT NULL,
  `parent_objid` varchar(50) NOT NULL,
  `org_objid` varchar(50) DEFAULT NULL,
  PRIMARY KEY (`objid`)
) ENGINE=InnoDB DEFAULT CHARSET=utf8;
/*!40101 SET character_set_client = @saved_cs_client */;

--
-- Dumping data for table `entity_mapping`
--

LOCK TABLES `entity_mapping` WRITE;
/*!40000 ALTER TABLE `entity_mapping` DISABLE KEYS */;
/*!40000 ALTER TABLE `entity_mapping` ENABLE KEYS */;
UNLOCK TABLES;

--
-- Table structure for table `entity_reconciled`
--

DROP TABLE IF EXISTS `entity_reconciled`;
/*!40101 SET @saved_cs_client     = @@character_set_client */;
/*!40101 SET character_set_client = utf8 */;
CREATE TABLE `entity_reconciled` (
  `objid` varchar(50) NOT NULL,
  `info` longtext,
  `masterid` varchar(50) DEFAULT NULL,
  PRIMARY KEY (`objid`),
  KEY `ix_masterid` (`masterid`),
  CONSTRAINT `FK_entity_reconciled_entity` FOREIGN KEY (`masterid`) REFERENCES `entity` (`objid`)
) ENGINE=InnoDB DEFAULT CHARSET=utf8;
/*!40101 SET character_set_client = @saved_cs_client */;

--
-- Dumping data for table `entity_reconciled`
--

LOCK TABLES `entity_reconciled` WRITE;
/*!40000 ALTER TABLE `entity_reconciled` DISABLE KEYS */;
/*!40000 ALTER TABLE `entity_reconciled` ENABLE KEYS */;
UNLOCK TABLES;

--
-- Table structure for table `entity_reconciled_txn`
--

DROP TABLE IF EXISTS `entity_reconciled_txn`;
/*!40101 SET @saved_cs_client     = @@character_set_client */;
/*!40101 SET character_set_client = utf8 */;
CREATE TABLE `entity_reconciled_txn` (
  `objid` varchar(50) NOT NULL,
  `reftype` varchar(50) NOT NULL,
  `refid` varchar(50) NOT NULL,
  `tag` char(1) DEFAULT NULL,
  PRIMARY KEY (`objid`,`reftype`,`refid`)
) ENGINE=InnoDB DEFAULT CHARSET=utf8;
/*!40101 SET character_set_client = @saved_cs_client */;

--
-- Dumping data for table `entity_reconciled_txn`
--

LOCK TABLES `entity_reconciled_txn` WRITE;
/*!40000 ALTER TABLE `entity_reconciled_txn` DISABLE KEYS */;
/*!40000 ALTER TABLE `entity_reconciled_txn` ENABLE KEYS */;
UNLOCK TABLES;

--
-- Table structure for table `entity_relation`
--

DROP TABLE IF EXISTS `entity_relation`;
/*!40101 SET @saved_cs_client     = @@character_set_client */;
/*!40101 SET character_set_client = utf8 */;
CREATE TABLE `entity_relation` (
  `objid` varchar(50) NOT NULL,
  `entity_objid` varchar(50) DEFAULT NULL,
  `relateto_objid` varchar(50) DEFAULT NULL,
  `relation_objid` varchar(50) DEFAULT NULL,
  PRIMARY KEY (`objid`),
  UNIQUE KEY `uix_sender_receiver` (`entity_objid`,`relateto_objid`),
  KEY `ix_entity_objid` (`entity_objid`),
  KEY `ix_relateto_objid` (`relateto_objid`),
  KEY `ix_relation_objid` (`relation_objid`),
  CONSTRAINT `fk_entity_relation_entity_objid` FOREIGN KEY (`entity_objid`) REFERENCES `entity` (`objid`),
  CONSTRAINT `fk_entity_relation_relation` FOREIGN KEY (`relation_objid`) REFERENCES `entity_relation_type` (`objid`),
  CONSTRAINT `fk_entity_relation_relation_objid` FOREIGN KEY (`relateto_objid`) REFERENCES `entity` (`objid`)
) ENGINE=InnoDB DEFAULT CHARSET=utf8;
/*!40101 SET character_set_client = @saved_cs_client */;

--
-- Dumping data for table `entity_relation`
--

LOCK TABLES `entity_relation` WRITE;
/*!40000 ALTER TABLE `entity_relation` DISABLE KEYS */;
/*!40000 ALTER TABLE `entity_relation` ENABLE KEYS */;
UNLOCK TABLES;

--
-- Table structure for table `entity_relation_type`
--

DROP TABLE IF EXISTS `entity_relation_type`;
/*!40101 SET @saved_cs_client     = @@character_set_client */;
/*!40101 SET character_set_client = utf8 */;
CREATE TABLE `entity_relation_type` (
  `objid` varchar(50) NOT NULL DEFAULT '',
  `gender` varchar(1) DEFAULT NULL,
  `inverse_any` varchar(50) DEFAULT NULL,
  `inverse_male` varchar(50) DEFAULT NULL,
  `inverse_female` varchar(50) DEFAULT NULL,
  PRIMARY KEY (`objid`)
) ENGINE=InnoDB DEFAULT CHARSET=utf8;
/*!40101 SET character_set_client = @saved_cs_client */;

--
-- Dumping data for table `entity_relation_type`
--

LOCK TABLES `entity_relation_type` WRITE;
/*!40000 ALTER TABLE `entity_relation_type` DISABLE KEYS */;
/*!40000 ALTER TABLE `entity_relation_type` ENABLE KEYS */;
UNLOCK TABLES;

--
-- Table structure for table `entitycontact`
--

DROP TABLE IF EXISTS `entitycontact`;
/*!40101 SET @saved_cs_client     = @@character_set_client */;
/*!40101 SET character_set_client = utf8 */;
CREATE TABLE `entitycontact` (
  `objid` varchar(50) NOT NULL,
  `entityid` varchar(50) NOT NULL,
  `contacttype` varchar(25) NOT NULL,
  `contact` varchar(50) NOT NULL,
  PRIMARY KEY (`objid`),
  KEY `ix_entityid` (`entityid`)
) ENGINE=InnoDB DEFAULT CHARSET=utf8;
/*!40101 SET character_set_client = @saved_cs_client */;

--
-- Dumping data for table `entitycontact`
--

LOCK TABLES `entitycontact` WRITE;
/*!40000 ALTER TABLE `entitycontact` DISABLE KEYS */;
/*!40000 ALTER TABLE `entitycontact` ENABLE KEYS */;
UNLOCK TABLES;

--
-- Table structure for table `entityid`
--

DROP TABLE IF EXISTS `entityid`;
/*!40101 SET @saved_cs_client     = @@character_set_client */;
/*!40101 SET character_set_client = utf8 */;
CREATE TABLE `entityid` (
  `objid` varchar(50) NOT NULL,
  `entityid` varchar(50) NOT NULL,
  `idtype` varchar(50) NOT NULL,
  `idno` varchar(25) NOT NULL,
  `dtissued` date DEFAULT NULL,
  `dtexpiry` date DEFAULT NULL,
  PRIMARY KEY (`objid`)
) ENGINE=InnoDB DEFAULT CHARSET=utf8;
/*!40101 SET character_set_client = @saved_cs_client */;

--
-- Dumping data for table `entityid`
--

LOCK TABLES `entityid` WRITE;
/*!40000 ALTER TABLE `entityid` DISABLE KEYS */;
/*!40000 ALTER TABLE `entityid` ENABLE KEYS */;
UNLOCK TABLES;

--
-- Table structure for table `entityidcard`
--

DROP TABLE IF EXISTS `entityidcard`;
/*!40101 SET @saved_cs_client     = @@character_set_client */;
/*!40101 SET character_set_client = utf8 */;
CREATE TABLE `entityidcard` (
  `objid` varchar(50) NOT NULL,
  `entityid` varchar(50) NOT NULL,
  `idtype` varchar(50) NOT NULL,
  `idno` varchar(25) NOT NULL,
  `expiry` varchar(50) DEFAULT NULL,
  PRIMARY KEY (`objid`),
  UNIQUE KEY `ux_entityidcard_entityid_idtype_idno` (`entityid`,`idtype`,`idno`),
  KEY `ix_entityid` (`entityid`)
) ENGINE=InnoDB DEFAULT CHARSET=utf8;
/*!40101 SET character_set_client = @saved_cs_client */;

--
-- Dumping data for table `entityidcard`
--

LOCK TABLES `entityidcard` WRITE;
/*!40000 ALTER TABLE `entityidcard` DISABLE KEYS */;
/*!40000 ALTER TABLE `entityidcard` ENABLE KEYS */;
UNLOCK TABLES;

--
-- Table structure for table `entityindividual`
--

DROP TABLE IF EXISTS `entityindividual`;
/*!40101 SET @saved_cs_client     = @@character_set_client */;
/*!40101 SET character_set_client = utf8 */;
CREATE TABLE `entityindividual` (
  `objid` varchar(50) NOT NULL,
  `lastname` varchar(100) NOT NULL,
  `firstname` varchar(100) NOT NULL,
  `middlename` varchar(100) DEFAULT NULL,
  `birthdate` date DEFAULT NULL,
  `birthplace` varchar(255) DEFAULT NULL,
  `citizenship` varchar(50) DEFAULT NULL,
  `gender` varchar(10) DEFAULT NULL,
  `civilstatus` varchar(15) DEFAULT NULL,
  `profession` varchar(50) DEFAULT NULL,
  `tin` varchar(50) DEFAULT NULL,
  `sss` varchar(25) DEFAULT NULL,
  `height` varchar(10) DEFAULT NULL,
  `weight` varchar(10) DEFAULT NULL,
  `acr` varchar(50) DEFAULT NULL,
  `religion` varchar(50) DEFAULT NULL,
  `photo` mediumblob,
  `thumbnail` blob,
  `profileid` varchar(50) DEFAULT NULL,
  PRIMARY KEY (`objid`),
  KEY `ix_lfname` (`lastname`,`firstname`),
  KEY `ix_fname` (`firstname`),
  KEY `ix_profileid` (`profileid`),
  CONSTRAINT `entityindividual_ibfk_1` FOREIGN KEY (`objid`) REFERENCES `entity` (`objid`),
  CONSTRAINT `fk_entityindividual_profileid` FOREIGN KEY (`profileid`) REFERENCES `entityprofile` (`objid`)
) ENGINE=InnoDB DEFAULT CHARSET=utf8;
/*!40101 SET character_set_client = @saved_cs_client */;

--
-- Dumping data for table `entityindividual`
--

LOCK TABLES `entityindividual` WRITE;
/*!40000 ALTER TABLE `entityindividual` DISABLE KEYS */;
/*!40000 ALTER TABLE `entityindividual` ENABLE KEYS */;
UNLOCK TABLES;

--
-- Table structure for table `entityjuridical`
--

DROP TABLE IF EXISTS `entityjuridical`;
/*!40101 SET @saved_cs_client     = @@character_set_client */;
/*!40101 SET character_set_client = utf8 */;
CREATE TABLE `entityjuridical` (
  `objid` varchar(50) NOT NULL,
  `tin` varchar(25) DEFAULT NULL,
  `dtregistered` datetime DEFAULT NULL,
  `orgtype` varchar(25) DEFAULT NULL,
  `nature` varchar(50) DEFAULT NULL,
  `placeregistered` varchar(100) DEFAULT NULL,
  `administrator_name` varchar(100) DEFAULT NULL,
  `administrator_address` varchar(255) DEFAULT NULL,
  `administrator_position` varchar(50) DEFAULT NULL,
  `administrator_objid` varchar(50) DEFAULT NULL,
  `administrator_address_objid` varchar(50) DEFAULT NULL,
  `administrator_address_text` varchar(255) DEFAULT NULL,
  PRIMARY KEY (`objid`),
  KEY `ix_tin` (`tin`),
  KEY `ix_administrator_name` (`administrator_name`),
  KEY `ix_administrator_objid` (`administrator_objid`),
  KEY `ix_adminstrator_address_objid` (`administrator_address_objid`),
  CONSTRAINT `entityjuridical_ibfk_1` FOREIGN KEY (`objid`) REFERENCES `entity` (`objid`)
) ENGINE=InnoDB DEFAULT CHARSET=utf8;
/*!40101 SET character_set_client = @saved_cs_client */;

--
-- Dumping data for table `entityjuridical`
--

LOCK TABLES `entityjuridical` WRITE;
/*!40000 ALTER TABLE `entityjuridical` DISABLE KEYS */;
/*!40000 ALTER TABLE `entityjuridical` ENABLE KEYS */;
UNLOCK TABLES;

--
-- Table structure for table `entitymember`
--

DROP TABLE IF EXISTS `entitymember`;
/*!40101 SET @saved_cs_client     = @@character_set_client */;
/*!40101 SET character_set_client = utf8 */;
CREATE TABLE `entitymember` (
  `objid` varchar(50) NOT NULL,
  `entityid` varchar(50) NOT NULL,
  `itemno` int(11) NOT NULL,
  `prefix` varchar(100) DEFAULT NULL,
  `member_objid` varchar(50) NOT NULL,
  `member_name` text NOT NULL,
  `member_address_text` varchar(160) NOT NULL DEFAULT '',
  `suffix` varchar(100) DEFAULT NULL,
  `remarks` varchar(160) DEFAULT NULL,
  `member_address` varchar(255) DEFAULT NULL,
  PRIMARY KEY (`objid`),
  KEY `ix_taxpayer_objid` (`member_objid`),
  KEY `entityid` (`entityid`),
  KEY `ix_entityid` (`entityid`),
  KEY `ix_member_objid` (`member_objid`),
  KEY `ix_member_name` (`member_name`(255)),
  CONSTRAINT `entitymember_ibfk_1` FOREIGN KEY (`entityid`) REFERENCES `entity` (`objid`),
  CONSTRAINT `entitymember_ibfk_2` FOREIGN KEY (`member_objid`) REFERENCES `entity` (`objid`)
) ENGINE=InnoDB DEFAULT CHARSET=utf8;
/*!40101 SET character_set_client = @saved_cs_client */;

--
-- Dumping data for table `entitymember`
--

LOCK TABLES `entitymember` WRITE;
/*!40000 ALTER TABLE `entitymember` DISABLE KEYS */;
/*!40000 ALTER TABLE `entitymember` ENABLE KEYS */;
UNLOCK TABLES;

--
-- Table structure for table `entitymultiple`
--

DROP TABLE IF EXISTS `entitymultiple`;
/*!40101 SET @saved_cs_client     = @@character_set_client */;
/*!40101 SET character_set_client = utf8 */;
CREATE TABLE `entitymultiple` (
  `objid` varchar(50) NOT NULL,
  `fullname` longtext,
  PRIMARY KEY (`objid`),
  CONSTRAINT `entitymultiple_ibfk_1` FOREIGN KEY (`objid`) REFERENCES `entity` (`objid`)
) ENGINE=InnoDB DEFAULT CHARSET=utf8;
/*!40101 SET character_set_client = @saved_cs_client */;

--
-- Dumping data for table `entitymultiple`
--

LOCK TABLES `entitymultiple` WRITE;
/*!40000 ALTER TABLE `entitymultiple` DISABLE KEYS */;
/*!40000 ALTER TABLE `entitymultiple` ENABLE KEYS */;
UNLOCK TABLES;

--
-- Table structure for table `entityprofile`
--

DROP TABLE IF EXISTS `entityprofile`;
/*!40101 SET @saved_cs_client     = @@character_set_client */;
/*!40101 SET character_set_client = utf8 */;
CREATE TABLE `entityprofile` (
  `objid` varchar(50) NOT NULL,
  `idno` varchar(50) NOT NULL,
  `lastname` varchar(60) NOT NULL,
  `firstname` varchar(60) NOT NULL,
  `middlename` varchar(60) DEFAULT NULL,
  `birthdate` date DEFAULT NULL,
  `gender` varchar(10) DEFAULT NULL,
  `address` longtext,
  `defaultentityid` varchar(50) DEFAULT NULL,
  PRIMARY KEY (`objid`),
  KEY `ix_defaultentityid` (`defaultentityid`),
  KEY `ix_firstname` (`firstname`),
  KEY `ix_idno` (`idno`),
  KEY `ix_lastname` (`lastname`),
  KEY `ix_lfname` (`lastname`,`firstname`)
) ENGINE=InnoDB DEFAULT CHARSET=utf8;
/*!40101 SET character_set_client = @saved_cs_client */;

--
-- Dumping data for table `entityprofile`
--

LOCK TABLES `entityprofile` WRITE;
/*!40000 ALTER TABLE `entityprofile` DISABLE KEYS */;
/*!40000 ALTER TABLE `entityprofile` ENABLE KEYS */;
UNLOCK TABLES;

--
-- Table structure for table `examiner_finding`
--

DROP TABLE IF EXISTS `examiner_finding`;
/*!40101 SET @saved_cs_client     = @@character_set_client */;
/*!40101 SET character_set_client = utf8 */;
CREATE TABLE `examiner_finding` (
  `objid` varchar(50) NOT NULL,
  `findings` text,
  `parent_objid` varchar(50) DEFAULT NULL,
  `dtinspected` date DEFAULT NULL,
  `inspectors` varchar(500) DEFAULT NULL,
  `notedby` varchar(100) DEFAULT NULL,
  `notedbytitle` varchar(50) DEFAULT NULL,
  `photos` varchar(255) DEFAULT NULL,
  `recommendations` varchar(500) DEFAULT NULL,
  `inspectedby_objid` varchar(50) DEFAULT NULL,
  `inspectedby_name` varchar(100) DEFAULT NULL,
  `inspectedby_title` varchar(50) DEFAULT NULL,
  `doctype` varchar(50) DEFAULT NULL,
  PRIMARY KEY (`objid`),
  KEY `ix_dtinspected` (`dtinspected`),
  KEY `ix_examiner_finding_inspectedby_objid` (`inspectedby_objid`)
) ENGINE=InnoDB DEFAULT CHARSET=utf8;
/*!40101 SET character_set_client = @saved_cs_client */;

--
-- Dumping data for table `examiner_finding`
--

LOCK TABLES `examiner_finding` WRITE;
/*!40000 ALTER TABLE `examiner_finding` DISABLE KEYS */;
/*!40000 ALTER TABLE `examiner_finding` ENABLE KEYS */;
UNLOCK TABLES;

--
-- Table structure for table `exemptiontype`
--

DROP TABLE IF EXISTS `exemptiontype`;
/*!40101 SET @saved_cs_client     = @@character_set_client */;
/*!40101 SET character_set_client = utf8 */;
CREATE TABLE `exemptiontype` (
  `objid` varchar(50) NOT NULL,
  `state` varchar(10) NOT NULL,
  `code` varchar(20) NOT NULL,
  `name` varchar(100) NOT NULL,
  `orderno` int(11) NOT NULL,
  PRIMARY KEY (`objid`),
  UNIQUE KEY `ux_exemptiontype_code` (`code`),
  UNIQUE KEY `ux_exemptiontype_name` (`name`),
  KEY `ix_exemptiontype_state` (`state`)
) ENGINE=InnoDB DEFAULT CHARSET=utf8;
/*!40101 SET character_set_client = @saved_cs_client */;

--
-- Dumping data for table `exemptiontype`
--

LOCK TABLES `exemptiontype` WRITE;
/*!40000 ALTER TABLE `exemptiontype` DISABLE KEYS */;
INSERT INTO `exemptiontype` VALUES ('CH','APPROVED','CH','CHARITABLE',3),('ED','APPROVED','ED','EDUCATIONAL',4),('GO','APPROVED','GO','GOVERNMENT',1),('RE','APPROVED','RE','RELIGIOUS',2);
/*!40000 ALTER TABLE `exemptiontype` ENABLE KEYS */;
UNLOCK TABLES;

--
-- Table structure for table `faas`
--

DROP TABLE IF EXISTS `faas`;
/*!40101 SET @saved_cs_client     = @@character_set_client */;
/*!40101 SET character_set_client = utf8 */;
CREATE TABLE `faas` (
  `objid` varchar(50) NOT NULL,
  `state` varchar(25) NOT NULL,
  `rpuid` varchar(50) DEFAULT NULL,
  `datacapture` int(11) NOT NULL,
  `autonumber` int(11) NOT NULL,
  `utdno` varchar(25) NOT NULL,
  `tdno` varchar(25) DEFAULT NULL,
  `txntype_objid` varchar(50) DEFAULT NULL,
  `effectivityyear` int(11) NOT NULL,
  `effectivityqtr` int(11) NOT NULL,
  `titletype` varchar(10) DEFAULT NULL,
  `titleno` varchar(50) DEFAULT NULL,
  `titledate` datetime DEFAULT NULL,
  `taxpayer_objid` varchar(50) DEFAULT NULL,
  `owner_name` longtext,
  `owner_address` varchar(150) DEFAULT NULL,
  `administrator_objid` varchar(50) DEFAULT NULL,
  `administrator_name` text,
  `administrator_address` varchar(150) DEFAULT NULL,
  `beneficiary_objid` varchar(50) DEFAULT NULL,
  `beneficiary_name` varchar(150) DEFAULT NULL,
  `beneficiary_address` varchar(150) DEFAULT NULL,
  `memoranda` text,
  `cancelnote` varchar(250) DEFAULT NULL,
  `restrictionid` varchar(50) DEFAULT NULL,
  `backtaxyrs` int(11) NOT NULL,
  `prevtdno` varchar(800) DEFAULT NULL,
  `prevpin` text,
  `prevowner` longtext,
  `prevav` text,
  `prevmv` text,
  `cancelreason` varchar(5) DEFAULT NULL,
  `canceldate` date DEFAULT NULL,
  `cancelledbytdnos` text,
  `lguid` varchar(50) NOT NULL,
  `txntimestamp` varchar(15) DEFAULT NULL,
  `cancelledtimestamp` varchar(25) DEFAULT NULL,
  `name` varchar(100) DEFAULT NULL,
  `dtapproved` date DEFAULT NULL,
  `realpropertyid` varchar(50) DEFAULT NULL,
  `lgutype` varchar(25) DEFAULT NULL,
  `signatories` text,
  `ryordinanceno` varchar(25) DEFAULT NULL,
  `ryordinancedate` date DEFAULT NULL,
  `prevareaha` text,
  `prevareasqm` text,
  `fullpin` varchar(35) DEFAULT NULL,
  `preveffectivity` varchar(10) DEFAULT NULL,
  `year` int(11) DEFAULT NULL,
  `qtr` int(11) DEFAULT NULL,
  `month` int(11) DEFAULT NULL,
  `day` int(11) DEFAULT NULL,
  `cancelledyear` int(11) DEFAULT NULL,
  `cancelledqtr` int(11) DEFAULT NULL,
  `cancelledmonth` int(11) DEFAULT NULL,
  `cancelledday` int(11) DEFAULT NULL,
  `prevadministrator` varchar(200) DEFAULT NULL,
  `originlguid` varchar(50) DEFAULT NULL,
  `parentfaasid` varchar(50) DEFAULT NULL,
  PRIMARY KEY (`objid`),
  UNIQUE KEY `ux_faas_utdno` (`utdno`),
  KEY `FK_faas_rpu` (`rpuid`),
  KEY `ix_faas_appraisedby` (`objid`),
  KEY `ix_faas_beneficiary` (`beneficiary_name`),
  KEY `ix_faas_cancelledtimestamp` (`cancelledtimestamp`),
  KEY `ix_faas_name` (`name`),
  KEY `ix_faas_realproperty` (`realpropertyid`),
  KEY `ix_faas_restrictionid` (`restrictionid`),
  KEY `ix_faas_state` (`state`),
  KEY `ix_faas_tdno` (`tdno`),
  KEY `ix_faas_titleno` (`titleno`),
  KEY `ix_faas_txntimestamp` (`txntimestamp`),
  KEY `txntype_objid` (`txntype_objid`),
  KEY `taxpayer_objid` (`taxpayer_objid`),
  KEY `ix_faas_year` (`year`),
  KEY `ix_faas_year_qtr` (`year`,`qtr`),
  KEY `ix_faas_year_qtr_month` (`year`,`qtr`,`month`),
  KEY `ix_faas_year_qtr_month_day` (`year`,`qtr`,`month`,`day`),
  KEY `ix_faas_cancelledyear` (`year`),
  KEY `ix_faas_cancelledyear_qtr` (`year`,`qtr`),
  KEY `ix_faas_cancelledyear_qtr_month` (`year`,`qtr`,`month`),
  KEY `ix_faas_cancelledyear_qtr_month_day` (`year`,`qtr`,`month`,`day`),
  KEY `ix_dtapproved` (`dtapproved`),
  KEY `ix_prevtdno` (`prevtdno`(255)),
  KEY `ix_faas_canceldate` (`canceldate`),
  CONSTRAINT `faas_ibfk_1` FOREIGN KEY (`rpuid`) REFERENCES `rpu` (`objid`),
  CONSTRAINT `faas_ibfk_2` FOREIGN KEY (`realpropertyid`) REFERENCES `realproperty` (`objid`),
  CONSTRAINT `faas_ibfk_3` FOREIGN KEY (`txntype_objid`) REFERENCES `faas_txntype` (`objid`),
  CONSTRAINT `faas_ibfk_4` FOREIGN KEY (`taxpayer_objid`) REFERENCES `entity` (`objid`)
) ENGINE=InnoDB DEFAULT CHARSET=utf8;
/*!40101 SET character_set_client = @saved_cs_client */;

--
-- Dumping data for table `faas`
--

LOCK TABLES `faas` WRITE;
/*!40000 ALTER TABLE `faas` DISABLE KEYS */;
/*!40000 ALTER TABLE `faas` ENABLE KEYS */;
UNLOCK TABLES;

--
-- Table structure for table `faas_affectedrpu`
--

DROP TABLE IF EXISTS `faas_affectedrpu`;
/*!40101 SET @saved_cs_client     = @@character_set_client */;
/*!40101 SET character_set_client = utf8 */;
CREATE TABLE `faas_affectedrpu` (
  `objid` varchar(50) NOT NULL,
  `faasid` varchar(50) NOT NULL,
  `prevfaasid` varchar(50) NOT NULL,
  `newfaasid` varchar(50) DEFAULT NULL,
  `newsuffix` int(11) DEFAULT NULL,
  PRIMARY KEY (`objid`),
  UNIQUE KEY `ux_faasaffectedrpu_faasprevfaas` (`faasid`,`prevfaasid`),
  KEY `FK_faasaffectedrpu_faas` (`faasid`),
  KEY `FK_faasaffectedrpu_prevfaas` (`prevfaasid`),
  KEY `FK_faasaffectedrpu_newfaas` (`newfaasid`),
  CONSTRAINT `FK_faasaffectedrpu_faas` FOREIGN KEY (`faasid`) REFERENCES `faas` (`objid`),
  CONSTRAINT `FK_faasaffectedrpu_newfaas` FOREIGN KEY (`newfaasid`) REFERENCES `faas` (`objid`),
  CONSTRAINT `FK_faasaffectedrpu_prevfaas` FOREIGN KEY (`prevfaasid`) REFERENCES `faas` (`objid`)
) ENGINE=InnoDB DEFAULT CHARSET=utf8;
/*!40101 SET character_set_client = @saved_cs_client */;

--
-- Dumping data for table `faas_affectedrpu`
--

LOCK TABLES `faas_affectedrpu` WRITE;
/*!40000 ALTER TABLE `faas_affectedrpu` DISABLE KEYS */;
/*!40000 ALTER TABLE `faas_affectedrpu` ENABLE KEYS */;
UNLOCK TABLES;

--
-- Table structure for table `faas_list`
--

DROP TABLE IF EXISTS `faas_list`;
/*!40101 SET @saved_cs_client     = @@character_set_client */;
/*!40101 SET character_set_client = utf8 */;
CREATE TABLE `faas_list` (
  `objid` varchar(50) NOT NULL,
  `state` varchar(30) NOT NULL,
  `rpuid` varchar(50) NOT NULL,
  `realpropertyid` varchar(50) NOT NULL,
  `datacapture` int(11) NOT NULL,
  `ry` int(11) NOT NULL,
  `txntype_objid` varchar(50) NOT NULL,
  `tdno` varchar(25) DEFAULT NULL,
  `utdno` varchar(25) NOT NULL,
  `prevtdno` varchar(800) DEFAULT NULL,
  `displaypin` varchar(35) NOT NULL,
  `pin` varchar(35) NOT NULL,
  `taxpayer_objid` varchar(50) DEFAULT NULL,
  `owner_name` varchar(5000) DEFAULT NULL,
  `owner_address` varchar(150) DEFAULT NULL,
  `administrator_name` varchar(150) DEFAULT NULL,
  `administrator_address` varchar(150) DEFAULT NULL,
  `rputype` varchar(10) NOT NULL,
  `barangayid` varchar(50) NOT NULL,
  `barangay` varchar(75) NOT NULL,
  `classification_objid` varchar(50) DEFAULT NULL,
  `classcode` varchar(20) DEFAULT NULL,
  `cadastrallotno` varchar(900) DEFAULT NULL,
  `blockno` varchar(100) DEFAULT NULL,
  `surveyno` varchar(255) DEFAULT NULL,
  `titleno` varchar(50) DEFAULT NULL,
  `totalareaha` decimal(16,6) NOT NULL,
  `totalareasqm` decimal(16,6) NOT NULL,
  `totalmv` decimal(16,2) NOT NULL,
  `totalav` decimal(16,2) NOT NULL,
  `effectivityyear` int(11) NOT NULL,
  `effectivityqtr` int(11) NOT NULL,
  `cancelreason` varchar(15) DEFAULT NULL,
  `cancelledbytdnos` text,
  `lguid` varchar(50) NOT NULL,
  `originlguid` varchar(50) NOT NULL,
  `yearissued` int(11) DEFAULT NULL,
  `taskid` varchar(50) DEFAULT NULL,
  `taskstate` varchar(50) DEFAULT NULL,
  `assignee_objid` varchar(50) DEFAULT NULL,
  `trackingno` varchar(20) DEFAULT NULL,
  `publicland` int(11) DEFAULT NULL,
  PRIMARY KEY (`objid`),
  KEY `ix_faaslist_state` (`state`),
  KEY `ix_faaslist_rpuid` (`rpuid`),
  KEY `ix_faaslist_realpropertyid` (`realpropertyid`),
  KEY `ix_faaslist_ry` (`ry`),
  KEY `ix_faaslist_tdno` (`tdno`),
  KEY `ix_faaslist_utdno` (`utdno`),
  KEY `ix_faaslist_prevtdno` (`prevtdno`(255)),
  KEY `ix_faaslist_pin` (`pin`),
  KEY `ix_faaslist_taxpayer_objid` (`taxpayer_objid`),
  KEY `ix_faaslist_owner_name` (`owner_name`(255)),
  KEY `ix_faaslist_administrator_name` (`administrator_name`(100)),
  KEY `ix_faaslist_rputype` (`rputype`),
  KEY `ix_faaslist_barangayid` (`barangayid`),
  KEY `ix_faaslist_barangay` (`barangay`),
  KEY `ix_faaslist_classification_objid` (`classification_objid`),
  KEY `ix_faaslist_classcode` (`classcode`),
  KEY `ix_faaslist_cadastrallotno` (`cadastrallotno`(255)),
  KEY `ix_faaslist_blockno` (`blockno`),
  KEY `ix_faaslist_surveyno` (`surveyno`),
  KEY `ix_faaslist_titleno` (`titleno`),
  KEY `ix_faaslist_lguid` (`lguid`),
  KEY `ix_faaslist_originlguid` (`originlguid`),
  KEY `ix_faaslist_taskstate` (`taskstate`),
  KEY `ix_faaslist_trackingno` (`trackingno`),
  KEY `ix_faaslist_assigneeid` (`assignee_objid`),
  KEY `ix_faaslist_publicland` (`publicland`),
  KEY `ix_faaslist_txntype_objid` (`txntype_objid`)
) ENGINE=InnoDB DEFAULT CHARSET=utf8;
/*!40101 SET character_set_client = @saved_cs_client */;

--
-- Dumping data for table `faas_list`
--

LOCK TABLES `faas_list` WRITE;
/*!40000 ALTER TABLE `faas_list` DISABLE KEYS */;
/*!40000 ALTER TABLE `faas_list` ENABLE KEYS */;
UNLOCK TABLES;

--
-- Table structure for table `faas_previous`
--

DROP TABLE IF EXISTS `faas_previous`;
/*!40101 SET @saved_cs_client     = @@character_set_client */;
/*!40101 SET character_set_client = utf8 */;
CREATE TABLE `faas_previous` (
  `objid` varchar(50) NOT NULL,
  `faasid` varchar(50) NOT NULL,
  `prevfaasid` varchar(50) DEFAULT NULL,
  `prevrpuid` varchar(50) DEFAULT NULL,
  `prevtdno` varchar(800) DEFAULT NULL,
  `prevpin` varchar(800) DEFAULT NULL,
  `prevowner` text,
  `prevadministrator` text,
  `prevav` varchar(500) DEFAULT NULL,
  `prevmv` varchar(500) DEFAULT NULL,
  `prevareasqm` varchar(500) DEFAULT NULL,
  `prevareaha` varchar(500) DEFAULT NULL,
  `preveffectivity` varchar(10) DEFAULT NULL,
  `prevtaxability` varchar(10) DEFAULT NULL,
  PRIMARY KEY (`objid`),
  KEY `FK_faas_previous_faas` (`faasid`),
  KEY `ix_faas_previous_tdno` (`prevtdno`(255)),
  KEY `ix_faas_previous_pin` (`prevpin`(255))
) ENGINE=InnoDB DEFAULT CHARSET=utf8;
/*!40101 SET character_set_client = @saved_cs_client */;

--
-- Dumping data for table `faas_previous`
--

LOCK TABLES `faas_previous` WRITE;
/*!40000 ALTER TABLE `faas_previous` DISABLE KEYS */;
/*!40000 ALTER TABLE `faas_previous` ENABLE KEYS */;
UNLOCK TABLES;

--
-- Table structure for table `faas_requested_series`
--

DROP TABLE IF EXISTS `faas_requested_series`;
/*!40101 SET @saved_cs_client     = @@character_set_client */;
/*!40101 SET character_set_client = utf8 */;
CREATE TABLE `faas_requested_series` (
  `objid` varchar(50) NOT NULL,
  `parentid` varchar(50) NOT NULL,
  `series` varchar(255) NOT NULL,
  `requestedby_name` varchar(255) NOT NULL,
  `requestedby_date` date NOT NULL,
  `createdby_name` varchar(255) NOT NULL,
  `createdby_date` datetime NOT NULL,
  PRIMARY KEY (`objid`),
  KEY `fk_faas_requested_series_sys_sequence` (`parentid`),
  CONSTRAINT `fk_faas_requested_series_sys_sequence` FOREIGN KEY (`parentid`) REFERENCES `sys_sequence` (`objid`)
) ENGINE=InnoDB DEFAULT CHARSET=utf8;
/*!40101 SET character_set_client = @saved_cs_client */;

--
-- Dumping data for table `faas_requested_series`
--

LOCK TABLES `faas_requested_series` WRITE;
/*!40000 ALTER TABLE `faas_requested_series` DISABLE KEYS */;
/*!40000 ALTER TABLE `faas_requested_series` ENABLE KEYS */;
UNLOCK TABLES;

--
-- Table structure for table `faas_restriction`
--

DROP TABLE IF EXISTS `faas_restriction`;
/*!40101 SET @saved_cs_client     = @@character_set_client */;
/*!40101 SET character_set_client = utf8 */;
CREATE TABLE `faas_restriction` (
  `objid` varchar(50) NOT NULL,
  `parent_objid` varchar(50) NOT NULL,
  `ledger_objid` varchar(50) DEFAULT NULL,
  `state` varchar(25) NOT NULL,
  `restrictiontype_objid` varchar(50) NOT NULL,
  `txndate` date DEFAULT NULL,
  `remarks` varchar(255) DEFAULT NULL,
  `receipt_objid` varchar(50) DEFAULT NULL,
  `receipt_receiptno` varchar(15) DEFAULT NULL,
  `receipt_receiptdate` datetime DEFAULT NULL,
  `receipt_amount` decimal(16,2) DEFAULT NULL,
  `receipt_lastyearpaid` int(11) DEFAULT NULL,
  `receipt_lastqtrpaid` int(11) DEFAULT NULL,
  `createdby_objid` varchar(50) DEFAULT NULL,
  `createdby_name` varchar(150) DEFAULT NULL,
  `dtcreated` datetime DEFAULT NULL,
  `rpumaster_objid` varchar(50) DEFAULT NULL,
  PRIMARY KEY (`objid`),
  KEY `ix_parent_objid` (`parent_objid`),
  KEY `ix_ledger_objid` (`ledger_objid`),
  KEY `ix_state` (`state`),
  KEY `ix_receiptno` (`receipt_receiptno`),
  KEY `ix_txndate` (`txndate`),
  KEY `ix_restrictiontype_objid` (`restrictiontype_objid`)
) ENGINE=InnoDB DEFAULT CHARSET=utf8;
/*!40101 SET character_set_client = @saved_cs_client */;

--
-- Dumping data for table `faas_restriction`
--

LOCK TABLES `faas_restriction` WRITE;
/*!40000 ALTER TABLE `faas_restriction` DISABLE KEYS */;
/*!40000 ALTER TABLE `faas_restriction` ENABLE KEYS */;
UNLOCK TABLES;

--
-- Table structure for table `faas_restriction_type`
--

DROP TABLE IF EXISTS `faas_restriction_type`;
/*!40101 SET @saved_cs_client     = @@character_set_client */;
/*!40101 SET character_set_client = utf8 */;
CREATE TABLE `faas_restriction_type` (
  `objid` varchar(50) NOT NULL DEFAULT '',
  `name` varchar(100) NOT NULL,
  `idx` int(11) NOT NULL,
  `isother` int(11) NOT NULL,
  PRIMARY KEY (`objid`)
) ENGINE=InnoDB DEFAULT CHARSET=utf8;
/*!40101 SET character_set_client = @saved_cs_client */;

--
-- Dumping data for table `faas_restriction_type`
--

LOCK TABLES `faas_restriction_type` WRITE;
/*!40000 ALTER TABLE `faas_restriction_type` DISABLE KEYS */;
INSERT INTO `faas_restriction_type` VALUES ('BOUNDARY_CONFLICT','Boundary Conflict',4,1),('BSP_GSP','BSP / GSP',9,1),('CARP','Under CARP',1,0),('RED_AREAS','Red Areas',3,1),('RESTRICTED','Restricted',9,1),('RP_NIA','RP / NIA',5,1),('TELECOM','Telecom',6,1),('UNDER_LITIGATION','Under Litigation',2,0),('UNDETERMINED','Undermined',7,1),('UNLOCATED_OWNER','Unlocated Owner',8,1);
/*!40000 ALTER TABLE `faas_restriction_type` ENABLE KEYS */;
UNLOCK TABLES;

--
-- Table structure for table `faas_signatory`
--

DROP TABLE IF EXISTS `faas_signatory`;
/*!40101 SET @saved_cs_client     = @@character_set_client */;
/*!40101 SET character_set_client = utf8 */;
CREATE TABLE `faas_signatory` (
  `objid` varchar(50) NOT NULL,
  `taxmapper_objid` varchar(50) DEFAULT NULL,
  `taxmapper_name` varchar(100) DEFAULT NULL,
  `taxmapper_title` varchar(50) DEFAULT NULL,
  `taxmapper_dtsigned` datetime DEFAULT NULL,
  `taxmapper_taskid` varchar(50) DEFAULT NULL,
  `taxmapperchief_objid` varchar(50) DEFAULT NULL,
  `taxmapperchief_name` varchar(100) DEFAULT NULL,
  `taxmapperchief_title` varchar(50) DEFAULT NULL,
  `taxmapperchief_dtsigned` datetime DEFAULT NULL,
  `taxmapperchief_taskid` varchar(50) DEFAULT NULL,
  `appraiser_objid` varchar(50) DEFAULT NULL,
  `appraiser_name` varchar(150) DEFAULT NULL,
  `appraiser_title` varchar(50) DEFAULT NULL,
  `appraiser_dtsigned` datetime DEFAULT NULL,
  `appraiser_taskid` varchar(50) DEFAULT NULL,
  `appraiserchief_objid` varchar(50) DEFAULT NULL,
  `appraiserchief_name` varchar(100) DEFAULT NULL,
  `appraiserchief_title` varchar(50) DEFAULT NULL,
  `appraiserchief_dtsigned` datetime DEFAULT NULL,
  `appraiserchief_taskid` varchar(50) DEFAULT NULL,
  `recommender_objid` varchar(50) DEFAULT NULL,
  `recommender_name` varchar(100) DEFAULT NULL,
  `recommender_title` varchar(50) DEFAULT NULL,
  `recommender_dtsigned` datetime DEFAULT NULL,
  `recommender_taskid` varchar(50) DEFAULT NULL,
  `provtaxmapper_objid` varchar(50) DEFAULT NULL,
  `provtaxmapper_name` varchar(100) DEFAULT NULL,
  `provtaxmapper_title` varchar(50) DEFAULT NULL,
  `provtaxmapper_dtsigned` datetime DEFAULT NULL,
  `provtaxmapper_taskid` varchar(50) DEFAULT NULL,
  `provtaxmapperchief_objid` varchar(50) DEFAULT NULL,
  `provtaxmapperchief_name` varchar(100) DEFAULT NULL,
  `provtaxmapperchief_title` varchar(50) DEFAULT NULL,
  `provtaxmapperchief_dtsigned` datetime DEFAULT NULL,
  `provtaxmapperchief_taskid` varchar(50) DEFAULT NULL,
  `provappraiser_objid` varchar(50) DEFAULT NULL,
  `provappraiser_name` varchar(100) DEFAULT NULL,
  `provappraiser_title` varchar(50) DEFAULT NULL,
  `provappraiser_dtsigned` datetime DEFAULT NULL,
  `provappraiser_taskid` varchar(50) DEFAULT NULL,
  `provappraiserchief_objid` varchar(50) DEFAULT NULL,
  `provappraiserchief_name` varchar(100) DEFAULT NULL,
  `provappraiserchief_title` varchar(50) DEFAULT NULL,
  `provappraiserchief_dtsigned` datetime DEFAULT NULL,
  `provappraiserchief_taskid` varchar(50) DEFAULT NULL,
  `approver_objid` varchar(50) DEFAULT NULL,
  `approver_name` varchar(100) DEFAULT NULL,
  `approver_title` varchar(50) DEFAULT NULL,
  `approver_dtsigned` datetime DEFAULT NULL,
  `approver_taskid` varchar(50) DEFAULT NULL,
  `provapprover_objid` varchar(50) DEFAULT NULL,
  `provapprover_name` varchar(100) DEFAULT NULL,
  `provapprover_title` varchar(50) DEFAULT NULL,
  `provapprover_dtsigned` datetime DEFAULT NULL,
  `provapprover_taskid` varchar(50) DEFAULT NULL,
  `provrecommender_objid` varchar(50) DEFAULT NULL,
  `provrecommender_name` varchar(100) DEFAULT NULL,
  `provrecommender_title` varchar(50) DEFAULT NULL,
  `provrecommender_dtsigned` datetime DEFAULT NULL,
  `provrecommender_taskid` varchar(50) DEFAULT NULL,
  `reviewer_objid` varchar(50) DEFAULT NULL,
  `reviewer_name` varchar(100) DEFAULT NULL,
  `reviewer_title` varchar(75) DEFAULT NULL,
  `reviewer_dtsigned` datetime DEFAULT NULL,
  `reviewer_taskid` varchar(50) DEFAULT NULL,
  `assessor_name` varchar(100) DEFAULT NULL,
  `assessor_title` varchar(100) DEFAULT NULL,
  PRIMARY KEY (`objid`),
  CONSTRAINT `FK_faas_faas_signatory` FOREIGN KEY (`objid`) REFERENCES `faas` (`objid`)
) ENGINE=InnoDB DEFAULT CHARSET=utf8;
/*!40101 SET character_set_client = @saved_cs_client */;

--
-- Dumping data for table `faas_signatory`
--

LOCK TABLES `faas_signatory` WRITE;
/*!40000 ALTER TABLE `faas_signatory` DISABLE KEYS */;
/*!40000 ALTER TABLE `faas_signatory` ENABLE KEYS */;
UNLOCK TABLES;

--
-- Table structure for table `faas_sketch`
--

DROP TABLE IF EXISTS `faas_sketch`;
/*!40101 SET @saved_cs_client     = @@character_set_client */;
/*!40101 SET character_set_client = utf8 */;
CREATE TABLE `faas_sketch` (
  `objid` varchar(50) NOT NULL DEFAULT '',
  `drawing` text NOT NULL,
  PRIMARY KEY (`objid`),
  KEY `FK_faas_sketch_faas` (`objid`),
  CONSTRAINT `FK_faas_sketch_faas` FOREIGN KEY (`objid`) REFERENCES `faas` (`objid`)
) ENGINE=InnoDB DEFAULT CHARSET=utf8;
/*!40101 SET character_set_client = @saved_cs_client */;

--
-- Dumping data for table `faas_sketch`
--

LOCK TABLES `faas_sketch` WRITE;
/*!40000 ALTER TABLE `faas_sketch` DISABLE KEYS */;
/*!40000 ALTER TABLE `faas_sketch` ENABLE KEYS */;
UNLOCK TABLES;

--
-- Table structure for table `faas_stewardship`
--

DROP TABLE IF EXISTS `faas_stewardship`;
/*!40101 SET @saved_cs_client     = @@character_set_client */;
/*!40101 SET character_set_client = utf8 */;
CREATE TABLE `faas_stewardship` (
  `objid` varchar(50) NOT NULL DEFAULT '',
  `rpumasterid` varchar(50) NOT NULL,
  `stewardrpumasterid` varchar(50) NOT NULL,
  `ry` int(11) NOT NULL,
  `stewardshipno` int(11) NOT NULL,
  PRIMARY KEY (`objid`),
  UNIQUE KEY `ux_faas_stewardship` (`rpumasterid`,`stewardrpumasterid`,`ry`,`stewardshipno`),
  KEY `ix_faas_stewardship_rpumasterid` (`rpumasterid`),
  KEY `ix_faas_stewardship_stewardrpumasterid` (`stewardrpumasterid`)
) ENGINE=InnoDB DEFAULT CHARSET=utf8;
/*!40101 SET character_set_client = @saved_cs_client */;

--
-- Dumping data for table `faas_stewardship`
--

LOCK TABLES `faas_stewardship` WRITE;
/*!40000 ALTER TABLE `faas_stewardship` DISABLE KEYS */;
/*!40000 ALTER TABLE `faas_stewardship` ENABLE KEYS */;
UNLOCK TABLES;

--
-- Table structure for table `faas_task`
--

DROP TABLE IF EXISTS `faas_task`;
/*!40101 SET @saved_cs_client     = @@character_set_client */;
/*!40101 SET character_set_client = utf8 */;
CREATE TABLE `faas_task` (
  `objid` varchar(50) NOT NULL DEFAULT '',
  `refid` varchar(50) DEFAULT NULL,
  `parentprocessid` varchar(50) DEFAULT NULL,
  `state` varchar(50) DEFAULT NULL,
  `startdate` datetime DEFAULT NULL,
  `enddate` datetime DEFAULT NULL,
  `assignee_objid` varchar(50) DEFAULT NULL,
  `assignee_name` varchar(100) DEFAULT NULL,
  `assignee_title` varchar(80) DEFAULT NULL,
  `actor_objid` varchar(50) DEFAULT NULL,
  `actor_name` varchar(100) DEFAULT NULL,
  `actor_title` varchar(80) DEFAULT NULL,
  `message` varchar(255) DEFAULT NULL,
  `signature` text,
  `returnedby` varchar(100) DEFAULT NULL,
  PRIMARY KEY (`objid`),
  KEY `ix_refid` (`refid`),
  KEY `ix_assignee_objid` (`assignee_objid`),
  CONSTRAINT `faas_task_ibfk_1` FOREIGN KEY (`refid`) REFERENCES `faas` (`objid`)
) ENGINE=InnoDB DEFAULT CHARSET=utf8;
/*!40101 SET character_set_client = @saved_cs_client */;

--
-- Dumping data for table `faas_task`
--

LOCK TABLES `faas_task` WRITE;
/*!40000 ALTER TABLE `faas_task` DISABLE KEYS */;
/*!40000 ALTER TABLE `faas_task` ENABLE KEYS */;
UNLOCK TABLES;

--
-- Table structure for table `faas_txntype`
--

DROP TABLE IF EXISTS `faas_txntype`;
/*!40101 SET @saved_cs_client     = @@character_set_client */;
/*!40101 SET character_set_client = utf8 */;
CREATE TABLE `faas_txntype` (
  `objid` varchar(50) NOT NULL DEFAULT '',
  `name` varchar(100) NOT NULL DEFAULT '',
  `newledger` int(11) NOT NULL,
  `newrpu` int(11) NOT NULL,
  `newrealproperty` int(11) NOT NULL,
  `displaycode` varchar(10) DEFAULT NULL,
  `allowEditOwner` int(11) DEFAULT NULL,
  `checkbalance` int(11) DEFAULT NULL,
  `allowEditPin` int(11) DEFAULT NULL,
  `allowEditPinInfo` int(11) DEFAULT NULL,
  `allowEditAppraisal` int(11) DEFAULT NULL,
  `opener` varchar(50) DEFAULT NULL,
  `reconcileledger` int(11) DEFAULT NULL,
  `allowannotated` int(11) DEFAULT NULL,
  PRIMARY KEY (`objid`)
) ENGINE=InnoDB DEFAULT CHARSET=utf8;
/*!40101 SET character_set_client = @saved_cs_client */;

--
-- Dumping data for table `faas_txntype`
--

LOCK TABLES `faas_txntype` WRITE;
/*!40000 ALTER TABLE `faas_txntype` DISABLE KEYS */;
INSERT INTO `faas_txntype` VALUES ('CA','Change Administrator',0,0,0,'DP',0,1,0,0,1,NULL,1,0),('CC','Change Classification',0,1,0,'RC',0,1,0,0,1,NULL,1,0),('CD','Change Depreciation',0,1,0,'DP',0,1,0,0,1,NULL,1,0),('CE','Correction of Entry',0,1,1,'DP',1,1,0,1,1,NULL,1,0),('CS','Consolidation',1,1,1,'CS',1,1,0,1,1,'consolidation',1,0),('CT','Change Taxability',0,1,0,'DP',0,1,0,0,1,NULL,1,0),('CTD','Cancellation',0,0,0,'DP',0,1,0,0,0,NULL,1,0),('DC','Data Capture',1,1,1,'DC',1,0,1,1,1,NULL,1,0),('DT','Destruction of Property',0,1,0,'DT',0,0,0,0,1,NULL,1,0),('GR','General Revision',0,1,1,'GR',0,0,0,1,1,NULL,1,0),('MC','Multiple Claim',1,1,1,'DP',1,0,1,1,1,NULL,1,0),('MCS','Multiple Claim Settlement',0,1,1,'DP',0,0,0,0,0,'mcsettlement',1,0),('ND','New Discovery',1,1,1,'DC',1,0,1,1,1,NULL,1,0),('PC','Physical Obsolence',0,1,0,'PC',0,0,0,0,1,NULL,1,0),('RE','Reassessment',0,1,0,'DP',0,1,1,0,1,NULL,1,0),('RS','Resection',0,1,1,'DP',0,0,0,0,1,NULL,1,0),('RV','Revision',0,1,1,'RV',1,1,1,1,1,NULL,1,0),('SD','Subdivision',1,1,1,'SD',1,1,0,1,1,'subdivision',1,0),('ST','Stewardship',1,1,1,'DP',1,0,0,1,1,'',1,0),('STP','Stewardship',0,1,1,'DP',0,0,0,0,1,'',1,0),('TR','Transfer of Ownership',0,1,1,'TR',1,1,0,1,1,NULL,1,1),('TRC','Transfer with Correction',0,1,1,'TR',1,1,0,1,1,NULL,1,1),('TRE','Transfer with Reassessment',0,1,0,'TR',1,1,0,1,1,NULL,1,1),('UK','Unknown to Known',1,1,1,'DP',1,0,0,0,1,NULL,0,0);
/*!40000 ALTER TABLE `faas_txntype` ENABLE KEYS */;
UNLOCK TABLES;

--
-- Table structure for table `faas_txntype_attribute`
--

DROP TABLE IF EXISTS `faas_txntype_attribute`;
/*!40101 SET @saved_cs_client     = @@character_set_client */;
/*!40101 SET character_set_client = utf8 */;
CREATE TABLE `faas_txntype_attribute` (
  `txntype_objid` varchar(50) NOT NULL,
  `attribute` varchar(50) NOT NULL,
  `idx` int(11) NOT NULL,
  PRIMARY KEY (`txntype_objid`,`attribute`),
  KEY `FK_faas_txntype_attribute_type` (`attribute`),
  CONSTRAINT `FK_faas_txntype_attribute` FOREIGN KEY (`txntype_objid`) REFERENCES `faas_txntype` (`objid`),
  CONSTRAINT `FK_faas_txntype_attribute_type` FOREIGN KEY (`attribute`) REFERENCES `faas_txntype_attribute_type` (`attribute`)
) ENGINE=InnoDB DEFAULT CHARSET=utf8;
/*!40101 SET character_set_client = @saved_cs_client */;

--
-- Dumping data for table `faas_txntype_attribute`
--

LOCK TABLES `faas_txntype_attribute` WRITE;
/*!40000 ALTER TABLE `faas_txntype_attribute` DISABLE KEYS */;
INSERT INTO `faas_txntype_attribute` VALUES ('CS','TITLED',1),('CS','UNTITLED',2),('ND','TITLED',1),('ND','UNTITLED',2),('RV','TITLED',1),('RV','UNTITLED',2),('SD','TITLED',1),('SD','UNTITLED',2),('TR','DONATION',2),('TR','SALE',1),('TR','TITLED',3),('TR','UNTITLED',4),('TRC','DONATION',2),('TRC','SALE',1),('TRE','DONATION',2),('TRE','SALE',1);
/*!40000 ALTER TABLE `faas_txntype_attribute` ENABLE KEYS */;
UNLOCK TABLES;

--
-- Table structure for table `faas_txntype_attribute_type`
--

DROP TABLE IF EXISTS `faas_txntype_attribute_type`;
/*!40101 SET @saved_cs_client     = @@character_set_client */;
/*!40101 SET character_set_client = utf8 */;
CREATE TABLE `faas_txntype_attribute_type` (
  `attribute` varchar(50) NOT NULL,
  PRIMARY KEY (`attribute`)
) ENGINE=InnoDB DEFAULT CHARSET=utf8;
/*!40101 SET character_set_client = @saved_cs_client */;

--
-- Dumping data for table `faas_txntype_attribute_type`
--

LOCK TABLES `faas_txntype_attribute_type` WRITE;
/*!40000 ALTER TABLE `faas_txntype_attribute_type` DISABLE KEYS */;
INSERT INTO `faas_txntype_attribute_type` VALUES ('AUCTIONED'),('DONATION'),('SALE'),('TITLED'),('UNTITLED');
/*!40000 ALTER TABLE `faas_txntype_attribute_type` ENABLE KEYS */;
UNLOCK TABLES;

--
-- Table structure for table `faasannotation`
--

DROP TABLE IF EXISTS `faasannotation`;
/*!40101 SET @saved_cs_client     = @@character_set_client */;
/*!40101 SET character_set_client = utf8 */;
CREATE TABLE `faasannotation` (
  `objid` varchar(50) NOT NULL,
  `state` varchar(15) NOT NULL,
  `annotationtype_objid` varchar(50) NOT NULL,
  `faasid` varchar(50) DEFAULT NULL,
  `txnno` varchar(50) DEFAULT NULL,
  `txndate` datetime DEFAULT NULL,
  `fileno` varchar(25) NOT NULL,
  `orno` varchar(10) NOT NULL,
  `ordate` datetime NOT NULL,
  `oramount` decimal(16,2) NOT NULL,
  `memoranda` text NOT NULL,
  PRIMARY KEY (`objid`),
  KEY `FK_faasannotation_faas` (`faasid`),
  KEY `FK_faasannotation_faasannotationtype` (`annotationtype_objid`),
  KEY `ix_faasannotation_fileno` (`fileno`),
  KEY `ix_faasannotation_orno` (`orno`),
  KEY `ix_faasannotation_state` (`state`),
  KEY `ix_faasannotation_txnno` (`txnno`),
  CONSTRAINT `faasannotation_ibfk_1` FOREIGN KEY (`faasid`) REFERENCES `faas` (`objid`),
  CONSTRAINT `faasannotation_ibfk_2` FOREIGN KEY (`annotationtype_objid`) REFERENCES `faasannotationtype` (`objid`)
) ENGINE=InnoDB DEFAULT CHARSET=utf8;
/*!40101 SET character_set_client = @saved_cs_client */;

--
-- Dumping data for table `faasannotation`
--

LOCK TABLES `faasannotation` WRITE;
/*!40000 ALTER TABLE `faasannotation` DISABLE KEYS */;
/*!40000 ALTER TABLE `faasannotation` ENABLE KEYS */;
UNLOCK TABLES;

--
-- Table structure for table `faasannotation_faas`
--

DROP TABLE IF EXISTS `faasannotation_faas`;
/*!40101 SET @saved_cs_client     = @@character_set_client */;
/*!40101 SET character_set_client = utf8 */;
CREATE TABLE `faasannotation_faas` (
  `objid` varchar(50) NOT NULL,
  `parent_objid` varchar(50) NOT NULL,
  `faas_objid` varchar(50) NOT NULL,
  PRIMARY KEY (`objid`),
  UNIQUE KEY `ux_parent_faas` (`parent_objid`,`faas_objid`),
  KEY `ix_parent_objid` (`parent_objid`),
  KEY `ix_faas_objid` (`faas_objid`),
  CONSTRAINT `fk_faasannotationfaas_faas` FOREIGN KEY (`faas_objid`) REFERENCES `faas` (`objid`),
  CONSTRAINT `fk_faasannotationfaas_faasannotation` FOREIGN KEY (`parent_objid`) REFERENCES `faasannotation` (`objid`)
) ENGINE=InnoDB DEFAULT CHARSET=utf8;
/*!40101 SET character_set_client = @saved_cs_client */;

--
-- Dumping data for table `faasannotation_faas`
--

LOCK TABLES `faasannotation_faas` WRITE;
/*!40000 ALTER TABLE `faasannotation_faas` DISABLE KEYS */;
/*!40000 ALTER TABLE `faasannotation_faas` ENABLE KEYS */;
UNLOCK TABLES;

--
-- Table structure for table `faasannotationtype`
--

DROP TABLE IF EXISTS `faasannotationtype`;
/*!40101 SET @saved_cs_client     = @@character_set_client */;
/*!40101 SET character_set_client = utf8 */;
CREATE TABLE `faasannotationtype` (
  `objid` varchar(50) NOT NULL,
  `type` varchar(100) NOT NULL,
  PRIMARY KEY (`objid`)
) ENGINE=InnoDB DEFAULT CHARSET=utf8;
/*!40101 SET character_set_client = @saved_cs_client */;

--
-- Dumping data for table `faasannotationtype`
--

LOCK TABLES `faasannotationtype` WRITE;
/*!40000 ALTER TABLE `faasannotationtype` DISABLE KEYS */;
INSERT INTO `faasannotationtype` VALUES ('CCJ','CIVIL CASE JUDGEMENT'),('LS','LES PENDIENS'),('MOA','MEMORANDUM OF AGREEMENT'),('MT','MORTGAGE'),('NAC','NOTICE OF ADVERSE CLAIM'),('NB','NOTICE OF BOND'),('NOA','NOTICE OF ATTACHMENT'),('NOAL','NOTICE OF ATTACHMENT/LEVY UPON REALTY'),('NOL','NOTICE OF LEVY'),('NOLES','NOTICE OF LIS PENDENS'),('NOS','NOTICE OF SHERIFF\'S'),('OFC','ORDER FROM THE COURT'),('SLVY','SHERIFF\'S NOTICE OF LEVY UPON REAL PROPERTY'),('SR','SHERIFF\'S CERTIFICATE OF SALE'),('UL','UNDER LITIGATION'),('WL','WARRANT OF LEVY');
/*!40000 ALTER TABLE `faasannotationtype` ENABLE KEYS */;
UNLOCK TABLES;

--
-- Table structure for table `faasbacktax`
--

DROP TABLE IF EXISTS `faasbacktax`;
/*!40101 SET @saved_cs_client     = @@character_set_client */;
/*!40101 SET character_set_client = utf8 */;
CREATE TABLE `faasbacktax` (
  `objid` varchar(50) NOT NULL,
  `faasid` varchar(50) NOT NULL,
  `ry` int(11) NOT NULL,
  `tdno` varchar(25) DEFAULT NULL,
  `bmv` decimal(16,2) NOT NULL,
  `mv` decimal(16,2) NOT NULL,
  `av` decimal(16,2) NOT NULL,
  `effectivityyear` int(11) NOT NULL,
  `effectivityqtr` int(11) NOT NULL,
  `taxable` int(11) NOT NULL,
  PRIMARY KEY (`objid`),
  KEY `FK_faasbacktax` (`faasid`),
  CONSTRAINT `faasbacktax_ibfk_1` FOREIGN KEY (`faasid`) REFERENCES `faas` (`objid`)
) ENGINE=InnoDB DEFAULT CHARSET=utf8;
/*!40101 SET character_set_client = @saved_cs_client */;

--
-- Dumping data for table `faasbacktax`
--

LOCK TABLES `faasbacktax` WRITE;
/*!40000 ALTER TABLE `faasbacktax` DISABLE KEYS */;
/*!40000 ALTER TABLE `faasbacktax` ENABLE KEYS */;
UNLOCK TABLES;

--
-- Table structure for table `faasupdate`
--

DROP TABLE IF EXISTS `faasupdate`;
/*!40101 SET @saved_cs_client     = @@character_set_client */;
/*!40101 SET character_set_client = utf8 */;
CREATE TABLE `faasupdate` (
  `objid` varchar(50) NOT NULL,
  `state` varchar(25) NOT NULL,
  `txnno` varchar(10) NOT NULL,
  `txndate` datetime NOT NULL,
  `faasid` varchar(50) NOT NULL,
  `prevtitletype` varchar(25) DEFAULT NULL,
  `prevtitleno` varchar(25) DEFAULT NULL,
  `prevtitledate` datetime DEFAULT NULL,
  `prevtaxpayerid` varchar(50) NOT NULL,
  `prevtaxpayername` text NOT NULL,
  `prevtaxpayeraddress` varchar(150) NOT NULL,
  `prevownername` text NOT NULL,
  `prevowneraddress` varchar(150) NOT NULL,
  `prevadministratorid` varchar(50) DEFAULT NULL,
  `prevadministratorname` varchar(150) DEFAULT NULL,
  `prevadministratoraddress` varchar(100) DEFAULT NULL,
  `prevrestrictionid` varchar(50) DEFAULT NULL,
  `prevmemoranda` text NOT NULL,
  `prevsurveyno` varchar(100) DEFAULT NULL,
  `prevcadastrallotno` varchar(100) NOT NULL,
  `prevblockno` varchar(50) DEFAULT NULL,
  `prevpurok` varchar(50) DEFAULT NULL,
  `prevstreet` varchar(100) DEFAULT NULL,
  `prevnorth` varchar(150) NOT NULL,
  `preveast` varchar(150) NOT NULL,
  `prevsouth` varchar(150) NOT NULL,
  `prevwest` varchar(150) NOT NULL,
  `faas_titletype` varchar(25) DEFAULT NULL,
  `faas_titleno` varchar(25) DEFAULT NULL,
  `faas_titledate` datetime DEFAULT NULL,
  `faas_restrictionid` varchar(50) DEFAULT NULL,
  `faas_memoranda` text NOT NULL,
  `rp_surveyno` varchar(100) DEFAULT NULL,
  `rp_cadastrallotno` varchar(100) NOT NULL,
  `rp_blockno` varchar(50) DEFAULT NULL,
  `rp_street` varchar(100) DEFAULT NULL,
  `rp_north` varchar(150) NOT NULL,
  `rp_east` varchar(150) NOT NULL,
  `rp_south` varchar(150) NOT NULL,
  `rp_west` varchar(150) NOT NULL,
  `faas_taxpayer_objid` varchar(50) NOT NULL,
  `faas_taxpayer_name` text NOT NULL,
  `faas_taxpayer_address` varchar(150) NOT NULL,
  `faas_owner_address` text NOT NULL,
  `faas_owner_name` text NOT NULL,
  `faas_administrator_name` varchar(200) DEFAULT NULL,
  `faas_administrator_objid` varchar(50) DEFAULT NULL,
  `faas_administrator_address` varchar(150) DEFAULT NULL,
  PRIMARY KEY (`objid`),
  KEY `FK_faasupdate_faas` (`faasid`),
  CONSTRAINT `faasupdate_ibfk_1` FOREIGN KEY (`faasid`) REFERENCES `faas` (`objid`)
) ENGINE=InnoDB DEFAULT CHARSET=utf8;
/*!40101 SET character_set_client = @saved_cs_client */;

--
-- Dumping data for table `faasupdate`
--

LOCK TABLES `faasupdate` WRITE;
/*!40000 ALTER TABLE `faasupdate` DISABLE KEYS */;
/*!40000 ALTER TABLE `faasupdate` ENABLE KEYS */;
UNLOCK TABLES;

--
-- Table structure for table `form60account`
--

DROP TABLE IF EXISTS `form60account`;
/*!40101 SET @saved_cs_client     = @@character_set_client */;
/*!40101 SET character_set_client = utf8 */;
CREATE TABLE `form60account` (
  `objid` varchar(50) NOT NULL,
  `parentid` varchar(50) NOT NULL,
  `revenueitemid` varchar(50) NOT NULL,
  PRIMARY KEY (`objid`),
  KEY `ix_form60account_parentid` (`parentid`),
  KEY `ix_form60account_acctid` (`revenueitemid`)
) ENGINE=MyISAM DEFAULT CHARSET=utf8;
/*!40101 SET character_set_client = @saved_cs_client */;

--
-- Dumping data for table `form60account`
--

LOCK TABLES `form60account` WRITE;
/*!40000 ALTER TABLE `form60account` DISABLE KEYS */;
/*!40000 ALTER TABLE `form60account` ENABLE KEYS */;
UNLOCK TABLES;

--
-- Table structure for table `form60setup`
--

DROP TABLE IF EXISTS `form60setup`;
/*!40101 SET @saved_cs_client     = @@character_set_client */;
/*!40101 SET character_set_client = utf8 */;
CREATE TABLE `form60setup` (
  `objid` varchar(50) NOT NULL,
  `type` varchar(20) DEFAULT NULL,
  `code` varchar(100) DEFAULT NULL,
  `title` varchar(100) DEFAULT NULL,
  `parentid` varchar(50) DEFAULT NULL,
  `nationalrate` decimal(10,2) DEFAULT '0.00',
  `provgenrate` decimal(10,2) DEFAULT '0.00',
  `provsefrate` decimal(10,2) DEFAULT '0.00',
  `provtrustrate` decimal(10,2) DEFAULT '0.00',
  `munigenrate` decimal(10,2) DEFAULT '0.00',
  `munisefrate` decimal(10,2) DEFAULT '0.00',
  `munitrustrate` decimal(10,2) DEFAULT '0.00',
  `barangayrate` decimal(10,2) DEFAULT '0.00',
  PRIMARY KEY (`objid`),
  KEY `ix_parentid` (`parentid`),
  KEY `ix_type` (`type`)
) ENGINE=MyISAM DEFAULT CHARSET=utf8;
/*!40101 SET character_set_client = @saved_cs_client */;

--
-- Dumping data for table `form60setup`
--

LOCK TABLES `form60setup` WRITE;
/*!40000 ALTER TABLE `form60setup` DISABLE KEYS */;
/*!40000 ALTER TABLE `form60setup` ENABLE KEYS */;
UNLOCK TABLES;

--
-- Table structure for table `fund`
--

DROP TABLE IF EXISTS `fund`;
/*!40101 SET @saved_cs_client     = @@character_set_client */;
/*!40101 SET character_set_client = utf8 */;
CREATE TABLE `fund` (
  `objid` varchar(100) NOT NULL,
  `parentid` varchar(50) DEFAULT NULL,
  `state` varchar(10) DEFAULT NULL,
  `code` varchar(50) DEFAULT NULL,
  `title` varchar(255) DEFAULT NULL,
  `type` varchar(20) DEFAULT NULL,
  `special` int(11) DEFAULT NULL,
  `system` int(11) DEFAULT NULL,
  `groupid` varchar(50) DEFAULT NULL,
  `depositoryfundid` varchar(100) DEFAULT NULL,
  PRIMARY KEY (`objid`),
  KEY `ix_groupid` (`groupid`),
  KEY `ix_depositoryfundid` (`depositoryfundid`),
  CONSTRAINT `fk_fund_depositoryfundid` FOREIGN KEY (`depositoryfundid`) REFERENCES `fund` (`objid`),
  CONSTRAINT `fk_fund_groupid` FOREIGN KEY (`groupid`) REFERENCES `fundgroup` (`objid`)
) ENGINE=InnoDB DEFAULT CHARSET=utf8;
/*!40101 SET character_set_client = @saved_cs_client */;

--
-- Dumping data for table `fund`
--

LOCK TABLES `fund` WRITE;
/*!40000 ALTER TABLE `fund` DISABLE KEYS */;
INSERT INTO `fund` VALUES ('FUND-1cf5626b:17fb48ac669:-7bfa',NULL,'ACTIVE','HPC','HOSPITAL PHIC CHARGES',NULL,NULL,0,'GENERAL','FUND-1cf5626b:17fb48ac669:-7bfa'),('FUND-1cf5626b:17fb48ac669:-7c2e',NULL,'ACTIVE','HP','HOSPITAL PHIC POOLING',NULL,NULL,0,'GENERAL','FUND-1cf5626b:17fb48ac669:-7c2e'),('FUND-1cf5626b:17fb48ac669:-7c65',NULL,'ACTIVE','HA','HOSPITAL',NULL,NULL,0,'GENERAL','FUND-1cf5626b:17fb48ac669:-7c65'),('GENERAL',NULL,'ACTIVE','01','GENERAL PROPER',NULL,0,0,'GENERAL','GENERAL'),('SEF',NULL,'ACTIVE','02','SEF PROPER',NULL,0,0,'SEF','SEF'),('TRUST',NULL,'ACTIVE','03','TRUST PROPER',NULL,0,0,'TRUST','TRUST');
/*!40000 ALTER TABLE `fund` ENABLE KEYS */;
UNLOCK TABLES;

--
-- Table structure for table `fundgroup`
--

DROP TABLE IF EXISTS `fundgroup`;
/*!40101 SET @saved_cs_client     = @@character_set_client */;
/*!40101 SET character_set_client = utf8 */;
CREATE TABLE `fundgroup` (
  `objid` varchar(50) NOT NULL,
  `title` varchar(100) NOT NULL,
  `indexno` int(11) NOT NULL,
  PRIMARY KEY (`objid`),
  UNIQUE KEY `uix_title` (`title`)
) ENGINE=InnoDB DEFAULT CHARSET=utf8;
/*!40101 SET character_set_client = @saved_cs_client */;

--
-- Dumping data for table `fundgroup`
--

LOCK TABLES `fundgroup` WRITE;
/*!40000 ALTER TABLE `fundgroup` DISABLE KEYS */;
INSERT INTO `fundgroup` VALUES ('GENERAL','GENERAL',0),('SEF','SEF',1),('TRUST','TRUST',2);
/*!40000 ALTER TABLE `fundgroup` ENABLE KEYS */;
UNLOCK TABLES;

--
-- Table structure for table `government_property`
--

DROP TABLE IF EXISTS `government_property`;
/*!40101 SET @saved_cs_client     = @@character_set_client */;
/*!40101 SET character_set_client = utf8 */;
CREATE TABLE `government_property` (
  `objid` varchar(50) NOT NULL,
  `name` varchar(255) NOT NULL,
  `street` varchar(255) DEFAULT NULL,
  `barangay_objid` varchar(50) DEFAULT NULL,
  `barangay_name` varchar(255) DEFAULT NULL,
  `pin` varchar(50) DEFAULT NULL,
  PRIMARY KEY (`objid`),
  KEY `ix_barangay_name` (`barangay_name`),
  KEY `ix_barangay_objid` (`barangay_objid`),
  KEY `ix_name` (`name`)
) ENGINE=InnoDB DEFAULT CHARSET=utf8;
/*!40101 SET character_set_client = @saved_cs_client */;

--
-- Dumping data for table `government_property`
--

LOCK TABLES `government_property` WRITE;
/*!40000 ALTER TABLE `government_property` DISABLE KEYS */;
/*!40000 ALTER TABLE `government_property` ENABLE KEYS */;
UNLOCK TABLES;

--
-- Table structure for table `holiday`
--

DROP TABLE IF EXISTS `holiday`;
/*!40101 SET @saved_cs_client     = @@character_set_client */;
/*!40101 SET character_set_client = utf8 */;
CREATE TABLE `holiday` (
  `objid` varchar(50) NOT NULL,
  `year` int(11) DEFAULT NULL,
  `month` int(11) DEFAULT NULL,
  `day` int(11) DEFAULT NULL,
  `week` int(11) DEFAULT NULL,
  `dow` int(11) DEFAULT NULL,
  `name` varchar(255) DEFAULT NULL,
  PRIMARY KEY (`objid`)
) ENGINE=InnoDB DEFAULT CHARSET=utf8;
/*!40101 SET character_set_client = @saved_cs_client */;

--
-- Dumping data for table `holiday`
--

LOCK TABLES `holiday` WRITE;
/*!40000 ALTER TABLE `holiday` DISABLE KEYS */;
/*!40000 ALTER TABLE `holiday` ENABLE KEYS */;
UNLOCK TABLES;

--
-- Table structure for table `income_ledger`
--

DROP TABLE IF EXISTS `income_ledger`;
/*!40101 SET @saved_cs_client     = @@character_set_client */;
/*!40101 SET character_set_client = utf8 */;
CREATE TABLE `income_ledger` (
  `objid` varchar(150) NOT NULL,
  `jevid` varchar(150) DEFAULT NULL,
  `itemacctid` varchar(50) NOT NULL,
  `dr` decimal(16,4) NOT NULL,
  `cr` decimal(16,4) NOT NULL,
  PRIMARY KEY (`objid`),
  KEY `ix_jevid` (`jevid`),
  KEY `ix_itemacctid` (`itemacctid`),
  CONSTRAINT `fk_income_ledger_itemacctid` FOREIGN KEY (`itemacctid`) REFERENCES `itemaccount` (`objid`),
  CONSTRAINT `fk_income_ledger_jevid` FOREIGN KEY (`jevid`) REFERENCES `jev` (`objid`)
) ENGINE=InnoDB DEFAULT CHARSET=utf8;
/*!40101 SET character_set_client = @saved_cs_client */;

--
-- Dumping data for table `income_ledger`
--

LOCK TABLES `income_ledger` WRITE;
/*!40000 ALTER TABLE `income_ledger` DISABLE KEYS */;
/*!40000 ALTER TABLE `income_ledger` ENABLE KEYS */;
UNLOCK TABLES;

--
-- Table structure for table `income_summary`
--

DROP TABLE IF EXISTS `income_summary`;
/*!40101 SET @saved_cs_client     = @@character_set_client */;
/*!40101 SET character_set_client = utf8 */;
CREATE TABLE `income_summary` (
  `refid` varchar(50) NOT NULL,
  `refdate` date NOT NULL,
  `refno` varchar(50) DEFAULT NULL,
  `reftype` varchar(50) DEFAULT NULL,
  `acctid` varchar(50) NOT NULL,
  `fundid` varchar(50) NOT NULL,
  `amount` decimal(16,4) DEFAULT NULL,
  `orgid` varchar(50) NOT NULL,
  `collectorid` varchar(50) DEFAULT NULL,
  `refyear` int(11) DEFAULT NULL,
  `refmonth` int(11) DEFAULT NULL,
  `refqtr` int(11) DEFAULT NULL,
  `remittanceid` varchar(50) NOT NULL DEFAULT '',
  `remittancedate` date DEFAULT NULL,
  `remittanceyear` int(11) DEFAULT NULL,
  `remittancemonth` int(11) DEFAULT NULL,
  `remittanceqtr` int(11) DEFAULT NULL,
  `liquidationid` varchar(50) NOT NULL DEFAULT '',
  `liquidationdate` date DEFAULT NULL,
  `liquidationyear` int(11) DEFAULT NULL,
  `liquidationmonth` int(11) DEFAULT NULL,
  `liquidationqtr` int(11) DEFAULT NULL,
  PRIMARY KEY (`refid`,`refdate`,`fundid`,`acctid`,`orgid`,`remittanceid`,`liquidationid`),
  KEY `ix_refdate` (`refdate`),
  KEY `ix_refno` (`refno`),
  KEY `ix_acctid` (`acctid`),
  KEY `ix_fundid` (`fundid`),
  KEY `ix_orgid` (`orgid`),
  KEY `ix_collectorid` (`collectorid`),
  KEY `ix_refyear` (`refyear`),
  KEY `ix_refmonth` (`refmonth`),
  KEY `ix_refqtr` (`refqtr`),
  KEY `ix_remittanceid` (`remittanceid`),
  KEY `ix_remittancedate` (`remittancedate`),
  KEY `ix_remittanceyear` (`remittanceyear`),
  KEY `ix_remittancemonth` (`remittancemonth`),
  KEY `ix_remittanceqtr` (`remittanceqtr`),
  KEY `ix_liquidationid` (`liquidationid`),
  KEY `ix_liquidationdate` (`liquidationdate`),
  KEY `ix_liquidationyear` (`liquidationyear`),
  KEY `ix_liquidationmonth` (`liquidationmonth`),
  KEY `ix_liquidationqtr` (`liquidationqtr`)
) ENGINE=InnoDB DEFAULT CHARSET=utf8;
/*!40101 SET character_set_client = @saved_cs_client */;

--
-- Dumping data for table `income_summary`
--

LOCK TABLES `income_summary` WRITE;
/*!40000 ALTER TABLE `income_summary` DISABLE KEYS */;
/*!40000 ALTER TABLE `income_summary` ENABLE KEYS */;
UNLOCK TABLES;

--
-- Table structure for table `interfund_transfer_ledger`
--

DROP TABLE IF EXISTS `interfund_transfer_ledger`;
/*!40101 SET @saved_cs_client     = @@character_set_client */;
/*!40101 SET character_set_client = utf8 */;
CREATE TABLE `interfund_transfer_ledger` (
  `objid` varchar(150) NOT NULL,
  `jevid` varchar(150) DEFAULT NULL,
  `itemacctid` varchar(50) DEFAULT NULL,
  `dr` decimal(16,4) DEFAULT NULL,
  `cr` decimal(16,4) DEFAULT NULL,
  PRIMARY KEY (`objid`),
  KEY `ix_itemacctid` (`itemacctid`),
  KEY `ix_jevid` (`jevid`),
  CONSTRAINT `fk_interfund_transfer_ledger_jevid` FOREIGN KEY (`jevid`) REFERENCES `jev` (`objid`)
) ENGINE=InnoDB DEFAULT CHARSET=utf8;
/*!40101 SET character_set_client = @saved_cs_client */;

--
-- Dumping data for table `interfund_transfer_ledger`
--

LOCK TABLES `interfund_transfer_ledger` WRITE;
/*!40000 ALTER TABLE `interfund_transfer_ledger` DISABLE KEYS */;
/*!40000 ALTER TABLE `interfund_transfer_ledger` ENABLE KEYS */;
UNLOCK TABLES;

--
-- Table structure for table `itemaccount`
--

DROP TABLE IF EXISTS `itemaccount`;
/*!40101 SET @saved_cs_client     = @@character_set_client */;
/*!40101 SET character_set_client = utf8 */;
CREATE TABLE `itemaccount` (
  `objid` varchar(50) NOT NULL,
  `state` varchar(10) DEFAULT NULL,
  `code` varchar(50) DEFAULT NULL,
  `title` varchar(255) DEFAULT NULL,
  `description` varchar(255) DEFAULT NULL,
  `type` varchar(25) DEFAULT NULL,
  `fund_objid` varchar(100) DEFAULT NULL,
  `fund_code` varchar(50) DEFAULT NULL,
  `fund_title` varchar(50) DEFAULT NULL,
  `defaultvalue` decimal(16,2) DEFAULT NULL,
  `valuetype` varchar(10) DEFAULT NULL,
  `org_objid` varchar(50) DEFAULT NULL,
  `org_name` varchar(50) DEFAULT NULL,
  `parentid` varchar(50) DEFAULT NULL,
  `generic` int(11) DEFAULT '0',
  `sortorder` int(11) DEFAULT '0',
  `hidefromlookup` int(11) NOT NULL DEFAULT '0',
  PRIMARY KEY (`objid`),
  KEY `fund_objid` (`fund_objid`),
  KEY `org_objid` (`org_objid`),
  KEY `ix_code` (`code`),
  KEY `ix_title` (`title`),
  KEY `ix_fund_objid` (`fund_objid`),
  KEY `ix_org_objid` (`org_objid`),
  KEY `ix_parentid` (`parentid`),
  KEY `ix_state` (`state`),
  KEY `ix_generic` (`generic`),
  KEY `ix_type` (`type`),
  CONSTRAINT `fk_itemaccount_fund_objid` FOREIGN KEY (`fund_objid`) REFERENCES `fund` (`objid`),
  CONSTRAINT `itemaccount_ibfk_2` FOREIGN KEY (`org_objid`) REFERENCES `sys_org` (`objid`)
) ENGINE=InnoDB DEFAULT CHARSET=utf8;
/*!40101 SET character_set_client = @saved_cs_client */;

--
-- Dumping data for table `itemaccount`
--

LOCK TABLES `itemaccount` WRITE;
/*!40000 ALTER TABLE `itemaccount` DISABLE KEYS */;
INSERT INTO `itemaccount` VALUES ('CASH_IN_TREASURY','ACTIVE','-','CASH IN TREASURY',NULL,'CASH_IN_TREASURY',NULL,NULL,NULL,NULL,NULL,NULL,NULL,NULL,0,0,0),('CIB-FUND532d6893:15d05b0ec66:-618b','ACTIVE','-','CASH IN BANK - GENERAL PROPER',NULL,'CASH_IN_BANK','GENERAL','01','GENERAL PROPER',0.00,'ANY',NULL,NULL,NULL,0,0,0),('CIB-SEF','ACTIVE','-','CASH IN BANK - SEF',NULL,'CASH_IN_BANK','SEF','02','SEF PROPER',0.00,'ANY',NULL,NULL,NULL,0,0,0),('CIB-TRUST','ACTIVE','-','CASH IN BANK - TRUST PROPER',NULL,'CASH_IN_BANK','TRUST','03','TRUST PROPER',0.00,'ANY',NULL,NULL,NULL,0,0,0),('IA-1c6587e2:13540797412:-7e84','ACTIVE','581','AMUSEMENT TAX (COCKPIT ARENA) MUNICIPAL SHARE',NULL,'REVENUE','GENERAL','01','GENERAL PROPER',0.00,'ANY',NULL,NULL,NULL,0,0,0),('IA-1f72624a:1339f421d71:-7705','ACTIVE','606-2','BRANDING/NO REG./PENALTY',NULL,'REVENUE','GENERAL','01','GENERAL PROPER',0.00,'ANY',NULL,NULL,NULL,0,0,0),('IA-238240f5:148af294b5d:-7f3a','ACTIVE','613-4','ZONING CLEARANCE',NULL,'REVENUE','GENERAL','01','GENERAL PROPER',0.00,'ANY',NULL,NULL,NULL,0,0,0),('IA-238240f5:148af294b5d:-7fe5','ACTIVE','642-1','RENTAL OF ROAD COMPACTOR',NULL,'REVENUE','GENERAL','01','GENERAL PROPER',0.00,'ANY',NULL,NULL,NULL,0,0,0),('IA-2a146949:132fa89547f:-784a','ACTIVE','605-1','PLUMBING INSTALLATION FEE',NULL,'REVENUE','GENERAL','01','GENERAL PROPER',0.00,'ANY',NULL,NULL,NULL,0,0,0),('IA-2a146949:132fa89547f:-79e0','ACTIVE','605-3D','COCKPIT PROMOTERS',NULL,'REVENUE','GENERAL','01','GENERAL PROPER',0.00,'ANY',NULL,NULL,NULL,0,0,0),('IA-2a146949:132fa89547f:-79ea','ACTIVE','605-3D','COCKPIT CASHIER',NULL,'REVENUE','GENERAL','01','GENERAL PROPER',0.00,'ANY',NULL,NULL,NULL,0,0,0),('IA-2a146949:132fa89547f:-79ed','ACTIVE','605-3D','COCKPIT BET MANAGER',NULL,'REVENUE','GENERAL','01','GENERAL PROPER',0.00,'ANY',NULL,NULL,NULL,0,0,0),('IA-2a146949:132fa89547f:-79f0','ACTIVE','605-3D','COCKPIT MATCH MAKER FEE',NULL,'REVENUE','GENERAL','01','GENERAL PROPER',0.00,'ANY',NULL,NULL,NULL,0,0,0),('IA-2eed29d1:133a48506a4:-7ecc','ACTIVE','637','SLAUGHTER FEE',NULL,'REVENUE','GENERAL','01','GENERAL PROPER',0.00,'ANY',NULL,NULL,NULL,0,0,0),('IA-332951d7:14b09e283fe:-7b61','ACTIVE','418','PTR INTEREST',NULL,'REVENUE','GENERAL','01','GENERAL PROPER',0.00,'ANY',NULL,NULL,NULL,0,0,0),('IA-332951d7:14b09e283fe:-7b64','ACTIVE','418','PTR SURCHARGE',NULL,'REVENUE','GENERAL','01','GENERAL PROPER',0.00,'ANY',NULL,NULL,NULL,0,0,0),('IA-33d158fa:146640acf79:-7d72','ACTIVE','605-1','BLDG. CONST. FEE',NULL,'REVENUE','GENERAL','01','GENERAL PROPER',0.00,'ANY',NULL,NULL,NULL,0,0,0),('IA-33d158fa:146640acf79:-7ea3','ACTIVE','605-1','BLDG. ELECTRICAL INSTALLATION FEE',NULL,'REVENUE','GENERAL','01','GENERAL PROPER',0.00,'ANY',NULL,NULL,NULL,0,0,0),('IA-33d158fa:146640acf79:-7fb4','ACTIVE','605-1','BLDG. INSPECTION FEE',NULL,'REVENUE','GENERAL','01','GENERAL PROPER',0.00,'ANY',NULL,NULL,NULL,0,0,0),('IA-33d158fa:146640acf79:-7fbf','ACTIVE','605-1','BLDG. OCCUPANCY FEE',NULL,'REVENUE','GENERAL','01','GENERAL PROPER',0.00,'ANY',NULL,NULL,NULL,0,0,0),('IA-37a937e1:1331967d90b:-7b05','ACTIVE','613-2','TAX CLEARANCE',NULL,'REVENUE','GENERAL','01','GENERAL PROPER',100.00,'ANY',NULL,NULL,NULL,0,0,0),('IA-442b836f:13b81fe72b4:-7fc0','ACTIVE','416-1','LIVESTOCK DEVT. FUND (CARABAO/COW)',NULL,'REVENUE','GENERAL','01','GENERAL PROPER',0.00,'ANY',NULL,NULL,NULL,0,0,0),('IA-442b836f:13b81fe72b4:-7fec','ACTIVE','605-3D','MAYOR\'S PERMIT FEE',NULL,'REVENUE','GENERAL','01','GENERAL PROPER',0.00,'ANY',NULL,NULL,NULL,0,0,0),('IA-47cd2633:1386e1fd26f:-7d0b','ACTIVE','606-3','DOG VACCINATION (MUN. SHARE)',NULL,'REVENUE','GENERAL','01','GENERAL PROPER',0.00,'ANY',NULL,NULL,NULL,0,0,0),('IA-496343d5:135791be61b:-7cce','ACTIVE','608-3','REGISTRATION OF AFFIRMED PETITION',NULL,'REVENUE','GENERAL','01','GENERAL PROPER',0.00,'ANY',NULL,NULL,NULL,0,0,0),('IA-4f8321bf:13c4ad81729:-58ed','ACTIVE','648-2','MARKET OCCUPANCY FEE',NULL,'REVENUE','GENERAL','01','GENERAL PROPER',0.00,'ANY',NULL,NULL,NULL,0,0,0),('IA-50c902c4:13618ba172f:-7dda','ACTIVE','418-1','TRANSFER FEE',NULL,'REVENUE','GENERAL','01','GENERAL PROPER',0.00,'ANY',NULL,NULL,NULL,0,0,0),('IA-52a8262c:132f0315d2e:-7b84','ACTIVE','613-5','POLICE CLEARANCE',NULL,'REVENUE','GENERAL','01','GENERAL PROPER',0.00,'ANY',NULL,NULL,NULL,0,0,0),('IA-52a8262c:132f0315d2e:-7bef','ACTIVE','613-7','MARRIAGE CERTIFICATE',NULL,'REVENUE','GENERAL','01','GENERAL PROPER',0.00,'ANY',NULL,NULL,NULL,0,0,0),('IA-52a8262c:132f0315d2e:-7c44','ACTIVE','582-1','TAX ON WHOLESALERS',NULL,'REVENUE','GENERAL','01','GENERAL PROPER',0.00,'ANY',NULL,NULL,NULL,0,0,0),('IA-52a8262c:132f0315d2e:-7c47','ACTIVE','582-1','TAX ON SERVICES',NULL,'REVENUE','GENERAL','01','GENERAL PROPER',0.00,'ANY',NULL,NULL,NULL,0,0,0),('IA-52a8262c:132f0315d2e:-7c4a','ACTIVE','582-1','TAX ON PROCESSORS',NULL,'REVENUE','GENERAL','01','GENERAL PROPER',0.00,'ANY',NULL,NULL,NULL,0,0,0),('IA-52a8262c:132f0315d2e:-7c4d','ACTIVE','582-1','TAX ON PEDDLERS',NULL,'REVENUE','GENERAL','01','GENERAL PROPER',0.00,'ANY',NULL,NULL,NULL,0,0,0),('IA-52a8262c:132f0315d2e:-7c50','ACTIVE','582-1','TAX ON EXPORTERS',NULL,'REVENUE','GENERAL','01','GENERAL PROPER',0.00,'ANY',NULL,NULL,NULL,0,0,0),('IA-52a8262c:132f0315d2e:-7c56','ACTIVE','582-1','TAX ON DISTRIBUTORS',NULL,'REVENUE','GENERAL','01','GENERAL PROPER',0.00,'ANY',NULL,NULL,NULL,0,0,0),('IA-52a8262c:132f0315d2e:-7c5b','ACTIVE','582-1','TAX ON DEALERS',NULL,'REVENUE','GENERAL','01','GENERAL PROPER',0.00,'ANY',NULL,NULL,NULL,0,0,0),('IA-52a8262c:132f0315d2e:-7c5e','ACTIVE','582-1','TAX ON ASSEMBLERS',NULL,'REVENUE','GENERAL','01','GENERAL PROPER',0.00,'ANY',NULL,NULL,NULL,0,0,0),('IA-52a8262c:132f0315d2e:-7e23','ACTIVE','678-4','SALE OF NEWSPAPERS',NULL,'REVENUE','GENERAL','01','GENERAL PROPER',0.00,'ANY',NULL,NULL,NULL,0,0,0),('IA-52a8262c:132f0315d2e:-7e29','ACTIVE','606-3','DOG REG. (MUN SHARE)',NULL,'REVENUE','GENERAL','01','GENERAL PROPER',0.00,'ANY',NULL,NULL,NULL,0,0,0),('IA-52a8262c:132f0315d2e:-7e31','ACTIVE','642-1','DUMP TRUCK RENTAL',NULL,'REVENUE','GENERAL','01','GENERAL PROPER',0.00,'ANY',NULL,NULL,NULL,0,0,0),('IA-52a8262c:132f0315d2e:-7e36','ACTIVE','642-1','BACKHOE RENTAL',NULL,'REVENUE','GENERAL','01','GENERAL PROPER',0.00,'ANY',NULL,NULL,NULL,0,0,0),('IA-52a8262c:132f0315d2e:-7e39','ACTIVE','642-2','CHAIRS RENTAL',NULL,'REVENUE','GENERAL','01','GENERAL PROPER',0.00,'ANY',NULL,NULL,NULL,0,0,0),('IA-52a8262c:132f0315d2e:-7e48','ACTIVE','642-3','GYM RENTAL',NULL,'REVENUE','GENERAL','01','GENERAL PROPER',0.00,'ANY',NULL,NULL,NULL,0,0,0),('IA-52a8262c:132f0315d2e:-7e5b','ACTIVE','636-1','MARKET BLOCK RENTAL',NULL,'REVENUE','GENERAL','01','GENERAL PROPER',0.00,'ANY',NULL,NULL,NULL,0,0,0),('IA-52a8262c:132f0315d2e:-7e6a','ACTIVE','633','CEMETERY RENTAL',NULL,'REVENUE','GENERAL','01','GENERAL PROPER',0.00,'ANY',NULL,NULL,NULL,0,0,0),('IA-52a8262c:132f0315d2e:-7e70','ACTIVE','613-1','MAYOR\'S CLEARANCE',NULL,'REVENUE','GENERAL','01','GENERAL PROPER',0.00,'ANY',NULL,NULL,NULL,0,0,0),('IA-52a8262c:132f0315d2e:-7e7a','ACTIVE','613-3','TAX DECLARATION',NULL,'REVENUE','GENERAL','01','GENERAL PROPER',50.00,'ANY',NULL,NULL,NULL,0,0,0),('IA-52a8262c:132f0315d2e:-7e83','ACTIVE','613-3','VICINITY MAP',NULL,'REVENUE','GENERAL','01','GENERAL PROPER',200.00,'ANY',NULL,NULL,NULL,0,0,0),('IA-52a8262c:132f0315d2e:-7e8a','ACTIVE','613-3','SKETCH PLAN',NULL,'REVENUE','GENERAL','01','GENERAL PROPER',75.00,'ANY',NULL,NULL,NULL,0,0,0),('IA-52a8262c:132f0315d2e:-7e8d','ACTIVE','613-3','CERT. TRUE COPY (TAX DEC)',NULL,'REVENUE','GENERAL','01','GENERAL PROPER',50.00,'ANY',NULL,NULL,NULL,0,0,0),('IA-52a8262c:132f0315d2e:-7e90','ACTIVE','628-4','MEDICAL CERTIFICATE',NULL,'REVENUE','GENERAL','01','GENERAL PROPER',75.00,'ANY',NULL,NULL,NULL,0,0,0),('IA-52a8262c:132f0315d2e:-7e93','ACTIVE','628-4','MEDICOLEGAL FEE',NULL,'REVENUE','GENERAL','01','GENERAL PROPER',100.00,'ANY',NULL,NULL,NULL,0,0,0),('IA-52a8262c:132f0315d2e:-7e97','ACTIVE','628-4','SANITARY FEE',NULL,'REVENUE','GENERAL','01','GENERAL PROPER',0.00,'ANY',NULL,NULL,NULL,0,0,0),('IA-52a8262c:132f0315d2e:-7e9e','ACTIVE','613-7','ENDORSEMENT FEE',NULL,'REVENUE','GENERAL','01','GENERAL PROPER',0.00,'ANY',NULL,NULL,NULL,0,0,0),('IA-52a8262c:132f0315d2e:-7ea3','ACTIVE','613-7','CERTIFICATION (DESTROYED)',NULL,'REVENUE','GENERAL','01','GENERAL PROPER',0.00,'ANY',NULL,NULL,NULL,0,0,0),('IA-52a8262c:132f0315d2e:-7ea8','ACTIVE','613-7','FILING FEE',NULL,'REVENUE','GENERAL','01','GENERAL PROPER',0.00,'ANY',NULL,NULL,NULL,0,0,0),('IA-52a8262c:132f0315d2e:-7eab','ACTIVE','608-2','BREQS SERVICE FEE',NULL,'REVENUE','GENERAL','01','GENERAL PROPER',200.00,'ANY',NULL,NULL,NULL,0,0,0),('IA-52a8262c:132f0315d2e:-7eb0','ACTIVE','608-3','ACKNOWLEDGEMENT FEE',NULL,'REVENUE','GENERAL','01','GENERAL PROPER',0.00,'ANY',NULL,NULL,NULL,0,0,0),('IA-52a8262c:132f0315d2e:-7ebd','ACTIVE','613-7','DEATH CERTIFICATE',NULL,'REVENUE','GENERAL','01','GENERAL PROPER',0.00,'ANY',NULL,NULL,NULL,0,0,0),('IA-52a8262c:132f0315d2e:-7ec2','ACTIVE','613-7','BIRTH CERTIFICATE (ABROAD)',NULL,'REVENUE','GENERAL','01','GENERAL PROPER',0.00,'ANY',NULL,NULL,NULL,0,0,0),('IA-52a8262c:132f0315d2e:-7ec7','ACTIVE','613-7','BIRTH CERTIFICATE (LOCAL)',NULL,'REVENUE','GENERAL','01','GENERAL PROPER',0.00,'ANY',NULL,NULL,NULL,0,0,0),('IA-52a8262c:132f0315d2e:-7eca','ACTIVE','613-1','SUBSCRIPTION FEE',NULL,'REVENUE','GENERAL','01','GENERAL PROPER',0.00,'ANY',NULL,NULL,NULL,0,0,0),('IA-52a8262c:132f0315d2e:-7ed0','ACTIVE','418-1','VERIFICATION FEE',NULL,'REVENUE','GENERAL','01','GENERAL PROPER',75.00,'ANY',NULL,NULL,NULL,0,0,0),('IA-52a8262c:132f0315d2e:-7ed4','ACTIVE','678-4','POUNDAGE FEE',NULL,'REVENUE','GENERAL','01','GENERAL PROPER',0.00,'ANY',NULL,NULL,NULL,0,0,0),('IA-52a8262c:132f0315d2e:-7ed9','ACTIVE','613-5','POLICE EXTRACTION FEE',NULL,'REVENUE','GENERAL','01','GENERAL PROPER',100.00,'ANY',NULL,NULL,NULL,0,0,0),('IA-52a8262c:132f0315d2e:-7edf','ACTIVE','613-5','POLICE CLEARANCE (PASSPORT/VISA)',NULL,'REVENUE','GENERAL','01','GENERAL PROPER',300.00,'ANY',NULL,NULL,NULL,0,0,0),('IA-52a8262c:132f0315d2e:-7ee2','ACTIVE','613-5','POLICE CLEARANCE (EMPLOYMENT, SCHOOL)',NULL,'REVENUE','GENERAL','01','GENERAL PROPER',75.00,'ANY',NULL,NULL,NULL,0,0,0),('IA-52a8262c:132f0315d2e:-7ef0','ACTIVE','613-5','INSPECTION FEE (TRICYCLE)',NULL,'REVENUE','GENERAL','01','GENERAL PROPER',0.00,'ANY',NULL,NULL,NULL,0,0,0),('IA-52a8262c:132f0315d2e:-7ef6','ACTIVE','608-3','CIVIL REG. FEE (MARRIAGE)',NULL,'REVENUE','GENERAL','01','GENERAL PROPER',0.00,'ANY',NULL,NULL,NULL,0,0,0),('IA-52a8262c:132f0315d2e:-7ef9','ACTIVE','606-2','CATTLE/ANIMAL REG. FEE',NULL,'REVENUE','GENERAL','01','GENERAL PROPER',0.00,'ANY',NULL,NULL,NULL,0,0,0),('IA-52a8262c:132f0315d2e:-7f0a','ACTIVE','605-3A','TRICYCLE OPTR. PERMIT FEE',NULL,'REVENUE','GENERAL','01','GENERAL PROPER',0.00,'ANY',NULL,NULL,NULL,0,0,0),('IA-52a8262c:132f0315d2e:-7f1d','ACTIVE','605-1','ELECTRICAL FEE',NULL,'REVENUE','GENERAL','01','GENERAL PROPER',0.00,'ANY',NULL,NULL,NULL,0,0,0),('IA-52a8262c:132f0315d2e:-7f22','ACTIVE','605-1','BLDG. PERMIT FEE',NULL,'REVENUE','GENERAL','01','GENERAL PROPER',0.00,'ANY',NULL,NULL,NULL,0,0,0),('IA-52a8262c:132f0315d2e:-7f25','ACTIVE','605-2','PERMIT TO TRANSFER',NULL,'REVENUE','GENERAL','01','GENERAL PROPER',0.00,'ANY',NULL,NULL,NULL,0,0,0),('IA-52a8262c:132f0315d2e:-7f30','ACTIVE','605-2','BURIAL FEE',NULL,'REVENUE','GENERAL','01','GENERAL PROPER',0.00,'ANY',NULL,NULL,NULL,0,0,0),('IA-52a8262c:132f0315d2e:-7f3f','ACTIVE','605-1','EXCAVATION FEE',NULL,'REVENUE','GENERAL','01','GENERAL PROPER',0.00,'ANY',NULL,NULL,NULL,0,0,0),('IA-52a8262c:132f0315d2e:-7f45','ACTIVE','605-2','EXHUMATION FEE',NULL,'REVENUE','GENERAL','01','GENERAL PROPER',0.00,'ANY',NULL,NULL,NULL,0,0,0),('IA-52a8262c:132f0315d2e:-7f58','ACTIVE','606-1','FRANCHISING AND LICENSING FEE',NULL,'REVENUE','GENERAL','01','GENERAL PROPER',0.00,'ANY',NULL,NULL,NULL,0,0,0),('IA-52a8262c:132f0315d2e:-7f7b','ACTIVE','601','WEIGHTS AND MEASURES',NULL,'REVENUE','GENERAL','01','GENERAL PROPER',0.00,'ANY',NULL,NULL,NULL,0,0,0),('IA-53b390e5:141240a719b:-7a8b','ACTIVE','608-3','ANNULMENT OF MARRIAGE',NULL,'REVENUE','GENERAL','01','GENERAL PROPER',0.00,'ANY',NULL,NULL,NULL,0,0,0),('IA-5843fc0e:13bfd8d9f6d:-7f3e','ACTIVE','605-3A','OCCUPATION FEE',NULL,'REVENUE','GENERAL','01','GENERAL PROPER',0.00,'ANY',NULL,NULL,NULL,0,0,0),('IA-61ecb4ef:141ecd1c65d:-7ec8','ACTIVE','605-1','BLDG. ACCESSORIES FEE',NULL,'REVENUE','GENERAL','01','GENERAL PROPER',0.00,'ANY',NULL,NULL,NULL,0,0,0),('IA-62482182:13b20262016:-7f86','ACTIVE','608-3','REGISTRATION OF ADMISSION OF PATERNITY',NULL,'REVENUE','GENERAL','01','GENERAL PROPER',200.00,'FIXED',NULL,NULL,NULL,0,0,0),('IA-65b58d03:14a50757209:-793c','ACTIVE','678-4','SALE OF ACCOUNTABLE FORM (51)',NULL,'REVENUE','GENERAL','01','GENERAL PROPER',160.00,'ANY',NULL,NULL,NULL,0,0,0),('IA-66ac8cda:1333de6f517:-7cdb','ACTIVE','608-3','REGISTRATION OF ADOPTION',NULL,'REVENUE','GENERAL','01','GENERAL PROPER',0.00,'ANY',NULL,NULL,NULL,0,0,0),('IA-796f301e:1330f170bdc:-7a0f','ACTIVE','613-7','BIRTH CERT. (DESTROYED)',NULL,'REVENUE','GENERAL','01','GENERAL PROPER',0.00,'ANY',NULL,NULL,NULL,0,0,0),('IA-796f301e:1330f170bdc:-7cf7','ACTIVE','605-2','TRANSFER OF CADAVER',NULL,'REVENUE','GENERAL','01','GENERAL PROPER',0.00,'ANY',NULL,NULL,NULL,0,0,0),('IA-796f301e:1330f170bdc:-7d42','ACTIVE','613-7','PARENTAL ADVICE',NULL,'REVENUE','GENERAL','01','GENERAL PROPER',0.00,'ANY',NULL,NULL,NULL,0,0,0),('IA-8b4bbe3:133c880797a:-7b7d','ACTIVE','416-1','LIVESTOCK DEV. FUND',NULL,'REVENUE','GENERAL','01','GENERAL PROPER',0.00,'ANY',NULL,NULL,NULL,0,0,0),('IA1336d807:1362d647910:-7d85','ACTIVE','608-3','REGISTRATION OF LEGITIMATION',NULL,'REVENUE','GENERAL','01','GENERAL PROPER',300.00,'FIXED',NULL,NULL,NULL,0,0,0),('IA1336d807:1362d647910:-7d8c','ACTIVE','613-7','CIVIL REGISTRY FORM 1A',NULL,'REVENUE','GENERAL','01','GENERAL PROPER',0.00,'ANY',NULL,NULL,NULL,0,0,0),('IA158d54df:13acdc6af02:-7a27','ACTIVE','628-3','PENALTY - ILLEGAL PARKING',NULL,'REVENUE','GENERAL','01','GENERAL PROPER',0.00,'ANY',NULL,NULL,NULL,0,0,0),('IA158d54df:13acdc6af02:-7a88','ACTIVE','628-3','PENALTY - OTHER VIOLATION',NULL,'REVENUE','GENERAL','01','GENERAL PROPER',0.00,'ANY',NULL,NULL,NULL,0,0,0),('IA181e445b:1467dd4be7a:-7eeb','ACTIVE','605-1','BLDG. PLUMBING FEE',NULL,'REVENUE','GENERAL','01','GENERAL PROPER',0.00,'ANY',NULL,NULL,NULL,0,0,0),('IA26b13b6a:1349ba9d621:-7e4b','ACTIVE','418-1','PROFESSIONAL TAX RECEIPT',NULL,'REVENUE','GENERAL','01','GENERAL PROPER',0.00,'ANY',NULL,NULL,NULL,0,0,0),('IA295e7ba0:134c4e95637:-7c49','ACTIVE','628-3','PENALTY - EXPIRED DRIVER\'S LICENSE',NULL,'REVENUE','GENERAL','01','GENERAL PROPER',100.00,'ANY',NULL,NULL,NULL,0,0,0),('IA2e43a9f4:148c3bd62cc:-7dfe','ACTIVE','613-5','POLICE BLOTTER',NULL,'REVENUE','GENERAL','01','GENERAL PROPER',100.00,'ANY',NULL,NULL,NULL,0,0,0),('IA32902552:134ab29a375:-7970','ACTIVE','583-3','COMM. TAX - CORPORATION',NULL,'REVENUE','GENERAL','01','GENERAL PROPER',0.00,'ANY',NULL,NULL,NULL,0,0,0),('IA3e662815:1480f809449:-7dc9','ACTIVE','104','REPLENISHMENT OF PETTY CASH',NULL,'REVENUE','GENERAL','01','GENERAL PROPER',0.00,'ANY',NULL,NULL,NULL,0,0,0),('IA41526fbf:136044318ed:-79b3','ACTIVE','608-3','REGISTRATION OF MARRIAGE',NULL,'REVENUE','GENERAL','01','GENERAL PROPER',0.00,'ANY',NULL,NULL,NULL,0,0,0),('IA484dcff9:13366a1c3d1:-7df3','ACTIVE','648-1','SALE OF BIDDING DOCUMENTS',NULL,'REVENUE','GENERAL','01','GENERAL PROPER',0.00,'ANY',NULL,NULL,NULL,0,0,0),('IA484dcff9:13366a1c3d1:-7e03','ACTIVE','582-1','COCKPIT ANNUAL TAX',NULL,'REVENUE','GENERAL','01','GENERAL PROPER',0.00,'ANY',NULL,NULL,NULL,0,0,0),('IA484dcff9:13366a1c3d1:-7e29','ACTIVE','605-3D','COCKPIT GAFFERS FEE',NULL,'REVENUE','GENERAL','01','GENERAL PROPER',0.00,'ANY',NULL,NULL,NULL,0,0,0),('IA484dcff9:13366a1c3d1:-7f6a','ACTIVE','605-3D','COCKPIT PIT MANAGER',NULL,'REVENUE','GENERAL','01','GENERAL PROPER',0.00,'ANY',NULL,NULL,NULL,0,0,0),('IA48a83463:133a984f156:-7d6b','ACTIVE','628-3','PENALTY - UNREGISTERED MOTOR VEHICLE',NULL,'REVENUE','GENERAL','01','GENERAL PROPER',200.00,'ANY',NULL,NULL,NULL,0,0,0),('IA4dfadde2:132ec81be1e:-7e4c','ACTIVE','582-1','BUSINESS TAX',NULL,'REVENUE','GENERAL','01','GENERAL PROPER',0.00,'ANY',NULL,NULL,NULL,0,0,0),('IA4dfadde2:132ec81be1e:-7e50','ACTIVE','582-3','BUSINESS INTEREST',NULL,'REVENUE','GENERAL','01','GENERAL PROPER',0.00,'ANY',NULL,NULL,NULL,0,0,0),('IA4dfadde2:132ec81be1e:-7e53','ACTIVE','582-1','TAX ON CONTRACTORS',NULL,'REVENUE','GENERAL','01','GENERAL PROPER',0.00,'ANY',NULL,NULL,NULL,0,0,0),('IA4dfadde2:132ec81be1e:-7e56','ACTIVE','582-1','TAX ON FINANCIAL INSTITUTION',NULL,'REVENUE','GENERAL','01','GENERAL PROPER',0.00,'ANY',NULL,NULL,NULL,0,0,0),('IA4dfadde2:132ec81be1e:-7e64','ACTIVE','582-1','TAX ON MANUFACTURER',NULL,'REVENUE','GENERAL','01','GENERAL PROPER',0.00,'ANY',NULL,NULL,NULL,0,0,0),('IA4dfadde2:132ec81be1e:-7e67','ACTIVE','582-1','RETAILERS TAX',NULL,'REVENUE','GENERAL','01','GENERAL PROPER',0.00,'ANY',NULL,NULL,NULL,0,0,0),('IA4dfadde2:132ec81be1e:-7e6a','ACTIVE','418','AMUSEMENT TAX- PROV SHARE',NULL,'REVENUE','GENERAL','01','GENERAL PROPER',0.00,'ANY',NULL,NULL,NULL,0,0,0),('IA4dfadde2:132ec81be1e:-7e7b','ACTIVE','605-3D','MAYOR\'S PERMIT',NULL,'REVENUE','GENERAL','01','GENERAL PROPER',0.00,'ANY',NULL,NULL,NULL,0,0,0),('IA512e2e44:134bfaa3f6c:-766c','ACTIVE','613-7','PARENTAL CONSENT',NULL,'REVENUE','GENERAL','01','GENERAL PROPER',0.00,'ANY',NULL,NULL,NULL,0,0,0),('IA515ad9d3:1333836da76:-7d22','ACTIVE','628-3','PENALTY - DRUNKENNESS / LIQUOR',NULL,'REVENUE','GENERAL','01','GENERAL PROPER',700.00,'ANY',NULL,NULL,NULL,0,0,0),('IA52d15ba4:14722987eec:-7e10','ACTIVE','628-4','TOOTH EXTRACTION',NULL,'REVENUE','GENERAL','01','GENERAL PROPER',0.00,'ANY',NULL,NULL,NULL,0,0,0),('IA5b9ef97a:132f564c005:-7aa5','ACTIVE','591-4','SEF PREVIOUS INTEREST',NULL,'REVENUE','SEF','02','SEF PROPER',0.00,'ANY',NULL,NULL,NULL,0,0,0),('IA5b9ef97a:132f564c005:-7aa9','ACTIVE','591-3','SEF CURRENT INTEREST',NULL,'REVENUE','SEF','02','SEF PROPER',0.00,'ANY',NULL,NULL,NULL,0,0,0),('IA5b9ef97a:132f564c005:-7ab5','ACTIVE','588-1','BASIC CURRENT',NULL,'REVENUE','GENERAL','01','GENERAL PROPER',0.00,'ANY',NULL,NULL,NULL,0,0,0),('IA5b9ef97a:132f564c005:-7abb','ACTIVE','588-2','BASIC PREVIOUS INTEREST',NULL,'REVENUE','GENERAL','01','GENERAL PROPER',0.00,'ANY',NULL,NULL,NULL,0,0,0),('IA5b9ef97a:132f564c005:-7ac3','ACTIVE','588-3','BASIC CURRENT INTEREST',NULL,'REVENUE','GENERAL','01','GENERAL PROPER',0.00,'ANY',NULL,NULL,NULL,0,0,0),('IA5b9ef97a:132f564c005:-7b29','ACTIVE','588-2','BASIC PREVIOUS',NULL,'REVENUE','GENERAL','01','GENERAL PROPER',0.00,'ANY',NULL,NULL,NULL,0,0,0),('IA5b9ef97a:132f564c005:-7b69','ACTIVE','591-2','SEF PREVIOUS',NULL,'REVENUE','SEF','02','SEF PROPER',0.00,'ANY',NULL,NULL,NULL,0,0,0),('IA5b9ef97a:132f564c005:-7b81','ACTIVE','591-1','SEF CURRENT',NULL,'REVENUE','SEF','02','SEF PROPER',0.00,'ANY',NULL,NULL,NULL,0,0,0),('IA5b9ef97a:132f564c005:-7b94','ACTIVE','648-8','STICKER',NULL,'REVENUE','GENERAL','01','GENERAL PROPER',0.00,'ANY',NULL,NULL,NULL,0,0,0),('IA5b9ef97a:132f564c005:-7e38','ACTIVE','605-3D','COCKPIT ARENA MANAGER',NULL,'REVENUE','GENERAL','01','GENERAL PROPER',0.00,'ANY',NULL,NULL,NULL,0,0,0),('IA5b9ef97a:132f564c005:-7e3b','ACTIVE','605-3D','COCKPIT BET TAKERS FEE',NULL,'REVENUE','GENERAL','01','GENERAL PROPER',0.00,'ANY',NULL,NULL,NULL,0,0,0),('IA5b9ef97a:132f564c005:-7e40','ACTIVE','605-3D','COCKFPIT GAFFERS FEE',NULL,'REVENUE','GENERAL','01','GENERAL PROPER',0.00,'ANY',NULL,NULL,NULL,0,0,0),('IA5b9ef97a:132f564c005:-7e44','ACTIVE','605-3D','COCKPIT REFEREE FEE',NULL,'REVENUE','GENERAL','01','GENERAL PROPER',0.00,'ANY',NULL,NULL,NULL,0,0,0),('IA5b9ef97a:132f564c005:-7fb2','ACTIVE','416-1','ANTE MORTEM (CARABAO/COW)',NULL,'REVENUE','GENERAL','01','GENERAL PROPER',0.00,'ANY',NULL,NULL,NULL,0,0,0),('IA5b9ef97a:132f564c005:-7fbe','ACTIVE','628-4','FAMILY PLANN. SEM. FEE',NULL,'REVENUE','GENERAL','01','GENERAL PROPER',0.00,'ANY',NULL,NULL,NULL,0,0,0),('IA5b9ef97a:132f564c005:-7fc1','ACTIVE','613-7','COUNSELLING FEE',NULL,'REVENUE','GENERAL','01','GENERAL PROPER',0.00,'ANY',NULL,NULL,NULL,0,0,0),('IA5b9ef97a:132f564c005:-7fc4','ACTIVE','613-7','SOLEMNIZATION FEE',NULL,'REVENUE','GENERAL','01','GENERAL PROPER',0.00,'ANY',NULL,NULL,NULL,0,0,0),('IA5b9ef97a:132f564c005:-7fc7','ACTIVE','608-1','MARRIAGE LICENSE FEE',NULL,'REVENUE','GENERAL','01','GENERAL PROPER',0.00,'ANY',NULL,NULL,NULL,0,0,0),('IA5b9ef97a:132f564c005:-7fcb','ACTIVE','608-1','MARRIAGE APPLICATION FEE',NULL,'REVENUE','GENERAL','01','GENERAL PROPER',0.00,'ANY',NULL,NULL,NULL,0,0,0),('IA5c848a78:13e8ba8e9dd:-7fd9','ACTIVE','613-1','SECRETARY\'S FEE',NULL,'REVENUE','GENERAL','01','GENERAL PROPER',0.00,'ANY',NULL,NULL,NULL,0,0,0),('IA5cd4bd5a:1362837b46a:-7b90','ACTIVE','606-2','LARGE CATTLE TRANSFER',NULL,'REVENUE','GENERAL','01','GENERAL PROPER',0.00,'ANY',NULL,NULL,NULL,0,0,0),('IA5cd4bd5a:1362837b46a:-7b95','ACTIVE','606-2','LARGE CATTLE OWNERSHIP',NULL,'REVENUE','GENERAL','01','GENERAL PROPER',0.00,'ANY',NULL,NULL,NULL,0,0,0),('IA5f138be2:1350d05b4b7:-791a','ACTIVE','582-2','BUSINESS SURCHARGE',NULL,'REVENUE','GENERAL','01','GENERAL PROPER',0.00,'ANY',NULL,NULL,NULL,0,0,0),('IA6248e3e0:134a0c5bd77:-79b9','ACTIVE','606-3','REGISTRATION OF FISHING VESSEL',NULL,'REVENUE','GENERAL','01','GENERAL PROPER',0.00,'ANY',NULL,NULL,NULL,0,0,0),('IA6248e3e0:134a0c5bd77:-7e95','ACTIVE','613-7','BIRTH CERTIFICATE',NULL,'REVENUE','GENERAL','01','GENERAL PROPER',0.00,'ANY',NULL,NULL,NULL,0,0,0),('IA66fbdbd7:13b6d6befa1:-7ff6','ACTIVE','608-3','REGISTRATION - AUSF',NULL,'REVENUE','GENERAL','01','GENERAL PROPER',0.00,'ANY',NULL,NULL,NULL,0,0,0),('IA67874eef:1389741a5bd:-7dc4','ACTIVE','613-7','AUTHENTICATION FEE',NULL,'REVENUE','GENERAL','01','GENERAL PROPER',0.00,'ANY',NULL,NULL,NULL,0,0,0),('IA6cf1d4c9:13c7e4dc01f:-78d7','ACTIVE','678-4','SALE OF USED TIRES',NULL,'REVENUE','GENERAL','01','GENERAL PROPER',0.00,'ANY',NULL,NULL,NULL,0,0,0),('IA6f3d541b:132ffab254b:-7b3a','ACTIVE','608-3','LATE REGISTRATION FEE',NULL,'REVENUE','GENERAL','01','GENERAL PROPER',0.00,'ANY',NULL,NULL,NULL,0,0,0),('IA6f3d541b:132ffab254b:-7c93','ACTIVE','605-3D','TRANSPORT FEE',NULL,'REVENUE','GENERAL','01','GENERAL PROPER',0.00,'ANY',NULL,NULL,NULL,0,0,0),('IA6f3d541b:132ffab254b:-7d54','ACTIVE','628-3','PENALTY - NO HELMET (DRIVER)',NULL,'REVENUE','GENERAL','01','GENERAL PROPER',200.00,'ANY',NULL,NULL,NULL,0,0,0),('IA7784cb42:1331e9424ea:-7da8','ACTIVE','583-2','COMM. TAX - IND.',NULL,'REVENUE','GENERAL','01','GENERAL PROPER',0.00,'ANY',NULL,NULL,NULL,0,0,0),('IA7a2d199b:1331f25b22c:-7c8c','ACTIVE','642-1','DUMPTRUCK RENTAL',NULL,'REVENUE','GENERAL','01','GENERAL PROPER',0.00,'ANY',NULL,NULL,NULL,0,0,0),('IA7a2d199b:1331f25b22c:-7e54','ACTIVE','678-4','MISCELLANEOUS FEE',NULL,'REVENUE','GENERAL','01','GENERAL PROPER',0.00,'ANY',NULL,NULL,NULL,0,0,0),('IA7d2f9c81:1333313ada5:-7a52','ACTIVE','608-3','REGISTRATION OF APPROVED PETITION',NULL,'REVENUE','GENERAL','01','GENERAL PROPER',0.00,'ANY',NULL,NULL,NULL,0,0,0),('IA7d2f9c81:1333313ada5:-7a55','ACTIVE','608-3','CERTIFICATE OF FINALITY',NULL,'REVENUE','GENERAL','01','GENERAL PROPER',0.00,'ANY',NULL,NULL,NULL,0,0,0),('IA7d2f9c81:1333313ada5:-7cc8','ACTIVE','628-3','UNREGISTERED MOTOR',NULL,'REVENUE','GENERAL','01','GENERAL PROPER',0.00,'ANY',NULL,NULL,NULL,0,0,0),('IA7d2f9c81:1333313ada5:-7ccf','ACTIVE','628-3','EXPIRED DRIVERS LICENSE',NULL,'REVENUE','GENERAL','01','GENERAL PROPER',0.00,'ANY',NULL,NULL,NULL,0,0,0),('IA7d2f9c81:1333313ada5:-7cd6','ACTIVE','628-3','PENALTY - NO DRIVERS LICENSE',NULL,'REVENUE','GENERAL','01','GENERAL PROPER',200.00,'ANY',NULL,NULL,NULL,0,0,0),('IA7d2f9c81:1333313ada5:-7db6','ACTIVE','613-3','CERTIFIED TRUE COPY',NULL,'REVENUE','GENERAL','01','GENERAL PROPER',0.00,'ANY',NULL,NULL,NULL,0,0,0),('IAd8fc64e:13d90236ff0:-7f5c','ACTIVE','636-3','MARKET FEES',NULL,'REVENUE','GENERAL','01','GENERAL PROPER',0.00,'ANY',NULL,NULL,NULL,0,0,0),('IAfaa79d3:13c17534783:-6981','ACTIVE','605-1','FENCING',NULL,'REVENUE','GENERAL','01','GENERAL PROPER',0.00,'ANY',NULL,NULL,NULL,0,0,0),('IAfaa79d3:13c17534783:-6984','ACTIVE','605-1','LINE & GRADE FEE',NULL,'REVENUE','GENERAL','01','GENERAL PROPER',0.00,'ANY',NULL,NULL,NULL,0,0,0),('ITMACCT-1315162f:172b53e8066:-6d7c','ACTIVE','628-3A','ADMINISTRATIVE FINES - ILLEGAL FISHING',NULL,'REVENUE','GENERAL','01','GENERAL PROPER',0.00,'ANY',NULL,NULL,NULL,0,0,0),('ITMACCT-1315162f:172b53e8066:-6de6','ACTIVE','439','(TF) PENALTY - ILLEGAL FISHING',NULL,'REVENUE','TRUST','03','TRUST PROPER',0.00,'ANY',NULL,NULL,NULL,0,0,0),('ITMACCT-1cf5626b:17fb48ac669:-7854','ACTIVE','-','HOSPITAL - DOCTOR FEE',NULL,'REVENUE','FUND-1cf5626b:17fb48ac669:-7c2e','HP','HOSPITAL PHIC POOLING',0.00,'ANY',NULL,NULL,NULL,0,0,0),('ITMACCT-1cf5626b:17fb48ac669:-7928','ACTIVE','-','HOSPITAL - ROOM AND BOARD',NULL,'REVENUE','FUND-1cf5626b:17fb48ac669:-7bfa','HPC','HOSPITAL PHIC CHARGES',0.00,'ANY',NULL,NULL,NULL,0,0,0),('ITMACCT-1cf5626b:17fb48ac669:-7979','ACTIVE','-','HOSPITAL FEE - XRAY',NULL,'REVENUE','FUND-1cf5626b:17fb48ac669:-7c65','HA','HOSPITAL',0.00,'ANY',NULL,NULL,NULL,0,0,0),('ITMACCT-2fdae00e:17e8faf2250:-7d01','ACTIVE','608-4','REG. OF FISHING GEAR',NULL,'REVENUE','GENERAL','01','GENERAL PROPER',0.00,'ANY',NULL,NULL,NULL,0,0,0),('ITMACCT-4bb12164:16d8577a4c9:-7929','ACTIVE','670','SHARE FROM STL',NULL,'REVENUE','GENERAL','01','GENERAL PROPER',0.00,'ANY',NULL,NULL,NULL,0,0,0),('ITMACCT-6549f2fe:1707f25c9ee:-3668','ACTIVE','628-3','PENALTY - NO HELMET (DRIVER)',NULL,'REVENUE','GENERAL','01','GENERAL PROPER',200.00,'ANY',NULL,NULL,NULL,0,0,0),('ITMACCT-6549f2fe:1707f25c9ee:-4afa','ACTIVE','628-3','PENALTY - OVERLOADING',NULL,'REVENUE','GENERAL','01','GENERAL PROPER',50.00,'ANY',NULL,NULL,NULL,0,0,0),('ITMACCT-6549f2fe:1707f25c9ee:-4bbe','ACTIVE','628-3','PENALTY - DL NOT CARRIED',NULL,'REVENUE','GENERAL','01','GENERAL PROPER',100.00,'ANY',NULL,NULL,NULL,0,0,0),('ITMACCT-6549f2fe:1707f25c9ee:-503f','ACTIVE','628-3','PENALTY - NO HELMET (BR)',NULL,'REVENUE','GENERAL','01','GENERAL PROPER',100.00,'ANY',NULL,NULL,NULL,0,0,0),('ITMACCT-6ba435fc:17fb59fd2de:-7de4','ACTIVE','-','INTERNAL REVENUE ALLOTMENT',NULL,'REVENUE','GENERAL','01','GENERAL PROPER',0.00,'ANY',NULL,NULL,NULL,0,0,0),('ITMACCT-715ec618:170988f2fee:-475b','ACTIVE','628-3','PENALTY - FAILURE TO CARRY CR',NULL,'REVENUE','GENERAL','01','GENERAL PROPER',100.00,'ANY',NULL,NULL,NULL,0,0,0),('ITMACCT-7c1f77dd:17f4967754f:-79f5','ACTIVE','583-4','COMM. TAX - CORPORATION (PENALTY)',NULL,'REVENUE','GENERAL','01','GENERAL PROPER',0.00,'ANY',NULL,NULL,NULL,0,0,0),('ITMACCT-7c1f77dd:17f4967754f:-7c11','ACTIVE','583-4','COMM. TAX - IND. (PENALTY)',NULL,'REVENUE','GENERAL','01','GENERAL PROPER',0.00,'ANY',NULL,NULL,NULL,0,0,0),('ITMACCT16221e12:17e31c7ee0c:-1ab0','ACTIVE','613-5','POLICE CLEARANCE (ABROAD)',NULL,'REVENUE','GENERAL','01','GENERAL PROPER',300.00,'ANY',NULL,NULL,NULL,0,0,0),('ITMACCT2dd08216:1710f0a8d71:-7a57','ACTIVE','628-3','PENALTY - CURFEW',NULL,'REVENUE','GENERAL','01','GENERAL PROPER',0.00,'ANY',NULL,NULL,NULL,0,0,0),('ITMACCT37270478:17fb4313772:-7b4e','ACTIVE','-','TERMINAL FEE',NULL,'REVENUE','GENERAL','01','GENERAL PROPER',0.00,'ANY',NULL,NULL,NULL,0,0,0),('ITMACCT37270478:17fb4313772:-7b8c','DRAFT','-','PARKING FEE - PIER',NULL,'REVENUE','GENERAL','01','GENERAL PROPER',0.00,'ANY',NULL,NULL,NULL,0,0,0),('ITMACCT37270478:17fb4313772:-7bdd','ACTIVE','-','PARKING FEE',NULL,'REVENUE','GENERAL','01','GENERAL PROPER',0.00,'ANY',NULL,NULL,NULL,0,0,0),('ITMACCT3f2d8485:17e18bb7e62:-71d1','ACTIVE','613-5','POLICE CLERANCE (OTHER PURPOSES)',NULL,'REVENUE','GENERAL','01','GENERAL PROPER',100.00,'ANY',NULL,NULL,NULL,0,0,0),('ITMACCT3f2d8485:17e18bb7e62:-7288','ACTIVE','613-5','POLICE CLEARANCE (CITIZENSHIP APP)',NULL,'REVENUE','GENERAL','01','GENERAL PROPER',1500.00,'ANY',NULL,NULL,NULL,0,0,0),('ITMACCT3f2d8485:17e18bb7e62:-7363','ACTIVE','613-5','POLICE CLEARANCE (CHANGE OF NAME)',NULL,'REVENUE','GENERAL','01','GENERAL PROPER',300.00,'ANY',NULL,NULL,NULL,0,0,0),('ITMACCT3f2d8485:17e18bb7e62:-740a','ACTIVE','613-5','POLICE CLEARANCE (FIRE ARMS)',NULL,'REVENUE','GENERAL','01','GENERAL PROPER',500.00,'ANY',NULL,NULL,NULL,0,0,0),('ITMACCT4dcdfeea:17f486f439e:-5def','DRAFT','588','PAYMENT RPT - BASIC CURRENT',NULL,'REVENUE','GENERAL','01','GENERAL PROPER',0.00,'ANY',NULL,NULL,NULL,0,0,0),('ITMACCT610b926c:1724e4e94f5:-7326','ACTIVE','628-3','PENALTY - NO FACEMASK',NULL,'REVENUE','GENERAL','01','GENERAL PROPER',250.00,'ANY',NULL,NULL,NULL,0,0,0),('ITMACCT6710c4a6:16dd1e20c27:-67a7','ACTIVE','628-3','PENALTY - ILLEGAL GAMBLING',NULL,'REVENUE','GENERAL','01','GENERAL PROPER',0.00,'ANY',NULL,NULL,NULL,0,0,0),('ITMACCT69645b83:17fb646c0b7:-6651','INACTIVE','-','TAX ON SAND AND GRAVEL SHARE',NULL,'PAYABLE','GENERAL','01','GENERAL PROPER',0.00,'ANY',NULL,NULL,NULL,1,0,0),('ITMACCT69645b83:17fb646c0b7:-6651:000','INACTIVE','--000','TAX ON SAND AND GRAVEL SHARE PROVINCE',NULL,'PAYABLE','GENERAL','01','GENERAL PROPER',NULL,NULL,'000','PROVINCE','ITMACCT69645b83:17fb646c0b7:-6651',0,0,0),('ITMACCT69645b83:17fb646c0b7:-6651:00000-0001','INACTIVE','--00000-0001','TAX ON SAND AND GRAVEL SHARE POBLACION',NULL,'PAYABLE','GENERAL','01','GENERAL PROPER',NULL,NULL,'00000-0001','POBLACION','ITMACCT69645b83:17fb646c0b7:-6651',0,0,0),('ITMACCT69645b83:17fb646c0b7:-6651:00000-0002','INACTIVE','--00000-0002','TAX ON SAND AND GRAVEL SHARE GUADALUPE',NULL,'PAYABLE','GENERAL','01','GENERAL PROPER',NULL,NULL,'00000-0002','GUADALUPE','ITMACCT69645b83:17fb646c0b7:-6651',0,0,0),('ITMACCT69645b83:17fb646c0b7:-71cf','ACTIVE','-','TAX ON SAND AND GRAVEL - PROVINCE SHARE',NULL,'PAYABLE','GENERAL','01','GENERAL PROPER',0.00,'ANY','000','PROVINCE','ITMACCTef19a17:17f53af43c4:-7114',0,0,0),('ITMACCT9868a1a:16f1b88d462:-4e43','ACTIVE','633','NICHE RENTAL',NULL,'REVENUE','GENERAL','01','GENERAL PROPER',0.00,'ANY',NULL,NULL,NULL,0,0,0),('ITMACCTef19a17:17f536d2c08:-4227','ACTIVE','613-8','FIRE SAFETY FEE',NULL,'REVENUE','GENERAL','01','GENERAL PROPER',0.00,'ANY',NULL,NULL,NULL,0,0,0),('ITMACCTef19a17:17f536d2c08:-4276','ACTIVE','613-8','FIRE SAFETY INSFESTION FEE',NULL,'REVENUE','GENERAL','01','GENERAL PROPER',0.00,'ANY',NULL,NULL,NULL,0,0,0),('ITMACCTef19a17:17f536d2c08:-42d4','ACTIVE','628-6','SLOID WASTE MANAGEMENT FEE',NULL,'REVENUE','GENERAL','01','GENERAL PROPER',0.00,'ANY',NULL,NULL,NULL,0,0,0),('ITMACCTef19a17:17f53af43c4:-3aed','ACTIVE','605-3','MAYOR\'S PERMIT FEES',NULL,'REVENUE','GENERAL','01','GENERAL PROPER',0.00,'ANY',NULL,NULL,NULL,0,0,0),('ITMACCTef19a17:17f53af43c4:-3b21','DRAFT','605-3C','MAYOR\'S PERMIT- TITT',NULL,'REVENUE','GENERAL','01','GENERAL PROPER',0.00,'ANY',NULL,NULL,NULL,0,0,0),('ITMACCTef19a17:17f53af43c4:-3b55','DRAFT','605-3B','MAYOR\'S PERMIT- MARKET',NULL,'REVENUE','GENERAL','01','GENERAL PROPER',0.00,'ANY',NULL,NULL,NULL,0,0,0),('ITMACCTef19a17:17f53af43c4:-3b8f','DRAFT','6053A','MAYOR\'S PERMIT FEE- BUS',NULL,'REVENUE','GENERAL','01','GENERAL PROPER',0.00,'ANY',NULL,NULL,NULL,0,0,0),('ITMACCTef19a17:17f53af43c4:-7114','ACTIVE','593','TAX ON SAND AND GRAVEL',NULL,'REVENUE','GENERAL','01','GENERAL PROPER',0.00,'ANY',NULL,NULL,NULL,0,0,0),('ITMACCTef19a17:17f53d500c0:-1beb','ACTIVE','636-2C','CASH TICKETS- EXCESS AREA',NULL,'REVENUE','GENERAL','01','GENERAL PROPER',0.00,'ANY',NULL,NULL,NULL,0,0,0),('ITMACCTef19a17:17f53d500c0:-1c35','ACTIVE','636-2B','CASH TICKETS- CR',NULL,'REVENUE','GENERAL','01','GENERAL PROPER',0.00,'ANY',NULL,NULL,NULL,0,0,0),('ITMACCTef19a17:17f53d500c0:-1c7f','ACTIVE','636-2A','CASH TICKETS @ 2',NULL,'REVENUE','GENERAL','01','GENERAL PROPER',0.00,'ANY',NULL,NULL,NULL,0,0,0),('ITMACCTef19a17:17f53d500c0:-1e0b','ACTIVE','636-2A','CASH TICKETS @ 5',NULL,'REVENUE','GENERAL','01','GENERAL PROPER',0.00,'ANY',NULL,NULL,NULL,0,0,0),('ITMACCTef19a17:17f53d500c0:-69d2','ACTIVE','638','TERMINAL FEES',NULL,'REVENUE','GENERAL','01','GENERAL PROPER',0.00,'ANY',NULL,NULL,NULL,0,0,0),('REVITEM-1e77d65e:1609f8b6405:-7e05','ACTIVE','628-6','GARBAGE FEE',NULL,'REVENUE','GENERAL','01','GENERAL PROPER',0.00,'ANY',NULL,NULL,NULL,0,0,0),('REVITEM-2064947e:168df5dfab6:-7c43','ACTIVE','412','DOCUMENTARY STAMP',NULL,'REVENUE','GENERAL','01','GENERAL PROPER',0.00,'ANY',NULL,NULL,NULL,0,0,0),('REVITEM-5e892b95:16d1882ada4:-6f77','ACTIVE','628-3','PENALTY - NO PLATE NO.',NULL,'REVENUE','GENERAL','01','GENERAL PROPER',20.00,'ANY',NULL,NULL,NULL,0,0,0),('REVITEM-7672b6ec:16cdbb9bc48:-7eb4','ACTIVE','678-4','SALE OF CASH TICKETS 5',NULL,'REVENUE','GENERAL','01','GENERAL PROPER',160.00,'ANY',NULL,NULL,NULL,0,0,0),('REVITEM-ca566f8:150d57eace0:-7a4b','ACTIVE','591-4A','RPT SEF PREVIOUS YEAR PENALTY PROV SHARE',NULL,'REVENUE','SEF','02','SEF PROPER',0.00,'ANY',NULL,NULL,NULL,0,0,0),('REVITEM-ca566f8:150d57eace0:-7a95','ACTIVE','588-4A','RPT BASIC PREVIOUS YEAR PENALTY PROV SHARE',NULL,'REVENUE','GENERAL','01','GENERAL PROPER',0.00,'ANY',NULL,NULL,NULL,0,0,0),('REVITEM-ca566f8:150d57eace0:-7acb','ACTIVE','588-3A','RPT BASIC CURRENT YEAR PENALTY PROV SHARE',NULL,'REVENUE','GENERAL','01','GENERAL PROPER',0.00,'ANY',NULL,NULL,NULL,0,0,0),('REVITEM-ca566f8:150d57eace0:-7c36','ACTIVE','588-2A','RPT SEF PREVIOUS YEAR PROV SHARE',NULL,'REVENUE','SEF','02','SEF PROPER',0.00,'ANY',NULL,NULL,NULL,0,0,0),('REVITEM-ca566f8:150d57eace0:-7ca2','ACTIVE','591-1A','RPT SEF CURRENT YEAR PROV SHARE',NULL,'REVENUE','SEF','02','SEF PROPER',0.00,'ANY',NULL,NULL,NULL,0,0,0),('REVITEM-ca566f8:150d57eace0:-7cd7','ACTIVE','588-1A','RPT BASIC CURRENT YEAR PROV SHARE',NULL,'REVENUE','GENERAL','01','GENERAL PROPER',0.00,'ANY',NULL,NULL,NULL,0,0,0),('REVITEM23f22834:16ae7350dfd:-686b','ACTIVE','608-3','LEGITIMATION FEE',NULL,'REVENUE','GENERAL','01','GENERAL PROPER',0.00,'ANY',NULL,NULL,NULL,0,0,0),('REVITEM3357687e:159d2e536c8:-5ba3','ACTIVE','679-R','PENALTY - RECKLESS DRIVING',NULL,'REVENUE','GENERAL','01','GENERAL PROPER',0.00,'ANY',NULL,NULL,NULL,0,0,0),('REVITEM49795878:150f4694105:-7b2a','ACTIVE','608-3','REGISTRATION OF ACKNOWLEDGEMENT',NULL,'REVENUE','GENERAL','01','GENERAL PROPER',200.00,'FIXED',NULL,NULL,NULL,0,0,0),('REVITEM49795878:150f4694105:-7b69','ACTIVE','608-3','BIRTH CERTIFICATE WITH ANNOTATION',NULL,'REVENUE','GENERAL','01','GENERAL PROPER',0.00,'ANY',NULL,NULL,NULL,0,0,0),('REVITEM54acab5a:16cfa54fcb6:-7fbe','ACTIVE','628-3','PENALTY - NO SIDE MIRROR',NULL,'REVENUE','GENERAL','01','GENERAL PROPER',50.00,'ANY',NULL,NULL,NULL,0,0,0),('REVITEMabde00a:1689706e783:-296c','ACTIVE','679','PENALTY - NO SEAT BELT',NULL,'REVENUE','GENERAL','01','GENERAL PROPER',50.00,'ANY',NULL,NULL,NULL,0,0,0),('REVITEMfbf1095:161e012fec1:-7fcf','ACTIVE','608-3','AMENDED CERT. OF LIVE BIRTH',NULL,'REVENUE','GENERAL','01','GENERAL PROPER',0.00,'ANY',NULL,NULL,NULL,0,0,0),('RPT_BASICINT_CURRENT','ACTIVE','588-004','RPT BASIC PENALTY CURRENT','RPT BASIC PENALTY CURRENT','REVENUE','GENERAL','01','GENERAL',0.00,'ANY',NULL,NULL,NULL,0,0,0),('RPT_BASICINT_CURRENT:00000','ACTIVE','-','TRAINING RPT BASIC PENALTY CURRENT','TRAINING RPT BASIC PENALTY CURRENT','REVENUE','GENERAL','01','GENERAL',0.00,'ANY','00000','TRAINING','RPT_BASICINT_CURRENT',0,0,0),('RPT_BASICINT_CURRENT_BRGY_SHARE','ACTIVE','455-049','RPT BASIC PENALTY CURRENT BARANGAY SHARE','RPT BASIC PENALTY CURRENT BARANGAY SHARE','PAYABLE','GENERAL','01','GENERAL',0.00,'ANY',NULL,NULL,NULL,0,0,0),('RPT_BASICINT_CURRENT_BRGY_SHARE:00000-0001','ACTIVE','-','POBLACION RPT BASIC PENALTY CURRENT BARANGAY SHARE','POBLACION RPT BASIC PENALTY CURRENT BARANGAY SHARE','PAYABLE','GENERAL','01','GENERAL',0.00,'ANY','00000-0001','POBLACION','RPT_BASICINT_CURRENT_BRGY_SHARE',0,0,0),('RPT_BASICINT_CURRENT_BRGY_SHARE:00000-0002','ACTIVE','-','GUADALUPE RPT BASIC PENALTY CURRENT BARANGAY SHARE','GUADALUPE RPT BASIC PENALTY CURRENT BARANGAY SHARE','PAYABLE','GENERAL','01','GENERAL',0.00,'ANY','00000-0002','GUADALUPE','RPT_BASICINT_CURRENT_BRGY_SHARE',0,0,0),('RPT_BASICINT_CURRENT_PROVINCE_SHARE','ACTIVE','455-049','RPT BASIC CURRENT PENALTY PROVINCE SHARE','RPT BASIC CURRENT PENALTY PROVINCE SHARE','PAYABLE','GENERAL','01','GENERAL',0.00,'ANY',NULL,NULL,NULL,0,0,0),('RPT_BASICINT_CURRENT_PROVINCE_SHARE:000','ACTIVE','-','PROVINCE RPT BASIC CURRENT PENALTY PROVINCE SHARE','PROVINCE RPT BASIC CURRENT PENALTY PROVINCE SHARE','PAYABLE','GENERAL','01','GENERAL',0.00,'ANY','000','PROVINCE','RPT_BASICINT_CURRENT_PROVINCE_SHARE',0,0,0),('RPT_BASICINT_PREVIOUS','ACTIVE','588-005','RPT BASIC PENALTY PREVIOUS','RPT BASIC PENALTY PREVIOUS','REVENUE','GENERAL','01','GENERAL',0.00,'ANY',NULL,NULL,NULL,0,0,0),('RPT_BASICINT_PREVIOUS:00000','ACTIVE','-','TRAINING RPT BASIC PENALTY PREVIOUS','TRAINING RPT BASIC PENALTY PREVIOUS','REVENUE','GENERAL','01','GENERAL',0.00,'ANY','00000','TRAINING','RPT_BASICINT_PREVIOUS',0,0,0),('RPT_BASICINT_PREVIOUS_BRGY_SHARE','ACTIVE','455-049','RPT BASIC PENALTY PREVIOUS BARANGAY SHARE','RPT BASIC PENALTY PREVIOUS BARANGAY SHARE','PAYABLE','GENERAL','01','GENERAL',0.00,'ANY',NULL,NULL,NULL,0,0,0),('RPT_BASICINT_PREVIOUS_BRGY_SHARE:00000-0001','ACTIVE','-','POBLACION RPT BASIC PENALTY PREVIOUS BARANGAY SHARE','POBLACION RPT BASIC PENALTY PREVIOUS BARANGAY SHARE','PAYABLE','GENERAL','01','GENERAL',0.00,'ANY','00000-0001','POBLACION','RPT_BASICINT_PREVIOUS_BRGY_SHARE',0,0,0),('RPT_BASICINT_PREVIOUS_BRGY_SHARE:00000-0002','ACTIVE','-','GUADALUPE RPT BASIC PENALTY PREVIOUS BARANGAY SHARE','GUADALUPE RPT BASIC PENALTY PREVIOUS BARANGAY SHARE','PAYABLE','GENERAL','01','GENERAL',0.00,'ANY','00000-0002','GUADALUPE','RPT_BASICINT_PREVIOUS_BRGY_SHARE',0,0,0),('RPT_BASICINT_PREVIOUS_PROVINCE_SHARE','ACTIVE','455-049','RPT BASIC PREVIOUS PENALTY PROVINCE SHARE','RPT BASIC PREVIOUS PENALTY PROVINCE SHARE','PAYABLE','GENERAL','01','GENERAL',0.00,'ANY',NULL,NULL,NULL,0,0,0),('RPT_BASICINT_PREVIOUS_PROVINCE_SHARE:000','ACTIVE','-','PROVINCE RPT BASIC PREVIOUS PENALTY PROVINCE SHARE','PROVINCE RPT BASIC PREVIOUS PENALTY PROVINCE SHARE','PAYABLE','GENERAL','01','GENERAL',0.00,'ANY','000','PROVINCE','RPT_BASICINT_PREVIOUS_PROVINCE_SHARE',0,0,0),('RPT_BASICINT_PRIOR','ACTIVE','588-006','RPT BASIC PENALTY PRIOR','RPT BASIC PENALTY PRIOR','REVENUE','GENERAL','01','GENERAL',0.00,'ANY',NULL,NULL,NULL,0,0,0),('RPT_BASICINT_PRIOR:00000','ACTIVE','-','TRAINING RPT BASIC PENALTY PRIOR','TRAINING RPT BASIC PENALTY PRIOR','REVENUE','GENERAL','01','GENERAL',0.00,'ANY','00000','TRAINING','RPT_BASICINT_PRIOR',0,0,0),('RPT_BASICINT_PRIOR_BRGY_SHARE','ACTIVE','455-049','RPT BASIC PENALTY PRIOR BARANGAY SHARE','RPT BASIC PENALTY PRIOR BARANGAY SHARE','PAYABLE','GENERAL','01','GENERAL',0.00,'ANY',NULL,NULL,NULL,0,0,0),('RPT_BASICINT_PRIOR_BRGY_SHARE:00000-0001','ACTIVE','-','POBLACION RPT BASIC PENALTY PRIOR BARANGAY SHARE','POBLACION RPT BASIC PENALTY PRIOR BARANGAY SHARE','PAYABLE','GENERAL','01','GENERAL',0.00,'ANY','00000-0001','POBLACION','RPT_BASICINT_PRIOR_BRGY_SHARE',0,0,0),('RPT_BASICINT_PRIOR_BRGY_SHARE:00000-0002','ACTIVE','-','GUADALUPE RPT BASIC PENALTY PRIOR BARANGAY SHARE','GUADALUPE RPT BASIC PENALTY PRIOR BARANGAY SHARE','PAYABLE','GENERAL','01','GENERAL',0.00,'ANY','00000-0002','GUADALUPE','RPT_BASICINT_PRIOR_BRGY_SHARE',0,0,0),('RPT_BASICINT_PRIOR_PROVINCE_SHARE','ACTIVE','455-049','RPT BASIC PRIOR PENALTY PROVINCE SHARE','RPT BASIC PRIOR PENALTY PROVINCE SHARE','PAYABLE','GENERAL','01','GENERAL',0.00,'ANY',NULL,NULL,NULL,0,0,0),('RPT_BASICINT_PRIOR_PROVINCE_SHARE:000','ACTIVE','-','PROVINCE RPT BASIC PRIOR PENALTY PROVINCE SHARE','PROVINCE RPT BASIC PRIOR PENALTY PROVINCE SHARE','PAYABLE','GENERAL','01','GENERAL',0.00,'ANY','000','PROVINCE','RPT_BASICINT_PRIOR_PROVINCE_SHARE',0,0,0),('RPT_BASIC_ADVANCE','ACTIVE','588-007','RPT BASIC ADVANCE','RPT BASIC ADVANCE','REVENUE','GENERAL','01','GENERAL',0.00,'ANY',NULL,NULL,NULL,0,0,0),('RPT_BASIC_ADVANCE:00000','ACTIVE','-','TRAINING RPT BASIC ADVANCE','TRAINING RPT BASIC ADVANCE','REVENUE','GENERAL','01','GENERAL',0.00,'ANY','00000','TRAINING','RPT_BASIC_ADVANCE',0,0,0),('RPT_BASIC_ADVANCE_BRGY_SHARE','ACTIVE','455-049','RPT BASIC ADVANCE BARANGAY SHARE','RPT BASIC ADVANCE BARANGAY SHARE','PAYABLE','GENERAL','01','GENERAL',0.00,'ANY',NULL,NULL,NULL,0,0,0),('RPT_BASIC_ADVANCE_BRGY_SHARE:00000-0001','ACTIVE','-','POBLACION RPT BASIC ADVANCE BARANGAY SHARE','POBLACION RPT BASIC ADVANCE BARANGAY SHARE','PAYABLE','GENERAL','01','GENERAL',0.00,'ANY','00000-0001','POBLACION','RPT_BASIC_ADVANCE_BRGY_SHARE',0,0,0),('RPT_BASIC_ADVANCE_BRGY_SHARE:00000-0002','ACTIVE','-','GUADALUPE RPT BASIC ADVANCE BARANGAY SHARE','GUADALUPE RPT BASIC ADVANCE BARANGAY SHARE','PAYABLE','GENERAL','01','GENERAL',0.00,'ANY','00000-0002','GUADALUPE','RPT_BASIC_ADVANCE_BRGY_SHARE',0,0,0),('RPT_BASIC_ADVANCE_PROVINCE_SHARE','ACTIVE','455-049','RPT BASIC ADVANCE PROVINCE SHARE','RPT BASIC ADVANCE PROVINCE SHARE','PAYABLE','GENERAL','01','GENERAL',0.00,'ANY',NULL,NULL,NULL,0,0,0),('RPT_BASIC_ADVANCE_PROVINCE_SHARE:000','ACTIVE','-','PROVINCE RPT BASIC ADVANCE PROVINCE SHARE','PROVINCE RPT BASIC ADVANCE PROVINCE SHARE','PAYABLE','GENERAL','01','GENERAL',0.00,'ANY','000','PROVINCE','RPT_BASIC_ADVANCE_PROVINCE_SHARE',0,0,0),('RPT_BASIC_CURRENT','ACTIVE','588-001','RPT BASIC CURRENT','RPT BASIC CURRENT','REVENUE','GENERAL','01','GENERAL',0.00,'ANY',NULL,NULL,NULL,0,0,0),('RPT_BASIC_CURRENT:00000','ACTIVE','-','TRAINING RPT BASIC CURRENT','TRAINING RPT BASIC CURRENT','REVENUE','GENERAL','01','GENERAL',0.00,'ANY','00000','TRAINING','RPT_BASIC_CURRENT',0,0,0),('RPT_BASIC_CURRENT_BRGY_SHARE','ACTIVE','455-049','RPT BASIC CURRENT BARANGAY SHARE','RPT BASIC CURRENT BARANGAY SHARE','PAYABLE','GENERAL','01','GENERAL',0.00,'ANY',NULL,NULL,NULL,0,0,0),('RPT_BASIC_CURRENT_BRGY_SHARE:00000-0001','ACTIVE','-','POBLACION RPT BASIC CURRENT BARANGAY SHARE','POBLACION RPT BASIC CURRENT BARANGAY SHARE','PAYABLE','GENERAL','01','GENERAL',0.00,'ANY','00000-0001','POBLACION','RPT_BASIC_CURRENT_BRGY_SHARE',0,0,0),('RPT_BASIC_CURRENT_BRGY_SHARE:00000-0002','ACTIVE','-','GUADALUPE RPT BASIC CURRENT BARANGAY SHARE','GUADALUPE RPT BASIC CURRENT BARANGAY SHARE','PAYABLE','GENERAL','01','GENERAL',0.00,'ANY','00000-0002','GUADALUPE','RPT_BASIC_CURRENT_BRGY_SHARE',0,0,0),('RPT_BASIC_CURRENT_PROVINCE_SHARE','ACTIVE','455-049','RPT BASIC CURRENT PROVINCE SHARE','RPT BASIC CURRENT PROVINCE SHARE','PAYABLE','GENERAL','01','GENERAL',0.00,'ANY',NULL,NULL,NULL,0,0,0),('RPT_BASIC_CURRENT_PROVINCE_SHARE:000','ACTIVE','-','PROVINCE RPT BASIC CURRENT PROVINCE SHARE','PROVINCE RPT BASIC CURRENT PROVINCE SHARE','PAYABLE','GENERAL','01','GENERAL',0.00,'ANY','000','PROVINCE','RPT_BASIC_CURRENT_PROVINCE_SHARE',0,0,0),('RPT_BASIC_PREVIOUS','ACTIVE','588-002','RPT BASIC PREVIOUS','RPT BASIC PREVIOUS','REVENUE','GENERAL','01','GENERAL',0.00,'ANY',NULL,NULL,NULL,0,0,0),('RPT_BASIC_PREVIOUS:00000','ACTIVE','-','TRAINING RPT BASIC PREVIOUS','TRAINING RPT BASIC PREVIOUS','REVENUE','GENERAL','01','GENERAL',0.00,'ANY','00000','TRAINING','RPT_BASIC_PREVIOUS',0,0,0),('RPT_BASIC_PREVIOUS_BRGY_SHARE','ACTIVE','455-049','RPT BASIC PREVIOUS BARANGAY SHARE','RPT BASIC PREVIOUS BARANGAY SHARE','PAYABLE','GENERAL','01','GENERAL',0.00,'ANY',NULL,NULL,NULL,0,0,0),('RPT_BASIC_PREVIOUS_BRGY_SHARE:00000-0001','ACTIVE','-','POBLACION RPT BASIC PREVIOUS BARANGAY SHARE','POBLACION RPT BASIC PREVIOUS BARANGAY SHARE','PAYABLE','GENERAL','01','GENERAL',0.00,'ANY','00000-0001','POBLACION','RPT_BASIC_PREVIOUS_BRGY_SHARE',0,0,0),('RPT_BASIC_PREVIOUS_BRGY_SHARE:00000-0002','ACTIVE','-','GUADALUPE RPT BASIC PREVIOUS BARANGAY SHARE','GUADALUPE RPT BASIC PREVIOUS BARANGAY SHARE','PAYABLE','GENERAL','01','GENERAL',0.00,'ANY','00000-0002','GUADALUPE','RPT_BASIC_PREVIOUS_BRGY_SHARE',0,0,0),('RPT_BASIC_PREVIOUS_PROVINCE_SHARE','ACTIVE','455-049','RPT BASIC PREVIOUS PROVINCE SHARE','RPT BASIC PREVIOUS PROVINCE SHARE','PAYABLE','GENERAL','01','GENERAL',0.00,'ANY',NULL,NULL,NULL,0,0,0),('RPT_BASIC_PREVIOUS_PROVINCE_SHARE:000','ACTIVE','-','PROVINCE RPT BASIC PREVIOUS PROVINCE SHARE','PROVINCE RPT BASIC PREVIOUS PROVINCE SHARE','PAYABLE','GENERAL','01','GENERAL',0.00,'ANY','000','PROVINCE','RPT_BASIC_PREVIOUS_PROVINCE_SHARE',0,0,0),('RPT_BASIC_PRIOR','ACTIVE','588-003','RPT BASIC PRIOR','RPT BASIC PRIOR','REVENUE','GENERAL','01','GENERAL',0.00,'ANY',NULL,NULL,NULL,0,0,0),('RPT_BASIC_PRIOR:00000','ACTIVE','-','TRAINING RPT BASIC PRIOR','TRAINING RPT BASIC PRIOR','REVENUE','GENERAL','01','GENERAL',0.00,'ANY','00000','TRAINING','RPT_BASIC_PRIOR',0,0,0),('RPT_BASIC_PRIOR_BRGY_SHARE','ACTIVE','455-049','RPT BASIC PRIOR BARANGAY SHARE','RPT BASIC PRIOR BARANGAY SHARE','PAYABLE','GENERAL','01','GENERAL',0.00,'ANY',NULL,NULL,NULL,0,0,0),('RPT_BASIC_PRIOR_BRGY_SHARE:00000-0001','ACTIVE','-','POBLACION RPT BASIC PRIOR BARANGAY SHARE','POBLACION RPT BASIC PRIOR BARANGAY SHARE','PAYABLE','GENERAL','01','GENERAL',0.00,'ANY','00000-0001','POBLACION','RPT_BASIC_PRIOR_BRGY_SHARE',0,0,0),('RPT_BASIC_PRIOR_BRGY_SHARE:00000-0002','ACTIVE','-','GUADALUPE RPT BASIC PRIOR BARANGAY SHARE','GUADALUPE RPT BASIC PRIOR BARANGAY SHARE','PAYABLE','GENERAL','01','GENERAL',0.00,'ANY','00000-0002','GUADALUPE','RPT_BASIC_PRIOR_BRGY_SHARE',0,0,0),('RPT_BASIC_PRIOR_PROVINCE_SHARE','ACTIVE','455-049','RPT BASIC PRIOR PROVINCE SHARE','RPT BASIC PRIOR PROVINCE SHARE','PAYABLE','GENERAL','01','GENERAL',0.00,'ANY',NULL,NULL,NULL,0,0,0),('RPT_BASIC_PRIOR_PROVINCE_SHARE:000','ACTIVE','-','PROVINCE RPT BASIC PRIOR PROVINCE SHARE','PROVINCE RPT BASIC PRIOR PROVINCE SHARE','PAYABLE','GENERAL','01','GENERAL',0.00,'ANY','000','PROVINCE','RPT_BASIC_PRIOR_PROVINCE_SHARE',0,0,0),('RPT_SEFINT_CURRENT','ACTIVE','455-050','RPT SEF PENALTY CURRENT','RPT SEF PENALTY CURRENT','REVENUE','SEF','02','SEF',0.00,'ANY',NULL,NULL,NULL,0,0,0),('RPT_SEFINT_CURRENT:00000','ACTIVE','-','TRAINING RPT SEF PENALTY CURRENT','TRAINING RPT SEF PENALTY CURRENT','REVENUE','SEF','02','SEF',0.00,'ANY','00000','TRAINING','RPT_SEFINT_CURRENT',0,0,0),('RPT_SEFINT_CURRENT_PROVINCE_SHARE','ACTIVE','455-050','RPT SEF CURRENT PENALTY PROVINCE SHARE','RPT SEF CURRENT PENALTY PROVINCE SHARE','PAYABLE','SEF','02','SEF',0.00,'ANY',NULL,NULL,NULL,0,0,0),('RPT_SEFINT_CURRENT_PROVINCE_SHARE:000','ACTIVE','-','PROVINCE RPT SEF CURRENT PENALTY PROVINCE SHARE','PROVINCE RPT SEF CURRENT PENALTY PROVINCE SHARE','PAYABLE','SEF','02','SEF',0.00,'ANY','000','PROVINCE','RPT_SEFINT_CURRENT_PROVINCE_SHARE',0,0,0),('RPT_SEFINT_PREVIOUS','ACTIVE','455-050','RPT SEF PENALTY PREVIOUS','RPT SEF PENALTY PREVIOUS','REVENUE','SEF','02','SEF',0.00,'ANY',NULL,NULL,NULL,0,0,0),('RPT_SEFINT_PREVIOUS:00000','ACTIVE','-','TRAINING RPT SEF PENALTY PREVIOUS','TRAINING RPT SEF PENALTY PREVIOUS','REVENUE','SEF','02','SEF',0.00,'ANY','00000','TRAINING','RPT_SEFINT_PREVIOUS',0,0,0),('RPT_SEFINT_PREVIOUS_PROVINCE_SHARE','ACTIVE','455-050','RPT SEF PREVIOUS PENALTY PROVINCE SHARE','RPT SEF PREVIOUS PENALTY PROVINCE SHARE','PAYABLE','SEF','02','SEF',0.00,'ANY',NULL,NULL,NULL,0,0,0),('RPT_SEFINT_PREVIOUS_PROVINCE_SHARE:000','ACTIVE','-','PROVINCE RPT SEF PREVIOUS PENALTY PROVINCE SHARE','PROVINCE RPT SEF PREVIOUS PENALTY PROVINCE SHARE','PAYABLE','SEF','02','SEF',0.00,'ANY','000','PROVINCE','RPT_SEFINT_PREVIOUS_PROVINCE_SHARE',0,0,0),('RPT_SEFINT_PRIOR','ACTIVE','455-050','RPT SEF PENALTY PRIOR','RPT SEF PENALTY PRIOR','REVENUE','SEF','02','SEF',0.00,'ANY',NULL,NULL,NULL,0,0,0),('RPT_SEFINT_PRIOR:00000','ACTIVE','-','TRAINING RPT SEF PENALTY PRIOR','TRAINING RPT SEF PENALTY PRIOR','REVENUE','SEF','02','SEF',0.00,'ANY','00000','TRAINING','RPT_SEFINT_PRIOR',0,0,0),('RPT_SEFINT_PRIOR_PROVINCE_SHARE','ACTIVE','455-050','RPT SEF PRIOR PENALTY PROVINCE SHARE','RPT SEF PRIOR PENALTY PROVINCE SHARE','PAYABLE','SEF','02','SEF',0.00,'ANY',NULL,NULL,NULL,0,0,0),('RPT_SEFINT_PRIOR_PROVINCE_SHARE:000','ACTIVE','-','PROVINCE RPT SEF PRIOR PENALTY PROVINCE SHARE','PROVINCE RPT SEF PRIOR PENALTY PROVINCE SHARE','PAYABLE','SEF','02','SEF',0.00,'ANY','000','PROVINCE','RPT_SEFINT_PRIOR_PROVINCE_SHARE',0,0,0),('RPT_SEF_ADVANCE','ACTIVE','455-050','RPT SEF ADVANCE','RPT SEF ADVANCE','REVENUE','SEF','02','SEF',0.00,'ANY',NULL,NULL,NULL,0,0,0),('RPT_SEF_ADVANCE:00000','ACTIVE','-','TRAINING RPT SEF ADVANCE','TRAINING RPT SEF ADVANCE','REVENUE','SEF','02','SEF',0.00,'ANY','00000','TRAINING','RPT_SEF_ADVANCE',0,0,0),('RPT_SEF_ADVANCE_PROVINCE_SHARE','ACTIVE','455-050','RPT SEF ADVANCE PROVINCE SHARE','RPT SEF ADVANCE PROVINCE SHARE','PAYABLE','SEF','02','SEF',0.00,'ANY',NULL,NULL,NULL,0,0,0),('RPT_SEF_ADVANCE_PROVINCE_SHARE:000','ACTIVE','-','PROVINCE RPT SEF ADVANCE PROVINCE SHARE','PROVINCE RPT SEF ADVANCE PROVINCE SHARE','PAYABLE','SEF','02','SEF',0.00,'ANY','000','PROVINCE','RPT_SEF_ADVANCE_PROVINCE_SHARE',0,0,0),('RPT_SEF_CURRENT','ACTIVE','455-050','RPT SEF CURRENT','RPT SEF CURRENT','REVENUE','SEF','02','SEF',0.00,'ANY',NULL,NULL,NULL,0,0,0),('RPT_SEF_CURRENT:00000','ACTIVE','-','TRAINING RPT SEF CURRENT','TRAINING RPT SEF CURRENT','REVENUE','SEF','02','SEF',0.00,'ANY','00000','TRAINING','RPT_SEF_CURRENT',0,0,0),('RPT_SEF_CURRENT_PROVINCE_SHARE','ACTIVE','455-050','RPT SEF CURRENT PROVINCE SHARE','RPT SEF CURRENT PROVINCE SHARE','PAYABLE','SEF','02','SEF',0.00,'ANY',NULL,NULL,NULL,0,0,0),('RPT_SEF_CURRENT_PROVINCE_SHARE:000','ACTIVE','-','PROVINCE RPT SEF CURRENT PROVINCE SHARE','PROVINCE RPT SEF CURRENT PROVINCE SHARE','PAYABLE','SEF','02','SEF',0.00,'ANY','000','PROVINCE','RPT_SEF_CURRENT_PROVINCE_SHARE',0,0,0),('RPT_SEF_PREVIOUS','ACTIVE','455-050','RPT SEF PREVIOUS','RPT SEF PREVIOUS','REVENUE','SEF','02','SEF',0.00,'ANY',NULL,NULL,NULL,0,0,0),('RPT_SEF_PREVIOUS:00000','ACTIVE','-','TRAINING RPT SEF PREVIOUS','TRAINING RPT SEF PREVIOUS','REVENUE','SEF','02','SEF',0.00,'ANY','00000','TRAINING','RPT_SEF_PREVIOUS',0,0,0),('RPT_SEF_PREVIOUS_PROVINCE_SHARE','ACTIVE','455-050','RPT SEF PREVIOUS PROVINCE SHARE','RPT SEF PREVIOUS PROVINCE SHARE','PAYABLE','SEF','02','SEF',0.00,'ANY',NULL,NULL,NULL,0,0,0),('RPT_SEF_PREVIOUS_PROVINCE_SHARE:000','ACTIVE','-','PROVINCE RPT SEF PREVIOUS PROVINCE SHARE','PROVINCE RPT SEF PREVIOUS PROVINCE SHARE','PAYABLE','SEF','02','SEF',0.00,'ANY','000','PROVINCE','RPT_SEF_PREVIOUS_PROVINCE_SHARE',0,0,0),('RPT_SEF_PRIOR','ACTIVE','455-050','RPT SEF PRIOR','RPT SEF PRIOR','REVENUE','SEF','02','SEF',0.00,'ANY',NULL,NULL,NULL,0,0,0),('RPT_SEF_PRIOR:00000','ACTIVE','-','TRAINING RPT SEF PRIOR','TRAINING RPT SEF PRIOR','REVENUE','SEF','02','SEF',0.00,'ANY','00000','TRAINING','RPT_SEF_PRIOR',0,0,0),('RPT_SEF_PRIOR_PROVINCE_SHARE','ACTIVE','455-050','RPT SEF PRIOR PROVINCE SHARE','RPT SEF PRIOR PROVINCE SHARE','PAYABLE','SEF','02','SEF',0.00,'ANY',NULL,NULL,NULL,0,0,0),('RPT_SEF_PRIOR_PROVINCE_SHARE:000','ACTIVE','-','PROVINCE RPT SEF PRIOR PROVINCE SHARE','PROVINCE RPT SEF PRIOR PROVINCE SHARE','PAYABLE','SEF','02','SEF',0.00,'ANY','000','PROVINCE','RPT_SEF_PRIOR_PROVINCE_SHARE',0,0,0);
/*!40000 ALTER TABLE `itemaccount` ENABLE KEYS */;
UNLOCK TABLES;

--
-- Table structure for table `itemaccount_tag`
--

DROP TABLE IF EXISTS `itemaccount_tag`;
/*!40101 SET @saved_cs_client     = @@character_set_client */;
/*!40101 SET character_set_client = utf8 */;
CREATE TABLE `itemaccount_tag` (
  `acctid` varchar(50) NOT NULL,
  `tag` varchar(50) NOT NULL,
  `objid` varchar(100) NOT NULL DEFAULT '',
  PRIMARY KEY (`objid`),
  UNIQUE KEY `uix_acctid_tag` (`acctid`,`tag`),
  KEY `ix_acctid` (`acctid`),
  KEY `ix_tag` (`tag`),
  CONSTRAINT `itemaccount_tag_ibfk_1` FOREIGN KEY (`acctid`) REFERENCES `itemaccount` (`objid`)
) ENGINE=InnoDB DEFAULT CHARSET=utf8;
/*!40101 SET character_set_client = @saved_cs_client */;

--
-- Dumping data for table `itemaccount_tag`
--

LOCK TABLES `itemaccount_tag` WRITE;
/*!40000 ALTER TABLE `itemaccount_tag` DISABLE KEYS */;
/*!40000 ALTER TABLE `itemaccount_tag` ENABLE KEYS */;
UNLOCK TABLES;

--
-- Table structure for table `jev`
--

DROP TABLE IF EXISTS `jev`;
/*!40101 SET @saved_cs_client     = @@character_set_client */;
/*!40101 SET character_set_client = utf8 */;
CREATE TABLE `jev` (
  `objid` varchar(150) NOT NULL,
  `jevno` varchar(50) DEFAULT NULL,
  `jevdate` date DEFAULT NULL,
  `fundid` varchar(50) DEFAULT NULL,
  `dtposted` datetime DEFAULT NULL,
  `txntype` varchar(50) DEFAULT NULL,
  `refid` varchar(50) DEFAULT NULL,
  `refno` varchar(50) DEFAULT NULL,
  `reftype` varchar(50) DEFAULT NULL,
  `amount` decimal(16,4) DEFAULT NULL,
  `state` varchar(32) DEFAULT NULL,
  `postedby_objid` varchar(50) DEFAULT NULL,
  `postedby_name` varchar(255) DEFAULT NULL,
  `verifiedby_objid` varchar(50) DEFAULT NULL,
  `verifiedby_name` varchar(255) DEFAULT NULL,
  `dtverified` datetime DEFAULT NULL,
  `batchid` varchar(50) DEFAULT NULL,
  `refdate` date DEFAULT NULL,
  PRIMARY KEY (`objid`),
  KEY `ix_batchid` (`batchid`),
  KEY `ix_dtposted` (`dtposted`),
  KEY `ix_dtverified` (`dtverified`),
  KEY `ix_fundid` (`fundid`),
  KEY `ix_jevdate` (`jevdate`),
  KEY `ix_jevno` (`jevno`),
  KEY `ix_postedby_objid` (`postedby_objid`),
  KEY `ix_refdate` (`refdate`),
  KEY `ix_refid` (`refid`),
  KEY `ix_refno` (`refno`),
  KEY `ix_reftype` (`reftype`),
  KEY `ix_verifiedby_objid` (`verifiedby_objid`)
) ENGINE=InnoDB DEFAULT CHARSET=utf8;
/*!40101 SET character_set_client = @saved_cs_client */;

--
-- Dumping data for table `jev`
--

LOCK TABLES `jev` WRITE;
/*!40000 ALTER TABLE `jev` DISABLE KEYS */;
/*!40000 ALTER TABLE `jev` ENABLE KEYS */;
UNLOCK TABLES;

--
-- Table structure for table `jevitem`
--

DROP TABLE IF EXISTS `jevitem`;
/*!40101 SET @saved_cs_client     = @@character_set_client */;
/*!40101 SET character_set_client = utf8 */;
CREATE TABLE `jevitem` (
  `objid` varchar(150) NOT NULL,
  `jevid` varchar(150) DEFAULT NULL,
  `accttype` varchar(50) DEFAULT NULL,
  `acctid` varchar(50) DEFAULT NULL,
  `acctcode` varchar(32) DEFAULT NULL,
  `acctname` varchar(255) DEFAULT NULL,
  `dr` decimal(16,4) DEFAULT NULL,
  `cr` decimal(16,4) DEFAULT NULL,
  `particulars` varchar(255) DEFAULT NULL,
  `itemrefid` varchar(255) DEFAULT NULL,
  PRIMARY KEY (`objid`),
  KEY `ix_jevid` (`jevid`),
  KEY `ix_ledgertype` (`accttype`),
  KEY `ix_acctid` (`acctid`),
  KEY `ix_acctcode` (`acctcode`),
  KEY `ix_acctname` (`acctname`),
  KEY `ix_itemrefid` (`itemrefid`),
  CONSTRAINT `fk_jevitem_jevid` FOREIGN KEY (`jevid`) REFERENCES `jev` (`objid`)
) ENGINE=InnoDB DEFAULT CHARSET=utf8;
/*!40101 SET character_set_client = @saved_cs_client */;

--
-- Dumping data for table `jevitem`
--

LOCK TABLES `jevitem` WRITE;
/*!40000 ALTER TABLE `jevitem` DISABLE KEYS */;
/*!40000 ALTER TABLE `jevitem` ENABLE KEYS */;
UNLOCK TABLES;

--
-- Table structure for table `landadjustment`
--

DROP TABLE IF EXISTS `landadjustment`;
/*!40101 SET @saved_cs_client     = @@character_set_client */;
/*!40101 SET character_set_client = utf8 */;
CREATE TABLE `landadjustment` (
  `objid` varchar(50) NOT NULL,
  `landrpuid` varchar(50) DEFAULT NULL,
  `landdetailid` varchar(50) DEFAULT NULL,
  `adjustmenttype_objid` varchar(50) NOT NULL,
  `expr` text,
  `adjustment` decimal(16,2) NOT NULL,
  `type` varchar(2) NOT NULL,
  `basemarketvalue` decimal(16,2) DEFAULT NULL,
  `marketvalue` decimal(16,2) DEFAULT NULL,
  PRIMARY KEY (`objid`),
  KEY `FK_landadjustment_landadjustmenttype` (`adjustmenttype_objid`),
  KEY `FK_landadjustment_landdetail` (`landdetailid`),
  KEY `FK_landadjustment_landrpu` (`landrpuid`),
  CONSTRAINT `landadjustment_ibfk_1` FOREIGN KEY (`adjustmenttype_objid`) REFERENCES `landadjustmenttype` (`objid`),
  CONSTRAINT `landadjustment_ibfk_2` FOREIGN KEY (`landdetailid`) REFERENCES `landdetail` (`objid`),
  CONSTRAINT `landadjustment_ibfk_3` FOREIGN KEY (`landrpuid`) REFERENCES `landrpu` (`objid`)
) ENGINE=InnoDB DEFAULT CHARSET=utf8;
/*!40101 SET character_set_client = @saved_cs_client */;

--
-- Dumping data for table `landadjustment`
--

LOCK TABLES `landadjustment` WRITE;
/*!40000 ALTER TABLE `landadjustment` DISABLE KEYS */;
/*!40000 ALTER TABLE `landadjustment` ENABLE KEYS */;
UNLOCK TABLES;

--
-- Table structure for table `landadjustmentparameter`
--

DROP TABLE IF EXISTS `landadjustmentparameter`;
/*!40101 SET @saved_cs_client     = @@character_set_client */;
/*!40101 SET character_set_client = utf8 */;
CREATE TABLE `landadjustmentparameter` (
  `objid` varchar(50) NOT NULL,
  `landadjustmentid` varchar(50) NOT NULL,
  `landrpuid` varchar(50) NOT NULL,
  `parameter_objid` varchar(50) DEFAULT NULL,
  `value` decimal(16,2) NOT NULL,
  `param_objid` varchar(50) DEFAULT NULL,
  PRIMARY KEY (`objid`),
  KEY `FK_landadjustmentparameter_landadjustment` (`landadjustmentid`),
  KEY `FK_landadjustmentparameter_landrpu` (`landrpuid`),
  KEY `FK_landadjustmentparameter_rptparameter` (`parameter_objid`),
  CONSTRAINT `landadjustmentparameter_ibfk_1` FOREIGN KEY (`landadjustmentid`) REFERENCES `landadjustment` (`objid`),
  CONSTRAINT `landadjustmentparameter_ibfk_2` FOREIGN KEY (`landrpuid`) REFERENCES `landrpu` (`objid`),
  CONSTRAINT `landadjustmentparameter_ibfk_3` FOREIGN KEY (`parameter_objid`) REFERENCES `rptparameter` (`objid`)
) ENGINE=InnoDB DEFAULT CHARSET=utf8;
/*!40101 SET character_set_client = @saved_cs_client */;

--
-- Dumping data for table `landadjustmentparameter`
--

LOCK TABLES `landadjustmentparameter` WRITE;
/*!40000 ALTER TABLE `landadjustmentparameter` DISABLE KEYS */;
/*!40000 ALTER TABLE `landadjustmentparameter` ENABLE KEYS */;
UNLOCK TABLES;

--
-- Table structure for table `landadjustmenttype`
--

DROP TABLE IF EXISTS `landadjustmenttype`;
/*!40101 SET @saved_cs_client     = @@character_set_client */;
/*!40101 SET character_set_client = utf8 */;
CREATE TABLE `landadjustmenttype` (
  `objid` varchar(50) NOT NULL,
  `landrysettingid` varchar(50) NOT NULL,
  `code` varchar(10) NOT NULL,
  `name` varchar(100) NOT NULL,
  `expr` text NOT NULL,
  `appliedto` varchar(150) DEFAULT NULL,
  `previd` varchar(50) DEFAULT NULL,
  `idx` int(11) DEFAULT NULL,
  PRIMARY KEY (`objid`),
  KEY `FK_landadjustment_landrysetting` (`landrysettingid`),
  KEY `ix_landadjustmenttype` (`previd`),
  KEY `ix_previd` (`previd`),
  CONSTRAINT `landadjustmenttype_ibfk_1` FOREIGN KEY (`landrysettingid`) REFERENCES `landrysetting` (`objid`)
) ENGINE=InnoDB DEFAULT CHARSET=utf8;
/*!40101 SET character_set_client = @saved_cs_client */;

--
-- Dumping data for table `landadjustmenttype`
--

LOCK TABLES `landadjustmenttype` WRITE;
/*!40000 ALTER TABLE `landadjustmenttype` DISABLE KEYS */;
/*!40000 ALTER TABLE `landadjustmenttype` ENABLE KEYS */;
UNLOCK TABLES;

--
-- Table structure for table `landadjustmenttype_classification`
--

DROP TABLE IF EXISTS `landadjustmenttype_classification`;
/*!40101 SET @saved_cs_client     = @@character_set_client */;
/*!40101 SET character_set_client = utf8 */;
CREATE TABLE `landadjustmenttype_classification` (
  `landadjustmenttypeid` varchar(50) NOT NULL,
  `classification_objid` varchar(50) NOT NULL,
  `landrysettingid` varchar(50) NOT NULL,
  PRIMARY KEY (`landadjustmenttypeid`,`classification_objid`),
  KEY `FK_landadjustmenttype_classification_classification` (`classification_objid`),
  CONSTRAINT `landadjustmenttype_classification_ibfk_1` FOREIGN KEY (`classification_objid`) REFERENCES `propertyclassification` (`objid`),
  CONSTRAINT `landadjustmenttype_classification_ibfk_2` FOREIGN KEY (`landadjustmenttypeid`) REFERENCES `landadjustmenttype` (`objid`)
) ENGINE=InnoDB DEFAULT CHARSET=utf8;
/*!40101 SET character_set_client = @saved_cs_client */;

--
-- Dumping data for table `landadjustmenttype_classification`
--

LOCK TABLES `landadjustmenttype_classification` WRITE;
/*!40000 ALTER TABLE `landadjustmenttype_classification` DISABLE KEYS */;
/*!40000 ALTER TABLE `landadjustmenttype_classification` ENABLE KEYS */;
UNLOCK TABLES;

--
-- Table structure for table `landassesslevel`
--

DROP TABLE IF EXISTS `landassesslevel`;
/*!40101 SET @saved_cs_client     = @@character_set_client */;
/*!40101 SET character_set_client = utf8 */;
CREATE TABLE `landassesslevel` (
  `objid` varchar(50) NOT NULL,
  `landrysettingid` varchar(50) NOT NULL,
  `classification_objid` varchar(50) DEFAULT NULL,
  `code` varchar(20) NOT NULL,
  `name` varchar(100) NOT NULL,
  `fixrate` int(11) NOT NULL,
  `rate` decimal(10,2) NOT NULL,
  `previd` varchar(50) DEFAULT NULL,
  PRIMARY KEY (`objid`),
  UNIQUE KEY `ux_landassesslevel_code` (`landrysettingid`,`code`),
  UNIQUE KEY `ux_landassesslevel_name` (`landrysettingid`,`name`),
  KEY `landrysettingid` (`landrysettingid`),
  KEY `FK_landassesslevel_propertyclassification` (`classification_objid`),
  KEY `ix_landassesslevel_previd` (`previd`),
  KEY `ix_previd` (`previd`),
  CONSTRAINT `landassesslevel_ibfk_1` FOREIGN KEY (`classification_objid`) REFERENCES `propertyclassification` (`objid`),
  CONSTRAINT `landassesslevel_ibfk_2` FOREIGN KEY (`landrysettingid`) REFERENCES `landrysetting` (`objid`)
) ENGINE=InnoDB DEFAULT CHARSET=utf8;
/*!40101 SET character_set_client = @saved_cs_client */;

--
-- Dumping data for table `landassesslevel`
--

LOCK TABLES `landassesslevel` WRITE;
/*!40000 ALTER TABLE `landassesslevel` DISABLE KEYS */;
/*!40000 ALTER TABLE `landassesslevel` ENABLE KEYS */;
UNLOCK TABLES;

--
-- Table structure for table `landassesslevelrange`
--

DROP TABLE IF EXISTS `landassesslevelrange`;
/*!40101 SET @saved_cs_client     = @@character_set_client */;
/*!40101 SET character_set_client = utf8 */;
CREATE TABLE `landassesslevelrange` (
  `objid` varchar(50) NOT NULL,
  `landassesslevelid` varchar(50) NOT NULL,
  `landrysettingid` varchar(50) NOT NULL,
  `mvfrom` decimal(16,2) NOT NULL,
  `mvto` decimal(16,2) NOT NULL,
  `rate` decimal(16,2) NOT NULL,
  PRIMARY KEY (`objid`),
  KEY `FK_landassesslevelrange_landassesslevel` (`landassesslevelid`),
  KEY `ix_landassesslevelrange_rootid` (`landrysettingid`),
  CONSTRAINT `landassesslevelrange_ibfk_1` FOREIGN KEY (`landrysettingid`) REFERENCES `landrysetting` (`objid`),
  CONSTRAINT `landassesslevelrange_ibfk_2` FOREIGN KEY (`landassesslevelid`) REFERENCES `landassesslevel` (`objid`)
) ENGINE=InnoDB DEFAULT CHARSET=utf8;
/*!40101 SET character_set_client = @saved_cs_client */;

--
-- Dumping data for table `landassesslevelrange`
--

LOCK TABLES `landassesslevelrange` WRITE;
/*!40000 ALTER TABLE `landassesslevelrange` DISABLE KEYS */;
/*!40000 ALTER TABLE `landassesslevelrange` ENABLE KEYS */;
UNLOCK TABLES;

--
-- Table structure for table `landdetail`
--

DROP TABLE IF EXISTS `landdetail`;
/*!40101 SET @saved_cs_client     = @@character_set_client */;
/*!40101 SET character_set_client = utf8 */;
CREATE TABLE `landdetail` (
  `objid` varchar(50) NOT NULL,
  `landrpuid` varchar(50) NOT NULL,
  `subclass_objid` varchar(50) DEFAULT NULL,
  `specificclass_objid` varchar(50) DEFAULT NULL,
  `actualuse_objid` varchar(50) DEFAULT NULL,
  `stripping_objid` varchar(50) DEFAULT NULL,
  `striprate` decimal(16,2) NOT NULL,
  `areatype` varchar(10) NOT NULL,
  `addlinfo` varchar(250) DEFAULT NULL,
  `area` decimal(18,6) NOT NULL,
  `areasqm` decimal(18,2) NOT NULL,
  `areaha` decimal(18,6) NOT NULL,
  `basevalue` decimal(16,2) NOT NULL,
  `unitvalue` decimal(16,2) NOT NULL,
  `taxable` int(11) NOT NULL,
  `basemarketvalue` decimal(16,2) NOT NULL,
  `adjustment` decimal(16,2) NOT NULL,
  `landvalueadjustment` decimal(16,2) NOT NULL,
  `actualuseadjustment` decimal(16,2) NOT NULL,
  `marketvalue` decimal(16,2) NOT NULL,
  `assesslevel` decimal(16,2) NOT NULL,
  `assessedvalue` decimal(16,2) NOT NULL,
  `landspecificclass_objid` varchar(50) DEFAULT NULL,
  PRIMARY KEY (`objid`),
  KEY `FK_landdetail_actualuse` (`actualuse_objid`),
  KEY `FK_landdetail_landrpu` (`landrpuid`),
  KEY `FK_landdetail_lcuvspecificclass` (`specificclass_objid`),
  KEY `FK_landdetail_lcuvsubclass` (`subclass_objid`),
  KEY `stripping_objid` (`stripping_objid`),
  CONSTRAINT `landdetail_ibfk_1` FOREIGN KEY (`actualuse_objid`) REFERENCES `landassesslevel` (`objid`),
  CONSTRAINT `landdetail_ibfk_2` FOREIGN KEY (`landrpuid`) REFERENCES `landrpu` (`objid`),
  CONSTRAINT `landdetail_ibfk_3` FOREIGN KEY (`specificclass_objid`) REFERENCES `lcuvspecificclass` (`objid`),
  CONSTRAINT `landdetail_ibfk_4` FOREIGN KEY (`subclass_objid`) REFERENCES `lcuvsubclass` (`objid`),
  CONSTRAINT `landdetail_ibfk_5` FOREIGN KEY (`stripping_objid`) REFERENCES `lcuvstripping` (`objid`)
) ENGINE=InnoDB DEFAULT CHARSET=utf8;
/*!40101 SET character_set_client = @saved_cs_client */;

--
-- Dumping data for table `landdetail`
--

LOCK TABLES `landdetail` WRITE;
/*!40000 ALTER TABLE `landdetail` DISABLE KEYS */;
/*!40000 ALTER TABLE `landdetail` ENABLE KEYS */;
UNLOCK TABLES;

--
-- Table structure for table `landrpu`
--

DROP TABLE IF EXISTS `landrpu`;
/*!40101 SET @saved_cs_client     = @@character_set_client */;
/*!40101 SET character_set_client = utf8 */;
CREATE TABLE `landrpu` (
  `objid` varchar(50) NOT NULL,
  `idleland` int(11) NOT NULL,
  `totallandbmv` decimal(16,2) NOT NULL,
  `totallandmv` decimal(16,2) NOT NULL,
  `totallandav` decimal(16,2) NOT NULL,
  `totalplanttreebmv` decimal(16,2) NOT NULL,
  `totalplanttreemv` decimal(16,2) NOT NULL,
  `totalplanttreeadjustment` decimal(16,2) NOT NULL,
  `totalplanttreeav` decimal(16,2) NOT NULL,
  `landvalueadjustment` decimal(16,2) NOT NULL,
  `publicland` int(11) DEFAULT NULL,
  `distanceawr` decimal(16,2) DEFAULT NULL,
  `distanceltc` decimal(16,2) DEFAULT NULL,
  PRIMARY KEY (`objid`),
  CONSTRAINT `landrpu_ibfk_1` FOREIGN KEY (`objid`) REFERENCES `rpu` (`objid`)
) ENGINE=InnoDB DEFAULT CHARSET=utf8;
/*!40101 SET character_set_client = @saved_cs_client */;

--
-- Dumping data for table `landrpu`
--

LOCK TABLES `landrpu` WRITE;
/*!40000 ALTER TABLE `landrpu` DISABLE KEYS */;
/*!40000 ALTER TABLE `landrpu` ENABLE KEYS */;
UNLOCK TABLES;

--
-- Table structure for table `landrysetting`
--

DROP TABLE IF EXISTS `landrysetting`;
/*!40101 SET @saved_cs_client     = @@character_set_client */;
/*!40101 SET character_set_client = utf8 */;
CREATE TABLE `landrysetting` (
  `objid` varchar(50) NOT NULL,
  `state` varchar(10) NOT NULL,
  `ry` int(11) NOT NULL,
  `appliedto` text,
  `previd` varchar(50) DEFAULT NULL,
  `remarks` varchar(200) DEFAULT NULL,
  `ordinanceno` varchar(25) DEFAULT NULL,
  `ordinancedate` date DEFAULT NULL,
  PRIMARY KEY (`objid`),
  KEY `ix_landrysetting_previd` (`previd`),
  KEY `ix_landrysetting_ry` (`ry`)
) ENGINE=InnoDB DEFAULT CHARSET=utf8;
/*!40101 SET character_set_client = @saved_cs_client */;

--
-- Dumping data for table `landrysetting`
--

LOCK TABLES `landrysetting` WRITE;
/*!40000 ALTER TABLE `landrysetting` DISABLE KEYS */;
/*!40000 ALTER TABLE `landrysetting` ENABLE KEYS */;
UNLOCK TABLES;

--
-- Table structure for table `landspecificclass`
--

DROP TABLE IF EXISTS `landspecificclass`;
/*!40101 SET @saved_cs_client     = @@character_set_client */;
/*!40101 SET character_set_client = utf8 */;
CREATE TABLE `landspecificclass` (
  `objid` varchar(50) NOT NULL,
  `state` varchar(10) NOT NULL,
  `code` varchar(50) NOT NULL,
  `name` varchar(100) NOT NULL,
  PRIMARY KEY (`objid`),
  KEY `ux_landspecificclass_state` (`state`)
) ENGINE=InnoDB DEFAULT CHARSET=utf8;
/*!40101 SET character_set_client = @saved_cs_client */;

--
-- Dumping data for table `landspecificclass`
--

LOCK TABLES `landspecificclass` WRITE;
/*!40000 ALTER TABLE `landspecificclass` DISABLE KEYS */;
INSERT INTO `landspecificclass` VALUES ('ABAC','APPROVED','ABAC','ABACA'),('AIRS','APPROVED','AIRS','AIRSTRIP'),('ALLY','APPROVED','ALLY','ALLEY'),('BALO','APPROVED','BALO','BANANA LOCAL'),('BAMB','APPROVED','BAMB','BAMBOO'),('BROD','APPROVED','BROD','BARANGAY ROAD'),('BRUS','APPROVED','BRUS','BRUSHLAND'),('BSTE','APPROVED','BSTE','BARANGAY SITE'),('C','APPROVED','C','COMMERCIAL'),('CACA','APPROVED','CACA','CACAO'),('CEME','APPROVED','CEME','CEMETERY'),('CHAN','APPROVED','CHAN','CHANNEL'),('CHSI','APPROVED','CHSI','CHURCH SITE'),('CHST','APPROVED','CHST','CHAPEL SITE'),('CLST','APPROVED','CLST','CLINIC SITE'),('CNAL','APPROVED','CNAL','CANAL'),('COCO','APPROVED','COCO','COCONUT'),('COFF','APPROVED','COFF','COFFEE'),('COGO','APPROVED','COGO','COGON'),('CORN','APPROVED','CORN','CORN'),('CREA','APPROVED','CREA','CREEK EASEMENT'),('CREE','APPROVED','CREE','CREEK'),('CSTE','APPROVED','CSTE','CELL SITE'),('DIKE','APPROVED','DIKE','DIKE'),('DRAI','APPROVED','DRAI','DRAINAGE'),('DURI','APPROVED','DURI','DURIAN'),('EDUCATIONAL','APPROVED','SE','EDUCATIONAL'),('ERAR','APPROVED','ERAR','ERODED AREA'),('FLCO','APPROVED','FLCO','FLOOD CONTROL'),('FLOW','APPROVED','FLOW','FLOWER'),('FLWO','APPROVED','FLWO','FLOOD WASHED OUT'),('FRST','APPROVED','FRST','FOREST'),('FSHB','APPROVED','FSHB','FISHPOND (BANGUS)'),('FSHF','APPROVED','FSHF','FISHPOND (FINGERLINGS)'),('FSHT','APPROVED','FSHT','FISHPOND INLAND (TILAPIA)'),('GMLN','APPROVED','GMLN','GEMELINA'),('GOCC','APPROVED','SG','GOCC'),('HPST','APPROVED','HPST','HOSPITAL SITE'),('I','APPROVED','I','INDUSTRIAL'),('IPIL','APPROVED','IPIL','IPIL-IPIL'),('LANZ','APPROVED','LANZ','LANZONES'),('LATC','APPROVED','LATC','LATERAL CANAL'),('LEEA','APPROVED','LEEA','LEGAL EASEMENT'),('M','APPROVED','M','MINERAL'),('MANG','APPROVED','MANG','MANGO'),('MARS','APPROVED','MARS','MARSHLAND'),('MHST','APPROVED','MHST','MUNICIPAL HALL SITE'),('MMIN','APPROVED','MMIN','METALLIC MINERAL'),('MNGS','APPROVED','MNGS','MANGOSTEEN'),('MROD','APPROVED','MROD','MUNICIPAL ROAD'),('MROV','APPROVED','MROV','MANGROOVE'),('MSTE','APPROVED','MSTE','MARKET SITE'),('NCAN','APPROVED','NCAN','NIA CANAL'),('NIPA','APPROVED','NIPA','NIPA'),('NIRD','APPROVED','NIRD','NIA ROAD'),('NMIN','APPROVED','NMIN','NON METALLIC MINERAL'),('NROD','APPROVED','NROD','NATIONAL ROAD'),('NSTK','APPROVED','NSTK','NIA STOCKPILE'),('NSUB','APPROVED','NSUB','NIA SUBMERGED AREA'),('NUSI','APPROVED','NUSI','NURSERY SITE'),('OPAM','APPROVED','OPAM','OIL PALM'),('ORCH','APPROVED','ORCH','ORCHARD'),('PALY','APPROVED','PALY','PROPOSED ALLEY'),('PAPA','APPROVED','PAPA','PAPAYA'),('PARK','APPROVED','PARK','PARK'),('PAST','APPROVED','PAST','PASTURE'),('PCST','APPROVED','PCST','PUROK CENTER SITE'),('PINE','APPROVED','PINE','PINEAPPLE'),('PKPG','APPROVED','PKPG','PARKS & PLAYGROUND'),('PLZA','APPROVED','PLZA','PLAZA'),('PMST','APPROVED','PMST','PUBLIC MARKET SITE'),('POME','APPROVED','POME','POMELO'),('PROD','APPROVED','PROD','PROPOSED ROAD'),('PROV','APPROVED','PROV','PROVINCIAL ROAD'),('R','APPROVED','R','RESIDENTIAL'),('RAMB','APPROVED','RAMB','RAMBUTAN'),('RAMI','APPROVED','RAMI','RAMIE'),('RECREATIONAL ','APPROVED','SR','RECREATIONAL '),('RIWI','APPROVED','RIWI','RICE WITH IRRIGATION'),('RIWO','APPROVED','RIWO','RICE WITHOUT IRRIGATION'),('ROAD','APPROVED','ROAD','ROAD'),('ROMB','APPROVED','ROMB','ROMBLON'),('ROOT','APPROVED','ROOT','ROOTCROPS'),('RTER','APPROVED','RTER','TERMINAL SITE'),('RUBB','APPROVED','RUBB','RUBBER'),('RVER','APPROVED','RVER','RIVER'),('RVRB','APPROVED','RVRB','RIVERBED'),('SC','APPROVED','SC','CULTURAL'),('SH','APPROVED','SH','HOSPITAL'),('SOLR','APPROVED','SOLR','SOLAR DRYER SITE'),('SORG','APPROVED','SORG','SORGHUM'),('SOYB','APPROVED','SOYB','SOYBEANS'),('SS','APPROVED','SS','SCIENTIFIC'),('SSIT','APPROVED','SSIT','SCHOOL SITE'),('SUBM','APPROVED','SUBM','SUBMERGED AREA'),('SWAM','APPROVED','SWAM','SWAMPLAND'),('TIMBERLAND','APPROVED','T','TIMBERLAND'),('TREE','APPROVED','TREE','TREE FARM'),('VEGE','APPROVED','VEGE','VEGETABLE TRACK GARDENING'),('WATER DISTRICT','APPROVED','SW','WATER DISTRICT');
/*!40000 ALTER TABLE `landspecificclass` ENABLE KEYS */;
UNLOCK TABLES;

--
-- Table structure for table `landtax_lgu_account_mapping`
--

DROP TABLE IF EXISTS `landtax_lgu_account_mapping`;
/*!40101 SET @saved_cs_client     = @@character_set_client */;
/*!40101 SET character_set_client = utf8 */;
CREATE TABLE `landtax_lgu_account_mapping` (
  `objid` varchar(50) NOT NULL,
  `lgu_objid` varchar(50) NOT NULL,
  `revtype` varchar(50) NOT NULL,
  `revperiod` varchar(50) NOT NULL,
  `item_objid` varchar(50) NOT NULL,
  KEY `FK_landtaxlguaccountmapping_sysorg` (`lgu_objid`),
  KEY `FK_landtaxlguaccountmapping_itemaccount` (`item_objid`),
  KEY `ix_revtype` (`revtype`),
  KEY `ix_objid` (`objid`),
  CONSTRAINT `fk_landtaxlguaccountmapping_itemaccount` FOREIGN KEY (`item_objid`) REFERENCES `itemaccount` (`objid`),
  CONSTRAINT `fk_landtaxlguaccountmapping_sysorg` FOREIGN KEY (`lgu_objid`) REFERENCES `sys_org` (`objid`)
) ENGINE=InnoDB DEFAULT CHARSET=utf8;
/*!40101 SET character_set_client = @saved_cs_client */;

--
-- Dumping data for table `landtax_lgu_account_mapping`
--

LOCK TABLES `landtax_lgu_account_mapping` WRITE;
/*!40000 ALTER TABLE `landtax_lgu_account_mapping` DISABLE KEYS */;
/*!40000 ALTER TABLE `landtax_lgu_account_mapping` ENABLE KEYS */;
UNLOCK TABLES;

--
-- Table structure for table `landtax_report_rptdelinquency`
--

DROP TABLE IF EXISTS `landtax_report_rptdelinquency`;
/*!40101 SET @saved_cs_client     = @@character_set_client */;
/*!40101 SET character_set_client = utf8 */;
CREATE TABLE `landtax_report_rptdelinquency` (
  `objid` varchar(50) NOT NULL,
  `rptledgerid` varchar(50) NOT NULL,
  `barangayid` varchar(50) NOT NULL,
  `year` int(11) NOT NULL,
  `qtr` int(11) DEFAULT NULL,
  `revtype` varchar(50) NOT NULL,
  `amount` decimal(16,2) NOT NULL,
  `interest` decimal(16,2) NOT NULL,
  `discount` decimal(16,2) NOT NULL,
  `dtgenerated` datetime NOT NULL,
  `generatedby_name` varchar(255) NOT NULL,
  `generatedby_title` varchar(100) NOT NULL,
  PRIMARY KEY (`objid`)
) ENGINE=InnoDB DEFAULT CHARSET=utf8;
/*!40101 SET character_set_client = @saved_cs_client */;

--
-- Dumping data for table `landtax_report_rptdelinquency`
--

LOCK TABLES `landtax_report_rptdelinquency` WRITE;
/*!40000 ALTER TABLE `landtax_report_rptdelinquency` DISABLE KEYS */;
/*!40000 ALTER TABLE `landtax_report_rptdelinquency` ENABLE KEYS */;
UNLOCK TABLES;

--
-- Table structure for table `lcuvspecificclass`
--

DROP TABLE IF EXISTS `lcuvspecificclass`;
/*!40101 SET @saved_cs_client     = @@character_set_client */;
/*!40101 SET character_set_client = utf8 */;
CREATE TABLE `lcuvspecificclass` (
  `objid` varchar(50) NOT NULL,
  `landrysettingid` varchar(50) NOT NULL,
  `classification_objid` varchar(50) NOT NULL,
  `areatype` varchar(10) NOT NULL,
  `previd` varchar(50) DEFAULT NULL,
  `landspecificclass_objid` varchar(50) DEFAULT NULL,
  PRIMARY KEY (`objid`),
  KEY `landrysettingid` (`landrysettingid`),
  KEY `FK_lcuvspecificclass_propertyclassification` (`classification_objid`),
  KEY `ix_lcuvspecificclass_previd` (`previd`),
  KEY `ix_previd` (`previd`),
  KEY `ix_landspecificclass_objid` (`landspecificclass_objid`),
  CONSTRAINT `fk_lcuvspecificclass_landspecificclass` FOREIGN KEY (`landspecificclass_objid`) REFERENCES `landspecificclass` (`objid`),
  CONSTRAINT `lcuvspecificclass_ibfk_1` FOREIGN KEY (`landrysettingid`) REFERENCES `landrysetting` (`objid`),
  CONSTRAINT `lcuvspecificclass_ibfk_2` FOREIGN KEY (`classification_objid`) REFERENCES `propertyclassification` (`objid`)
) ENGINE=InnoDB DEFAULT CHARSET=utf8;
/*!40101 SET character_set_client = @saved_cs_client */;

--
-- Dumping data for table `lcuvspecificclass`
--

LOCK TABLES `lcuvspecificclass` WRITE;
/*!40000 ALTER TABLE `lcuvspecificclass` DISABLE KEYS */;
/*!40000 ALTER TABLE `lcuvspecificclass` ENABLE KEYS */;
UNLOCK TABLES;

--
-- Table structure for table `lcuvstripping`
--

DROP TABLE IF EXISTS `lcuvstripping`;
/*!40101 SET @saved_cs_client     = @@character_set_client */;
/*!40101 SET character_set_client = utf8 */;
CREATE TABLE `lcuvstripping` (
  `objid` varchar(50) NOT NULL,
  `landrysettingid` varchar(50) NOT NULL,
  `classification_objid` varchar(50) NOT NULL,
  `striplevel` int(11) NOT NULL,
  `rate` decimal(10,2) NOT NULL,
  `previd` varchar(50) DEFAULT NULL,
  PRIMARY KEY (`objid`),
  KEY `FK_lcuvstripping_landrysetting` (`landrysettingid`),
  KEY `FK_lcuvstripping_propertyclassification` (`classification_objid`),
  KEY `ix_lcuvstripping_previd` (`previd`),
  CONSTRAINT `lcuvstripping_ibfk_1` FOREIGN KEY (`landrysettingid`) REFERENCES `landrysetting` (`objid`),
  CONSTRAINT `lcuvstripping_ibfk_2` FOREIGN KEY (`classification_objid`) REFERENCES `propertyclassification` (`objid`)
) ENGINE=InnoDB DEFAULT CHARSET=utf8;
/*!40101 SET character_set_client = @saved_cs_client */;

--
-- Dumping data for table `lcuvstripping`
--

LOCK TABLES `lcuvstripping` WRITE;
/*!40000 ALTER TABLE `lcuvstripping` DISABLE KEYS */;
/*!40000 ALTER TABLE `lcuvstripping` ENABLE KEYS */;
UNLOCK TABLES;

--
-- Table structure for table `lcuvsubclass`
--

DROP TABLE IF EXISTS `lcuvsubclass`;
/*!40101 SET @saved_cs_client     = @@character_set_client */;
/*!40101 SET character_set_client = utf8 */;
CREATE TABLE `lcuvsubclass` (
  `objid` varchar(50) NOT NULL,
  `specificclass_objid` varchar(50) NOT NULL,
  `landrysettingid` varchar(50) NOT NULL,
  `code` varchar(50) NOT NULL,
  `name` varchar(25) NOT NULL,
  `unitvalue` decimal(10,2) NOT NULL,
  `previd` varchar(50) DEFAULT NULL,
  PRIMARY KEY (`objid`),
  KEY `FK_lcuvsubclass_lcuvspecificclass` (`specificclass_objid`),
  KEY `ix_lcuvsubclass_previd` (`previd`),
  KEY `ix_lcuvsubclass_rootid` (`landrysettingid`),
  KEY `ix_previd` (`previd`),
  CONSTRAINT `lcuvsubclass_ibfk_1` FOREIGN KEY (`landrysettingid`) REFERENCES `landrysetting` (`objid`),
  CONSTRAINT `lcuvsubclass_ibfk_2` FOREIGN KEY (`specificclass_objid`) REFERENCES `lcuvspecificclass` (`objid`)
) ENGINE=InnoDB DEFAULT CHARSET=utf8;
/*!40101 SET character_set_client = @saved_cs_client */;

--
-- Dumping data for table `lcuvsubclass`
--

LOCK TABLES `lcuvsubclass` WRITE;
/*!40000 ALTER TABLE `lcuvsubclass` DISABLE KEYS */;
/*!40000 ALTER TABLE `lcuvsubclass` ENABLE KEYS */;
UNLOCK TABLES;

--
-- Table structure for table `lessor_building`
--

DROP TABLE IF EXISTS `lessor_building`;
/*!40101 SET @saved_cs_client     = @@character_set_client */;
/*!40101 SET character_set_client = utf8 */;
CREATE TABLE `lessor_building` (
  `objid` varchar(50) NOT NULL DEFAULT '',
  `name` varchar(100) DEFAULT NULL,
  `lessor_objid` varchar(50) DEFAULT NULL,
  `lessor_name` varchar(100) DEFAULT NULL,
  `lessor_address_text` varchar(255) DEFAULT NULL,
  `lessor_address_objid` varchar(50) DEFAULT NULL,
  `address1` varchar(50) DEFAULT NULL,
  `address2` varchar(50) DEFAULT NULL,
  `barangay_objid` varchar(50) DEFAULT NULL,
  `barangay_name` varchar(100) DEFAULT NULL,
  PRIMARY KEY (`objid`)
) ENGINE=InnoDB DEFAULT CHARSET=utf8;
/*!40101 SET character_set_client = @saved_cs_client */;

--
-- Dumping data for table `lessor_building`
--

LOCK TABLES `lessor_building` WRITE;
/*!40000 ALTER TABLE `lessor_building` DISABLE KEYS */;
/*!40000 ALTER TABLE `lessor_building` ENABLE KEYS */;
UNLOCK TABLES;

--
-- Table structure for table `lob`
--

DROP TABLE IF EXISTS `lob`;
/*!40101 SET @saved_cs_client     = @@character_set_client */;
/*!40101 SET character_set_client = utf8 */;
CREATE TABLE `lob` (
  `objid` varchar(50) NOT NULL DEFAULT '',
  `state` varchar(10) NOT NULL,
  `name` varchar(100) NOT NULL,
  `classification_objid` varchar(50) NOT NULL,
  `psic` varchar(50) DEFAULT NULL,
  `psic_objid` varchar(50) DEFAULT NULL,
  PRIMARY KEY (`objid`),
  UNIQUE KEY `uix_name` (`name`),
  KEY `FK_lob_lobclassification` (`classification_objid`),
  KEY `ix_psic_objid` (`psic_objid`),
  CONSTRAINT `FK_lob_lobclassification` FOREIGN KEY (`classification_objid`) REFERENCES `lobclassification` (`objid`),
  CONSTRAINT `fk_lob_psic_objid` FOREIGN KEY (`psic_objid`) REFERENCES `psic` (`objid`)
) ENGINE=InnoDB DEFAULT CHARSET=utf8;
/*!40101 SET character_set_client = @saved_cs_client */;

--
-- Dumping data for table `lob`
--

LOCK TABLES `lob` WRITE;
/*!40000 ALTER TABLE `lob` DISABLE KEYS */;
INSERT INTO `lob` VALUES ('LOB-12ad73a4:17283234e49:-7bbf','APPROVED','CARWASH','SERVICES',NULL,NULL),('LOB-1a36cc7b:1572b29a4a4:-6de8','APPROVED','MONEY TRANSFER & REMITTANCES','SERVICES',NULL,NULL),('LOB-1a9da644:161f3d9cff1:-7fd2','APPROVED','PIZZA','MANUFACTURER',NULL,NULL),('LOB-1e77d65e:1609f8b6405:164f','APPROVED','RICE & CORN MILL SERVICES','SERVICES',NULL,NULL),('LOB-200a8393:150b6fae3a4:-5398','APPROVED','COMMERCIAL BANK','FINANCIAL_INSTITUTIONS',NULL,NULL),('LOB-200a8393:150b6fae3a4:-6087','APPROVED','COMMERCIAL BUILDING FOR RENT','SERVICES',NULL,NULL),('LOB-200a8393:150b6fae3a4:-60a3','APPROVED','COFFEE SHOP','SERVICES',NULL,NULL),('LOB-200a8393:150b6fae3a4:-60bd','APPROVED','COCONUT LUMBER','DEALERS',NULL,NULL),('LOB-200a8393:150b6fae3a4:-612b','APPROVED','CELLPHONE REPAIR SHOP','SERVICES',NULL,NULL),('LOB-200a8393:150b6fae3a4:-6144','APPROVED','RETAILER OF CELLPHONE AND ACCESSORIES','RETAILER',NULL,NULL),('LOB-200a8393:150b6fae3a4:-6159','APPROVED','CATERING SERVICES','SERVICES',NULL,NULL),('LOB-200a8393:150b6fae3a4:-6196','APPROVED','BUY & SELL COAL','DEALERS',NULL,NULL),('LOB-200a8393:150b6fae3a4:-61bd','APPROVED','RETAILER OF BUY & SELL CHARCOAL','RETAILER',NULL,NULL),('LOB-24f934bb:15f2cf0cd91:-7965','APPROVED','ROOMS FOR RENT','SERVICES',NULL,NULL),('LOB-30aabaf2:175f29d52d4:-7bfa','APPROVED','METAL WORK SERVICES','SERVICES',NULL,NULL),('LOB-30d6c922:170cc8bafc5:-7544','APPROVED','RETAILER OF RICE & FEEDS','RETAILER',NULL,NULL),('LOB-32779d18:16f7d8ab2ec:-42be','APPROVED','DRUG TEST & MEDICAL SERVICES','SERVICES',NULL,NULL),('LOB-3293956a:1532a7423db:-27b1','APPROVED','RESTAURANT','SERVICES',NULL,NULL),('LOB-3296baf9:16bd4e38286:-7f7d','APPROVED','ONLINE TICKETING SERVICES','SERVICES',NULL,NULL),('LOB-383b7682:16835312df2:-77f1','APPROVED','SOUND SYSTEM RENTAL','SERVICES',NULL,NULL),('LOB-425f5df7:1525c661a0c:-7396','APPROVED','GLASS SERVICES','SERVICES',NULL,NULL),('LOB-513e70c5:17c342224a8:-7c70','APPROVED','MINI MART','WHOLESALERS',NULL,NULL),('LOB-517070ce:17ed7c45bf2:-7ca6','APPROVED','LPG ACCESSORIES','SERVICES',NULL,NULL),('LOB-556c46df:15234322fc4:-4655','APPROVED','RETAILER OF LPG','RETAILER',NULL,NULL),('LOB-65fc978f:168db28ce33:-78f6','APPROVED','RETAILER OF GARDEN & PLANTS','RETAILER',NULL,NULL),('LOB-6e25bea2:16df13d1aa6:-7c43','APPROVED','FASHION SHOP','WHOLESALERS',NULL,NULL),('LOB-b93436c:1550ea9c13f:-7a9b','APPROVED','PHOTOCOPIER SERVICES','SERVICES',NULL,NULL),('LOB-b93436c:1550ea9c13f:-7c06','APPROVED','RETAILER OF SCHOOL SUPPLIES','RETAILER',NULL,NULL),('LOB-ca566f8:150d57eace0:-7db1','APPROVED','RETAILER OF CEMENT','RETAILER',NULL,NULL),('LOB-ca566f8:150d57eace0:-7dcd','APPROVED','RETAILER OF AGRICULTURAL FARM SUPPLY','RETAILER',NULL,NULL),('LOB-ca566f8:150d57eace0:-7de5','APPROVED','REPAIR SHOP','SERVICES',NULL,NULL),('LOB-ca566f8:150d57eace0:-7dfa','APPROVED','PUBLIC UTILITY JEEP SERVICES','SERVICES',NULL,NULL),('LOB-ca566f8:150d57eace0:-7e18','APPROVED','PRINTING JOBS','SERVICES',NULL,NULL),('LOB-ca566f8:150d57eace0:-7e4a','APPROVED','POULTRY RAISING','DEALERS',NULL,NULL),('LOB-ca566f8:150d57eace0:-7e65','APPROVED','POOL','AMUSEMENT',NULL,NULL),('LOB-ca566f8:150d57eace0:-7f6e','APPROVED','PALAY BUYER','DEALERS',NULL,NULL),('LOB-d782645:179ee172373:-7455','APPROVED','MEDICAL CLINIC','SERVICES',NULL,NULL),('LOB14afef5f:155488ff5eb:-7f61','APPROVED','DEALER OF ASSORTED COMMODITIES','DEALERS',NULL,NULL),('LOB1606a7bc:150d61c40c6:-93e','APPROVED','WELDING SHOP','SERVICES',NULL,NULL),('LOB1606a7bc:150d61c40c6:-953','APPROVED','WEB SOLUTIONS & TUTORIALS','SERVICES',NULL,NULL),('LOB1606a7bc:150d61c40c6:-96d','APPROVED','WATER REFILLING STATION','DISTRIBUTOR',NULL,NULL),('LOB1606a7bc:150d61c40c6:-982','APPROVED','WAREHOUSE SERVICES','SERVICES',NULL,NULL),('LOB1606a7bc:150d61c40c6:-99c','APPROVED','VULCANIZING SHOP','SERVICES',NULL,NULL),('LOB1606a7bc:150d61c40c6:-9b4','APPROVED','VIDEOKE','AMUSEMENT',NULL,NULL),('LOB1606a7bc:150d61c40c6:-9cf','APPROVED','RETAILER OF VEGETABLE VENDOR','RETAILER',NULL,NULL),('LOB1606a7bc:150d61c40c6:-9e4','APPROVED','RETAILER OF VARIOUS KITCHEN UTENSILS','RETAILER',NULL,NULL),('LOB1606a7bc:150d61c40c6:-9f9','APPROVED','VAN SERVICES','SERVICES',NULL,NULL),('LOB1606a7bc:150d61c40c6:-a12','APPROVED','TUBA DEALER','DEALERS',NULL,NULL),('LOB1606a7bc:150d61c40c6:-a2c','APPROVED','RETAILER OF TOYS & POPCORN','RETAILER',NULL,NULL),('LOB1606a7bc:150d61c40c6:-a46','APPROVED','TIRE SUPPLY','DEALERS',NULL,NULL),('LOB1606a7bc:150d61c40c6:-a60','APPROVED','TICKETING OUTLET','SERVICES',NULL,NULL),('LOB1606a7bc:150d61c40c6:-a78','APPROVED','TAILORING SERVICES','SERVICES',NULL,NULL),('LOB1606a7bc:150d61c40c6:-ac4','APPROVED','SMALL SCALE LENDING','FINANCIAL_INSTITUTIONS',NULL,NULL),('LOB1606a7bc:150d61c40c6:-adc','APPROVED','SERVICE ESTABLISHMENT','SERVICES',NULL,NULL),('LOB1606a7bc:150d61c40c6:-af4','APPROVED','RETAILER OF SELLING OF RELIGIOUS ITEMS & TOYS','RETAILER',NULL,NULL),('LOB1606a7bc:150d61c40c6:-b0e','APPROVED','RETAILER OF SELLING OF RELIGIOUS ITEMS','RETAILER',NULL,NULL),('LOB1606a7bc:150d61c40c6:-b28','APPROVED','SECURITY AGENCY','SERVICES',NULL,NULL),('LOB1606a7bc:150d61c40c6:-b59','APPROVED','SCRAP BUYER','SERVICES',NULL,NULL),('LOB1606a7bc:150d61c40c6:-bab','APPROVED','RURAL BANK','FINANCIAL_INSTITUTIONS',NULL,NULL),('LOB1606a7bc:150d61c40c6:-bd9','APPROVED','RICE MILL SERVICES','SERVICES',NULL,NULL),('LOB1606a7bc:150d61c40c6:-bf0','APPROVED','RICE DEALER','DEALERS',NULL,NULL),('LOB1606a7bc:150d61c40c6:-c07','APPROVED','RETAILER OF RICE AND CORN','RETAILER',NULL,NULL),('LOB1606a7bc:150d61c40c6:-c22','APPROVED','RETAILER OF SALTED FISH','RETAILER',NULL,NULL),('LOB1606a7bc:150d61c40c6:-c3a','APPROVED','RETAILER OF GASOLINE','RETAILER',NULL,NULL),('LOB22dd10ec:17b5cf5f1bb:-7dc8','APPROVED','PROCESSOR OF MEAT PROCESSING','PROCESSOR',NULL,NULL),('LOB22e2845:15d9b2249f4:-7e27','APPROVED','RETAILER OF UKAY-UKAY','RETAILER',NULL,NULL),('LOB23937e55:161bb5fb19c:-7f8b','APPROVED','CAKES AND PASTRIES','MANUFACTURER',NULL,NULL),('LOB23937e55:161bb5fb19c:-7fd3','APPROVED','DENTAL CLINIC','SERVICES',NULL,NULL),('LOB28de5fbe:17d7d8d4a84:-40fb','APPROVED','BEACH RESORT','AMUSEMENT',NULL,NULL),('LOB2a20cb25:1772873e9b4:-7a47','APPROVED','TRAVELLER\'S INN','SERVICES',NULL,NULL),('LOB30542c65:15253ea1525:-7fc6','APPROVED','RETAILER OF DRESSED CHICKEN','RETAILER',NULL,NULL),('LOB3b5c6e9a:16bb56395c7:-7f8d','APPROVED','CONVENIENCE STORE','WHOLESALERS',NULL,NULL),('LOB3e96ca2f:15112ec9172:-56c2','APPROVED','RETAILER OF RICE','RETAILER',NULL,NULL),('LOB4ba3275e:15bf586f0b6:-7fbb','APPROVED','RESORT','AMUSEMENT',NULL,NULL),('LOB4d44daf7:15f7f37a11d:-6d1c','APPROVED','RETAILER OF FRUIT VENDOR','RETAILER',NULL,NULL),('LOB59019b0d:1601eda95ec:-79bd','APPROVED','RETAILER OF LIEMPO AND CHICKEN','RETAILER',NULL,NULL),('LOB5a582b94:15d07027f74:-7d2c','APPROVED','MONEY CHANGER','SERVICES',NULL,NULL),('LOB601f7a31:164d02a1c12:-7fbb','APPROVED','PENSION HOUSE','SERVICES',NULL,NULL),('LOB639ac11d:16b20312841:-7dcb','APPROVED','DRIVING LESSON','SERVICES',NULL,NULL),('LOB63ece70a:150c58eb6a5:-100e','APPROVED','PHYSICAL FITNESS PLACE','AMUSEMENT',NULL,NULL),('LOB63ece70a:150c58eb6a5:-102a','APPROVED','PHARMACY','DISTRIBUTOR',NULL,NULL),('LOB63ece70a:150c58eb6a5:-1b2d','APPROVED','PEDDLER','PEDDLER',NULL,NULL),('LOB63ece70a:150c58eb6a5:-1eb9','APPROVED','PAWNSHOP','FINANCIAL_INSTITUTIONS',NULL,NULL),('LOB63ece70a:150c58eb6a5:-1ed1','APPROVED','RETAILER OF OKAY-OKAY','RETAILER',NULL,NULL),('LOB63ece70a:150c58eb6a5:-1ee9','APPROVED','PROCESSOR OF NATA DE COCO','PROCESSOR',NULL,NULL),('LOB63ece70a:150c58eb6a5:-1f01','APPROVED','MOTOR PARTS','DEALERS',NULL,NULL),('LOB63ece70a:150c58eb6a5:-1f19','APPROVED','MICROFINANCING','FINANCIAL_INSTITUTIONS',NULL,NULL),('LOB63ece70a:150c58eb6a5:-1f31','APPROVED','PRINTSHOP SERVICES','SERVICES',NULL,NULL),('LOB63ece70a:150c58eb6a5:-1f49','APPROVED','RETAILER OF MEAT VENDOR','RETAILER',NULL,NULL),('LOB63ece70a:150c58eb6a5:-1f5e','APPROVED','MASSAGE / REFLEX','SERVICES',NULL,NULL),('LOB63ece70a:150c58eb6a5:-1f86','APPROVED','LUMBER SUPPLY','DEALERS',NULL,NULL),('LOB63ece70a:150c58eb6a5:-3650','APPROVED','LENDING INSTITUTIONS','FINANCIAL_INSTITUTIONS',NULL,NULL),('LOB63ece70a:150c58eb6a5:-3668','APPROVED','RETAILER OF LECHON MANOK','RETAILER',NULL,NULL),('LOB63ece70a:150c58eb6a5:-3684','APPROVED','RETAILER OF LECHON','RETAILER',NULL,NULL),('LOB63ece70a:150c58eb6a5:-36b1','APPROVED','KINDERGARTEN SCHOOL','SERVICES',NULL,NULL),('LOB63ece70a:150c58eb6a5:-36cf','APPROVED','JUNKSHOP','SERVICES',NULL,NULL),('LOB63ece70a:150c58eb6a5:-36ef','APPROVED','INTERNET CAFE','SERVICES',NULL,NULL),('LOB63ece70a:150c58eb6a5:-3726','APPROVED','RETAILER OF ICE CREAM PARLOR','RETAILER',NULL,NULL),('LOB63ece70a:150c58eb6a5:-3749','APPROVED','HOLLOW BLOCK MAKING','MANUFACTURER',NULL,NULL),('LOB63ece70a:150c58eb6a5:-3760','APPROVED','HERBAL MEDICINES','DEALERS',NULL,NULL),('LOB63ece70a:150c58eb6a5:-3778','APPROVED','HAULING SERVICES','SERVICES',NULL,NULL),('LOB63ece70a:150c58eb6a5:-3794','APPROVED','HARDWARE','WHOLESALERS',NULL,NULL),('LOB63ece70a:150c58eb6a5:-37b2','APPROVED','GENERAL MERCHANDISE','WHOLESALERS',NULL,NULL),('LOB63ece70a:150c58eb6a5:-37cf','APPROVED','GENERAL HOUSEKEEPING SERVICES','SERVICES',NULL,NULL),('LOB63ece70a:150c58eb6a5:-3890','APPROVED','GASOLINE STATION','DISTRIBUTOR',NULL,NULL),('LOB63ece70a:150c58eb6a5:-3945','APPROVED','FURNITURE MAKING','MANUFACTURER',NULL,NULL),('LOB63ece70a:150c58eb6a5:-3a07','APPROVED','FURNITURE/UPHOLSTERY REPAIR','SERVICES',NULL,NULL),('LOB63ece70a:150c58eb6a5:-3a3b','APPROVED','RETAILER OF FRIED CHICKEN','RETAILER',NULL,NULL),('LOB63ece70a:150c58eb6a5:-3a50','APPROVED','RETAILER OF FOOD VENDOR','RETAILER',NULL,NULL),('LOB63ece70a:150c58eb6a5:-3a68','APPROVED','FITNESS CENTER','AMUSEMENT',NULL,NULL),('LOB63ece70a:150c58eb6a5:-3a80','APPROVED','RETAILER OF FISH VENDOR','RETAILER',NULL,NULL),('LOB63ece70a:150c58eb6a5:-3aa7','APPROVED','RETAILER OF FEEDS','RETAILER',NULL,NULL),('LOB63ece70a:150c58eb6a5:-3b52','APPROVED','FINANCE AND INVESTMENT ','FINANCIAL_INSTITUTIONS',NULL,NULL),('LOB63ece70a:150c58eb6a5:-3b76','APPROVED','DISTRIBUTOR OF FARM PRODUCTS','DISTRIBUTOR',NULL,NULL),('LOB63ece70a:150c58eb6a5:-3b8e','APPROVED','DISTRIBUTOR OF ELECTRICAL PRODUCTS','DISTRIBUTOR',NULL,NULL),('LOB63ece70a:150c58eb6a5:-3ba3','APPROVED','EDUCATIONAL INSTITUTION','SERVICES',NULL,NULL),('LOB63ece70a:150c58eb6a5:-3bbf','APPROVED','EATERY','SERVICES',NULL,NULL),('LOB63ece70a:150c58eb6a5:-742f','APPROVED','RETAILER OF DRY GOODS','RETAILER',NULL,NULL),('LOB63ece70a:150c58eb6a5:-745d','APPROVED','RETAILER OF DRIED FISH VENDOR','RETAILER',NULL,NULL),('LOB63ece70a:150c58eb6a5:-7475','APPROVED','DRESS SHOP','SERVICES',NULL,NULL),('LOB63ece70a:150c58eb6a5:-749f','APPROVED','DISTRIBUTOR OF CEMENT','DISTRIBUTOR',NULL,NULL),('LOB63ece70a:150c58eb6a5:-74b7','APPROVED','DEALER OF SOFTDRINKS','DEALERS',NULL,NULL),('LOB63ece70a:150c58eb6a5:-74cc','APPROVED','DEALER OF FROZEN FOODS','DEALERS',NULL,NULL),('LOB63ece70a:150c58eb6a5:-74f9','APPROVED','COPRA BUYING','DEALERS',NULL,NULL),('LOB63ece70a:150c58eb6a5:-750e','APPROVED','COPIER SERVICES','SERVICES',NULL,NULL),('LOB63ece70a:150c58eb6a5:-752a','APPROVED','COOPERATIVE','SERVICES',NULL,NULL),('LOB63ece70a:150c58eb6a5:-7554','APPROVED','RETAILER OF CONSTRUCTION SUPPLY','RETAILER',NULL,NULL),('LOB63ece70a:150c58eb6a5:-756c','APPROVED','COMPUTER SERVICES','SERVICES',NULL,NULL),('LOB63ece70a:150c58eb6a5:-759a','APPROVED','COMPUTER GAMES','AMUSEMENT',NULL,NULL),('LOB63ece70a:150c58eb6a5:-fdc','APPROVED','RETAILER OF PLASTIC WARES','RETAILER',NULL,NULL),('LOB63ece70a:150c58eb6a5:-ff6','APPROVED','PIGGERY','DEALERS',NULL,NULL),('LOB690b69b6:176df6cc6b7:-471','APPROVED','REF-AIRCON AND ELECTRICAL SERVICES','SERVICES',NULL,NULL),('LOB70a2ad6b:150b17245f0:-1aad','APPROVED','COCKPIT ARENA','AMUSEMENT',NULL,NULL),('LOB70a2ad6b:150b17245f0:-624c','APPROVED','RETAILER OF SARI-SARI','RETAILER',NULL,NULL),('LOB7e4a6308:176da2885cd:-4213','APPROVED','MOTORCYCLE SHOP','SERVICES',NULL,NULL),('LOBd8b0606:15bc67a8f51:-706c','APPROVED','TOUR SERVICES','SERVICES',NULL,NULL),('LOBdb44826:150b62146e5:-5939','APPROVED','MOTORELA','SERVICES',NULL,NULL),('LOBdb44826:150b62146e5:-5962','APPROVED','BREAD MAKING','MANUFACTURER',NULL,NULL),('LOBdb44826:150b62146e5:-597b','APPROVED','BOUTIQUE & GIFT SHOP','SERVICES',NULL,NULL),('LOBdb44826:150b62146e5:-62b6','APPROVED','MAHJONG','AMUSEMENT',NULL,NULL),('LOBdb44826:150b62146e5:-62d2','APPROVED','BILLIARD','AMUSEMENT',NULL,NULL),('LOBdb44826:150b62146e5:-62f0','APPROVED','BEAUTY SALON','SERVICES',NULL,NULL),('LOBdb44826:150b62146e5:-63b5','APPROVED','BARBER SHOP','SERVICES',NULL,NULL),('LOBdb44826:150b62146e5:-6bb7','APPROVED','BAKERY','MANUFACTURER',NULL,NULL),('LOBdb44826:150b62146e5:-6bcf','APPROVED','AUTO REPAIR SHOP','SERVICES',NULL,NULL),('LOBdb44826:150b62146e5:-6be9','APPROVED','APARTMENT/HOUSE FOR RENT','SERVICES',NULL,NULL),('LOBdb44826:150b62146e5:-6c10','APPROVED','RETAILER OF AGRIVET','RETAILER',NULL,NULL),('LOBdb44826:150b62146e5:-6c5e','APPROVED','AGRI BUSINESS','DEALERS',NULL,NULL);
/*!40000 ALTER TABLE `lob` ENABLE KEYS */;
UNLOCK TABLES;

--
-- Table structure for table `lob_lobattribute`
--

DROP TABLE IF EXISTS `lob_lobattribute`;
/*!40101 SET @saved_cs_client     = @@character_set_client */;
/*!40101 SET character_set_client = utf8 */;
CREATE TABLE `lob_lobattribute` (
  `lobid` varchar(50) NOT NULL DEFAULT '',
  `lobattributeid` varchar(50) NOT NULL DEFAULT '',
  PRIMARY KEY (`lobid`,`lobattributeid`),
  KEY `FK_lob_lobattribute_lobattribute` (`lobattributeid`),
  CONSTRAINT `FK_lob_lobattribute_lob` FOREIGN KEY (`lobid`) REFERENCES `lob` (`objid`),
  CONSTRAINT `FK_lob_lobattribute_lobattribute` FOREIGN KEY (`lobattributeid`) REFERENCES `lobattribute` (`objid`)
) ENGINE=InnoDB DEFAULT CHARSET=utf8;
/*!40101 SET character_set_client = @saved_cs_client */;

--
-- Dumping data for table `lob_lobattribute`
--

LOCK TABLES `lob_lobattribute` WRITE;
/*!40000 ALTER TABLE `lob_lobattribute` DISABLE KEYS */;
/*!40000 ALTER TABLE `lob_lobattribute` ENABLE KEYS */;
UNLOCK TABLES;

--
-- Table structure for table `lob_report_category`
--

DROP TABLE IF EXISTS `lob_report_category`;
/*!40101 SET @saved_cs_client     = @@character_set_client */;
/*!40101 SET character_set_client = utf8 */;
CREATE TABLE `lob_report_category` (
  `objid` varchar(50) NOT NULL,
  `parentid` varchar(50) DEFAULT NULL,
  `groupid` varchar(50) DEFAULT NULL,
  `title` varchar(255) DEFAULT NULL,
  `itemtype` varchar(25) DEFAULT NULL,
  PRIMARY KEY (`objid`),
  KEY `ix_parentid` (`parentid`),
  KEY `ix_groupid` (`groupid`),
  CONSTRAINT `fk_lob_report_category_groupid` FOREIGN KEY (`groupid`) REFERENCES `lob_report_group` (`objid`)
) ENGINE=InnoDB DEFAULT CHARSET=utf8;
/*!40101 SET character_set_client = @saved_cs_client */;

--
-- Dumping data for table `lob_report_category`
--

LOCK TABLES `lob_report_category` WRITE;
/*!40000 ALTER TABLE `lob_report_category` DISABLE KEYS */;
/*!40000 ALTER TABLE `lob_report_category` ENABLE KEYS */;
UNLOCK TABLES;

--
-- Table structure for table `lob_report_category_mapping`
--

DROP TABLE IF EXISTS `lob_report_category_mapping`;
/*!40101 SET @saved_cs_client     = @@character_set_client */;
/*!40101 SET character_set_client = utf8 */;
CREATE TABLE `lob_report_category_mapping` (
  `objid` varchar(50) NOT NULL,
  `lobid` varchar(50) NOT NULL,
  `categoryid` varchar(50) NOT NULL,
  PRIMARY KEY (`objid`),
  UNIQUE KEY `uix_categoryid` (`categoryid`),
  KEY `ix_lobid` (`lobid`),
  CONSTRAINT `fk_lob_report_category_mapping_categoryid` FOREIGN KEY (`categoryid`) REFERENCES `lob_report_category` (`objid`)
) ENGINE=InnoDB DEFAULT CHARSET=utf8;
/*!40101 SET character_set_client = @saved_cs_client */;

--
-- Dumping data for table `lob_report_category_mapping`
--

LOCK TABLES `lob_report_category_mapping` WRITE;
/*!40000 ALTER TABLE `lob_report_category_mapping` DISABLE KEYS */;
/*!40000 ALTER TABLE `lob_report_category_mapping` ENABLE KEYS */;
UNLOCK TABLES;

--
-- Table structure for table `lob_report_group`
--

DROP TABLE IF EXISTS `lob_report_group`;
/*!40101 SET @saved_cs_client     = @@character_set_client */;
/*!40101 SET character_set_client = utf8 */;
CREATE TABLE `lob_report_group` (
  `objid` varchar(50) NOT NULL,
  `title` varchar(255) DEFAULT NULL,
  PRIMARY KEY (`objid`)
) ENGINE=InnoDB DEFAULT CHARSET=utf8;
/*!40101 SET character_set_client = @saved_cs_client */;

--
-- Dumping data for table `lob_report_group`
--

LOCK TABLES `lob_report_group` WRITE;
/*!40000 ALTER TABLE `lob_report_group` DISABLE KEYS */;
/*!40000 ALTER TABLE `lob_report_group` ENABLE KEYS */;
UNLOCK TABLES;

--
-- Table structure for table `lobattribute`
--

DROP TABLE IF EXISTS `lobattribute`;
/*!40101 SET @saved_cs_client     = @@character_set_client */;
/*!40101 SET character_set_client = utf8 */;
CREATE TABLE `lobattribute` (
  `objid` varchar(50) NOT NULL DEFAULT '',
  `state` varchar(10) NOT NULL,
  `name` varchar(50) NOT NULL,
  `description` varchar(100) DEFAULT NULL,
  PRIMARY KEY (`objid`)
) ENGINE=InnoDB DEFAULT CHARSET=utf8;
/*!40101 SET character_set_client = @saved_cs_client */;

--
-- Dumping data for table `lobattribute`
--

LOCK TABLES `lobattribute` WRITE;
/*!40000 ALTER TABLE `lobattribute` DISABLE KEYS */;
INSERT INTO `lobattribute` VALUES ('ESSENTIAL','DRAFT','ESSENTIAL',NULL),('HAS_WEIGHTS_AND_MEASURES','DRAFT','HAS_WEIGHTS_AND_MEASURES','HAS WEIGHTS AND MEASURES');
/*!40000 ALTER TABLE `lobattribute` ENABLE KEYS */;
UNLOCK TABLES;

--
-- Table structure for table `lobclassification`
--

DROP TABLE IF EXISTS `lobclassification`;
/*!40101 SET @saved_cs_client     = @@character_set_client */;
/*!40101 SET character_set_client = utf8 */;
CREATE TABLE `lobclassification` (
  `objid` varchar(50) NOT NULL DEFAULT '',
  `state` varchar(10) NOT NULL,
  `name` varchar(100) NOT NULL,
  `remarks` varchar(100) DEFAULT NULL,
  PRIMARY KEY (`objid`)
) ENGINE=InnoDB DEFAULT CHARSET=utf8;
/*!40101 SET character_set_client = @saved_cs_client */;

--
-- Dumping data for table `lobclassification`
--

LOCK TABLES `lobclassification` WRITE;
/*!40000 ALTER TABLE `lobclassification` DISABLE KEYS */;
INSERT INTO `lobclassification` VALUES ('AMUSEMENT','DRAFT','AMUSEMENT ','AMUSEMENT'),('ASSEMBLER','DRAFT','ASSEMBLER','ASSEMBLER'),('CONTRACTORS','DRAFT','CONTRACTORS','CONTRACTORS'),('DEALERS','DRAFT','DEALERS','DEALERS'),('DISTRIBUTOR','DRAFT','DISTRIBUTOR','DISTRIBUTOR'),('EXPORTER','DRAFT','EXPORTER ','EXPORTER'),('FINANCIAL_INSTITUTIONS','DRAFT','FINANCIAL INSTITUTIONS','FINANCIAL INSTITUTIONS'),('MANUFACTURER','DRAFT','MANUFACTURER','MANUFACTURER'),('OTHER','DRAFT','OTHER BUSINESS ','OTHER BUSINESS'),('PEDDLER','DRAFT','PEDDLER','PEDDLER'),('PROCESSOR','DRAFT','PROCESSOR','PROCESSOR'),('RETAILER','DRAFT','RETAILER','RETAILER'),('SERVICES','DRAFT','SERVICES','SERVICES'),('WHOLESALERS','DRAFT','WHOLESALERS','WHOLESALERS');
/*!40000 ALTER TABLE `lobclassification` ENABLE KEYS */;
UNLOCK TABLES;

--
-- Table structure for table `machassesslevel`
--

DROP TABLE IF EXISTS `machassesslevel`;
/*!40101 SET @saved_cs_client     = @@character_set_client */;
/*!40101 SET character_set_client = utf8 */;
CREATE TABLE `machassesslevel` (
  `objid` varchar(50) NOT NULL,
  `machrysettingid` varchar(50) NOT NULL,
  `classification_objid` varchar(50) DEFAULT NULL,
  `code` varchar(10) NOT NULL,
  `name` varchar(50) NOT NULL,
  `fixrate` int(11) NOT NULL,
  `rate` decimal(10,2) NOT NULL,
  `previd` varchar(50) DEFAULT NULL,
  PRIMARY KEY (`objid`),
  KEY `machrysettingid` (`machrysettingid`),
  KEY `FK_machassesslevel_propertyclassification` (`classification_objid`),
  KEY `ix_machassesslevel_previd` (`previd`),
  KEY `ix_previd` (`previd`),
  CONSTRAINT `machassesslevel_ibfk_1` FOREIGN KEY (`machrysettingid`) REFERENCES `machrysetting` (`objid`),
  CONSTRAINT `machassesslevel_ibfk_2` FOREIGN KEY (`classification_objid`) REFERENCES `propertyclassification` (`objid`)
) ENGINE=InnoDB DEFAULT CHARSET=utf8;
/*!40101 SET character_set_client = @saved_cs_client */;

--
-- Dumping data for table `machassesslevel`
--

LOCK TABLES `machassesslevel` WRITE;
/*!40000 ALTER TABLE `machassesslevel` DISABLE KEYS */;
/*!40000 ALTER TABLE `machassesslevel` ENABLE KEYS */;
UNLOCK TABLES;

--
-- Table structure for table `machassesslevelrange`
--

DROP TABLE IF EXISTS `machassesslevelrange`;
/*!40101 SET @saved_cs_client     = @@character_set_client */;
/*!40101 SET character_set_client = utf8 */;
CREATE TABLE `machassesslevelrange` (
  `objid` varchar(50) NOT NULL,
  `machassesslevelid` varchar(50) NOT NULL,
  `machrysettingid` varchar(50) NOT NULL,
  `mvfrom` decimal(16,2) NOT NULL,
  `mvto` decimal(16,2) NOT NULL,
  `rate` decimal(16,2) NOT NULL,
  PRIMARY KEY (`objid`),
  KEY `machrysettingid` (`machrysettingid`),
  KEY `FK_machassesslevelrange_machassesslevel` (`machassesslevelid`),
  CONSTRAINT `machassesslevelrange_ibfk_1` FOREIGN KEY (`machassesslevelid`) REFERENCES `machassesslevel` (`objid`),
  CONSTRAINT `machassesslevelrange_ibfk_2` FOREIGN KEY (`machrysettingid`) REFERENCES `machrysetting` (`objid`)
) ENGINE=InnoDB DEFAULT CHARSET=utf8;
/*!40101 SET character_set_client = @saved_cs_client */;

--
-- Dumping data for table `machassesslevelrange`
--

LOCK TABLES `machassesslevelrange` WRITE;
/*!40000 ALTER TABLE `machassesslevelrange` DISABLE KEYS */;
/*!40000 ALTER TABLE `machassesslevelrange` ENABLE KEYS */;
UNLOCK TABLES;

--
-- Table structure for table `machdetail`
--

DROP TABLE IF EXISTS `machdetail`;
/*!40101 SET @saved_cs_client     = @@character_set_client */;
/*!40101 SET character_set_client = utf8 */;
CREATE TABLE `machdetail` (
  `objid` varchar(50) NOT NULL,
  `machuseid` varchar(50) NOT NULL,
  `machrpuid` varchar(50) NOT NULL,
  `machine_objid` varchar(50) NOT NULL,
  `operationyear` int(11) DEFAULT NULL,
  `replacementcost` decimal(16,2) NOT NULL,
  `depreciation` decimal(16,6) DEFAULT NULL,
  `depreciationvalue` decimal(16,2) NOT NULL,
  `basemarketvalue` decimal(16,2) NOT NULL,
  `marketvalue` decimal(16,2) NOT NULL,
  `assesslevel` decimal(16,2) NOT NULL,
  `assessedvalue` decimal(16,2) NOT NULL,
  `brand` varchar(50) DEFAULT NULL,
  `capacity` varchar(50) DEFAULT NULL,
  `model` varchar(50) DEFAULT NULL,
  `serialno` varchar(50) DEFAULT NULL,
  `status` varchar(50) DEFAULT NULL,
  `yearacquired` int(11) DEFAULT NULL,
  `estimatedlife` int(11) DEFAULT NULL,
  `remaininglife` int(11) DEFAULT NULL,
  `yearinstalled` int(11) DEFAULT NULL,
  `yearsused` int(11) DEFAULT NULL,
  `originalcost` decimal(16,2) NOT NULL,
  `freightcost` decimal(16,2) NOT NULL,
  `insurancecost` decimal(16,2) NOT NULL,
  `installationcost` decimal(16,2) NOT NULL,
  `brokeragecost` decimal(16,2) NOT NULL,
  `arrastrecost` decimal(16,2) NOT NULL,
  `othercost` decimal(16,2) NOT NULL,
  `acquisitioncost` decimal(16,2) NOT NULL,
  `feracid` varchar(50) DEFAULT NULL,
  `ferac` decimal(16,2) DEFAULT NULL,
  `forexid` varchar(50) DEFAULT NULL,
  `forex` decimal(16,4) DEFAULT NULL,
  `residualrate` decimal(16,2) NOT NULL,
  `conversionfactor` decimal(16,2) NOT NULL,
  `swornamount` decimal(16,2) NOT NULL,
  `useswornamount` int(11) NOT NULL,
  `imported` int(11) NOT NULL,
  `newlyinstalled` int(11) NOT NULL,
  `autodepreciate` int(11) NOT NULL,
  `taxable` int(11) DEFAULT NULL,
  `smvid` varchar(50) DEFAULT NULL,
  `params` text,
  PRIMARY KEY (`objid`),
  KEY `FK_machdetail_machforex` (`feracid`),
  KEY `FK_machdetail_machforexid` (`forexid`),
  KEY `FK_machdetail_machine` (`machine_objid`),
  KEY `FK_machdetail_machrpu` (`machrpuid`),
  KEY `FK_machdetail_machuse` (`machuseid`),
  KEY `ix_smvid` (`smvid`),
  CONSTRAINT `fk_machdetail_machine_smv` FOREIGN KEY (`smvid`) REFERENCES `machine_smv` (`objid`),
  CONSTRAINT `machdetail_ibfk_1` FOREIGN KEY (`feracid`) REFERENCES `machforex` (`objid`),
  CONSTRAINT `machdetail_ibfk_2` FOREIGN KEY (`forexid`) REFERENCES `machforex` (`objid`),
  CONSTRAINT `machdetail_ibfk_3` FOREIGN KEY (`machine_objid`) REFERENCES `machine` (`objid`),
  CONSTRAINT `machdetail_ibfk_4` FOREIGN KEY (`machrpuid`) REFERENCES `machrpu` (`objid`),
  CONSTRAINT `machdetail_ibfk_5` FOREIGN KEY (`machuseid`) REFERENCES `machuse` (`objid`)
) ENGINE=InnoDB DEFAULT CHARSET=utf8;
/*!40101 SET character_set_client = @saved_cs_client */;

--
-- Dumping data for table `machdetail`
--

LOCK TABLES `machdetail` WRITE;
/*!40000 ALTER TABLE `machdetail` DISABLE KEYS */;
/*!40000 ALTER TABLE `machdetail` ENABLE KEYS */;
UNLOCK TABLES;

--
-- Table structure for table `machforex`
--

DROP TABLE IF EXISTS `machforex`;
/*!40101 SET @saved_cs_client     = @@character_set_client */;
/*!40101 SET character_set_client = utf8 */;
CREATE TABLE `machforex` (
  `objid` varchar(50) NOT NULL,
  `machrysettingid` varchar(50) NOT NULL,
  `year` int(11) NOT NULL,
  `forex` decimal(10,6) NOT NULL,
  `previd` varchar(50) DEFAULT NULL,
  PRIMARY KEY (`objid`),
  KEY `machrysettingid` (`machrysettingid`),
  KEY `ix_machforex_previd` (`previd`),
  KEY `ix_previd` (`previd`),
  CONSTRAINT `machforex_ibfk_1` FOREIGN KEY (`machrysettingid`) REFERENCES `machrysetting` (`objid`)
) ENGINE=InnoDB DEFAULT CHARSET=utf8;
/*!40101 SET character_set_client = @saved_cs_client */;

--
-- Dumping data for table `machforex`
--

LOCK TABLES `machforex` WRITE;
/*!40000 ALTER TABLE `machforex` DISABLE KEYS */;
/*!40000 ALTER TABLE `machforex` ENABLE KEYS */;
UNLOCK TABLES;

--
-- Table structure for table `machine`
--

DROP TABLE IF EXISTS `machine`;
/*!40101 SET @saved_cs_client     = @@character_set_client */;
/*!40101 SET character_set_client = utf8 */;
CREATE TABLE `machine` (
  `objid` varchar(50) NOT NULL,
  `state` varchar(10) NOT NULL,
  `code` varchar(50) NOT NULL,
  `name` varchar(250) NOT NULL,
  PRIMARY KEY (`objid`),
  UNIQUE KEY `ux_machine_code` (`code`),
  UNIQUE KEY `ux_machine_name` (`name`),
  KEY `ix_machine_state` (`state`)
) ENGINE=InnoDB DEFAULT CHARSET=utf8;
/*!40101 SET character_set_client = @saved_cs_client */;

--
-- Dumping data for table `machine`
--

LOCK TABLES `machine` WRITE;
/*!40000 ALTER TABLE `machine` DISABLE KEYS */;
INSERT INTO `machine` VALUES ('AERI','APPROVED','AERI','AERIAL PROPPING SYSTEM'),('AERT','APPROVED','AERT','AERIAL TRACTOR'),('AGIT','APPROVED','AGIT','AGITATOR'),('AICO','APPROVED','AICO','AIR COMPRESSOR'),('AIRC','APPROVED','AIRC','AIRCONDITION UNIT'),('ALAR','APPROVED','ALAR','ALARM'),('ANTE','APPROVED','ANTE','ANTENNA'),('ANTS','APPROVED','ANTS','ANTENNA 3 SECTOR'),('ANVI','APPROVED','ANVI','BLACKSMITH ANVIL & STAND'),('APIP','APPROVED','APIP','AYING PIPE & DISTRIBUTION'),('ASPH','APPROVED','ASPH','ASPHALT BATCHING PLANT'),('AUBM','APPROVED','AUBM','AUTOMATIC BAKER MACHINE'),('AUTM','APPROVED','AUTM','AUTOMATED TELLER MACHINE'),('BAKE','APPROVED','BAKE','BAKER MACHINE'),('BAND','APPROVED','BAND','BANDSAW'),('BLOW','APPROVED','BLOW','BLOWER'),('BOIL','APPROVED','BOIL','BOILER'),('BRID','APPROVED','BRID','BRIDGE DOUBLE OVERHEAD'),('BSTE','APPROVED','BSTE','BST EQUIPMENT'),('BTSA','APPROVED','BTSA','BTS ANTENNA'),('BTSE','APPROVED','BTSE','BTS EQUIPMENT'),('BTSM','APPROVED','BTSM','BTS MICROWAVE'),('BTSP','APPROVED','BTSP','BTS POWER SYSTEM'),('BXLC','APPROVED','BXLC','BOX LIFT CONVEYOR WITH MOTOR'),('CABL','APPROVED','CABL','CABLEWAYS'),('CALI','APPROVED','CALI','CALIBRATOR'),('CBOT','APPROVED','CBOT','CASHIER\'S BOOTH'),('CETO','APPROVED','CETO','CELLULAR TOWER'),('CFLA','APPROVED','CFLA','CUT-OUT FUSE WITH LIGHTNING ARRESTER'),('CHEM','APPROVED','CHEM','CHEMICAL MIXING EQUIPMENT'),('CHIL','APPROVED','CHIL','CHILLER'),('CMCH','APPROVED','CMCH','CUTTING MACHINE'),('CMTS','APPROVED','CMTS','CEMENT TANK STYLO'),('COBS','APPROVED','COBS','CONVEYOR BELT SYSTEM'),('COMI','APPROVED','COMI','CORN MILL MACHINE'),('COMP','APPROVED','COMP','COMPRESSOR'),('COND','APPROVED','COND','CONDENSER'),('CONO','APPROVED','CONO','BABY CONO'),('COWI','APPROVED','COWI','COMPOUND WIRING'),('CPMC','APPROVED','CPMC','CONCRETE PRODUCT MACHINE'),('CSHL','APPROVED','CSHL','CORN SHELLER'),('CSYS','APPROVED','CSYS','CONTROL SYSTEM'),('CTRN','APPROVED','CTRN','CELLULAR TRANSMISSION'),('CUFI','APPROVED','CUFI','CUTTER FILLER'),('CUPU','APPROVED','CUPU','CUTTER PUNCHER'),('CUTT','APPROVED','CUTT','CUTTER'),('CVOL','APPROVED','CVOL','CONTROL VOLTAGE'),('CWRK','APPROVED','CWRK','CONCRETE WORK'),('DEEP','APPROVED','DEEP','DEEP WELL'),('DEHY','APPROVED','DEHY','DEHYRATOR'),('DEWD','APPROVED','DEWD','DEEP WELL DRILLING'),('DEWP','APPROVED','DEWP','DEEP WELL PROPPING'),('DIDM','APPROVED','DIDM','DIRECT DRIVE MODEL'),('DIEP','APPROVED','DIEP','DIESEL ENGINE POWER EQUIPMENT'),('DIMA','APPROVED','DIMA','DISPENSING MACHINE'),('DIPU','APPROVED','DIPU','DISPENSING PUMPS'),('DRIL','APPROVED','DRIL','DEEP WELL DRILLING & TEST PUMPING'),('DRIP','APPROVED','DRIP','DRIP IRRIGATION'),('DRYR','APPROVED','DRYR','DRYER'),('DSKI','APPROVED','DSKI','DISK INSULATOR'),('DWDT','APPROVED','DWDT','DEEP WELL & TEST PUMPING'),('ECUT','APPROVED','ECUT','ELECTRIC CUTTER'),('ELGE','APPROVED','ELGE','ELECTRIC GENERATOR'),('ELMO','APPROVED','ELMO','ELECTRIC MOTOR'),('ELPA','APPROVED','ELPA','ELECTRIC POST AND ACCESSORIES'),('ELPT','APPROVED','ELPT','ELECTRIC POST'),('ELPU','APPROVED','ELPU','ELECTRIC PUMP'),('EMHM','APPROVED','EMHM','ELECTOMAGNETIC HEATING MACHINE'),('ENGI','APPROVED','ENGI','ENGINE SET WITH APPARATUS'),('EPLN','APPROVED','EPLN','ELECTRIC PLAINER'),('ESYS','APPROVED','ESYS','ELECTRIC LINE SYSTEM'),('EWRK','APPROVED','EWRK','EARTHWORK'),('EXMA','APPROVED','EXMA','EXTRUDER MACHINE'),('FAMA','APPROVED','FAMA','FACER MACHINERY'),('FEED','APPROVED','FEED','FEEDERS'),('FILT','APPROVED','FILT','FILTER TANK'),('FLFS','APPROVED','FLFS','FLAT FORM SCALES'),('FLFT','APPROVED','FLFT','FORKLIFT'),('FLTA','APPROVED','FLTA','FLOWTATION TANK'),('FNCE','APPROVED','FNCE','FENCE'),('FOGG','APPROVED','FOGG','FOGGING SYSTEM'),('FOMA','APPROVED','FOMA','FOAM MACHINE'),('FSHT','APPROVED','FSHT','FOUR SHUTTLE'),('FTNK','APPROVED','FTNK','FUEL TANK'),('GEEQ','APPROVED','GEEQ','GENERATOR & POWER EQUIPMENT'),('GLME','APPROVED','GLME','GLUE MIXING EQUIPMENT'),('GLUE','APPROVED','GLUE','GLUE MACHINERY'),('GOUL','APPROVED','GOUL','GOULD PUMP'),('GRAN','APPROVED','GRAN','GRANULATOR'),('GRCO','APPROVED','GRCO','GRAVITY CONVEYORS'),('GRIL','APPROVED','GRIL','GRILLS'),('GRIN','APPROVED','GRIN','GRINDER'),('GRNB','APPROVED','GRNB','BENCH GRINDER'),('GSET','APPROVED','GSET','GENERATOR SET'),('GSTA','APPROVED','GSTA','GASOLINE STATION'),('GSTE','APPROVED','GSTE','GASOLINE STATION EQUIPMENT'),('GUYI','APPROVED','GUYI','GUYING'),('HEAT','APPROVED','HEAT','HEATER'),('HMIL','APPROVED','HMIL','HAMMER MILL'),('HOPP','APPROVED','HOPP','HYDRO OIL PUMP'),('HPCP','APPROVED','HPCP','HIGH PRESSURE CLEANING PUMP'),('HSRT','APPROVED','HSRT','HSB RADIO TERMINAL'),('HYBP','APPROVED','HYBP','HYDRAULIC BALING PRESS'),('JETP','APPROVED','JETP','JET PUMP'),('JNTR','APPROVED','JNTR','JOINTER'),('KMTR','APPROVED','KMTR','KILOWATT HOUR METER'),('KNIF','APPROVED','KNIF','KNIFE SINGLE AUTO DEON STACKER'),('LDMC','APPROVED','LDMC','LAUNDRY AND DRIER MACHINE'),('LPGP','APPROVED','LPGP','LPG PRESSURE PUMP'),('LPGT','APPROVED','LPGT','LPG TANK'),('LUFL','APPROVED','LUFL','LUMINAR FLOW'),('MACR','APPROVED','MACR','MACRO MOBILE BANANA PROCESSOR'),('MASH','APPROVED','MASH','MACHINE SHED'),('MDRY','APPROVED','MDRY','MECHANIC DRYER'),('MDTR','APPROVED','MDTR','METAL DETECTOR'),('MEFP','APPROVED','MEFP','MEDIA FILTERS PIPES'),('MICRO','APPROVED','MICRO','MICROVE RADIUS'),('MIDR','APPROVED','MIDR','MICRO-DRIP IRRIGATION SYSTEM'),('MILL','APPROVED','MILL','MILL MACHINE'),('MINI','APPROVED','MINI','MINI MOBILE BANANA PROCESSOR'),('MIPU','APPROVED','MIPU','MIXING PUMP'),('MIXP','APPROVED','MIXP','MIXING PLANT'),('MIXR','APPROVED','MIXR','MIXER'),('MMAT','APPROVED','MMAT','MISCELLANEOUS MATERIALS'),('MMCH','APPROVED','MMCH','MELTING MACHINE'),('MOEN','APPROVED','MOEN','MOTOR ENGINE WITH ACCESSORIES'),('MOPA','APPROVED','MOPA','MOTOR PUMPS & ACCESSORIES'),('MOPP','APPROVED','MOPP','MOBILE PACKING PLANT'),('MOTO','APPROVED','MOTO','MOTOR PUMP'),('MWVE','APPROVED','MWVE','MICROWAVE'),('OVCP','APPROVED','OVCP','OVERHEAD CABLE PROPPING'),('PAEQ','APPROVED','PAEQ','PACKING EQUIPMENT'),('PBMC','APPROVED','PBMC','PLASTIC BAG MACHINE'),('PDRM','APPROVED','PDRM','PLASTIC DRAWING MACHINE'),('PEFB','APPROVED','PEFB','PE FOAM BLOWER'),('PEMA','APPROVED','PEMA','PACKING EQUIPMENT MACHINERIES'),('PICC','APPROVED','PICC','PIPELINES & CONCRETE CANALS'),('PIPE','APPROVED','PIPE','PIPELINES'),('PLAS','APPROVED','PLAS','PLASTIC PELLETS MAKING MACHINE'),('PLNR','APPROVED','PLNR','PLAINER'),('PLZM','APPROVED','PLZM','PELLETIZER MACHINE'),('PMCH','APPROVED','PMCH','PRESSURE MACHINE'),('POEQ','APPROVED','POEQ','POWER EQUIPMENT'),('POLI','APPROVED','POLI','POLISHER'),('PRNT','APPROVED','PRNT','PRINTER'),('PUAC','APPROVED','PUAC','PUMP & ACCESSORIES'),('PUDI','APPROVED','PUDI','PUMP DISPENSER'),('PULV','APPROVED','PULV','PULVERIZER'),('PUMA','APPROVED','PUMA','PUMP MACHINE'),('RADI','APPROVED','RADI','RADIO EQUIPMENT'),('READ','APPROVED','READ','REFRIGERATED AIR DRYER'),('RECO','APPROVED','RECO','RE-CONDITIONER'),('RECT','APPROVED','RECT','RECTIFIERS'),('RIHO','APPROVED','RIHO','RICE HOLLER'),('RIMI','APPROVED','RIMI','RICE MILL MACHINE'),('RJCM','APPROVED','RJCM','REJECT CONVEYOR WITH MOTOR'),('RORO','APPROVED','RORO','ROUGH ROLLER'),('ROSC','APPROVED','ROSC','ROTARY SCREW COMPRESSOR'),('ROST','APPROVED','ROST','ROLL STAND'),('SASY','APPROVED','SASY','SECURITY ALARM SYSTEM'),('SAWC','APPROVED','SAWC','BANDSAW WITH CARRIAGE'),('SAWM','APPROVED','SAWM','MINI BANDSAW'),('SAWT','APPROVED','SAWT','TABLE BANDSAW'),('SCRE','APPROVED','SCRE','SCREEDER'),('SECB','APPROVED','SECB','SEC BATTERIES'),('SESY','APPROVED','SESY','SECURITY SYSTEM'),('SEWM','APPROVED','SEWM','SEWING MACHINE'),('SHMA','APPROVED','SHMA','SHREDDER MACHINE'),('SHWP','APPROVED','SHWP','SHALLOW WELL PUMP'),('SKMA','APPROVED','SKMA','STICKING MACHINE'),('SLIT','APPROVED','SLIT','SLITTER SCORER'),('SNMA','APPROVED','SNMA','SNAPPING MACHINE'),('SORT','APPROVED','SORT','SORTING MACHINE'),('SPLI','APPROVED','SPLI','SPLICES MACHINE'),('SPMA','APPROVED','SPMA','STRAPPING MACHINE'),('SPPU','APPROVED','SPPU','SPRAY PUMP'),('STBA','APPROVED','STBA','STEEL BASE'),('STDA','APPROVED','STDA','STD ANTENNA'),('STEE','APPROVED','STEE','STEEL TANK'),('STIC','APPROVED','STIC','STICHING MACHINE'),('STRA','APPROVED','STRA','STEE RACK'),('SUBM','APPROVED','SUBM','SUBMERSIBLE PUMP'),('SUPU','APPROVED','SUPU','SUMP PUMP'),('SYPB','APPROVED','SYPB','SYNCHRONIZING PANEL BOARD'),('TANK','APPROVED','TANK','TANK'),('TOWE','APPROVED','TOWE','TOWER'),('TRAN','APPROVED','TRAN','TRANSFORMER'),('TRCA','APPROVED','TRCA','TRANSFORMER CAGE'),('TRIM','APPROVED','TRIM','TRIM BLOWER & CHOPPER'),('TRLE','APPROVED','TRLE','TRANSMISSION LINE EQUIPMENT'),('TROL','APPROVED','TROL','TROLLEY'),('TRUC','APPROVED','TRUC','TRUCK SCALE'),('TSAW','APPROVED','TSAW','TRIMMER SAW'),('UNGT','APPROVED','UNGT','UNDERGROUND TANK'),('VABM','APPROVED','VABM','VACUUM BAG MACHINE'),('VACC','APPROVED','VACC','VACCUMER'),('VAGE','APPROVED','VAGE','VAULT GENERATOR'),('VBRT','APPROVED','VBRT','VIBRATING TABLE'),('VOLT','APPROVED','VOLT','VOLTAGE REGULATOR'),('VULT','APPROVED','VULT','VAULT'),('WAPI','APPROVED','WAPI','WATER PUMP & IMPROVEMENTS'),('WAPS','APPROVED','WAPS','WATER PURIFICATION SYSTEM'),('WAPU','APPROVED','WAPU','WATER PUMP'),('WARE','APPROVED','WARE','WASTE REFILLER'),('WASC','APPROVED','WASC','WATER SYSTEM COMPLEX'),('WASO','APPROVED','WASO','WATER SOFTENER'),('WATA','APPROVED','WATA','WATER TANK'),('WATI','APPROVED','WATI','WATER TANK & IMPROVEMENTS'),('WATS','APPROVED','WATS','WATER TREATMENT SYSTEM'),('WAYC','APPROVED','WAYC','WAY COATER'),('WMIL','APPROVED','WMIL','WINDMILL'),('WPRM','APPROVED','WPRM','WORF PRINTING MACHINE'),('WSCA','APPROVED','WSCA','WEIGHING SCALE'),('WWTP','APPROVED','WWTP','WATER WASTE TREATMENT PLANT');
/*!40000 ALTER TABLE `machine` ENABLE KEYS */;
UNLOCK TABLES;

--
-- Table structure for table `machine_smv`
--

DROP TABLE IF EXISTS `machine_smv`;
/*!40101 SET @saved_cs_client     = @@character_set_client */;
/*!40101 SET character_set_client = utf8 */;
CREATE TABLE `machine_smv` (
  `objid` varchar(50) NOT NULL,
  `parent_objid` varchar(50) NOT NULL,
  `machine_objid` varchar(50) NOT NULL,
  `expr` varchar(255) NOT NULL,
  `previd` varchar(50) DEFAULT NULL,
  PRIMARY KEY (`objid`),
  UNIQUE KEY `ux_parent_machine` (`parent_objid`,`machine_objid`),
  KEY `ix_parent_objid` (`parent_objid`),
  KEY `ix_machine_objid` (`machine_objid`),
  KEY `ix_previd` (`previd`),
  CONSTRAINT `fk_machinesmv_machine` FOREIGN KEY (`machine_objid`) REFERENCES `machine` (`objid`),
  CONSTRAINT `fk_machinesmv_machinesmv` FOREIGN KEY (`previd`) REFERENCES `machine_smv` (`objid`),
  CONSTRAINT `fk_machinesmv_machrysetting` FOREIGN KEY (`parent_objid`) REFERENCES `machrysetting` (`objid`)
) ENGINE=InnoDB DEFAULT CHARSET=utf8;
/*!40101 SET character_set_client = @saved_cs_client */;

--
-- Dumping data for table `machine_smv`
--

LOCK TABLES `machine_smv` WRITE;
/*!40000 ALTER TABLE `machine_smv` DISABLE KEYS */;
/*!40000 ALTER TABLE `machine_smv` ENABLE KEYS */;
UNLOCK TABLES;

--
-- Table structure for table `machrpu`
--

DROP TABLE IF EXISTS `machrpu`;
/*!40101 SET @saved_cs_client     = @@character_set_client */;
/*!40101 SET character_set_client = utf8 */;
CREATE TABLE `machrpu` (
  `objid` varchar(50) NOT NULL,
  `landrpuid` varchar(50) DEFAULT NULL,
  `bldgmaster_objid` varchar(50) DEFAULT NULL,
  PRIMARY KEY (`objid`),
  KEY `FK_machrpu_landrpu` (`landrpuid`),
  CONSTRAINT `machrpu_ibfk_1` FOREIGN KEY (`landrpuid`) REFERENCES `landrpu` (`objid`),
  CONSTRAINT `machrpu_ibfk_2` FOREIGN KEY (`objid`) REFERENCES `rpu` (`objid`)
) ENGINE=InnoDB DEFAULT CHARSET=utf8;
/*!40101 SET character_set_client = @saved_cs_client */;

--
-- Dumping data for table `machrpu`
--

LOCK TABLES `machrpu` WRITE;
/*!40000 ALTER TABLE `machrpu` DISABLE KEYS */;
/*!40000 ALTER TABLE `machrpu` ENABLE KEYS */;
UNLOCK TABLES;

--
-- Table structure for table `machrysetting`
--

DROP TABLE IF EXISTS `machrysetting`;
/*!40101 SET @saved_cs_client     = @@character_set_client */;
/*!40101 SET character_set_client = utf8 */;
CREATE TABLE `machrysetting` (
  `objid` varchar(50) NOT NULL,
  `state` varchar(15) NOT NULL,
  `ry` int(11) NOT NULL,
  `previd` varchar(50) DEFAULT NULL,
  `appliedto` longtext,
  `residualrate` decimal(10,2) DEFAULT NULL,
  `remarks` varchar(200) DEFAULT NULL,
  `ordinanceno` varchar(25) DEFAULT NULL,
  `ordinancedate` date DEFAULT NULL,
  PRIMARY KEY (`objid`)
) ENGINE=InnoDB DEFAULT CHARSET=utf8;
/*!40101 SET character_set_client = @saved_cs_client */;

--
-- Dumping data for table `machrysetting`
--

LOCK TABLES `machrysetting` WRITE;
/*!40000 ALTER TABLE `machrysetting` DISABLE KEYS */;
/*!40000 ALTER TABLE `machrysetting` ENABLE KEYS */;
UNLOCK TABLES;

--
-- Table structure for table `machuse`
--

DROP TABLE IF EXISTS `machuse`;
/*!40101 SET @saved_cs_client     = @@character_set_client */;
/*!40101 SET character_set_client = utf8 */;
CREATE TABLE `machuse` (
  `objid` varchar(50) NOT NULL,
  `machrpuid` varchar(50) NOT NULL,
  `actualuse_objid` varchar(50) NOT NULL,
  `basemarketvalue` decimal(16,2) NOT NULL,
  `marketvalue` decimal(16,2) NOT NULL,
  `assesslevel` decimal(16,2) NOT NULL,
  `assessedvalue` decimal(16,2) NOT NULL,
  `taxable` int(11) DEFAULT NULL,
  PRIMARY KEY (`objid`),
  UNIQUE KEY `ux_actualuseid_taxable` (`machrpuid`,`actualuse_objid`,`taxable`),
  KEY `FK_machuse_machassesslevel` (`actualuse_objid`),
  KEY `FK_machuse_machrpu` (`machrpuid`),
  CONSTRAINT `machuse_ibfk_1` FOREIGN KEY (`actualuse_objid`) REFERENCES `machassesslevel` (`objid`),
  CONSTRAINT `machuse_ibfk_2` FOREIGN KEY (`machrpuid`) REFERENCES `machrpu` (`objid`)
) ENGINE=InnoDB DEFAULT CHARSET=utf8;
/*!40101 SET character_set_client = @saved_cs_client */;

--
-- Dumping data for table `machuse`
--

LOCK TABLES `machuse` WRITE;
/*!40000 ALTER TABLE `machuse` DISABLE KEYS */;
/*!40000 ALTER TABLE `machuse` ENABLE KEYS */;
UNLOCK TABLES;

--
-- Table structure for table `material`
--

DROP TABLE IF EXISTS `material`;
/*!40101 SET @saved_cs_client     = @@character_set_client */;
/*!40101 SET character_set_client = utf8 */;
CREATE TABLE `material` (
  `objid` varchar(50) NOT NULL,
  `state` varchar(10) NOT NULL,
  `code` varchar(20) NOT NULL,
  `name` varchar(100) NOT NULL,
  PRIMARY KEY (`objid`),
  UNIQUE KEY `ux_material_code` (`code`),
  UNIQUE KEY `ux_material_name` (`name`),
  KEY `ix_material_state` (`state`)
) ENGINE=InnoDB DEFAULT CHARSET=utf8;
/*!40101 SET character_set_client = @saved_cs_client */;

--
-- Dumping data for table `material`
--

LOCK TABLES `material` WRITE;
/*!40000 ALTER TABLE `material` DISABLE KEYS */;
INSERT INTO `material` VALUES ('ALUM','APPROVED','ALUM','ALUMINUM'),('AMAK','APPROVED','AMAK','AMAKAN'),('ANAH','APPROVED','ANAH','ANAHAW'),('ANAY','APPROVED','ANAY','ANAY FINISHED'),('ASBE','APPROVED','ASBE','ASBESTOS'),('ASPP','APPROVED','ASPP','ASBESTOS PIPE'),('BAMB','APPROVED','BAMB','BAMBOO'),('BUAW','APPROVED','BUAW','BUILD-A-WALL'),('BXWR','APPROVED','BXWR','FLEXIBLE METAL CONDUIT (BX WIRE)'),('CDEC','APPROVED','CDEC','CONCRETE DECK'),('CEME','APPROVED','CEME','CEMENT'),('CETI','APPROVED','CETI','CERAMIC TILE'),('CGSH','APPROVED','CGSH','CORRIGATED G.I. SHEET'),('COCO','APPROVED','COCO','COCO LUMBER'),('COGO','APPROVED','COGO','COGON'),('COHB','APPROVED','COHB','CONCRETE HOLLOW BLOCK'),('COPP','APPROVED','COPP','CONCRETE PIPE'),('CPLA','APPROVED','CPLA','CEMENT PLASTER'),('CPLY','APPROVED','CPLY','CONCRETE PLYWOOD'),('CYCL','APPROVED','CYCL','CYCLONE WIRE'),('DRFX','APPROVED','DRFX','DURAFLEX'),('FCBD','APPROVED','FCBD','FIBER CEMENT BOARD'),('FRWD','APPROVED','FRWD','FRENCH TYPE WINDOW'),('GISH','APPROVED','GISH','G.I. SHEET'),('GLAS','APPROVED','GLAS','GLASS'),('GLJA','APPROVED','GLJA','GLASS JALOUSIE'),('GPNL','APPROVED','GPNL','GLASS PANEL'),('GRLS','APPROVED','GRLS','GRILLS'),('GYPS','APPROVED','GYPS','GYPSUM FALSE CEILING'),('HRDF','APPROVED','HRDF','HARDIFLEX'),('KALA','APPROVED','KALA','KALAKAT'),('LAWA','APPROVED','LAWA','LAWANIT'),('LSPA','APPROVED','LSPA','LONG SPAN'),('MARB','APPROVED','MARB','MARBLE'),('MTMD','APPROVED','MTMD','METAL MOULDING'),('NIPA','APPROVED','NIPA','NIPA'),('OPEN','APPROVED','OPEN','OPEN'),('OPWR','APPROVED','OPWR','OPEN WIRING'),('PCST','APPROVED','PCST','PRECAST CONCRETE'),('PLCE','APPROVED','PLCE','PLAIN CEMENT'),('PLCO','APPROVED','PLCO','PLAIN CONCRETE'),('PLDR','APPROVED','PLDR','PLASTIC DOOR'),('PLYW','APPROVED','PLYW','PLYWOOD'),('PPAI','APPROVED','PPAI','PLAIN CEMENT WITH PAINT'),('PPBD','APPROVED','PPBD','PVC PANEL BOARD'),('PVCC','APPROVED','PVCC','PVC CONDUIT'),('PVCL','APPROVED','PVCL','PVC PANEL'),('PVCP','APPROVED','PVCP','PVC PIPE'),('RECO','APPROVED','RECO','REINFORCED CONCRETE'),('ROCE','APPROVED','ROCE','ROUGH CEMENT'),('RSHG','APPROVED','RSHG','ROOF SHINGLE'),('RTGS','APPROVED','RTGS','RIB TYPE GALVA STEEL'),('SAWA','APPROVED','SAWA','SAWALI'),('SLGL','APPROVED','SLGL','SLIDING GLASS'),('SOIL','APPROVED','SOIL','SOIL'),('SPLI','APPROVED','SPLI','SPLIT WOOD'),('SPLT','APPROVED','SPLT','STEEL PLATE'),('STEL','APPROVED','STEL','STEEL'),('STPP','APPROVED','STPP','STEEL PIPE'),('TILE','APPROVED','TILE','TILES'),('WBAM','APPROVED','WBAM','WOVEN BAMBOO'),('WDMD','APPROVED','WDMD','WOOD MOULDING'),('WOJA','APPROVED','WOJA','WOOD JALOUSIE'),('WOOD','APPROVED','WOOD','WOOD'),('WOPA','APPROVED','WOPA','WOOD PANEL'),('WOPN','APPROVED','WOPN','WOODEN PANEL'),('WTRU','APPROVED','WTRU','WOOD TRUSS');
/*!40000 ALTER TABLE `material` ENABLE KEYS */;
UNLOCK TABLES;

--
-- Table structure for table `mcsettlement`
--

DROP TABLE IF EXISTS `mcsettlement`;
/*!40101 SET @saved_cs_client     = @@character_set_client */;
/*!40101 SET character_set_client = utf8 */;
CREATE TABLE `mcsettlement` (
  `objid` varchar(50) NOT NULL,
  `state` varchar(25) DEFAULT NULL,
  `txnno` varchar(25) DEFAULT NULL,
  `effectivityyear` int(11) NOT NULL,
  `effectivityqtr` int(11) NOT NULL,
  `memoranda` text,
  `prevfaas_objid` varchar(50) DEFAULT NULL,
  `newfaas_objid` varchar(50) DEFAULT NULL,
  `newtdno` varchar(25) DEFAULT NULL,
  `signatories` text NOT NULL,
  `lgutype` varchar(25) NOT NULL,
  `lguid` varchar(50) NOT NULL,
  PRIMARY KEY (`objid`),
  KEY `newfaas_objid` (`newfaas_objid`),
  KEY `prevfaas_objid` (`prevfaas_objid`),
  KEY `ix_mcsettlement_state` (`state`),
  KEY `ix_mcsettlement_txnno` (`txnno`),
  CONSTRAINT `mcsettlement_ibfk_1` FOREIGN KEY (`newfaas_objid`) REFERENCES `faas` (`objid`),
  CONSTRAINT `mcsettlement_ibfk_2` FOREIGN KEY (`prevfaas_objid`) REFERENCES `faas` (`objid`)
) ENGINE=InnoDB DEFAULT CHARSET=utf8;
/*!40101 SET character_set_client = @saved_cs_client */;

--
-- Dumping data for table `mcsettlement`
--

LOCK TABLES `mcsettlement` WRITE;
/*!40000 ALTER TABLE `mcsettlement` DISABLE KEYS */;
/*!40000 ALTER TABLE `mcsettlement` ENABLE KEYS */;
UNLOCK TABLES;

--
-- Table structure for table `mcsettlement_affectedrpu`
--

DROP TABLE IF EXISTS `mcsettlement_affectedrpu`;
/*!40101 SET @saved_cs_client     = @@character_set_client */;
/*!40101 SET character_set_client = utf8 */;
CREATE TABLE `mcsettlement_affectedrpu` (
  `objid` varchar(50) NOT NULL,
  `mcsettlementid` varchar(50) NOT NULL,
  `rputype` varchar(15) NOT NULL,
  `prevfaas_objid` varchar(50) NOT NULL,
  `newfaas_objid` varchar(50) DEFAULT NULL,
  `newtdno` varchar(50) DEFAULT NULL,
  PRIMARY KEY (`objid`),
  KEY `ix_mcaffectedrpu_mcid` (`mcsettlementid`),
  KEY `ix_mcaffectedrpu_newfaas_objid` (`newfaas_objid`),
  KEY `ix_mcaffectedrpu_prevfaas_objid` (`prevfaas_objid`),
  CONSTRAINT `mcsettlement_affectedrpu_ibfk_1` FOREIGN KEY (`mcsettlementid`) REFERENCES `mcsettlement` (`objid`),
  CONSTRAINT `mcsettlement_affectedrpu_ibfk_2` FOREIGN KEY (`newfaas_objid`) REFERENCES `faas` (`objid`),
  CONSTRAINT `mcsettlement_affectedrpu_ibfk_3` FOREIGN KEY (`prevfaas_objid`) REFERENCES `faas` (`objid`)
) ENGINE=InnoDB DEFAULT CHARSET=utf8;
/*!40101 SET character_set_client = @saved_cs_client */;

--
-- Dumping data for table `mcsettlement_affectedrpu`
--

LOCK TABLES `mcsettlement_affectedrpu` WRITE;
/*!40000 ALTER TABLE `mcsettlement_affectedrpu` DISABLE KEYS */;
/*!40000 ALTER TABLE `mcsettlement_affectedrpu` ENABLE KEYS */;
UNLOCK TABLES;

--
-- Table structure for table `mcsettlement_otherclaim`
--

DROP TABLE IF EXISTS `mcsettlement_otherclaim`;
/*!40101 SET @saved_cs_client     = @@character_set_client */;
/*!40101 SET character_set_client = utf8 */;
CREATE TABLE `mcsettlement_otherclaim` (
  `objid` varchar(50) NOT NULL,
  `mcsettlementid` varchar(50) NOT NULL,
  `faas_objid` varchar(50) NOT NULL,
  PRIMARY KEY (`objid`),
  KEY `ix_mcotherclaim_faas_objid` (`faas_objid`),
  KEY `ix_mcotherclaim_mcid` (`mcsettlementid`),
  CONSTRAINT `mcsettlement_otherclaim_ibfk_1` FOREIGN KEY (`faas_objid`) REFERENCES `faas` (`objid`),
  CONSTRAINT `mcsettlement_otherclaim_ibfk_2` FOREIGN KEY (`mcsettlementid`) REFERENCES `mcsettlement` (`objid`)
) ENGINE=InnoDB DEFAULT CHARSET=utf8;
/*!40101 SET character_set_client = @saved_cs_client */;

--
-- Dumping data for table `mcsettlement_otherclaim`
--

LOCK TABLES `mcsettlement_otherclaim` WRITE;
/*!40000 ALTER TABLE `mcsettlement_otherclaim` DISABLE KEYS */;
/*!40000 ALTER TABLE `mcsettlement_otherclaim` ENABLE KEYS */;
UNLOCK TABLES;

--
-- Table structure for table `memoranda_template`
--

DROP TABLE IF EXISTS `memoranda_template`;
/*!40101 SET @saved_cs_client     = @@character_set_client */;
/*!40101 SET character_set_client = utf8 */;
CREATE TABLE `memoranda_template` (
  `objid` varchar(50) NOT NULL,
  `code` varchar(25) NOT NULL,
  `template` varchar(500) NOT NULL,
  `fields` text,
  PRIMARY KEY (`objid`)
) ENGINE=InnoDB DEFAULT CHARSET=utf8;
/*!40101 SET character_set_client = @saved_cs_client */;

--
-- Dumping data for table `memoranda_template`
--

LOCK TABLES `memoranda_template` WRITE;
/*!40000 ALTER TABLE `memoranda_template` DISABLE KEYS */;
/*!40000 ALTER TABLE `memoranda_template` ENABLE KEYS */;
UNLOCK TABLES;

--
-- Table structure for table `miscassesslevel`
--

DROP TABLE IF EXISTS `miscassesslevel`;
/*!40101 SET @saved_cs_client     = @@character_set_client */;
/*!40101 SET character_set_client = utf8 */;
CREATE TABLE `miscassesslevel` (
  `objid` varchar(50) NOT NULL,
  `miscrysettingid` varchar(50) NOT NULL,
  `classification_objid` varchar(50) DEFAULT NULL,
  `code` varchar(10) NOT NULL,
  `name` varchar(50) NOT NULL,
  `fixrate` int(11) NOT NULL,
  `rate` decimal(10,2) NOT NULL,
  `previd` varchar(50) DEFAULT NULL,
  PRIMARY KEY (`objid`),
  KEY `miscrysettingid` (`miscrysettingid`),
  KEY `FK_miscassesslevel_classification` (`classification_objid`),
  KEY `ix_miscassesslevel_previd` (`previd`),
  KEY `ix_previd` (`previd`),
  CONSTRAINT `miscassesslevel_ibfk_1` FOREIGN KEY (`classification_objid`) REFERENCES `propertyclassification` (`objid`),
  CONSTRAINT `miscassesslevel_ibfk_2` FOREIGN KEY (`miscrysettingid`) REFERENCES `miscrysetting` (`objid`)
) ENGINE=InnoDB DEFAULT CHARSET=utf8;
/*!40101 SET character_set_client = @saved_cs_client */;

--
-- Dumping data for table `miscassesslevel`
--

LOCK TABLES `miscassesslevel` WRITE;
/*!40000 ALTER TABLE `miscassesslevel` DISABLE KEYS */;
/*!40000 ALTER TABLE `miscassesslevel` ENABLE KEYS */;
UNLOCK TABLES;

--
-- Table structure for table `miscassesslevelrange`
--

DROP TABLE IF EXISTS `miscassesslevelrange`;
/*!40101 SET @saved_cs_client     = @@character_set_client */;
/*!40101 SET character_set_client = utf8 */;
CREATE TABLE `miscassesslevelrange` (
  `objid` varchar(50) NOT NULL,
  `miscassesslevelid` varchar(50) NOT NULL,
  `miscrysettingid` varchar(50) NOT NULL,
  `mvfrom` decimal(16,2) NOT NULL,
  `mvto` decimal(16,2) NOT NULL,
  `rate` decimal(16,2) NOT NULL,
  PRIMARY KEY (`objid`),
  KEY `FK_miscassesslevelrange_miscassesslevel` (`miscassesslevelid`),
  KEY `FK_miscassesslevelrange_miscrysetting` (`miscrysettingid`),
  CONSTRAINT `miscassesslevelrange_ibfk_1` FOREIGN KEY (`miscassesslevelid`) REFERENCES `miscassesslevel` (`objid`),
  CONSTRAINT `miscassesslevelrange_ibfk_2` FOREIGN KEY (`miscrysettingid`) REFERENCES `miscrysetting` (`objid`)
) ENGINE=InnoDB DEFAULT CHARSET=utf8;
/*!40101 SET character_set_client = @saved_cs_client */;

--
-- Dumping data for table `miscassesslevelrange`
--

LOCK TABLES `miscassesslevelrange` WRITE;
/*!40000 ALTER TABLE `miscassesslevelrange` DISABLE KEYS */;
/*!40000 ALTER TABLE `miscassesslevelrange` ENABLE KEYS */;
UNLOCK TABLES;

--
-- Table structure for table `misccollectiontype`
--

DROP TABLE IF EXISTS `misccollectiontype`;
/*!40101 SET @saved_cs_client     = @@character_set_client */;
/*!40101 SET character_set_client = utf8 */;
CREATE TABLE `misccollectiontype` (
  `objid` varchar(50) NOT NULL,
  `fund_objid` varchar(50) DEFAULT NULL,
  PRIMARY KEY (`objid`)
) ENGINE=InnoDB DEFAULT CHARSET=utf8;
/*!40101 SET character_set_client = @saved_cs_client */;

--
-- Dumping data for table `misccollectiontype`
--

LOCK TABLES `misccollectiontype` WRITE;
/*!40000 ALTER TABLE `misccollectiontype` DISABLE KEYS */;
INSERT INTO `misccollectiontype` VALUES ('COLLTYPE-4f295115:148cac807a4:-7f10','TRUST'),('COLLTYPE-50e18806:148c5307764:-7f2d','GENERAL');
/*!40000 ALTER TABLE `misccollectiontype` ENABLE KEYS */;
UNLOCK TABLES;

--
-- Table structure for table `miscitem`
--

DROP TABLE IF EXISTS `miscitem`;
/*!40101 SET @saved_cs_client     = @@character_set_client */;
/*!40101 SET character_set_client = utf8 */;
CREATE TABLE `miscitem` (
  `objid` varchar(50) NOT NULL,
  `state` varchar(10) NOT NULL,
  `code` varchar(20) NOT NULL,
  `name` varchar(100) NOT NULL,
  PRIMARY KEY (`objid`),
  UNIQUE KEY `ux_miscitem_code` (`code`),
  UNIQUE KEY `ux_miscitem_name` (`name`),
  KEY `ix_miscitem_state` (`state`)
) ENGINE=InnoDB DEFAULT CHARSET=utf8;
/*!40101 SET character_set_client = @saved_cs_client */;

--
-- Dumping data for table `miscitem`
--

LOCK TABLES `miscitem` WRITE;
/*!40000 ALTER TABLE `miscitem` DISABLE KEYS */;
INSERT INTO `miscitem` VALUES ('PFEN','APPROVED','PFEN','PERIMETER FENCE'),('SOLA','APPROVED','SOLA','SOLAR DRYER'),('TOW','APPROVED','TOW','TOWER');
/*!40000 ALTER TABLE `miscitem` ENABLE KEYS */;
UNLOCK TABLES;

--
-- Table structure for table `miscitemvalue`
--

DROP TABLE IF EXISTS `miscitemvalue`;
/*!40101 SET @saved_cs_client     = @@character_set_client */;
/*!40101 SET character_set_client = utf8 */;
CREATE TABLE `miscitemvalue` (
  `objid` varchar(50) NOT NULL,
  `miscrysettingid` varchar(50) NOT NULL,
  `miscitem_objid` varchar(50) NOT NULL,
  `expr` varchar(100) NOT NULL,
  `previd` varchar(50) DEFAULT NULL,
  PRIMARY KEY (`objid`),
  KEY `miscrysettingid` (`miscrysettingid`),
  KEY `FK_miscitemvalue_miscitem` (`miscitem_objid`),
  KEY `ix_miscitemvalue_previd` (`previd`),
  KEY `ix_previd` (`previd`),
  CONSTRAINT `miscitemvalue_ibfk_1` FOREIGN KEY (`miscitem_objid`) REFERENCES `miscitem` (`objid`),
  CONSTRAINT `miscitemvalue_ibfk_2` FOREIGN KEY (`miscrysettingid`) REFERENCES `miscrysetting` (`objid`)
) ENGINE=InnoDB DEFAULT CHARSET=utf8;
/*!40101 SET character_set_client = @saved_cs_client */;

--
-- Dumping data for table `miscitemvalue`
--

LOCK TABLES `miscitemvalue` WRITE;
/*!40000 ALTER TABLE `miscitemvalue` DISABLE KEYS */;
/*!40000 ALTER TABLE `miscitemvalue` ENABLE KEYS */;
UNLOCK TABLES;

--
-- Table structure for table `miscrpu`
--

DROP TABLE IF EXISTS `miscrpu`;
/*!40101 SET @saved_cs_client     = @@character_set_client */;
/*!40101 SET character_set_client = utf8 */;
CREATE TABLE `miscrpu` (
  `objid` varchar(50) NOT NULL,
  `actualuse_objid` varchar(50) DEFAULT NULL,
  `landrpuid` varchar(50) DEFAULT NULL,
  PRIMARY KEY (`objid`),
  KEY `FK_miscrpu_miscassesslevel` (`actualuse_objid`),
  CONSTRAINT `miscrpu_ibfk_1` FOREIGN KEY (`actualuse_objid`) REFERENCES `miscassesslevel` (`objid`),
  CONSTRAINT `miscrpu_ibfk_2` FOREIGN KEY (`objid`) REFERENCES `rpu` (`objid`)
) ENGINE=InnoDB DEFAULT CHARSET=utf8;
/*!40101 SET character_set_client = @saved_cs_client */;

--
-- Dumping data for table `miscrpu`
--

LOCK TABLES `miscrpu` WRITE;
/*!40000 ALTER TABLE `miscrpu` DISABLE KEYS */;
/*!40000 ALTER TABLE `miscrpu` ENABLE KEYS */;
UNLOCK TABLES;

--
-- Table structure for table `miscrpuitem`
--

DROP TABLE IF EXISTS `miscrpuitem`;
/*!40101 SET @saved_cs_client     = @@character_set_client */;
/*!40101 SET character_set_client = utf8 */;
CREATE TABLE `miscrpuitem` (
  `objid` varchar(50) NOT NULL,
  `miscrpuid` varchar(50) NOT NULL,
  `miv_objid` varchar(50) NOT NULL,
  `miscitem_objid` varchar(50) NOT NULL,
  `expr` varchar(255) NOT NULL,
  `depreciation` decimal(16,2) NOT NULL,
  `depreciatedvalue` decimal(16,2) NOT NULL,
  `basemarketvalue` decimal(16,2) NOT NULL,
  `marketvalue` decimal(16,2) NOT NULL,
  `assesslevel` decimal(16,2) NOT NULL,
  `assessedvalue` decimal(16,2) NOT NULL,
  PRIMARY KEY (`objid`),
  KEY `FK_miscrpuitem_miscitem` (`miscitem_objid`),
  KEY `FK_miscrpuitem_miscitemvalue` (`miv_objid`),
  KEY `FK_miscrpuitem_miscrpu` (`miscrpuid`),
  CONSTRAINT `miscrpuitem_ibfk_1` FOREIGN KEY (`miscitem_objid`) REFERENCES `miscitem` (`objid`),
  CONSTRAINT `miscrpuitem_ibfk_2` FOREIGN KEY (`miv_objid`) REFERENCES `miscitemvalue` (`objid`),
  CONSTRAINT `miscrpuitem_ibfk_3` FOREIGN KEY (`miscrpuid`) REFERENCES `miscrpu` (`objid`)
) ENGINE=InnoDB DEFAULT CHARSET=utf8;
/*!40101 SET character_set_client = @saved_cs_client */;

--
-- Dumping data for table `miscrpuitem`
--

LOCK TABLES `miscrpuitem` WRITE;
/*!40000 ALTER TABLE `miscrpuitem` DISABLE KEYS */;
/*!40000 ALTER TABLE `miscrpuitem` ENABLE KEYS */;
UNLOCK TABLES;

--
-- Table structure for table `miscrpuitem_rptparameter`
--

DROP TABLE IF EXISTS `miscrpuitem_rptparameter`;
/*!40101 SET @saved_cs_client     = @@character_set_client */;
/*!40101 SET character_set_client = utf8 */;
CREATE TABLE `miscrpuitem_rptparameter` (
  `miscrpuitemid` varchar(50) NOT NULL,
  `param_objid` varchar(50) NOT NULL,
  `miscrpuid` varchar(50) NOT NULL,
  `intvalue` int(11) DEFAULT NULL,
  `decimalvalue` decimal(16,2) NOT NULL,
  PRIMARY KEY (`miscrpuitemid`,`param_objid`),
  KEY `FK_miscrpuitem_rptparameter_` (`miscrpuid`),
  KEY `FK_miscrpuitem_rptparameter_rptparamer` (`param_objid`),
  CONSTRAINT `miscrpuitem_rptparameter_ibfk_1` FOREIGN KEY (`miscrpuid`) REFERENCES `miscrpu` (`objid`),
  CONSTRAINT `miscrpuitem_rptparameter_ibfk_2` FOREIGN KEY (`miscrpuitemid`) REFERENCES `miscrpuitem` (`objid`),
  CONSTRAINT `miscrpuitem_rptparameter_ibfk_3` FOREIGN KEY (`param_objid`) REFERENCES `rptparameter` (`objid`)
) ENGINE=InnoDB DEFAULT CHARSET=utf8;
/*!40101 SET character_set_client = @saved_cs_client */;

--
-- Dumping data for table `miscrpuitem_rptparameter`
--

LOCK TABLES `miscrpuitem_rptparameter` WRITE;
/*!40000 ALTER TABLE `miscrpuitem_rptparameter` DISABLE KEYS */;
/*!40000 ALTER TABLE `miscrpuitem_rptparameter` ENABLE KEYS */;
UNLOCK TABLES;

--
-- Table structure for table `miscrysetting`
--

DROP TABLE IF EXISTS `miscrysetting`;
/*!40101 SET @saved_cs_client     = @@character_set_client */;
/*!40101 SET character_set_client = utf8 */;
CREATE TABLE `miscrysetting` (
  `objid` varchar(50) NOT NULL,
  `state` varchar(15) NOT NULL,
  `ry` int(11) NOT NULL,
  `previd` varchar(50) DEFAULT NULL,
  `appliedto` longtext,
  `remarks` varchar(200) DEFAULT NULL,
  `ordinanceno` varchar(25) DEFAULT NULL,
  `ordinancedate` date DEFAULT NULL,
  PRIMARY KEY (`objid`),
  KEY `ix_miscrysetting_ry` (`ry`),
  KEY `ix_miscrysetting_state` (`state`)
) ENGINE=InnoDB DEFAULT CHARSET=utf8;
/*!40101 SET character_set_client = @saved_cs_client */;

--
-- Dumping data for table `miscrysetting`
--

LOCK TABLES `miscrysetting` WRITE;
/*!40000 ALTER TABLE `miscrysetting` DISABLE KEYS */;
/*!40000 ALTER TABLE `miscrysetting` ENABLE KEYS */;
UNLOCK TABLES;

--
-- Table structure for table `municipality`
--

DROP TABLE IF EXISTS `municipality`;
/*!40101 SET @saved_cs_client     = @@character_set_client */;
/*!40101 SET character_set_client = utf8 */;
CREATE TABLE `municipality` (
  `objid` varchar(50) NOT NULL,
  `state` varchar(10) DEFAULT NULL,
  `indexno` varchar(15) DEFAULT NULL,
  `pin` varchar(15) DEFAULT NULL,
  `name` varchar(50) DEFAULT NULL,
  `previd` varchar(50) DEFAULT NULL,
  `parentid` varchar(50) DEFAULT NULL,
  `mayor_name` varchar(100) DEFAULT NULL,
  `mayor_title` varchar(50) DEFAULT NULL,
  `mayor_office` varchar(50) DEFAULT NULL,
  `assessor_name` varchar(100) DEFAULT NULL,
  `assessor_title` varchar(50) DEFAULT NULL,
  `assessor_office` varchar(50) DEFAULT NULL,
  `treasurer_name` varchar(100) DEFAULT NULL,
  `treasurer_title` varchar(50) DEFAULT NULL,
  `treasurer_office` varchar(50) DEFAULT NULL,
  `address` varchar(100) DEFAULT NULL,
  `fullname` varchar(50) DEFAULT NULL,
  PRIMARY KEY (`objid`),
  KEY `ix_lgu_municipality_indexno` (`indexno`),
  KEY `ix_lgu_municipality_parentid` (`parentid`),
  KEY `ix_lgu_municipality_previd` (`previd`),
  CONSTRAINT `municipality_ibfk_1` FOREIGN KEY (`objid`) REFERENCES `sys_org` (`objid`) ON DELETE CASCADE ON UPDATE CASCADE
) ENGINE=InnoDB DEFAULT CHARSET=utf8;
/*!40101 SET character_set_client = @saved_cs_client */;

--
-- Dumping data for table `municipality`
--

LOCK TABLES `municipality` WRITE;
/*!40000 ALTER TABLE `municipality` DISABLE KEYS */;
INSERT INTO `municipality` VALUES ('00000','DRAFT','00','000-00','TRAINING',NULL,'000','MUNICIPAL MAYOR','MUNICIPAL MAYOR','OFFICE OF THE MUNICIPAL MAYOR','MUNICIPAL ASSESSOR','MUNICIPAL ASSESSOR','OFFICE OF THE MUNICIPAL ASSESSOR','MUNICIPAL TREASURER','ACTING MUNICIPAL TREASURER','OFFICE OF THE MUNICIPAL TREASURER','TRAINING','MUNICIPALITY OF TRAINING');
/*!40000 ALTER TABLE `municipality` ENABLE KEYS */;
UNLOCK TABLES;

--
-- Table structure for table `municipality_taxaccount_mapping`
--

DROP TABLE IF EXISTS `municipality_taxaccount_mapping`;
/*!40101 SET @saved_cs_client     = @@character_set_client */;
/*!40101 SET character_set_client = utf8 */;
CREATE TABLE `municipality_taxaccount_mapping` (
  `lguid` varchar(50) NOT NULL,
  `basicadvacct_objid` varchar(50) DEFAULT NULL,
  `basicprevacct_objid` varchar(50) DEFAULT NULL,
  `basicprevintacct_objid` varchar(50) DEFAULT NULL,
  `basicprioracct_objid` varchar(50) DEFAULT NULL,
  `basicpriorintacct_objid` varchar(50) DEFAULT NULL,
  `basiccurracct_objid` varchar(50) DEFAULT NULL,
  `basiccurrintacct_objid` varchar(50) DEFAULT NULL,
  `sefadvacct_objid` varchar(50) DEFAULT NULL,
  `sefprevacct_objid` varchar(50) DEFAULT NULL,
  `sefprevintacct_objid` varchar(50) DEFAULT NULL,
  `sefprioracct_objid` varchar(50) DEFAULT NULL,
  `sefpriorintacct_objid` varchar(50) DEFAULT NULL,
  `sefcurracct_objid` varchar(50) DEFAULT NULL,
  `sefcurrintacct_objid` varchar(50) DEFAULT NULL,
  `basicidlecurracct_objid` varchar(50) DEFAULT NULL,
  `basicidlecurrintacct_objid` varchar(50) DEFAULT NULL,
  `basicidleprevacct_objid` varchar(50) DEFAULT NULL,
  `basicidleprevintacct_objid` varchar(50) DEFAULT NULL,
  `basicidleadvacct_objid` varchar(50) DEFAULT NULL,
  PRIMARY KEY (`lguid`)
) ENGINE=InnoDB DEFAULT CHARSET=utf8 ROW_FORMAT=COMPACT;
/*!40101 SET character_set_client = @saved_cs_client */;

--
-- Dumping data for table `municipality_taxaccount_mapping`
--

LOCK TABLES `municipality_taxaccount_mapping` WRITE;
/*!40000 ALTER TABLE `municipality_taxaccount_mapping` DISABLE KEYS */;
/*!40000 ALTER TABLE `municipality_taxaccount_mapping` ENABLE KEYS */;
UNLOCK TABLES;

--
-- Table structure for table `ngas_revenue_mapping`
--

DROP TABLE IF EXISTS `ngas_revenue_mapping`;
/*!40101 SET @saved_cs_client     = @@character_set_client */;
/*!40101 SET character_set_client = utf8 */;
CREATE TABLE `ngas_revenue_mapping` (
  `objid` varchar(50) NOT NULL,
  `version` varchar(10) DEFAULT NULL,
  `revenueitemid` varchar(50) DEFAULT NULL,
  `acctid` varchar(50) NOT NULL,
  PRIMARY KEY (`objid`),
  UNIQUE KEY `uix_revenueitem_ngasacctid` (`version`,`revenueitemid`,`acctid`),
  KEY `fk_revenue_mapping_ngasaccount` (`acctid`),
  KEY `fk_revenue_mapping_revenueitemid` (`revenueitemid`),
  CONSTRAINT `fk_ngas_revenue_mapping_acctid` FOREIGN KEY (`acctid`) REFERENCES `ngasaccount` (`objid`),
  CONSTRAINT `fk_ngas_revenue_mapping_revenueitemid` FOREIGN KEY (`revenueitemid`) REFERENCES `itemaccount` (`objid`),
  CONSTRAINT `fk_revenue_mapping_ngasaccount` FOREIGN KEY (`acctid`) REFERENCES `ngasaccount` (`objid`),
  CONSTRAINT `fk_revenue_mapping_revenueitemid` FOREIGN KEY (`revenueitemid`) REFERENCES `itemaccount` (`objid`)
) ENGINE=InnoDB DEFAULT CHARSET=utf8;
/*!40101 SET character_set_client = @saved_cs_client */;

--
-- Dumping data for table `ngas_revenue_mapping`
--

LOCK TABLES `ngas_revenue_mapping` WRITE;
/*!40000 ALTER TABLE `ngas_revenue_mapping` DISABLE KEYS */;
/*!40000 ALTER TABLE `ngas_revenue_mapping` ENABLE KEYS */;
UNLOCK TABLES;

--
-- Table structure for table `ngasaccount`
--

DROP TABLE IF EXISTS `ngasaccount`;
/*!40101 SET @saved_cs_client     = @@character_set_client */;
/*!40101 SET character_set_client = utf8 */;
CREATE TABLE `ngasaccount` (
  `objid` varchar(50) NOT NULL,
  `parentid` varchar(50) DEFAULT NULL,
  `state` varchar(10) DEFAULT NULL,
  `chartid` varchar(50) DEFAULT NULL,
  `code` varchar(50) DEFAULT NULL,
  `title` varchar(255) DEFAULT NULL,
  `type` varchar(20) DEFAULT NULL,
  `acctgroup` varchar(50) DEFAULT NULL,
  `target` decimal(12,2) DEFAULT NULL,
  PRIMARY KEY (`objid`)
) ENGINE=InnoDB DEFAULT CHARSET=utf8;
/*!40101 SET character_set_client = @saved_cs_client */;

--
-- Dumping data for table `ngasaccount`
--

LOCK TABLES `ngasaccount` WRITE;
/*!40000 ALTER TABLE `ngasaccount` DISABLE KEYS */;
/*!40000 ALTER TABLE `ngasaccount` ENABLE KEYS */;
UNLOCK TABLES;

--
-- Table structure for table `online_business_application`
--

DROP TABLE IF EXISTS `online_business_application`;
/*!40101 SET @saved_cs_client     = @@character_set_client */;
/*!40101 SET character_set_client = utf8 */;
CREATE TABLE `online_business_application` (
  `objid` varchar(50) NOT NULL,
  `state` varchar(20) NOT NULL,
  `dtcreated` datetime NOT NULL,
  `createdby_objid` varchar(50) NOT NULL,
  `createdby_name` varchar(100) NOT NULL,
  `controlno` varchar(25) NOT NULL,
  `prevapplicationid` varchar(50) NOT NULL,
  `business_objid` varchar(50) NOT NULL,
  `appyear` int(11) NOT NULL,
  `apptype` varchar(20) NOT NULL,
  `appdate` date NOT NULL,
  `lobs` text NOT NULL,
  `infos` longtext NOT NULL,
  `requirements` longtext NOT NULL,
  `step` int(11) NOT NULL DEFAULT '0',
  `dtapproved` datetime DEFAULT NULL,
  `approvedby_objid` varchar(50) DEFAULT NULL,
  `approvedby_name` varchar(150) DEFAULT NULL,
  `approvedappno` varchar(25) DEFAULT NULL,
  `contact_name` varchar(255) NOT NULL,
  `contact_address` varchar(255) NOT NULL,
  `contact_email` varchar(255) NOT NULL,
  `contact_mobileno` varchar(15) DEFAULT NULL,
  `partnername` varchar(50) NOT NULL,
  PRIMARY KEY (`objid`),
  KEY `ix_state` (`state`),
  KEY `ix_dtcreated` (`dtcreated`),
  KEY `ix_controlno` (`controlno`),
  KEY `ix_prevapplicationid` (`prevapplicationid`),
  KEY `ix_business_objid` (`business_objid`),
  KEY `ix_appyear` (`appyear`),
  KEY `ix_appdate` (`appdate`),
  KEY `ix_dtapproved` (`dtapproved`),
  KEY `ix_approvedby_objid` (`approvedby_objid`),
  KEY `ix_approvedby_name` (`approvedby_name`),
  CONSTRAINT `fk_online_business_application_business_objid` FOREIGN KEY (`business_objid`) REFERENCES `business` (`objid`),
  CONSTRAINT `fk_online_business_application_prevapplicationid` FOREIGN KEY (`prevapplicationid`) REFERENCES `business_application` (`objid`)
) ENGINE=InnoDB DEFAULT CHARSET=utf8;
/*!40101 SET character_set_client = @saved_cs_client */;

--
-- Dumping data for table `online_business_application`
--

LOCK TABLES `online_business_application` WRITE;
/*!40000 ALTER TABLE `online_business_application` DISABLE KEYS */;
/*!40000 ALTER TABLE `online_business_application` ENABLE KEYS */;
UNLOCK TABLES;

--
-- Table structure for table `online_business_application_doc`
--

DROP TABLE IF EXISTS `online_business_application_doc`;
/*!40101 SET @saved_cs_client     = @@character_set_client */;
/*!40101 SET character_set_client = utf8 */;
CREATE TABLE `online_business_application_doc` (
  `objid` varchar(50) NOT NULL,
  `parentid` varchar(50) NOT NULL,
  `doc_type` varchar(50) NOT NULL,
  `doc_title` varchar(255) NOT NULL,
  `attachment_objid` varchar(50) NOT NULL,
  `attachment_name` varchar(255) NOT NULL,
  `attachment_path` varchar(255) NOT NULL,
  `fs_filetype` varchar(10) NOT NULL,
  `fs_filelocid` varchar(50) DEFAULT NULL,
  `fs_fileid` varchar(50) DEFAULT NULL,
  `lockid` varchar(50) DEFAULT NULL,
  `fs_state` varchar(20) NOT NULL,
  PRIMARY KEY (`objid`),
  KEY `ix_parentid` (`parentid`),
  KEY `ix_attachment_objid` (`attachment_objid`),
  KEY `ix_fs_filelocid` (`fs_filelocid`),
  KEY `ix_fs_fileid` (`fs_fileid`),
  KEY `ix_lockid` (`lockid`),
  CONSTRAINT `fk_online_business_application_doc_parentid` FOREIGN KEY (`parentid`) REFERENCES `online_business_application` (`objid`)
) ENGINE=InnoDB DEFAULT CHARSET=utf8;
/*!40101 SET character_set_client = @saved_cs_client */;

--
-- Dumping data for table `online_business_application_doc`
--

LOCK TABLES `online_business_application_doc` WRITE;
/*!40000 ALTER TABLE `online_business_application_doc` DISABLE KEYS */;
/*!40000 ALTER TABLE `online_business_application_doc` ENABLE KEYS */;
UNLOCK TABLES;

--
-- Table structure for table `online_business_application_doc_fordownload`
--

DROP TABLE IF EXISTS `online_business_application_doc_fordownload`;
/*!40101 SET @saved_cs_client     = @@character_set_client */;
/*!40101 SET character_set_client = utf8 */;
CREATE TABLE `online_business_application_doc_fordownload` (
  `objid` varchar(50) NOT NULL,
  `scheduledate` datetime NOT NULL,
  `msg` text,
  `filesize` int(11) NOT NULL DEFAULT '0',
  `bytesprocessed` int(11) NOT NULL DEFAULT '0',
  `lockid` varchar(50) DEFAULT NULL,
  PRIMARY KEY (`objid`),
  KEY `ix_scheduledate` (`scheduledate`),
  KEY `ix_lockid` (`lockid`),
  CONSTRAINT `fk_online_business_application_doc_fordownload_objid` FOREIGN KEY (`objid`) REFERENCES `online_business_application_doc` (`objid`)
) ENGINE=InnoDB DEFAULT CHARSET=utf8;
/*!40101 SET character_set_client = @saved_cs_client */;

--
-- Dumping data for table `online_business_application_doc_fordownload`
--

LOCK TABLES `online_business_application_doc_fordownload` WRITE;
/*!40000 ALTER TABLE `online_business_application_doc_fordownload` DISABLE KEYS */;
/*!40000 ALTER TABLE `online_business_application_doc_fordownload` ENABLE KEYS */;
UNLOCK TABLES;

--
-- Table structure for table `payable_ledger`
--

DROP TABLE IF EXISTS `payable_ledger`;
/*!40101 SET @saved_cs_client     = @@character_set_client */;
/*!40101 SET character_set_client = utf8 */;
CREATE TABLE `payable_ledger` (
  `objid` varchar(50) NOT NULL,
  `jevid` varchar(150) DEFAULT NULL,
  `refitemacctid` varchar(50) DEFAULT NULL,
  `itemacctid` varchar(50) NOT NULL,
  `dr` decimal(16,4) DEFAULT NULL,
  `cr` decimal(16,4) DEFAULT NULL,
  PRIMARY KEY (`objid`),
  KEY `ix_jevid` (`jevid`),
  KEY `ix_refitemacctid` (`refitemacctid`),
  KEY `ix_itemacctid` (`itemacctid`),
  CONSTRAINT `fk_payable_ledger_jevid` FOREIGN KEY (`jevid`) REFERENCES `jev` (`objid`)
) ENGINE=InnoDB DEFAULT CHARSET=utf8;
/*!40101 SET character_set_client = @saved_cs_client */;

--
-- Dumping data for table `payable_ledger`
--

LOCK TABLES `payable_ledger` WRITE;
/*!40000 ALTER TABLE `payable_ledger` DISABLE KEYS */;
/*!40000 ALTER TABLE `payable_ledger` ENABLE KEYS */;
UNLOCK TABLES;

--
-- Table structure for table `payment_partner`
--

DROP TABLE IF EXISTS `payment_partner`;
/*!40101 SET @saved_cs_client     = @@character_set_client */;
/*!40101 SET character_set_client = utf8 */;
CREATE TABLE `payment_partner` (
  `objid` varchar(50) NOT NULL,
  `name` varchar(255) DEFAULT NULL,
  `code` varchar(50) DEFAULT NULL,
  `info` text,
  PRIMARY KEY (`objid`)
) ENGINE=InnoDB DEFAULT CHARSET=utf8;
/*!40101 SET character_set_client = @saved_cs_client */;

--
-- Dumping data for table `payment_partner`
--

LOCK TABLES `payment_partner` WRITE;
/*!40000 ALTER TABLE `payment_partner` DISABLE KEYS */;
/*!40000 ALTER TABLE `payment_partner` ENABLE KEYS */;
UNLOCK TABLES;

--
-- Table structure for table `paymentorder`
--

DROP TABLE IF EXISTS `paymentorder`;
/*!40101 SET @saved_cs_client     = @@character_set_client */;
/*!40101 SET character_set_client = utf8 */;
CREATE TABLE `paymentorder` (
  `objid` varchar(50) NOT NULL,
  `txndate` datetime DEFAULT NULL,
  `payer_objid` varchar(50) DEFAULT NULL,
  `payer_name` text,
  `paidby` text,
  `paidbyaddress` varchar(150) DEFAULT NULL,
  `particulars` text,
  `amount` decimal(16,2) DEFAULT NULL,
  `expirydate` date DEFAULT NULL,
  `refid` varchar(50) DEFAULT NULL,
  `refno` varchar(50) DEFAULT NULL,
  `info` text,
  `locationid` varchar(50) DEFAULT NULL,
  `origin` varchar(50) DEFAULT NULL,
  `issuedby_objid` varchar(50) DEFAULT NULL,
  `issuedby_name` varchar(150) DEFAULT NULL,
  `org_objid` varchar(50) DEFAULT NULL,
  `org_name` varchar(255) DEFAULT NULL,
  `items` text,
  `queueid` varchar(50) DEFAULT NULL,
  `paymentordertype_objid` varchar(50) DEFAULT NULL,
  `controlno` varchar(50) DEFAULT NULL,
  PRIMARY KEY (`objid`),
  KEY `ix_txndate` (`txndate`),
  KEY `ix_issuedby_name` (`issuedby_name`),
  KEY `ix_issuedby_objid` (`issuedby_objid`),
  KEY `ix_locationid` (`locationid`),
  KEY `ix_org_name` (`org_name`),
  KEY `ix_org_objid` (`org_objid`),
  KEY `ix_paymentordertype_objid` (`paymentordertype_objid`),
  CONSTRAINT `fk_paymentorder_paymentordertype_objid` FOREIGN KEY (`paymentordertype_objid`) REFERENCES `paymentorder_type` (`objid`)
) ENGINE=InnoDB DEFAULT CHARSET=utf8;
/*!40101 SET character_set_client = @saved_cs_client */;

--
-- Dumping data for table `paymentorder`
--

LOCK TABLES `paymentorder` WRITE;
/*!40000 ALTER TABLE `paymentorder` DISABLE KEYS */;
/*!40000 ALTER TABLE `paymentorder` ENABLE KEYS */;
UNLOCK TABLES;

--
-- Table structure for table `paymentorder_paid`
--

DROP TABLE IF EXISTS `paymentorder_paid`;
/*!40101 SET @saved_cs_client     = @@character_set_client */;
/*!40101 SET character_set_client = utf8 */;
CREATE TABLE `paymentorder_paid` (
  `objid` varchar(50) NOT NULL,
  `txndate` datetime DEFAULT NULL,
  `payer_objid` varchar(50) DEFAULT NULL,
  `payer_name` text,
  `paidby` text,
  `paidbyaddress` varchar(150) DEFAULT NULL,
  `particulars` text,
  `amount` decimal(16,2) DEFAULT NULL,
  `refid` varchar(50) DEFAULT NULL,
  `refno` varchar(50) DEFAULT NULL,
  `info` text,
  `locationid` varchar(50) DEFAULT NULL,
  `origin` varchar(50) DEFAULT NULL,
  `issuedby_objid` varchar(50) DEFAULT NULL,
  `issuedby_name` varchar(150) DEFAULT NULL,
  `org_objid` varchar(50) DEFAULT NULL,
  `org_name` varchar(255) DEFAULT NULL,
  `items` text,
  `paymentordertype_objid` varchar(50) DEFAULT NULL,
  `controlno` varchar(50) DEFAULT NULL,
  PRIMARY KEY (`objid`),
  KEY `ix_txndate` (`txndate`),
  KEY `ix_issuedby_name` (`issuedby_name`),
  KEY `ix_issuedby_objid` (`issuedby_objid`),
  KEY `ix_locationid` (`locationid`),
  KEY `ix_org_name` (`org_name`),
  KEY `ix_org_objid` (`org_objid`),
  KEY `ix_paymentordertype_objid` (`paymentordertype_objid`),
  CONSTRAINT `fk_paymentorder_paid_paymentordertype_objid` FOREIGN KEY (`paymentordertype_objid`) REFERENCES `paymentorder_type` (`objid`)
) ENGINE=InnoDB DEFAULT CHARSET=utf8;
/*!40101 SET character_set_client = @saved_cs_client */;

--
-- Dumping data for table `paymentorder_paid`
--

LOCK TABLES `paymentorder_paid` WRITE;
/*!40000 ALTER TABLE `paymentorder_paid` DISABLE KEYS */;
/*!40000 ALTER TABLE `paymentorder_paid` ENABLE KEYS */;
UNLOCK TABLES;

--
-- Table structure for table `paymentorder_type`
--

DROP TABLE IF EXISTS `paymentorder_type`;
/*!40101 SET @saved_cs_client     = @@character_set_client */;
/*!40101 SET character_set_client = utf8 */;
CREATE TABLE `paymentorder_type` (
  `objid` varchar(50) NOT NULL,
  `title` varchar(150) DEFAULT NULL,
  `collectiontype_objid` varchar(50) DEFAULT NULL,
  `queuesection` varchar(50) DEFAULT NULL,
  `system` int(11) DEFAULT NULL,
  PRIMARY KEY (`objid`),
  KEY `fk_paymentorder_type_collectiontype` (`collectiontype_objid`),
  CONSTRAINT `paymentorder_type_ibfk_1` FOREIGN KEY (`collectiontype_objid`) REFERENCES `collectiontype` (`objid`)
) ENGINE=InnoDB DEFAULT CHARSET=utf8;
/*!40101 SET character_set_client = @saved_cs_client */;

--
-- Dumping data for table `paymentorder_type`
--

LOCK TABLES `paymentorder_type` WRITE;
/*!40000 ALTER TABLE `paymentorder_type` DISABLE KEYS */;
/*!40000 ALTER TABLE `paymentorder_type` ENABLE KEYS */;
UNLOCK TABLES;

--
-- Table structure for table `pin`
--

DROP TABLE IF EXISTS `pin`;
/*!40101 SET @saved_cs_client     = @@character_set_client */;
/*!40101 SET character_set_client = utf8 */;
CREATE TABLE `pin` (
  `objid` varchar(50) NOT NULL,
  `state` varchar(20) NOT NULL,
  `barangayid` varchar(50) NOT NULL,
  PRIMARY KEY (`objid`),
  KEY `FK_lgu_barangay` (`barangayid`),
  KEY `ix_pin_state` (`state`),
  CONSTRAINT `pin_ibfk_1` FOREIGN KEY (`barangayid`) REFERENCES `barangay` (`objid`)
) ENGINE=InnoDB DEFAULT CHARSET=utf8;
/*!40101 SET character_set_client = @saved_cs_client */;

--
-- Dumping data for table `pin`
--

LOCK TABLES `pin` WRITE;
/*!40000 ALTER TABLE `pin` DISABLE KEYS */;
/*!40000 ALTER TABLE `pin` ENABLE KEYS */;
UNLOCK TABLES;

--
-- Table structure for table `planttree`
--

DROP TABLE IF EXISTS `planttree`;
/*!40101 SET @saved_cs_client     = @@character_set_client */;
/*!40101 SET character_set_client = utf8 */;
CREATE TABLE `planttree` (
  `objid` varchar(50) NOT NULL,
  `state` varchar(10) NOT NULL,
  `code` varchar(20) NOT NULL,
  `name` varchar(100) NOT NULL,
  PRIMARY KEY (`objid`),
  UNIQUE KEY `ux_planttree_code` (`code`),
  UNIQUE KEY `ux_planttree_name` (`name`),
  KEY `ix_planttree_state` (`state`)
) ENGINE=InnoDB DEFAULT CHARSET=utf8;
/*!40101 SET character_set_client = @saved_cs_client */;

--
-- Dumping data for table `planttree`
--

LOCK TABLES `planttree` WRITE;
/*!40000 ALTER TABLE `planttree` DISABLE KEYS */;
INSERT INTO `planttree` VALUES ('ABAC','APPROVED','ABAC','ABACA'),('ACAC','APPROVED','ACAC','ACACIA'),('AFRI','APPROVED','AFRI','AFRICAN TULIP'),('AGOH','APPROVED','AGOH','AGOHO'),('ALMO','APPROVED','ALMO','ALMON'),('AMGS','APPROVED','AMGS','AMUGIS'),('AMUG','APPROVED','AMUG','AMUGUIS'),('ANIB','APPROVED','ANIB','ANIBUANG'),('ANTI','APPROVED','ANTI','ANTIPOLO'),('ATIS','APPROVED','ATIS','ATIS'),('AVOC','APPROVED','AVOC','AVOCADO'),('BAEX','APPROVED','BAEX','BANANA EXPORT'),('BAGR','APPROVED','BAGR','BAGRASS'),('BAGT','APPROVED','BAGT','BAGTIKAN'),('BAKA','APPROVED','BAKA','BAKAN'),('BALO','APPROVED','BALO','BANANA LOCAL'),('BAMB','APPROVED','BAMB','BAMBOO'),('BANG','APPROVED','BANG','BANGKAL'),('BANO','APPROVED','BANO','BANOYO'),('BENG','APPROVED','BENG','BENGUET PINES'),('BINU','APPROVED','BINU','BINUANG'),('BOGO','APPROVED','BOGO','BOGO'),('BRUS','APPROVED','BRUS','BRUSH LAND'),('CACA','APPROVED','CACA','CACAO'),('CALA','APPROVED','CALA','CALAMANSI'),('CALI','APPROVED','CALI','CALIANDRA'),('CATT','APPROVED','CATT','CATTLE'),('CHIC','APPROVED','CHIC','CHICO'),('CITR','APPROVED','CITR','CITRUS'),('COCO','APPROVED','COCO','COCONUT'),('COFF','APPROVED','COFF','COFFEE'),('COGO','APPROVED','COGO','COGON'),('COLO','APPROVED','COLO','BREADFRUIT'),('CORN','APPROVED','CORN','CORN'),('DALA','APPROVED','DALA','DALANDAN'),('DAO','APPROVED','DAO','DAO'),('DITA','APPROVED','DITA','DITA'),('DUHA','APPROVED','DUHA','DUHAT'),('DURI','APPROVED','DURI','DURIAN'),('DURN','APPROVED','DURN','DURIAN NATIVE'),('EBAG','APPROVED','EBAG','E. BAGRAS'),('ECAM','APPROVED','ECAM','E. CAMALDONES'),('FALC','APPROVED','FALC','FALCATA'),('FIRE','APPROVED','FIRE','FIRE TREE'),('FISH','APPROVED','FISH','FISHPOND'),('FISI','APPROVED','FISI','FISHPOND INLAND'),('FLOW','APPROVED','FLOW','FLOWER LAND'),('FORE','APPROVED','FORE','FOREST LAND'),('GEME','APPROVED','GEME','GEMELINA'),('GUAV','APPROVED','GUAV','GUAVA'),('GUBA','APPROVED','GUBA','GUBAS'),('GUYA','APPROVED','GUYA','GUYABANO'),('HIMB','APPROVED','HIMB','HIMBABAO'),('ILAN','APPROVED','ILAN','ILANG-ILANG'),('IPIL','APPROVED','IPIL','IPIL-IPIL'),('IPILP','APPROVED','IPILP','IPIL-PREMIUM SPP'),('JACK','APPROVED','JACK','JACKFRUIT'),('KALU','APPROVED','KALU','KALUMPANG'),('KAMA','APPROVED','KAMA','KAMANSI'),('KAMG','APPROVED','KAMG','KAMAGONG'),('KAPO','APPROVED','KAPO','KAPOK (DOLDOL)'),('LANI','APPROVED','LANI','LANIPAO'),('LANU','APPROVED','LANU','LANUTA'),('LANZ','APPROVED','LANZ','LANZONES'),('LAUR','APPROVED','LAUR','LAUAN RED'),('LAUW','APPROVED','LAUW','LAUAN WHITE'),('LEMO','APPROVED','LEMO','LEMON'),('LUKT','APPROVED','LUKT','LUKTOB'),('MABO','APPROVED','MABO','MABOLO'),('MACO','APPROVED','MACO','MACOPA'),('MAHO','APPROVED','MAHO','MAHOGANY'),('MALA','APPROVED','MALA','MALAPAPAYA'),('MALU','APPROVED','MALU','MALUGAY'),('MANG','APPROVED','MANG','MANGO'),('MANM','APPROVED','MANM','MANGIUM'),('MARA','APPROVED','MARA','MARANG'),('MARS','APPROVED','MARS','MARSH'),('MOLA','APPROVED','MOLA','MOLAVE - PREMIUM SPP'),('MROV','APPROVED','MROV','MANGROOVE'),('MSTN','APPROVED','MSTN','MANGOSTEEN'),('NARR','APPROVED','NARR','NARRA-PREMIUM SPP'),('NIPA','APPROVED','NIPA','NIPA'),('ORCH','APPROVED','ORCH','ORCHARD'),('OTFR','APPROVED','OTFR','OTHER FRUIT'),('PAGA','APPROVED','PAGA','PAGATPAT'),('PAPA','APPROVED','PAPA','PAPAYA'),('PAST','APPROVED','PAST','PASTURE LAND'),('PINE','APPROVED','PINE','PINEAPPLE'),('PMEL','APPROVED','PMEL','POMELO'),('POIL','APPROVED','POIL','PALM OIL'),('PONK','APPROVED','PONK','PONKAN'),('RAMB','APPROVED','RAMB','RAMBUTAN'),('RAMI','APPROVED','RAMI','RAMIE'),('RBBR','APPROVED','RBBR','RUBBER'),('RIAN','APPROVED','RIAN','RIAN'),('RIWI','APPROVED','RIWI','RICE WITH IRRIGATION'),('RIWO','APPROVED','RIWO','RICE WITHOUT IRRIGATION'),('ROMB','APPROVED','ROMB','ROMBLON'),('ROOT','APPROVED','ROOT','ROOTCROPS'),('SANT','APPROVED','SANT','SANTOL'),('SORG','APPROVED','SORG','SORGHUM'),('SOYB','APPROVED','SOYB','SOYBEANS'),('STAR','APPROVED','STAR','STAR APPLE'),('SUNK','APPROVED','SUNK','SUNKIST'),('SWAM','APPROVED','SWAM','SWAMPLAND'),('SWIN','APPROVED','SWIN','SWINE LAND'),('TALI','APPROVED','TALI','TALISAY'),('TANG','APPROVED','TANG','TANGUILE'),('TEAK','APPROVED','TEAK','TEAK-PREMIUM SPP'),('THAI','APPROVED','THAI','THAILAND ACACIA'),('TIMB','APPROVED','TIMB','TIMBER LAND'),('TOOG','APPROVED','TOOG','TOOG'),('TREE','APPROVED','TREE','TREE FARM'),('TUOG','APPROVED','TUOG','TUOG'),('ULAY','APPROVED','ULAY','ULAYAN'),('UPLA','APPROVED','UPLA','UPLAND RICE'),('VEGE','APPROVED','VEGE','VEGETABLE TRACK');
/*!40000 ALTER TABLE `planttree` ENABLE KEYS */;
UNLOCK TABLES;

--
-- Table structure for table `planttreeassesslevel`
--

DROP TABLE IF EXISTS `planttreeassesslevel`;
/*!40101 SET @saved_cs_client     = @@character_set_client */;
/*!40101 SET character_set_client = utf8 */;
CREATE TABLE `planttreeassesslevel` (
  `objid` varchar(50) NOT NULL,
  `planttreerysettingid` varchar(50) NOT NULL,
  `classification_objid` varchar(50) NOT NULL,
  `code` varchar(25) NOT NULL,
  `name` varchar(50) NOT NULL,
  `rate` decimal(16,2) NOT NULL,
  `previd` varchar(50) DEFAULT NULL,
  `fixrate` int(11) DEFAULT NULL,
  PRIMARY KEY (`objid`),
  KEY `planttreerysettingid` (`planttreerysettingid`),
  CONSTRAINT `planttreeassesslevel_ibfk_1` FOREIGN KEY (`planttreerysettingid`) REFERENCES `planttreerysetting` (`objid`)
) ENGINE=InnoDB DEFAULT CHARSET=utf8;
/*!40101 SET character_set_client = @saved_cs_client */;

--
-- Dumping data for table `planttreeassesslevel`
--

LOCK TABLES `planttreeassesslevel` WRITE;
/*!40000 ALTER TABLE `planttreeassesslevel` DISABLE KEYS */;
/*!40000 ALTER TABLE `planttreeassesslevel` ENABLE KEYS */;
UNLOCK TABLES;

--
-- Table structure for table `planttreedetail`
--

DROP TABLE IF EXISTS `planttreedetail`;
/*!40101 SET @saved_cs_client     = @@character_set_client */;
/*!40101 SET character_set_client = utf8 */;
CREATE TABLE `planttreedetail` (
  `objid` varchar(50) NOT NULL,
  `planttreerpuid` varchar(50) DEFAULT NULL,
  `landrpuid` varchar(50) DEFAULT NULL,
  `planttreeunitvalue_objid` varchar(50) NOT NULL,
  `planttree_objid` varchar(50) NOT NULL,
  `actualuse_objid` varchar(50) NOT NULL,
  `productive` decimal(16,2) NOT NULL,
  `nonproductive` decimal(16,2) NOT NULL,
  `nonproductiveage` varchar(25) DEFAULT NULL,
  `unitvalue` decimal(16,2) NOT NULL,
  `basemarketvalue` decimal(16,2) NOT NULL,
  `adjustment` decimal(16,2) NOT NULL,
  `adjustmentrate` decimal(16,2) NOT NULL,
  `marketvalue` decimal(16,2) NOT NULL,
  `assesslevel` decimal(16,2) NOT NULL,
  `assessedvalue` decimal(16,2) NOT NULL,
  `areacovered` decimal(16,4) DEFAULT NULL,
  PRIMARY KEY (`objid`),
  KEY `FK_planttreedetail_landrpu` (`landrpuid`),
  KEY `FK_planttreedetail_plantreeassesslevel` (`actualuse_objid`),
  KEY `FK_planttreedetail_planttree` (`planttree_objid`),
  KEY `FK_planttreedetail_planttreerpu` (`planttreerpuid`),
  KEY `FK_planttreedetail_planttreeunitvalue` (`planttreeunitvalue_objid`),
  CONSTRAINT `planttreedetail_ibfk_1` FOREIGN KEY (`landrpuid`) REFERENCES `landrpu` (`objid`),
  CONSTRAINT `planttreedetail_ibfk_2` FOREIGN KEY (`actualuse_objid`) REFERENCES `planttreeassesslevel` (`objid`),
  CONSTRAINT `planttreedetail_ibfk_3` FOREIGN KEY (`planttree_objid`) REFERENCES `planttree` (`objid`),
  CONSTRAINT `planttreedetail_ibfk_4` FOREIGN KEY (`planttreerpuid`) REFERENCES `planttreerpu` (`objid`),
  CONSTRAINT `planttreedetail_ibfk_5` FOREIGN KEY (`planttreeunitvalue_objid`) REFERENCES `planttreeunitvalue` (`objid`)
) ENGINE=InnoDB DEFAULT CHARSET=utf8;
/*!40101 SET character_set_client = @saved_cs_client */;

--
-- Dumping data for table `planttreedetail`
--

LOCK TABLES `planttreedetail` WRITE;
/*!40000 ALTER TABLE `planttreedetail` DISABLE KEYS */;
/*!40000 ALTER TABLE `planttreedetail` ENABLE KEYS */;
UNLOCK TABLES;

--
-- Table structure for table `planttreerpu`
--

DROP TABLE IF EXISTS `planttreerpu`;
/*!40101 SET @saved_cs_client     = @@character_set_client */;
/*!40101 SET character_set_client = utf8 */;
CREATE TABLE `planttreerpu` (
  `objid` varchar(50) NOT NULL,
  `landrpuid` varchar(50) NOT NULL,
  `productive` decimal(16,2) NOT NULL,
  `nonproductive` decimal(16,2) NOT NULL,
  PRIMARY KEY (`objid`),
  KEY `FK_planttreerpu_landrpu` (`landrpuid`),
  CONSTRAINT `planttreerpu_ibfk_1` FOREIGN KEY (`landrpuid`) REFERENCES `landrpu` (`objid`),
  CONSTRAINT `planttreerpu_ibfk_2` FOREIGN KEY (`objid`) REFERENCES `rpu` (`objid`)
) ENGINE=InnoDB DEFAULT CHARSET=utf8;
/*!40101 SET character_set_client = @saved_cs_client */;

--
-- Dumping data for table `planttreerpu`
--

LOCK TABLES `planttreerpu` WRITE;
/*!40000 ALTER TABLE `planttreerpu` DISABLE KEYS */;
/*!40000 ALTER TABLE `planttreerpu` ENABLE KEYS */;
UNLOCK TABLES;

--
-- Table structure for table `planttreerysetting`
--

DROP TABLE IF EXISTS `planttreerysetting`;
/*!40101 SET @saved_cs_client     = @@character_set_client */;
/*!40101 SET character_set_client = utf8 */;
CREATE TABLE `planttreerysetting` (
  `objid` varchar(50) NOT NULL,
  `state` varchar(15) NOT NULL,
  `ry` int(11) NOT NULL,
  `applyagriadjustment` int(11) DEFAULT NULL,
  `appliedto` longtext,
  `previd` varchar(50) DEFAULT NULL,
  `remarks` varchar(200) DEFAULT NULL,
  `ordinanceno` varchar(25) DEFAULT NULL,
  `ordinancedate` date DEFAULT NULL,
  PRIMARY KEY (`objid`),
  KEY `previd` (`previd`),
  KEY `ix_planttreerysetting_ry` (`ry`),
  CONSTRAINT `planttreerysetting_ibfk_1` FOREIGN KEY (`previd`) REFERENCES `planttreerysetting` (`objid`)
) ENGINE=InnoDB DEFAULT CHARSET=utf8;
/*!40101 SET character_set_client = @saved_cs_client */;

--
-- Dumping data for table `planttreerysetting`
--

LOCK TABLES `planttreerysetting` WRITE;
/*!40000 ALTER TABLE `planttreerysetting` DISABLE KEYS */;
/*!40000 ALTER TABLE `planttreerysetting` ENABLE KEYS */;
UNLOCK TABLES;

--
-- Table structure for table `planttreeunitvalue`
--

DROP TABLE IF EXISTS `planttreeunitvalue`;
/*!40101 SET @saved_cs_client     = @@character_set_client */;
/*!40101 SET character_set_client = utf8 */;
CREATE TABLE `planttreeunitvalue` (
  `objid` varchar(50) NOT NULL,
  `planttreerysettingid` varchar(50) NOT NULL,
  `planttree_objid` varchar(50) NOT NULL,
  `code` varchar(10) NOT NULL,
  `name` varchar(25) NOT NULL,
  `unitvalue` decimal(10,2) NOT NULL,
  `previd` varchar(50) DEFAULT NULL,
  PRIMARY KEY (`objid`),
  KEY `planttreerysettingid` (`planttreerysettingid`),
  KEY `FK_planttreeunitvalue_planttree` (`planttree_objid`),
  CONSTRAINT `planttreeunitvalue_ibfk_1` FOREIGN KEY (`planttree_objid`) REFERENCES `planttree` (`objid`),
  CONSTRAINT `planttreeunitvalue_ibfk_2` FOREIGN KEY (`planttreerysettingid`) REFERENCES `planttreerysetting` (`objid`)
) ENGINE=InnoDB DEFAULT CHARSET=utf8;
/*!40101 SET character_set_client = @saved_cs_client */;

--
-- Dumping data for table `planttreeunitvalue`
--

LOCK TABLES `planttreeunitvalue` WRITE;
/*!40000 ALTER TABLE `planttreeunitvalue` DISABLE KEYS */;
/*!40000 ALTER TABLE `planttreeunitvalue` ENABLE KEYS */;
UNLOCK TABLES;

--
-- Table structure for table `previousfaas`
--

DROP TABLE IF EXISTS `previousfaas`;
/*!40101 SET @saved_cs_client     = @@character_set_client */;
/*!40101 SET character_set_client = utf8 */;
CREATE TABLE `previousfaas` (
  `faasid` varchar(50) NOT NULL,
  `prevfaasid` varchar(50) NOT NULL,
  PRIMARY KEY (`faasid`,`prevfaasid`),
  KEY `FK_previousfaas_prevfaas` (`prevfaasid`),
  CONSTRAINT `previousfaas_ibfk_1` FOREIGN KEY (`faasid`) REFERENCES `faas` (`objid`),
  CONSTRAINT `previousfaas_ibfk_2` FOREIGN KEY (`prevfaasid`) REFERENCES `faas` (`objid`)
) ENGINE=InnoDB DEFAULT CHARSET=utf8;
/*!40101 SET character_set_client = @saved_cs_client */;

--
-- Dumping data for table `previousfaas`
--

LOCK TABLES `previousfaas` WRITE;
/*!40000 ALTER TABLE `previousfaas` DISABLE KEYS */;
/*!40000 ALTER TABLE `previousfaas` ENABLE KEYS */;
UNLOCK TABLES;

--
-- Table structure for table `profession`
--

DROP TABLE IF EXISTS `profession`;
/*!40101 SET @saved_cs_client     = @@character_set_client */;
/*!40101 SET character_set_client = utf8 */;
CREATE TABLE `profession` (
  `objid` varchar(100) NOT NULL,
  PRIMARY KEY (`objid`)
) ENGINE=InnoDB DEFAULT CHARSET=utf8;
/*!40101 SET character_set_client = @saved_cs_client */;

--
-- Dumping data for table `profession`
--

LOCK TABLES `profession` WRITE;
/*!40000 ALTER TABLE `profession` DISABLE KEYS */;
/*!40000 ALTER TABLE `profession` ENABLE KEYS */;
UNLOCK TABLES;

--
-- Table structure for table `propertyclassification`
--

DROP TABLE IF EXISTS `propertyclassification`;
/*!40101 SET @saved_cs_client     = @@character_set_client */;
/*!40101 SET character_set_client = utf8 */;
CREATE TABLE `propertyclassification` (
  `objid` varchar(50) NOT NULL,
  `state` varchar(10) NOT NULL,
  `code` varchar(20) NOT NULL,
  `name` varchar(100) NOT NULL,
  `special` int(11) NOT NULL,
  `orderno` int(11) NOT NULL,
  PRIMARY KEY (`objid`),
  UNIQUE KEY `ux_propertyclassification_code` (`code`),
  UNIQUE KEY `ux_propertyclassification_name` (`name`),
  KEY `ix_propertyclassification_state` (`state`)
) ENGINE=InnoDB DEFAULT CHARSET=utf8;
/*!40101 SET character_set_client = @saved_cs_client */;

--
-- Dumping data for table `propertyclassification`
--

LOCK TABLES `propertyclassification` WRITE;
/*!40000 ALTER TABLE `propertyclassification` DISABLE KEYS */;
INSERT INTO `propertyclassification` VALUES ('A','APPROVED','A','AGRICULTURAL',0,2),('C','APPROVED','C','COMMERCIAL',0,3),('EG','APPROVED','EG','GOVERNMENT',1,11),('ER','APPROVED','ER','RELIGIOUS',1,12),('I','APPROVED','I','INDUSTRIAL',0,4),('M','APPROVED','M','MINERAL',0,5),('R','APPROVED','R','RESIDENTIAL',0,1),('SC','APPROVED','SC','CULTURAL',1,9),('SH','APPROVED','SH','HOSPITAL',1,7),('SS','APPROVED','SS','SCIENTIFIC',1,8),('T','APPROVED','T','TIMBER',0,6);
/*!40000 ALTER TABLE `propertyclassification` ENABLE KEYS */;
UNLOCK TABLES;

--
-- Table structure for table `propertypayer`
--

DROP TABLE IF EXISTS `propertypayer`;
/*!40101 SET @saved_cs_client     = @@character_set_client */;
/*!40101 SET character_set_client = utf8 */;
CREATE TABLE `propertypayer` (
  `objid` varchar(50) NOT NULL DEFAULT '',
  `taxpayer_objid` varchar(50) NOT NULL,
  PRIMARY KEY (`objid`),
  KEY `ix_propertypayer_taxpayerid` (`taxpayer_objid`),
  CONSTRAINT `FK_propertypayer_entity` FOREIGN KEY (`taxpayer_objid`) REFERENCES `entity` (`objid`)
) ENGINE=InnoDB DEFAULT CHARSET=utf8;
/*!40101 SET character_set_client = @saved_cs_client */;

--
-- Dumping data for table `propertypayer`
--

LOCK TABLES `propertypayer` WRITE;
/*!40000 ALTER TABLE `propertypayer` DISABLE KEYS */;
/*!40000 ALTER TABLE `propertypayer` ENABLE KEYS */;
UNLOCK TABLES;

--
-- Table structure for table `propertypayer_item`
--

DROP TABLE IF EXISTS `propertypayer_item`;
/*!40101 SET @saved_cs_client     = @@character_set_client */;
/*!40101 SET character_set_client = utf8 */;
CREATE TABLE `propertypayer_item` (
  `objid` varchar(50) NOT NULL DEFAULT '',
  `parentid` varchar(50) NOT NULL,
  `rptledger_objid` varchar(50) NOT NULL,
  PRIMARY KEY (`objid`),
  UNIQUE KEY `ux_propertypayeritem_rptledgerid` (`parentid`,`rptledger_objid`),
  KEY `ix_propertypayeritem_parentid` (`parentid`),
  KEY `ix_propertypayeritem_rptledgerid` (`rptledger_objid`),
  CONSTRAINT `FK_propertypayeritem_propertypayer` FOREIGN KEY (`parentid`) REFERENCES `propertypayer` (`objid`),
  CONSTRAINT `FK_propertypayeritem_rptledger` FOREIGN KEY (`rptledger_objid`) REFERENCES `rptledger` (`objid`)
) ENGINE=InnoDB DEFAULT CHARSET=utf8;
/*!40101 SET character_set_client = @saved_cs_client */;

--
-- Dumping data for table `propertypayer_item`
--

LOCK TABLES `propertypayer_item` WRITE;
/*!40000 ALTER TABLE `propertypayer_item` DISABLE KEYS */;
/*!40000 ALTER TABLE `propertypayer_item` ENABLE KEYS */;
UNLOCK TABLES;

--
-- Table structure for table `province`
--

DROP TABLE IF EXISTS `province`;
/*!40101 SET @saved_cs_client     = @@character_set_client */;
/*!40101 SET character_set_client = utf8 */;
CREATE TABLE `province` (
  `objid` varchar(50) NOT NULL,
  `state` varchar(10) DEFAULT NULL,
  `indexno` varchar(15) DEFAULT NULL,
  `pin` varchar(15) DEFAULT NULL,
  `name` varchar(50) DEFAULT NULL,
  `previd` varchar(50) DEFAULT NULL,
  `parentid` varchar(50) DEFAULT NULL,
  `governor_name` varchar(100) DEFAULT NULL,
  `governor_title` varchar(50) DEFAULT NULL,
  `governor_office` varchar(50) DEFAULT NULL,
  `assessor_name` varchar(100) DEFAULT NULL,
  `assessor_title` varchar(50) DEFAULT NULL,
  `assessor_office` varchar(50) DEFAULT NULL,
  `treasurer_name` varchar(100) DEFAULT NULL,
  `treasurer_title` varchar(50) DEFAULT NULL,
  `treasurer_office` varchar(50) DEFAULT NULL,
  `address` varchar(100) DEFAULT NULL,
  `fullname` varchar(50) DEFAULT NULL,
  PRIMARY KEY (`objid`),
  KEY `ix_lgu_province_indexno` (`indexno`),
  KEY `ix_lgu_province_parentid` (`parentid`),
  KEY `ix_lgu_province_previd` (`previd`),
  CONSTRAINT `province_ibfk_1` FOREIGN KEY (`objid`) REFERENCES `sys_org` (`objid`) ON UPDATE CASCADE
) ENGINE=InnoDB DEFAULT CHARSET=utf8;
/*!40101 SET character_set_client = @saved_cs_client */;

--
-- Dumping data for table `province`
--

LOCK TABLES `province` WRITE;
/*!40000 ALTER TABLE `province` DISABLE KEYS */;
INSERT INTO `province` VALUES ('000','DRAFT','000','000','PROVINCE',NULL,NULL,NULL,'GOVERNOR','OFFICE OF THE GOVERNOR',NULL,'PROVINCIAL ASSESSOR','PROVINCIAL ASSESSORS OFFICE',NULL,'PROVINCIAL TREASURER','PROVINCIAL TREASURY OFFICE','PROVINCE','PROVINCE');
/*!40000 ALTER TABLE `province` ENABLE KEYS */;
UNLOCK TABLES;

--
-- Table structure for table `province_taxaccount_mapping`
--

DROP TABLE IF EXISTS `province_taxaccount_mapping`;
/*!40101 SET @saved_cs_client     = @@character_set_client */;
/*!40101 SET character_set_client = utf8 */;
CREATE TABLE `province_taxaccount_mapping` (
  `objid` varchar(50) NOT NULL DEFAULT '',
  `basicadvacct_objid` varchar(50) DEFAULT NULL,
  `basicprevacct_objid` varchar(50) DEFAULT NULL,
  `basicprevintacct_objid` varchar(50) DEFAULT NULL,
  `basicprioracct_objid` varchar(50) DEFAULT NULL,
  `basicpriorintacct_objid` varchar(50) DEFAULT NULL,
  `basiccurracct_objid` varchar(50) DEFAULT NULL,
  `basiccurrintacct_objid` varchar(50) DEFAULT NULL,
  `sefadvacct_objid` varchar(50) DEFAULT NULL,
  `sefprevacct_objid` varchar(50) DEFAULT NULL,
  `sefprevintacct_objid` varchar(50) DEFAULT NULL,
  `sefprioracct_objid` varchar(50) DEFAULT NULL,
  `sefpriorintacct_objid` varchar(50) DEFAULT NULL,
  `sefcurracct_objid` varchar(50) DEFAULT NULL,
  `sefcurrintacct_objid` varchar(50) DEFAULT NULL,
  `basicidlecurracct_objid` varchar(50) DEFAULT NULL,
  `basicidlecurrintacct_objid` varchar(50) DEFAULT NULL,
  `basicidleprevacct_objid` varchar(50) DEFAULT NULL,
  `basicidleprevintacct_objid` varchar(50) DEFAULT NULL,
  `basicidleadvacct_objid` varchar(50) DEFAULT NULL,
  PRIMARY KEY (`objid`)
) ENGINE=InnoDB DEFAULT CHARSET=utf8;
/*!40101 SET character_set_client = @saved_cs_client */;

--
-- Dumping data for table `province_taxaccount_mapping`
--

LOCK TABLES `province_taxaccount_mapping` WRITE;
/*!40000 ALTER TABLE `province_taxaccount_mapping` DISABLE KEYS */;
/*!40000 ALTER TABLE `province_taxaccount_mapping` ENABLE KEYS */;
UNLOCK TABLES;

--
-- Table structure for table `psic`
--

DROP TABLE IF EXISTS `psic`;
/*!40101 SET @saved_cs_client     = @@character_set_client */;
/*!40101 SET character_set_client = utf8 */;
CREATE TABLE `psic` (
  `objid` varchar(50) NOT NULL,
  `title` varchar(255) NOT NULL,
  `parentid` varchar(50) DEFAULT NULL,
  PRIMARY KEY (`objid`),
  KEY `ix_title` (`title`),
  KEY `ix_parentid` (`parentid`),
  CONSTRAINT `fk_psic_parentid` FOREIGN KEY (`parentid`) REFERENCES `psic` (`objid`)
) ENGINE=InnoDB DEFAULT CHARSET=utf8;
/*!40101 SET character_set_client = @saved_cs_client */;

--
-- Dumping data for table `psic`
--

LOCK TABLES `psic` WRITE;
/*!40000 ALTER TABLE `psic` DISABLE KEYS */;
INSERT INTO `psic` VALUES ('01111','Growing of leguminous crops such as: mongo, string beans (sitao), pigeon peas, gisantes, garbanzos, bountiful beans (habichuelas), peas (sitsaro)',NULL),('01112','Growing of ground nuts',NULL),('01113','Growing of oil seeds (except ground nuts) such as soya beans, sunflower and growing of other oil seeds, n.e.c.',NULL),('01114','Growing of sorghum, wheat',NULL),('01119','Growing of other cereals (except rice and corn), leguminous crops and oil seeds, n.e.c.',NULL),('01121','Growing of paddy rice, lowland, irrigated',NULL),('01122','Growing of paddy rice, lowland, rainfed',NULL),('01123','Growing of paddy rice, upland/kaingin',NULL),('01130','Growing of corn, expcept young corn (vegetable)',NULL),('01140','Growing of sugarcane including muscovado sugar-making in the farm',NULL),('01151','Growing of virginia tobacco including flue-curing done in the farm',NULL),('01152','Growing of native tobacco including flue-curing done in the farm',NULL),('01161','Growing of abaca',NULL),('01162','Growing of cotton',NULL),('01163','Growing of kapok',NULL),('01164','Growing of maguey',NULL),('01165','Growing of ramie',NULL),('01166','Growing of pina',NULL),('01167','Growing of jute',NULL),('01168','Growing of kenaf',NULL),('01169','Growing of other fibre crops, n.e.c.',NULL),('01171','Growing of leafy and stem vegetables such as : cabbage, broccoli, cauliflower, lettuce, asparagus, pechay, kangkong and other leafy or stem vegetables',NULL),('01172','Growing of fruit bearing vegetables such as: tomato, eggplant, cucumber, amplaya, squash, gourd and other fruit bearing vegetables, n.e.c.',NULL),('01179','Growing of other leafy and fruit bearing vegetables, n.e.c.',NULL),('01181','Growing of onion',NULL),('01182','Growing of garlic',NULL),('01183','Growing of carrot',NULL),('01184','Growing of potato',NULL),('01185','Growing of cassava',NULL),('01186','Growing of sweet potato(camote)',NULL),('01187','Growing of melons and watermelons',NULL),('01188','Growing of yams (ube)',NULL),('01189','Growing of other roots, bulbs, tuberous crops and vegetables',NULL),('01191','Growing of orchids',NULL),('01192','Growing of flowers or flower buds, (except orchids)',NULL),('01193','Production or growing of horticultural specialties and nursery products',NULL),('01194','Growing of plant materials used chiefly in medicinal/ pharmaceutical or for insecticidal, fungicidal or similar purposes',NULL),('01195','Growing of crops chiefly for construction purposes (e.g., nipa, bamboo, buri, etc.)',NULL),('01196','Growing of forage crops and other grasses',NULL),('01199','Growing of other non-perennial crops, n.e.c.',NULL),('01211','Growing of banana, cavendish',NULL),('01212','Growing of other banana',NULL),('01220','Growing of pineapple',NULL),('01231','Growing of calamansi',NULL),('01232','Growing of dalandan',NULL),('01233','Growing of mandarin (dalanghita)',NULL),('01234','Growing of pomelo (suha)',NULL),('01235','Growing of citrus fruits, n.e.c.',NULL),('01240','Growing of mango',NULL),('01250','Growing of papaya',NULL),('01260','Growing of coconut, including copra-making, tuba gathering and coco-shell charcoal making in the farm',NULL),('01271','Growing of coffee',NULL),('01272','Growing of cocoa',NULL),('01273','Growing of tea',NULL),('01279','Growing of other beverage crops',NULL),('01281','Growing of perrenial spices and aromatic crops such as: ginger, pepper, chile, achuete, laurel, etc.',NULL),('01282','Growing of plant used primarily in medical/ pharmaceutical purposes such as : lagundi, banaba, ginseng, oregano, etc.',NULL),('01283','Growing of plants for insecticidal, fungicidal or similar purposes',NULL),('01284','Growing of crops used primarily in perfumery or similar purposes',NULL),('01289','Growing of other spices, aromatic, drug and pharmaceutical crops, n.e.c.',NULL),('01291','Growing of other tropical fruits, eg. jackfruit, guavas, avocados, lanzones, durian, rambutan, chico, atis, mangosteen, makopa, etc',NULL),('01292','Growing of perennial trees with edible nuts, e.g. pili nuts, cashew nuts, etc',NULL),('01293','Growing of rubber tree',NULL),('01294','Growing of jathropa tree',NULL),('01295','Growing of ornamental or decorative trees such as Christmas or pine trees, fire trees, etc.',NULL),('01299','Growing of other fruits and perennial crops, n.e.c.',NULL),('01300','Plant propagation',NULL),('01411','Beef cattle farming (including feed lot fattening)',NULL),('01412','Carabao farming',NULL),('01420','Raising of horses and other equines',NULL),('01430','Dairy farming',NULL),('01441','Sheep Farming',NULL),('01442','Sheep Shearing by the owner',NULL),('01443','Deer faming',NULL),('01450','Hog farming',NULL),('01461','Chicken production, broiler',NULL),('01462','Chicken production, layer',NULL),('01463','Chicken production, native',NULL),('01471','Raising of duck broiler',NULL),('01472','Raising of quail',NULL),('01473','Raising of turkey',NULL),('01474','Rasing of pigeon',NULL),('01475','Raising of game fowl',NULL),('01479','Raising of poultry (except chicken), n.e.c.',NULL),('01481','Chicken egg production',NULL),('01482','Duck egg production',NULL),('01483','Quail egg production',NULL),('01489','Production of eggs, n.e.c.',NULL),('01491','Sericulture (silkworm culture for the production of cocoon)',NULL),('01492','Apiary (bee culture for the production of honey)',NULL),('01493','Vermiculture',NULL),('01494','Crocodile/alligator farming',NULL),('01495','Rabbit farming',NULL),('01496','Raising of semi-domesticated or wild animals including birds, reptiles, insects (e.g. butterfly) and turtles',NULL),('01497','Raising and breeding of cats and dogs',NULL),('01498','Game propagation and breeding activities',NULL),('01499','Raising of other animals, n.e.c.',NULL),('01511','Operation of irrigation systems through cooperatives',NULL),('01512','Operation of irrigation systems through non-cooperatives',NULL),('01520','Planting, transplanting and other related activities',NULL),('01531','Plowing, seeding, weeding, thinning, pruning and similar services',NULL),('01532','Fertilizer applications',NULL),('01533','Chemical and mechanical weed control, disease and pest control services',NULL),('01534','Services to establish crops, promote their growth and protect them from pests and diseases, n.e.c.',NULL),('01540','Harvesting, threshing, grading, bailing and related services',NULL),('01550','Rental of farm machinery with drivers and crew',NULL),('01561','Artificial insemination services',NULL),('01562','Contract animal growing services on a fee basis',NULL),('01563','Egg-hatching, sex determination and other poultry services',NULL),('01564','Services to promote propagation, growth and output of animals',NULL),('01565','Farm management services',NULL),('01569','Other support activities for animal production, n.e.c.',NULL),('01571','Preparation of crops for primary markets, i.e. cleaning, trimming, grading, disinfecting',NULL),('01572','Cotton ginning',NULL),('01573','Preparation of tobacco leaves',NULL),('01574','Preparation of coffee, cacao and cocoa beans',NULL),('01581','Growing of paddy rice for seed purposes',NULL),('01582','Growing of seedlings for reforestation',NULL),('01701','Hunting and trapping wild animals in the forest',NULL),('01702','Production of reptile skins or bird skins and other animal skins from hunting activities',NULL),('01709','Hunting, trapping and other related activities, n.e.c.',NULL),('02110','Growing of timber forest species (e.g. Gemelina, Eucalyptus, etc.), planting, replanting, transplanting, thinning and conserving of forest and timber tracts',NULL),('02120','Operation of forest tree nurseries',NULL),('02201','Production of roundwood for forest-based manufacturing industries',NULL),('02202','Production of roundwood used in an unprocessed form such as pit-props, fence posts and utility poles',NULL),('02203','Firewood cutting & charcoal making in the forest',NULL),('02300','Gathering of non-wood forest products',NULL),('02400','Support services to forestry',NULL),('03111','Ocean fishing, commercial (using vessels over 3 tons)',NULL),('03112','Coastal fishing, municipal (using vessels of less than 3 tons)',NULL),('03113','Fish corral fishing',NULL),('03121','Catching fish, crabs and crustaceans in inland waters',NULL),('03122','Gathering shells and clams, edible, in inland waters',NULL),('03129','Other freshwater fishing activities, n.e.c.',NULL),('03211','Operation of freshwater fishpond, except fish breeding farms and nurseries',NULL),('03212','Operation of freshwater fish pens and fish cage',NULL),('03213','Operation of freshwater fish breeding farms and nurseries',NULL),('03214','Culture of freshwater ornamental fish',NULL),('03219','Other freshwater fish farming activities',NULL),('03221','Operation of marine fish tanks, pens, cage except fish breeding farms and nurseries in sea water',NULL),('03222','Operation of freshwater fish breeding farms and nurseries',NULL),('03223','Catching and culturing ornamental (aquarium) fish',NULL),('03224','Gathering of fry',NULL),('03229','Other marine fish farming activities',NULL),('03230','Operation of marine sport fishing preserves',NULL),('03240','Prawn culture in brackish water',NULL),('03251','Culture of freshwater crustaceans (except prawns), bivalves, and other mollusks',NULL),('03252','Culture of oysters, other bivalves and other mollusks in sea water',NULL),('03261','Pearl culture',NULL),('03262','Pearl shell gathering',NULL),('03270','Gathering of laver and other edible seaweeds',NULL),('03280','Support service activities incidental to aquaculture',NULL),('03291','Frog farming',NULL),('03292','Operation of marine worm farms',NULL),('03299','Other aquaculture activities, n.e.c',NULL),('05100','Mining of hard coal',NULL),('05200','Mining of lignite',NULL),('06100','Extraction of crude petroleum',NULL),('06200','Extraction of natural gas',NULL),('07100','Mining of iron ores',NULL),('07210','Mining of uranium and thorium ores',NULL),('07221','Gold ore mining',NULL),('07222','Silver ore mining',NULL),('07291','Copper ore mining',NULL),('07292','Chromite ore mining',NULL),('07293','Manganese ore mining',NULL),('07294','Nickel ore mining',NULL),('08101','Marble quarrying',NULL),('08102','Limestone quarrying',NULL),('08103','Stone quarrying, except limestone and marble',NULL),('08104','Clay quarrying',NULL),('08105','Sand and gravel quarrying',NULL),('08106','Silica sand and silica stone quarrying',NULL),('08109','Stone quarrying, clay and sand pits, n.e.c.',NULL),('08911','Baryte mining',NULL),('08912','Guano gathering',NULL),('08913','Pyrite mining',NULL),('08914','Rock phosphate mining',NULL),('08915','Sulphur mining',NULL),('08919','Other chemical and fertilizer mineral mining',NULL),('08920','Extraction of peat',NULL),('08930','Extraction of salt',NULL),('08990','Other mining and quarrying, n.e.c.',NULL),('09101','Oil and gas extraction activities on a fee or contract basis',NULL),('09102','Oil and gas extraction activities not performed on a fee or contract basis',NULL),('09900','Support activities for other mining and quarrying',NULL),('10110','Slaughtering and meat packing',NULL),('10120','Production processing and preserving of meat and meat products',NULL),('10201','Canning/packing of fish and other marine products',NULL),('10202','Drying of fish and other marine products',NULL),('10203','Smoking of fish and other marine products',NULL),('10204','Manufacture of fish paste (bagoong) and fish sauce(patis)',NULL),('10205','Processing of seaweeds; manufacture of agar-agar or carageenan',NULL),('10206','Production of fishmeal/prawn feeds',NULL),('10207','Manufacture of unprepared animal feeds from fish, crustaceans and mollusks and other aquatic animals',NULL),('10209','Processing, preserving and canning of fish, crustacean and mollusks, n.e.c. Manufacture of fishball, etc.',NULL),('10301','Canning/packing and preserving of fruits and fruit juices',NULL),('10302','Canning/packing and preserving of vegetables and vegetable juices',NULL),('10303','Manufacture of fruit and vegetable sauces (e.g. tomato sauce and paste)',NULL),('10304','Quick-freezing of fruits and vegetables',NULL),('10305','Manufacture of potato flour and meal',NULL),('10306','Roasting of nut or manufacture of nut foods and pastes',NULL),('10307','Manufacture of perishable prepared foods of fruit and vegetables, such as: salad, peeled or cut vegetables, tofu (bean curd)',NULL),('10309','Processing and preserving of fruits and vegetables, n.e.c.',NULL),('10410','Manufacture of virgin coconut oil',NULL),('10420','Manufacture of dessicated coconut',NULL),('10430','Manufacture of nata de coco',NULL),('10440','Production of crude vegetable oil, cake and meals, other than virgin coconut oil (see class 1041)',NULL),('10450','Manufacture of refined coconut and other vegetable oil (including corn oil) and margarine',NULL),('10460','Manufacture of fish oil and other marine animal oils',NULL),('10470','Manufacture of unprepared animal feeds from vegetable, animal oils and fats',NULL),('10490','Manufacture of vegetable and animal oil and fats, n.e.c.',NULL),('10510','Processing of fresh milk and cream',NULL),('10520','Manufacture of powdered milk (except for infants) and condensed or evaporated milk (filled, combined or reconstituted)',NULL),('10530','Manufacture of infants\' powdered milk',NULL),('10540','Manufacture of butter, cheese and curd',NULL),('10550','Manufacture of ice cream and sherbet, ice drop, ice candy and other flavored ices',NULL),('10560','Manufacture of milk-based infants\' and dietetic foods',NULL),('10570','Manufacture of yoghurt',NULL),('10580','Manufacture of whey',NULL),('10590','Manufacture of dairy products, n.e.c.',NULL),('10610','Rice/corn milling',NULL),('10621','Cassava flour milling',NULL),('10622','Flour milling except cassava flour milling',NULL),('10623','Manufacture of cereal breakfast foods obtained by roasting or swelling, etc.',NULL),('10624','Manufacture of unprepared animal feeds from grain milling residues',NULL),('10625','Manufacture of flour mixes and prepared blended flour and dough for bread, cakes, biscuits or pancakes',NULL),('10629','Manufacture of grain and vegetable mill products, n.e.c.',NULL),('10630','Manufacture of starches and starch products',NULL),('10711','Baking of bread, cakes, pastries, pies and similar \"perishable\" bakery products, including hopia and doughnut making',NULL),('10712','Baking of biscuits cookies, crackers, pretzels and similar dry bakery products',NULL),('10713','Manufacture of ice cream cones (apa) and wafers (barquillos)',NULL),('10714','Manufacture of snack products such as corn curls, wheat crunchies and similar products',NULL),('10721','Sugarcane milling',NULL),('10722','Sugar refining',NULL),('10723','Manufacture of muscovado sugar not carried on in the farm',NULL),('10724','Manufacture of molasses',NULL),('10729','Manufacture of sugar, n.e.c.',NULL),('10731','Manufacture of chocolate and cocoa products including chocolate candies',NULL),('10732','Manufacture of candies (excluding chocolate candies) and chewing gum',NULL),('10733','Manufacture of popcorn and poprice',NULL),('10739','Manufacture of chocolate and sugar confectionery products, n.e.c.',NULL),('10740','Manufacture of macaroni, noodles, couscous and similar farinaceous products',NULL),('10750','Manufactured of prepared meals and dishes',NULL),('10760','Manufacture of food supplements from herbs and other plants',NULL),('10770','Coffee roasting and processing',NULL),('10791','Manufacture of herb from drying and further extraction ( e.g. banaba, ampalaya, moringa (malunggay), sambong, lagundi etc.)',NULL),('10792','Manufacture of ice, except dry ice',NULL),('10793','Manufacture of soup containing meat, fish, crustaceans, mollusks or pasta',NULL),('10794','Manufature of infant or dietetic foods containing homogenized ingredients',NULL),('10795','Egg processing including fertilized egg (balut) and salted eggs',NULL),('10796','Manufacture of flavoring extracts and food coloring',NULL),('10797','Manufacture of mayonnaise, salad dressing, sandwich spread and similar products',NULL),('10798','Manufacture of vinegar',NULL),('10799','Manufacture of food products, n.e.c.',NULL),('10800','Manufacture of prepared animal feeds',NULL),('11010','Distilling, rectifying and blending of spirits',NULL),('11021','Fruit wine manufacturing',NULL),('11029','Wine manufacturing, n.e.c.',NULL),('11030','Manufacture of malt liquors and malt',NULL),('11041','Manufacture of soft drinks except drinks flavored with fruit juices, syrups or other materials',NULL),('11042','Manufacture of drinks flavored with fruit juices, syrups or other materials',NULL),('11051','Manufacture of bottled water',NULL),('11052','Manufacture of carbonated water',NULL),('11060','Manufacture of sports and energy drink',NULL),('11090','Manufacture of other beverages, n.e.c.',NULL),('12010','Manufacture of cigarettes',NULL),('12020','Manufacture of cigars',NULL),('12030','Manufacture of chewing and smoking tobacco, snuff',NULL),('12040','Curing and redrying tobacco leaves',NULL),('12090','Tobacco manufacturing, n.e.c.',NULL),('13111','Spinning',NULL),('13112','Texturizing',NULL),('13113','Manufacture of paper yarn',NULL),('13119','Preparation of textiles, n.e.c.',NULL),('13120','Weaving of textiles',NULL),('13130','Finishing of textiles',NULL),('13140','Preparation and finishing of textiles (integrated)',NULL),('13910','Manufacture of knitted and crocheted fabrics',NULL),('13921','Manufacture of textile industrial bags',NULL),('13922','Manufacture of made-up textile goods for house furnishings',NULL),('13923','Manufacture of canvas products',NULL),('13929','Manufacture of made-up textile articles, except wearing apparel, n.e.c.',NULL),('13931','Manufacture of carpets and rugs, except mats of textile materials',NULL),('13932','Manufacture of mats (including mattings) of textile materials',NULL),('13941','Manufacture of cordage, rope, and twine',NULL),('13942','Manufacture of fishing nets and other nettings, (excluding mosquito and hairnets)',NULL),('13943','Manufacture of products of cordage, rope and twine products',NULL),('13950','Manufacture of embroidered fabrics',NULL),('13991','Manufacture of narrow fabrics, laces, tulles and other net fabrics',NULL),('13992','Manufacture of felt and non-woven fabrics',NULL),('13993','Manufacture of fabrics, impregnated, coated, covered or laminated with plastic',NULL),('13994','Manufacture of fabrics, impregnated, coated, covered or laminated other than with plastic and rubber',NULL),('13995','Manufacture of fabrics for industrial use (wicks and gas mantles)',NULL),('13996','Manufacture of fiber batting, padding and upholstery filling including coir',NULL),('13999','Manufacture of miscellaneous textiles, n.e.c.',NULL),('14110','Men\'s and boys\' garment manufacturing',NULL),('14120','Women\'s and girls\' and babies\' garment manufacturing',NULL),('14130','Ready-made embroidered garments manufacturing',NULL),('14191','Manufacture of raincoats by cutting or sewing except rubber or plastics',NULL),('14192','Manufacture of hats, gloves, handkerchiefs, neckwear and belts regardless of material',NULL),('14199','Manufacture of wearing apparel, n.e.c',NULL),('14210','Custom tailoring',NULL),('14220','Custom dressmaking',NULL),('14301','Manufacture of knitted and crocheted apparel',NULL),('14302','Manufacture of knitted or crocheted hosiery, underwear and outerwear when knitted or crocheted directly into shape',NULL),('14309','Manufacture of knitted and crocheted articles, n.e.c.',NULL),('14400','Manufacture of articles of fur',NULL),('15110','Tanning and dressing of leather',NULL),('15121','Manufacture of luggage, handbags and wallets of leather and imitation leather',NULL),('15129','Manufature of products of leather and imitation leather, n.e.c.',NULL),('15210','Manufacture of leather shoes',NULL),('15220','Manufacture of rubber shoes',NULL),('15230','Manufacture of plastic shoes',NULL),('15240','Manufacture of shoes made of textile materials with applied soles',NULL),('15250','Manufacture of wooden footwear and accessories',NULL),('15291','Manufacture of rubber slippers',NULL),('15292','Manufacture of slippers and sandals, other than rubber',NULL),('15293','Manufacture of leather parts of footwear',NULL),('15299','Manufacture of other footwear, n.e.c.',NULL),('16101','Manufacture of rough lumber',NULL),('16102','Manufacture of worked lumber',NULL),('16103','Wood preserving and drying',NULL),('16109','Sawmilling and planing of wood products, n.e.c.',NULL),('16211','Manufacture of veneer sheets and plywood',NULL),('16212','Manufacture of laminboard, particle board and other panels and board',NULL),('16220','Manufacture of wooden window and door screens, shades and venetian blinds',NULL),('16230','Manufacture of other builders\' carpentry and joinery; millworking',NULL),('16240','Manufacture of wooden containers',NULL),('16250','Manufacture of wood carvings',NULL),('16260','Manufacture of charcoal outside the forest',NULL),('16270','Manufacture of wooden wares',NULL),('16281','Manufacture of rattan and cane containers',NULL),('16282','Manufacture of sawali, nipa and split canes',NULL),('16283','Manufacture of mats, matting or screen',NULL),('16284','Manufacture of small cane wares',NULL),('16285','Manufacture of articles of cork, straw and plaiting materials',NULL),('16289','Manufacture other products of bamboo, cane, rattan and the like, and plaiting materials except furniture, n.e.c.',NULL),('16290','Manufacture of other products of wood; manufacture of articles of cork and plaiting materials, except furniture, n.e.c.',NULL),('17011','Integrated pulp,paper and paperboard milling',NULL),('17012','Pulp milling',NULL),('17013','Paper and paperboard milling',NULL),('17014','Manufacture of hand-made paper',NULL),('17019','Manufacture of pulp, paper and paperboard, n.e.c.',NULL),('17020','Manufacture of corrugated paper and paperboard and of containers of paper and paperboard',NULL),('17091','Manufacture of household and personal hygiene paper and cellulose wadding products',NULL),('17092','Manufacture of wadding of textile materials and articles of wadding (e.g. sanitary towels, tampons, etc.)',NULL),('17093','Manufacture of other articles of paper',NULL),('17099','Manufacture of other articles of paperboard',NULL),('18110','Printing',NULL),('18121','Electrotyping, stereotyping and photoengraving',NULL),('18122','Bookbinding and related work',NULL),('18129','Service activities related to printing, n.e.c.',NULL),('18201','Reproduction of video and computer tapes from mastercopies',NULL),('18202','Reproduction of floppy, hard or compact disks',NULL),('18203','Film and video reproduction',NULL),('19100','Manufacture of coke oven products',NULL),('19200','Manufacture of refined petroleum products',NULL),('19900','Manufacture of other fuel products',NULL),('20111','Manufacture of ethanol',NULL),('20112','Manufacture of industrial (compressed and liquefied) gases',NULL),('20113','Manufacture of inorganic salts and compounds',NULL),('20114','Manufacture of ethyl alcohol',NULL),('20115','Manufacture of alcohol except ethyl',NULL),('20116','Manufacture of inorganic acids, alkalis and chlorine',NULL),('20117','Manufacture of organic acids and organic compounds',NULL),('20119','Manufacture of basic chemicals, except fertilizers and nitrogen compounds, n.e.c.',NULL),('20120','Manufacture of fertilizers and nitrogen compounds',NULL),('20131','Manufacture of synthetic rubber and factice derived from oils, in primary forms',NULL),('20132','Production of mixtures of synthetic rubber and natural rubber or rubber-like gums (e.g., balata), in primary forms',NULL),('20133','Manufacture of plastic synthetic resins',NULL),('20134','Manufacture of plastic materials except man-made fiber and glass fiber',NULL),('20210','Manufacture of pesticides and other agro-chemical products',NULL),('20221','Manufacture of paints',NULL),('20222','Manufacture of varnishes, lacquers, shellac and stains',NULL),('20223','Manufacture of paint removers, thinners, and brush cleaners',NULL),('20224','Manufacture of pigments and other coloring matter of a kind used in the manufacture of paints or by artists or other painters',NULL),('20225','Manufacture of printing ink',NULL),('20229','Manufacture of paint products, n.e.c.',NULL),('20231','Manufacture of soap and detergents',NULL),('20232','Manufacture of cleaning preparations, except soap and detergents',NULL),('20233','Manufacture of waxes and polishing preparations',NULL),('20234','Manufacture of perfumes, cosmetics and other toilet preparations',NULL),('20291','Manufacture of explosives, fireworks and firecrakers',NULL),('20292','Manufacture of matches',NULL),('20293','Manufacture of writing and drawing ink',NULL),('20294','Manufacture of glues and adhesives',NULL),('20295','Manufacture of activated carbon',NULL),('20299','Manufacture of miscellaneous chemical products, n.e.c.',NULL),('20301','Manufacture of synthetic or artificial filament yarn',NULL),('20302','Manufacture of man-made filament tow or staple fibers, except glass fiber',NULL),('21001','Manufacture of drugs and medicines including biological products such as bacterial and virus vaccines, sera and plasma',NULL),('21002','Manufacture of surgical dressings, medicated wadding , fracture bandages, catgut, and other prepared sutures',NULL),('22111','Manufacture of rubber tires (including parts) and tubes',NULL),('22112','Retreading and rebuilding of tires',NULL),('22191','Manufacture of rubber garments',NULL),('22192','Manufacture of industrial and other molded rubber products, excluding tires and tubes',NULL),('22199','Manufacture of other rubber products, n.e.c.',NULL),('22201','Manufacture of plastic articles for packing goods (e.g. boxes, bags, sacks, etc)',NULL),('22202','Manufacture of plastic household wares',NULL),('22203','Manufacture of plastic furniture fittings',NULL),('22204','Manufacture of plastic pipes and tubes',NULL),('22205','Manufacture of other plastic, industrial /office/school supplies',NULL),('22206','Manufacture of primary plastic products (e.g. sheets, film, plates, etc.)',NULL),('22207','Manufacture of linoleum and hard surface floor coverings',NULL),('22208','Manufacture of plastic window and doorscreen, shades and venetian blinds',NULL),('22209','Manufacture of plastics products, n.e.c.',NULL),('23101','Manufacture of flat glass (including float glass)',NULL),('23102','Manufacture of glass containers',NULL),('23103','Manufacture of glass fibers (including glass wool) and yarn of glass fibers',NULL),('23109','Manufacture of glass and glass products, n.e.c.',NULL),('23910','Manufacture of refractory products',NULL),('23920','Manufacture of clay building materials',NULL),('23931','Manufacture of vitreous china tableware and other kitchen articles of a kind commonly used for domestic or toilet purposes',NULL),('23932','Manufacture of articles of porcelain or china, stoneware, earthenware, imitation porcelain or common pottery',NULL),('23933','Manufacture of coarse clay products',NULL),('23934','Manufacture of sanitary ware, vitreous china plumbing fittings and fixtures',NULL),('23939','Manufacture of other porcelain and ceramic products, n.e.c.',NULL),('23940','Manufacture of cement',NULL),('23951','Manufacture of lime',NULL),('23952','Manufacture of plaster',NULL),('23961','Manufacture of structural concrete products',NULL),('23969','Manufacture of articles of concrete, cement and plaster, n.e.c.',NULL),('23970','Cutting, shaping and finishing of stone',NULL),('23991','Manufacture of asphalt products',NULL),('23992','Manufacture of asbestos products',NULL),('23993','Manufacture of marble products',NULL),('23994','Manufacture of abrasive products',NULL),('23999','Manufacture of miscellaneous non-metallic mineral products, n.e.c.',NULL),('24110','Operation of blast furnaces and steel making furnaces',NULL),('24121','Operation of rolling mills',NULL),('24122','Pipes and tubes manufacturing, iron or steel',NULL),('24123','Manufacture of pipe fittings of iron or steel',NULL),('24124','Manufacture of galvanized steel sheets, tinplates and other coated metal products made in steel works of rolling mills',NULL),('24129','Operation of steel works and rolling mills, n.e.c.',NULL),('24210','Gold and other precious metal refining',NULL),('24220','Non-ferrous smelting and refining , except precious metals',NULL),('24230','Non-ferrous rolling, drawing and extrusion mills',NULL),('24240','Manufacture of pipe fittings of non-ferrous metals',NULL),('24290','Manufacture of basic precious and other non-ferrous metals, n.e.c.',NULL),('24311','Casting/foundry of iron',NULL),('24312','Casting/foundry of steel',NULL),('24321','Aluminum and aluminum base alloy casting',NULL),('24322','Copper and copper base alloy (brass, bronze) casting',NULL),('24323','Zinc and zinc alloy casting',NULL),('24329','Casting of non-ferrous metal, n.e.c.',NULL),('25111','Manufacture of structural steel products and metal components of bridges, smoke stacks and buildings',NULL),('25112','Manufacture of other architectural and related metal work (e.g., doors, windows, shutters, gates, etc.)',NULL),('25119','Manufacture of structural metal products, n.e.c.',NULL),('25120','Manufacture of tanks, reservoirs and containers of metal',NULL),('25130','Manufacture of steam generators, except central heating hot water boilers',NULL),('25201','Manufacture of small arms and accessories',NULL),('25209','Manufacture of weapons and ammunitions, n.e.c.',NULL),('25911','Forging, pressing, stamping and roll-forming of metal products',NULL),('25912','Powder metallurgy',NULL),('25920','Treatment and coating of metals; machining',NULL),('25931','Manufacture of cutlery',NULL),('25932','Manufacture of handtools',NULL),('25933','Manufacture of general hardware',NULL),('25934','Manufacture of blacksmithing tools and welding shop operation',NULL),('25991','Manufacture of metal containers used for the packing or conveyance of goods',NULL),('25992','Manufacture of wire nails, not in steel rolling',NULL),('25993','Manufacture of fabricated wire products',NULL),('25994','Manufacture of small hand-operated kitchen appliances',NULL),('25995','Manufacture of metal sanitary ware and plumbing fixtures',NULL),('25996','Manufacture of needles (except for knitting and sewing machines), pins and fasteners including zippers',NULL),('25997','Manufacture of aluminum window and door screens, shades and venetian blinds',NULL),('25999','Manufacture of miscellaneous fabricated metal products, n.e.c.',NULL),('26110','Manufacture of electronic valves and tubes',NULL),('26120','Manufacture of semi-conductor devices and other electronic components',NULL),('26200','Manufacture of computers and peripheral equipment and accessories',NULL),('26300','Manufacture of communication equipment',NULL),('26400','Manufacture of consumer electronics',NULL),('26511','Manufacture of radar equipment, radio remote control apparatus',NULL),('26512','Manufacture of electrical quantities measuring and controlling instruments',NULL),('26513','Manufacture of temperature measuring and controlling hygrometric instruments',NULL),('26514','Manufacture of pressure measuring and controlling instruments and gauges',NULL),('26515','Manufacture of flow of liquids or gases measuring and controlling instruments',NULL),('26516','Manufacture of mechanical motion, measuring and controlling, timing and cycle instruments',NULL),('26517','Manufacture of industrial process control equipment',NULL),('26519','Manufacture of professional and scientific and measuring and controlling equipment, n.e.c.',NULL),('26521','Manufacture of watches and clocks of all kinds including cases of precious metals',NULL),('26522','Manufacture of watch bands and bracelets of precious metals',NULL),('26529','Manufacture of other watch and clocks parts, n.e.c.',NULL),('26601','Manufacture of X-ray apparatus',NULL),('26602','Manufacture of electrotherapeutic apparatus',NULL),('26603','Manufacture of medical laser equipment',NULL),('26604','Manufacture of Computerized Tomography (CT) scanner, Positron Emission Tomography (PET) scanner',NULL),('26605','Manufacture of MRI equipment',NULL),('26606','Manufacture of medical ultrasound equipment',NULL),('26609','Manufacture of other irradiation, electromedical and electrotherapeutic equipment, n.e.c.',NULL),('26701','Manufacture of optical instruments and lenses',NULL),('26702','Manufacture of photographic equipment and accessories',NULL),('26800','Manufacture of magnetic and optical media',NULL),('27111','Manufacture of electric motors and generators',NULL),('27112','Manufacture of electrical transformers',NULL),('27113','Manufacture of electric generating sets',NULL),('27121','Manufacture of switch gear and switchboard apparatus',NULL),('27122','Manufacture of electricity distribution equipment',NULL),('27123','Manufacture of switches, fuses, sockets, plugs, conductors and lightning arresters and other control apparatus',NULL),('27201','Manufacture of accumulators (storage batteries) including parts',NULL),('27202','Manufacture of primary cells and batteries',NULL),('27310','Manufacture of fiber optic cables',NULL),('27320','Manufacture of other electronic and electric wires and cables',NULL),('27330','Manufacture of wiring devices',NULL),('27401','Manufacture of electric lamps fluorescent and fixtures',NULL),('27402','Manufacture of lighting equipment and parts except for use on cycle and motor equipment',NULL),('27403','Manufacture of motor vehicle lighting equipment',NULL),('27404','Manufacture of bicycle lighting equipment',NULL),('27405','Manufacture of lighting sets used for Christmas trees and the like',NULL),('27501','Manufacture of domestic electric fans',NULL),('27502','Manufacture of domestic-type refrigerators and laundry equipment (e.g. clothes washers, washer-dryers, dryers)',NULL),('27503','Manufacture of domestic cooking appliances (e.g. ovens, ranges, cookers, stoves, grillers, etc.)',NULL),('27504','Manufacture of electrothermic domestic appliances (e.g. hair dressing appliances, electric instantaneous storage, heaters, flat-irons, plate warmers, coffee or teamakers)',NULL),('27505','Manufacture of domestic-type water filters and/or purifiers',NULL),('27509','Manufacture of domestic appliances, n.e.c.',NULL),('27901','Manufacture of battery chargers, solid state',NULL),('27902','Manufacture of uninterruptible power supplies (UPS)',NULL),('27903','Manufacture of appliance cords, extension cords, and other electrical cord',NULL),('27904','Manufacture of accelerators (cyclotrons, betatrons)',NULL),('27905','Manufacture of electrical signalling equipment such as traffic lights and pedestrical signalling equipment',NULL),('27909','Manufacture of other electrical equipment, n.e.c.',NULL),('28111','Manufacture of internal combustion engines (gas and diesel)',NULL),('28112','Manufacture of engines and turbines for marine propulsion',NULL),('28113','Manufacture of parts of engines and turbines, except for aircraft, vehicle and cycle engines',NULL),('28119','Manufacture of engines and turbines, except for transport, n.e.c.',NULL),('28120','Manufacture of fluid power equipment',NULL),('28131','Manufacture of pumps for liquids, vacuum pumps, air or other gas compressors',NULL),('28132','Manufacture of taps, cocks, valves and similar appliances for pipes, boiler shells, tanks, vats or the like',NULL),('28140','Manufacture of bearings, gears and driving elements',NULL),('28150','Manufacture of ovens, furnaces and furnace burners',NULL),('28161','Manufacture of lifting and hoisting machinery, cranes, elevators , industrial trucks, tractors, stackers, specialized ports for lifting and handling equipment',NULL),('28162','Manufacture of derricks, lifting and handling equipment for contruction and mining',NULL),('28163','Manufacture of marine capstans, pulley tackel and hoists, etc.',NULL),('28169','Manufacture of other lifting and handling equipment, n.e.c.',NULL),('28171','Manufacture of calculating machines, adding machines, cash registers, calculators',NULL),('28172','Manufacture of bills/coin counting and coin wrapping machinery',NULL),('28173','Manufacture of postage meters, mail handling machines (envelope stuffing, sealing and addressing machinery, opening, sorting, scanning), collating machinery',NULL),('28174','Manufacture of typewriters',NULL),('28175','Manufacture of duplicating machines',NULL),('28176','Manufacture of photo-copying apparatus incorporating an optical system or of the contact type and thermo copying apparatus',NULL),('28179','Manufacture of other office machinery and equipment (except computers and peripheral equipment), n.e.c.',NULL),('28180','Manufacture of power-driven hand tools',NULL),('28191','Manufacture of weighing machines except scientific weighing apparatus used for laboratories',NULL),('28192','Manufacture of refrigerating or freezing equipment for commercial purposes',NULL),('28193','Manufacture of unit air-conditioners',NULL),('28194','Manufacture of packing and wrapping machinery',NULL),('28195','Manufacture of machinery for cleaning or drying bottles or other containers or for aerating beverages',NULL),('28196','Manufacture of fans intended for industrial applications, exhaust hoods for commercial, laboratory or industrial use',NULL),('28197','Manufacture of calendering or other rolling machines other than for metals or glass',NULL),('28199','Manufacture of other general-purpose machinery, n.e.c. (including manufacture of specialized parts for general purpose machinery and equipment)',NULL),('28211','Manufacture of farm tractors',NULL),('28212','Manufacture of mechanical implements for crop production',NULL),('28213','Manufacture of animal husbandry machinery and equipment',NULL),('28219','Manufacture of agricultural and forestry machinery and equipment, n.e.c.',NULL),('28221','Manufacture of machine tools for working metal',NULL),('28222','Manufacture of machine tools and accessories including precision measuring tools',NULL),('28223','Parts and accessories for the machine tools classified in this group',NULL),('28224','Manufacture of apparatus for electroplating, electrolysis and electrophoresis',NULL),('28229','Manufacture of metal-forming machinery and machine tools, n.e.c.',NULL),('28230','Manufacture of machinery for metallurgy',NULL),('28241','Manufacture of heavy machinery and equipment used for mining and quarrying',NULL),('28242','Manufacture of heavy machinery and equipment used for construction',NULL),('28251','Manufacture of machinery for food processing',NULL),('28252','Manufacture of presses, crushers and similar machinery used to make wine, cider, fruit juices or similar beverages',NULL),('28253','Manufacture of machinery for the preparation of tobacco and for the making of cigarettes or cigars, or pipe or chewing tobacco or snuff',NULL),('28261','Manufacture of textile machinery',NULL),('28262','Manufacture of machineries for man-made textile fibers or yarns',NULL),('28263','Manufacture of sewing machines',NULL),('28264','Manufacture of washing, laundry, dry-cleaning and pressing machines',NULL),('28265','Manufacture of needles for knitting, sewing machines',NULL),('28269','Manufacture of machinery for textile apparel and leather production, n.e.c.',NULL),('28291','Manufacture of machinery for pulp, paper and paperboard industries',NULL),('28292','Manufacture of machinery for working rubber or plastic or for the manufacture of products of these materials',NULL),('28293','Manufacture of printing-trade machinery and equipment',NULL),('28294','Manufacture of machinery for producing tiles, bricks, shaped ceramic pastes, pipes, graphite, electrodes, blackboard chalk, foundry molds, etc.',NULL),('28295','Manufacture of machines for production or hot-working of glass; glassware or yarn',NULL),('28296','Manufacture of centrifugal clothes driers',NULL),('28299','Manufacture of other special-purpose machinery, n.e.c.',NULL),('29100','Manufacture of motor vehicles',NULL),('29201','Manufacture of bodies (coachwork) for motor vehicles',NULL),('29202','Manufacture of trailers and semi-trailers',NULL),('29301','Manufacture of electric ignition or starting equipment for internal combustion engines',NULL),('29302','Manufacture of parts and accessories for motor vehicles and their engines',NULL),('30111','Building of ships and boats other than sports and pleasure boats',NULL),('30112','Manufacture of floating or submersible drilling platforms',NULL),('30113','Manufacture of inflatable rafts',NULL),('30114','Manufacture of metal sections for ships and barges',NULL),('30121','Manufacture of inflatable boats',NULL),('30129','Manufacture of other pleasure and sporting boats, n.e.c.',NULL),('30201','Building and rebuilding of locomotives of any type of gauge, and railroad and tramway cars for freight and passenger service',NULL),('30202','Production of specialized parts for locomotives, railroad and tramway',NULL),('30300','Manufacture of air and spacecraft and related machinery',NULL),('30400','Manufacture of military fighting vehicles',NULL),('30911','Manufacture and assembly of motorcycles',NULL),('30912','Manufacture of motorcycle engines and parts thereof',NULL),('30913','Manufacture of tricycles and parts thereof',NULL),('30914','Manufacture of side cars',NULL),('30915','Manufacture of parts and accessories of motorcyles',NULL),('30921','Manufacture of bicycles and bicycle parts',NULL),('30922','Manufacture of invalid carriages, motorized and non-motorized',NULL),('30923','Manufacture of baby carriages',NULL),('30991','Manufacture of hand-propelled vehicles',NULL),('30992','Manufacture of animal drawn vehicles',NULL),('31010','Manufacture of wood furniture',NULL),('31020','Manufacture of rattan furniture (reed, wicker, and cane)',NULL),('31030','Manufacture of box beds and mattresses',NULL),('31040','Manufacture of partitions, shelves, lockers and office and store fixtures',NULL),('31050','Manufacture of plastic furniture',NULL),('31060','Manufacture of furniture and fixtures of metal',NULL),('31090','Manufacture of other furniture and fixtures, n.e.c.',NULL),('32111','Manufacture of jewelry made of precious and semi-precious stones',NULL),('32112','Manufacture of silverware and plated ware',NULL),('32113','Manufacture of watchbands and bracelets of precious metals',NULL),('32119','Manufacture of articles related to jewelry',NULL),('32120','Manufacture of imitation of jewelry and related articles',NULL),('32201','Manufacture of guitars',NULL),('32202','Manufacture of string instruments, other than guitars',NULL),('32203','Manufacture of pianos',NULL),('32204','Manufacture of musical organs (all types)',NULL),('32205','Manufacture of wind and percussion instruments',NULL),('32206','Manufacture of instrument parts and accessories',NULL),('32209','Manufacture of musical instruments, n.e.c.',NULL),('32301','Manufacture of sporting gloves and mitts',NULL),('32302','Manufacture of sporting balls',NULL),('32309','Manufacture of sporting and athletic goods, n.e.c.',NULL),('32401','Manufacture of dolls and doll garments',NULL),('32402','Manufacture of wheeled toys',NULL),('32403','Manufacture of billiard, pool, bowling alley and similar games equipment',NULL),('32404','Manufacture of electronic games (video games, checkers)',NULL),('32409','Manufacture of toys and games, n.e.c.',NULL),('32501','Manufacture of medical, surgical, dental furniture and fixtures',NULL),('32502','Manufacture of opthalmic goods, eyeglasses, sunglasses, lenses ground to prescription, contact lenses, safety goggles',NULL),('32503','Manufacture of prosthetic appliances, artificial teeth made to order',NULL),('32504','Manufacture of medical and precision instruments',NULL),('32505','Manufacture of temperature measuring and controlling hygrometric instruments',NULL),('32506','Manufacture of cement used in dentistry',NULL),('32509','Manufacture of other medical and dental instruments and supplies, n.e.c.',NULL),('32910','Manufacture of pens and pencils of all kinds',NULL),('32920','Manufacture of umbrellas, walking sticks, canes, whips and riding crops',NULL),('32930','Manufacture of articles for personal use, e.g. smoking pipes, combs, slides and similar articles',NULL),('32940','Manufacture of candles',NULL),('32950','Manufacture of artificial flowers, fruits and foliage',NULL),('32961','Manufacture of wooden coffin',NULL),('32962','Manufacture of metal coffin',NULL),('32991','Manufacture of buttons, except plastic',NULL),('32992','Manufacture of brooms, brushes and fans',NULL),('32993','Manufacture of identification plates, badges, emblems and tags',NULL),('32994','Manufacture of signs and advertising displays',NULL),('32995','Manufacture of cigarette lighters',NULL),('32999','Manufacture of miscellaneous articles, n.e.c.',NULL),('33110','Repair of fabricated metal products',NULL),('33120','Repair of machinery',NULL),('33130','Repair of electronic and optical equipment',NULL),('33140','Repair of electrical equipment',NULL),('33151','Repairing of ships and boats other than sports and pleasure boats',NULL),('33152','Repairing of sports and pleasure boats',NULL),('33159','Repair of transport equipment, except motor vehicles, n.e.c.',NULL),('33190','Repair of other equipment',NULL),('33200','Installation of industrial machinery and equipment',NULL),('35100','Electric power generation, transmission and distribution',NULL),('35200','Manufacture of gas; distribution of gaseous fuels through mains',NULL),('35300','Steam, air conditioning supply and production of ice',NULL),('36000','Water collection, treatment and supply',NULL),('37000','Sewerage',NULL),('38110','Collection of non-hazardous waste',NULL),('38120','Collection of hazardous waste',NULL),('38210','Treatment and disposal of non-hazardous waste',NULL),('38220','Treatment and disposal of hazardous waste',NULL),('38300','Materials recovery',NULL),('39000','Remediation activities and other waste management services',NULL),('41001','Residential (dwelling) building constructions',NULL),('41002','Non-residential building constructions',NULL),('42100','Construction of roads and railways',NULL),('42200','Construction of utility projects',NULL),('42900','Construction of other civil engineering projects',NULL),('43110','Demolition',NULL),('43120','Site preparation',NULL),('43210','Electrical installation',NULL),('43220','Plumbing, heat and air-conditioning installation',NULL),('43290','Other construction installation',NULL),('43301','Painting and related work',NULL),('43302','Floor and wall tiling or covering with other material',NULL),('43303','Carpentry',NULL),('43309','Other building completion and finishing activities',NULL),('43900','Other specialized construction activities',NULL),('45101','Sale of passenger motor vehicles',NULL),('45102','Sale of lorries, trailers and semi-trailers',NULL),('45109','Sale of other motor vehicles',NULL),('45201','Repair of motor vehicles, including overhauling',NULL),('45202','Repair of batteries for motor vehicles',NULL),('45203','Vulcanizing or preparing of tires for motor vehicles',NULL),('45209','Maintenance of motor vehicles, n.e.c.',NULL),('45301','Wholesale of motor vehicles parts and accessories',NULL),('45302','Retail sale of motor vehicles parts and accessories',NULL),('45303','Wholesale of motor vehicles tires and batteries',NULL),('45304','Retail sale of motor vehicles tires and batteries',NULL),('45309','Sale of motor vehicle parts and accessories, n.e.c.',NULL),('45401','Sale of motorcycles and their parts and components',NULL),('45402','Maintenance and repair of motorcycles and their parts and components',NULL),('46101','Wholesale on a fee or contract basis, of agricultural raw materials and live animals',NULL),('46102','Wholesale on a fee or contract basis, of food, beverages and tobacco',NULL),('46103','Wholesale on a fee or contract basis, of textile, clothing, and footwear',NULL),('46104','Wholesale on a fee or contract basis, of household appliances, articles and equipment',NULL),('46105','Wholesale on a fee or contract basis, of miscellaneous consumer goods',NULL),('46106','Wholesale on a fee or contract basis, of construction materials and hardware',NULL),('46107','Wholesale on a fee or contract basis, of chemical and pharmaceutical products',NULL),('46108','Wholesale on a fee or contract basis, of machinery, equipment and supplies',NULL),('46109','Wholesale on a fee or contract basis, of other products',NULL),('46201','Wholesale of palay, corn (unmilled) and other grains',NULL),('46202','Wholesale of abaca and other fibers, except synthetic fibers',NULL),('46203','Wholesale of coconut and coconut by-products',NULL),('46204','Wholesale of oleaginous fruits (e.g., oil seeds, palm oil, sunflower seeds, etc.)',NULL),('46205','Wholesale of tobacco leaf',NULL),('46206','Wholesale of flowers and plants',NULL),('46207','Wholesale of livestock and poultry and unprocessed animal products',NULL),('46208','Wholesale of fish and other seafoods',NULL),('46209','Wholesale of farm, forest and marine products, including seeds and animal feeds, hides and skins, leather, etc., n.e.c.',NULL),('46301','Wholesale of fruits, nuts and vegetables',NULL),('46302','Wholesale of sugar, confectionery and bakery products and other processed foods',NULL),('46303','Wholesale of meat and poultry products, including eggs',NULL),('46304','Wholesale of rice, corn and other cereals',NULL),('46305','Wholesale of fishery products',NULL),('46306','Wholesale of drinking water, juices (including powder), coffee, tea, cocoa and other beverages',NULL),('46307','Wholesale of tobacco products',NULL),('46308','Wholesale of spices',NULL),('46309','Other wholesale of food, beverage and tobacco, n.e.c.',NULL),('46411','Wholesale of textile fabrics, all kinds, including man-made fibers',NULL),('46412','Wholesale of wearing apparel, except footwear',NULL),('46413','Wholesale of made-up textile goods, except wearing apparel',NULL),('46414','Wholesale of articles of clothing, including accessories',NULL),('46415','Wholesale of footwear, all kinds of materials',NULL),('46416','Wholesale of embroideries',NULL),('46417','Wholesale of cordage, rope and twine',NULL),('46418','Wholesale of leather and leather goods, including man-made leather, except footwear',NULL),('46419','Wholesale of textiles, clothing and footwear, n.e.c.',NULL),('46421','Wholesale of medicinal and pharmaceutical products',NULL),('46422','Wholesale of surgical and orthopedic instruments and devices',NULL),('46423','Wholesale of photographic and optical goods',NULL),('46424','Wholesale of musical instruments/sporting goods (including bicycles), and games and toys',NULL),('46425','Wholesale of paper and paper products (including stationeries)',NULL),('46426','Wholesale of books, magazines and newspapers',NULL),('46427','Wholesale of perfumeries, cosmetics and soaps',NULL),('46428','Wholesale of watches, clocks and jewelries',NULL),('46429','Wholesale of miscellaneous consumer goods, n.e.c.',NULL),('46491','Wholesale of household-type appliances, except radio and television equipment, CD and DVD players/recorders',NULL),('46492','Wholesale of household furniture, furnishing and fixtures',NULL),('46493','Wholesale of recorded audio and video tapes, CDs, DVDs',NULL),('46494','Wholesale of chinaware, glassware, earthenware, woodenware, wickerware, corkware, plasticware, cutlery and utensils',NULL),('46495','Wholesale of handicraft products',NULL),('46496','Wholesale of lighting equipment',NULL),('46499','Wholesale of other household goods, n.e.c.',NULL),('46510','Wholesale of computers, computer peripheral equipment and software',NULL),('46521','Wholesale of electronic valves and tubes',NULL),('46522','Wholesale of semi-conductor devices',NULL),('46523','Wholesale micro-chips and integrated circuits',NULL),('46524','Wholesale of printed circuits',NULL),('46525','Wholesale of radio and television including parts and accessories',NULL),('46526','Wholesale of telephone and communications equipment including parts and accessories',NULL),('46527','Wholesale of blank audio and video tapes and diskettes, magnetic and optical disks (CDs, DVDs)',NULL),('46530','Wholesale of agricultural machinery, equipment and supplies',NULL),('46591','Wholesale of commercial machinery and equipment',NULL),('46592','Wholesale of industrial machinery and equipment',NULL),('46593','Wholesale of office machinery equipment including office furniture, furnishings, appliances and vases',NULL),('46594','Wholesale of professional and scientific and measuring and controlling equipment',NULL),('46595','Wholesale of transport equipment and supplies, except land motor vehicles, motorcycles and bicycles',NULL),('46599','Wholesale of other machinery and equipment, n.e.c.',NULL),('46610','Wholesale of solid, liquid and gaseous fuels and related products',NULL),('46620','Wholesale of metals and metal ores',NULL),('46631','Wholesale of lumber and planing mill products, wood in the rough',NULL),('46632','Wholesale of cement, hydraulic',NULL),('46633','Wholesale of masonry materials, except cement',NULL),('46634','Wholesale of flat glass',NULL),('46635','Wholesale of hardware, paints, varnishes amd lacquers, and plumbing materials, including fittings and fixtures',NULL),('46636','Wholesale of electrical materials',NULL),('46637','Wholesale of wallpaper and floor coverings',NULL),('46639','Wholesale of construction materials and supplies, n.e.c.',NULL),('46691','Wholesale of industrial chemical products',NULL),('46692','Wholesale of fertilizers and agro-chemical products',NULL),('46693','Wholesale of non-metallic products except cement, sand and gravel',NULL),('46694','Wholesale of scrap metals, waste and junk',NULL),('46695','Wholesale of scraps, except metal',NULL),('46699','Wholesale of other waste and scrap and products, n.e.c.',NULL),('46900','Non-specialized wholesale trade',NULL),('47111','Retail selling in groceries',NULL),('47112','Retail selling in supermarkets',NULL),('47113','Retail selling in sari-sari stores',NULL),('47114','Retail selling in convenience stores',NULL),('47191','Retail selling in department stores',NULL),('47199','Retail selling in non-specialized stores, n.e.c.',NULL),('47211','Retail sale of fruits and vegetables',NULL),('47212','Retail sale of eggs and dairy products',NULL),('47213','Retail sale of meat and poultry products',NULL),('47214','Retail sale of bakery products',NULL),('47215','Retail sale of fish and other seafoods (fresh and dried)',NULL),('47216','Retail sale of rice, corn and other cereals',NULL),('47219','Retail sale of food products, n.e.c.',NULL),('47221','Retail sale of alcoholic beverages (not consumed on the spot)',NULL),('47222','Retail sale of non-alcoholic beverages',NULL),('47230','Retail sale of tobacco products in specialized stores',NULL),('47300','Retail sale of automotive fuel in specialized stores',NULL),('47411','Retail sale of computers',NULL),('47412','Retail sale of computer peripheral equipment',NULL),('47413','Retail sale of computer software',NULL),('47414','Retail sale of cellular phones, parts and accessories',NULL),('47419','Retail sale of other telecommunications equipment',NULL),('47421','Retail sale of of radio and television, including parts and accessories',NULL),('47422','Retail sale of audio and video equipment',NULL),('47423','Retail sale of stereo equipment, CD and DVD players and equipment',NULL),('47429','Retail sale of audio and video equipment, n.e.c.',NULL),('47511','Retail sale of textiles, all kinds',NULL),('47512','Retail sale of modistes\' supplies',NULL),('47521','Retail sale of hardware materials',NULL),('47522','Retail sale of glass and mirror',NULL),('47523','Retail sale of lumber',NULL),('47524','Retail sale of construction materials',NULL),('47525','Retail sale of masonry materials',NULL),('47526','Retail sale of nipa, bamboo and rattan',NULL),('47527','Retail sale of paints, varnishes and lacquers',NULL),('47529','Retail sale of construction supplies, n.e.c.',NULL),('47530','Retail sale of carpets, rugs, wall and floor coverings in specialized stores',NULL),('47591','Retail sale of home furnishing, furniture and fixtures, including lamps and lamp shades',NULL),('47592','Retail sale of chinaware, glassware, earthenware and utensils',NULL),('47593','Retail sale of household appliances, articles and equipment',NULL),('47594','Retail sale of musical instruments and records, tapes and cartridges',NULL),('47595','Retail sale of handicrafts',NULL),('47599','Retail sale of electrical household appliances, furniture, lighting equipment and other household articles in specialized stores, n.e.c.',NULL),('47610','Retail sale of books, newspapers and stationery in specialized stores',NULL),('47620','Retail sale of music and video recordings in specialized stores',NULL),('47631','Retail sale of sporting goods and athletic supplies',NULL),('47632','Retail sale of marine supplies, including nets and gears',NULL),('47633','Retail sale of camping goods and bicycles',NULL),('47640','Retail sale of games and toys in specialized stores',NULL),('47711','Retail sale of wearing apparel, except footwear',NULL),('47712','Retail sale of made-up textile goods',NULL),('47713','Retail sale of footwear, all kinds',NULL),('47714','Retail sale of leather and artificial leather goods and travel accessories, except footwear',NULL),('47719','Retail sale of other clothing, footwear and leather articles in specialized stores, n.e.c.',NULL),('47721','Retail sale of drugs and pharmaceutical goods',NULL),('47722','Retail sale of medical, surgical and orthopedic goods/instruments and dental supplies',NULL),('47723','Retail sale of perfumery, cosmetic and toilet articles',NULL),('47731','Retail sale of feeds, fertilizers and insecticides',NULL),('47732','Retail sale of toys, gifts and novelty goods',NULL),('47733','Retail sale of office machines and equipment, excluding computers and computer peripheral equipment',NULL),('47734','Retail sale of jewelry, watches and clocks',NULL),('47735','Retail sale of fresh and artificial flowers and plants',NULL),('47736','Retail sale of beauty parlor supplies and equipment',NULL),('47737','Retail sale of art goods, marble products, painting and artists\' supplies',NULL),('47738','Retail sale of optical goods and supplies',NULL),('47739','Other retail sale of new goods in specialized stores, n.e.c.',NULL),('47741','Retail sale of second-hand clothing, footwear and leather articles',NULL),('47742','Retail sale of books and other goods',NULL),('47743','Retail sale of antiques and auctioning houses',NULL),('47749','Retail sale of second-hand goods, n.e.c.',NULL),('47750','Retail sale of liquefied petroleum gas and other fuel products',NULL),('47810','Retail sale via stalls and markets of food, beverages and tobacco products',NULL),('47820','Retail sale via stalls and markets of textiles, clothing and footwear',NULL),('47891','Retail sale of prepaid cards',NULL),('47892','Retail sale of internet card',NULL),('47893','Retail sale of electronic load',NULL),('47894','Retail sale of music and video recordings',NULL),('47895','Retail sale of household appliances and consumer electronics',NULL),('47896','Retail sale of books',NULL),('47897','Retail sale of games and toys',NULL),('47898','Retail sale of carpets and rugs',NULL),('47899','Other retail sale via stalls and markets of other goods, n.e.c.',NULL),('47911','Retail sale via mail order',NULL),('47912','Retail sale via telephone order',NULL),('47913','Retail sale via internet',NULL),('47991','Door-to-door retailing',NULL),('47992','Selling by vending machine',NULL),('47993','Retail sale of health products, non-store',NULL),('47994','Retail sale of water (including distribution)',NULL),('47999','Other retail sale not in stores, stalls or markets, n.e.c',NULL),('49111','Inter-urban passenger railway transport',NULL),('49112','Urban and suburban railway transport',NULL),('49120','Freight rail transport',NULL),('49201','Inter-urban bus line operation',NULL),('49202','Urban and suburban bus line operation',NULL),('49203','Local bus line operation',NULL),('49204','Chartered buses and cars operation (e.g. tourist buses, rent-a-car)',NULL),('49205','Operation of school buses/shuttle',NULL),('49209','Other transport via buses, n.e.c.',NULL),('49310','Urban or suburban passenger land transport, except by bus',NULL),('49321','Jeepney and Asian Utility Vehicle (AUV) operation',NULL),('49322','Tricycles and pedicabs operation',NULL),('49323','Public utility cars and taxicabs operation',NULL),('49329','Other land transport operation, n.e.c.',NULL),('49331','Truck-for-hire operation (with driver)',NULL),('49332','Freight truck operation',NULL),('49333','Tank truck delivery services',NULL),('49339','Freight transport operation, by road, n.e.c.',NULL),('49400','Transport via pipeline',NULL),('50111','Ocean passenger transport',NULL),('50112','Interisland water passenger transport',NULL),('50113','Renting of ship with operator',NULL),('50121','Ocean freight transport',NULL),('50122','Interisland water freight transport',NULL),('50123','Towing and pushing services on coastal and trans-oceanic waters',NULL),('50210','Inland passenger water transport',NULL),('50220','Inland freight water transport',NULL),('51101','Domestic air passenger transport',NULL),('51102','International air passenger transport',NULL),('51103','Non-scheduled air passenger transport',NULL),('51201','Domestic air - freight transport',NULL),('51202','International air freight transport',NULL),('51203','Non-scheduled air freight transport',NULL),('52101','General bonded warehouses except grain warehouse',NULL),('52102','Grain warehouses',NULL),('52103','Customs bonded warehouses',NULL),('52104','Cold storage',NULL),('52109','Storage and warehousing, n.e.c.',NULL),('52211','Freight terminal facilities for trucking companies',NULL),('52212','Operation of parking lots',NULL),('52213','Operation of toll roads and bridges',NULL),('52219','Other supporting land transport activities, n.e.c.',NULL),('52220','Service activities incidental to water transportation',NULL),('52230','Service activities incidental to air transportation',NULL),('52241','Containerized cargo handling, auxiliary activity to land transport',NULL),('52242','Non- containerized cargo handling, auxiliary activity to land transport',NULL),('52291','Freight forwarding services',NULL),('52292','Customs brokerage (ship and aircraft)',NULL),('52293','Logistics services',NULL),('52299','Activities of other transport agencies, n.e.c.',NULL),('53100','Postal activities',NULL),('53201','Private postal service',NULL),('53202','Messenger service',NULL),('55101','Hotels and motels',NULL),('55102','Resort hotels',NULL),('55103','Condotels',NULL),('55104','Pension houses',NULL),('55105','Camping sites/facilities',NULL),('55109','Other short term accommodation activities, n.e.c',NULL),('55901','Dormitories/boarding houses',NULL),('55909','Other accommodation, n.e.c.',NULL),('56101','Restaurants',NULL),('56102','Fast-food chains',NULL),('56103','Cafeterias',NULL),('56104','Refreshment stands, kiosks and counters',NULL),('56105','Dining cars (carried on separate units)',NULL),('56109','Other restaurants and mobile food service activities, n.e.c.',NULL),('56210','Event catering',NULL),('56290','Other food service activities',NULL),('56301','Night clubs',NULL),('56302','Bars and cocktail lounges',NULL),('56303','Caf? or coffee shops',NULL),('56309','Other beverage serving activities, n.e.c.',NULL),('58110','Book Publishing',NULL),('58120','Publishing of directories and mailing lists',NULL),('58130','Publishing of newspapers, journals and periodicals',NULL),('58190','Other publishing activities',NULL),('58200','Software publishing',NULL),('59110','Motion picture, video and television programme activities',NULL),('59120','Motion picture, video and television programme post-production activities',NULL),('59130','Motion picture, video and television programme distribution activities',NULL),('59140','Motion picture projection activities',NULL),('59201','Sound recording activities',NULL),('59202','Publishing of music',NULL),('60101','Radio broadcasting and relay station and studios',NULL),('60102','Radio program production',NULL),('60103','Radio broadcasting activities over the Internet (Internet radio stations)',NULL),('60201','Television broadcasting and relay stations and studios including closed circuit television services',NULL),('60202','Television program production',NULL),('60203','Television broadcasting activities over the Internet (Internet television stations)',NULL),('61101','Wired (landline) services',NULL),('61102','Wired internet access service activities (e.g. DSL, leased line, dial-up)',NULL),('61103','Telegraph, facsimile/telefax, and telex services',NULL),('61109','Other wired telecommunications activities, including pay telephone',NULL),('61201','Wireless landline services',NULL),('61202','Mobile telecommunications services',NULL),('61203','Wireless internet access services (e.g. Internet Service Provider (ISP), broadband)',NULL),('61209','Other wireless telecommunication services, n.e.c.',NULL),('61300','Satellite telecommunications activities',NULL),('61901','Telephone access in facilities open to the public service activities',NULL),('61902','Internet access in facilities open to the public service activities',NULL),('61903','Voice Over Internet Protocol (VOIP)service activities',NULL),('61909','Other telecommunications service activities, n.e.c.',NULL),('62010','Computer programming activities',NULL),('62020','Computer consultancy and computer facilities management activities',NULL),('62090','Other information technology and computer service activities',NULL),('63111','Data processing',NULL),('63112','Website hosting services',NULL),('63113','Application hosting services',NULL),('63120','Web portals',NULL),('63910','News agency activities',NULL),('63990','Other information service activities, n.e.c.',NULL),('64110','Central banking',NULL),('64191','Expanded commercial banking (universal banking)',NULL),('64192','Regular commercial banking',NULL),('64193','Savings and mortgage banking',NULL),('64194','Private development banking',NULL),('64195','Stock savings and loan activities',NULL),('64196','Regular rural banking',NULL),('64197','Cooperative rural banking',NULL),('64198','Specialized government banking',NULL),('64199','Banking activities, n.e.c.',NULL),('64200','Activities of holding companies',NULL),('64301','Investment company operation',NULL),('64302','Investment house operation',NULL),('64303','Securities dealership, own account',NULL),('64304','Trust and investment management corporation operation',NULL),('64910','Financial leasing',NULL),('64921','Credit card activities',NULL),('64922','Lending investor activities',NULL),('64923','Financing company operations',NULL),('64924','Venture capital corporation operation',NULL),('64929','Other credit granting, n.e.c',NULL),('64930','Pawnshop operations',NULL),('64991','Mutual building and loan association operation',NULL),('64992','Non-stock savings and loan association operation',NULL),('64993','Credit cooperative activities',NULL),('64994','Mutual benefit association operation',NULL),('64999','Non-bank thrift institution operations, n.e.c.',NULL),('65110','Life insurance',NULL),('65120','Non-life insurance',NULL),('65200','Reinsurance',NULL),('65300','Pension funding',NULL),('66110','Administration of financial markets',NULL),('66120','Security and commodity contracts brokerage',NULL),('66130','Foreign exchange dealing',NULL),('66190','Other activities auxiliary to financial service activities',NULL),('66210','Risk and damage evaluation',NULL),('66220','Activities of insurance agents and brokers',NULL),('66231','Pre-need plan for health',NULL),('66232','Pre-need plan for education',NULL),('66233','Pre-need plan for memorial and interment',NULL),('66234','Pre-need plan for pension',NULL),('66239','Pre-need plan activities, n.e.c.',NULL),('66290','Other activities auxilary to insurance and pension funding',NULL),('66300','Fund management activities',NULL),('68110','Real estate buying, selling, renting, leasing and operating of self-owned/leased apartment buildings, non-residential and dwellings',NULL),('68120','Real estate buying, developing, subdividing and selling',NULL),('68130','Cemetery and columbarium development, selling, renting, leasing and operating of self-owned cemetery/columbarium (including burial crypt)',NULL),('68140','Renting or leasing services of residential properties',NULL),('68190','Other real estate activities with own or leased property',NULL),('68200','Real estate activities on a fee or contract basis',NULL),('69100','Legal activities',NULL),('69200','Accounting, bookkeeping and auditing activities; tax consultancy',NULL),('70100','Activities of head offices',NULL),('70200','Management consultancy activities',NULL),('71101','Environmental engineering activities',NULL),('71102','Architectural and other engineering activities',NULL),('71103','Land surveying services',NULL),('71109','Other technical activities related to architectural and engineering',NULL),('71200','Technical testing and analysis',NULL),('72101','Research and experimental development in natural sciences',NULL),('72102','Research and experimental development in engineering and technology',NULL),('72103','Research and experimental development in health sciences',NULL),('72104','Research and experimental development in agricutural sciences',NULL),('72200','Research and experimental development on social sciences and humanities',NULL),('72300','Research and experimental development in information technology',NULL),('73101','Advertising agency, except billboard and outdoor advertising',NULL),('73102','Billboard and outdoor adverstising services',NULL),('73103','Media representation',NULL),('73104','Commercial art services',NULL),('73109','Advertising services, n.e.c.',NULL),('73200','Market research and public opinion polling',NULL),('74101','Fashion design',NULL),('74102','Interior decoration services other than those in class 4330',NULL),('74201','Digital photograph processing',NULL),('74202','Commercial and consumer photograph production (except aerial photography)',NULL),('74203','Photograph and motion pictures processing (not related to motion pictures and TV industries)',NULL),('74204','Film developing and printing and photograph enlarging',NULL),('74205','Aerial photography',NULL),('74206','Microfilming activities',NULL),('74207','Underwater photography',NULL),('74209','Photographic activities, n.e.c.',NULL),('74901','Business brokerage activities',NULL),('74902','Weather forecasting and meteorological services',NULL),('74903','Translation and interpretation services',NULL),('74904','Environmental consulting services',NULL),('74909','Other professional, scientific and technical activities, n.e.c.',NULL),('75000','Veterinary activities',NULL),('77100','Renting and leasing of motor vehicles',NULL),('77210','Renting and leasing of recreational and sports goods',NULL),('77220','Renting of video tapes and disks',NULL),('77291','Renting of wearing apparel',NULL),('77292','Renting of furniture',NULL),('77293','Renting of books, journals and magazines',NULL),('77294','Renting of ornamental plants',NULL),('77295','Renting of electrical appliances',NULL),('77296','Renting of audio-video machines, tapes and records',NULL),('77299','Renting of personal and household goods, n.e.c.',NULL),('77301','Renting of land transport equipment',NULL),('77302','Renting of water transport equipment',NULL),('77303','Renting of air transport equipment',NULL),('77304','Renting of agricultural machinery and equipment',NULL),('77305','Renting of construction and civil engineering machinery and equipment',NULL),('77306','Renting of computers and computer peripherals equipment',NULL),('77307','Renting of office machinery and equipment (excluding computers)',NULL),('77309','Renting and leasing of other machinery, equipment and tangible goods, n.e.c.',NULL),('77400','Leasing of intellectual property products and similar products, except copyrighted works',NULL),('78101','Labor recruitment and provision of personnel, local',NULL),('78102','Labor recruitment and provision of personnel, overseas',NULL),('78103','On-line employment placement agencies',NULL),('78104','Casting agencies activities',NULL),('78105','Theatrical booking agency activities',NULL),('78109','Other activities of employment placement agencies, n.e.c.',NULL),('78201','Temporary labor recruitment and provision of personnel, local',NULL),('78202','Temporary labor recruitment and provision of personnel, overseas',NULL),('78300','Other human resources provision',NULL),('79110','Travel agency activities',NULL),('79120','Tour operator activities',NULL),('79901','Activities of booking offices',NULL),('79902','Accommodation reservation activities',NULL),('79903','Transportation reservation activities',NULL),('79904','Package tour reservation activities',NULL),('79905','Tourist assistance activities (e.g. tourist guides)',NULL),('79906','Event tickets, entertainment and recreational reservation activities',NULL),('79907','Visitor information activities',NULL),('79909','Other reservation service and related activities, n.e.c.',NULL),('80100','Private security activites',NULL),('80200','Security systems service activities',NULL),('80300','Investigation activities',NULL),('81100','Combined facilities support activities',NULL),('81210','General cleaning of buildings',NULL),('81291','Industrial cleaning activities',NULL),('81292','Pest control services, non-agricultural',NULL),('81299','Other building and industrial cleaning activities, n.e.c.',NULL),('81300','Landscape care and maintenance service activities',NULL),('82110','Combined office administrative service activities',NULL),('82191','Photocopying service acitivities',NULL),('82192','Duplicating and mailing activities',NULL),('82199','Other specialized office support activities',NULL),('82211','Customer relationship management activities',NULL),('82212','Sales and marketing (including telemarketing) activities',NULL),('82219','Other call centers activities (voice), n.e.c.',NULL),('82221','Finance and accounting activities',NULL),('82222','Human resources and training activities',NULL),('82223','Administrative support activities',NULL),('82224','Document processes activities',NULL),('82225','Payroll maintenance and other transaction processing activities',NULL),('82226','Medical transcription activities',NULL),('82227','Legal services activities',NULL),('82228','Supply chain management activities',NULL),('82229','Other back office operations activities, n.e.c',NULL),('82291','Engineering outsourcing activities',NULL),('82292','Product development activities',NULL),('82293','Publishing outsourcing activities',NULL),('82294','Research and analysis activities',NULL),('82295','Intellectual property research and documentation activities',NULL),('82296','Security outsourcing activities',NULL),('82299','Other non-voice related activities, n.e.c.',NULL),('82300','Organization of conventions and trade shows',NULL),('82910','Activities of collection agencies and credit bureaus',NULL),('82920','Packaging activities',NULL),('82990','Other business support service activities, n.e.c.',NULL),('84111','National executive and legislative administration',NULL),('84112','Public administration, regional government',NULL),('84113','Public administration, local government',NULL),('84114','Public administration and supervision of financial and fiscal affairs; operation of taxation schemes',NULL),('84115','Ancillary service activities for the Government as a whole',NULL),('84119','General public administration activities, n.e.c.',NULL),('84120','Regulation of the activities of providing health care, education, cultural services and other social services, excluding social security',NULL),('84130','Regulation of and contribution to more efficient operation of businesses',NULL),('84210','Foreign affairs',NULL),('84220','Defense activities',NULL),('84230','Public order and safety activities',NULL),('84300','Compulsory social security activities',NULL),('85111','Public pre-primary/pre-school education',NULL),('85112','Private pre-primary/pre-school education',NULL),('85121','Public pre-primary education for children with special needs',NULL),('85122','Private pre-primary and primary education for children with special needs',NULL),('85211','Public primary/elementary education',NULL),('85212','Private primary/elementary education',NULL),('85221','Public primary/elementary education for children with special needs',NULL),('85222','Private primary/elementary education for children with special needs',NULL),('85311','Public general secondary education',NULL),('85312','Private general secondary education',NULL),('85321','Public general secondary education for children with special needs',NULL),('85322','Private general secondary education for children with special needs',NULL),('85331','Public techical and vocational secondary education',NULL),('85332','Private technical and vocational secondary education',NULL),('85341','Public technical and vocational secondary education for children with special needs',NULL),('85342','Private technical and vocational secondary education for children with special needs',NULL),('85401','Public higher education',NULL),('85402','Private higher education',NULL),('85510','Sports and recreation education',NULL),('85520','Cultural education',NULL),('85590','Other education n.e.c.',NULL),('85600','Educational support services',NULL),('86111','Public general hospitals activities',NULL),('86112','Public sanitaria and other similar activities',NULL),('86113','Public mental health and substance abuse hospitals activities',NULL),('86119','Other public hospitals, sanitaria and other similar activities, n.e.c.',NULL),('86121','Private general hospitals activities',NULL),('86122','Private sanitaria and other similar activities',NULL),('86123','Private mental health and substance abuse hospitals',NULL),('86129','Other private hospitals, sanitaria and other similar activities n.e.c.',NULL),('86211','Public medical activities (including puericulture and laboratory services)',NULL),('86212','Public dental and laboratory services',NULL),('86219','Public medical, dental and other health activities, n.e.c.',NULL),('86221','Private medical activities',NULL),('86222','Private dental and laboratory services',NULL),('86223','Child care clinics',NULL),('86229','Private medical, dental and other health activities, n.e.c.',NULL),('86900','Other human health activities',NULL),('87100','Residential nursing care facilities',NULL),('87201','Rehabilitation of people addicted to drugs or alcohol',NULL),('87202','Caring for the mentally and physically handicapped',NULL),('87300','Residential care activities for the elderly and disabled',NULL),('87901','Child care services',NULL),('87902','Caring for unwed mothers and children',NULL),('87903','Caring for the aged and orphans',NULL),('87909','Other residential care activities, n.e.c.',NULL),('88101','Welfare and guidance counseling activities (elderly and disabled)',NULL),('88102','Day-care activities for the elderly or for handicapped adults',NULL),('88103','Vocational rehabilitation and habilitation activities for disabled adults',NULL),('88901','Welfare and guidance counseling activities for children and adolescents',NULL),('88902','Child-care activities (including for the handicapped)',NULL),('88903','Vocational rehabilitation and habilitation activities for unemployed persons',NULL),('88904','Charitable activities',NULL),('88909','Other social work activities without accommodation, n.e.c.',NULL),('90001','Concerts and opera or dance production',NULL),('90002','Live theatrical presentations and other stage productions',NULL),('90003','Individual artists activities',NULL),('90004','Ancillary theatrical activities',NULL),('90005','Art galleries',NULL),('90006','Operation of concert and theatre halls and other arts facilities',NULL),('90009','Other creative, arts and entertainment activities, n.e.c.',NULL),('91010','Library and archives activities',NULL),('91020','Museums activities and operation of historical sites and buildings',NULL),('91030','Botanical and zoological gardens and nature reserves activities',NULL),('92000','Gambling and betting activities',NULL),('93110','Operation of sports facilities',NULL),('93120','Activities of sports clubs',NULL),('93190','Other sports activities',NULL),('93210','Activities of amusement parks and theme parks',NULL),('93290','Other amusement and recreation activities',NULL),('93291','Operation of ballrooms, discotheques (disco\'s)',NULL),('93292','Operation of recreation parks, beaches, including renting of facilities such as bathhouses, lockers, chairs etc.;',NULL),('93299','Other amusement and recreation activities, n.e.c.',NULL),('94110','Activities of business and employers membership organizations',NULL),('94120','Activities of professional membership organizations',NULL),('94200','Activities of trade unions',NULL),('94910','Activities of religious organizations',NULL),('94920','Activities of political organizations',NULL),('94990','Activities of other membership organizations, n.e.c.',NULL),('95110','Repair of computers and peripheral equipment',NULL),('95120','Repair of communications equipment',NULL),('95210','Repair of consumer electronics',NULL),('95221','Repair and servicing of household appliances',NULL),('95222','Repair and servicing of home and garden equipment',NULL),('95231','Repair of boots and shoes',NULL),('95232','Repair of luggage and handbags',NULL),('95241','Repair of wood furniture',NULL),('95242','Repair of rattan furniture (reed, wicker and cane)',NULL),('95243','Repair of furniture and fixtures of metal',NULL),('95249','Repair of other furniture and fixtures, n.e.c.',NULL),('95290','Repair of personal and household goods, n.e.c.',NULL),('96101','Spa activities',NULL),('96102','Steam and bath activities',NULL),('96103','Slendering and body building activities',NULL),('96104','Beauty treatment and personal grooming activities',NULL),('96105','Beauty parlor activities',NULL),('96106','Barber shop activities',NULL),('96109','Other personal services for wellness activities, n.e.c.',NULL),('96210','Washing and dry cleaning of textile and fur products',NULL),('96300','Funeral and related activities',NULL),('96400','Domestic services',NULL),('96901','Social escort service activities (excluding tourist guides)',NULL),('96902','Pet boarding activities',NULL),('96903','Astrological and spiritualists\' activities',NULL),('96904','Shoe shiners, porters, valet car parkers activities',NULL),('96905','Coin-operated machines activities',NULL),('96909','Miscellaneous service activities, n.e.c.',NULL),('97000','Activities of households as employers of domestic personnel',NULL),('98100','Undifferentiated goods-producing activities of private households for own use',NULL),('98200','Undifferentiated services-producing activities of private households for own use',NULL),('99011','Foreign diplomatic missions',NULL),('99012','International organizations',NULL),('99019','International organizations and extra-territorial organizations and bodies, n.e.c.',NULL),('99090','Activities of other international organizations',NULL);
/*!40000 ALTER TABLE `psic` ENABLE KEYS */;
UNLOCK TABLES;

--
-- Table structure for table `realproperty`
--

DROP TABLE IF EXISTS `realproperty`;
/*!40101 SET @saved_cs_client     = @@character_set_client */;
/*!40101 SET character_set_client = utf8 */;
CREATE TABLE `realproperty` (
  `objid` varchar(50) NOT NULL,
  `state` varchar(25) NOT NULL,
  `autonumber` int(11) NOT NULL,
  `pintype` varchar(5) NOT NULL,
  `pin` varchar(30) NOT NULL,
  `ry` int(11) NOT NULL,
  `claimno` varchar(5) DEFAULT NULL,
  `section` varchar(3) DEFAULT NULL,
  `parcel` varchar(3) DEFAULT NULL,
  `cadastrallotno` text,
  `blockno` varchar(255) DEFAULT NULL,
  `surveyno` varchar(30) DEFAULT NULL,
  `street` varchar(100) DEFAULT NULL,
  `purok` varchar(100) DEFAULT NULL,
  `north` varchar(255) DEFAULT NULL,
  `south` varchar(255) DEFAULT NULL,
  `east` varchar(255) DEFAULT NULL,
  `west` varchar(255) DEFAULT NULL,
  `barangayid` varchar(50) NOT NULL,
  `lgutype` varchar(50) NOT NULL,
  `previd` varchar(50) DEFAULT NULL,
  `lguid` varchar(50) DEFAULT NULL,
  `stewardshipno` varchar(3) DEFAULT NULL,
  PRIMARY KEY (`objid`),
  KEY `ix_barangayid` (`barangayid`),
  KEY `ix_realproperty_blockno` (`blockno`),
  KEY `ix_realproperty_pin` (`pin`),
  KEY `ix_realproperty_ry` (`ry`),
  KEY `ix_realproperty_surveyno` (`surveyno`),
  KEY `ix_realproperty_claimno` (`claimno`),
  CONSTRAINT `realproperty_ibfk_1` FOREIGN KEY (`barangayid`) REFERENCES `barangay` (`objid`) ON UPDATE CASCADE
) ENGINE=InnoDB DEFAULT CHARSET=utf8;
/*!40101 SET character_set_client = @saved_cs_client */;

--
-- Dumping data for table `realproperty`
--

LOCK TABLES `realproperty` WRITE;
/*!40000 ALTER TABLE `realproperty` DISABLE KEYS */;
/*!40000 ALTER TABLE `realproperty` ENABLE KEYS */;
UNLOCK TABLES;

--
-- Table structure for table `religion`
--

DROP TABLE IF EXISTS `religion`;
/*!40101 SET @saved_cs_client     = @@character_set_client */;
/*!40101 SET character_set_client = utf8 */;
CREATE TABLE `religion` (
  `objid` varchar(255) NOT NULL DEFAULT '',
  PRIMARY KEY (`objid`)
) ENGINE=InnoDB DEFAULT CHARSET=utf8;
/*!40101 SET character_set_client = @saved_cs_client */;

--
-- Dumping data for table `religion`
--

LOCK TABLES `religion` WRITE;
/*!40000 ALTER TABLE `religion` DISABLE KEYS */;
/*!40000 ALTER TABLE `religion` ENABLE KEYS */;
UNLOCK TABLES;

--
-- Table structure for table `remittance`
--

DROP TABLE IF EXISTS `remittance`;
/*!40101 SET @saved_cs_client     = @@character_set_client */;
/*!40101 SET character_set_client = utf8 */;
CREATE TABLE `remittance` (
  `objid` varchar(50) NOT NULL,
  `state` varchar(20) NOT NULL,
  `controlno` varchar(100) NOT NULL,
  `dtposted` datetime NOT NULL,
  `collector_objid` varchar(50) NOT NULL,
  `collector_name` varchar(100) NOT NULL,
  `collector_title` varchar(50) NOT NULL,
  `liquidatingofficer_objid` varchar(50) DEFAULT NULL,
  `liquidatingofficer_name` varchar(150) DEFAULT NULL,
  `liquidatingofficer_title` varchar(255) DEFAULT NULL,
  `amount` decimal(16,4) NOT NULL,
  `totalcash` decimal(16,4) NOT NULL,
  `totalcheck` decimal(18,2) NOT NULL,
  `cashbreakdown` text NOT NULL,
  `controldate` datetime NOT NULL,
  `totalcr` decimal(18,2) NOT NULL,
  `collector_signature` longtext,
  `liquidatingofficer_signature` longtext,
  `collectionvoucherid` varchar(50) DEFAULT NULL,
  `ukey` varchar(50) NOT NULL DEFAULT '',
  `remarks` varchar(255) DEFAULT NULL,
  PRIMARY KEY (`objid`),
  UNIQUE KEY `uix_controlno` (`controlno`,`ukey`),
  KEY `ix_remittance_state` (`state`),
  KEY `collector_objid` (`collector_objid`),
  KEY `liquidatingofficer_objid` (`liquidatingofficer_objid`),
  KEY `ix_state` (`state`),
  KEY `ix_dtposted` (`dtposted`),
  KEY `ix_collector_objid` (`collector_objid`),
  KEY `ix_liquidatingofficer_objid` (`liquidatingofficer_objid`),
  KEY `ix_remittancedate` (`controldate`),
  KEY `ix_controldate` (`controldate`),
  KEY `ix_collectionvoucherid` (`collectionvoucherid`),
  CONSTRAINT `fk_remittance_collectionvoucherid` FOREIGN KEY (`collectionvoucherid`) REFERENCES `collectionvoucher` (`objid`),
  CONSTRAINT `remittance_ibfk_1` FOREIGN KEY (`collector_objid`) REFERENCES `sys_user` (`objid`),
  CONSTRAINT `remittance_ibfk_2` FOREIGN KEY (`liquidatingofficer_objid`) REFERENCES `sys_user` (`objid`)
) ENGINE=InnoDB DEFAULT CHARSET=utf8;
/*!40101 SET character_set_client = @saved_cs_client */;

--
-- Dumping data for table `remittance`
--

LOCK TABLES `remittance` WRITE;
/*!40000 ALTER TABLE `remittance` DISABLE KEYS */;
/*!40000 ALTER TABLE `remittance` ENABLE KEYS */;
UNLOCK TABLES;

--
-- Table structure for table `remittance_af`
--

DROP TABLE IF EXISTS `remittance_af`;
/*!40101 SET @saved_cs_client     = @@character_set_client */;
/*!40101 SET character_set_client = utf8 */;
CREATE TABLE `remittance_af` (
  `objid` varchar(150) NOT NULL,
  `remittanceid` varchar(50) DEFAULT NULL,
  `controlid` varchar(50) DEFAULT NULL,
  `receivedstartseries` int(11) DEFAULT NULL,
  `receivedendseries` int(11) DEFAULT NULL,
  `beginstartseries` int(11) DEFAULT NULL,
  `beginendseries` int(11) DEFAULT NULL,
  `issuedstartseries` int(11) DEFAULT NULL,
  `issuedendseries` int(11) DEFAULT NULL,
  `endingstartseries` int(11) DEFAULT NULL,
  `endingendseries` int(11) DEFAULT NULL,
  `qtyreceived` int(11) DEFAULT NULL,
  `qtybegin` int(11) DEFAULT NULL,
  `qtyissued` int(11) DEFAULT NULL,
  `qtyending` int(11) DEFAULT NULL,
  `qtycancelled` int(11) DEFAULT NULL,
  `remarks` varchar(255) DEFAULT NULL,
  PRIMARY KEY (`objid`),
  KEY `FK_remittance_afserial_remittance` (`remittanceid`),
  KEY `ix_controlid` (`controlid`),
  CONSTRAINT `remittance_af_ibfk_2` FOREIGN KEY (`remittanceid`) REFERENCES `remittance` (`objid`)
) ENGINE=InnoDB DEFAULT CHARSET=utf8;
/*!40101 SET character_set_client = @saved_cs_client */;

--
-- Dumping data for table `remittance_af`
--

LOCK TABLES `remittance_af` WRITE;
/*!40000 ALTER TABLE `remittance_af` DISABLE KEYS */;
/*!40000 ALTER TABLE `remittance_af` ENABLE KEYS */;
UNLOCK TABLES;

--
-- Table structure for table `remittance_fund`
--

DROP TABLE IF EXISTS `remittance_fund`;
/*!40101 SET @saved_cs_client     = @@character_set_client */;
/*!40101 SET character_set_client = utf8 */;
CREATE TABLE `remittance_fund` (
  `objid` varchar(150) NOT NULL,
  `remittanceid` varchar(50) NOT NULL,
  `fund_objid` varchar(100) NOT NULL,
  `fund_title` varchar(255) NOT NULL,
  `amount` decimal(16,4) NOT NULL,
  `totalcash` decimal(16,4) NOT NULL DEFAULT '0.0000',
  `totalcheck` decimal(16,4) NOT NULL DEFAULT '0.0000',
  `totalcr` decimal(16,4) NOT NULL DEFAULT '0.0000',
  `cashbreakdown` longtext,
  `controlno` varchar(100) DEFAULT NULL,
  PRIMARY KEY (`objid`),
  UNIQUE KEY `uix_remittance_fund` (`remittanceid`,`fund_objid`),
  KEY `remittanceid` (`remittanceid`),
  KEY `fund_objid` (`fund_objid`),
  KEY `ix_remittanceid` (`remittanceid`),
  KEY `ix_fund_objid` (`fund_objid`),
  CONSTRAINT `fk_remittance_fund_fund_objid` FOREIGN KEY (`fund_objid`) REFERENCES `fund` (`objid`),
  CONSTRAINT `remittance_fund_ibfk_1` FOREIGN KEY (`remittanceid`) REFERENCES `remittance` (`objid`)
) ENGINE=InnoDB DEFAULT CHARSET=utf8;
/*!40101 SET character_set_client = @saved_cs_client */;

--
-- Dumping data for table `remittance_fund`
--

LOCK TABLES `remittance_fund` WRITE;
/*!40000 ALTER TABLE `remittance_fund` DISABLE KEYS */;
/*!40000 ALTER TABLE `remittance_fund` ENABLE KEYS */;
UNLOCK TABLES;

--
-- Table structure for table `remote_mapping`
--

DROP TABLE IF EXISTS `remote_mapping`;
/*!40101 SET @saved_cs_client     = @@character_set_client */;
/*!40101 SET character_set_client = utf8 */;
CREATE TABLE `remote_mapping` (
  `objid` varchar(50) NOT NULL,
  `doctype` varchar(50) NOT NULL,
  `remote_objid` varchar(50) NOT NULL,
  `createdby_name` varchar(255) NOT NULL,
  `createdby_title` varchar(100) DEFAULT NULL,
  `dtcreated` datetime NOT NULL,
  `orgcode` varchar(10) DEFAULT NULL,
  `remote_orgcode` varchar(10) DEFAULT NULL,
  PRIMARY KEY (`objid`),
  KEY `ix_doctype` (`doctype`),
  KEY `ix_orgcode` (`orgcode`),
  KEY `ix_remote_orgcode` (`remote_orgcode`),
  KEY `ix_remote_objid` (`remote_objid`)
) ENGINE=InnoDB DEFAULT CHARSET=utf8;
/*!40101 SET character_set_client = @saved_cs_client */;

--
-- Dumping data for table `remote_mapping`
--

LOCK TABLES `remote_mapping` WRITE;
/*!40000 ALTER TABLE `remote_mapping` DISABLE KEYS */;
/*!40000 ALTER TABLE `remote_mapping` ENABLE KEYS */;
UNLOCK TABLES;

--
-- Table structure for table `remoteserverdata`
--

DROP TABLE IF EXISTS `remoteserverdata`;
/*!40101 SET @saved_cs_client     = @@character_set_client */;
/*!40101 SET character_set_client = utf8 */;
CREATE TABLE `remoteserverdata` (
  `objid` varchar(50) NOT NULL,
  `data` longtext NOT NULL,
  PRIMARY KEY (`objid`)
) ENGINE=InnoDB DEFAULT CHARSET=utf8;
/*!40101 SET character_set_client = @saved_cs_client */;

--
-- Dumping data for table `remoteserverdata`
--

LOCK TABLES `remoteserverdata` WRITE;
/*!40000 ALTER TABLE `remoteserverdata` DISABLE KEYS */;
/*!40000 ALTER TABLE `remoteserverdata` ENABLE KEYS */;
UNLOCK TABLES;

--
-- Table structure for table `report_bpdelinquency`
--

DROP TABLE IF EXISTS `report_bpdelinquency`;
/*!40101 SET @saved_cs_client     = @@character_set_client */;
/*!40101 SET character_set_client = utf8 */;
CREATE TABLE `report_bpdelinquency` (
  `objid` varchar(50) NOT NULL,
  `state` varchar(25) DEFAULT NULL,
  `dtfiled` datetime DEFAULT NULL,
  `userid` varchar(50) DEFAULT NULL,
  `username` varchar(160) DEFAULT NULL,
  `totalcount` int(255) DEFAULT NULL,
  `processedcount` int(255) DEFAULT NULL,
  `billdate` date DEFAULT NULL,
  `duedate` date DEFAULT NULL,
  `lockid` varchar(50) DEFAULT NULL,
  PRIMARY KEY (`objid`),
  KEY `ix_state` (`state`),
  KEY `ix_dtfiled` (`dtfiled`),
  KEY `ix_userid` (`userid`),
  KEY `ix_billdate` (`billdate`),
  KEY `ix_duedate` (`duedate`)
) ENGINE=InnoDB DEFAULT CHARSET=utf8;
/*!40101 SET character_set_client = @saved_cs_client */;

--
-- Dumping data for table `report_bpdelinquency`
--

LOCK TABLES `report_bpdelinquency` WRITE;
/*!40000 ALTER TABLE `report_bpdelinquency` DISABLE KEYS */;
/*!40000 ALTER TABLE `report_bpdelinquency` ENABLE KEYS */;
UNLOCK TABLES;

--
-- Table structure for table `report_bpdelinquency_app`
--

DROP TABLE IF EXISTS `report_bpdelinquency_app`;
/*!40101 SET @saved_cs_client     = @@character_set_client */;
/*!40101 SET character_set_client = utf8 */;
CREATE TABLE `report_bpdelinquency_app` (
  `objid` varchar(50) NOT NULL,
  `parentid` varchar(50) NOT NULL,
  `applicationid` varchar(50) NOT NULL,
  `appdate` date NOT NULL,
  `appyear` int(11) NOT NULL,
  `lockid` varchar(50) DEFAULT NULL,
  PRIMARY KEY (`objid`),
  UNIQUE KEY `uix_parentid_applicationid` (`parentid`,`applicationid`),
  KEY `ix_parentid` (`parentid`),
  KEY `ix_applicationid` (`applicationid`),
  KEY `ix_appdate` (`appdate`),
  KEY `ix_appyear` (`appyear`),
  KEY `ix_lockid` (`lockid`),
  CONSTRAINT `fk_report_bpdelinquency_app_parentid` FOREIGN KEY (`parentid`) REFERENCES `report_bpdelinquency` (`objid`)
) ENGINE=InnoDB DEFAULT CHARSET=utf8;
/*!40101 SET character_set_client = @saved_cs_client */;

--
-- Dumping data for table `report_bpdelinquency_app`
--

LOCK TABLES `report_bpdelinquency_app` WRITE;
/*!40000 ALTER TABLE `report_bpdelinquency_app` DISABLE KEYS */;
/*!40000 ALTER TABLE `report_bpdelinquency_app` ENABLE KEYS */;
UNLOCK TABLES;

--
-- Table structure for table `report_bpdelinquency_item`
--

DROP TABLE IF EXISTS `report_bpdelinquency_item`;
/*!40101 SET @saved_cs_client     = @@character_set_client */;
/*!40101 SET character_set_client = utf8 */;
CREATE TABLE `report_bpdelinquency_item` (
  `objid` varchar(50) NOT NULL,
  `parentid` varchar(50) NOT NULL,
  `applicationid` varchar(50) NOT NULL,
  `tax` decimal(16,2) NOT NULL DEFAULT '0.00',
  `regfee` decimal(16,2) NOT NULL DEFAULT '0.00',
  `othercharge` decimal(16,2) NOT NULL DEFAULT '0.00',
  `surcharge` decimal(16,2) NOT NULL DEFAULT '0.00',
  `interest` decimal(16,2) NOT NULL DEFAULT '0.00',
  `total` decimal(16,2) NOT NULL DEFAULT '0.00',
  `duedate` date DEFAULT NULL,
  `year` int(11) NOT NULL,
  `qtr` int(11) NOT NULL,
  PRIMARY KEY (`objid`),
  KEY `ix_parentid` (`parentid`),
  KEY `ix_applicationid` (`applicationid`),
  KEY `ix_year` (`year`),
  KEY `ix_qtr` (`qtr`),
  CONSTRAINT `fk_report_bpdelinquency_item_parentid` FOREIGN KEY (`parentid`) REFERENCES `report_bpdelinquency` (`objid`)
) ENGINE=InnoDB DEFAULT CHARSET=utf8;
/*!40101 SET character_set_client = @saved_cs_client */;

--
-- Dumping data for table `report_bpdelinquency_item`
--

LOCK TABLES `report_bpdelinquency_item` WRITE;
/*!40000 ALTER TABLE `report_bpdelinquency_item` DISABLE KEYS */;
/*!40000 ALTER TABLE `report_bpdelinquency_item` ENABLE KEYS */;
UNLOCK TABLES;

--
-- Table structure for table `report_rptdelinquency`
--

DROP TABLE IF EXISTS `report_rptdelinquency`;
/*!40101 SET @saved_cs_client     = @@character_set_client */;
/*!40101 SET character_set_client = utf8 */;
CREATE TABLE `report_rptdelinquency` (
  `objid` varchar(50) NOT NULL,
  `state` varchar(50) NOT NULL,
  `dtgenerated` datetime NOT NULL,
  `dtcomputed` datetime NOT NULL,
  `generatedby_name` varchar(255) NOT NULL,
  `generatedby_title` varchar(100) NOT NULL,
  PRIMARY KEY (`objid`)
) ENGINE=InnoDB DEFAULT CHARSET=utf8;
/*!40101 SET character_set_client = @saved_cs_client */;

--
-- Dumping data for table `report_rptdelinquency`
--

LOCK TABLES `report_rptdelinquency` WRITE;
/*!40000 ALTER TABLE `report_rptdelinquency` DISABLE KEYS */;
/*!40000 ALTER TABLE `report_rptdelinquency` ENABLE KEYS */;
UNLOCK TABLES;

--
-- Table structure for table `report_rptdelinquency_barangay`
--

DROP TABLE IF EXISTS `report_rptdelinquency_barangay`;
/*!40101 SET @saved_cs_client     = @@character_set_client */;
/*!40101 SET character_set_client = utf8 */;
CREATE TABLE `report_rptdelinquency_barangay` (
  `objid` varchar(50) NOT NULL,
  `parentid` varchar(50) NOT NULL,
  `barangayid` varchar(50) NOT NULL,
  `count` int(11) NOT NULL,
  `processed` int(11) NOT NULL,
  `errors` int(11) NOT NULL,
  `ignored` int(11) NOT NULL,
  `idx` int(11) DEFAULT NULL,
  PRIMARY KEY (`objid`),
  KEY `fk_rptdelinquency_barangay_barangay` (`barangayid`) USING BTREE,
  KEY `fk_rptdelinquency_barangay_rptdelinquency` (`parentid`) USING BTREE,
  CONSTRAINT `report_rptdelinquency_barangay_ibfk_1` FOREIGN KEY (`barangayid`) REFERENCES `barangay` (`objid`),
  CONSTRAINT `report_rptdelinquency_barangay_ibfk_2` FOREIGN KEY (`parentid`) REFERENCES `report_rptdelinquency` (`objid`)
) ENGINE=InnoDB DEFAULT CHARSET=utf8;
/*!40101 SET character_set_client = @saved_cs_client */;

--
-- Dumping data for table `report_rptdelinquency_barangay`
--

LOCK TABLES `report_rptdelinquency_barangay` WRITE;
/*!40000 ALTER TABLE `report_rptdelinquency_barangay` DISABLE KEYS */;
/*!40000 ALTER TABLE `report_rptdelinquency_barangay` ENABLE KEYS */;
UNLOCK TABLES;

--
-- Table structure for table `report_rptdelinquency_error`
--

DROP TABLE IF EXISTS `report_rptdelinquency_error`;
/*!40101 SET @saved_cs_client     = @@character_set_client */;
/*!40101 SET character_set_client = utf8 */;
CREATE TABLE `report_rptdelinquency_error` (
  `objid` varchar(50) NOT NULL,
  `barangayid` varchar(50) NOT NULL,
  `error` longtext,
  `ignored` int(11) DEFAULT NULL,
  PRIMARY KEY (`objid`),
  KEY `ix_barangayid` (`barangayid`) USING BTREE
) ENGINE=InnoDB DEFAULT CHARSET=utf8;
/*!40101 SET character_set_client = @saved_cs_client */;

--
-- Dumping data for table `report_rptdelinquency_error`
--

LOCK TABLES `report_rptdelinquency_error` WRITE;
/*!40000 ALTER TABLE `report_rptdelinquency_error` DISABLE KEYS */;
/*!40000 ALTER TABLE `report_rptdelinquency_error` ENABLE KEYS */;
UNLOCK TABLES;

--
-- Table structure for table `report_rptdelinquency_forprocess`
--

DROP TABLE IF EXISTS `report_rptdelinquency_forprocess`;
/*!40101 SET @saved_cs_client     = @@character_set_client */;
/*!40101 SET character_set_client = utf8 */;
CREATE TABLE `report_rptdelinquency_forprocess` (
  `objid` varchar(50) NOT NULL,
  `barangayid` varchar(50) NOT NULL,
  PRIMARY KEY (`objid`),
  KEY `ix_barangayid` (`barangayid`) USING BTREE
) ENGINE=InnoDB DEFAULT CHARSET=utf8;
/*!40101 SET character_set_client = @saved_cs_client */;

--
-- Dumping data for table `report_rptdelinquency_forprocess`
--

LOCK TABLES `report_rptdelinquency_forprocess` WRITE;
/*!40000 ALTER TABLE `report_rptdelinquency_forprocess` DISABLE KEYS */;
/*!40000 ALTER TABLE `report_rptdelinquency_forprocess` ENABLE KEYS */;
UNLOCK TABLES;

--
-- Table structure for table `report_rptdelinquency_item`
--

DROP TABLE IF EXISTS `report_rptdelinquency_item`;
/*!40101 SET @saved_cs_client     = @@character_set_client */;
/*!40101 SET character_set_client = utf8 */;
CREATE TABLE `report_rptdelinquency_item` (
  `objid` varchar(50) NOT NULL,
  `parentid` varchar(50) NOT NULL,
  `rptledgerid` varchar(50) NOT NULL,
  `barangayid` varchar(50) NOT NULL,
  `year` int(11) NOT NULL,
  `qtr` int(11) DEFAULT NULL,
  `revtype` varchar(50) NOT NULL,
  `amount` decimal(16,2) NOT NULL,
  `interest` decimal(16,2) NOT NULL,
  `discount` decimal(16,2) NOT NULL,
  PRIMARY KEY (`objid`),
  KEY `fk_rptdelinquency_barangay_rptdelinquency` (`parentid`) USING BTREE,
  KEY `fk_rptdelinquency_item_barangay` (`barangayid`) USING BTREE,
  KEY `fk_rptdelinquency_item_rptdelinquency` (`parentid`) USING BTREE,
  KEY `fk_rptdelinquency_item_rptledger` (`rptledgerid`) USING BTREE,
  CONSTRAINT `report_rptdelinquency_item_ibfk_1` FOREIGN KEY (`barangayid`) REFERENCES `barangay` (`objid`),
  CONSTRAINT `report_rptdelinquency_item_ibfk_2` FOREIGN KEY (`parentid`) REFERENCES `report_rptdelinquency` (`objid`),
  CONSTRAINT `report_rptdelinquency_item_ibfk_3` FOREIGN KEY (`rptledgerid`) REFERENCES `rptledger` (`objid`)
) ENGINE=InnoDB DEFAULT CHARSET=utf8;
/*!40101 SET character_set_client = @saved_cs_client */;

--
-- Dumping data for table `report_rptdelinquency_item`
--

LOCK TABLES `report_rptdelinquency_item` WRITE;
/*!40000 ALTER TABLE `report_rptdelinquency_item` DISABLE KEYS */;
/*!40000 ALTER TABLE `report_rptdelinquency_item` ENABLE KEYS */;
UNLOCK TABLES;

--
-- Table structure for table `resection`
--

DROP TABLE IF EXISTS `resection`;
/*!40101 SET @saved_cs_client     = @@character_set_client */;
/*!40101 SET character_set_client = utf8 */;
CREATE TABLE `resection` (
  `objid` varchar(50) NOT NULL,
  `state` varchar(25) NOT NULL,
  `txnno` varchar(25) NOT NULL,
  `txndate` datetime NOT NULL,
  `lgu_objid` varchar(50) NOT NULL,
  `barangay_objid` varchar(50) NOT NULL,
  `pintype` varchar(3) NOT NULL,
  `section` varchar(3) NOT NULL,
  `originlgu_objid` varchar(50) NOT NULL,
  `memoranda` varchar(255) DEFAULT NULL,
  `taskid` varchar(50) DEFAULT NULL,
  `taskstate` varchar(50) DEFAULT NULL,
  `assignee_objid` varchar(50) DEFAULT NULL,
  PRIMARY KEY (`objid`),
  UNIQUE KEY `ux_resection_txnno` (`txnno`),
  KEY `FK_resection_lgu_org` (`lgu_objid`),
  KEY `FK_resection_barangay_org` (`barangay_objid`),
  KEY `FK_resection_originlgu_org` (`originlgu_objid`),
  KEY `ix_resection_state` (`state`),
  CONSTRAINT `FK_resection_barangay_org` FOREIGN KEY (`barangay_objid`) REFERENCES `sys_org` (`objid`),
  CONSTRAINT `FK_resection_lgu_org` FOREIGN KEY (`lgu_objid`) REFERENCES `sys_org` (`objid`),
  CONSTRAINT `FK_resection_originlgu_org` FOREIGN KEY (`originlgu_objid`) REFERENCES `sys_org` (`objid`)
) ENGINE=InnoDB DEFAULT CHARSET=utf8;
/*!40101 SET character_set_client = @saved_cs_client */;

--
-- Dumping data for table `resection`
--

LOCK TABLES `resection` WRITE;
/*!40000 ALTER TABLE `resection` DISABLE KEYS */;
/*!40000 ALTER TABLE `resection` ENABLE KEYS */;
UNLOCK TABLES;

--
-- Table structure for table `resection_item`
--

DROP TABLE IF EXISTS `resection_item`;
/*!40101 SET @saved_cs_client     = @@character_set_client */;
/*!40101 SET character_set_client = utf8 */;
CREATE TABLE `resection_item` (
  `objid` varchar(50) NOT NULL,
  `parent_objid` varchar(50) NOT NULL,
  `faas_objid` varchar(50) NOT NULL,
  `faas_rputype` varchar(15) NOT NULL,
  `faas_pin` varchar(25) NOT NULL,
  `faas_suffix` int(255) NOT NULL,
  `newfaas_objid` varchar(50) DEFAULT NULL,
  `newfaas_rpuid` varchar(50) DEFAULT NULL,
  `newfaas_rpid` varchar(50) DEFAULT NULL,
  `newfaas_section` varchar(3) DEFAULT NULL,
  `newfaas_parcel` varchar(3) DEFAULT NULL,
  `newfaas_suffix` int(255) DEFAULT NULL,
  `newfaas_tdno` varchar(25) DEFAULT NULL,
  `newfaas_fullpin` varchar(50) DEFAULT NULL,
  `newfaas_claimno` varchar(25) DEFAULT NULL,
  `faas_claimno` varchar(25) DEFAULT NULL,
  PRIMARY KEY (`objid`),
  UNIQUE KEY `ux_resection_item_tdno` (`newfaas_tdno`) USING BTREE,
  KEY `FK_resection_item_item` (`parent_objid`),
  KEY `FK_resection_item_faas` (`faas_objid`),
  KEY `FK_resection_item_newfaas` (`newfaas_objid`),
  KEY `ix_resection_item_fullpin` (`newfaas_fullpin`),
  CONSTRAINT `FK_resection_item_faas` FOREIGN KEY (`faas_objid`) REFERENCES `faas` (`objid`),
  CONSTRAINT `FK_resection_item_item` FOREIGN KEY (`parent_objid`) REFERENCES `resection` (`objid`),
  CONSTRAINT `FK_resection_item_newfaas` FOREIGN KEY (`newfaas_objid`) REFERENCES `faas` (`objid`)
) ENGINE=InnoDB DEFAULT CHARSET=utf8;
/*!40101 SET character_set_client = @saved_cs_client */;

--
-- Dumping data for table `resection_item`
--

LOCK TABLES `resection_item` WRITE;
/*!40000 ALTER TABLE `resection_item` DISABLE KEYS */;
/*!40000 ALTER TABLE `resection_item` ENABLE KEYS */;
UNLOCK TABLES;

--
-- Table structure for table `resection_task`
--

DROP TABLE IF EXISTS `resection_task`;
/*!40101 SET @saved_cs_client     = @@character_set_client */;
/*!40101 SET character_set_client = utf8 */;
CREATE TABLE `resection_task` (
  `objid` varchar(50) NOT NULL,
  `refid` varchar(50) DEFAULT NULL,
  `parentprocessid` varchar(50) DEFAULT NULL,
  `state` varchar(50) DEFAULT NULL,
  `startdate` datetime DEFAULT NULL,
  `enddate` datetime DEFAULT NULL,
  `assignee_objid` varchar(50) DEFAULT NULL,
  `assignee_name` varchar(100) DEFAULT NULL,
  `assignee_title` varchar(80) DEFAULT NULL,
  `actor_objid` varchar(50) DEFAULT NULL,
  `actor_name` varchar(100) DEFAULT NULL,
  `actor_title` varchar(80) DEFAULT NULL,
  `message` varchar(255) DEFAULT NULL,
  `signature` longtext,
  `returnedby` varchar(100) DEFAULT NULL,
  PRIMARY KEY (`objid`),
  KEY `ix_assignee_objid` (`assignee_objid`),
  KEY `ix_refid` (`refid`)
) ENGINE=InnoDB DEFAULT CHARSET=utf8;
/*!40101 SET character_set_client = @saved_cs_client */;

--
-- Dumping data for table `resection_task`
--

LOCK TABLES `resection_task` WRITE;
/*!40000 ALTER TABLE `resection_task` DISABLE KEYS */;
/*!40000 ALTER TABLE `resection_task` ENABLE KEYS */;
UNLOCK TABLES;

--
-- Table structure for table `revenueitem_collectiongroup`
--

DROP TABLE IF EXISTS `revenueitem_collectiongroup`;
/*!40101 SET @saved_cs_client     = @@character_set_client */;
/*!40101 SET character_set_client = utf8 */;
CREATE TABLE `revenueitem_collectiongroup` (
  `objid` varchar(50) NOT NULL,
  `acctid` varchar(50) NOT NULL,
  PRIMARY KEY (`objid`)
) ENGINE=InnoDB DEFAULT CHARSET=utf8;
/*!40101 SET character_set_client = @saved_cs_client */;

--
-- Dumping data for table `revenueitem_collectiongroup`
--

LOCK TABLES `revenueitem_collectiongroup` WRITE;
/*!40000 ALTER TABLE `revenueitem_collectiongroup` DISABLE KEYS */;
/*!40000 ALTER TABLE `revenueitem_collectiongroup` ENABLE KEYS */;
UNLOCK TABLES;

--
-- Table structure for table `rpt_changeinfo`
--

DROP TABLE IF EXISTS `rpt_changeinfo`;
/*!40101 SET @saved_cs_client     = @@character_set_client */;
/*!40101 SET character_set_client = utf8 */;
CREATE TABLE `rpt_changeinfo` (
  `objid` varchar(50) NOT NULL,
  `faasid` varchar(50) DEFAULT NULL,
  `rpid` varchar(50) DEFAULT NULL,
  `rpuid` varchar(50) DEFAULT NULL,
  `newinfo` text NOT NULL,
  `previnfo` text NOT NULL,
  `reason` text NOT NULL,
  `dtposted` datetime NOT NULL,
  `postedbyid` varchar(50) NOT NULL,
  `postedby` varchar(100) NOT NULL,
  `postedbytitle` varchar(100) NOT NULL,
  `action` varchar(100) NOT NULL,
  `refid` varchar(50) DEFAULT NULL,
  `redflagid` varchar(50) DEFAULT NULL,
  PRIMARY KEY (`objid`)
) ENGINE=InnoDB DEFAULT CHARSET=utf8;
/*!40101 SET character_set_client = @saved_cs_client */;

--
-- Dumping data for table `rpt_changeinfo`
--

LOCK TABLES `rpt_changeinfo` WRITE;
/*!40000 ALTER TABLE `rpt_changeinfo` DISABLE KEYS */;
/*!40000 ALTER TABLE `rpt_changeinfo` ENABLE KEYS */;
UNLOCK TABLES;

--
-- Table structure for table `rpt_redflag`
--

DROP TABLE IF EXISTS `rpt_redflag`;
/*!40101 SET @saved_cs_client     = @@character_set_client */;
/*!40101 SET character_set_client = utf8 */;
CREATE TABLE `rpt_redflag` (
  `objid` varchar(50) NOT NULL,
  `parentid` varchar(50) NOT NULL,
  `state` varchar(30) NOT NULL,
  `refid` varchar(50) NOT NULL,
  `refno` varchar(15) NOT NULL,
  `caseno` varchar(25) NOT NULL,
  `message` text NOT NULL,
  `filedby_date` datetime NOT NULL,
  `filedby_objid` varchar(50) NOT NULL,
  `filedby_name` varchar(150) NOT NULL,
  `action` varchar(50) NOT NULL,
  `resolvedby_objid` varchar(50) DEFAULT NULL,
  `resolvedby_name` varchar(150) DEFAULT NULL,
  `resolvedby_date` datetime DEFAULT NULL,
  `lguid` varchar(15) NOT NULL,
  `dtclosed` datetime DEFAULT NULL,
  `remarks` text,
  `info` text,
  PRIMARY KEY (`objid`),
  UNIQUE KEY `ux_rptredflag_caseno` (`caseno`),
  KEY `ix_rptredflag_refid` (`refid`)
) ENGINE=InnoDB DEFAULT CHARSET=utf8;
/*!40101 SET character_set_client = @saved_cs_client */;

--
-- Dumping data for table `rpt_redflag`
--

LOCK TABLES `rpt_redflag` WRITE;
/*!40000 ALTER TABLE `rpt_redflag` DISABLE KEYS */;
/*!40000 ALTER TABLE `rpt_redflag` ENABLE KEYS */;
UNLOCK TABLES;

--
-- Table structure for table `rpt_requirement`
--

DROP TABLE IF EXISTS `rpt_requirement`;
/*!40101 SET @saved_cs_client     = @@character_set_client */;
/*!40101 SET character_set_client = utf8 */;
CREATE TABLE `rpt_requirement` (
  `objid` varchar(50) NOT NULL,
  `requirementtypeid` varchar(50) NOT NULL,
  `handler` varchar(50) NOT NULL,
  `refid` varchar(50) NOT NULL,
  `value_objid` varchar(50) DEFAULT NULL,
  `value_txnno` varchar(50) DEFAULT NULL,
  `value_txndate` date DEFAULT NULL,
  `value_txnamount` decimal(16,2) DEFAULT NULL,
  `value_remarks` text,
  `complied` int(11) NOT NULL,
  PRIMARY KEY (`objid`),
  KEY `ix_rptrequirement_refid` (`refid`),
  KEY `ix_rptrequirement_requirementtypeid` (`requirementtypeid`),
  KEY `ix_rptrequirement_valueobjid` (`value_objid`),
  CONSTRAINT `rpt_requirement_ibfk_1` FOREIGN KEY (`requirementtypeid`) REFERENCES `rpt_requirement_type` (`objid`)
) ENGINE=InnoDB DEFAULT CHARSET=utf8;
/*!40101 SET character_set_client = @saved_cs_client */;

--
-- Dumping data for table `rpt_requirement`
--

LOCK TABLES `rpt_requirement` WRITE;
/*!40000 ALTER TABLE `rpt_requirement` DISABLE KEYS */;
/*!40000 ALTER TABLE `rpt_requirement` ENABLE KEYS */;
UNLOCK TABLES;

--
-- Table structure for table `rpt_requirement_type`
--

DROP TABLE IF EXISTS `rpt_requirement_type`;
/*!40101 SET @saved_cs_client     = @@character_set_client */;
/*!40101 SET character_set_client = utf8 */;
CREATE TABLE `rpt_requirement_type` (
  `objid` varchar(50) NOT NULL,
  `state` varchar(50) NOT NULL,
  `name` varchar(100) NOT NULL,
  `description` varchar(150) DEFAULT NULL,
  `handler` varchar(100) DEFAULT NULL,
  `sortorder` int(11) NOT NULL,
  PRIMARY KEY (`objid`),
  UNIQUE KEY `ix_rptrequirementtype_name` (`name`)
) ENGINE=InnoDB DEFAULT CHARSET=utf8;
/*!40101 SET character_set_client = @saved_cs_client */;

--
-- Dumping data for table `rpt_requirement_type`
--

LOCK TABLES `rpt_requirement_type` WRITE;
/*!40000 ALTER TABLE `rpt_requirement_type` DISABLE KEYS */;
/*!40000 ALTER TABLE `rpt_requirement_type` ENABLE KEYS */;
UNLOCK TABLES;

--
-- Table structure for table `rpt_sales_data`
--

DROP TABLE IF EXISTS `rpt_sales_data`;
/*!40101 SET @saved_cs_client     = @@character_set_client */;
/*!40101 SET character_set_client = utf8 */;
CREATE TABLE `rpt_sales_data` (
  `objid` varchar(50) NOT NULL,
  `seller_name` varchar(250) NOT NULL,
  `seller_address` varchar(100) NOT NULL,
  `buyer_name` varchar(250) NOT NULL,
  `buyer_address` varchar(100) NOT NULL,
  `saledate` date NOT NULL,
  `amount` decimal(16,2) NOT NULL,
  `remarks` text,
  PRIMARY KEY (`objid`),
  KEY `ix_buyername` (`buyer_name`),
  KEY `ix_sellername` (`seller_name`),
  CONSTRAINT `rpt_sales_data_ibfk_1` FOREIGN KEY (`objid`) REFERENCES `faas` (`objid`)
) ENGINE=InnoDB DEFAULT CHARSET=utf8;
/*!40101 SET character_set_client = @saved_cs_client */;

--
-- Dumping data for table `rpt_sales_data`
--

LOCK TABLES `rpt_sales_data` WRITE;
/*!40000 ALTER TABLE `rpt_sales_data` DISABLE KEYS */;
/*!40000 ALTER TABLE `rpt_sales_data` ENABLE KEYS */;
UNLOCK TABLES;

--
-- Table structure for table `rpt_sms`
--

DROP TABLE IF EXISTS `rpt_sms`;
/*!40101 SET @saved_cs_client     = @@character_set_client */;
/*!40101 SET character_set_client = utf8 */;
CREATE TABLE `rpt_sms` (
  `objid` varchar(50) NOT NULL,
  `traceid` varchar(255) DEFAULT NULL,
  `phoneno` varchar(50) NOT NULL,
  `logdate` datetime NOT NULL,
  `message` text,
  `amount` decimal(10,2) NOT NULL,
  `amtpaid` decimal(10,2) NOT NULL,
  `action` varchar(100) DEFAULT NULL,
  `status` varchar(25) DEFAULT NULL,
  PRIMARY KEY (`objid`),
  KEY `ix_rptsms_phoneno` (`phoneno`),
  KEY `ix_rptsms_traceid` (`traceid`)
) ENGINE=InnoDB DEFAULT CHARSET=utf8;
/*!40101 SET character_set_client = @saved_cs_client */;

--
-- Dumping data for table `rpt_sms`
--

LOCK TABLES `rpt_sms` WRITE;
/*!40000 ALTER TABLE `rpt_sms` DISABLE KEYS */;
/*!40000 ALTER TABLE `rpt_sms` ENABLE KEYS */;
UNLOCK TABLES;

--
-- Table structure for table `rpt_sms_registration`
--

DROP TABLE IF EXISTS `rpt_sms_registration`;
/*!40101 SET @saved_cs_client     = @@character_set_client */;
/*!40101 SET character_set_client = utf8 */;
CREATE TABLE `rpt_sms_registration` (
  `phoneno` varchar(25) NOT NULL,
  `refid` varchar(50) NOT NULL,
  `dtregistered` datetime NOT NULL,
  PRIMARY KEY (`phoneno`,`refid`),
  KEY `ix_rptsmsreg_refid` (`refid`)
) ENGINE=InnoDB DEFAULT CHARSET=utf8;
/*!40101 SET character_set_client = @saved_cs_client */;

--
-- Dumping data for table `rpt_sms_registration`
--

LOCK TABLES `rpt_sms_registration` WRITE;
/*!40000 ALTER TABLE `rpt_sms_registration` DISABLE KEYS */;
/*!40000 ALTER TABLE `rpt_sms_registration` ENABLE KEYS */;
UNLOCK TABLES;

--
-- Table structure for table `rpt_syncdata`
--

DROP TABLE IF EXISTS `rpt_syncdata`;
/*!40101 SET @saved_cs_client     = @@character_set_client */;
/*!40101 SET character_set_client = utf8 */;
CREATE TABLE `rpt_syncdata` (
  `objid` varchar(50) NOT NULL,
  `state` varchar(25) NOT NULL,
  `refid` varchar(50) NOT NULL,
  `reftype` varchar(50) NOT NULL,
  `refno` varchar(50) NOT NULL,
  `action` varchar(50) NOT NULL,
  `dtfiled` datetime NOT NULL,
  `orgid` varchar(50) NOT NULL,
  `remote_orgid` varchar(50) DEFAULT NULL,
  `remote_orgcode` varchar(5) DEFAULT NULL,
  `remote_orgclass` varchar(25) DEFAULT NULL,
  `sender_objid` varchar(50) DEFAULT NULL,
  `sender_name` varchar(255) DEFAULT NULL,
  `sender_title` varchar(80) DEFAULT NULL,
  `info` text,
  PRIMARY KEY (`objid`),
  KEY `ix_state` (`state`) USING BTREE,
  KEY `ix_refid` (`refid`) USING BTREE,
  KEY `ix_refno` (`refno`) USING BTREE,
  KEY `ix_orgid` (`orgid`) USING BTREE
) ENGINE=InnoDB DEFAULT CHARSET=utf8;
/*!40101 SET character_set_client = @saved_cs_client */;

--
-- Dumping data for table `rpt_syncdata`
--

LOCK TABLES `rpt_syncdata` WRITE;
/*!40000 ALTER TABLE `rpt_syncdata` DISABLE KEYS */;
/*!40000 ALTER TABLE `rpt_syncdata` ENABLE KEYS */;
UNLOCK TABLES;

--
-- Table structure for table `rpt_syncdata_completed`
--

DROP TABLE IF EXISTS `rpt_syncdata_completed`;
/*!40101 SET @saved_cs_client     = @@character_set_client */;
/*!40101 SET character_set_client = utf8 */;
CREATE TABLE `rpt_syncdata_completed` (
  `objid` varchar(50) NOT NULL,
  `action` varchar(50) NOT NULL,
  `refid` varchar(50) NOT NULL,
  `reftype` varchar(50) NOT NULL,
  `refno` varchar(50) NOT NULL,
  `sender_name` varchar(255) DEFAULT NULL,
  `sender_title` varchar(80) DEFAULT NULL,
  `dtcreated` datetime DEFAULT NULL,
  `info` text,
  `dtfiled` datetime DEFAULT NULL,
  `orgid` varchar(50) DEFAULT NULL,
  `sender_objid` varchar(50) DEFAULT NULL,
  `remote_orgid` varchar(50) DEFAULT NULL,
  `remote_orgcode` varchar(25) DEFAULT NULL,
  `remote_orgclass` varchar(25) DEFAULT NULL,
  PRIMARY KEY (`objid`),
  KEY `ix_refid` (`refid`) USING BTREE,
  KEY `ix_refno` (`refno`) USING BTREE
) ENGINE=InnoDB DEFAULT CHARSET=utf8;
/*!40101 SET character_set_client = @saved_cs_client */;

--
-- Dumping data for table `rpt_syncdata_completed`
--

LOCK TABLES `rpt_syncdata_completed` WRITE;
/*!40000 ALTER TABLE `rpt_syncdata_completed` DISABLE KEYS */;
/*!40000 ALTER TABLE `rpt_syncdata_completed` ENABLE KEYS */;
UNLOCK TABLES;

--
-- Table structure for table `rpt_syncdata_error`
--

DROP TABLE IF EXISTS `rpt_syncdata_error`;
/*!40101 SET @saved_cs_client     = @@character_set_client */;
/*!40101 SET character_set_client = utf8 */;
CREATE TABLE `rpt_syncdata_error` (
  `objid` varchar(50) NOT NULL,
  `filekey` varchar(1000) NOT NULL,
  `error` text,
  `refid` varchar(50) NOT NULL,
  `reftype` varchar(50) NOT NULL,
  `refno` varchar(50) NOT NULL,
  `action` varchar(50) NOT NULL,
  `idx` int(11) NOT NULL,
  `info` text,
  `parent` text,
  `remote_orgid` varchar(50) DEFAULT NULL,
  `remote_orgcode` varchar(5) DEFAULT NULL,
  `remote_orgclass` varchar(50) DEFAULT NULL,
  `state` varchar(50) DEFAULT NULL,
  PRIMARY KEY (`objid`),
  KEY `ix_refid` (`refid`) USING BTREE,
  KEY `ix_refno` (`refno`) USING BTREE,
  KEY `ix_filekey` (`filekey`(255)) USING BTREE,
  KEY `ix_remote_orgid` (`remote_orgid`) USING BTREE,
  KEY `ix_remote_orgcode` (`remote_orgcode`) USING BTREE,
  KEY `ix_state` (`state`) USING BTREE
) ENGINE=InnoDB DEFAULT CHARSET=utf8;
/*!40101 SET character_set_client = @saved_cs_client */;

--
-- Dumping data for table `rpt_syncdata_error`
--

LOCK TABLES `rpt_syncdata_error` WRITE;
/*!40000 ALTER TABLE `rpt_syncdata_error` DISABLE KEYS */;
/*!40000 ALTER TABLE `rpt_syncdata_error` ENABLE KEYS */;
UNLOCK TABLES;

--
-- Table structure for table `rpt_syncdata_fordownload`
--

DROP TABLE IF EXISTS `rpt_syncdata_fordownload`;
/*!40101 SET @saved_cs_client     = @@character_set_client */;
/*!40101 SET character_set_client = utf8 */;
CREATE TABLE `rpt_syncdata_fordownload` (
  `objid` varchar(255) NOT NULL,
  `etag` varchar(64) NOT NULL,
  `error` int(255) NOT NULL,
  `state` varchar(50) DEFAULT NULL,
  PRIMARY KEY (`objid`),
  KEY `ix_error` (`error`) USING BTREE,
  KEY `ix_state` (`state`)
) ENGINE=InnoDB DEFAULT CHARSET=utf8;
/*!40101 SET character_set_client = @saved_cs_client */;

--
-- Dumping data for table `rpt_syncdata_fordownload`
--

LOCK TABLES `rpt_syncdata_fordownload` WRITE;
/*!40000 ALTER TABLE `rpt_syncdata_fordownload` DISABLE KEYS */;
/*!40000 ALTER TABLE `rpt_syncdata_fordownload` ENABLE KEYS */;
UNLOCK TABLES;

--
-- Table structure for table `rpt_syncdata_forsync`
--

DROP TABLE IF EXISTS `rpt_syncdata_forsync`;
/*!40101 SET @saved_cs_client     = @@character_set_client */;
/*!40101 SET character_set_client = utf8 */;
CREATE TABLE `rpt_syncdata_forsync` (
  `objid` varchar(50) NOT NULL,
  `reftype` varchar(50) NOT NULL,
  `refno` varchar(50) NOT NULL,
  `action` varchar(50) NOT NULL,
  `orgid` varchar(50) NOT NULL,
  `dtfiled` datetime NOT NULL,
  `createdby_objid` varchar(50) DEFAULT NULL,
  `createdby_name` varchar(255) DEFAULT NULL,
  `createdby_title` varchar(50) DEFAULT NULL,
  `remote_orgid` varchar(15) DEFAULT NULL,
  `state` varchar(25) DEFAULT NULL,
  `info` text,
  PRIMARY KEY (`objid`),
  KEY `ix_refno` (`refno`) USING BTREE,
  KEY `ix_orgid` (`orgid`) USING BTREE,
  KEY `ix_state` (`state`) USING BTREE
) ENGINE=InnoDB DEFAULT CHARSET=utf8;
/*!40101 SET character_set_client = @saved_cs_client */;

--
-- Dumping data for table `rpt_syncdata_forsync`
--

LOCK TABLES `rpt_syncdata_forsync` WRITE;
/*!40000 ALTER TABLE `rpt_syncdata_forsync` DISABLE KEYS */;
/*!40000 ALTER TABLE `rpt_syncdata_forsync` ENABLE KEYS */;
UNLOCK TABLES;

--
-- Table structure for table `rpt_syncdata_item`
--

DROP TABLE IF EXISTS `rpt_syncdata_item`;
/*!40101 SET @saved_cs_client     = @@character_set_client */;
/*!40101 SET character_set_client = utf8 */;
CREATE TABLE `rpt_syncdata_item` (
  `objid` varchar(50) NOT NULL,
  `parentid` varchar(50) NOT NULL,
  `state` varchar(25) NOT NULL,
  `refid` varchar(50) NOT NULL,
  `reftype` varchar(50) NOT NULL,
  `refno` varchar(50) NOT NULL,
  `action` varchar(50) NOT NULL,
  `idx` int(11) NOT NULL,
  `info` text,
  `error` text,
  `filekey` varchar(1200) DEFAULT NULL,
  `etag` varchar(255) DEFAULT NULL,
  PRIMARY KEY (`objid`),
  KEY `ix_parentid` (`parentid`) USING BTREE,
  KEY `ix_state` (`state`) USING BTREE,
  KEY `ix_refid` (`refid`) USING BTREE,
  KEY `ix_refno` (`refno`) USING BTREE,
  CONSTRAINT `rpt_syncdata_item_ibfk_1` FOREIGN KEY (`parentid`) REFERENCES `rpt_syncdata` (`objid`)
) ENGINE=InnoDB DEFAULT CHARSET=utf8;
/*!40101 SET character_set_client = @saved_cs_client */;

--
-- Dumping data for table `rpt_syncdata_item`
--

LOCK TABLES `rpt_syncdata_item` WRITE;
/*!40000 ALTER TABLE `rpt_syncdata_item` DISABLE KEYS */;
/*!40000 ALTER TABLE `rpt_syncdata_item` ENABLE KEYS */;
UNLOCK TABLES;

--
-- Table structure for table `rpt_syncdata_item_completed`
--

DROP TABLE IF EXISTS `rpt_syncdata_item_completed`;
/*!40101 SET @saved_cs_client     = @@character_set_client */;
/*!40101 SET character_set_client = utf8 */;
CREATE TABLE `rpt_syncdata_item_completed` (
  `objid` varchar(255) NOT NULL,
  `parentid` varchar(50) NOT NULL,
  `refid` varchar(50) DEFAULT NULL,
  `reftype` varchar(50) DEFAULT NULL,
  `refno` varchar(50) DEFAULT NULL,
  `action` varchar(100) DEFAULT NULL,
  `idx` int(255) DEFAULT NULL,
  `info` text,
  PRIMARY KEY (`objid`),
  KEY `ix_refno` (`refno`) USING BTREE,
  KEY `ix_refid` (`refid`) USING BTREE,
  KEY `ix_remote_orgid` (`parentid`) USING BTREE
) ENGINE=InnoDB DEFAULT CHARSET=utf8;
/*!40101 SET character_set_client = @saved_cs_client */;

--
-- Dumping data for table `rpt_syncdata_item_completed`
--

LOCK TABLES `rpt_syncdata_item_completed` WRITE;
/*!40000 ALTER TABLE `rpt_syncdata_item_completed` DISABLE KEYS */;
/*!40000 ALTER TABLE `rpt_syncdata_item_completed` ENABLE KEYS */;
UNLOCK TABLES;

--
-- Table structure for table `rptacknowledgement`
--

DROP TABLE IF EXISTS `rptacknowledgement`;
/*!40101 SET @saved_cs_client     = @@character_set_client */;
/*!40101 SET character_set_client = utf8 */;
CREATE TABLE `rptacknowledgement` (
  `objid` varchar(50) NOT NULL,
  `state` varchar(25) NOT NULL,
  `txnno` varchar(25) NOT NULL,
  `txndate` datetime DEFAULT NULL,
  `taxpayer_objid` varchar(50) DEFAULT NULL,
  `txntype_objid` varchar(50) DEFAULT NULL,
  `releasedate` datetime DEFAULT NULL,
  `releasemode` varchar(50) DEFAULT NULL,
  `receivedby` varchar(255) DEFAULT NULL,
  `remarks` varchar(255) DEFAULT NULL,
  `pin` varchar(25) DEFAULT NULL,
  `createdby_objid` varchar(25) DEFAULT NULL,
  `createdby_name` varchar(25) DEFAULT NULL,
  `createdby_title` varchar(25) DEFAULT NULL,
  PRIMARY KEY (`objid`),
  UNIQUE KEY `ux_rptacknowledgement_txnno` (`txnno`),
  KEY `ix_rptacknowledgement_pin` (`pin`),
  KEY `ix_rptacknowledgement_taxpayerid` (`taxpayer_objid`)
) ENGINE=InnoDB DEFAULT CHARSET=utf8;
/*!40101 SET character_set_client = @saved_cs_client */;

--
-- Dumping data for table `rptacknowledgement`
--

LOCK TABLES `rptacknowledgement` WRITE;
/*!40000 ALTER TABLE `rptacknowledgement` DISABLE KEYS */;
/*!40000 ALTER TABLE `rptacknowledgement` ENABLE KEYS */;
UNLOCK TABLES;

--
-- Table structure for table `rptacknowledgement_item`
--

DROP TABLE IF EXISTS `rptacknowledgement_item`;
/*!40101 SET @saved_cs_client     = @@character_set_client */;
/*!40101 SET character_set_client = utf8 */;
CREATE TABLE `rptacknowledgement_item` (
  `objid` varchar(50) NOT NULL,
  `parent_objid` varchar(50) NOT NULL,
  `trackingno` varchar(25) DEFAULT NULL,
  `faas_objid` varchar(50) DEFAULT NULL,
  `newfaas_objid` varchar(50) DEFAULT NULL,
  `remarks` varchar(255) DEFAULT NULL,
  PRIMARY KEY (`objid`),
  UNIQUE KEY `ux_rptacknowledgement_itemno` (`trackingno`),
  KEY `ix_rptacknowledgement_parentid` (`parent_objid`),
  KEY `ix_rptacknowledgement_item_faasid` (`faas_objid`),
  KEY `ix_rptacknowledgement_item_newfaasid` (`newfaas_objid`),
  CONSTRAINT `fk_rptacknowledgement_item_rptacknowledgement` FOREIGN KEY (`parent_objid`) REFERENCES `rptacknowledgement` (`objid`)
) ENGINE=InnoDB DEFAULT CHARSET=utf8;
/*!40101 SET character_set_client = @saved_cs_client */;

--
-- Dumping data for table `rptacknowledgement_item`
--

LOCK TABLES `rptacknowledgement_item` WRITE;
/*!40000 ALTER TABLE `rptacknowledgement_item` DISABLE KEYS */;
/*!40000 ALTER TABLE `rptacknowledgement_item` ENABLE KEYS */;
UNLOCK TABLES;

--
-- Table structure for table `rptbill`
--

DROP TABLE IF EXISTS `rptbill`;
/*!40101 SET @saved_cs_client     = @@character_set_client */;
/*!40101 SET character_set_client = utf8 */;
CREATE TABLE `rptbill` (
  `objid` varchar(50) NOT NULL,
  `taxpayer_objid` varchar(50) NOT NULL,
  `barcode` varchar(25) NOT NULL,
  `expirydate` date NOT NULL,
  `postedby` varchar(100) NOT NULL,
  `postedbytitle` varchar(50) DEFAULT NULL,
  `billtoyear` int(11) DEFAULT NULL,
  `billtoqtr` int(11) DEFAULT NULL,
  `dtposted` datetime DEFAULT NULL,
  `taxpayer_name` text,
  `taxpayer_address` varchar(150) DEFAULT NULL,
  PRIMARY KEY (`objid`),
  KEY `taxpayer_objid` (`taxpayer_objid`),
  CONSTRAINT `rptbill_ibfk_1` FOREIGN KEY (`taxpayer_objid`) REFERENCES `entity` (`objid`)
) ENGINE=InnoDB DEFAULT CHARSET=utf8;
/*!40101 SET character_set_client = @saved_cs_client */;

--
-- Dumping data for table `rptbill`
--

LOCK TABLES `rptbill` WRITE;
/*!40000 ALTER TABLE `rptbill` DISABLE KEYS */;
/*!40000 ALTER TABLE `rptbill` ENABLE KEYS */;
UNLOCK TABLES;

--
-- Table structure for table `rptbill_ledger`
--

DROP TABLE IF EXISTS `rptbill_ledger`;
/*!40101 SET @saved_cs_client     = @@character_set_client */;
/*!40101 SET character_set_client = utf8 */;
CREATE TABLE `rptbill_ledger` (
  `rptledgerid` varchar(50) NOT NULL DEFAULT '',
  `billid` varchar(50) NOT NULL DEFAULT '',
  `updateflag` varchar(50) DEFAULT NULL,
  PRIMARY KEY (`rptledgerid`,`billid`),
  KEY `rptbillid` (`billid`),
  KEY `rptledgerid` (`rptledgerid`),
  CONSTRAINT `FK_rptbillledger_rptbill` FOREIGN KEY (`billid`) REFERENCES `rptbill` (`objid`),
  CONSTRAINT `FK_rptbillledger_rptledger` FOREIGN KEY (`rptledgerid`) REFERENCES `rptledger` (`objid`)
) ENGINE=InnoDB DEFAULT CHARSET=utf8;
/*!40101 SET character_set_client = @saved_cs_client */;

--
-- Dumping data for table `rptbill_ledger`
--

LOCK TABLES `rptbill_ledger` WRITE;
/*!40000 ALTER TABLE `rptbill_ledger` DISABLE KEYS */;
/*!40000 ALTER TABLE `rptbill_ledger` ENABLE KEYS */;
UNLOCK TABLES;

--
-- Table structure for table `rptcertification`
--

DROP TABLE IF EXISTS `rptcertification`;
/*!40101 SET @saved_cs_client     = @@character_set_client */;
/*!40101 SET character_set_client = utf8 */;
CREATE TABLE `rptcertification` (
  `objid` varchar(50) NOT NULL,
  `txnno` varchar(50) DEFAULT NULL,
  `txndate` datetime NOT NULL,
  `opener` varchar(50) NOT NULL,
  `faasid` varchar(50) DEFAULT NULL,
  `taxpayer_objid` varchar(50) DEFAULT NULL,
  `taxpayer_name` longtext NOT NULL,
  `taxpayer_address` varchar(150) DEFAULT NULL,
  `requestedby` longtext NOT NULL,
  `requestedbyaddress` varchar(100) NOT NULL,
  `purpose` text,
  `certifiedby` varchar(150) NOT NULL,
  `certifiedbytitle` varchar(50) NOT NULL,
  `byauthority` varchar(150) DEFAULT NULL,
  `byauthoritytitle` varchar(50) DEFAULT NULL,
  `official` int(11) NOT NULL,
  `orno` varchar(25) DEFAULT NULL,
  `ordate` datetime DEFAULT NULL,
  `oramount` decimal(16,2) NOT NULL,
  `stampamount` decimal(16,2) NOT NULL,
  `createdbyid` varchar(50) DEFAULT NULL,
  `createdby` varchar(150) NOT NULL,
  `createdbytitle` varchar(50) NOT NULL,
  `office` varchar(50) DEFAULT NULL,
  `addlinfo` text,
  `attestedby` varchar(150) DEFAULT NULL,
  `attestedbytitle` varchar(50) DEFAULT NULL,
  `asofyear` int(11) DEFAULT NULL,
  `year` int(11) DEFAULT NULL,
  `qtr` int(11) DEFAULT NULL,
  `properties` text,
  `taskid` varchar(50) DEFAULT NULL,
  PRIMARY KEY (`objid`),
  KEY `FK_rptcertification_faas` (`faasid`),
  KEY `ix_rptcertification_office` (`office`),
  KEY `ix_rptcertification_office_txnno` (`office`,`txnno`),
  KEY `ix_rptcertification_taxpayerid` (`taxpayer_objid`),
  KEY `createdbyid` (`createdbyid`),
  CONSTRAINT `rptcertification_ibfk_1` FOREIGN KEY (`faasid`) REFERENCES `faas` (`objid`),
  CONSTRAINT `rptcertification_ibfk_2` FOREIGN KEY (`taxpayer_objid`) REFERENCES `entity` (`objid`),
  CONSTRAINT `rptcertification_ibfk_3` FOREIGN KEY (`createdbyid`) REFERENCES `sys_user` (`objid`)
) ENGINE=InnoDB DEFAULT CHARSET=utf8;
/*!40101 SET character_set_client = @saved_cs_client */;

--
-- Dumping data for table `rptcertification`
--

LOCK TABLES `rptcertification` WRITE;
/*!40000 ALTER TABLE `rptcertification` DISABLE KEYS */;
/*!40000 ALTER TABLE `rptcertification` ENABLE KEYS */;
UNLOCK TABLES;

--
-- Table structure for table `rptcertification_online`
--

DROP TABLE IF EXISTS `rptcertification_online`;
/*!40101 SET @saved_cs_client     = @@character_set_client */;
/*!40101 SET character_set_client = utf8 */;
CREATE TABLE `rptcertification_online` (
  `objid` varchar(50) NOT NULL,
  `state` varchar(25) NOT NULL,
  `reftype` varchar(25) NOT NULL,
  `refid` varchar(50) NOT NULL,
  `refno` varchar(50) NOT NULL,
  `refdate` date NOT NULL,
  `orno` varchar(25) DEFAULT NULL,
  `ordate` date DEFAULT NULL,
  `oramount` decimal(16,2) DEFAULT NULL,
  PRIMARY KEY (`objid`),
  KEY `ix_state` (`state`),
  KEY `ix_refid` (`refid`),
  KEY `ix_refno` (`refno`),
  KEY `ix_orno` (`orno`),
  CONSTRAINT `fk_rptcertification_online_rptcertification` FOREIGN KEY (`objid`) REFERENCES `rptcertification` (`objid`)
) ENGINE=InnoDB DEFAULT CHARSET=utf8;
/*!40101 SET character_set_client = @saved_cs_client */;

--
-- Dumping data for table `rptcertification_online`
--

LOCK TABLES `rptcertification_online` WRITE;
/*!40000 ALTER TABLE `rptcertification_online` DISABLE KEYS */;
/*!40000 ALTER TABLE `rptcertification_online` ENABLE KEYS */;
UNLOCK TABLES;

--
-- Table structure for table `rptcertification_task`
--

DROP TABLE IF EXISTS `rptcertification_task`;
/*!40101 SET @saved_cs_client     = @@character_set_client */;
/*!40101 SET character_set_client = utf8 */;
CREATE TABLE `rptcertification_task` (
  `objid` varchar(50) NOT NULL DEFAULT '',
  `refid` varchar(50) DEFAULT NULL,
  `parentprocessid` varchar(50) DEFAULT NULL,
  `state` varchar(50) DEFAULT NULL,
  `startdate` datetime DEFAULT NULL,
  `enddate` datetime DEFAULT NULL,
  `assignee_objid` varchar(50) DEFAULT NULL,
  `assignee_name` varchar(100) DEFAULT NULL,
  `assignee_title` varchar(80) DEFAULT NULL,
  `actor_objid` varchar(50) DEFAULT NULL,
  `actor_name` varchar(100) DEFAULT NULL,
  `actor_title` varchar(80) DEFAULT NULL,
  `message` varchar(255) DEFAULT NULL,
  `signature` longtext,
  `returnedby` varchar(100) DEFAULT NULL,
  PRIMARY KEY (`objid`),
  KEY `ix_refid` (`refid`) USING BTREE,
  KEY `ix_assignee_objid` (`assignee_objid`) USING BTREE,
  CONSTRAINT `rptcertification_task_ibfk_1` FOREIGN KEY (`refid`) REFERENCES `rptcertification` (`objid`)
) ENGINE=InnoDB DEFAULT CHARSET=utf8;
/*!40101 SET character_set_client = @saved_cs_client */;

--
-- Dumping data for table `rptcertification_task`
--

LOCK TABLES `rptcertification_task` WRITE;
/*!40000 ALTER TABLE `rptcertification_task` DISABLE KEYS */;
/*!40000 ALTER TABLE `rptcertification_task` ENABLE KEYS */;
UNLOCK TABLES;

--
-- Table structure for table `rptcertificationitem`
--

DROP TABLE IF EXISTS `rptcertificationitem`;
/*!40101 SET @saved_cs_client     = @@character_set_client */;
/*!40101 SET character_set_client = utf8 */;
CREATE TABLE `rptcertificationitem` (
  `rptcertificationid` varchar(50) NOT NULL,
  `refid` varchar(50) NOT NULL,
  KEY `FK_rptcertificationitem_rptcertification` (`rptcertificationid`),
  KEY `ix_rptcertificationitem_refid` (`refid`),
  CONSTRAINT `rptcertificationitem_ibfk_1` FOREIGN KEY (`rptcertificationid`) REFERENCES `rptcertification` (`objid`)
) ENGINE=InnoDB DEFAULT CHARSET=utf8;
/*!40101 SET character_set_client = @saved_cs_client */;

--
-- Dumping data for table `rptcertificationitem`
--

LOCK TABLES `rptcertificationitem` WRITE;
/*!40000 ALTER TABLE `rptcertificationitem` DISABLE KEYS */;
/*!40000 ALTER TABLE `rptcertificationitem` ENABLE KEYS */;
UNLOCK TABLES;

--
-- Table structure for table `rptcompromise`
--

DROP TABLE IF EXISTS `rptcompromise`;
/*!40101 SET @saved_cs_client     = @@character_set_client */;
/*!40101 SET character_set_client = utf8 */;
CREATE TABLE `rptcompromise` (
  `objid` varchar(50) NOT NULL,
  `state` varchar(25) NOT NULL,
  `txnno` varchar(25) NOT NULL,
  `txndate` date NOT NULL,
  `faasid` varchar(50) DEFAULT NULL,
  `rptledgerid` varchar(50) NOT NULL,
  `lastyearpaid` int(11) NOT NULL,
  `lastqtrpaid` int(11) NOT NULL,
  `startyear` int(11) NOT NULL,
  `startqtr` int(11) NOT NULL,
  `endyear` int(11) NOT NULL,
  `endqtr` int(11) NOT NULL,
  `enddate` date NOT NULL,
  `cypaymentrequired` int(11) DEFAULT NULL,
  `cypaymentorno` varchar(10) DEFAULT NULL,
  `cypaymentordate` date DEFAULT NULL,
  `cypaymentoramount` decimal(10,2) DEFAULT NULL,
  `downpaymentrequired` int(11) NOT NULL,
  `downpaymentrate` decimal(10,0) NOT NULL,
  `downpayment` decimal(10,2) NOT NULL,
  `downpaymentorno` varchar(50) DEFAULT NULL,
  `downpaymentordate` date DEFAULT NULL,
  `term` int(11) NOT NULL,
  `numofinstallment` int(11) NOT NULL,
  `amount` decimal(16,2) NOT NULL,
  `amtforinstallment` decimal(16,2) NOT NULL,
  `amtpaid` decimal(16,2) NOT NULL,
  `firstpartyname` varchar(100) NOT NULL,
  `firstpartytitle` varchar(50) NOT NULL,
  `firstpartyaddress` varchar(100) NOT NULL,
  `firstpartyctcno` varchar(15) NOT NULL,
  `firstpartyctcissued` varchar(100) NOT NULL,
  `firstpartyctcdate` date NOT NULL,
  `firstpartynationality` varchar(50) NOT NULL,
  `firstpartystatus` varchar(50) NOT NULL,
  `firstpartygender` varchar(10) NOT NULL,
  `secondpartyrepresentative` varchar(100) NOT NULL,
  `secondpartyname` varchar(100) NOT NULL,
  `secondpartyaddress` varchar(100) NOT NULL,
  `secondpartyctcno` varchar(15) NOT NULL,
  `secondpartyctcissued` varchar(100) NOT NULL,
  `secondpartyctcdate` date NOT NULL,
  `secondpartynationality` varchar(50) NOT NULL,
  `secondpartystatus` varchar(50) NOT NULL,
  `secondpartygender` varchar(10) NOT NULL,
  `dtsigned` date DEFAULT NULL,
  `notarizeddate` date DEFAULT NULL,
  `notarizedby` varchar(100) DEFAULT NULL,
  `notarizedbytitle` varchar(50) DEFAULT NULL,
  `signatories` varchar(1000) NOT NULL,
  `manualdiff` decimal(16,2) NOT NULL DEFAULT '0.00',
  `cypaymentreceiptid` varchar(50) DEFAULT NULL,
  `downpaymentreceiptid` varchar(50) DEFAULT NULL,
  PRIMARY KEY (`objid`),
  KEY `ix_rptcompromise_faasid` (`faasid`),
  KEY `ix_rptcompromise_ledgerid` (`rptledgerid`),
  CONSTRAINT `fk_rptcompromise_faas` FOREIGN KEY (`faasid`) REFERENCES `faas` (`objid`),
  CONSTRAINT `fk_rptcompromise_rptledger` FOREIGN KEY (`rptledgerid`) REFERENCES `rptledger` (`objid`)
) ENGINE=InnoDB DEFAULT CHARSET=utf8;
/*!40101 SET character_set_client = @saved_cs_client */;

--
-- Dumping data for table `rptcompromise`
--

LOCK TABLES `rptcompromise` WRITE;
/*!40000 ALTER TABLE `rptcompromise` DISABLE KEYS */;
/*!40000 ALTER TABLE `rptcompromise` ENABLE KEYS */;
UNLOCK TABLES;

--
-- Table structure for table `rptcompromise_credit`
--

DROP TABLE IF EXISTS `rptcompromise_credit`;
/*!40101 SET @saved_cs_client     = @@character_set_client */;
/*!40101 SET character_set_client = utf8 */;
CREATE TABLE `rptcompromise_credit` (
  `objid` varchar(50) NOT NULL,
  `parentid` varchar(50) NOT NULL,
  `receiptid` varchar(50) DEFAULT NULL,
  `installmentid` varchar(50) DEFAULT NULL,
  `collector_name` varchar(100) NOT NULL,
  `collector_title` varchar(50) NOT NULL,
  `orno` varchar(10) NOT NULL,
  `ordate` date NOT NULL,
  `oramount` decimal(16,2) NOT NULL,
  `amount` decimal(16,2) NOT NULL,
  `mode` varchar(50) NOT NULL,
  `paidby` varchar(150) NOT NULL,
  `paidbyaddress` varchar(100) NOT NULL,
  `partial` int(11) DEFAULT NULL,
  `remarks` varchar(100) DEFAULT NULL,
  PRIMARY KEY (`objid`),
  KEY `ix_rptcompromise_credit_parentid` (`parentid`),
  KEY `ix_rptcompromise_credit_receiptid` (`receiptid`),
  KEY `ix_rptcompromise_credit_installmentid` (`installmentid`),
  CONSTRAINT `fk_rptcompromise_credit_cashreceipt` FOREIGN KEY (`receiptid`) REFERENCES `cashreceipt` (`objid`),
  CONSTRAINT `fk_rptcompromise_credit_rptcompromise` FOREIGN KEY (`parentid`) REFERENCES `rptcompromise` (`objid`),
  CONSTRAINT `fk_rptcompromise_credit_rptcompromise_installment` FOREIGN KEY (`installmentid`) REFERENCES `rptcompromise_installment` (`objid`)
) ENGINE=InnoDB DEFAULT CHARSET=utf8;
/*!40101 SET character_set_client = @saved_cs_client */;

--
-- Dumping data for table `rptcompromise_credit`
--

LOCK TABLES `rptcompromise_credit` WRITE;
/*!40000 ALTER TABLE `rptcompromise_credit` DISABLE KEYS */;
/*!40000 ALTER TABLE `rptcompromise_credit` ENABLE KEYS */;
UNLOCK TABLES;

--
-- Table structure for table `rptcompromise_installment`
--

DROP TABLE IF EXISTS `rptcompromise_installment`;
/*!40101 SET @saved_cs_client     = @@character_set_client */;
/*!40101 SET character_set_client = utf8 */;
CREATE TABLE `rptcompromise_installment` (
  `objid` varchar(50) NOT NULL,
  `parentid` varchar(50) NOT NULL,
  `installmentno` int(11) NOT NULL,
  `duedate` date NOT NULL,
  `amount` decimal(16,2) NOT NULL,
  `amtpaid` decimal(16,2) NOT NULL,
  `fullypaid` int(11) NOT NULL,
  PRIMARY KEY (`objid`),
  KEY `ix_rptcompromise_installment_rptcompromiseid` (`parentid`),
  CONSTRAINT `fk_rptcompromise_installment_rptcompromise` FOREIGN KEY (`parentid`) REFERENCES `rptcompromise` (`objid`)
) ENGINE=InnoDB DEFAULT CHARSET=utf8;
/*!40101 SET character_set_client = @saved_cs_client */;

--
-- Dumping data for table `rptcompromise_installment`
--

LOCK TABLES `rptcompromise_installment` WRITE;
/*!40000 ALTER TABLE `rptcompromise_installment` DISABLE KEYS */;
/*!40000 ALTER TABLE `rptcompromise_installment` ENABLE KEYS */;
UNLOCK TABLES;

--
-- Table structure for table `rptcompromise_item`
--

DROP TABLE IF EXISTS `rptcompromise_item`;
/*!40101 SET @saved_cs_client     = @@character_set_client */;
/*!40101 SET character_set_client = utf8 */;
CREATE TABLE `rptcompromise_item` (
  `objid` varchar(50) NOT NULL,
  `parentid` varchar(50) NOT NULL,
  `rptledgerfaasid` varchar(50) NOT NULL,
  `revtype` varchar(50) NOT NULL,
  `revperiod` varchar(50) NOT NULL,
  `year` int(11) NOT NULL,
  `amount` decimal(16,2) NOT NULL,
  `amtpaid` decimal(16,2) NOT NULL,
  `interest` decimal(16,2) NOT NULL,
  `interestpaid` decimal(16,2) NOT NULL,
  `priority` int(11) DEFAULT NULL,
  `taxdifference` int(11) DEFAULT NULL,
  `qtr` int(11) DEFAULT NULL,
  PRIMARY KEY (`objid`),
  KEY `ix_rptcompromise_item_rptcompromise` (`parentid`),
  KEY `ix_rptcompromise_item_rptledgerfaas` (`rptledgerfaasid`),
  CONSTRAINT `fk_rptcompromise_item_rptcompromise` FOREIGN KEY (`parentid`) REFERENCES `rptcompromise` (`objid`),
  CONSTRAINT `fk_rptcompromise_item_rptledgerfaas` FOREIGN KEY (`rptledgerfaasid`) REFERENCES `rptledgerfaas` (`objid`)
) ENGINE=InnoDB DEFAULT CHARSET=utf8;
/*!40101 SET character_set_client = @saved_cs_client */;

--
-- Dumping data for table `rptcompromise_item`
--

LOCK TABLES `rptcompromise_item` WRITE;
/*!40000 ALTER TABLE `rptcompromise_item` DISABLE KEYS */;
/*!40000 ALTER TABLE `rptcompromise_item` ENABLE KEYS */;
UNLOCK TABLES;

--
-- Table structure for table `rptexpiry`
--

DROP TABLE IF EXISTS `rptexpiry`;
/*!40101 SET @saved_cs_client     = @@character_set_client */;
/*!40101 SET character_set_client = utf8 */;
CREATE TABLE `rptexpiry` (
  `iyear` int(11) NOT NULL,
  `iqtr` int(11) NOT NULL,
  `expirytype` varchar(50) NOT NULL,
  `expirydate` datetime DEFAULT NULL,
  `reason` varchar(100) DEFAULT NULL,
  PRIMARY KEY (`iqtr`,`iyear`,`expirytype`),
  KEY `ix_rptexpiry_yrqtr` (`iyear`,`iqtr`)
) ENGINE=InnoDB DEFAULT CHARSET=utf8;
/*!40101 SET character_set_client = @saved_cs_client */;

--
-- Dumping data for table `rptexpiry`
--

LOCK TABLES `rptexpiry` WRITE;
/*!40000 ALTER TABLE `rptexpiry` DISABLE KEYS */;
/*!40000 ALTER TABLE `rptexpiry` ENABLE KEYS */;
UNLOCK TABLES;

--
-- Table structure for table `rptledger`
--

DROP TABLE IF EXISTS `rptledger`;
/*!40101 SET @saved_cs_client     = @@character_set_client */;
/*!40101 SET character_set_client = utf8 */;
CREATE TABLE `rptledger` (
  `objid` varchar(50) NOT NULL,
  `state` varchar(25) NOT NULL,
  `faasid` varchar(50) DEFAULT NULL,
  `nextbilldate` date DEFAULT NULL,
  `lastyearpaid` int(11) NOT NULL,
  `lastqtrpaid` int(11) NOT NULL,
  `firstqtrpaidontime` int(11) DEFAULT NULL,
  `qtrlypaymentavailed` int(11) DEFAULT NULL,
  `qtrlypaymentpaidontime` int(11) DEFAULT NULL,
  `lastitemyear` int(11) DEFAULT NULL,
  `lastreceiptid` varchar(50) DEFAULT NULL,
  `barangayid` varchar(50) NOT NULL,
  `advancebill` int(11) DEFAULT NULL,
  `lastbilledyear` int(11) DEFAULT NULL,
  `lastbilledqtr` int(11) DEFAULT NULL,
  `partialbasic` decimal(16,2) DEFAULT NULL,
  `partialbasicint` decimal(16,2) DEFAULT NULL,
  `partialbasicdisc` decimal(16,2) DEFAULT NULL,
  `partialsef` decimal(16,2) DEFAULT NULL,
  `partialsefint` decimal(16,2) DEFAULT NULL,
  `partialsefdisc` decimal(16,2) DEFAULT NULL,
  `partialledyear` int(11) DEFAULT NULL,
  `partialledqtr` int(11) DEFAULT NULL,
  `fullpin` varchar(50) NOT NULL DEFAULT '',
  `tdno` varchar(50) NOT NULL,
  `taxpayer_objid` varchar(50) DEFAULT NULL,
  `cadastrallotno` varchar(50) DEFAULT NULL,
  `rputype` varchar(12) DEFAULT NULL,
  `txntype_objid` varchar(50) DEFAULT NULL,
  `classcode` varchar(5) DEFAULT NULL,
  `totalav` decimal(16,4) DEFAULT NULL,
  `totalmv` decimal(16,4) DEFAULT NULL,
  `totalareaha` decimal(16,6) DEFAULT NULL,
  `taxable` int(255) DEFAULT NULL,
  `owner_name` varchar(1500) NOT NULL,
  `prevtdno` varchar(800) DEFAULT NULL,
  `classification_objid` varchar(50) DEFAULT NULL,
  `titleno` varchar(30) DEFAULT NULL,
  `undercompromise` int(11) DEFAULT NULL,
  `updateflag` varchar(50) DEFAULT NULL,
  `forcerecalcbill` int(11) DEFAULT NULL,
  `administrator_name` varchar(150) DEFAULT NULL,
  `blockno` varchar(50) DEFAULT NULL,
  `lguid` varchar(50) DEFAULT NULL,
  `beneficiary_objid` varchar(50) DEFAULT NULL,
  PRIMARY KEY (`objid`),
  KEY `barangayid` (`barangayid`),
  KEY `ix_rptledger_faasid` (`faasid`),
  KEY `ix_rptledger_state` (`state`),
  KEY `ix_rptledger_state_barangay` (`state`,`barangayid`),
  KEY `ix_rptledger_state_faasid` (`state`,`faasid`),
  KEY `ix_rptledger_state_lastyearpaid` (`state`,`lastyearpaid`),
  KEY `ix_rptledgerlastyearpaidqtr` (`lastyearpaid`,`lastqtrpaid`),
  KEY `ix_rptledger_taxpayerid` (`taxpayer_objid`),
  KEY `ix_rptledger_cadastrallotno` (`cadastrallotno`),
  KEY `ix_rptledger_administartorname` (`administrator_name`),
  KEY `ix_rptledger_blockno` (`blockno`),
  KEY `ix_rptledger_prevtdno` (`prevtdno`(255)),
  KEY `ix_rptledger_owner_name` (`owner_name`(255)),
  KEY `ix_beneficiary_objid` (`beneficiary_objid`),
  CONSTRAINT `FK_rptledger_taxpayer` FOREIGN KEY (`taxpayer_objid`) REFERENCES `entity` (`objid`),
  CONSTRAINT `rptledger_ibfk_1` FOREIGN KEY (`barangayid`) REFERENCES `barangay` (`objid`) ON UPDATE CASCADE,
  CONSTRAINT `rptledger_ibfk_2` FOREIGN KEY (`faasid`) REFERENCES `faas` (`objid`)
) ENGINE=InnoDB DEFAULT CHARSET=utf8;
/*!40101 SET character_set_client = @saved_cs_client */;

--
-- Dumping data for table `rptledger`
--

LOCK TABLES `rptledger` WRITE;
/*!40000 ALTER TABLE `rptledger` DISABLE KEYS */;
/*!40000 ALTER TABLE `rptledger` ENABLE KEYS */;
UNLOCK TABLES;

--
-- Table structure for table `rptledger_avdifference`
--

DROP TABLE IF EXISTS `rptledger_avdifference`;
/*!40101 SET @saved_cs_client     = @@character_set_client */;
/*!40101 SET character_set_client = utf8 */;
CREATE TABLE `rptledger_avdifference` (
  `objid` varchar(50) NOT NULL,
  `parent_objid` varchar(50) NOT NULL,
  `rptledgerfaas_objid` varchar(50) NOT NULL,
  `year` int(11) NOT NULL,
  `av` decimal(16,2) NOT NULL,
  `paid` int(11) NOT NULL,
  PRIMARY KEY (`objid`),
  KEY `fk_rptledger` (`parent_objid`),
  KEY `fk_rptledgerfaas` (`rptledgerfaas_objid`),
  CONSTRAINT `fk_rptledger` FOREIGN KEY (`parent_objid`) REFERENCES `rptledger` (`objid`),
  CONSTRAINT `fk_rptledgerfaas` FOREIGN KEY (`rptledgerfaas_objid`) REFERENCES `rptledgerfaas` (`objid`)
) ENGINE=InnoDB DEFAULT CHARSET=utf8;
/*!40101 SET character_set_client = @saved_cs_client */;

--
-- Dumping data for table `rptledger_avdifference`
--

LOCK TABLES `rptledger_avdifference` WRITE;
/*!40000 ALTER TABLE `rptledger_avdifference` DISABLE KEYS */;
/*!40000 ALTER TABLE `rptledger_avdifference` ENABLE KEYS */;
UNLOCK TABLES;

--
-- Table structure for table `rptledger_credit`
--

DROP TABLE IF EXISTS `rptledger_credit`;
/*!40101 SET @saved_cs_client     = @@character_set_client */;
/*!40101 SET character_set_client = utf8 */;
CREATE TABLE `rptledger_credit` (
  `objid` varchar(100) NOT NULL,
  `rptledgerid` varchar(50) NOT NULL,
  `type` varchar(20) NOT NULL,
  `refno` varchar(50) NOT NULL,
  `refdate` date NOT NULL,
  `payorid` varchar(50) DEFAULT NULL,
  `paidby_name` longtext NOT NULL,
  `paidby_address` varchar(150) NOT NULL,
  `collector` varchar(80) NOT NULL,
  `postedby` varchar(100) NOT NULL,
  `postedbytitle` varchar(50) NOT NULL,
  `dtposted` datetime NOT NULL,
  `fromyear` int(11) NOT NULL,
  `fromqtr` int(11) NOT NULL,
  `toyear` int(11) NOT NULL,
  `toqtr` int(11) NOT NULL,
  `basic` decimal(12,4) NOT NULL,
  `basicint` decimal(12,4) NOT NULL,
  `basicdisc` decimal(12,4) NOT NULL,
  `basicidle` decimal(12,4) NOT NULL,
  `sef` decimal(12,4) NOT NULL,
  `sefint` decimal(12,4) NOT NULL,
  `sefdisc` decimal(12,4) NOT NULL,
  `firecode` decimal(12,4) NOT NULL,
  `amount` decimal(12,4) NOT NULL,
  `collectingagency` varchar(50) DEFAULT NULL,
  PRIMARY KEY (`objid`),
  KEY `ix_rptreceipt_payorid` (`payorid`),
  KEY `ix_rptreceipt_receiptno` (`refno`),
  KEY `FK_rptledgercredit_rptledger` (`rptledgerid`),
  CONSTRAINT `rptledger_credit_ibfk_1` FOREIGN KEY (`rptledgerid`) REFERENCES `rptledger` (`objid`)
) ENGINE=InnoDB DEFAULT CHARSET=utf8;
/*!40101 SET character_set_client = @saved_cs_client */;

--
-- Dumping data for table `rptledger_credit`
--

LOCK TABLES `rptledger_credit` WRITE;
/*!40000 ALTER TABLE `rptledger_credit` DISABLE KEYS */;
/*!40000 ALTER TABLE `rptledger_credit` ENABLE KEYS */;
UNLOCK TABLES;

--
-- Table structure for table `rptledger_forprocess`
--

DROP TABLE IF EXISTS `rptledger_forprocess`;
/*!40101 SET @saved_cs_client     = @@character_set_client */;
/*!40101 SET character_set_client = utf8 */;
CREATE TABLE `rptledger_forprocess` (
  `objid` varchar(255) NOT NULL,
  PRIMARY KEY (`objid`)
) ENGINE=InnoDB DEFAULT CHARSET=utf8;
/*!40101 SET character_set_client = @saved_cs_client */;

--
-- Dumping data for table `rptledger_forprocess`
--

LOCK TABLES `rptledger_forprocess` WRITE;
/*!40000 ALTER TABLE `rptledger_forprocess` DISABLE KEYS */;
/*!40000 ALTER TABLE `rptledger_forprocess` ENABLE KEYS */;
UNLOCK TABLES;

--
-- Table structure for table `rptledger_item`
--

DROP TABLE IF EXISTS `rptledger_item`;
/*!40101 SET @saved_cs_client     = @@character_set_client */;
/*!40101 SET character_set_client = utf8 */;
CREATE TABLE `rptledger_item` (
  `objid` varchar(50) NOT NULL,
  `parentid` varchar(50) NOT NULL,
  `rptledgerfaasid` varchar(50) DEFAULT NULL,
  `remarks` varchar(100) DEFAULT NULL,
  `basicav` decimal(16,2) NOT NULL,
  `sefav` decimal(16,2) NOT NULL,
  `av` decimal(16,2) NOT NULL,
  `revtype` varchar(50) NOT NULL,
  `year` int(11) NOT NULL,
  `amount` decimal(16,2) NOT NULL,
  `amtpaid` decimal(16,2) NOT NULL,
  `priority` int(11) NOT NULL,
  `taxdifference` int(11) NOT NULL,
  `system` int(11) NOT NULL,
  `fromqtr` int(11) DEFAULT NULL,
  `toqtr` int(11) DEFAULT NULL,
  PRIMARY KEY (`objid`),
  KEY `fk_rptledger_item_rptledger` (`parentid`),
  CONSTRAINT `fk_rptledger_item_rptledger` FOREIGN KEY (`parentid`) REFERENCES `rptledger` (`objid`)
) ENGINE=InnoDB DEFAULT CHARSET=utf8;
/*!40101 SET character_set_client = @saved_cs_client */;

--
-- Dumping data for table `rptledger_item`
--

LOCK TABLES `rptledger_item` WRITE;
/*!40000 ALTER TABLE `rptledger_item` DISABLE KEYS */;
/*!40000 ALTER TABLE `rptledger_item` ENABLE KEYS */;
UNLOCK TABLES;

--
-- Table structure for table `rptledger_payment`
--

DROP TABLE IF EXISTS `rptledger_payment`;
/*!40101 SET @saved_cs_client     = @@character_set_client */;
/*!40101 SET character_set_client = utf8 */;
CREATE TABLE `rptledger_payment` (
  `objid` varchar(100) NOT NULL,
  `rptledgerid` varchar(50) DEFAULT NULL,
  `type` varchar(20) NOT NULL,
  `receiptid` varchar(50) DEFAULT NULL,
  `receiptno` varchar(50) NOT NULL,
  `receiptdate` date NOT NULL,
  `paidby_name` longtext NOT NULL,
  `paidby_address` varchar(150) NOT NULL,
  `postedby` varchar(100) NOT NULL,
  `postedbytitle` varchar(50) NOT NULL,
  `dtposted` datetime NOT NULL,
  `fromyear` int(11) NOT NULL,
  `fromqtr` int(11) NOT NULL,
  `toyear` int(11) NOT NULL,
  `toqtr` int(11) NOT NULL,
  `amount` decimal(12,2) NOT NULL,
  `collectingagency` varchar(50) DEFAULT NULL,
  `voided` int(11) NOT NULL,
  PRIMARY KEY (`objid`),
  KEY `fk_rptledger_payment_rptledger` (`rptledgerid`) USING BTREE,
  KEY `fk_rptledger_payment_cashreceipt` (`receiptid`) USING BTREE,
  KEY `ix_receiptno` (`receiptno`) USING BTREE,
  CONSTRAINT `fk_rptledger_payment_cashreceipt` FOREIGN KEY (`receiptid`) REFERENCES `cashreceipt` (`objid`),
  CONSTRAINT `fk_rptledger_payment_rptledger` FOREIGN KEY (`rptledgerid`) REFERENCES `rptledger` (`objid`)
) ENGINE=InnoDB DEFAULT CHARSET=utf8;
/*!40101 SET character_set_client = @saved_cs_client */;

--
-- Dumping data for table `rptledger_payment`
--

LOCK TABLES `rptledger_payment` WRITE;
/*!40000 ALTER TABLE `rptledger_payment` DISABLE KEYS */;
/*!40000 ALTER TABLE `rptledger_payment` ENABLE KEYS */;
UNLOCK TABLES;

--
-- Table structure for table `rptledger_payment_item`
--

DROP TABLE IF EXISTS `rptledger_payment_item`;
/*!40101 SET @saved_cs_client     = @@character_set_client */;
/*!40101 SET character_set_client = utf8 */;
CREATE TABLE `rptledger_payment_item` (
  `objid` varchar(50) NOT NULL,
  `parentid` varchar(100) NOT NULL,
  `rptledgerfaasid` varchar(50) DEFAULT NULL,
  `rptledgeritemid` varchar(50) DEFAULT NULL,
  `rptledgeritemqtrlyid` varchar(50) DEFAULT NULL,
  `year` int(11) NOT NULL,
  `qtr` int(11) NOT NULL,
  `basic` decimal(16,2) NOT NULL,
  `basicint` decimal(16,2) NOT NULL,
  `basicdisc` decimal(16,2) NOT NULL,
  `basicidle` decimal(16,2) NOT NULL,
  `basicidledisc` decimal(16,2) DEFAULT NULL,
  `basicidleint` decimal(16,2) DEFAULT NULL,
  `sef` decimal(16,2) NOT NULL,
  `sefint` decimal(16,2) NOT NULL,
  `sefdisc` decimal(16,2) NOT NULL,
  `firecode` decimal(10,2) DEFAULT NULL,
  `sh` decimal(16,2) NOT NULL,
  `shint` decimal(16,2) NOT NULL,
  `shdisc` decimal(16,2) NOT NULL,
  `total` decimal(16,2) DEFAULT NULL,
  `revperiod` varchar(25) DEFAULT NULL,
  `partialled` int(11) NOT NULL,
  PRIMARY KEY (`objid`),
  KEY `FK_rptledger_payment_item_parentid` (`parentid`) USING BTREE,
  KEY `FK_rptledger_payment_item_rptledgerfaasid` (`rptledgerfaasid`) USING BTREE,
  KEY `ix_rptledgeritemid` (`rptledgeritemid`) USING BTREE,
  KEY `ix_rptledgeritemqtrlyid` (`rptledgeritemqtrlyid`) USING BTREE,
  CONSTRAINT `fk_rptledger_payment_item_parentid` FOREIGN KEY (`parentid`) REFERENCES `rptledger_payment` (`objid`),
  CONSTRAINT `fk_rptledger_payment_item_rptledgerfaasid` FOREIGN KEY (`rptledgerfaasid`) REFERENCES `rptledgerfaas` (`objid`)
) ENGINE=InnoDB DEFAULT CHARSET=utf8;
/*!40101 SET character_set_client = @saved_cs_client */;

--
-- Dumping data for table `rptledger_payment_item`
--

LOCK TABLES `rptledger_payment_item` WRITE;
/*!40000 ALTER TABLE `rptledger_payment_item` DISABLE KEYS */;
/*!40000 ALTER TABLE `rptledger_payment_item` ENABLE KEYS */;
UNLOCK TABLES;

--
-- Table structure for table `rptledger_payment_share`
--

DROP TABLE IF EXISTS `rptledger_payment_share`;
/*!40101 SET @saved_cs_client     = @@character_set_client */;
/*!40101 SET character_set_client = utf8 */;
CREATE TABLE `rptledger_payment_share` (
  `objid` varchar(50) NOT NULL,
  `parentid` varchar(100) DEFAULT NULL,
  `revperiod` varchar(25) NOT NULL,
  `revtype` varchar(25) NOT NULL,
  `item_objid` varchar(50) NOT NULL,
  `amount` decimal(16,4) NOT NULL,
  `sharetype` varchar(25) NOT NULL,
  `discount` decimal(16,4) DEFAULT NULL,
  PRIMARY KEY (`objid`),
  KEY `FK_parentid` (`parentid`) USING BTREE,
  KEY `FK_item_objid` (`item_objid`) USING BTREE,
  CONSTRAINT `FK_rptledger_payment_share_itemaccount` FOREIGN KEY (`item_objid`) REFERENCES `itemaccount` (`objid`),
  CONSTRAINT `FK_rptledger_payment_share_parentid` FOREIGN KEY (`parentid`) REFERENCES `rptledger_payment` (`objid`)
) ENGINE=InnoDB DEFAULT CHARSET=utf8;
/*!40101 SET character_set_client = @saved_cs_client */;

--
-- Dumping data for table `rptledger_payment_share`
--

LOCK TABLES `rptledger_payment_share` WRITE;
/*!40000 ALTER TABLE `rptledger_payment_share` DISABLE KEYS */;
/*!40000 ALTER TABLE `rptledger_payment_share` ENABLE KEYS */;
UNLOCK TABLES;

--
-- Table structure for table `rptledger_redflag`
--

DROP TABLE IF EXISTS `rptledger_redflag`;
/*!40101 SET @saved_cs_client     = @@character_set_client */;
/*!40101 SET character_set_client = utf8 */;
CREATE TABLE `rptledger_redflag` (
  `objid` varchar(50) NOT NULL,
  `parent_objid` varchar(50) NOT NULL,
  `state` varchar(25) NOT NULL,
  `caseno` varchar(25) DEFAULT NULL,
  `dtfiled` datetime DEFAULT NULL,
  `type` varchar(25) NOT NULL,
  `finding` text,
  `remarks` text,
  `blockaction` varchar(25) DEFAULT NULL,
  `filedby_objid` varchar(50) DEFAULT NULL,
  `filedby_name` varchar(255) DEFAULT NULL,
  `filedby_title` varchar(50) DEFAULT NULL,
  `resolvedby_objid` varchar(50) DEFAULT NULL,
  `resolvedby_name` varchar(255) DEFAULT NULL,
  `resolvedby_title` varchar(50) DEFAULT NULL,
  `dtresolved` datetime DEFAULT NULL,
  PRIMARY KEY (`objid`),
  UNIQUE KEY `ux_caseno` (`caseno`),
  KEY `ix_parent_objid` (`parent_objid`),
  KEY `ix_state` (`state`),
  KEY `ix_type` (`type`),
  KEY `ix_filedby_objid` (`filedby_objid`),
  KEY `ix_resolvedby_objid` (`resolvedby_objid`),
  CONSTRAINT `fk_rptledger_redflag_filedby` FOREIGN KEY (`filedby_objid`) REFERENCES `sys_user` (`objid`),
  CONSTRAINT `fk_rptledger_redflag_resolvedby` FOREIGN KEY (`resolvedby_objid`) REFERENCES `sys_user` (`objid`),
  CONSTRAINT `fk_rptledger_redflag_rptledger` FOREIGN KEY (`parent_objid`) REFERENCES `rptledger` (`objid`)
) ENGINE=InnoDB DEFAULT CHARSET=utf8;
/*!40101 SET character_set_client = @saved_cs_client */;

--
-- Dumping data for table `rptledger_redflag`
--

LOCK TABLES `rptledger_redflag` WRITE;
/*!40000 ALTER TABLE `rptledger_redflag` DISABLE KEYS */;
/*!40000 ALTER TABLE `rptledger_redflag` ENABLE KEYS */;
UNLOCK TABLES;

--
-- Table structure for table `rptledger_restriction`
--

DROP TABLE IF EXISTS `rptledger_restriction`;
/*!40101 SET @saved_cs_client     = @@character_set_client */;
/*!40101 SET character_set_client = utf8 */;
CREATE TABLE `rptledger_restriction` (
  `objid` varchar(50) NOT NULL,
  `parentid` varchar(50) NOT NULL,
  `restrictionid` varchar(50) NOT NULL,
  `remarks` varchar(150) DEFAULT NULL,
  PRIMARY KEY (`objid`),
  UNIQUE KEY `ux_rptledger_restriction` (`parentid`,`restrictionid`),
  CONSTRAINT `FK_rptledger_restriction_rptledger` FOREIGN KEY (`parentid`) REFERENCES `rptledger` (`objid`)
) ENGINE=InnoDB DEFAULT CHARSET=utf8;
/*!40101 SET character_set_client = @saved_cs_client */;

--
-- Dumping data for table `rptledger_restriction`
--

LOCK TABLES `rptledger_restriction` WRITE;
/*!40000 ALTER TABLE `rptledger_restriction` DISABLE KEYS */;
/*!40000 ALTER TABLE `rptledger_restriction` ENABLE KEYS */;
UNLOCK TABLES;

--
-- Table structure for table `rptledger_subledger`
--

DROP TABLE IF EXISTS `rptledger_subledger`;
/*!40101 SET @saved_cs_client     = @@character_set_client */;
/*!40101 SET character_set_client = utf8 */;
CREATE TABLE `rptledger_subledger` (
  `objid` varchar(50) NOT NULL DEFAULT '',
  `parent_objid` varchar(50) NOT NULL DEFAULT '',
  `subacctno` varchar(10) NOT NULL DEFAULT '',
  PRIMARY KEY (`objid`),
  UNIQUE KEY `ux_parentid_subacctno` (`parent_objid`,`subacctno`),
  CONSTRAINT `FK_rptledger_subledger_rptldger` FOREIGN KEY (`parent_objid`) REFERENCES `rptledger` (`objid`)
) ENGINE=InnoDB DEFAULT CHARSET=utf8;
/*!40101 SET character_set_client = @saved_cs_client */;

--
-- Dumping data for table `rptledger_subledger`
--

LOCK TABLES `rptledger_subledger` WRITE;
/*!40000 ALTER TABLE `rptledger_subledger` DISABLE KEYS */;
/*!40000 ALTER TABLE `rptledger_subledger` ENABLE KEYS */;
UNLOCK TABLES;

--
-- Table structure for table `rptledger_tag`
--

DROP TABLE IF EXISTS `rptledger_tag`;
/*!40101 SET @saved_cs_client     = @@character_set_client */;
/*!40101 SET character_set_client = utf8 */;
CREATE TABLE `rptledger_tag` (
  `objid` varchar(50) NOT NULL,
  `parent_objid` varchar(50) NOT NULL,
  `tag` varchar(255) NOT NULL,
  PRIMARY KEY (`objid`),
  UNIQUE KEY `ux_rptledger_tag` (`parent_objid`,`tag`),
  KEY `FK_rptledgertag_rptledger` (`parent_objid`),
  CONSTRAINT `FK_rptledgertag_rptledger` FOREIGN KEY (`parent_objid`) REFERENCES `rptledger` (`objid`)
) ENGINE=InnoDB DEFAULT CHARSET=utf8;
/*!40101 SET character_set_client = @saved_cs_client */;

--
-- Dumping data for table `rptledger_tag`
--

LOCK TABLES `rptledger_tag` WRITE;
/*!40000 ALTER TABLE `rptledger_tag` DISABLE KEYS */;
/*!40000 ALTER TABLE `rptledger_tag` ENABLE KEYS */;
UNLOCK TABLES;

--
-- Table structure for table `rptledgerfaas`
--

DROP TABLE IF EXISTS `rptledgerfaas`;
/*!40101 SET @saved_cs_client     = @@character_set_client */;
/*!40101 SET character_set_client = utf8 */;
CREATE TABLE `rptledgerfaas` (
  `objid` varchar(50) NOT NULL,
  `state` varchar(25) NOT NULL,
  `rptledgerid` varchar(50) NOT NULL,
  `faasid` varchar(50) DEFAULT NULL,
  `tdno` varchar(60) NOT NULL,
  `txntype_objid` varchar(10) DEFAULT NULL,
  `classification_objid` varchar(50) DEFAULT NULL,
  `actualuse_objid` varchar(50) DEFAULT NULL,
  `taxable` int(11) NOT NULL,
  `backtax` int(11) NOT NULL,
  `fromyear` int(11) NOT NULL,
  `fromqtr` int(11) NOT NULL,
  `toyear` int(11) NOT NULL,
  `toqtr` int(11) NOT NULL,
  `assessedvalue` decimal(16,4) NOT NULL,
  `systemcreated` int(11) NOT NULL,
  `reclassed` int(11) DEFAULT NULL,
  `idleland` int(11) DEFAULT NULL,
  PRIMARY KEY (`objid`),
  KEY `faasid` (`faasid`),
  KEY `ix_rptledgerfaas_rptledgerid_faasid` (`rptledgerid`,`faasid`),
  KEY `ix_rptledgerhistory_ledgerid_toyear` (`rptledgerid`,`toyear`),
  KEY `fk_rptledgerhistory_rptledger` (`rptledgerid`),
  KEY `ix_rptledgerfaas_tdno` (`tdno`),
  CONSTRAINT `rptledgerfaas_ibfk_1` FOREIGN KEY (`faasid`) REFERENCES `faas` (`objid`),
  CONSTRAINT `rptledgerfaas_ibfk_2` FOREIGN KEY (`faasid`) REFERENCES `faas` (`objid`),
  CONSTRAINT `rptledgerfaas_ibfk_3` FOREIGN KEY (`rptledgerid`) REFERENCES `rptledger` (`objid`)
) ENGINE=InnoDB DEFAULT CHARSET=utf8;
/*!40101 SET character_set_client = @saved_cs_client */;

--
-- Dumping data for table `rptledgerfaas`
--

LOCK TABLES `rptledgerfaas` WRITE;
/*!40000 ALTER TABLE `rptledgerfaas` DISABLE KEYS */;
/*!40000 ALTER TABLE `rptledgerfaas` ENABLE KEYS */;
UNLOCK TABLES;

--
-- Table structure for table `rptparameter`
--

DROP TABLE IF EXISTS `rptparameter`;
/*!40101 SET @saved_cs_client     = @@character_set_client */;
/*!40101 SET character_set_client = utf8 */;
CREATE TABLE `rptparameter` (
  `objid` varchar(50) NOT NULL,
  `state` varchar(10) NOT NULL,
  `name` varchar(100) NOT NULL,
  `caption` varchar(100) NOT NULL,
  `description` text,
  `paramtype` varchar(20) NOT NULL,
  `minvalue` decimal(10,4) NOT NULL,
  `maxvalue` decimal(10,4) NOT NULL,
  PRIMARY KEY (`objid`),
  UNIQUE KEY `ux_rptparameter_name` (`name`),
  KEY `ix_rptparameter_caption` (`caption`),
  KEY `ix_rptparameter_state` (`state`)
) ENGINE=InnoDB DEFAULT CHARSET=utf8;
/*!40101 SET character_set_client = @saved_cs_client */;

--
-- Dumping data for table `rptparameter`
--

LOCK TABLES `rptparameter` WRITE;
/*!40000 ALTER TABLE `rptparameter` DISABLE KEYS */;
INSERT INTO `rptparameter` VALUES ('AREA_CU_M','APPROVED','AREA_CU_M','AREA IN CU.M.','','decimal',0.0000,0.0000),('AREA_SQM','APPROVED','AREA_SQM','AREA IN SQM','AREA IN SQUARE METER','decimal',0.0000,0.0000),('DISTANCE_KM','APPROVED','DISTANCE_KM','DISTANCE IN KM','','decimal',0.0000,0.0000),('HEIGHT_METER','APPROVED','HEIGHT_METER','HEIGHT IN METER','','decimal',0.0000,0.0000),('LENGTH_METER','APPROVED','LENGTH_METER','LENGTH IN METER','','decimal',0.0000,0.0000),('LINEAR_METER','APPROVED','LINEAR_METER','LINEAR METER','LINEAR OF METER','decimal',0.0000,0.0000),('MULTI_STOREY_RATE','APPROVED','MULTI_STOREY_RATE','MULTI-STOREY RATE','','decimal',0.0000,0.0000),('NO_OF_PIECES','APPROVED','NO_OF_PIECES','NUMBER OF PIECES','','integer',0.0000,0.0000),('NO_OF_SETS','APPROVED','NO_OF_SETS','NO. OF SETS','','integer',0.0000,0.0000),('NO_OF_UNITS','APPROVED','NO_OF_UNITS','NUMBER OF UNITS','','decimal',0.0000,0.0000),('NO_UNITS','APPROVED','NO_UNITS','NO. OF UNITS','','integer',0.0000,0.0000),('PERCENTAGE_15_20','APPROVED','PERCENTAGE_15_20','PERCENTAGE (15-20)','','range_decimal',0.1500,0.2000),('RATE15_20','APPROVED','RATE15_20','RATE (15-20)','','range_decimal',0.1500,0.2000),('RATE_0_30','APPROVED','RATE_0_30','RATE (0-30)','','range_decimal',0.0000,30.0000),('RATE_15_20','APPROVED','RATE_15_20','RATE (15-20)','','range_integer',15.0000,20.0000),('SWORN_AMOUNT','APPROVED','SWORN_AMOUNT','SWORN AMOUNT','','decimal',0.0000,0.0000),('TOTAL_ADDITIONAL','APPROVED','TOTAL_ADDITIONAL','TOTAL_ADDITIONAL','','decimal',0.0000,0.0000),('TOTAL_ADVANCE','APPROVED','TOTAL_ADVANCE','TOTAL ADVANCE','','decimal',0.0000,0.0000),('TOTAL_AREA','APPROVED','TOTAL_AREA','TOTAL AREA','','decimal',0.0000,0.0000),('TOTAL_AV','APPROVED','TOTAL_AV','TOTAL AV','','decimal',0.0000,0.0000),('TOTAL_BMV','APPROVED','TOTAL_BMV','TOTAL BMV','','decimal',0.0000,0.0000),('TOTAL_CURRENT','APPROVED','TOTAL_CURRENT','TOTAL CURRENT','','decimal',0.0000,0.0000),('TOTAL_MV','APPROVED','TOTAL_MV','TOTAL MV','','decimal',0.0000,0.0000),('TOTAL_PREVIOUS','APPROVED','TOTAL_PREVIOUS','TOTAL PREVIOUS','','decimal',0.0000,0.0000),('TOTAL_VALUE','APPROVED','TOTAL_VALUE','TOTAL VALUE','','decimal',0.0000,0.0000),('UNIT_AMOUNT','APPROVED','UNIT_AMOUNT','UNIT AMOUNT','','decimal',0.0000,0.0000),('UNIT_VALUE','APPROVED','UNIT_VALUE','UNIT VALUE','UNIT VALUE','integer',0.0000,0.0000),('VOLUME_CU_M','APPROVED','VOLUME_CU_M','VOLUME IN CU.M.','','decimal',0.0000,0.0000);
/*!40000 ALTER TABLE `rptparameter` ENABLE KEYS */;
UNLOCK TABLES;

--
-- Table structure for table `rptpayment`
--

DROP TABLE IF EXISTS `rptpayment`;
/*!40101 SET @saved_cs_client     = @@character_set_client */;
/*!40101 SET character_set_client = utf8 */;
CREATE TABLE `rptpayment` (
  `objid` varchar(100) NOT NULL,
  `type` varchar(50) DEFAULT NULL,
  `refid` varchar(50) DEFAULT NULL,
  `reftype` varchar(50) NOT NULL,
  `receiptid` varchar(50) DEFAULT NULL,
  `receiptno` varchar(50) NOT NULL,
  `receiptdate` date NOT NULL,
  `paidby_name` longtext NOT NULL,
  `paidby_address` varchar(150) NOT NULL,
  `postedby` varchar(100) NOT NULL,
  `postedbytitle` varchar(50) NOT NULL,
  `dtposted` datetime NOT NULL,
  `fromyear` int(11) NOT NULL,
  `fromqtr` int(11) NOT NULL,
  `toyear` int(11) NOT NULL,
  `toqtr` int(11) NOT NULL,
  `amount` decimal(12,2) NOT NULL,
  `collectingagency` varchar(50) DEFAULT NULL,
  `voided` int(11) NOT NULL,
  PRIMARY KEY (`objid`),
  KEY `fk_rptpayment_cashreceipt` (`receiptid`),
  KEY `ix_refid` (`refid`),
  KEY `ix_receiptno` (`receiptno`)
) ENGINE=InnoDB DEFAULT CHARSET=utf8;
/*!40101 SET character_set_client = @saved_cs_client */;

--
-- Dumping data for table `rptpayment`
--

LOCK TABLES `rptpayment` WRITE;
/*!40000 ALTER TABLE `rptpayment` DISABLE KEYS */;
/*!40000 ALTER TABLE `rptpayment` ENABLE KEYS */;
UNLOCK TABLES;

--
-- Table structure for table `rptpayment_item`
--

DROP TABLE IF EXISTS `rptpayment_item`;
/*!40101 SET @saved_cs_client     = @@character_set_client */;
/*!40101 SET character_set_client = utf8 */;
CREATE TABLE `rptpayment_item` (
  `objid` varchar(50) NOT NULL,
  `parentid` varchar(100) NOT NULL,
  `rptledgerfaasid` varchar(50) DEFAULT NULL,
  `year` int(11) NOT NULL,
  `qtr` int(11) DEFAULT NULL,
  `revtype` varchar(50) NOT NULL,
  `revperiod` varchar(25) DEFAULT NULL,
  `amount` decimal(16,2) NOT NULL,
  `interest` decimal(16,2) NOT NULL,
  `discount` decimal(16,2) NOT NULL,
  `partialled` int(11) NOT NULL,
  `priority` int(11) NOT NULL,
  PRIMARY KEY (`objid`),
  KEY `fk_rptpayment_item_parentid` (`parentid`),
  KEY `fk_rptpayment_item_rptledgerfaasid` (`rptledgerfaasid`),
  KEY `ix_year` (`year`),
  KEY `ix_revperiod` (`revperiod`),
  KEY `ix_revtype` (`revtype`),
  CONSTRAINT `rptpayment_item_rptledgerfaas` FOREIGN KEY (`rptledgerfaasid`) REFERENCES `rptledgerfaas` (`objid`),
  CONSTRAINT `rptpayment_item_rptpayment` FOREIGN KEY (`parentid`) REFERENCES `rptpayment` (`objid`)
) ENGINE=InnoDB DEFAULT CHARSET=utf8;
/*!40101 SET character_set_client = @saved_cs_client */;

--
-- Dumping data for table `rptpayment_item`
--

LOCK TABLES `rptpayment_item` WRITE;
/*!40000 ALTER TABLE `rptpayment_item` DISABLE KEYS */;
/*!40000 ALTER TABLE `rptpayment_item` ENABLE KEYS */;
UNLOCK TABLES;

--
-- Table structure for table `rptpayment_share`
--

DROP TABLE IF EXISTS `rptpayment_share`;
/*!40101 SET @saved_cs_client     = @@character_set_client */;
/*!40101 SET character_set_client = utf8 */;
CREATE TABLE `rptpayment_share` (
  `objid` varchar(50) NOT NULL,
  `parentid` varchar(100) DEFAULT NULL,
  `revperiod` varchar(25) NOT NULL,
  `revtype` varchar(25) NOT NULL,
  `sharetype` varchar(25) NOT NULL,
  `item_objid` varchar(50) NOT NULL,
  `amount` decimal(16,4) NOT NULL,
  `discount` decimal(16,4) DEFAULT NULL,
  `iscommon` int(11) DEFAULT NULL,
  `year` int(11) DEFAULT NULL,
  PRIMARY KEY (`objid`),
  KEY `fk_rptpayment_share_parentid` (`parentid`),
  KEY `fk_rptpayment_share_item_objid` (`item_objid`),
  KEY `ix_year` (`year`),
  KEY `ix_revperiod` (`revperiod`),
  KEY `ix_revtype` (`revtype`),
  CONSTRAINT `rptpayment_share_itemaccount` FOREIGN KEY (`item_objid`) REFERENCES `itemaccount` (`objid`),
  CONSTRAINT `rptpayment_share_rptpayment` FOREIGN KEY (`parentid`) REFERENCES `rptpayment` (`objid`)
) ENGINE=InnoDB DEFAULT CHARSET=utf8;
/*!40101 SET character_set_client = @saved_cs_client */;

--
-- Dumping data for table `rptpayment_share`
--

LOCK TABLES `rptpayment_share` WRITE;
/*!40000 ALTER TABLE `rptpayment_share` DISABLE KEYS */;
/*!40000 ALTER TABLE `rptpayment_share` ENABLE KEYS */;
UNLOCK TABLES;

--
-- Table structure for table `rptreceipt_capture`
--

DROP TABLE IF EXISTS `rptreceipt_capture`;
/*!40101 SET @saved_cs_client     = @@character_set_client */;
/*!40101 SET character_set_client = utf8 */;
CREATE TABLE `rptreceipt_capture` (
  `objid` varchar(100) NOT NULL,
  `rptledgerid` varchar(50) NOT NULL,
  `receiptno` varchar(50) NOT NULL,
  `receiptdate` date NOT NULL,
  `payorid` varchar(50) DEFAULT NULL,
  `paidby_name` longtext NOT NULL,
  `paidby_address` varchar(150) NOT NULL,
  `collector` varchar(80) NOT NULL,
  `amount` decimal(12,4) NOT NULL,
  `postedby` varchar(100) NOT NULL,
  `postedbytitle` varchar(50) NOT NULL,
  `dtposted` datetime NOT NULL,
  `paidby` varchar(255) NOT NULL,
  `fromyear` int(11) NOT NULL,
  `fromqtr` int(11) NOT NULL,
  `toyear` int(11) NOT NULL,
  `toqtr` int(11) NOT NULL,
  `period` varchar(50) NOT NULL,
  `basic` decimal(12,4) NOT NULL,
  `basicint` decimal(12,4) NOT NULL,
  `basicdisc` decimal(12,4) NOT NULL,
  `sef` decimal(12,4) NOT NULL,
  `sefint` decimal(12,4) NOT NULL,
  `sefdisc` decimal(12,4) NOT NULL,
  `firecode` decimal(12,4) NOT NULL,
  PRIMARY KEY (`objid`),
  KEY `ix_rptreceipt_capture_paidby` (`paidby`),
  KEY `ix_rptreceipt_payorid` (`payorid`),
  KEY `ix_rptreceipt_receiptno` (`receiptno`)
) ENGINE=InnoDB DEFAULT CHARSET=utf8;
/*!40101 SET character_set_client = @saved_cs_client */;

--
-- Dumping data for table `rptreceipt_capture`
--

LOCK TABLES `rptreceipt_capture` WRITE;
/*!40000 ALTER TABLE `rptreceipt_capture` DISABLE KEYS */;
/*!40000 ALTER TABLE `rptreceipt_capture` ENABLE KEYS */;
UNLOCK TABLES;

--
-- Table structure for table `rpttask`
--

DROP TABLE IF EXISTS `rpttask`;
/*!40101 SET @saved_cs_client     = @@character_set_client */;
/*!40101 SET character_set_client = utf8 */;
CREATE TABLE `rpttask` (
  `taskid` varchar(50) NOT NULL,
  `objid` varchar(50) NOT NULL,
  `action` varchar(50) NOT NULL,
  `refno` varchar(50) NOT NULL,
  `filetype` varchar(50) NOT NULL,
  `msg` varchar(100) DEFAULT NULL,
  `startdate` datetime NOT NULL,
  `enddate` datetime DEFAULT NULL,
  `createdby_objid` varchar(50) NOT NULL,
  `createdby_name` varchar(150) NOT NULL,
  `createdby_title` varchar(50) DEFAULT NULL,
  `assignedto_objid` varchar(50) DEFAULT NULL,
  `assignedto_name` varchar(150) DEFAULT NULL,
  `assignedto_title` varchar(50) DEFAULT NULL,
  `workflowid` varchar(50) DEFAULT NULL,
  `signatory` varchar(50) DEFAULT NULL,
  `docname` varchar(50) DEFAULT NULL,
  `status` varchar(100) DEFAULT NULL,
  PRIMARY KEY (`taskid`),
  KEY `ix_rpttask_assignedto_enddate` (`assignedto_objid`,`enddate`),
  KEY `ix_rpttask_assignedto_name` (`assignedto_name`),
  KEY `ix_rpttask_assignedto_objid` (`assignedto_objid`),
  KEY `ix_rpttask_createdby_name` (`createdby_name`),
  KEY `ix_rpttask_createdby_objid` (`createdby_objid`),
  KEY `ix_rpttask_enddate` (`enddate`),
  KEY `ix_rpttask_objid` (`objid`)
) ENGINE=InnoDB DEFAULT CHARSET=utf8;
/*!40101 SET character_set_client = @saved_cs_client */;

--
-- Dumping data for table `rpttask`
--

LOCK TABLES `rpttask` WRITE;
/*!40000 ALTER TABLE `rpttask` DISABLE KEYS */;
/*!40000 ALTER TABLE `rpttask` ENABLE KEYS */;
UNLOCK TABLES;

--
-- Table structure for table `rpttaxclearance`
--

DROP TABLE IF EXISTS `rpttaxclearance`;
/*!40101 SET @saved_cs_client     = @@character_set_client */;
/*!40101 SET character_set_client = utf8 */;
CREATE TABLE `rpttaxclearance` (
  `objid` varchar(50) NOT NULL,
  `year` int(11) NOT NULL,
  `qtr` int(11) NOT NULL,
  `reporttype` varchar(15) DEFAULT NULL,
  PRIMARY KEY (`objid`),
  CONSTRAINT `rpttaxclearance_ibfk_1` FOREIGN KEY (`objid`) REFERENCES `rptcertification` (`objid`)
) ENGINE=InnoDB DEFAULT CHARSET=utf8;
/*!40101 SET character_set_client = @saved_cs_client */;

--
-- Dumping data for table `rpttaxclearance`
--

LOCK TABLES `rpttaxclearance` WRITE;
/*!40000 ALTER TABLE `rpttaxclearance` DISABLE KEYS */;
/*!40000 ALTER TABLE `rpttaxclearance` ENABLE KEYS */;
UNLOCK TABLES;

--
-- Table structure for table `rpttaxcredit`
--

DROP TABLE IF EXISTS `rpttaxcredit`;
/*!40101 SET @saved_cs_client     = @@character_set_client */;
/*!40101 SET character_set_client = utf8 */;
CREATE TABLE `rpttaxcredit` (
  `objid` varchar(50) NOT NULL,
  `state` varchar(25) NOT NULL,
  `type` varchar(25) NOT NULL,
  `txnno` varchar(25) DEFAULT NULL,
  `txndate` datetime DEFAULT NULL,
  `reftype` varchar(25) DEFAULT NULL,
  `refid` varchar(50) DEFAULT NULL,
  `refno` varchar(25) NOT NULL,
  `refdate` date NOT NULL,
  `amount` decimal(16,2) NOT NULL,
  `amtapplied` decimal(16,2) NOT NULL,
  `rptledger_objid` varchar(50) NOT NULL,
  `srcledger_objid` varchar(50) DEFAULT NULL,
  `remarks` varchar(255) DEFAULT NULL,
  `approvedby_objid` varchar(50) DEFAULT NULL,
  `approvedby_name` varchar(150) DEFAULT NULL,
  `approvedby_title` varchar(75) DEFAULT NULL,
  `info` text,
  `discapplied` decimal(16,2) NOT NULL,
  PRIMARY KEY (`objid`),
  UNIQUE KEY `ux_txnno` (`txnno`),
  KEY `ix_state` (`state`),
  KEY `ix_type` (`type`),
  KEY `ix_reftype` (`reftype`),
  KEY `ix_refid` (`refid`),
  KEY `ix_refno` (`refno`),
  KEY `ix_rptledger_objid` (`rptledger_objid`),
  KEY `ix_srcledger_objid` (`srcledger_objid`),
  KEY `fk_rpttaxcredit_sys_user` (`approvedby_objid`),
  CONSTRAINT `fk_rpttaxcredit_rptledger` FOREIGN KEY (`rptledger_objid`) REFERENCES `rptledger` (`objid`),
  CONSTRAINT `fk_rpttaxcredit_srcledger` FOREIGN KEY (`srcledger_objid`) REFERENCES `rptledger` (`objid`),
  CONSTRAINT `fk_rpttaxcredit_sys_user` FOREIGN KEY (`approvedby_objid`) REFERENCES `sys_user` (`objid`)
) ENGINE=InnoDB DEFAULT CHARSET=utf8;
/*!40101 SET character_set_client = @saved_cs_client */;

--
-- Dumping data for table `rpttaxcredit`
--

LOCK TABLES `rpttaxcredit` WRITE;
/*!40000 ALTER TABLE `rpttaxcredit` DISABLE KEYS */;
/*!40000 ALTER TABLE `rpttaxcredit` ENABLE KEYS */;
UNLOCK TABLES;

--
-- Table structure for table `rpttaxincentive`
--

DROP TABLE IF EXISTS `rpttaxincentive`;
/*!40101 SET @saved_cs_client     = @@character_set_client */;
/*!40101 SET character_set_client = utf8 */;
CREATE TABLE `rpttaxincentive` (
  `objid` varchar(50) NOT NULL,
  `state` varchar(25) NOT NULL,
  `txnno` varchar(25) DEFAULT NULL,
  `txndate` date DEFAULT NULL,
  `taxpayer_objid` varchar(50) NOT NULL,
  `taxpayer_name` longtext NOT NULL,
  `taxpayer_address` varchar(100) DEFAULT NULL,
  `name` varchar(100) NOT NULL,
  `remarks` varchar(250) NOT NULL,
  `createdby_objid` varchar(50) NOT NULL,
  `createdby_name` varchar(100) NOT NULL,
  `createdby_title` varchar(50) NOT NULL,
  `createdby_date` datetime NOT NULL,
  PRIMARY KEY (`objid`),
  KEY `ix_rpttaxincentive_name` (`name`),
  KEY `ix_rpttaxincentive_state` (`state`),
  KEY `ix_rpttaxincentive_taxpayerid` (`taxpayer_objid`),
  KEY `ix_rpttaxincentive_txnno` (`txnno`),
  KEY `createdby_objid` (`createdby_objid`),
  CONSTRAINT `rpttaxincentive_ibfk_1` FOREIGN KEY (`taxpayer_objid`) REFERENCES `entity` (`objid`),
  CONSTRAINT `rpttaxincentive_ibfk_2` FOREIGN KEY (`createdby_objid`) REFERENCES `sys_user` (`objid`)
) ENGINE=InnoDB DEFAULT CHARSET=utf8;
/*!40101 SET character_set_client = @saved_cs_client */;

--
-- Dumping data for table `rpttaxincentive`
--

LOCK TABLES `rpttaxincentive` WRITE;
/*!40000 ALTER TABLE `rpttaxincentive` DISABLE KEYS */;
/*!40000 ALTER TABLE `rpttaxincentive` ENABLE KEYS */;
UNLOCK TABLES;

--
-- Table structure for table `rpttaxincentive_item`
--

DROP TABLE IF EXISTS `rpttaxincentive_item`;
/*!40101 SET @saved_cs_client     = @@character_set_client */;
/*!40101 SET character_set_client = utf8 */;
CREATE TABLE `rpttaxincentive_item` (
  `objid` varchar(50) NOT NULL,
  `rpttaxincentiveid` varchar(50) NOT NULL,
  `rptledgerid` varchar(50) NOT NULL,
  `fromyear` int(11) NOT NULL,
  `toyear` int(11) NOT NULL,
  `basicrate` int(11) NOT NULL,
  `sefrate` int(11) NOT NULL,
  PRIMARY KEY (`objid`),
  KEY `ix_rpttaxincentiveitem_rptledgerid` (`rptledgerid`),
  KEY `ix_rpttaxincentiveitem_rpttaxincentiveid` (`rpttaxincentiveid`),
  CONSTRAINT `rpttaxincentive_item_ibfk_1` FOREIGN KEY (`rptledgerid`) REFERENCES `rptledger` (`objid`),
  CONSTRAINT `rpttaxincentive_item_ibfk_2` FOREIGN KEY (`rpttaxincentiveid`) REFERENCES `rpttaxincentive` (`objid`)
) ENGINE=InnoDB DEFAULT CHARSET=utf8;
/*!40101 SET character_set_client = @saved_cs_client */;

--
-- Dumping data for table `rpttaxincentive_item`
--

LOCK TABLES `rpttaxincentive_item` WRITE;
/*!40000 ALTER TABLE `rpttaxincentive_item` DISABLE KEYS */;
/*!40000 ALTER TABLE `rpttaxincentive_item` ENABLE KEYS */;
UNLOCK TABLES;

--
-- Table structure for table `rpttracking`
--

DROP TABLE IF EXISTS `rpttracking`;
/*!40101 SET @saved_cs_client     = @@character_set_client */;
/*!40101 SET character_set_client = utf8 */;
CREATE TABLE `rpttracking` (
  `objid` varchar(50) NOT NULL,
  `filetype` varchar(50) NOT NULL,
  `trackingno` varchar(25) NOT NULL,
  `msg` varchar(150) DEFAULT NULL,
  PRIMARY KEY (`objid`)
) ENGINE=InnoDB DEFAULT CHARSET=utf8;
/*!40101 SET character_set_client = @saved_cs_client */;

--
-- Dumping data for table `rpttracking`
--

LOCK TABLES `rpttracking` WRITE;
/*!40000 ALTER TABLE `rpttracking` DISABLE KEYS */;
/*!40000 ALTER TABLE `rpttracking` ENABLE KEYS */;
UNLOCK TABLES;

--
-- Table structure for table `rpttransmittal`
--

DROP TABLE IF EXISTS `rpttransmittal`;
/*!40101 SET @saved_cs_client     = @@character_set_client */;
/*!40101 SET character_set_client = utf8 */;
CREATE TABLE `rpttransmittal` (
  `objid` varchar(50) NOT NULL,
  `state` varchar(50) NOT NULL,
  `type` varchar(15) NOT NULL,
  `filetype` varchar(50) NOT NULL,
  `txnno` varchar(15) NOT NULL,
  `txndate` datetime NOT NULL,
  `lgu_objid` varchar(50) NOT NULL,
  `lgu_name` varchar(50) NOT NULL,
  `lgu_type` varchar(50) NOT NULL,
  `tolgu_objid` varchar(50) NOT NULL,
  `tolgu_name` varchar(50) NOT NULL,
  `tolgu_type` varchar(50) NOT NULL,
  `createdby_objid` varchar(50) NOT NULL,
  `createdby_name` varchar(100) NOT NULL,
  `createdby_title` varchar(50) NOT NULL,
  `remarks` varchar(500) DEFAULT NULL,
  PRIMARY KEY (`objid`),
  UNIQUE KEY `ux_txnno` (`txnno`),
  KEY `ix_state` (`state`),
  KEY `ix_createdby_name` (`createdby_name`),
  KEY `ix_lguname` (`lgu_name`)
) ENGINE=InnoDB DEFAULT CHARSET=utf8;
/*!40101 SET character_set_client = @saved_cs_client */;

--
-- Dumping data for table `rpttransmittal`
--

LOCK TABLES `rpttransmittal` WRITE;
/*!40000 ALTER TABLE `rpttransmittal` DISABLE KEYS */;
/*!40000 ALTER TABLE `rpttransmittal` ENABLE KEYS */;
UNLOCK TABLES;

--
-- Table structure for table `rpttransmittal_item`
--

DROP TABLE IF EXISTS `rpttransmittal_item`;
/*!40101 SET @saved_cs_client     = @@character_set_client */;
/*!40101 SET character_set_client = utf8 */;
CREATE TABLE `rpttransmittal_item` (
  `objid` varchar(50) NOT NULL,
  `parentid` varchar(50) NOT NULL,
  `state` varchar(50) NOT NULL,
  `filetype` varchar(50) NOT NULL,
  `refid` varchar(50) NOT NULL,
  `refno` varchar(150) NOT NULL,
  `message` varchar(350) DEFAULT NULL,
  `remarks` varchar(350) DEFAULT NULL,
  `status` varchar(50) DEFAULT NULL,
  `disapprovedby_name` varchar(150) DEFAULT NULL,
  PRIMARY KEY (`objid`),
  UNIQUE KEY `ux_parentid_refid` (`parentid`,`refid`),
  KEY `ix_refid` (`refid`),
  KEY `FK_rpttransmittal_item_rpttransmittal` (`parentid`),
  CONSTRAINT `FK_rpttransmittal_item_rpttransmittal` FOREIGN KEY (`parentid`) REFERENCES `rpttransmittal` (`objid`)
) ENGINE=InnoDB DEFAULT CHARSET=utf8;
/*!40101 SET character_set_client = @saved_cs_client */;

--
-- Dumping data for table `rpttransmittal_item`
--

LOCK TABLES `rpttransmittal_item` WRITE;
/*!40000 ALTER TABLE `rpttransmittal_item` DISABLE KEYS */;
/*!40000 ALTER TABLE `rpttransmittal_item` ENABLE KEYS */;
UNLOCK TABLES;

--
-- Table structure for table `rptvariable`
--

DROP TABLE IF EXISTS `rptvariable`;
/*!40101 SET @saved_cs_client     = @@character_set_client */;
/*!40101 SET character_set_client = utf8 */;
CREATE TABLE `rptvariable` (
  `objid` varchar(50) NOT NULL,
  PRIMARY KEY (`objid`)
) ENGINE=InnoDB DEFAULT CHARSET=utf8 ROW_FORMAT=COMPACT;
/*!40101 SET character_set_client = @saved_cs_client */;

--
-- Dumping data for table `rptvariable`
--

LOCK TABLES `rptvariable` WRITE;
/*!40000 ALTER TABLE `rptvariable` DISABLE KEYS */;
/*!40000 ALTER TABLE `rptvariable` ENABLE KEYS */;
UNLOCK TABLES;

--
-- Table structure for table `rpu`
--

DROP TABLE IF EXISTS `rpu`;
/*!40101 SET @saved_cs_client     = @@character_set_client */;
/*!40101 SET character_set_client = utf8 */;
CREATE TABLE `rpu` (
  `objid` varchar(50) NOT NULL,
  `state` varchar(25) NOT NULL,
  `realpropertyid` varchar(50) DEFAULT NULL,
  `rputype` varchar(10) NOT NULL,
  `ry` int(11) NOT NULL,
  `fullpin` varchar(30) DEFAULT NULL,
  `suffix` int(11) NOT NULL,
  `subsuffix` int(11) DEFAULT NULL,
  `classification_objid` varchar(50) DEFAULT NULL,
  `exemptiontype_objid` varchar(50) DEFAULT NULL,
  `taxable` int(11) NOT NULL,
  `totalareaha` decimal(18,6) NOT NULL,
  `totalareasqm` decimal(18,6) NOT NULL,
  `totalbmv` decimal(16,2) NOT NULL,
  `totalmv` decimal(16,2) NOT NULL,
  `totalav` decimal(16,2) NOT NULL,
  `hasswornamount` int(11) NOT NULL,
  `swornamount` decimal(16,2) NOT NULL,
  `useswornamount` int(11) NOT NULL,
  `previd` varchar(50) DEFAULT NULL,
  `rpumasterid` varchar(50) DEFAULT NULL,
  `reclassed` int(11) DEFAULT NULL,
  `isonline` int(11) DEFAULT NULL,
  `stewardparentrpumasterid` varchar(50) DEFAULT NULL,
  PRIMARY KEY (`objid`),
  KEY `exemptiontype_objid` (`exemptiontype_objid`),
  KEY `rpumasterid` (`rpumasterid`),
  KEY `FK_rpu_realpropertyid` (`realpropertyid`),
  KEY `ix_classification_objid` (`classification_objid`),
  KEY `ix_previd` (`previd`),
  KEY `ix_rpu_fullpin` (`fullpin`),
  KEY `ix_rpu_ry_fullpin` (`fullpin`,`ry`),
  KEY `ix_rpu_ry_state` (`state`),
  KEY `ix_rpu_state` (`state`),
  KEY `ix_rpy_ry` (`ry`),
  CONSTRAINT `rpu_ibfk_1` FOREIGN KEY (`exemptiontype_objid`) REFERENCES `exemptiontype` (`objid`),
  CONSTRAINT `rpu_ibfk_2` FOREIGN KEY (`classification_objid`) REFERENCES `propertyclassification` (`objid`),
  CONSTRAINT `rpu_ibfk_4` FOREIGN KEY (`rpumasterid`) REFERENCES `rpumaster` (`objid`)
) ENGINE=InnoDB DEFAULT CHARSET=utf8;
/*!40101 SET character_set_client = @saved_cs_client */;

--
-- Dumping data for table `rpu`
--

LOCK TABLES `rpu` WRITE;
/*!40000 ALTER TABLE `rpu` DISABLE KEYS */;
/*!40000 ALTER TABLE `rpu` ENABLE KEYS */;
UNLOCK TABLES;

--
-- Table structure for table `rpu_assessment`
--

DROP TABLE IF EXISTS `rpu_assessment`;
/*!40101 SET @saved_cs_client     = @@character_set_client */;
/*!40101 SET character_set_client = utf8 */;
CREATE TABLE `rpu_assessment` (
  `objid` varchar(50) NOT NULL,
  `rpuid` varchar(50) NOT NULL,
  `classification_objid` varchar(50) DEFAULT NULL,
  `actualuse_objid` varchar(50) DEFAULT NULL,
  `areasqm` decimal(16,2) NOT NULL,
  `areaha` decimal(16,6) NOT NULL,
  `marketvalue` decimal(16,2) NOT NULL,
  `assesslevel` decimal(16,2) NOT NULL,
  `assessedvalue` decimal(16,2) NOT NULL,
  `rputype` varchar(25) DEFAULT NULL,
  `taxable` int(11) DEFAULT NULL,
  PRIMARY KEY (`objid`),
  KEY `FK_rpuassessmetn_rpu` (`rpuid`),
  CONSTRAINT `FK_rpuassessmetn_rpu` FOREIGN KEY (`rpuid`) REFERENCES `rpu` (`objid`)
) ENGINE=InnoDB DEFAULT CHARSET=utf8;
/*!40101 SET character_set_client = @saved_cs_client */;

--
-- Dumping data for table `rpu_assessment`
--

LOCK TABLES `rpu_assessment` WRITE;
/*!40000 ALTER TABLE `rpu_assessment` DISABLE KEYS */;
/*!40000 ALTER TABLE `rpu_assessment` ENABLE KEYS */;
UNLOCK TABLES;

--
-- Table structure for table `rpu_type_suffix`
--

DROP TABLE IF EXISTS `rpu_type_suffix`;
/*!40101 SET @saved_cs_client     = @@character_set_client */;
/*!40101 SET character_set_client = utf8 */;
CREATE TABLE `rpu_type_suffix` (
  `objid` varchar(50) NOT NULL,
  `rputype` varchar(20) NOT NULL,
  `from` int(11) NOT NULL,
  `to` int(11) NOT NULL,
  PRIMARY KEY (`objid`)
) ENGINE=InnoDB DEFAULT CHARSET=utf8;
/*!40101 SET character_set_client = @saved_cs_client */;

--
-- Dumping data for table `rpu_type_suffix`
--

LOCK TABLES `rpu_type_suffix` WRITE;
/*!40000 ALTER TABLE `rpu_type_suffix` DISABLE KEYS */;
INSERT INTO `rpu_type_suffix` VALUES ('BLDG-1001-1999','bldg',1001,1999),('LAND','land',0,0),('MACH-2001-2999','mach',2001,2999),('MISC-7001-7999','misc',7001,7999),('PLANTTREE-3001-6999','planttree',3001,6999);
/*!40000 ALTER TABLE `rpu_type_suffix` ENABLE KEYS */;
UNLOCK TABLES;

--
-- Table structure for table `rpumaster`
--

DROP TABLE IF EXISTS `rpumaster`;
/*!40101 SET @saved_cs_client     = @@character_set_client */;
/*!40101 SET character_set_client = utf8 */;
CREATE TABLE `rpumaster` (
  `objid` varchar(50) NOT NULL,
  `currentfaasid` varchar(50) DEFAULT NULL,
  `currentrpuid` varchar(50) DEFAULT NULL,
  PRIMARY KEY (`objid`)
) ENGINE=InnoDB DEFAULT CHARSET=utf8;
/*!40101 SET character_set_client = @saved_cs_client */;

--
-- Dumping data for table `rpumaster`
--

LOCK TABLES `rpumaster` WRITE;
/*!40000 ALTER TABLE `rpumaster` DISABLE KEYS */;
/*!40000 ALTER TABLE `rpumaster` ENABLE KEYS */;
UNLOCK TABLES;

--
-- Table structure for table `rysetting_lgu`
--

DROP TABLE IF EXISTS `rysetting_lgu`;
/*!40101 SET @saved_cs_client     = @@character_set_client */;
/*!40101 SET character_set_client = utf8 */;
CREATE TABLE `rysetting_lgu` (
  `objid` varchar(50) NOT NULL DEFAULT '',
  `rysettingid` varchar(50) NOT NULL DEFAULT '',
  `lguid` varchar(50) NOT NULL DEFAULT '',
  `settingtype` varchar(15) NOT NULL DEFAULT '',
  `barangayid` varchar(50) DEFAULT NULL,
  `lguname` varchar(50) DEFAULT NULL,
  PRIMARY KEY (`objid`),
  UNIQUE KEY `ux_rysettinglgu` (`rysettingid`,`lguid`,`barangayid`)
) ENGINE=InnoDB DEFAULT CHARSET=utf8;
/*!40101 SET character_set_client = @saved_cs_client */;

--
-- Dumping data for table `rysetting_lgu`
--

LOCK TABLES `rysetting_lgu` WRITE;
/*!40000 ALTER TABLE `rysetting_lgu` DISABLE KEYS */;
/*!40000 ALTER TABLE `rysetting_lgu` ENABLE KEYS */;
UNLOCK TABLES;

--
-- Table structure for table `rysettinginfo`
--

DROP TABLE IF EXISTS `rysettinginfo`;
/*!40101 SET @saved_cs_client     = @@character_set_client */;
/*!40101 SET character_set_client = utf8 */;
CREATE TABLE `rysettinginfo` (
  `ry` int(11) NOT NULL,
  `ordinanceno` varchar(50) DEFAULT NULL,
  `ordinancedate` datetime DEFAULT NULL,
  `sangguniangname` varchar(50) DEFAULT NULL,
  PRIMARY KEY (`ry`)
) ENGINE=InnoDB DEFAULT CHARSET=utf8;
/*!40101 SET character_set_client = @saved_cs_client */;

--
-- Dumping data for table `rysettinginfo`
--

LOCK TABLES `rysettinginfo` WRITE;
/*!40000 ALTER TABLE `rysettinginfo` DISABLE KEYS */;
/*!40000 ALTER TABLE `rysettinginfo` ENABLE KEYS */;
UNLOCK TABLES;

--
-- Table structure for table `signatory`
--

DROP TABLE IF EXISTS `signatory`;
/*!40101 SET @saved_cs_client     = @@character_set_client */;
/*!40101 SET character_set_client = utf8 */;
CREATE TABLE `signatory` (
  `objid` varchar(50) NOT NULL,
  `state` varchar(10) NOT NULL,
  `doctype` varchar(50) NOT NULL,
  `indexno` int(11) NOT NULL,
  `lastname` varchar(50) NOT NULL,
  `firstname` varchar(50) NOT NULL,
  `middlename` varchar(50) DEFAULT NULL,
  `name` varchar(150) DEFAULT NULL,
  `title` varchar(50) NOT NULL,
  `department` varchar(50) DEFAULT NULL,
  `personnelid` varchar(50) DEFAULT NULL,
  PRIMARY KEY (`objid`),
  KEY `ix_signatory_doctype` (`doctype`)
) ENGINE=InnoDB DEFAULT CHARSET=utf8;
/*!40101 SET character_set_client = @saved_cs_client */;

--
-- Dumping data for table `signatory`
--

LOCK TABLES `signatory` WRITE;
/*!40000 ALTER TABLE `signatory` DISABLE KEYS */;
/*!40000 ALTER TABLE `signatory` ENABLE KEYS */;
UNLOCK TABLES;

--
-- Table structure for table `sms_rpt_registration`
--

DROP TABLE IF EXISTS `sms_rpt_registration`;
/*!40101 SET @saved_cs_client     = @@character_set_client */;
/*!40101 SET character_set_client = utf8 */;
CREATE TABLE `sms_rpt_registration` (
  `mobileno` varchar(25) NOT NULL,
  `rptledgerid` varchar(50) NOT NULL,
  `dtregistered` datetime NOT NULL,
  PRIMARY KEY (`mobileno`,`rptledgerid`),
  KEY `ix_smsrptreg_rptledgerid` (`rptledgerid`)
) ENGINE=InnoDB DEFAULT CHARSET=utf8;
/*!40101 SET character_set_client = @saved_cs_client */;

--
-- Dumping data for table `sms_rpt_registration`
--

LOCK TABLES `sms_rpt_registration` WRITE;
/*!40000 ALTER TABLE `sms_rpt_registration` DISABLE KEYS */;
/*!40000 ALTER TABLE `sms_rpt_registration` ENABLE KEYS */;
UNLOCK TABLES;

--
-- Table structure for table `specialaccountsetting`
--

DROP TABLE IF EXISTS `specialaccountsetting`;
/*!40101 SET @saved_cs_client     = @@character_set_client */;
/*!40101 SET character_set_client = utf8 */;
CREATE TABLE `specialaccountsetting` (
  `objid` varchar(50) NOT NULL,
  `item_objid` varchar(50) NOT NULL,
  `amount` decimal(16,2) NOT NULL,
  `collectiontypeid` varchar(50) NOT NULL,
  `revtype` varchar(100) DEFAULT NULL,
  PRIMARY KEY (`objid`),
  KEY `collectiontypeid` (`collectiontypeid`),
  CONSTRAINT `specialaccountsetting_ibfk_1` FOREIGN KEY (`collectiontypeid`) REFERENCES `collectiontype` (`objid`)
) ENGINE=InnoDB DEFAULT CHARSET=utf8;
/*!40101 SET character_set_client = @saved_cs_client */;

--
-- Dumping data for table `specialaccountsetting`
--

LOCK TABLES `specialaccountsetting` WRITE;
/*!40000 ALTER TABLE `specialaccountsetting` DISABLE KEYS */;
/*!40000 ALTER TABLE `specialaccountsetting` ENABLE KEYS */;
UNLOCK TABLES;

--
-- Table structure for table `sre_revenue_mapping`
--

DROP TABLE IF EXISTS `sre_revenue_mapping`;
/*!40101 SET @saved_cs_client     = @@character_set_client */;
/*!40101 SET character_set_client = utf8 */;
CREATE TABLE `sre_revenue_mapping` (
  `objid` varchar(50) NOT NULL,
  `version` varchar(10) DEFAULT NULL,
  `revenueitemid` varchar(50) NOT NULL,
  `acctid` varchar(50) NOT NULL,
  PRIMARY KEY (`objid`)
) ENGINE=InnoDB DEFAULT CHARSET=utf8;
/*!40101 SET character_set_client = @saved_cs_client */;

--
-- Dumping data for table `sre_revenue_mapping`
--

LOCK TABLES `sre_revenue_mapping` WRITE;
/*!40000 ALTER TABLE `sre_revenue_mapping` DISABLE KEYS */;
/*!40000 ALTER TABLE `sre_revenue_mapping` ENABLE KEYS */;
UNLOCK TABLES;

--
-- Table structure for table `sreaccount`
--

DROP TABLE IF EXISTS `sreaccount`;
/*!40101 SET @saved_cs_client     = @@character_set_client */;
/*!40101 SET character_set_client = utf8 */;
CREATE TABLE `sreaccount` (
  `objid` varchar(50) NOT NULL,
  `parentid` varchar(50) DEFAULT NULL,
  `state` varchar(10) DEFAULT NULL,
  `chartid` varchar(50) DEFAULT NULL,
  `code` varchar(50) DEFAULT NULL,
  `title` varchar(255) DEFAULT NULL,
  `type` varchar(20) DEFAULT NULL,
  `acctgroup` varchar(50) DEFAULT NULL,
  PRIMARY KEY (`objid`)
) ENGINE=InnoDB DEFAULT CHARSET=utf8;
/*!40101 SET character_set_client = @saved_cs_client */;

--
-- Dumping data for table `sreaccount`
--

LOCK TABLES `sreaccount` WRITE;
/*!40000 ALTER TABLE `sreaccount` DISABLE KEYS */;
/*!40000 ALTER TABLE `sreaccount` ENABLE KEYS */;
UNLOCK TABLES;

--
-- Table structure for table `sreaccount_incometarget`
--

DROP TABLE IF EXISTS `sreaccount_incometarget`;
/*!40101 SET @saved_cs_client     = @@character_set_client */;
/*!40101 SET character_set_client = utf8 */;
CREATE TABLE `sreaccount_incometarget` (
  `objid` varchar(50) NOT NULL,
  `year` int(11) NOT NULL,
  `target` decimal(18,2) DEFAULT NULL,
  PRIMARY KEY (`objid`,`year`),
  CONSTRAINT `sreaccount_incometarget_ibfk_1` FOREIGN KEY (`objid`) REFERENCES `sreaccount` (`objid`)
) ENGINE=InnoDB DEFAULT CHARSET=utf8;
/*!40101 SET character_set_client = @saved_cs_client */;

--
-- Dumping data for table `sreaccount_incometarget`
--

LOCK TABLES `sreaccount_incometarget` WRITE;
/*!40000 ALTER TABLE `sreaccount_incometarget` DISABLE KEYS */;
/*!40000 ALTER TABLE `sreaccount_incometarget` ENABLE KEYS */;
UNLOCK TABLES;

--
-- Table structure for table `structure`
--

DROP TABLE IF EXISTS `structure`;
/*!40101 SET @saved_cs_client     = @@character_set_client */;
/*!40101 SET character_set_client = utf8 */;
CREATE TABLE `structure` (
  `objid` varchar(50) NOT NULL,
  `state` varchar(10) NOT NULL,
  `code` varchar(20) NOT NULL,
  `name` varchar(100) NOT NULL,
  `indexno` int(11) NOT NULL,
  `showinfaas` int(11) NOT NULL,
  PRIMARY KEY (`objid`),
  UNIQUE KEY `ux_structure_code` (`code`),
  UNIQUE KEY `ux_structure_name` (`name`),
  KEY `ix_structure_state` (`state`)
) ENGINE=InnoDB DEFAULT CHARSET=utf8;
/*!40101 SET character_set_client = @saved_cs_client */;

--
-- Dumping data for table `structure`
--

LOCK TABLES `structure` WRITE;
/*!40000 ALTER TABLE `structure` DISABLE KEYS */;
INSERT INTO `structure` VALUES ('BM','APPROVED','BM','BEAMS',6,0),('CE','APPROVED','CE','CEILING',10,0),('CL','APPROVED','CL','COLUMNS',4,0),('DR','APPROVED','DR','DOOR',9,0),('EC','APPROVED','EC','ELECTRICAL CONDUIT',13,0),('EW','APPROVED','EW','EXTERIOR WALL',8,0),('FD','APPROVED','FD','FOUNDATION',5,0),('FL','APPROVED','FL','FLOORING',2,1),('PS','APPROVED','PS','PLUMBING AND SEWERS',15,0),('RF','APPROVED','RF','ROOF',1,1),('RM','APPROVED','RM','ROOF FRAMING',7,0),('ST','APPROVED','ST','STAIRS',12,0),('TB','APPROVED','TB','TOILET AND BATH',14,0),('WD','APPROVED','WD','WINDOWS',11,0),('WL','APPROVED','WL','WALLS AND PARTITIONS',3,1);
/*!40000 ALTER TABLE `structure` ENABLE KEYS */;
UNLOCK TABLES;

--
-- Table structure for table `structurematerial`
--

DROP TABLE IF EXISTS `structurematerial`;
/*!40101 SET @saved_cs_client     = @@character_set_client */;
/*!40101 SET character_set_client = utf8 */;
CREATE TABLE `structurematerial` (
  `structure_objid` varchar(50) NOT NULL,
  `material_objid` varchar(50) NOT NULL,
  `display` int(11) DEFAULT NULL,
  `idx` int(11) DEFAULT NULL,
  PRIMARY KEY (`structure_objid`,`material_objid`),
  KEY `FK_structurematerial_material` (`material_objid`),
  CONSTRAINT `structurematerial_ibfk_1` FOREIGN KEY (`material_objid`) REFERENCES `material` (`objid`),
  CONSTRAINT `structurematerial_ibfk_2` FOREIGN KEY (`structure_objid`) REFERENCES `structure` (`objid`)
) ENGINE=InnoDB DEFAULT CHARSET=utf8;
/*!40101 SET character_set_client = @saved_cs_client */;

--
-- Dumping data for table `structurematerial`
--

LOCK TABLES `structurematerial` WRITE;
/*!40000 ALTER TABLE `structurematerial` DISABLE KEYS */;
INSERT INTO `structurematerial` VALUES ('BM','RECO',0,1),('BM','STEL',0,3),('BM','WOOD',0,2),('CE','ASBE',0,3),('CE','DRFX',0,4),('CE','GYPS',0,6),('CE','HRDF',0,0),('CE','LAWA',0,2),('CE','PVCL',0,5),('CE','WOOD',0,1),('CL','RECO',0,2),('CL','STEL',0,1),('CL','WOOD',0,3),('DR','ALUM',0,2),('DR','BAMB',0,8),('DR','GLAS',0,4),('DR','GRLS',0,5),('DR','PLDR',0,6),('DR','PLYW',0,7),('DR','PVCL',0,11),('DR','SLGL',0,10),('DR','STEL',0,1),('DR','WOOD',0,3),('DR','WOPA',0,9),('EC','BXWR',0,5),('EC','MTMD',0,2),('EC','OPWR',0,4),('EC','PVCC',0,1),('EC','WDMD',0,3),('EW','BAMB',0,7),('EW','BUAW',0,6),('EW','COHB',0,4),('EW','GISH',0,3),('EW','PLCO',0,1),('EW','PLYW',0,0),('EW','RECO',0,5),('EW','SAWA',0,8),('EW','WOOD',0,2),('FD','PLCO',0,2),('FD','RECO',0,1),('FD','STEL',0,3),('FL','BAMB',0,0),('FL','CDEC',0,0),('FL','GISH',0,0),('FL','MARB',1,3),('FL','PLCE',1,2),('FL','PLYW',0,0),('FL','RECO',1,1),('FL','SOIL',0,0),('FL','TILE',1,5),('FL','WOOD',1,4),('PS','ASPP',0,4),('PS','COPP',0,3),('PS','PVCP',0,2),('PS','STPP',0,1),('RF','ALUM',1,3),('RF','AMAK',0,0),('RF','ANAH',1,7),('RF','ASBE',1,4),('RF','BAMB',0,0),('RF','CDEC',1,6),('RF','COGO',0,0),('RF','GISH',1,3),('RF','LSPA',1,5),('RF','NIPA',0,0),('RF','PLYW',0,0),('RF','RECO',1,1),('RF','SPLI',0,0),('RF','TILE',1,2),('RF','WOOD',0,0),('RM','STEL',0,1),('RM','WOOD',0,2),('ST','RECO',0,2),('ST','STEL',0,1),('ST','WOOD',0,3),('TB','MARB',0,2),('TB','PLCE',0,3),('TB','TILE',0,1),('WD','ALUM',0,2),('WD','FRWD',0,7),('WD','GLAS',0,4),('WD','GLJA',0,9),('WD','GRLS',0,5),('WD','SLGL',0,6),('WD','STEL',0,1),('WD','WBAM',0,8),('WD','WOJA',0,10),('WD','WOOD',0,3),('WL','AMAK',0,0),('WL','BAMB',1,6),('WL','BUAW',1,6),('WL','COHB',1,4),('WL','CPLA',0,0),('WL','CPLY',0,0),('WL','CYCL',0,0),('WL','GISH',1,5),('WL','GLAS',0,0),('WL','HRDF',0,0),('WL','OPEN',0,0),('WL','PLCE',1,2),('WL','PLYW',0,0),('WL','PVCL',0,0),('WL','RECO',1,1),('WL','RTGS',0,0),('WL','SAWA',1,7),('WL','SPLI',0,0),('WL','WBAM',0,0),('WL','WOOD',1,3),('WL','WOPN',0,0);
/*!40000 ALTER TABLE `structurematerial` ENABLE KEYS */;
UNLOCK TABLES;

--
-- Table structure for table `subcollector_remittance`
--

DROP TABLE IF EXISTS `subcollector_remittance`;
/*!40101 SET @saved_cs_client     = @@character_set_client */;
/*!40101 SET character_set_client = utf8 */;
CREATE TABLE `subcollector_remittance` (
  `objid` varchar(50) NOT NULL,
  `state` varchar(20) NOT NULL,
  `txnno` varchar(20) NOT NULL,
  `dtposted` datetime NOT NULL,
  `collector_objid` varchar(50) NOT NULL,
  `collector_name` varchar(100) NOT NULL,
  `collector_title` varchar(30) NOT NULL,
  `subcollector_objid` varchar(50) NOT NULL,
  `subcollector_name` varchar(100) NOT NULL,
  `subcollector_title` varchar(50) DEFAULT NULL,
  `amount` decimal(18,2) NOT NULL,
  `totalcash` decimal(12,2) DEFAULT NULL,
  `totalnoncash` decimal(12,2) DEFAULT NULL,
  `cashbreakdown` text,
  `collectionsummaries` longtext,
  PRIMARY KEY (`objid`)
) ENGINE=InnoDB DEFAULT CHARSET=utf8;
/*!40101 SET character_set_client = @saved_cs_client */;

--
-- Dumping data for table `subcollector_remittance`
--

LOCK TABLES `subcollector_remittance` WRITE;
/*!40000 ALTER TABLE `subcollector_remittance` DISABLE KEYS */;
/*!40000 ALTER TABLE `subcollector_remittance` ENABLE KEYS */;
UNLOCK TABLES;

--
-- Table structure for table `subcollector_remittance_cashreceipt`
--

DROP TABLE IF EXISTS `subcollector_remittance_cashreceipt`;
/*!40101 SET @saved_cs_client     = @@character_set_client */;
/*!40101 SET character_set_client = utf8 */;
CREATE TABLE `subcollector_remittance_cashreceipt` (
  `objid` varchar(50) NOT NULL,
  `remittanceid` varchar(50) NOT NULL,
  PRIMARY KEY (`objid`),
  KEY `FK_subcollector_remittance_cashreceipt_remittance` (`remittanceid`),
  CONSTRAINT `subcollector_remittance_cashreceipt_ibfk_1` FOREIGN KEY (`objid`) REFERENCES `cashreceipt` (`objid`),
  CONSTRAINT `subcollector_remittance_cashreceipt_ibfk_2` FOREIGN KEY (`remittanceid`) REFERENCES `subcollector_remittance` (`objid`)
) ENGINE=InnoDB DEFAULT CHARSET=utf8;
/*!40101 SET character_set_client = @saved_cs_client */;

--
-- Dumping data for table `subcollector_remittance_cashreceipt`
--

LOCK TABLES `subcollector_remittance_cashreceipt` WRITE;
/*!40000 ALTER TABLE `subcollector_remittance_cashreceipt` DISABLE KEYS */;
/*!40000 ALTER TABLE `subcollector_remittance_cashreceipt` ENABLE KEYS */;
UNLOCK TABLES;

--
-- Table structure for table `subdividedland`
--

DROP TABLE IF EXISTS `subdividedland`;
/*!40101 SET @saved_cs_client     = @@character_set_client */;
/*!40101 SET character_set_client = utf8 */;
CREATE TABLE `subdividedland` (
  `objid` varchar(50) NOT NULL,
  `subdivisionid` varchar(50) NOT NULL,
  `itemno` varchar(10) DEFAULT NULL,
  `newtdno` varchar(50) DEFAULT NULL,
  `newutdno` varchar(50) DEFAULT NULL,
  `newpin` varchar(25) NOT NULL,
  `newtitletype` varchar(50) DEFAULT NULL,
  `newtitleno` varchar(50) DEFAULT NULL,
  `newtitledate` varchar(50) DEFAULT NULL,
  `areasqm` decimal(16,6) DEFAULT NULL,
  `areaha` decimal(16,6) DEFAULT NULL,
  `memoranda` varchar(500) DEFAULT NULL,
  `administrator_objid` varchar(50) DEFAULT NULL,
  `administrator_name` varchar(200) DEFAULT NULL,
  `administrator_address` varchar(200) DEFAULT NULL,
  `taxpayer_objid` varchar(50) DEFAULT NULL,
  `taxpayer_name` varchar(200) DEFAULT NULL,
  `taxpayer_address` varchar(200) DEFAULT NULL,
  `owner_name` varchar(200) DEFAULT NULL,
  `owner_address` varchar(200) DEFAULT NULL,
  `newrpid` varchar(50) NOT NULL,
  `newrpuid` varchar(50) DEFAULT NULL,
  `newfaasid` varchar(50) DEFAULT NULL,
  PRIMARY KEY (`objid`),
  UNIQUE KEY `ux_subdividedland_newpin` (`newpin`),
  UNIQUE KEY `ux_newpin` (`newpin`),
  KEY `FK_subdividedland_faas` (`newfaasid`),
  KEY `FK_subdividedland_newrp` (`newrpid`),
  KEY `FK_subdividedland_newrpu` (`newrpuid`),
  KEY `FK_subdividedland_subdivision` (`subdivisionid`),
  KEY `ix_subdividedland_administrator_name` (`administrator_name`),
  KEY `ix_subdividedland_newtdno` (`newtdno`),
  CONSTRAINT `subdividedland_ibfk_1` FOREIGN KEY (`newfaasid`) REFERENCES `faas` (`objid`),
  CONSTRAINT `subdividedland_ibfk_2` FOREIGN KEY (`newrpid`) REFERENCES `realproperty` (`objid`),
  CONSTRAINT `subdividedland_ibfk_3` FOREIGN KEY (`newrpuid`) REFERENCES `rpu` (`objid`),
  CONSTRAINT `subdividedland_ibfk_4` FOREIGN KEY (`subdivisionid`) REFERENCES `subdivision` (`objid`)
) ENGINE=InnoDB DEFAULT CHARSET=utf8;
/*!40101 SET character_set_client = @saved_cs_client */;

--
-- Dumping data for table `subdividedland`
--

LOCK TABLES `subdividedland` WRITE;
/*!40000 ALTER TABLE `subdividedland` DISABLE KEYS */;
/*!40000 ALTER TABLE `subdividedland` ENABLE KEYS */;
UNLOCK TABLES;

--
-- Table structure for table `subdivision`
--

DROP TABLE IF EXISTS `subdivision`;
/*!40101 SET @saved_cs_client     = @@character_set_client */;
/*!40101 SET character_set_client = utf8 */;
CREATE TABLE `subdivision` (
  `objid` varchar(50) NOT NULL,
  `state` varchar(50) NOT NULL,
  `ry` int(11) NOT NULL,
  `txntype_objid` varchar(50) NOT NULL,
  `txnno` varchar(25) NOT NULL,
  `txndate` datetime NOT NULL,
  `autonumber` int(11) NOT NULL,
  `effectivityyear` int(11) NOT NULL,
  `effectivityqtr` int(11) NOT NULL,
  `memoranda` text NOT NULL,
  `motherfaasid` varchar(50) DEFAULT NULL,
  `lguid` varchar(50) DEFAULT NULL,
  `signatories` text,
  `source` varchar(50) DEFAULT NULL,
  `filetype` varchar(25) DEFAULT NULL,
  `originlguid` varchar(50) DEFAULT NULL,
  `mothertdnos` varchar(1000) DEFAULT NULL,
  `motherpins` varchar(1000) DEFAULT NULL,
  PRIMARY KEY (`objid`),
  KEY `FK_subdivision_faas` (`motherfaasid`),
  KEY `txntype_objid` (`txntype_objid`),
  KEY `ix_subdivision_mothertdnos` (`mothertdnos`(255)),
  KEY `ix_subdivision_motherpins` (`motherpins`(255)),
  CONSTRAINT `subdivision_ibfk_2` FOREIGN KEY (`txntype_objid`) REFERENCES `faas_txntype` (`objid`)
) ENGINE=InnoDB DEFAULT CHARSET=utf8;
/*!40101 SET character_set_client = @saved_cs_client */;

--
-- Dumping data for table `subdivision`
--

LOCK TABLES `subdivision` WRITE;
/*!40000 ALTER TABLE `subdivision` DISABLE KEYS */;
/*!40000 ALTER TABLE `subdivision` ENABLE KEYS */;
UNLOCK TABLES;

--
-- Table structure for table `subdivision_assist`
--

DROP TABLE IF EXISTS `subdivision_assist`;
/*!40101 SET @saved_cs_client     = @@character_set_client */;
/*!40101 SET character_set_client = utf8 */;
CREATE TABLE `subdivision_assist` (
  `objid` varchar(50) NOT NULL,
  `parent_objid` varchar(50) NOT NULL,
  `taskstate` varchar(50) NOT NULL,
  `assignee_objid` varchar(50) NOT NULL,
  PRIMARY KEY (`objid`),
  UNIQUE KEY `ux_parent_assignee` (`parent_objid`,`taskstate`,`assignee_objid`),
  KEY `ix_parent_objid` (`parent_objid`),
  KEY `ix_assignee_objid` (`assignee_objid`),
  CONSTRAINT `fk_subdivision_assist_subdivision` FOREIGN KEY (`parent_objid`) REFERENCES `subdivision` (`objid`),
  CONSTRAINT `fk_subdivision_assist_user` FOREIGN KEY (`assignee_objid`) REFERENCES `sys_user` (`objid`)
) ENGINE=InnoDB DEFAULT CHARSET=utf8;
/*!40101 SET character_set_client = @saved_cs_client */;

--
-- Dumping data for table `subdivision_assist`
--

LOCK TABLES `subdivision_assist` WRITE;
/*!40000 ALTER TABLE `subdivision_assist` DISABLE KEYS */;
/*!40000 ALTER TABLE `subdivision_assist` ENABLE KEYS */;
UNLOCK TABLES;

--
-- Table structure for table `subdivision_assist_item`
--

DROP TABLE IF EXISTS `subdivision_assist_item`;
/*!40101 SET @saved_cs_client     = @@character_set_client */;
/*!40101 SET character_set_client = utf8 */;
CREATE TABLE `subdivision_assist_item` (
  `objid` varchar(50) NOT NULL,
  `subdivision_objid` varchar(50) NOT NULL,
  `parent_objid` varchar(50) NOT NULL,
  `pintype` varchar(10) NOT NULL,
  `section` varchar(5) NOT NULL,
  `startparcel` int(255) NOT NULL,
  `endparcel` int(255) NOT NULL,
  `parcelcount` int(11) DEFAULT NULL,
  `parcelcreated` int(11) DEFAULT NULL,
  PRIMARY KEY (`objid`),
  KEY `ix_subdivision_objid` (`subdivision_objid`),
  KEY `ix_parent_objid` (`parent_objid`),
  CONSTRAINT `fk_subdivision_assist_item_subdivision` FOREIGN KEY (`subdivision_objid`) REFERENCES `subdivision` (`objid`),
  CONSTRAINT `fk_subdivision_assist_item_subdivision_assist` FOREIGN KEY (`parent_objid`) REFERENCES `subdivision_assist` (`objid`)
) ENGINE=InnoDB DEFAULT CHARSET=utf8;
/*!40101 SET character_set_client = @saved_cs_client */;

--
-- Dumping data for table `subdivision_assist_item`
--

LOCK TABLES `subdivision_assist_item` WRITE;
/*!40000 ALTER TABLE `subdivision_assist_item` DISABLE KEYS */;
/*!40000 ALTER TABLE `subdivision_assist_item` ENABLE KEYS */;
UNLOCK TABLES;

--
-- Table structure for table `subdivision_cancelledimprovement`
--

DROP TABLE IF EXISTS `subdivision_cancelledimprovement`;
/*!40101 SET @saved_cs_client     = @@character_set_client */;
/*!40101 SET character_set_client = utf8 */;
CREATE TABLE `subdivision_cancelledimprovement` (
  `objid` varchar(50) NOT NULL,
  `parentid` varchar(50) NOT NULL,
  `faasid` varchar(50) DEFAULT NULL,
  `remarks` varchar(1000) DEFAULT NULL,
  `lasttaxyear` int(11) DEFAULT NULL,
  `lguid` varchar(50) DEFAULT NULL,
  `reason_objid` varchar(50) DEFAULT NULL,
  `cancelledbytdnos` varchar(500) DEFAULT NULL,
  `cancelledbypins` varchar(500) DEFAULT NULL,
  PRIMARY KEY (`objid`),
  KEY `FK_subdivision_cancelledimprovement_subdivision` (`parentid`),
  KEY `FK_subdivision_cancelledimprovement_faas` (`faasid`),
  CONSTRAINT `FK_subdivision_cancelledimprovement_faas` FOREIGN KEY (`faasid`) REFERENCES `faas` (`objid`),
  CONSTRAINT `FK_subdivision_cancelledimprovement_subdivision` FOREIGN KEY (`parentid`) REFERENCES `subdivision` (`objid`)
) ENGINE=InnoDB DEFAULT CHARSET=utf8;
/*!40101 SET character_set_client = @saved_cs_client */;

--
-- Dumping data for table `subdivision_cancelledimprovement`
--

LOCK TABLES `subdivision_cancelledimprovement` WRITE;
/*!40000 ALTER TABLE `subdivision_cancelledimprovement` DISABLE KEYS */;
/*!40000 ALTER TABLE `subdivision_cancelledimprovement` ENABLE KEYS */;
UNLOCK TABLES;

--
-- Table structure for table `subdivision_motherland`
--

DROP TABLE IF EXISTS `subdivision_motherland`;
/*!40101 SET @saved_cs_client     = @@character_set_client */;
/*!40101 SET character_set_client = utf8 */;
CREATE TABLE `subdivision_motherland` (
  `objid` varchar(50) NOT NULL,
  `subdivisionid` varchar(50) NOT NULL,
  `landfaasid` varchar(50) NOT NULL,
  `rpuid` varchar(50) NOT NULL,
  `rpid` varchar(50) NOT NULL,
  PRIMARY KEY (`objid`),
  KEY `FK_consolidatedland_faas` (`landfaasid`),
  KEY `FK_consolidatedland_subdivision` (`subdivisionid`),
  CONSTRAINT `subdivision_motherland_ibfk_2` FOREIGN KEY (`landfaasid`) REFERENCES `faas` (`objid`),
  CONSTRAINT `subdivison_motherland_ibfk_1` FOREIGN KEY (`subdivisionid`) REFERENCES `subdivision` (`objid`)
) ENGINE=InnoDB DEFAULT CHARSET=utf8;
/*!40101 SET character_set_client = @saved_cs_client */;

--
-- Dumping data for table `subdivision_motherland`
--

LOCK TABLES `subdivision_motherland` WRITE;
/*!40000 ALTER TABLE `subdivision_motherland` DISABLE KEYS */;
/*!40000 ALTER TABLE `subdivision_motherland` ENABLE KEYS */;
UNLOCK TABLES;

--
-- Table structure for table `subdivision_task`
--

DROP TABLE IF EXISTS `subdivision_task`;
/*!40101 SET @saved_cs_client     = @@character_set_client */;
/*!40101 SET character_set_client = utf8 */;
CREATE TABLE `subdivision_task` (
  `objid` varchar(50) NOT NULL DEFAULT '',
  `refid` varchar(50) DEFAULT NULL,
  `parentprocessid` varchar(50) DEFAULT NULL,
  `state` varchar(50) DEFAULT NULL,
  `startdate` datetime DEFAULT NULL,
  `enddate` datetime DEFAULT NULL,
  `assignee_objid` varchar(50) DEFAULT NULL,
  `assignee_name` varchar(100) DEFAULT NULL,
  `assignee_title` varchar(80) DEFAULT NULL,
  `actor_objid` varchar(50) DEFAULT NULL,
  `actor_name` varchar(100) DEFAULT NULL,
  `actor_title` varchar(80) DEFAULT NULL,
  `message` varchar(255) DEFAULT NULL,
  `signature` text,
  `returnedby` varchar(100) DEFAULT NULL,
  PRIMARY KEY (`objid`),
  KEY `ix_refid` (`refid`),
  KEY `ix_assignee_objid` (`assignee_objid`),
  CONSTRAINT `subdivision_task_ibfk_1` FOREIGN KEY (`refid`) REFERENCES `subdivision` (`objid`)
) ENGINE=InnoDB DEFAULT CHARSET=utf8;
/*!40101 SET character_set_client = @saved_cs_client */;

--
-- Dumping data for table `subdivision_task`
--

LOCK TABLES `subdivision_task` WRITE;
/*!40000 ALTER TABLE `subdivision_task` DISABLE KEYS */;
/*!40000 ALTER TABLE `subdivision_task` ENABLE KEYS */;
UNLOCK TABLES;

--
-- Table structure for table `subdivisionaffectedrpu`
--

DROP TABLE IF EXISTS `subdivisionaffectedrpu`;
/*!40101 SET @saved_cs_client     = @@character_set_client */;
/*!40101 SET character_set_client = utf8 */;
CREATE TABLE `subdivisionaffectedrpu` (
  `objid` varchar(50) NOT NULL,
  `subdivisionid` varchar(50) NOT NULL,
  `itemno` varchar(50) DEFAULT NULL,
  `subdividedlandid` varchar(50) DEFAULT NULL,
  `prevfaasid` varchar(50) DEFAULT NULL,
  `newfaasid` varchar(50) DEFAULT NULL,
  `newtdno` varchar(50) DEFAULT NULL,
  `newutdno` varchar(50) DEFAULT NULL,
  `newsuffix` int(11) DEFAULT NULL,
  `newpin` varchar(25) DEFAULT NULL,
  `newrpuid` varchar(50) DEFAULT NULL,
  `newrpid` varchar(50) DEFAULT NULL,
  `memoranda` varchar(500) DEFAULT NULL,
  `prevpin` varchar(50) DEFAULT NULL,
  `prevtdno` varchar(50) DEFAULT NULL,
  `isnew` int(11) DEFAULT NULL,
  PRIMARY KEY (`objid`),
  KEY `FK_subdivisionaffectedpru_newfaas` (`newfaasid`),
  KEY `FK_subdivisionaffectedpru_newrpu` (`newrpuid`),
  KEY `FK_subdivisionaffectedpru_prevfaas` (`prevfaasid`),
  KEY `FK_subdivisionaffectedpru_subdividedland` (`subdividedlandid`),
  KEY `FK_subdivisionaffectedpru_subdivision` (`subdivisionid`),
  KEY `ix_subdivisionaffectedrpu_newtdno` (`newtdno`),
  KEY `newrpid` (`newrpid`),
  CONSTRAINT `subdivisionaffectedrpu_ibfk_1` FOREIGN KEY (`newfaasid`) REFERENCES `faas` (`objid`),
  CONSTRAINT `subdivisionaffectedrpu_ibfk_2` FOREIGN KEY (`newrpuid`) REFERENCES `rpu` (`objid`),
  CONSTRAINT `subdivisionaffectedrpu_ibfk_3` FOREIGN KEY (`prevfaasid`) REFERENCES `faas` (`objid`),
  CONSTRAINT `subdivisionaffectedrpu_ibfk_4` FOREIGN KEY (`subdividedlandid`) REFERENCES `subdividedland` (`objid`),
  CONSTRAINT `subdivisionaffectedrpu_ibfk_5` FOREIGN KEY (`subdivisionid`) REFERENCES `subdivision` (`objid`),
  CONSTRAINT `subdivisionaffectedrpu_ibfk_6` FOREIGN KEY (`newrpid`) REFERENCES `realproperty` (`objid`)
) ENGINE=InnoDB DEFAULT CHARSET=utf8;
/*!40101 SET character_set_client = @saved_cs_client */;

--
-- Dumping data for table `subdivisionaffectedrpu`
--

LOCK TABLES `subdivisionaffectedrpu` WRITE;
/*!40000 ALTER TABLE `subdivisionaffectedrpu` DISABLE KEYS */;
/*!40000 ALTER TABLE `subdivisionaffectedrpu` ENABLE KEYS */;
UNLOCK TABLES;

--
-- Table structure for table `syncdata`
--

DROP TABLE IF EXISTS `syncdata`;
/*!40101 SET @saved_cs_client     = @@character_set_client */;
/*!40101 SET character_set_client = utf8 */;
CREATE TABLE `syncdata` (
  `objid` varchar(50) NOT NULL,
  `state` varchar(50) NOT NULL,
  `refid` varchar(50) NOT NULL,
  `reftype` varchar(50) NOT NULL,
  `refno` varchar(50) DEFAULT NULL,
  `action` varchar(50) NOT NULL,
  `dtfiled` datetime NOT NULL,
  `orgid` varchar(50) DEFAULT NULL,
  `remote_orgid` varchar(50) DEFAULT NULL,
  `remote_orgcode` varchar(20) DEFAULT NULL,
  `remote_orgclass` varchar(20) DEFAULT NULL,
  `sender_objid` varchar(50) DEFAULT NULL,
  `sender_name` varchar(150) DEFAULT NULL,
  `fileid` varchar(255) DEFAULT NULL,
  PRIMARY KEY (`objid`),
  KEY `ix_reftype` (`reftype`),
  KEY `ix_refno` (`refno`),
  KEY `ix_orgid` (`orgid`),
  KEY `ix_dtfiled` (`dtfiled`),
  KEY `ix_fileid` (`fileid`),
  KEY `ix_refid` (`refid`),
  KEY `ix_state` (`state`)
) ENGINE=InnoDB DEFAULT CHARSET=utf8;
/*!40101 SET character_set_client = @saved_cs_client */;

--
-- Dumping data for table `syncdata`
--

LOCK TABLES `syncdata` WRITE;
/*!40000 ALTER TABLE `syncdata` DISABLE KEYS */;
/*!40000 ALTER TABLE `syncdata` ENABLE KEYS */;
UNLOCK TABLES;

--
-- Table structure for table `syncdata_forprocess`
--

DROP TABLE IF EXISTS `syncdata_forprocess`;
/*!40101 SET @saved_cs_client     = @@character_set_client */;
/*!40101 SET character_set_client = utf8 */;
CREATE TABLE `syncdata_forprocess` (
  `objid` varchar(50) NOT NULL,
  `processed` int(11) DEFAULT '0',
  PRIMARY KEY (`objid`),
  CONSTRAINT `fk_forprocess_syncdata_item` FOREIGN KEY (`objid`) REFERENCES `syncdata_item` (`objid`)
) ENGINE=InnoDB DEFAULT CHARSET=utf8;
/*!40101 SET character_set_client = @saved_cs_client */;

--
-- Dumping data for table `syncdata_forprocess`
--

LOCK TABLES `syncdata_forprocess` WRITE;
/*!40000 ALTER TABLE `syncdata_forprocess` DISABLE KEYS */;
/*!40000 ALTER TABLE `syncdata_forprocess` ENABLE KEYS */;
UNLOCK TABLES;

--
-- Table structure for table `syncdata_forsync`
--

DROP TABLE IF EXISTS `syncdata_forsync`;
/*!40101 SET @saved_cs_client     = @@character_set_client */;
/*!40101 SET character_set_client = utf8 */;
CREATE TABLE `syncdata_forsync` (
  `objid` varchar(50) NOT NULL,
  `reftype` varchar(100) NOT NULL,
  `refno` varchar(50) NOT NULL,
  `action` varchar(100) NOT NULL,
  `orgid` varchar(25) NOT NULL,
  `dtfiled` datetime NOT NULL,
  `createdby_objid` varchar(50) DEFAULT NULL,
  `createdby_name` varchar(255) DEFAULT NULL,
  `createdby_title` varchar(100) DEFAULT NULL,
  `info` text,
  PRIMARY KEY (`objid`),
  KEY `ix_dtfiled` (`dtfiled`),
  KEY `ix_createdbyid` (`createdby_objid`),
  KEY `ix_reftype` (`reftype`) USING BTREE,
  KEY `ix_refno` (`refno`)
) ENGINE=InnoDB DEFAULT CHARSET=utf8;
/*!40101 SET character_set_client = @saved_cs_client */;

--
-- Dumping data for table `syncdata_forsync`
--

LOCK TABLES `syncdata_forsync` WRITE;
/*!40000 ALTER TABLE `syncdata_forsync` DISABLE KEYS */;
/*!40000 ALTER TABLE `syncdata_forsync` ENABLE KEYS */;
UNLOCK TABLES;

--
-- Table structure for table `syncdata_item`
--

DROP TABLE IF EXISTS `syncdata_item`;
/*!40101 SET @saved_cs_client     = @@character_set_client */;
/*!40101 SET character_set_client = utf8 */;
CREATE TABLE `syncdata_item` (
  `objid` varchar(50) NOT NULL,
  `parentid` varchar(50) NOT NULL,
  `state` varchar(50) NOT NULL,
  `refid` varchar(50) NOT NULL,
  `reftype` varchar(255) NOT NULL,
  `refno` varchar(50) DEFAULT NULL,
  `action` varchar(100) NOT NULL,
  `error` text,
  `idx` int(255) NOT NULL,
  `info` text,
  `async` int(11) DEFAULT '0',
  `dependedaction` varchar(100) DEFAULT NULL,
  PRIMARY KEY (`objid`),
  KEY `ix_parentid` (`parentid`),
  KEY `ix_refid` (`refid`),
  KEY `ix_refno` (`refno`),
  KEY `ix_state` (`state`),
  CONSTRAINT `fk_syncdataitem_syncdata` FOREIGN KEY (`parentid`) REFERENCES `syncdata` (`objid`)
) ENGINE=InnoDB DEFAULT CHARSET=utf8;
/*!40101 SET character_set_client = @saved_cs_client */;

--
-- Dumping data for table `syncdata_item`
--

LOCK TABLES `syncdata_item` WRITE;
/*!40000 ALTER TABLE `syncdata_item` DISABLE KEYS */;
/*!40000 ALTER TABLE `syncdata_item` ENABLE KEYS */;
UNLOCK TABLES;

--
-- Table structure for table `syncdata_org`
--

DROP TABLE IF EXISTS `syncdata_org`;
/*!40101 SET @saved_cs_client     = @@character_set_client */;
/*!40101 SET character_set_client = utf8 */;
CREATE TABLE `syncdata_org` (
  `orgid` varchar(50) NOT NULL,
  `state` varchar(50) NOT NULL,
  `errorcount` int(11) DEFAULT '0',
  PRIMARY KEY (`orgid`),
  KEY `ix_state` (`state`)
) ENGINE=InnoDB DEFAULT CHARSET=utf8;
/*!40101 SET character_set_client = @saved_cs_client */;

--
-- Dumping data for table `syncdata_org`
--

LOCK TABLES `syncdata_org` WRITE;
/*!40000 ALTER TABLE `syncdata_org` DISABLE KEYS */;
/*!40000 ALTER TABLE `syncdata_org` ENABLE KEYS */;
UNLOCK TABLES;

--
-- Table structure for table `syncdata_pending`
--

DROP TABLE IF EXISTS `syncdata_pending`;
/*!40101 SET @saved_cs_client     = @@character_set_client */;
/*!40101 SET character_set_client = utf8 */;
CREATE TABLE `syncdata_pending` (
  `objid` varchar(50) NOT NULL,
  `error` text,
  `expirydate` datetime DEFAULT NULL,
  PRIMARY KEY (`objid`),
  KEY `ix_expirydate` (`expirydate`),
  CONSTRAINT `fk_syncdata_pending_syncdata` FOREIGN KEY (`objid`) REFERENCES `syncdata` (`objid`)
) ENGINE=InnoDB DEFAULT CHARSET=utf8;
/*!40101 SET character_set_client = @saved_cs_client */;

--
-- Dumping data for table `syncdata_pending`
--

LOCK TABLES `syncdata_pending` WRITE;
/*!40000 ALTER TABLE `syncdata_pending` DISABLE KEYS */;
/*!40000 ALTER TABLE `syncdata_pending` ENABLE KEYS */;
UNLOCK TABLES;

--
-- Table structure for table `sys_dataset`
--

DROP TABLE IF EXISTS `sys_dataset`;
/*!40101 SET @saved_cs_client     = @@character_set_client */;
/*!40101 SET character_set_client = utf8 */;
CREATE TABLE `sys_dataset` (
  `objid` varchar(50) NOT NULL,
  `name` varchar(50) DEFAULT NULL,
  `title` varchar(255) DEFAULT NULL,
  `input` longtext,
  `output` longtext,
  `statement` varchar(50) DEFAULT NULL,
  `datasource` varchar(50) DEFAULT NULL,
  `servicename` varchar(50) DEFAULT NULL,
  PRIMARY KEY (`objid`)
) ENGINE=InnoDB DEFAULT CHARSET=utf8;
/*!40101 SET character_set_client = @saved_cs_client */;

--
-- Dumping data for table `sys_dataset`
--

LOCK TABLES `sys_dataset` WRITE;
/*!40000 ALTER TABLE `sys_dataset` DISABLE KEYS */;
/*!40000 ALTER TABLE `sys_dataset` ENABLE KEYS */;
UNLOCK TABLES;

--
-- Table structure for table `sys_domain`
--

DROP TABLE IF EXISTS `sys_domain`;
/*!40101 SET @saved_cs_client     = @@character_set_client */;
/*!40101 SET character_set_client = utf8 */;
CREATE TABLE `sys_domain` (
  `name` varchar(50) NOT NULL,
  `connection` varchar(50) NOT NULL,
  PRIMARY KEY (`name`)
) ENGINE=InnoDB DEFAULT CHARSET=utf8;
/*!40101 SET character_set_client = @saved_cs_client */;

--
-- Dumping data for table `sys_domain`
--

LOCK TABLES `sys_domain` WRITE;
/*!40000 ALTER TABLE `sys_domain` DISABLE KEYS */;
/*!40000 ALTER TABLE `sys_domain` ENABLE KEYS */;
UNLOCK TABLES;

--
-- Table structure for table `sys_email_queue`
--

DROP TABLE IF EXISTS `sys_email_queue`;
/*!40101 SET @saved_cs_client     = @@character_set_client */;
/*!40101 SET character_set_client = utf8 */;
CREATE TABLE `sys_email_queue` (
  `objid` varchar(50) NOT NULL,
  `refid` varchar(50) NOT NULL,
  `state` int(11) NOT NULL,
  `reportid` varchar(50) DEFAULT NULL,
  `dtsent` datetime NOT NULL,
  `to` varchar(255) NOT NULL,
  `subject` varchar(255) NOT NULL,
  `message` text NOT NULL,
  `errmsg` longtext,
  `connection` varchar(50) DEFAULT NULL,
  PRIMARY KEY (`objid`),
  KEY `ix_refid` (`refid`),
  KEY `ix_state` (`state`),
  KEY `ix_reportid` (`reportid`),
  KEY `ix_dtsent` (`dtsent`)
) ENGINE=InnoDB DEFAULT CHARSET=utf8;
/*!40101 SET character_set_client = @saved_cs_client */;

--
-- Dumping data for table `sys_email_queue`
--

LOCK TABLES `sys_email_queue` WRITE;
/*!40000 ALTER TABLE `sys_email_queue` DISABLE KEYS */;
/*!40000 ALTER TABLE `sys_email_queue` ENABLE KEYS */;
UNLOCK TABLES;

--
-- Table structure for table `sys_email_template`
--

DROP TABLE IF EXISTS `sys_email_template`;
/*!40101 SET @saved_cs_client     = @@character_set_client */;
/*!40101 SET character_set_client = utf8 */;
CREATE TABLE `sys_email_template` (
  `objid` varchar(50) NOT NULL,
  `subject` varchar(255) NOT NULL,
  `message` longtext NOT NULL,
  PRIMARY KEY (`objid`)
) ENGINE=InnoDB DEFAULT CHARSET=utf8;
/*!40101 SET character_set_client = @saved_cs_client */;

--
-- Dumping data for table `sys_email_template`
--

LOCK TABLES `sys_email_template` WRITE;
/*!40000 ALTER TABLE `sys_email_template` DISABLE KEYS */;
INSERT INTO `sys_email_template` VALUES ('business_permit','Business Permit ${permitno}','Dear valued customer, <br><br>Please see attached Business Permit document. This is an electronic transaction. Please do not reply.');
/*!40000 ALTER TABLE `sys_email_template` ENABLE KEYS */;
UNLOCK TABLES;

--
-- Table structure for table `sys_file`
--

DROP TABLE IF EXISTS `sys_file`;
/*!40101 SET @saved_cs_client     = @@character_set_client */;
/*!40101 SET character_set_client = utf8 */;
CREATE TABLE `sys_file` (
  `objid` varchar(50) NOT NULL,
  `title` varchar(50) DEFAULT NULL,
  `filetype` varchar(50) DEFAULT NULL,
  `dtcreated` datetime DEFAULT NULL,
  `createdby_objid` varchar(50) DEFAULT NULL,
  `createdby_name` varchar(255) DEFAULT NULL,
  `keywords` varchar(255) DEFAULT NULL,
  `description` text,
  PRIMARY KEY (`objid`),
  KEY `ix_dtcreated` (`dtcreated`),
  KEY `ix_createdby_objid` (`createdby_objid`),
  KEY `ix_keywords` (`keywords`),
  KEY `ix_title` (`title`)
) ENGINE=InnoDB DEFAULT CHARSET=utf8;
/*!40101 SET character_set_client = @saved_cs_client */;

--
-- Dumping data for table `sys_file`
--

LOCK TABLES `sys_file` WRITE;
/*!40000 ALTER TABLE `sys_file` DISABLE KEYS */;
/*!40000 ALTER TABLE `sys_file` ENABLE KEYS */;
UNLOCK TABLES;

--
-- Table structure for table `sys_fileitem`
--

DROP TABLE IF EXISTS `sys_fileitem`;
/*!40101 SET @saved_cs_client     = @@character_set_client */;
/*!40101 SET character_set_client = utf8 */;
CREATE TABLE `sys_fileitem` (
  `objid` varchar(50) NOT NULL,
  `state` varchar(50) DEFAULT NULL,
  `parentid` varchar(50) DEFAULT NULL,
  `dtcreated` datetime DEFAULT NULL,
  `createdby_objid` varchar(50) DEFAULT NULL,
  `createdby_name` varchar(255) DEFAULT NULL,
  `caption` varchar(155) DEFAULT NULL,
  `remarks` varchar(255) DEFAULT NULL,
  `filelocid` varchar(50) DEFAULT NULL,
  `filesize` int(11) DEFAULT NULL,
  `thumbnail` text,
  PRIMARY KEY (`objid`),
  KEY `ix_parentid` (`parentid`),
  KEY `ix_filelocid` (`filelocid`),
  CONSTRAINT `fk_sys_fileitem_parentid` FOREIGN KEY (`parentid`) REFERENCES `sys_file` (`objid`)
) ENGINE=InnoDB DEFAULT CHARSET=utf8;
/*!40101 SET character_set_client = @saved_cs_client */;

--
-- Dumping data for table `sys_fileitem`
--

LOCK TABLES `sys_fileitem` WRITE;
/*!40000 ALTER TABLE `sys_fileitem` DISABLE KEYS */;
/*!40000 ALTER TABLE `sys_fileitem` ENABLE KEYS */;
UNLOCK TABLES;

--
-- Table structure for table `sys_fileloc`
--

DROP TABLE IF EXISTS `sys_fileloc`;
/*!40101 SET @saved_cs_client     = @@character_set_client */;
/*!40101 SET character_set_client = utf8 */;
CREATE TABLE `sys_fileloc` (
  `objid` varchar(50) NOT NULL,
  `url` varchar(255) NOT NULL,
  `rootdir` varchar(255) DEFAULT NULL,
  `defaultloc` int(11) NOT NULL,
  `loctype` varchar(20) DEFAULT NULL,
  `user_name` varchar(50) DEFAULT NULL,
  `user_pwd` varchar(50) DEFAULT NULL,
  `info` text,
  PRIMARY KEY (`objid`),
  KEY `ix_loctype` (`loctype`)
) ENGINE=InnoDB DEFAULT CHARSET=utf8;
/*!40101 SET character_set_client = @saved_cs_client */;

--
-- Dumping data for table `sys_fileloc`
--

LOCK TABLES `sys_fileloc` WRITE;
/*!40000 ALTER TABLE `sys_fileloc` DISABLE KEYS */;
INSERT INTO `sys_fileloc` VALUES ('bpls-fileserver','127.0.0.1',NULL,0,'ftp','ftpuser','P@ssw0rd#',NULL),('bpls-fileserver-pub','127.0.0.1',NULL,0,'ftp','ftpuser','P@ssw0rd#',NULL);
/*!40000 ALTER TABLE `sys_fileloc` ENABLE KEYS */;
UNLOCK TABLES;

--
-- Table structure for table `sys_org`
--

DROP TABLE IF EXISTS `sys_org`;
/*!40101 SET @saved_cs_client     = @@character_set_client */;
/*!40101 SET character_set_client = utf8 */;
CREATE TABLE `sys_org` (
  `objid` varchar(50) NOT NULL,
  `name` varchar(50) DEFAULT NULL,
  `orgclass` varchar(50) DEFAULT NULL,
  `parent_objid` varchar(50) DEFAULT NULL,
  `parent_orgclass` varchar(50) DEFAULT NULL,
  `code` varchar(50) DEFAULT NULL,
  `root` int(11) NOT NULL DEFAULT '0',
  `txncode` varchar(10) DEFAULT NULL,
  PRIMARY KEY (`objid`),
  KEY `FK_sys_org` (`parent_orgclass`),
  KEY `FK_sys_org_orgclass` (`orgclass`),
  KEY `parent_objid` (`parent_objid`),
  CONSTRAINT `sys_org_ibfk_1` FOREIGN KEY (`parent_orgclass`) REFERENCES `sys_orgclass` (`name`) ON UPDATE CASCADE,
  CONSTRAINT `sys_org_ibfk_2` FOREIGN KEY (`orgclass`) REFERENCES `sys_orgclass` (`name`) ON UPDATE CASCADE,
  CONSTRAINT `sys_org_ibfk_3` FOREIGN KEY (`parent_objid`) REFERENCES `sys_org` (`objid`) ON UPDATE CASCADE
) ENGINE=InnoDB DEFAULT CHARSET=utf8;
/*!40101 SET character_set_client = @saved_cs_client */;

--
-- Dumping data for table `sys_org`
--

LOCK TABLES `sys_org` WRITE;
/*!40000 ALTER TABLE `sys_org` DISABLE KEYS */;
INSERT INTO `sys_org` VALUES ('000','PROVINCE','PROVINCE',NULL,NULL,'000',0,NULL),('00000','TRAINING','MUNICIPALITY','000','PROVINCE','000-00',1,NULL);
/*!40000 ALTER TABLE `sys_org` ENABLE KEYS */;
UNLOCK TABLES;

--
-- Table structure for table `sys_orgclass`
--

DROP TABLE IF EXISTS `sys_orgclass`;
/*!40101 SET @saved_cs_client     = @@character_set_client */;
/*!40101 SET character_set_client = utf8 */;
CREATE TABLE `sys_orgclass` (
  `name` varchar(50) NOT NULL,
  `title` varchar(255) DEFAULT NULL,
  `parentclass` varchar(255) DEFAULT NULL,
  `handler` varchar(50) DEFAULT NULL,
  PRIMARY KEY (`name`)
) ENGINE=InnoDB DEFAULT CHARSET=utf8;
/*!40101 SET character_set_client = @saved_cs_client */;

--
-- Dumping data for table `sys_orgclass`
--

LOCK TABLES `sys_orgclass` WRITE;
/*!40000 ALTER TABLE `sys_orgclass` DISABLE KEYS */;
INSERT INTO `sys_orgclass` VALUES ('BARANGAY','BARANGAY','MUNICIPALITY','barangay'),('MUNICIPALITY','MUNICIPALITY','PROVINCE','municipality'),('PROVINCE','PROVINCE',NULL,'province');
/*!40000 ALTER TABLE `sys_orgclass` ENABLE KEYS */;
UNLOCK TABLES;

--
-- Table structure for table `sys_quarter`
--

DROP TABLE IF EXISTS `sys_quarter`;
/*!40101 SET @saved_cs_client     = @@character_set_client */;
/*!40101 SET character_set_client = utf8 */;
CREATE TABLE `sys_quarter` (
  `qtrid` int(11) NOT NULL,
  PRIMARY KEY (`qtrid`)
) ENGINE=InnoDB DEFAULT CHARSET=utf8;
/*!40101 SET character_set_client = @saved_cs_client */;

--
-- Dumping data for table `sys_quarter`
--

LOCK TABLES `sys_quarter` WRITE;
/*!40000 ALTER TABLE `sys_quarter` DISABLE KEYS */;
/*!40000 ALTER TABLE `sys_quarter` ENABLE KEYS */;
UNLOCK TABLES;

--
-- Table structure for table `sys_report`
--

DROP TABLE IF EXISTS `sys_report`;
/*!40101 SET @saved_cs_client     = @@character_set_client */;
/*!40101 SET character_set_client = utf8 */;
CREATE TABLE `sys_report` (
  `objid` varchar(50) NOT NULL,
  `folderid` varchar(50) DEFAULT NULL,
  `title` varchar(255) DEFAULT NULL,
  `filetype` varchar(25) DEFAULT NULL,
  `dtcreated` datetime DEFAULT NULL,
  `datasetid` varchar(50) DEFAULT NULL,
  `createdby_objid` varchar(50) DEFAULT NULL,
  `createdby_name` varchar(255) DEFAULT NULL,
  `template` mediumtext,
  `outputtype` varchar(50) DEFAULT NULL,
  `system` int(11) DEFAULT NULL,
  PRIMARY KEY (`objid`),
  KEY `FK_sys_report_dataset` (`datasetid`),
  CONSTRAINT `sys_report_ibfk_1` FOREIGN KEY (`datasetid`) REFERENCES `sys_dataset` (`objid`)
) ENGINE=InnoDB DEFAULT CHARSET=utf8;
/*!40101 SET character_set_client = @saved_cs_client */;

--
-- Dumping data for table `sys_report`
--

LOCK TABLES `sys_report` WRITE;
/*!40000 ALTER TABLE `sys_report` DISABLE KEYS */;
/*!40000 ALTER TABLE `sys_report` ENABLE KEYS */;
UNLOCK TABLES;

--
-- Table structure for table `sys_report_admin`
--

DROP TABLE IF EXISTS `sys_report_admin`;
/*!40101 SET @saved_cs_client     = @@character_set_client */;
/*!40101 SET character_set_client = utf8 */;
CREATE TABLE `sys_report_admin` (
  `objid` varchar(50) NOT NULL,
  `userid` varchar(50) DEFAULT NULL,
  `reportfolderid` varchar(50) DEFAULT NULL,
  `exclude` longtext,
  PRIMARY KEY (`objid`),
  KEY `FK_sys_report_admin_folder` (`reportfolderid`),
  KEY `FK_sys_report_admin_user` (`userid`),
  CONSTRAINT `sys_report_admin_ibfk_1` FOREIGN KEY (`reportfolderid`) REFERENCES `sys_report_folder` (`objid`),
  CONSTRAINT `sys_report_admin_ibfk_2` FOREIGN KEY (`userid`) REFERENCES `sys_user` (`objid`)
) ENGINE=InnoDB DEFAULT CHARSET=utf8;
/*!40101 SET character_set_client = @saved_cs_client */;

--
-- Dumping data for table `sys_report_admin`
--

LOCK TABLES `sys_report_admin` WRITE;
/*!40000 ALTER TABLE `sys_report_admin` DISABLE KEYS */;
/*!40000 ALTER TABLE `sys_report_admin` ENABLE KEYS */;
UNLOCK TABLES;

--
-- Table structure for table `sys_report_folder`
--

DROP TABLE IF EXISTS `sys_report_folder`;
/*!40101 SET @saved_cs_client     = @@character_set_client */;
/*!40101 SET character_set_client = utf8 */;
CREATE TABLE `sys_report_folder` (
  `objid` varchar(50) NOT NULL,
  `name` varchar(255) DEFAULT NULL,
  `title` varchar(255) DEFAULT NULL,
  `parentid` varchar(50) DEFAULT NULL,
  PRIMARY KEY (`objid`)
) ENGINE=InnoDB DEFAULT CHARSET=utf8;
/*!40101 SET character_set_client = @saved_cs_client */;

--
-- Dumping data for table `sys_report_folder`
--

LOCK TABLES `sys_report_folder` WRITE;
/*!40000 ALTER TABLE `sys_report_folder` DISABLE KEYS */;
/*!40000 ALTER TABLE `sys_report_folder` ENABLE KEYS */;
UNLOCK TABLES;

--
-- Table structure for table `sys_report_member`
--

DROP TABLE IF EXISTS `sys_report_member`;
/*!40101 SET @saved_cs_client     = @@character_set_client */;
/*!40101 SET character_set_client = utf8 */;
CREATE TABLE `sys_report_member` (
  `objid` varchar(50) NOT NULL,
  `reportfolderid` varchar(50) DEFAULT NULL,
  `userid` varchar(50) DEFAULT NULL,
  `usergroupid` varchar(50) DEFAULT NULL,
  `exclude` longtext,
  PRIMARY KEY (`objid`),
  KEY `FK_sys_report_member_folder` (`reportfolderid`),
  KEY `FK_sys_report_member_user` (`userid`),
  KEY `FK_sys_report_member_usergroup` (`usergroupid`),
  CONSTRAINT `sys_report_member_ibfk_1` FOREIGN KEY (`reportfolderid`) REFERENCES `sys_report_folder` (`objid`),
  CONSTRAINT `sys_report_member_ibfk_2` FOREIGN KEY (`userid`) REFERENCES `sys_user` (`objid`),
  CONSTRAINT `sys_report_member_ibfk_3` FOREIGN KEY (`usergroupid`) REFERENCES `sys_usergroup` (`objid`)
) ENGINE=InnoDB DEFAULT CHARSET=utf8;
/*!40101 SET character_set_client = @saved_cs_client */;

--
-- Dumping data for table `sys_report_member`
--

LOCK TABLES `sys_report_member` WRITE;
/*!40000 ALTER TABLE `sys_report_member` DISABLE KEYS */;
/*!40000 ALTER TABLE `sys_report_member` ENABLE KEYS */;
UNLOCK TABLES;

--
-- Table structure for table `sys_requirement_type`
--

DROP TABLE IF EXISTS `sys_requirement_type`;
/*!40101 SET @saved_cs_client     = @@character_set_client */;
/*!40101 SET character_set_client = utf8 */;
CREATE TABLE `sys_requirement_type` (
  `code` varchar(50) NOT NULL,
  `title` varchar(255) NOT NULL,
  `handler` varchar(50) DEFAULT NULL,
  `objid` varchar(50) NOT NULL,
  `type` varchar(50) DEFAULT NULL,
  `system` int(11) DEFAULT NULL,
  `agency` varchar(50) DEFAULT NULL,
  `sortindex` int(11) NOT NULL,
  `verifier` varchar(50) DEFAULT NULL,
  PRIMARY KEY (`objid`),
  UNIQUE KEY `uix_code` (`code`)
) ENGINE=InnoDB DEFAULT CHARSET=utf8;
/*!40101 SET character_set_client = @saved_cs_client */;

--
-- Dumping data for table `sys_requirement_type`
--

LOCK TABLES `sys_requirement_type` WRITE;
/*!40000 ALTER TABLE `sys_requirement_type` DISABLE KEYS */;
/*!40000 ALTER TABLE `sys_requirement_type` ENABLE KEYS */;
UNLOCK TABLES;

--
-- Table structure for table `sys_rule`
--

DROP TABLE IF EXISTS `sys_rule`;
/*!40101 SET @saved_cs_client     = @@character_set_client */;
/*!40101 SET character_set_client = utf8 */;
CREATE TABLE `sys_rule` (
  `objid` varchar(50) NOT NULL,
  `state` varchar(25) DEFAULT NULL,
  `name` varchar(50) NOT NULL,
  `ruleset` varchar(50) NOT NULL,
  `rulegroup` varchar(50) DEFAULT NULL,
  `title` varchar(250) DEFAULT NULL,
  `description` longtext,
  `salience` int(11) DEFAULT NULL,
  `effectivefrom` date DEFAULT NULL,
  `effectiveto` date DEFAULT NULL,
  `dtfiled` datetime DEFAULT NULL,
  `user_objid` varchar(50) DEFAULT NULL,
  `user_name` varchar(100) DEFAULT NULL,
  `noloop` int(11) NOT NULL DEFAULT '1',
  `_ukey` varchar(50) NOT NULL DEFAULT '',
  PRIMARY KEY (`objid`),
  UNIQUE KEY `uix_ruleset_name` (`ruleset`,`name`,`_ukey`),
  KEY `rulegroup` (`rulegroup`,`ruleset`),
  KEY `ruleset` (`ruleset`),
  CONSTRAINT `sys_rule_ibfk_1` FOREIGN KEY (`rulegroup`, `ruleset`) REFERENCES `sys_rulegroup` (`name`, `ruleset`),
  CONSTRAINT `sys_rule_ibfk_2` FOREIGN KEY (`ruleset`) REFERENCES `sys_ruleset` (`name`)
) ENGINE=InnoDB DEFAULT CHARSET=utf8;
/*!40101 SET character_set_client = @saved_cs_client */;

--
-- Dumping data for table `sys_rule`
--

LOCK TABLES `sys_rule` WRITE;
/*!40000 ALTER TABLE `sys_rule` DISABLE KEYS */;
INSERT INTO `sys_rule` VALUES ('RUL-1a2d6e9b:1692d429304:-7779','DEPLOYED','BASIC_AND_SEF','rptledger','LEDGER_ITEM','BASIC_AND_SEF',NULL,50000,NULL,NULL,'2019-02-27 12:48:06','USR-12b70fa0:16929d068ad:-7e8e','LANDTAX',1,'RUL-1a2d6e9b:1692d429304:-7779'),('RUL-2486b0ca:146fff66c3e:-2c4a','DEPLOYED','CALC_ACTUAL_USE_MV','bldgassessment','MARKETVALUE','CALC ACTUAL USE MV',NULL,50000,NULL,NULL,'2014-12-15 23:59:15','USR7e15465b:14a51353b1a:-7fb7','ADMIN',1,'RUL-2486b0ca:146fff66c3e:-2c4a'),('RUL-2486b0ca:146fff66c3e:-38e4','DEPLOYED','CALC_FLOOR_MARKET_VALUE','bldgassessment','BEFORE-MARKETVALUE','CALC FLOOR MARKET VALUE',NULL,50000,NULL,NULL,'2014-12-15 23:59:15','USR7e15465b:14a51353b1a:-7fb7','ADMIN',1,'RUL-2486b0ca:146fff66c3e:-38e4'),('RUL-2486b0ca:146fff66c3e:-4192','DEPLOYED','CALC_DEPRECIATION','bldgassessment','DEPRECIATION','CALC DEPRECIATION',NULL,50000,NULL,NULL,'2014-12-15 23:59:15','USR7e15465b:14a51353b1a:-7fb7','ADMIN',1,'RUL-2486b0ca:146fff66c3e:-4192'),('RUL-2486b0ca:146fff66c3e:-4697','DEPLOYED','CALC_DEPRECATION_RATE_FROM_SKED','bldgassessment','BEFORE-DEPRECIATON','CALC DEPRECATION RATE FROM SKED',NULL,50000,NULL,NULL,'2014-12-15 23:59:15','USR7e15465b:14a51353b1a:-7fb7','ADMIN',1,'RUL-2486b0ca:146fff66c3e:-4697'),('RUL-2486b0ca:146fff66c3e:-6b05','DEPLOYED','CALC_FLOOR_BMV','bldgassessment','FLOOR','CALC FLOOR BMV',NULL,50000,NULL,NULL,'2014-12-15 23:59:15','USR7e15465b:14a51353b1a:-7fb7','ADMIN',1,'RUL-2486b0ca:146fff66c3e:-6b05'),('RUL-2a2ffad2:14adc30d509:-6890','DEPLOYED','SELECT_HIGHEST_SF','bpassessment','summary','SELECT_HIGHEST_SF',NULL,50000,NULL,NULL,'2015-01-12 12:05:41','USR-52ba9320:14907dbeb8a:-7e4f','CVAVENIR',1,'RUL-2a2ffad2:14adc30d509:-6890'),('RUL-2a65218f:180558e7346:-77a0','DEPLOYED','DISCOUNT_CURRENT','rptbilling','DISCOUNT','DISCOUNT_CURRENT',NULL,50000,NULL,NULL,'2022-04-23 16:56:17','USR7e15465b:14a51353b1a:-7fb7','ADMIN',1,''),('RUL-2ede6703:16642adb9ce:-7ba0','DEPLOYED','EXPIRY_ADVANCE_BILLING','rptbilling','BEFORE_SUMMARY','EXPIRY ADVANCE BILLING',NULL,5000,NULL,NULL,'2018-10-05 01:28:47','USR6bd70b1f:1662cdef89a:-7e3e','RAMESES',1,'RUL-2ede6703:16642adb9ce:-7ba0'),('RUL-31fc82f2:15cf6ecbe4d:-6b3d','DEPLOYED','COMPUTE_AV_NOT_ROUND','landassessment','ASSESSEDVALUE','COMPUTE AV',NULL,50000,NULL,NULL,'2017-06-29 22:58:53','USR7e15465b:14a51353b1a:-7fb7','ADMIN',1,'RUL-31fc82f2:15cf6ecbe4d:-6b3d'),('RUL-36ba5ccb:1430894b791:-6677','DEPLOYED','CALCULATE_INTEREST','bpbilling','interest','calculates interest \'\'\'original formula\'\'double d = 0.02 * (@MONTHDIFF( BEGINQTRDATE , BILLDATE ) + 1);\nreturn (AMTDUE + SURCHRG) * @IIF( d > 0.72 ,0.72 , d );',NULL,50000,NULL,NULL,'2014-12-16 12:01:09','USR7e15465b:14a51353b1a:-7fb7','ADMIN',1,'RUL-36ba5ccb:1430894b791:-6677'),('RUL-38de162c:1460374650a:-7907','DEPLOYED','BT_ESSENTIAL_ADJUSTMENT','bpassessment','postbusinesstax','BT ESSENTIAL ADJUSTMENT',NULL,50000,NULL,NULL,'2014-12-16 12:00:56','USR7e15465b:14a51353b1a:-7fb7','ADMIN',1,'RUL-38de162c:1460374650a:-7907'),('RUL-3e8edbea:156bc08656a:-5f05','DEPLOYED','RECALC_RPU_TOTAL_AV','landassessment','AFTER-SUMMARY','RECALC RPU TOTAL AV',NULL,40000,NULL,NULL,'2016-08-24 07:03:36','USR-ADMIN','ADMIN',1,'RUL-3e8edbea:156bc08656a:-5f05'),('RUL-46fca07e:14c545f3e6a:-33b4','DEPLOYED','ROUND_FLOOR_BMV_TO_NEAREST_ONES','bldgassessment','AFTER-BASEMARKETVALUE','ROUND_FLOOR BMV TO NEAREST ONES',NULL,50000,NULL,NULL,'2015-04-06 23:40:36','USR-5596bc96:149114d7d7c:-4468','VINZ',1,'RUL-46fca07e:14c545f3e6a:-33b4'),('RUL-46fca07e:14c545f3e6a:-350f','DEPLOYED','ROUND_ACTUALUSE_BMV_TO_NEAREST_ONE','bldgassessment','AFTER-BASEMARKETVALUE','ROUND ACTUALUSE BMV TO NEAREST ONE',NULL,50000,NULL,NULL,'2015-04-06 23:40:36','USR-5596bc96:149114d7d7c:-4468','VINZ',1,'RUL-46fca07e:14c545f3e6a:-350f'),('RUL-46fca07e:14c545f3e6a:-7740','DEPLOYED','CALC_MV','landassessment','MARKETVALUE','CALC MV',NULL,50000,NULL,NULL,'2015-04-06 23:40:42','USR-5596bc96:149114d7d7c:-4468','VINZ',1,'RUL-46fca07e:14c545f3e6a:-7740'),('RUL-46fca07e:14c545f3e6a:-7a8b','DEPLOYED','CALC_BMV','landassessment','BASEMARKETVALUE','CALC BMV',NULL,50000,NULL,NULL,'2015-04-06 23:40:42','USR-5596bc96:149114d7d7c:-4468','VINZ',1,'RUL-46fca07e:14c545f3e6a:-7a8b'),('RUL-476b5bbe:1641bbe1a54:-7ebc','DRAFT','CTC_INDIVIDUAL','ctcbilling','compute-bill','CTC_INDIVIDUAL',NULL,50000,NULL,NULL,'2018-06-20 14:06:43','USR-ADMIN','ADMIN',1,''),('RUL-4dd00f9d:1698f34b282:-7e5f','DEPLOYED','CALC_TOTAL_AV','bldgassessment','AFTER-SUMMARY','CALC TOTAL AV',NULL,50000,NULL,NULL,'2019-03-18 13:14:57','USR-ADMIN','ADMIN',1,'RUL-4dd00f9d:1698f34b282:-7e5f'),('RUL-4fd26d3d:142fa7a65f9:-7200','DEPLOYED','CALCULATE_SURCHARGE','bpbilling','surcharge','Calculate surcharge for renewal',NULL,50000,NULL,NULL,'2014-12-16 12:01:09','USR7e15465b:14a51353b1a:-7fb7','ADMIN',1,'RUL-4fd26d3d:142fa7a65f9:-7200'),('RUL-5e76cf73:14d69e9c549:-7084','DEPLOYED','ROUND_LAND_ITEM_ADJUSTMENTS','landassessment','AFTER-ADJUSTMENT','ROUND LAND ITEM ADJUSTMENTS',NULL,50000,NULL,NULL,'2015-05-18 22:33:40','USR-5596bc96:149114d7d7c:-4468','VINZ',1,'RUL-5e76cf73:14d69e9c549:-7084'),('RUL-5e76cf73:14d69e9c549:-7fd4','DEPLOYED','ROUND_ADJ_TO_ONE','landassessment','AFTER-ADJUSTMENT','ROUND ADJ TO ONE',NULL,50000,NULL,NULL,'2015-05-18 22:04:33','USR-5596bc96:149114d7d7c:-4468','VINZ',1,'RUL-5e76cf73:14d69e9c549:-7fd4'),('RUL-5f1e2a32:14adc79522f:-60a1','DEPLOYED','REMOVE_NO_BUSINESS_TAX','bpassessment','summary','REMOVE NO BUSINESS TAX',NULL,50000,NULL,NULL,'2015-01-12 13:52:26','USR7e15465b:14a51353b1a:-7fb7','ADMIN',1,'RUL-5f1e2a32:14adc79522f:-60a1'),('RUL-60c99d04:1470b276e7f:-7ecc','DEPLOYED','CALC_BMV','bldgassessment','BASEMARKETVALUE','CALC BMV ',NULL,50000,NULL,NULL,'2014-12-15 23:59:15','USR7e15465b:14a51353b1a:-7fb7','ADMIN',1,'RUL-60c99d04:1470b276e7f:-7ecc'),('RUL-6a56ca9d:17fb9fb27f8:-667f','DEPLOYED','ASK_GROSS','bpassessment','appinfo','ASK GROSS',NULL,50000,NULL,NULL,'2022-03-24 15:15:39','USR7e15465b:14a51353b1a:-7fb7','ADMIN',1,''),('RUL-6a56ca9d:17fb9fb27f8:-6aef','DEPLOYED','SF_ALL','bpassessment','regfee','SANITARY FEE FOR ALL BUSINESS',NULL,50000,NULL,NULL,'2022-03-24 12:45:24','USR7e15465b:14a51353b1a:-7fb7','ADMIN',1,''),('RUL-6a56ca9d:17fb9fb27f8:-6e08','DEPLOYED','PC_ALL','bpassessment','regfee','POLICE CLEARANCE FOR ALL BUSINESS',NULL,50000,NULL,NULL,'2022-03-24 12:38:09','USR7e15465b:14a51353b1a:-7fb7','ADMIN',1,''),('RUL-6c640ca5:1469912956a:-7ed8','DEPLOYED','ASK_DECLARED_CAPITAL','bpinfo','default','Ask declared capital for unified form',NULL,50000,NULL,NULL,'2014-12-16 12:00:20','USR7e15465b:14a51353b1a:-7fb7','ADMIN',1,'RUL-6c640ca5:1469912956a:-7ed8'),('RUL-762e9176:15d067a9c42:-5aa0','DEPLOYED','RECALC_RPU_TOTAL_AV','miscassessment','AFTER-SUMMARY','RECALC_RPU_TOTAL_AV',NULL,60000,NULL,NULL,'2017-07-02 23:29:56','USR7e15465b:14a51353b1a:-7fb7','ADMIN',1,'RUL-762e9176:15d067a9c42:-5aa0'),('RUL-79a9a347:15cfcae84de:-6f2a','DEPLOYED','RECALC_TOTAL_AV','bldgassessment','AFTER-SUMMARY','RECALC TOTAL AV',NULL,50000,NULL,NULL,'2017-07-01 02:09:32','USR7e15465b:14a51353b1a:-7fb7','ADMIN',1,'RUL-79a9a347:15cfcae84de:-6f2a'),('RUL-79a9a347:15cfcae84de:f6c','DEPLOYED','CALC_AV','planttreeassessment','ASSESSEDVALUE','CALC AV',NULL,50000,NULL,NULL,'2017-07-01 04:05:19','USR7e15465b:14a51353b1a:-7fb7','ADMIN',1,'RUL-79a9a347:15cfcae84de:f6c'),('RUL-a35dd35:14e51ec3311:-5d4c','DEPLOYED','CALC_RPU_SWORN_AMOUNT','miscassessment','BEFORE-ASSESSLEVEL','CALC RPU SWORN AMOUNT',NULL,50000,NULL,NULL,'2015-07-02 23:32:32','USR-5596bc96:149114d7d7c:-4468','VINZ',1,'RUL-a35dd35:14e51ec3311:-5d4c'),('RUL-b880e40:166bdcfa0cb:-77af','DRAFT','ADD_CORPORATE_CTC_BILL','ctcbilling','summary','ADD CORPORATE CTC BILL',NULL,50000,NULL,NULL,'2018-10-29 11:36:40','USR-ADMIN','ADMIN',1,''),('RUL-b880e40:166bdcfa0cb:-7c8f','DRAFT','CTC_CORPORATE','ctcbilling','compute-bill','CTC_CORPORATE',NULL,50000,NULL,NULL,'2018-10-29 11:32:08','USR-ADMIN','ADMIN',1,''),('RUL1262ad19:166ae41b1fb:-7c88','DEPLOYED','TOTAL_PREVIOUS','rptbilling','SUMMARY','TOTAL PREVIOUS',NULL,50000,NULL,NULL,'2018-10-25 22:55:00','USR6de55768:158e0e57805:-74f2','ADMIN',1,'RUL1262ad19:166ae41b1fb:-7c88'),('RUL1441128c:1471efa4c1c:-6c93','DEPLOYED','CALC_ASSESS_LEVEL','bldgassessment','AFTER-ASSESSLEVEL','CALC ASSESS LEVEL',NULL,50000,NULL,NULL,'2014-12-15 23:59:15','USR7e15465b:14a51353b1a:-7fb7','ADMIN',1,'RUL1441128c:1471efa4c1c:-6c93'),('RUL1441128c:1471efa4c1c:-6eaa','DEPLOYED','BUILD_ASSESSMENT_INFO','bldgassessment','BEFORE-ASSESSLEVEL','BUILD ASSESSMENT INFO',NULL,50000,NULL,NULL,'2014-12-15 23:59:15','USR7e15465b:14a51353b1a:-7fb7','ADMIN',1,'RUL1441128c:1471efa4c1c:-6eaa'),('RUL17bb3bc0:16826bf0d4e:-7852','DRAFT','CORPORATE_CTC_ADDITIONAL','ctcbilling','post-compute-bill','CORPORATE CTC ADDITIONAL',NULL,50000,NULL,NULL,'2019-01-07 14:04:34','USR-ADMIN','ADMIN',1,''),('RUL1b4af871:14e3cc46e09:-301e','DEPLOYED','TOTAL_MARKET_VALUE','miscassessment','AFTER-MARKETVALUE','TOTAL MARKET VALUE',NULL,50000,NULL,NULL,'2015-06-28 22:30:12','USR-5596bc96:149114d7d7c:-4468','VINZ',1,'RUL1b4af871:14e3cc46e09:-301e'),('RUL1b4af871:14e3cc46e09:-3341','DEPLOYED','TOTAL_BASE_MARKET_VALUE','miscassessment','AFTER-BASEMARKETVALUE','TOTAL BASE MARKET VALUE',NULL,50000,NULL,NULL,'2015-06-28 22:13:15','USR-5596bc96:149114d7d7c:-4468','VINZ',1,'RUL1b4af871:14e3cc46e09:-3341'),('RUL1dc7a3de:142b70df9f8:-7fb7','DEPLOYED','SUMMARIZE_EMPLOYEE','bpinfo','postinfo','create a total number of employee variable based on male and female count',NULL,50000,NULL,NULL,'2014-12-16 12:00:20','USR7e15465b:14a51353b1a:-7fb7','ADMIN',1,'RUL1dc7a3de:142b70df9f8:-7fb7'),('RUL1e2e986a:14840aab152:-7fc6','DEPLOYED','SET_VALID_DATE_RENEW','bpbilling','initial','check qtr date against billdate',NULL,50000,NULL,NULL,'2014-12-16 12:01:09','USR7e15465b:14a51353b1a:-7fb7','ADMIN',1,'RUL1e2e986a:14840aab152:-7fc6'),('RUL2491462a:142fa35d130:-5a95','DEPLOYED','BUSINESS_TAX_BY_QTR','bpbilling','initial','split business tax by qtr',NULL,50000,NULL,NULL,'2014-12-16 12:01:09','USR7e15465b:14a51353b1a:-7fb7','ADMIN',1,'RUL2491462a:142fa35d130:-5a95'),('RUL2659bca9:142b667ccd3:-7f3f','DEPLOYED','ASK_EMPLOYEE_INFO','bpinfo','default','Ask employee info',NULL,50000,NULL,NULL,'2014-12-16 12:00:20','USR7e15465b:14a51353b1a:-7fb7','ADMIN',1,'RUL2659bca9:142b667ccd3:-7f3f'),('RUL293356d3:1485cf41677:-6f4d','DRAFT','CTCC_INTEREST_COMPUTATION','ctccorporate','INTEREST','CTCC INTEREST COMPUTATION',NULL,50000,NULL,NULL,'2014-12-16 13:04:33','USR7e15465b:14a51353b1a:-7fb7','ADMIN',1,'RUL293356d3:1485cf41677:-6f4d'),('RUL293356d3:1485cf41677:-724a','APPROVED','CTC_CORPORATION','ctccorporate','TAX','CTC CORPORATION',NULL,50000,NULL,NULL,'2014-12-16 13:04:33','USR7e15465b:14a51353b1a:-7fb7','ADMIN',1,'RUL293356d3:1485cf41677:-724a'),('RUL293356d3:1485cf41677:-75c2','DRAFT','CTCI_INTEREST_COMPUTATION','ctcindividual','INTEREST','CTCI INTEREST COMPUTATION',NULL,50000,NULL,NULL,'2014-12-16 13:04:27','USR7e15465b:14a51353b1a:-7fb7','ADMIN',1,'RUL293356d3:1485cf41677:-75c2'),('RUL293356d3:1485cf41677:-7e53','DRAFT','CTC_INDIVIDUAL','ctcindividual','TAX','CTC INDIVIDUAL',NULL,50000,NULL,NULL,'2014-12-16 13:04:27','USR7e15465b:14a51353b1a:-7fb7','ADMIN',1,'RUL293356d3:1485cf41677:-7e53'),('RUL36552f88:142c18ff1a4:-7f16','DEPLOYED','ASK_BUSINESS_AREA','bpinfo','default','Ask Business Area in sqm requirement for unified form',NULL,50000,NULL,NULL,'2014-12-16 12:00:20','USR7e15465b:14a51353b1a:-7fb7','ADMIN',1,'RUL36552f88:142c18ff1a4:-7f16'),('RUL3b800abe:14d2b978f55:-61fb','DEPLOYED','ROUND_ACTUALUSE_MV_TO_ONES','bldgassessment','AFTER-MARKETVALUE','ROUND ACTUALUSE MV TO ONES',NULL,50000,NULL,NULL,'2015-05-06 19:49:34','USR-5596bc96:149114d7d7c:-4468','VINZ',1,'RUL3b800abe:14d2b978f55:-61fb'),('RUL3b800abe:14d2b978f55:-63a0','DEPLOYED','ROUND_FLOOR_MV_TO_ONES','bldgassessment','AFTER-MARKETVALUE','ROUND FLOOR MV TO ONES',NULL,50000,NULL,NULL,'2015-05-06 19:48:41','USR-5596bc96:149114d7d7c:-4468','VINZ',1,'RUL3b800abe:14d2b978f55:-63a0'),('RUL3b800abe:14d2b978f55:-7e09','DEPLOYED','ROUND_ADJ_TO_ONES','bldgassessment','AFTER-ADJUSTMENT','ROUND ADJ TO ONES',NULL,50000,NULL,NULL,'2015-05-06 19:40:20','USR-5596bc96:149114d7d7c:-4468','VINZ',1,'RUL3b800abe:14d2b978f55:-7e09'),('RUL3e2b89cb:146ff734573:-7dcc','DEPLOYED','COMPUTE_BLDG_AGE','bldgassessment','PRE-ASSESSMENT','COMPUTE BLDG AGE',NULL,50000,NULL,NULL,'2014-12-15 23:59:15','USR7e15465b:14a51353b1a:-7fb7','ADMIN',1,'RUL3e2b89cb:146ff734573:-7dcc'),('RUL3e7cce43:16b25a6ae3b:-2657','DEPLOYED','PENALTY_1992_TO_LESS_CY','rptbilling','PENALTY','PENALTY_1992_TO_LESS_CY',NULL,50000,NULL,NULL,'2019-06-05 03:46:36','USR-ADMIN','ADMIN',1,'RUL3e7cce43:16b25a6ae3b:-2657'),('RUL3e7cce43:16b25a6ae3b:-2ade','DEPLOYED','PENALTY_1986_TO_1991','rptbilling','PENALTY','PENALTY_1986_TO_1991',NULL,50000,NULL,NULL,'2019-06-05 03:43:12','USR-ADMIN','ADMIN',1,'RUL3e7cce43:16b25a6ae3b:-2ade'),('RUL3e7cce43:16b25a6ae3b:-2c01','DEPLOYED','PENALTY_1985_BELOW','rptbilling','PENALTY','PENALTY_1985_BELOW',NULL,50000,NULL,NULL,'2019-06-05 03:40:48','USR-ADMIN','ADMIN',1,'RUL3e7cce43:16b25a6ae3b:-2c01'),('RUL3fb43b91:14ccf782188:-6008','DEPLOYED','ADJUSTMENT_COMPUTATION','planttreeassessment','AFTER-ADJUSTMENT','ADJUSTMENT COMPUTATION',NULL,50000,NULL,NULL,'2015-04-18 23:11:31','USR-5596bc96:149114d7d7c:-4468','VINZ',1,'RUL3fb43b91:14ccf782188:-6008'),('RUL40fb8c21:16b4f90f5b4:-71f1','DEPLOYED','CALC_ASSESS_VALUE','bldgassessment','ASSESSVALUE','CALC_ASSESS_VALUE',NULL,50000,NULL,NULL,'2019-06-13 08:48:19','USR-ADMIN','ADMIN',1,'RUL40fb8c21:16b4f90f5b4:-71f1'),('RUL40fb8c21:16b4f90f5b4:-79bd','DEPLOYED','RECALC_ASSESSMENT_AV','landassessment','AFTER-SUMMARY','RECALC ASSESSMENT AV',NULL,10000,NULL,NULL,'2019-06-13 06:54:27','USR-ADMIN','ADMIN',1,'RUL40fb8c21:16b4f90f5b4:-79bd'),('RUL483027b0:16be9375c61:-77e6','DEPLOYED','BASIC_AND_SEF_TAX','rptledger','TAX','BASIC AND SEF TAX',NULL,50000,NULL,NULL,'2019-07-13 10:51:37','USR-ADMIN','ADMIN',1,'RUL483027b0:16be9375c61:-77e6'),('RUL48d0f0c4:169510e76b2:-59e1','DRAFT','CTC_CORPORATE_PENALTY','ctcbilling','compute-interest','CTC_CORPORATE_PENALTY',NULL,50000,NULL,NULL,'2019-03-06 12:08:22','USR-ADMIN','ADMIN',1,''),('RUL49a3c540:14e51feb8f6:-77d2','DEPLOYED','CALC_RPU_APPRAISAL','miscassessment','BEFORE-ASSESSLEVEL','CALC RPU APPRAISAL',NULL,50000,NULL,NULL,'2015-07-02 23:44:36','USR-5596bc96:149114d7d7c:-4468','VINZ',1,'RUL49a3c540:14e51feb8f6:-77d2'),('RUL49fb6db4:149c7eeb0ca:-568e','DEPLOYED','SEC_REGISTRATION','bprequirement','initial','SEC Registration',NULL,50000,NULL,NULL,'2014-12-16 12:00:27','USR7e15465b:14a51353b1a:-7fb7','ADMIN',1,'RUL49fb6db4:149c7eeb0ca:-568e'),('RUL49fb6db4:149c7eeb0ca:-5780','DEPLOYED','DTI_REGISTRATION','bprequirement','initial','DTI Registration',NULL,50000,NULL,NULL,'2014-12-16 12:00:27','USR7e15465b:14a51353b1a:-7fb7','ADMIN',1,'RUL49fb6db4:149c7eeb0ca:-5780'),('RUL49fb6db4:149c7eeb0ca:-5922','DEPLOYED','CDA_CERTIFICATE','bprequirement','initial','CDA Certificate',NULL,50000,NULL,NULL,'2014-12-16 12:00:27','USR7e15465b:14a51353b1a:-7fb7','ADMIN',1,'RUL49fb6db4:149c7eeb0ca:-5922'),('RUL4c78a9d4:16816354aab:-752c','DRAFT','INDIVIDUAL_CTC_SENIOR','ctcbilling','post-compute-bill','INDIVIDUAL_CTC_SENIOR',NULL,50000,NULL,NULL,'2019-01-04 01:07:16','USR-ADMIN','ADMIN',1,''),('RUL4e46261d:14f924c6b53:-7d9b','DEPLOYED','CALC_DEPRECIATION_SWORN','bldgassessment','DEPRECIATION','CALC DEPRECIATION SWORN',NULL,50000,NULL,NULL,'2015-09-03 04:39:13','USR-5596bc96:149114d7d7c:-4468','VINZ',1,'RUL4e46261d:14f924c6b53:-7d9b'),('RUL560f5a64:1735a1dbaf4:-788a','DEPLOYED','BACKTAX_ADJ','rptbilling','AFTER_PENALTY','BACKTAX ADJUSTMENT',NULL,50000,NULL,NULL,'2020-07-17 11:00:23','USR74d5cecb:1504597ea1b:-7e0b','LEE',1,'RUL560f5a64:1735a1dbaf4:-788a'),('RUL587fd625:1529f9e286a:-7dc7','DEPLOYED','INTEREST','bpbilling','interest','INTEREST',NULL,50000,NULL,NULL,'2016-02-02 09:48:24','USR7e15465b:14a51353b1a:-7fb7','ADMIN',1,'RUL587fd625:1529f9e286a:-7dc7'),('RUL59614e16:14c5e56ecc8:-7cbf','DEPLOYED','CALC_MARKET_VALUE','miscassessment','MARKETVALUE','CALC MARKET VALUE',NULL,50000,NULL,NULL,'2015-04-06 23:40:52','USR-5596bc96:149114d7d7c:-4468','VINZ',1,'RUL59614e16:14c5e56ecc8:-7cbf'),('RUL59614e16:14c5e56ecc8:-7dfb','DEPLOYED','CALC_DEPRECIATION','miscassessment','DEPRECIATION','CALC DEPRECIATION',NULL,50000,NULL,NULL,'2015-04-06 23:40:52','USR-5596bc96:149114d7d7c:-4468','VINZ',1,'RUL59614e16:14c5e56ecc8:-7dfb'),('RUL5b4ac915:147baaa06b4:-6f31','DEPLOYED','BUILD_ASSESSMENT_INFO_SPLIT','landassessment','SUMMARY','BUILD_ASSESSMENT_INFO_SPLIT',NULL,50000,NULL,NULL,'2014-12-15 23:59:22','USR7e15465b:14a51353b1a:-7fb7','ADMIN',1,'RUL5b4ac915:147baaa06b4:-6f31'),('RUL5d2ef71:1472236f427:-7f50','DEPLOYED','ASK_DECLARED_GROSS','bpinfo','default','Ask declared gross',NULL,50000,NULL,NULL,'2014-12-16 12:00:20','USR7e15465b:14a51353b1a:-7fb7','ADMIN',1,'RUL5d2ef71:1472236f427:-7f50'),('RUL5f10a9aa:1698ea3f7ff:-6cba','DEPLOYED','CALC_TOTAL_AV','landassessment','AFTER-SUMMARY','CALC TOTAL AV',NULL,50000,NULL,NULL,'2019-03-18 12:49:01','USR-ADMIN','ADMIN',1,'RUL5f10a9aa:1698ea3f7ff:-6cba'),('RUL6729cd8:166bdeb1f30:-5edf','DRAFT','ADD_CORPORATE_CTC_INTEREST','ctcbilling','summary','ADD CORPORATE CTC INTEREST',NULL,1000,NULL,NULL,'2018-10-29 12:04:29','USR-ADMIN','ADMIN',1,''),('RUL6729cd8:166bdeb1f30:-62a4','DRAFT','ADD_INDIVIDUAL_CTC_INTEREST','ctcbilling','summary','ADD INDIVIDUAL CTC INTEREST',NULL,50000,NULL,NULL,'2018-10-29 12:03:09','USR-ADMIN','ADMIN',1,''),('RUL6729cd8:166bdeb1f30:-73c5','DRAFT','INDIVIDUAL_CTC_ADDITIONAL','ctcbilling','post-compute-bill','INDIVIDUAL CTC ADDITIONAL',NULL,50000,NULL,NULL,'2018-10-29 11:52:30','USR-ADMIN','ADMIN',1,''),('RUL6729cd8:166bdeb1f30:-7ef6','DRAFT','CTC_INDIVIDUAL_PENALTY','ctcbilling','compute-interest','CTC INDIVIDUAL PENALTY',NULL,50000,NULL,NULL,'2018-10-29 11:44:53','USR-ADMIN','ADMIN',1,''),('RUL695e885:17fbe712f37:-7731','DEPLOYED','ASK_ASSET_SIZE','bpassessment','appinfo','ASK ASSET SIZE',NULL,50000,NULL,NULL,'2022-03-25 08:36:21','USR7e15465b:14a51353b1a:-7fb7','ADMIN',1,''),('RUL695e885:17fbe712f37:-7bed','DEPLOYED','MP_RETAILER','bpassessment','regfee','MP RETAILER',NULL,50000,NULL,NULL,'2022-03-25 08:32:38','USR7e15465b:14a51353b1a:-7fb7','ADMIN',1,''),('RUL6c54cc00:1486224bc82:-3cc1','DEPLOYED','DETERMINE_BUSINESS_CHARACTERISTIC','bpassessment','postappinfo','Determine business characteristic based on asset size or no. of employees',NULL,50000,NULL,NULL,'2014-12-16 12:00:58','USR7e15465b:14a51353b1a:-7fb7','ADMIN',1,'RUL6c54cc00:1486224bc82:-3cc1'),('RUL6d174068:14e3de9c20b:-7fcb','DEPLOYED','CALC_RPU_ASSESSED_VALUE','miscassessment','ASSESSEDVALUE','CALC RPU ASSESSED VALUE',NULL,50000,NULL,NULL,'2015-06-29 02:04:44','USR-5596bc96:149114d7d7c:-4468','VINZ',1,'RUL6d174068:14e3de9c20b:-7fcb'),('RUL6daebb4a:148d65c9a35:-7f80','DEPLOYED','BASIC_REQUIREMENTS','bprequirement','initial','Basic Requirements',NULL,50000,NULL,NULL,'2014-12-16 12:00:27','USR7e15465b:14a51353b1a:-7fb7','ADMIN',1,'RUL6daebb4a:148d65c9a35:-7f80'),('RUL6ea11f4c:14ae127feb2:-7e40','DEPLOYED','REMOVE_BT_FOR_HAS_TAX_INCENTIVE','bpassessment','summary','REMOVE BT FOR HAS TAX INCENTIVE',NULL,50000,NULL,NULL,'2015-01-13 10:43:17','USR-52ba9320:14907dbeb8a:-7e4f','CVAVENIR',1,'RUL6ea11f4c:14ae127feb2:-7e40'),('RUL77d680ba:14885b8719f:-7c30','DEPLOYED','SET_VALID_DATE_NEW','bpbilling','initial','Bill validity date for new',NULL,50000,NULL,NULL,'2014-12-16 12:01:09','USR7e15465b:14a51353b1a:-7fb7','ADMIN',1,'RUL77d680ba:14885b8719f:-7c30'),('RUL7ad785a4:1485e323be9:-7fd0','APPROVED','CTC_CORPORATION_FOR_NEW_BUSINESS','ctccorporate','TAX','CTC CORPORATION FOR NEW BUSINESS',NULL,40000,NULL,NULL,'2014-12-16 13:04:33','USR7e15465b:14a51353b1a:-7fb7','ADMIN',1,'RUL7ad785a4:1485e323be9:-7fd0'),('RUL7e02b404:166ae687f42:-5511','DEPLOYED','PENALTY_CURRENT_YEAR','rptbilling','PENALTY','PENALTY_CURRENT_YEAR',NULL,50000,NULL,NULL,'2018-10-25 23:53:42','USR6de55768:158e0e57805:-74f2','ADMIN',1,'RUL7e02b404:166ae687f42:-5511'),('RUL7ff4a1a7:164fdd7d64a:-7f02','DRAFT','ADD_INDIVIDUAL_CTC_BILL','ctcbilling','summary','ADD INDIVIDUAL CTC BILL',NULL,1000,NULL,NULL,'2018-08-03 11:33:38','USR-ADMIN','ADMIN',1,''),('RULec9d7ab:166235c2e16:-255e','DEPLOYED','BUILD_BILL_ITEMS','rptbilling','AFTER_SUMMARY','BUILD BILL ITEMS',NULL,50000,NULL,NULL,'2018-09-29 00:27:14','USR-ADMIN','ADMIN',1,'RULec9d7ab:166235c2e16:-255e'),('RULec9d7ab:166235c2e16:-26bf','DEPLOYED','TOTAL_ADVANCE','rptbilling','SUMMARY','TOTAL ADVANCE',NULL,50000,NULL,NULL,'2018-09-29 00:26:00','USR-ADMIN','ADMIN',1,'RULec9d7ab:166235c2e16:-26bf'),('RULec9d7ab:166235c2e16:-26d0','DEPLOYED','TOTAL_CURRENT','rptbilling','SUMMARY','TOTAL_CURRENT',NULL,50000,NULL,NULL,'2018-09-29 00:25:49','USR-ADMIN','ADMIN',1,'RULec9d7ab:166235c2e16:-26d0'),('RULec9d7ab:166235c2e16:-2f1f','DEPLOYED','EXPIRY_DATE_DEFAULT','rptbilling','BEFORE_SUMMARY','EXPIRY DATE DEFAULT',NULL,10000,NULL,NULL,'2018-09-29 00:17:38','USR-ADMIN','ADMIN',1,'RULec9d7ab:166235c2e16:-2f1f'),('RULec9d7ab:166235c2e16:-319f','DEPLOYED','EXPIRY_DATE_ADVANCE_YEAR','rptbilling','BEFORE_SUMMARY','EXPIRY_DATE_ADVANCE_YEAR',NULL,5000,NULL,NULL,'2018-09-29 00:14:01','USR-ADMIN','ADMIN',1,'RULec9d7ab:166235c2e16:-319f'),('RULec9d7ab:166235c2e16:-3811','DEPLOYED','SPLIT_QUARTERLY_BILLED_ITEMS','rptbilling','BEFORE_SUMMARY','SPLIT QUARTERLY BILLED ITEMS',NULL,50000,NULL,NULL,'2018-09-29 00:07:10','USR-ADMIN','ADMIN',1,'RULec9d7ab:166235c2e16:-3811'),('RULec9d7ab:166235c2e16:-3c17','DEPLOYED','AGGREGATE_PREVIOUS_ITEMS','rptbilling','BEFORE_SUMMARY','AGGREGATE PREVIOUS ITEMS',NULL,60000,NULL,NULL,'2018-09-29 00:05:33','USR-ADMIN','ADMIN',1,'RULec9d7ab:166235c2e16:-3c17'),('RULec9d7ab:166235c2e16:-4197','DEPLOYED','DISCOUNT_ADVANCE','rptbilling','DISCOUNT','DISCOUNT_ADVANCE',NULL,40000,NULL,NULL,'2018-09-29 00:02:22','USR-ADMIN','ADMIN',1,'RULec9d7ab:166235c2e16:-4197'),('RULec9d7ab:166235c2e16:-5fcb','DEPLOYED','SPLIT_QTR','rptbilling','INIT','SPLIT_QTR',NULL,50000,NULL,NULL,'2018-09-28 23:48:57','USR-ADMIN','ADMIN',1,'RULec9d7ab:166235c2e16:-5fcb');
/*!40000 ALTER TABLE `sys_rule` ENABLE KEYS */;
UNLOCK TABLES;

--
-- Table structure for table `sys_rule_action`
--

DROP TABLE IF EXISTS `sys_rule_action`;
/*!40101 SET @saved_cs_client     = @@character_set_client */;
/*!40101 SET character_set_client = utf8 */;
CREATE TABLE `sys_rule_action` (
  `objid` varchar(50) NOT NULL,
  `parentid` varchar(50) DEFAULT NULL,
  `actiondef_objid` varchar(50) DEFAULT NULL,
  `actiondef_name` varchar(50) DEFAULT NULL,
  `pos` int(11) DEFAULT NULL,
  PRIMARY KEY (`objid`),
  KEY `parentid` (`parentid`),
  CONSTRAINT `sys_rule_action_ibfk_1` FOREIGN KEY (`parentid`) REFERENCES `sys_rule` (`objid`)
) ENGINE=InnoDB DEFAULT CHARSET=utf8;
/*!40101 SET character_set_client = @saved_cs_client */;

--
-- Dumping data for table `sys_rule_action`
--

LOCK TABLES `sys_rule_action` WRITE;
/*!40000 ALTER TABLE `sys_rule_action` DISABLE KEYS */;
INSERT INTO `sys_rule_action` VALUES ('RA-15f7fe9f:15cf6ec9fa5:-7fbf','RUL-31fc82f2:15cf6ecbe4d:-6b3d','rptis.land.actions.CalcAssessValue','calc-av',0),('RA-17442746:16be936f033:-7e82','RUL483027b0:16be9375c61:-77e6','rptis.landtax.actions.CalcTax','calc-tax',0),('RA-1b1c40ae:17fb94f690d:-64dc','RUL-6a56ca9d:17fb9fb27f8:-6aef','RULADEF-627533eb:141ed7a179f:-7d7d','compute_regfee',0),('RA-287581a5:180558e600d:-7d5a','RUL-2a65218f:180558e7346:-77a0','rptis.landtax.actions.CalcDiscount','calc-discount',0),('RA122cd182:16b250d7a42:-1237','RUL3e7cce43:16b25a6ae3b:-2c01','rptis.landtax.actions.CalcInterest','calc-interest',0),('RA122cd182:16b250d7a42:-8f7','RUL3e7cce43:16b25a6ae3b:-2657','rptis.landtax.actions.CalcInterest','calc-interest',0),('RA440e47f4:166ae4152f1:-7fbc','RUL1262ad19:166ae41b1fb:-7c88','rptis.landtax.actions.CreateTaxSummary','create-tax-summary',0),('RA48ce1e31:16b4f267a90:6374','RUL40fb8c21:16b4f90f5b4:-71f1','RULADEF1441128c:1471efa4c1c:-69a5','calc-assess-value',0),('RA4d8d2fa0:168164ac044:-689d','RUL4c78a9d4:16816354aab:-752c','treasury.actions.UpdateFieldValue','update-field-value',0),('RA7280357:166235c1be7:-7fab','RULec9d7ab:166235c2e16:-26bf','rptis.landtax.actions.CreateTaxSummary','create-tax-summary',0),('RA7280357:166235c1be7:-7fb2','RULec9d7ab:166235c2e16:-26d0','rptis.landtax.actions.CreateTaxSummary','create-tax-summary',0),('RA7280357:166235c1be7:-7fb9','RULec9d7ab:166235c2e16:-319f','rptis.landtax.actions.SetBillExpiryDate','set-bill-expiry',0),('RA7280357:166235c1be7:-7fcc','RULec9d7ab:166235c2e16:-4197','rptis.landtax.actions.CalcDiscount','calc-discount',0),('RACT-103fed47:146ffb40356:-7c51','RUL3e2b89cb:146ff734573:-7dcc','rptis.bldg.actions.CalcBldgAge','calc-bldg-age',0),('RACT-1a2d6e9b:1692d429304:-7649','RUL-1a2d6e9b:1692d429304:-7779','rptis.landtax.actions.AddSef','add-sef',0),('RACT-1a2d6e9b:1692d429304:-7700','RUL-1a2d6e9b:1692d429304:-7779','rptis.landtax.actions.AddBasic','add-basic',0),('RACT-2486b0ca:146fff66c3e:-2ade','RUL-2486b0ca:146fff66c3e:-2c4a','rptis.bldg.actions.CalcBldgUseMV','calc-bldguse-mv',0),('RACT-2486b0ca:146fff66c3e:-37a2','RUL-2486b0ca:146fff66c3e:-38e4','rptis.bldg.actions.CalcFloorMV','calc-floor-mv',0),('RACT-2486b0ca:146fff66c3e:-3d32','RUL-2486b0ca:146fff66c3e:-4192','rptis.bldg.actions.CalcBldgUseDepreciation','calc-bldguse-depreciation',0),('RACT-2486b0ca:146fff66c3e:-6a12','RUL-2486b0ca:146fff66c3e:-6b05','rptis.bldg.actions.CalcFloorBMV','calc-floor-bmv',0),('RACT-28dc975:156bcab666c:-5e3c','RUL-3e8edbea:156bc08656a:-5f05','rptis.actions.CalcTotalRPUAssessValue','recalc-rpu-totalav',0),('RACT-2978ad50:16f8cef45b1:-41b9','RUL6daebb4a:148d65c9a35:-7f80','RULADEF-4a532d76:141ff563063:-7ef4','add_requirement',0),('RACT-2978ad50:16f8cef45b1:-42ad','RUL6daebb4a:148d65c9a35:-7f80','RULADEF-4a532d76:141ff563063:-7ef4','add_requirement',0),('RACT-2978ad50:16f8cef45b1:-4312','RUL6daebb4a:148d65c9a35:-7f80','RULADEF-4a532d76:141ff563063:-7ef4','add_requirement',0),('RACT-2978ad50:16f8cef45b1:-4377','RUL6daebb4a:148d65c9a35:-7f80','RULADEF-4a532d76:141ff563063:-7ef4','add_requirement',0),('RACT-2a2ffad2:14adc30d509:-67c0','RUL-2a2ffad2:14adc30d509:-6890','RULADEF33e8cb24:1423c4b40b2:-6aeb','select_taxfee',0),('RACT-2ede6703:16642adb9ce:-794c','RUL-2ede6703:16642adb9ce:-7ba0','rptis.landtax.actions.SetBillExpiryDate','set-bill-expiry',0),('RACT-38de162c:1460374650a:-7712','RUL-38de162c:1460374650a:-7907','RULADEF72bb01b1:141b1fdca80:-7e34','update_taxfee',0),('RACT-46fca07e:14c545f3e6a:-32d0','RUL-46fca07e:14c545f3e6a:-33b4','rptis.bldg.actions.CalcFloorBMV','calc-floor-bmv',0),('RACT-46fca07e:14c545f3e6a:-3422','RUL-46fca07e:14c545f3e6a:-350f','rptis.bldg.actions.CalcBldgUseBMV','calc-bldguse-bmv',0),('RACT-46fca07e:14c545f3e6a:-763d','RUL-46fca07e:14c545f3e6a:-7740','rptis.land.actions.CalcMarketValue','calc-mv',0),('RACT-46fca07e:14c545f3e6a:-77ba','RUL-46fca07e:14c545f3e6a:-7a8b','rptis.land.actions.CalcBaseMarketValue','calc-bmv',0),('RACT-476b5bbe:1641bbe1a54:-79cd','RUL-476b5bbe:1641bbe1a54:-7ebc','treasury.actions.UpdateFieldValue','update-field-value',0),('RACT-476b5bbe:1641bbe1a54:-7aa9','RUL-476b5bbe:1641bbe1a54:-7ebc','treasury.actions.UpdateFieldValue','update-field-value',0),('RACT-476b5bbe:1641bbe1a54:-7b87','RUL-476b5bbe:1641bbe1a54:-7ebc','treasury.actions.UpdateFieldValue','update-field-value',0),('RACT-476b5bbe:1641bbe1a54:-7c6d','RUL-476b5bbe:1641bbe1a54:-7ebc','treasury.actions.UpdateFieldValue','update-field-value',0),('RACT-4dd00f9d:1698f34b282:-7d0c','RUL-4dd00f9d:1698f34b282:-7e5f','rptis.actions.AddDeriveVariable','add-derive-var',0),('RACT-4fd26d3d:142fa7a65f9:-73bb','RUL2491462a:142fa35d130:-5a95','RULADEF-2889615e:142fa67fc85:-7b7c','split_by_qtr',0),('RACT-5e76cf73:14d69e9c549:-6e13','RUL-5e76cf73:14d69e9c549:-7084','rptis.land.actions.UpdateLandDetailValueAdjustment','update-landdetail-adj',0),('RACT-5e76cf73:14d69e9c549:-6e73','RUL-5e76cf73:14d69e9c549:-7084','rptis.land.actions.UpdateLandDetailActualUseAdj','update-landdetail-actualuse-adj',0),('RACT-5e76cf73:14d69e9c549:-6ece','RUL-5e76cf73:14d69e9c549:-7084','rptis.land.actions.UpdateLandDetailAdjustment','update-landdetail-adj',0),('RACT-5e76cf73:14d69e9c549:-7d14','RUL-5e76cf73:14d69e9c549:-7fd4','rptis.land.actions.UpdateAdjustment','update-adj',0),('RACT-5f1e2a32:14adc79522f:-5f77','RUL-5f1e2a32:14adc79522f:-60a1','RULADEF33e8cb24:1423c4b40b2:-7f34','remove_taxfee',0),('RACT-5f7d7056:164efef9fba:-6317','RUL-2486b0ca:146fff66c3e:-4697','rptis.bldg.actions.CalcDepreciationFromSked','calc-depreciation-sked',0),('RACT-60c99d04:1470b276e7f:-7a52','RUL-60c99d04:1470b276e7f:-7ecc','rptis.bldg.actions.CalcBldgUseBMV','calc-bldguse-bmv',0),('RACT-68ca73a4:142c149a9bf:-7c44','RUL2659bca9:142b667ccd3:-7f3f','RULADEF367174cc:141a62bd0d8:-4486','ask_business_info',0),('RACT-68ca73a4:142c149a9bf:-7c66','RUL2659bca9:142b667ccd3:-7f3f','RULADEF367174cc:141a62bd0d8:-4486','ask_business_info',0),('RACT-68ca73a4:142c149a9bf:-7c88','RUL2659bca9:142b667ccd3:-7f3f','RULADEF367174cc:141a62bd0d8:-4486','ask_business_info',0),('RACT-6a56ca9d:17fb9fb27f8:-6574','RUL-6a56ca9d:17fb9fb27f8:-667f','RULADEF367174cc:141a62bd0d8:-4486','ask_business_info',0),('RACT-6a56ca9d:17fb9fb27f8:-6ce6','RUL-6a56ca9d:17fb9fb27f8:-6e08','RULADEF-627533eb:141ed7a179f:-7d7d','compute_regfee',0),('RACT-6c640ca5:1469912956a:-7c16','RUL-6c640ca5:1469912956a:-7ed8','RULADEF367174cc:141a62bd0d8:-4486','ask_business_info',0),('RACT-762e9176:15d067a9c42:-58a6','RUL-762e9176:15d067a9c42:-5aa0','rptis.actions.CalcTotalRPUAssessValue','recalc-rpu-totalav',0),('RACT-79a9a347:15cfcae84de:-6d86','RUL-79a9a347:15cfcae84de:-6f2a','rptis.actions.CalcTotalRPUAssessValue','recalc-rpu-totalav',0),('RACT-79a9a347:15cfcae84de:1100','RUL-79a9a347:15cfcae84de:f6c','rptis.planttree.actions.CalcPlantTreeAssessValue','calc-planttree-av',0),('RACT-a35dd35:14e51ec3311:-5c1b','RUL-a35dd35:14e51ec3311:-5d4c','rptis.misc.actions.CalcMiscRPUMarketValue','calc-rpu-mv',0),('RACT-a35dd35:14e51ec3311:-5c77','RUL-a35dd35:14e51ec3311:-5d4c','rptis.misc.actions.CalcMiscRPUBaseMarketValue','calc-rpu-bmv',0),('RACT-b880e40:166bdcfa0cb:-7690','RUL-b880e40:166bdcfa0cb:-77af','treasury.actions.AddBillItem','add-billitem',0),('RACT-b880e40:166bdcfa0cb:-786e','RUL-b880e40:166bdcfa0cb:-7c8f','treasury.actions.UpdateFieldValue','update-field-value',0),('RACT-b880e40:166bdcfa0cb:-797b','RUL-b880e40:166bdcfa0cb:-7c8f','treasury.actions.UpdateFieldValue','update-field-value',0),('RACT-b880e40:166bdcfa0cb:-7a4d','RUL-b880e40:166bdcfa0cb:-7c8f','treasury.actions.UpdateFieldValue','update-field-value',0),('RACT1441128c:1471efa4c1c:-6b97','RUL1441128c:1471efa4c1c:-6c93','rptis.bldg.actions.CalcAssessLevel','calc-assess-level',0),('RACT1441128c:1471efa4c1c:-6ce7','RUL1441128c:1471efa4c1c:-6eaa','rptis.bldg.actions.AddAssessmentInfo','add-assessment-info',0),('RACT17bb3bc0:16826bf0d4e:-7640','RUL17bb3bc0:16826bf0d4e:-7852','treasury.actions.UpdateFieldValue','update-field-value',0),('RACT1b4af871:14e3cc46e09:-2ef1','RUL1b4af871:14e3cc46e09:-301e','RULADEF1b4af871:14e3cc46e09:-344d','add-derive-var',0),('RACT1b4af871:14e3cc46e09:-3191','RUL1b4af871:14e3cc46e09:-3341','RULADEF1b4af871:14e3cc46e09:-344d','add-derive-var',0),('RACT1dc7a3de:142b70df9f8:-7ec1','RUL1dc7a3de:142b70df9f8:-7fb7','RULADEF-67ecfd73:141f2b84ce7:-7b54','assert_business_info',0),('RACT1e2e986a:14840aab152:-7c28','RUL1e2e986a:14840aab152:-7fc6','RULADEF-7438e141:1481e925549:-7fb5','set_billexpirydate',0),('RACT293356d3:1485cf41677:-6cca','RUL293356d3:1485cf41677:-6f4d','RULADEF40e16e9c:142df3e5af6:-7ad7','calc-interest',0),('RACT293356d3:1485cf41677:-6fc4','RUL293356d3:1485cf41677:-724a','RULADEF40e16e9c:142df3e5af6:-7b1e','calc-propertyav-tax',0),('RACT293356d3:1485cf41677:-7032','RUL293356d3:1485cf41677:-724a','RULADEF40e16e9c:142df3e5af6:-7b41','calc-businessgross-tax',0),('RACT293356d3:1485cf41677:-70d1','RUL293356d3:1485cf41677:-724a','RULADEF40e16e9c:142df3e5af6:-7b7b','calc-basic-tax',0),('RACT293356d3:1485cf41677:-72c2','RUL293356d3:1485cf41677:-75c2','RULADEF-301ea2a7:142daea52cd:-7611','calc-interest',0),('RACT293356d3:1485cf41677:-76cb','RUL293356d3:1485cf41677:-7e53','RULADEF-301ea2a7:142daea52cd:-7707','calc-propertyincome-tax',0),('RACT293356d3:1485cf41677:-774f','RUL293356d3:1485cf41677:-7e53','RULADEF-301ea2a7:142daea52cd:-776c','calc-businessgross-tax',0),('RACT293356d3:1485cf41677:-782c','RUL293356d3:1485cf41677:-7e53','RULADEF-301ea2a7:142daea52cd:-7887','calc-salary-tax',0),('RACT293356d3:1485cf41677:-78c9','RUL293356d3:1485cf41677:-7e53','RULADEF-301ea2a7:142daea52cd:-7ed8','calc-basic-tax',0),('RACT35d5ad64:142c5cb42d2:-7f1c','RUL36552f88:142c18ff1a4:-7f16','RULADEF367174cc:141a62bd0d8:-4486','ask_business_info',0),('RACT3b800abe:14d2b978f55:-60fe','RUL3b800abe:14d2b978f55:-61fb','rptis.bldg.actions.CalcBldgUseMV','calc-bldguse-mv',0),('RACT3b800abe:14d2b978f55:-627d','RUL3b800abe:14d2b978f55:-63a0','rptis.bldg.actions.CalcFloorMV','calc-floor-mv',0),('RACT3b800abe:14d2b978f55:-7c65','RUL3b800abe:14d2b978f55:-7e09','RULADEF-2486b0ca:146fff66c3e:-723b','calc-adj',0),('RACT3e7cce43:16b25a6ae3b:-274e','RUL3e7cce43:16b25a6ae3b:-2ade','rptis.landtax.actions.CalcInterest','calc-interest',0),('RACT3f88d7e:1489ff2d5f1:-3352','RUL6c54cc00:1486224bc82:-3cc1','RULADEF-67ecfd73:141f2b84ce7:-7b54','assert_business_info',0),('RACT3fb43b91:14ccf782188:-5ed3','RUL3fb43b91:14ccf782188:-6008','rptis.planttree.actions.CalcPlantTreeAdjustment','calc-planttree-adjustment',0),('RACT40fb8c21:16b4f90f5b4:-786f','RUL40fb8c21:16b4f90f5b4:-79bd','rptis.actions.CalcRPUAssessValue','recalc-rpuassessment',0),('RACT42da3868:148356b8ecf:-6bb4','RUL-36ba5ccb:1430894b791:-6677','RULADEF-66879e9a:1422b236b58:-7d24','calc_interest',0),('RACT42da3868:148356b8ecf:-6d74','RUL-4fd26d3d:142fa7a65f9:-7200','RULADEF7ee0ab5e:141b6a15885:-7f52','calc_surcharge',0),('RACT44f3353a:1698b4368e8:-73a7','RUL1b4af871:14e3cc46e09:-3341','rptis.actions.AddDeriveVariable','add-derive-var',0),('RACT44f3353a:1698b4368e8:-74f7','RUL1b4af871:14e3cc46e09:-301e','rptis.actions.AddDeriveVariable','add-derive-var',0),('RACT48d0f0c4:169510e76b2:-510f','RUL48d0f0c4:169510e76b2:-59e1','treasury.actions.UpdateFieldValue','update-field-value',0),('RACT49a3c540:14e51feb8f6:-75ac','RUL49a3c540:14e51feb8f6:-77d2','rptis.misc.actions.CalcMiscRPUMarketValue','calc-rpu-mv',0),('RACT49a3c540:14e51feb8f6:-7610','RUL49a3c540:14e51feb8f6:-77d2','rptis.misc.actions.CalcMiscRPUBaseMarketValue','calc-rpu-bmv',0),('RACT49fb6db4:149c7eeb0ca:-54f6','RUL49fb6db4:149c7eeb0ca:-568e','RULADEF-4a532d76:141ff563063:-7ef4','add_requirement',0),('RACT49fb6db4:149c7eeb0ca:-56cd','RUL49fb6db4:149c7eeb0ca:-5780','RULADEF-4a532d76:141ff563063:-7ef4','add_requirement',0),('RACT49fb6db4:149c7eeb0ca:-57f7','RUL49fb6db4:149c7eeb0ca:-5922','RULADEF-4a532d76:141ff563063:-7ef4','add_requirement',0),('RACT49fb6db4:149c7eeb0ca:-5993','RUL6daebb4a:148d65c9a35:-7f80','RULADEF-4a532d76:141ff563063:-7ef4','add_requirement',0),('RACT4e46261d:14f924c6b53:-7b49','RUL4e46261d:14f924c6b53:-7d9b','rptis.bldg.actions.CalcBldgUseDepreciation','calc-bldguse-depreciation',0),('RACT560f5a64:1735a1dbaf4:-76c3','RUL560f5a64:1735a1dbaf4:-788a','rptis.landtax.actions.CalcInterest','calc-interest',0),('RACT587fd625:1529f9e286a:-7bd0','RUL587fd625:1529f9e286a:-7dc7','RULADEF-66879e9a:1422b236b58:-7d24','calc_interest',0),('RACT595d072e:16ee8989737:-5fb9','RUL6daebb4a:148d65c9a35:-7f80','RULADEF-4a532d76:141ff563063:-7ef4','add_requirement',0),('RACT59614e16:14c5e56ecc8:-7c0c','RUL59614e16:14c5e56ecc8:-7cbf','rptis.misc.actions.CalcMarketValue','calc-mv',0),('RACT59614e16:14c5e56ecc8:-7d53','RUL59614e16:14c5e56ecc8:-7dfb','rptis.misc.actions.CalcDepreciation','calc-depreciation',0),('RACT5b4ac915:147baaa06b4:-6be9','RUL5b4ac915:147baaa06b4:-6f31','rptis.land.actions.AddAssessmentInfo','add-assessment-info',0),('RACT5d2ef71:1472236f427:-7ebd','RUL5d2ef71:1472236f427:-7f50','RULADEF367174cc:141a62bd0d8:-4486','ask_business_info',0),('RACT5f10a9aa:1698ea3f7ff:-6abb','RUL5f10a9aa:1698ea3f7ff:-6cba','rptis.actions.AddDeriveVariable','add-derive-var',0),('RACT5ffbdc02:166e7b2c367:-6229','RUL7e02b404:166ae687f42:-5511','rptis.landtax.actions.CalcInterest','calc-interest',0),('RACT6729cd8:166bdeb1f30:-5fb2','RUL6729cd8:166bdeb1f30:-62a4','treasury.actions.AddBillItem','add-billitem',0),('RACT6729cd8:166bdeb1f30:-6a2d','RUL6729cd8:166bdeb1f30:-73c5','treasury.actions.UpdateFieldValue','update-field-value',0),('RACT6729cd8:166bdeb1f30:-7a26','RUL6729cd8:166bdeb1f30:-7ef6','treasury.actions.UpdateFieldValue','update-field-value',0),('RACT695e885:17fbe712f37:-7563','RUL695e885:17fbe712f37:-7731','RULADEF367174cc:141a62bd0d8:-4486','ask_business_info',0),('RACT695e885:17fbe712f37:-792b','RUL695e885:17fbe712f37:-7bed','RULADEF-627533eb:141ed7a179f:-7d7d','compute_regfee',0),('RACT6d174068:14e3de9c20b:-7eeb','RUL6d174068:14e3de9c20b:-7fcb','rptis.misc.actions.CalcMiscRPUAssessValue','calc-rpu-av',0),('RACT6daebb4a:148d65c9a35:-7e96','RUL6daebb4a:148d65c9a35:-7f80','RULADEF-4a532d76:141ff563063:-7ef4','add_requirement',0),('RACT6daebb4a:148d65c9a35:-7eb2','RUL6daebb4a:148d65c9a35:-7f80','RULADEF-4a532d76:141ff563063:-7ef4','add_requirement',0),('RACT6ea11f4c:14ae127feb2:-7cd5','RUL6ea11f4c:14ae127feb2:-7e40','RULADEF33e8cb24:1423c4b40b2:-7f34','remove_taxfee',0),('RACT77d680ba:14885b8719f:-7ab9','RUL77d680ba:14885b8719f:-7c30','RULADEF-7438e141:1481e925549:-7fb5','set_billexpirydate',0),('RACT7ad785a4:1485e323be9:-7d54','RUL7ad785a4:1485e323be9:-7fd0','RULADEF40e16e9c:142df3e5af6:-7b41','calc-businessgross-tax',0),('RACT7ad785a4:1485e323be9:-7d8d','RUL7ad785a4:1485e323be9:-7fd0','RULADEF40e16e9c:142df3e5af6:-7b1e','calc-propertyav-tax',0),('RACT7ad785a4:1485e323be9:-7ec3','RUL7ad785a4:1485e323be9:-7fd0','RULADEF40e16e9c:142df3e5af6:-7b7b','calc-basic-tax',0),('RACT7ff4a1a7:164fdd7d64a:-73e7','RUL7ff4a1a7:164fdd7d64a:-7f02','treasury.actions.AddBillItem','add-billitem',0),('RACTec9d7ab:166235c2e16:-249a','RULec9d7ab:166235c2e16:-255e','rptis.landtax.actions.AddBillItem','add-billitem',0),('RACTec9d7ab:166235c2e16:-2e2e','RULec9d7ab:166235c2e16:-2f1f','rptis.landtax.actions.SetBillExpiryDate','set-bill-expiry',0),('RACTec9d7ab:166235c2e16:-35b3','RULec9d7ab:166235c2e16:-3811','rptis.landtax.actions.SplitLedgerItem','split-bill-item',0),('RACTec9d7ab:166235c2e16:-3879','RULec9d7ab:166235c2e16:-3c17','rptis.landtax.actions.AggregateLedgerItem','aggregate-bill-item',0),('RACTec9d7ab:166235c2e16:-5b6f','RULec9d7ab:166235c2e16:-5fcb','rptis.landtax.actions.SplitByQtr','split-by-qtr',0),('RAf84726b:166bdea1875:-7fbc','RUL6729cd8:166bdeb1f30:-5edf','treasury.actions.AddBillItem','add-billitem',0);
/*!40000 ALTER TABLE `sys_rule_action` ENABLE KEYS */;
UNLOCK TABLES;

--
-- Table structure for table `sys_rule_action_param`
--

DROP TABLE IF EXISTS `sys_rule_action_param`;
/*!40101 SET @saved_cs_client     = @@character_set_client */;
/*!40101 SET character_set_client = utf8 */;
CREATE TABLE `sys_rule_action_param` (
  `objid` varchar(50) NOT NULL,
  `parentid` varchar(50) DEFAULT NULL,
  `actiondefparam_objid` varchar(255) NOT NULL,
  `stringvalue` varchar(255) DEFAULT NULL,
  `booleanvalue` int(11) DEFAULT NULL,
  `var_objid` varchar(50) DEFAULT NULL,
  `var_name` varchar(50) DEFAULT NULL,
  `expr` longtext,
  `exprtype` varchar(25) DEFAULT NULL,
  `pos` int(11) DEFAULT NULL,
  `obj_key` varchar(50) DEFAULT NULL,
  `obj_value` varchar(255) DEFAULT NULL,
  `listvalue` longtext,
  `lov` varchar(50) DEFAULT NULL,
  `rangeoption` int(11) DEFAULT NULL,
  PRIMARY KEY (`objid`),
  KEY `parentid` (`parentid`),
  KEY `var_objid` (`var_objid`),
  CONSTRAINT `sys_rule_action_param_ibfk_1` FOREIGN KEY (`parentid`) REFERENCES `sys_rule_action` (`objid`),
  CONSTRAINT `sys_rule_action_param_ibfk_2` FOREIGN KEY (`var_objid`) REFERENCES `sys_rule_condition_var` (`objid`)
) ENGINE=InnoDB DEFAULT CHARSET=utf8;
/*!40101 SET character_set_client = @saved_cs_client */;

--
-- Dumping data for table `sys_rule_action_param`
--

LOCK TABLES `sys_rule_action_param` WRITE;
/*!40000 ALTER TABLE `sys_rule_action_param` DISABLE KEYS */;
INSERT INTO `sys_rule_action_param` VALUES ('RAP-15f7fe9f:15cf6ec9fa5:-7fbd','RA-15f7fe9f:15cf6ec9fa5:-7fbf','rptis.land.actions.CalcAssessValue.landdetail',NULL,NULL,'RC-15f7fe9f:15cf6ec9fa5:-7fc3','LA',NULL,NULL,NULL,NULL,NULL,NULL,NULL,NULL),('RAP-15f7fe9f:15cf6ec9fa5:-7fbe','RA-15f7fe9f:15cf6ec9fa5:-7fbf','rptis.land.actions.CalcAssessValue.expr',NULL,NULL,NULL,NULL,'@ROUNDTOTEN( MV * AL / 100.0 )','expression',NULL,NULL,NULL,NULL,NULL,NULL),('RAP-17442746:16be936f033:-7e80','RA-17442746:16be936f033:-7e82','rptis.landtax.actions.CalcTax.rptledgeritem',NULL,NULL,'RC-17442746:16be936f033:-7e86','RLI',NULL,NULL,NULL,NULL,NULL,NULL,NULL,NULL),('RAP-17442746:16be936f033:-7e81','RA-17442746:16be936f033:-7e82','rptis.landtax.actions.CalcTax.expr',NULL,NULL,NULL,NULL,'AV * 0.01','expression',NULL,NULL,NULL,NULL,NULL,NULL),('RAP-1b1c40ae:17fb94f690d:-64da','RA-1b1c40ae:17fb94f690d:-64dc','ACTPARAM-627533eb:141ed7a179f:-7d6e',NULL,NULL,NULL,NULL,NULL,NULL,NULL,'IA-52a8262c:132f0315d2e:-7e97','SANITARY FEE',NULL,NULL,NULL),('RAP-1b1c40ae:17fb94f690d:-64db','RA-1b1c40ae:17fb94f690d:-64dc','ACTPARAM-627533eb:141ed7a179f:-7d61',NULL,NULL,NULL,NULL,'180','expression',NULL,NULL,NULL,NULL,NULL,NULL),('RAP-287581a5:180558e600d:-7d58','RA-287581a5:180558e600d:-7d5a','rptis.landtax.actions.CalcDiscount.expr',NULL,NULL,NULL,NULL,'@ROUND(TAX * 0.20)','expression',NULL,NULL,NULL,NULL,NULL,NULL),('RAP-287581a5:180558e600d:-7d59','RA-287581a5:180558e600d:-7d5a','rptis.landtax.actions.CalcDiscount.rptledgeritem',NULL,NULL,'RC-287581a5:180558e600d:-7d5d','RLI',NULL,NULL,NULL,NULL,NULL,NULL,NULL,NULL),('RAP122cd182:16b250d7a42:-1235','RA122cd182:16b250d7a42:-1237','rptis.landtax.actions.CalcInterest.rptledgeritem',NULL,NULL,'RC122cd182:16b250d7a42:-123b','RLI',NULL,NULL,NULL,NULL,NULL,NULL,NULL,NULL),('RAP122cd182:16b250d7a42:-1236','RA122cd182:16b250d7a42:-1237','rptis.landtax.actions.CalcInterest.expr',NULL,NULL,NULL,NULL,'@ROUND(TAX * 0.24)','expression',NULL,NULL,NULL,NULL,NULL,NULL),('RAP122cd182:16b250d7a42:-8f5','RA122cd182:16b250d7a42:-8f7','rptis.landtax.actions.CalcInterest.rptledgeritem',NULL,NULL,'RC122cd182:16b250d7a42:-8fe','RLI',NULL,NULL,NULL,NULL,NULL,NULL,NULL,NULL),('RAP122cd182:16b250d7a42:-8f6','RA122cd182:16b250d7a42:-8f7','rptis.landtax.actions.CalcInterest.expr',NULL,NULL,NULL,NULL,'@ROUND(@IIF( NMON * 0.02 > 0.72, TAX * 0.72, TAX * NMON * 0.02))','expression',NULL,NULL,NULL,NULL,NULL,NULL),('RAP440e47f4:166ae4152f1:-7fba','RA440e47f4:166ae4152f1:-7fbc','rptis.landtax.actions.CreateTaxSummary.rptledgeritem',NULL,NULL,'RC440e47f4:166ae4152f1:-7fc0','RLI',NULL,NULL,NULL,NULL,NULL,NULL,NULL,NULL),('RAP440e47f4:166ae4152f1:-7fbb','RA440e47f4:166ae4152f1:-7fbc','rptis.landtax.actions.CreateTaxSummary.revperiod',NULL,NULL,NULL,NULL,NULL,NULL,NULL,NULL,NULL,NULL,'previous',NULL),('RAP48ce1e31:16b4f267a90:6375','RA48ce1e31:16b4f267a90:6374','ACTPARAM1441128c:1471efa4c1c:-698e',NULL,NULL,'RC48ce1e31:16b4f267a90:636f','BA',NULL,NULL,NULL,NULL,NULL,NULL,NULL,NULL),('RAP48ce1e31:16b4f267a90:6376','RA48ce1e31:16b4f267a90:6374','ACTPARAM1441128c:1471efa4c1c:-6969',NULL,NULL,NULL,NULL,'@ROUNDTOTEN( MV * AL  / 100.0 )','expression',NULL,NULL,NULL,NULL,NULL,NULL),('RAP4d8d2fa0:168164ac044:-689a','RA4d8d2fa0:168164ac044:-689d','treasury.actions.UpdateFieldValue.object',NULL,NULL,'RC4d8d2fa0:168164ac044:-689f','ICTC',NULL,NULL,NULL,NULL,NULL,NULL,NULL,NULL),('RAP4d8d2fa0:168164ac044:-689b','RA4d8d2fa0:168164ac044:-689d','treasury.actions.UpdateFieldValue.fieldname','basictax',NULL,NULL,NULL,NULL,NULL,NULL,NULL,NULL,NULL,NULL,NULL),('RAP4d8d2fa0:168164ac044:-689c','RA4d8d2fa0:168164ac044:-689d','treasury.actions.UpdateFieldValue.value',NULL,NULL,NULL,NULL,'5','expression',NULL,NULL,NULL,NULL,NULL,NULL),('RAP7280357:166235c1be7:-7fa9','RA7280357:166235c1be7:-7fab','rptis.landtax.actions.CreateTaxSummary.rptledgeritem',NULL,NULL,'RC7280357:166235c1be7:-7faf','RLI',NULL,NULL,NULL,NULL,NULL,NULL,NULL,NULL),('RAP7280357:166235c1be7:-7faa','RA7280357:166235c1be7:-7fab','rptis.landtax.actions.CreateTaxSummary.revperiod',NULL,NULL,NULL,NULL,NULL,NULL,NULL,NULL,NULL,NULL,'advance',NULL),('RAP7280357:166235c1be7:-7fb0','RA7280357:166235c1be7:-7fb2','rptis.landtax.actions.CreateTaxSummary.rptledgeritem',NULL,NULL,'RC7280357:166235c1be7:-7fb6','RLI',NULL,NULL,NULL,NULL,NULL,NULL,NULL,NULL),('RAP7280357:166235c1be7:-7fb1','RA7280357:166235c1be7:-7fb2','rptis.landtax.actions.CreateTaxSummary.revperiod',NULL,NULL,NULL,NULL,NULL,NULL,NULL,NULL,NULL,NULL,'current',NULL),('RAP7280357:166235c1be7:-7fb7','RA7280357:166235c1be7:-7fb9','rptis.landtax.actions.SetBillExpiryDate.bill',NULL,NULL,'RC7280357:166235c1be7:-7fc0','BILL',NULL,NULL,NULL,NULL,NULL,NULL,NULL,NULL),('RAP7280357:166235c1be7:-7fb8','RA7280357:166235c1be7:-7fb9','rptis.landtax.actions.SetBillExpiryDate.expr',NULL,NULL,NULL,NULL,'@MONTHEND(@DATE(CY, 12, 1));','expression',NULL,NULL,NULL,NULL,NULL,NULL),('RAP7280357:166235c1be7:-7fca','RA7280357:166235c1be7:-7fcc','rptis.landtax.actions.CalcDiscount.rptledgeritem',NULL,NULL,'RC7280357:166235c1be7:-7fd4','RLI',NULL,NULL,NULL,NULL,NULL,NULL,NULL,NULL),('RAP7280357:166235c1be7:-7fcb','RA7280357:166235c1be7:-7fcc','rptis.landtax.actions.CalcDiscount.expr',NULL,NULL,NULL,NULL,'@ROUND(TAX * 0.20)','expression',NULL,NULL,NULL,NULL,NULL,NULL),('RAPf84726b:166bdea1875:-7fba','RAf84726b:166bdea1875:-7fbc','treasury.actions.AddBillItem.account',NULL,NULL,NULL,NULL,NULL,NULL,NULL,'ITMACCT-7c1f77dd:17f4967754f:-79f5','COMM. TAX - CORPORATION (PENALTY)',NULL,NULL,NULL),('RAPf84726b:166bdea1875:-7fbb','RAf84726b:166bdea1875:-7fbc','treasury.actions.AddBillItem.amount',NULL,NULL,NULL,NULL,'INTEREST','expression',NULL,NULL,NULL,NULL,NULL,NULL),('RULACT-103fed47:146ffb40356:-7c4f','RACT-103fed47:146ffb40356:-7c51','rptis.bldg.actions.CalcBldgAge.expr',NULL,NULL,NULL,NULL,'YRAPPRAISED - YRCOMPLETED','expression',NULL,NULL,NULL,NULL,NULL,NULL),('RULACT-103fed47:146ffb40356:-7c50','RACT-103fed47:146ffb40356:-7c51','rptis.bldg.actions.CalcBldgAge.rpu',NULL,NULL,'RCOND-103fed47:146ffb40356:-7d40','RPU',NULL,NULL,NULL,NULL,NULL,NULL,NULL,NULL),('RULACT-1a2d6e9b:1692d429304:-7607','RACT-1a2d6e9b:1692d429304:-7649','rptis.landtax.actions.AddSef.av',NULL,NULL,NULL,NULL,'AV','expression',NULL,NULL,NULL,NULL,NULL,NULL),('RULACT-1a2d6e9b:1692d429304:-7622','RACT-1a2d6e9b:1692d429304:-7649','rptis.landtax.actions.AddSef.year',NULL,NULL,'RCONST-1a2d6e9b:1692d429304:-7747','YR',NULL,NULL,NULL,NULL,NULL,NULL,NULL,NULL),('RULACT-1a2d6e9b:1692d429304:-7639','RACT-1a2d6e9b:1692d429304:-7649','rptis.landtax.actions.AddSef.avfact',NULL,NULL,'RCOND-1a2d6e9b:1692d429304:-7748','AVINFO',NULL,NULL,NULL,NULL,NULL,NULL,NULL,NULL),('RULACT-1a2d6e9b:1692d429304:-76bc','RACT-1a2d6e9b:1692d429304:-7700','rptis.landtax.actions.AddBasic.av',NULL,NULL,NULL,NULL,'AV','expression',NULL,NULL,NULL,NULL,NULL,NULL),('RULACT-1a2d6e9b:1692d429304:-76d7','RACT-1a2d6e9b:1692d429304:-7700','rptis.landtax.actions.AddBasic.year',NULL,NULL,'RCONST-1a2d6e9b:1692d429304:-7747','YR',NULL,NULL,NULL,NULL,NULL,NULL,NULL,NULL),('RULACT-1a2d6e9b:1692d429304:-76ef','RACT-1a2d6e9b:1692d429304:-7700','rptis.landtax.actions.AddBasic.avfact',NULL,NULL,'RCOND-1a2d6e9b:1692d429304:-7748','AVINFO',NULL,NULL,NULL,NULL,NULL,NULL,NULL,NULL),('RULACT-2486b0ca:146fff66c3e:-2adc','RACT-2486b0ca:146fff66c3e:-2ade','rptis.bldg.actions.CalcBldgUseMV.expr',NULL,NULL,NULL,NULL,'@ROUNDTOTEN( BMV + ADJ - DEP  )','expression',NULL,NULL,NULL,NULL,NULL,NULL),('RULACT-2486b0ca:146fff66c3e:-2add','RACT-2486b0ca:146fff66c3e:-2ade','rptis.bldg.actions.CalcBldgUseMV.bldguse',NULL,NULL,'RCOND-2486b0ca:146fff66c3e:-2bf1','BU',NULL,NULL,NULL,NULL,NULL,NULL,NULL,NULL),('RULACT-2486b0ca:146fff66c3e:-37a0','RACT-2486b0ca:146fff66c3e:-37a2','rptis.bldg.actions.CalcFloorMV.expr',NULL,NULL,NULL,NULL,'@ROUNDTOTEN( BMV + ADJ )','expression',NULL,NULL,NULL,NULL,NULL,NULL),('RULACT-2486b0ca:146fff66c3e:-37a1','RACT-2486b0ca:146fff66c3e:-37a2','rptis.bldg.actions.CalcFloorMV.bldgfloor',NULL,NULL,'RCOND-2486b0ca:146fff66c3e:-3888','BF',NULL,NULL,NULL,NULL,NULL,NULL,NULL,NULL),('RULACT-2486b0ca:146fff66c3e:-3d30','RACT-2486b0ca:146fff66c3e:-3d32','rptis.bldg.actions.CalcBldgUseDepreciation.expr',NULL,NULL,NULL,NULL,'@ROUND( (BMV + ADJUSTMENT ) * DPRATE   / 100.0  , 2)','expression',NULL,NULL,NULL,NULL,NULL,NULL),('RULACT-2486b0ca:146fff66c3e:-3d31','RACT-2486b0ca:146fff66c3e:-3d32','rptis.bldg.actions.CalcBldgUseDepreciation.bldguse',NULL,NULL,'RCOND-2486b0ca:146fff66c3e:-3ed1','BU',NULL,NULL,NULL,NULL,NULL,NULL,NULL,NULL),('RULACT-2486b0ca:146fff66c3e:-6a10','RACT-2486b0ca:146fff66c3e:-6a12','rptis.bldg.actions.CalcFloorBMV.expr',NULL,NULL,NULL,NULL,'AREA * UV','expression',NULL,NULL,NULL,NULL,NULL,NULL),('RULACT-2486b0ca:146fff66c3e:-6a11','RACT-2486b0ca:146fff66c3e:-6a12','rptis.bldg.actions.CalcFloorBMV.bldgfloor',NULL,NULL,'RCOND-2486b0ca:146fff66c3e:-6aad','BF',NULL,NULL,NULL,NULL,NULL,NULL,NULL,NULL),('RULACT-28dc975:156bcab666c:-5e3a','RACT-28dc975:156bcab666c:-5e3c','rptis.actions.CalcTotalRPUAssessValue.expr',NULL,NULL,NULL,NULL,'@ROUNDTOTEN( AV  )','expression',NULL,NULL,NULL,NULL,NULL,NULL),('RULACT-28dc975:156bcab666c:-5e3b','RACT-28dc975:156bcab666c:-5e3c','rptis.actions.CalcTotalRPUAssessValue.rpu',NULL,NULL,'RCOND-28dc975:156bcab666c:-6051','RPU',NULL,NULL,NULL,NULL,NULL,NULL,NULL,NULL),('RULACT-2978ad50:16f8cef45b1:-416e','RACT-2978ad50:16f8cef45b1:-41b9','ACTPARAM-40a13e7c:14687914ed7:-7f4a',NULL,NULL,NULL,NULL,NULL,NULL,NULL,NULL,NULL,NULL,'APPLICATION',NULL),('RULACT-2978ad50:16f8cef45b1:-418b','RACT-2978ad50:16f8cef45b1:-41b9','ACTPARAM-4a532d76:141ff563063:-7edf',NULL,NULL,NULL,NULL,NULL,NULL,NULL,NULL,NULL,NULL,'assessment',NULL),('RULACT-2978ad50:16f8cef45b1:-41a8','RACT-2978ad50:16f8cef45b1:-41b9','ACTPARAM-4a532d76:141ff563063:-7eec',NULL,NULL,NULL,NULL,NULL,NULL,NULL,'BUSINESS_TAX','BUSINESS TAX',NULL,NULL,NULL),('RULACT-2978ad50:16f8cef45b1:-423e','RACT-2978ad50:16f8cef45b1:-42ad','ACTPARAM-40a13e7c:14687914ed7:-7f4a',NULL,NULL,NULL,NULL,NULL,NULL,NULL,NULL,NULL,NULL,'APPLICATION',NULL),('RULACT-2978ad50:16f8cef45b1:-427f','RACT-2978ad50:16f8cef45b1:-42ad','ACTPARAM-4a532d76:141ff563063:-7edf',NULL,NULL,NULL,NULL,NULL,NULL,NULL,NULL,NULL,NULL,'assessment',NULL),('RULACT-2978ad50:16f8cef45b1:-429c','RACT-2978ad50:16f8cef45b1:-42ad','ACTPARAM-4a532d76:141ff563063:-7eec',NULL,NULL,NULL,NULL,NULL,NULL,NULL,'SAN','SANITARY PERMIT',NULL,NULL,NULL),('RULACT-2978ad50:16f8cef45b1:-42c7','RACT-2978ad50:16f8cef45b1:-4312','ACTPARAM-40a13e7c:14687914ed7:-7f4a',NULL,NULL,NULL,NULL,NULL,NULL,NULL,NULL,NULL,NULL,'APPLICATION',NULL),('RULACT-2978ad50:16f8cef45b1:-42e4','RACT-2978ad50:16f8cef45b1:-4312','ACTPARAM-4a532d76:141ff563063:-7edf',NULL,NULL,NULL,NULL,NULL,NULL,NULL,NULL,NULL,NULL,'assessment',NULL),('RULACT-2978ad50:16f8cef45b1:-4301','RACT-2978ad50:16f8cef45b1:-4312','ACTPARAM-4a532d76:141ff563063:-7eec',NULL,NULL,NULL,NULL,NULL,NULL,NULL,'BIR','BIR',NULL,NULL,NULL),('RULACT-2978ad50:16f8cef45b1:-432c','RACT-2978ad50:16f8cef45b1:-4377','ACTPARAM-40a13e7c:14687914ed7:-7f4a',NULL,NULL,NULL,NULL,NULL,NULL,NULL,NULL,NULL,NULL,'APPLICATION',NULL),('RULACT-2978ad50:16f8cef45b1:-4349','RACT-2978ad50:16f8cef45b1:-4377','ACTPARAM-4a532d76:141ff563063:-7edf',NULL,NULL,NULL,NULL,NULL,NULL,NULL,NULL,NULL,NULL,'assessment',NULL),('RULACT-2978ad50:16f8cef45b1:-4366','RACT-2978ad50:16f8cef45b1:-4377','ACTPARAM-4a532d76:141ff563063:-7eec',NULL,NULL,NULL,NULL,NULL,NULL,NULL,'BUHIS','RPT CLEARANCE',NULL,NULL,NULL),('RULACT-2a2ffad2:14adc30d509:-67be','RACT-2a2ffad2:14adc30d509:-67c0','ACTPARAM61c9e5c1:1423cdbf146:-7dcd',NULL,NULL,NULL,NULL,NULL,NULL,NULL,NULL,NULL,NULL,'MAX',NULL),('RULACT-2a2ffad2:14adc30d509:-67bf','RACT-2a2ffad2:14adc30d509:-67c0','ACTPARAM33e8cb24:1423c4b40b2:-6adc',NULL,NULL,'RCOND-2a2ffad2:14adc30d509:-6839','RF',NULL,NULL,NULL,NULL,NULL,NULL,NULL,NULL),('RULACT-2ede6703:16642adb9ce:-7926','RACT-2ede6703:16642adb9ce:-794c','rptis.landtax.actions.SetBillExpiryDate.expr',NULL,NULL,NULL,NULL,'@MONTHEND( BILLDATE )','expression',NULL,NULL,NULL,NULL,NULL,NULL),('RULACT-2ede6703:16642adb9ce:-793c','RACT-2ede6703:16642adb9ce:-794c','rptis.landtax.actions.SetBillExpiryDate.bill',NULL,NULL,'RCOND-2ede6703:16642adb9ce:-7a39','BILL',NULL,NULL,NULL,NULL,NULL,NULL,NULL,NULL),('RULACT-38de162c:1460374650a:-7710','RACT-38de162c:1460374650a:-7712','ACTPARAM72bb01b1:141b1fdca80:-7d98',NULL,NULL,NULL,NULL,'AMTDUE / 2','expression',NULL,NULL,NULL,NULL,NULL,NULL),('RULACT-38de162c:1460374650a:-7711','RACT-38de162c:1460374650a:-7712','ACTPARAM-3f19ce39:141ff0de421:-7e8a',NULL,NULL,'RCOND-38de162c:1460374650a:-783b','BT',NULL,NULL,NULL,NULL,NULL,NULL,NULL,NULL),('RULACT-46fca07e:14c545f3e6a:-32ce','RACT-46fca07e:14c545f3e6a:-32d0','rptis.bldg.actions.CalcFloorBMV.expr',NULL,NULL,NULL,NULL,'@ROUNDTOTEN( BMV)','expression',NULL,NULL,NULL,NULL,NULL,NULL),('RULACT-46fca07e:14c545f3e6a:-32cf','RACT-46fca07e:14c545f3e6a:-32d0','rptis.bldg.actions.CalcFloorBMV.bldgfloor',NULL,NULL,'RCOND-46fca07e:14c545f3e6a:-3353','BF',NULL,NULL,NULL,NULL,NULL,NULL,NULL,NULL),('RULACT-46fca07e:14c545f3e6a:-3420','RACT-46fca07e:14c545f3e6a:-3422','rptis.bldg.actions.CalcBldgUseBMV.expr',NULL,NULL,NULL,NULL,'@ROUNDTOTEN(BMV)','expression',NULL,NULL,NULL,NULL,NULL,NULL),('RULACT-46fca07e:14c545f3e6a:-3421','RACT-46fca07e:14c545f3e6a:-3422','rptis.bldg.actions.CalcBldgUseBMV.bldguse',NULL,NULL,'RCOND-46fca07e:14c545f3e6a:-34b0','BU',NULL,NULL,NULL,NULL,NULL,NULL,NULL,NULL),('RULACT-46fca07e:14c545f3e6a:-763b','RACT-46fca07e:14c545f3e6a:-763d','rptis.land.actions.CalcMarketValue.expr',NULL,NULL,NULL,NULL,' BMV + ADJ','expression',NULL,NULL,NULL,NULL,NULL,NULL),('RULACT-46fca07e:14c545f3e6a:-763c','RACT-46fca07e:14c545f3e6a:-763d','rptis.land.actions.CalcMarketValue.landdetail',NULL,NULL,'RCOND-46fca07e:14c545f3e6a:-7707','LA',NULL,NULL,NULL,NULL,NULL,NULL,NULL,NULL),('RULACT-46fca07e:14c545f3e6a:-77b8','RACT-46fca07e:14c545f3e6a:-77ba','rptis.land.actions.CalcBaseMarketValue.expr',NULL,NULL,NULL,NULL,'@ROUND( AREA * UV, 2)','expression',NULL,NULL,NULL,NULL,NULL,NULL),('RULACT-46fca07e:14c545f3e6a:-77b9','RACT-46fca07e:14c545f3e6a:-77ba','rptis.land.actions.CalcBaseMarketValue.landdetail',NULL,NULL,'RCOND-46fca07e:14c545f3e6a:-786f','LA',NULL,NULL,NULL,NULL,NULL,NULL,NULL,NULL),('RULACT-476b5bbe:1641bbe1a54:-7957','RACT-476b5bbe:1641bbe1a54:-79cd','treasury.actions.UpdateFieldValue.value',NULL,NULL,NULL,NULL,'def d = ( PI / 1000 ); \nreturn @IIF( d > 5000, 5000, d.intValue() );','expression',NULL,NULL,NULL,NULL,NULL,NULL),('RULACT-476b5bbe:1641bbe1a54:-7998','RACT-476b5bbe:1641bbe1a54:-79cd','treasury.actions.UpdateFieldValue.fieldname','propertyincometax',NULL,NULL,NULL,NULL,NULL,NULL,NULL,NULL,NULL,NULL,NULL),('RULACT-476b5bbe:1641bbe1a54:-79b6','RACT-476b5bbe:1641bbe1a54:-79cd','treasury.actions.UpdateFieldValue.object',NULL,NULL,'RCOND-476b5bbe:1641bbe1a54:-7e8c','ICTC',NULL,NULL,NULL,NULL,NULL,NULL,NULL,NULL),('RULACT-476b5bbe:1641bbe1a54:-7a33','RACT-476b5bbe:1641bbe1a54:-7aa9','treasury.actions.UpdateFieldValue.value',NULL,NULL,NULL,NULL,'def d = ( SALARY / 1000 ); \nreturn @IIF( d > 5000, 5000, d.intValue() );','expression',NULL,NULL,NULL,NULL,NULL,NULL),('RULACT-476b5bbe:1641bbe1a54:-7a77','RACT-476b5bbe:1641bbe1a54:-7aa9','treasury.actions.UpdateFieldValue.fieldname','salarytax',NULL,NULL,NULL,NULL,NULL,NULL,NULL,NULL,NULL,NULL,NULL),('RULACT-476b5bbe:1641bbe1a54:-7a95','RACT-476b5bbe:1641bbe1a54:-7aa9','treasury.actions.UpdateFieldValue.object',NULL,NULL,'RCOND-476b5bbe:1641bbe1a54:-7e8c','ICTC',NULL,NULL,NULL,NULL,NULL,NULL,NULL,NULL),('RULACT-476b5bbe:1641bbe1a54:-7b11','RACT-476b5bbe:1641bbe1a54:-7b87','treasury.actions.UpdateFieldValue.value',NULL,NULL,NULL,NULL,'def d = ( BGROSS / 1000 ); \nreturn @IIF( d > 5000, 5000, d.intValue() );','expression',NULL,NULL,NULL,NULL,NULL,NULL),('RULACT-476b5bbe:1641bbe1a54:-7b55','RACT-476b5bbe:1641bbe1a54:-7b87','treasury.actions.UpdateFieldValue.fieldname','businessgrosstax',NULL,NULL,NULL,NULL,NULL,NULL,NULL,NULL,NULL,NULL,NULL),('RULACT-476b5bbe:1641bbe1a54:-7b70','RACT-476b5bbe:1641bbe1a54:-7b87','treasury.actions.UpdateFieldValue.object',NULL,NULL,'RCOND-476b5bbe:1641bbe1a54:-7e8c','ICTC',NULL,NULL,NULL,NULL,NULL,NULL,NULL,NULL),('RULACT-476b5bbe:1641bbe1a54:-7bf7','RACT-476b5bbe:1641bbe1a54:-7c6d','treasury.actions.UpdateFieldValue.value',NULL,NULL,NULL,NULL,'5','expression',NULL,NULL,NULL,NULL,NULL,NULL),('RULACT-476b5bbe:1641bbe1a54:-7c3b','RACT-476b5bbe:1641bbe1a54:-7c6d','treasury.actions.UpdateFieldValue.fieldname','basictax',NULL,NULL,NULL,NULL,NULL,NULL,NULL,NULL,NULL,NULL,NULL),('RULACT-476b5bbe:1641bbe1a54:-7c56','RACT-476b5bbe:1641bbe1a54:-7c6d','treasury.actions.UpdateFieldValue.object',NULL,NULL,'RCOND-476b5bbe:1641bbe1a54:-7e8c','ICTC',NULL,NULL,NULL,NULL,NULL,NULL,NULL,NULL),('RULACT-4dd00f9d:1698f34b282:-7cb0','RACT-4dd00f9d:1698f34b282:-7d0c','rptis.actions.AddDeriveVariable.expr',NULL,NULL,NULL,NULL,'AV','expression',NULL,NULL,NULL,NULL,NULL,NULL),('RULACT-4dd00f9d:1698f34b282:-7cd2','RACT-4dd00f9d:1698f34b282:-7d0c','rptis.actions.AddDeriveVariable.aggregatetype',NULL,NULL,NULL,NULL,NULL,NULL,NULL,NULL,NULL,NULL,'sum',NULL),('RULACT-4dd00f9d:1698f34b282:-7cf1','RACT-4dd00f9d:1698f34b282:-7d0c','rptis.actions.AddDeriveVariable.var',NULL,NULL,NULL,NULL,NULL,NULL,NULL,'TOTAL_AV','TOTAL_AV',NULL,NULL,NULL),('RULACT-4fd26d3d:142fa7a65f9:-73ba','RACT-4fd26d3d:142fa7a65f9:-73bb','ACTPARAM-2889615e:142fa67fc85:-7b71',NULL,NULL,'RCOND-4fd26d3d:142fa7a65f9:-7414','BT',NULL,NULL,NULL,NULL,NULL,NULL,NULL,NULL),('RULACT-5e76cf73:14d69e9c549:-6e11','RACT-5e76cf73:14d69e9c549:-6e13','rptis.land.actions.UpdateLandDetailValueAdjustment.expr',NULL,NULL,NULL,NULL,'@ROUND( LVADJ, 2)','expression',NULL,NULL,NULL,NULL,NULL,NULL),('RULACT-5e76cf73:14d69e9c549:-6e12','RACT-5e76cf73:14d69e9c549:-6e13','rptis.land.actions.UpdateLandDetailValueAdjustment.landdetail',NULL,NULL,'RCOND-5e76cf73:14d69e9c549:-701c','LA',NULL,NULL,NULL,NULL,NULL,NULL,NULL,NULL),('RULACT-5e76cf73:14d69e9c549:-6e71','RACT-5e76cf73:14d69e9c549:-6e73','rptis.land.actions.UpdateLandDetailActualUseAdj.expr',NULL,NULL,NULL,NULL,'@ROUND( AUADJ, 2)','expression',NULL,NULL,NULL,NULL,NULL,NULL),('RULACT-5e76cf73:14d69e9c549:-6e72','RACT-5e76cf73:14d69e9c549:-6e73','rptis.land.actions.UpdateLandDetailActualUseAdj.landdetail',NULL,NULL,'RCOND-5e76cf73:14d69e9c549:-701c','LA',NULL,NULL,NULL,NULL,NULL,NULL,NULL,NULL),('RULACT-5e76cf73:14d69e9c549:-6ecc','RACT-5e76cf73:14d69e9c549:-6ece','rptis.land.actions.UpdateLandDetailAdjustment.expr',NULL,NULL,NULL,NULL,'@ROUND( ADJ, 2)','expression',NULL,NULL,NULL,NULL,NULL,NULL),('RULACT-5e76cf73:14d69e9c549:-6ecd','RACT-5e76cf73:14d69e9c549:-6ece','rptis.land.actions.UpdateLandDetailAdjustment.landdetail',NULL,NULL,'RCOND-5e76cf73:14d69e9c549:-701c','LA',NULL,NULL,NULL,NULL,NULL,NULL,NULL,NULL),('RULACT-5e76cf73:14d69e9c549:-7d12','RACT-5e76cf73:14d69e9c549:-7d14','rptis.land.actions.UpdateAdjustment.expr',NULL,NULL,NULL,NULL,'@ROUND( ADJAMOUNT, 2)','expression',NULL,NULL,NULL,NULL,NULL,NULL),('RULACT-5e76cf73:14d69e9c549:-7d13','RACT-5e76cf73:14d69e9c549:-7d14','rptis.land.actions.UpdateAdjustment.adjustment',NULL,NULL,'RCOND-5e76cf73:14d69e9c549:-7e5d','ADJ',NULL,NULL,NULL,NULL,NULL,NULL,NULL,NULL),('RULACT-5f1e2a32:14adc79522f:-5f76','RACT-5f1e2a32:14adc79522f:-5f77','ACTPARAM33e8cb24:1423c4b40b2:-7e2a',NULL,NULL,'RCOND-5f1e2a32:14adc79522f:-5fe0','BT',NULL,NULL,NULL,NULL,NULL,NULL,NULL,NULL),('RULACT-5f7d7056:164efef9fba:-6315','RACT-5f7d7056:164efef9fba:-6317','ACTPARAM-5f7d7056:164efef9fba:-7004',NULL,NULL,NULL,NULL,NULL,NULL,NULL,NULL,NULL,NULL,NULL,NULL),('RULACT-5f7d7056:164efef9fba:-6316','RACT-5f7d7056:164efef9fba:-6317','rptis.bldg.actions.CalcDepreciationFromSked.bldgstructure',NULL,NULL,'RCOND-2486b0ca:146fff66c3e:-445d','BS',NULL,NULL,NULL,NULL,NULL,NULL,NULL,NULL),('RULACT-60c99d04:1470b276e7f:-7a50','RACT-60c99d04:1470b276e7f:-7a52','rptis.bldg.actions.CalcBldgUseBMV.expr',NULL,NULL,NULL,NULL,'@ROUND( BUAREA * BASEVALUE  )','expression',NULL,NULL,NULL,NULL,NULL,NULL),('RULACT-60c99d04:1470b276e7f:-7a51','RACT-60c99d04:1470b276e7f:-7a52','rptis.bldg.actions.CalcBldgUseBMV.bldguse',NULL,NULL,'RCOND-60c99d04:1470b276e7f:-7dd3','BU',NULL,NULL,NULL,NULL,NULL,NULL,NULL,NULL),('RULACT-68ca73a4:142c149a9bf:-7c41','RACT-68ca73a4:142c149a9bf:-7c44','ACTPARAM7c61bd6d:1423fce917f:-7e73',NULL,NULL,NULL,NULL,NULL,NULL,NULL,NULL,NULL,NULL,NULL,NULL),('RULACT-68ca73a4:142c149a9bf:-7c42','RACT-68ca73a4:142c149a9bf:-7c44','ACTPARAM367174cc:141a62bd0d8:18c4',NULL,NULL,NULL,NULL,NULL,NULL,NULL,'NUM_EMPLOYEE_MALE','NUM_EMPLOYEE_MALE',NULL,NULL,NULL),('RULACT-68ca73a4:142c149a9bf:-7c43','RACT-68ca73a4:142c149a9bf:-7c44','ACTPARAM-42dc4039:141afcf5119:-7e59',NULL,NULL,NULL,NULL,NULL,NULL,NULL,NULL,NULL,NULL,NULL,NULL),('RULACT-68ca73a4:142c149a9bf:-7c63','RACT-68ca73a4:142c149a9bf:-7c66','ACTPARAM7c61bd6d:1423fce917f:-7e73',NULL,NULL,NULL,NULL,NULL,NULL,NULL,NULL,NULL,NULL,NULL,NULL),('RULACT-68ca73a4:142c149a9bf:-7c64','RACT-68ca73a4:142c149a9bf:-7c66','ACTPARAM367174cc:141a62bd0d8:18c4',NULL,NULL,NULL,NULL,NULL,NULL,NULL,'NUM_EMPLOYEE_FEMALE','NUM_EMPLOYEE_FEMALE',NULL,NULL,NULL),('RULACT-68ca73a4:142c149a9bf:-7c65','RACT-68ca73a4:142c149a9bf:-7c66','ACTPARAM-42dc4039:141afcf5119:-7e59',NULL,NULL,NULL,NULL,NULL,NULL,NULL,NULL,NULL,NULL,NULL,NULL),('RULACT-68ca73a4:142c149a9bf:-7c85','RACT-68ca73a4:142c149a9bf:-7c88','ACTPARAM7c61bd6d:1423fce917f:-7e73',NULL,NULL,NULL,NULL,NULL,NULL,NULL,NULL,NULL,NULL,NULL,NULL),('RULACT-68ca73a4:142c149a9bf:-7c86','RACT-68ca73a4:142c149a9bf:-7c88','ACTPARAM367174cc:141a62bd0d8:18c4',NULL,NULL,NULL,NULL,NULL,NULL,NULL,'NUM_EMPLOYEE_RESIDENT','NUM_EMPLOYEE_RESIDENT',NULL,NULL,NULL),('RULACT-68ca73a4:142c149a9bf:-7c87','RACT-68ca73a4:142c149a9bf:-7c88','ACTPARAM-42dc4039:141afcf5119:-7e59',NULL,NULL,NULL,NULL,NULL,NULL,NULL,NULL,NULL,NULL,NULL,NULL),('RULACT-6a56ca9d:17fb9fb27f8:-6516','RACT-6a56ca9d:17fb9fb27f8:-6574','ACTPARAM367174cc:141a62bd0d8:18c4',NULL,NULL,NULL,NULL,NULL,NULL,NULL,'GROSS','GROSS',NULL,NULL,NULL),('RULACT-6a56ca9d:17fb9fb27f8:-6560','RACT-6a56ca9d:17fb9fb27f8:-6574','ACTPARAM-42dc4039:141afcf5119:-7e59',NULL,NULL,'RCOND-6a56ca9d:17fb9fb27f8:-6619','LOB',NULL,NULL,NULL,NULL,NULL,NULL,NULL,NULL),('RULACT-6a56ca9d:17fb9fb27f8:-6cac','RACT-6a56ca9d:17fb9fb27f8:-6ce6','ACTPARAM-627533eb:141ed7a179f:-7d61',NULL,NULL,NULL,NULL,'50','expression',NULL,NULL,NULL,NULL,NULL,NULL),('RULACT-6a56ca9d:17fb9fb27f8:-6ccb','RACT-6a56ca9d:17fb9fb27f8:-6ce6','ACTPARAM-627533eb:141ed7a179f:-7d6e',NULL,NULL,NULL,NULL,NULL,NULL,NULL,'IA-52a8262c:132f0315d2e:-7b84','POLICE CLEARANCE',NULL,NULL,NULL),('RULACT-6c640ca5:1469912956a:-7c13','RACT-6c640ca5:1469912956a:-7c16','ACTPARAM7c61bd6d:1423fce917f:-7e73',NULL,NULL,NULL,NULL,NULL,NULL,NULL,NULL,NULL,NULL,NULL,NULL),('RULACT-6c640ca5:1469912956a:-7c14','RACT-6c640ca5:1469912956a:-7c16','ACTPARAM367174cc:141a62bd0d8:18c4',NULL,NULL,NULL,NULL,NULL,NULL,NULL,'DECLARED_CAPITAL','DECLARED_CAPITAL',NULL,NULL,NULL),('RULACT-6c640ca5:1469912956a:-7c15','RACT-6c640ca5:1469912956a:-7c16','ACTPARAM-42dc4039:141afcf5119:-7e59',NULL,NULL,'RCOND-6c640ca5:1469912956a:-7d0f','LOB',NULL,NULL,NULL,NULL,NULL,NULL,NULL,NULL),('RULACT-762e9176:15d067a9c42:-58a4','RACT-762e9176:15d067a9c42:-58a6','rptis.actions.CalcTotalRPUAssessValue.expr',NULL,NULL,NULL,NULL,'@ROUNDTOTEN( TOTALAV)','expression',NULL,NULL,NULL,NULL,NULL,NULL),('RULACT-762e9176:15d067a9c42:-58a5','RACT-762e9176:15d067a9c42:-58a6','rptis.actions.CalcTotalRPUAssessValue.rpu',NULL,NULL,'RCOND-762e9176:15d067a9c42:-5928','RPU',NULL,NULL,NULL,NULL,NULL,NULL,NULL,NULL),('RULACT-79a9a347:15cfcae84de:-6d84','RACT-79a9a347:15cfcae84de:-6d86','rptis.actions.CalcTotalRPUAssessValue.expr',NULL,NULL,NULL,NULL,'@ROUNDTOTEN(AV );','expression',NULL,NULL,NULL,NULL,NULL,NULL),('RULACT-79a9a347:15cfcae84de:-6d85','RACT-79a9a347:15cfcae84de:-6d86','rptis.actions.CalcTotalRPUAssessValue.rpu',NULL,NULL,'RCOND-79a9a347:15cfcae84de:-6ebc','RPU',NULL,NULL,NULL,NULL,NULL,NULL,NULL,NULL),('RULACT-79a9a347:15cfcae84de:1101','RACT-79a9a347:15cfcae84de:1100','rptis.planttree.actions.CalcPlantTreeAssessValue.planttreedetail',NULL,NULL,'RCOND-79a9a347:15cfcae84de:fb4','PTD',NULL,NULL,NULL,NULL,NULL,NULL,NULL,NULL),('RULACT-79a9a347:15cfcae84de:1102','RACT-79a9a347:15cfcae84de:1100','rptis.planttree.actions.CalcPlantTreeAssessValue.expr',NULL,NULL,NULL,NULL,'@ROUNDTOTEN(MV * AL / 100.0);','expression',NULL,NULL,NULL,NULL,NULL,NULL),('RULACT-a35dd35:14e51ec3311:-5c19','RACT-a35dd35:14e51ec3311:-5c1b','rptis.misc.actions.CalcMiscRPUMarketValue.expr',NULL,NULL,NULL,NULL,'SWORNAMT * (100 - DPRATE ) / 100.0','expression',NULL,NULL,NULL,NULL,NULL,NULL),('RULACT-a35dd35:14e51ec3311:-5c1a','RACT-a35dd35:14e51ec3311:-5c1b','rptis.misc.actions.CalcMiscRPUMarketValue.miscrpu',NULL,NULL,'RCOND-a35dd35:14e51ec3311:-5d14','MRPU',NULL,NULL,NULL,NULL,NULL,NULL,NULL,NULL),('RULACT-a35dd35:14e51ec3311:-5c75','RACT-a35dd35:14e51ec3311:-5c77','rptis.misc.actions.CalcMiscRPUBaseMarketValue.expr',NULL,NULL,NULL,NULL,'SWORNAMT * (100 - DPRATE ) / 100.0','expression',NULL,NULL,NULL,NULL,NULL,NULL),('RULACT-a35dd35:14e51ec3311:-5c76','RACT-a35dd35:14e51ec3311:-5c77','rptis.misc.actions.CalcMiscRPUBaseMarketValue.miscrpu',NULL,NULL,'RCOND-a35dd35:14e51ec3311:-5d14','MRPU',NULL,NULL,NULL,NULL,NULL,NULL,NULL,NULL),('RULACT-b880e40:166bdcfa0cb:-760d','RACT-b880e40:166bdcfa0cb:-7690','treasury.actions.AddBillItem.amount',NULL,NULL,NULL,NULL,'TOTALTAX','expression',NULL,NULL,NULL,NULL,NULL,NULL),('RULACT-b880e40:166bdcfa0cb:-765a','RACT-b880e40:166bdcfa0cb:-7690','treasury.actions.AddBillItem.account',NULL,NULL,NULL,NULL,NULL,NULL,NULL,'IA32902552:134ab29a375:-7970','COMM. TAX - CORPORATION',NULL,NULL,NULL),('RULACT-b880e40:166bdcfa0cb:-7800','RACT-b880e40:166bdcfa0cb:-786e','treasury.actions.UpdateFieldValue.value',NULL,NULL,NULL,NULL,'500','expression',NULL,NULL,NULL,NULL,NULL,NULL),('RULACT-b880e40:166bdcfa0cb:-7837','RACT-b880e40:166bdcfa0cb:-786e','treasury.actions.UpdateFieldValue.fieldname','basictax',NULL,NULL,NULL,NULL,NULL,NULL,NULL,NULL,NULL,NULL,NULL),('RULACT-b880e40:166bdcfa0cb:-7856','RACT-b880e40:166bdcfa0cb:-786e','treasury.actions.UpdateFieldValue.object',NULL,NULL,'RCOND-b880e40:166bdcfa0cb:-7c3d','CORPCTC',NULL,NULL,NULL,NULL,NULL,NULL,NULL,NULL),('RULACT-b880e40:166bdcfa0cb:-790b','RACT-b880e40:166bdcfa0cb:-797b','treasury.actions.UpdateFieldValue.value',NULL,NULL,NULL,NULL,'def d = ( BGROSS / 5000 ) * 2;\nreturn @IIF(   d > 10000, 10000, d  );','expression',NULL,NULL,NULL,NULL,NULL,NULL),('RULACT-b880e40:166bdcfa0cb:-7942','RACT-b880e40:166bdcfa0cb:-797b','treasury.actions.UpdateFieldValue.fieldname','businessgrosstax',NULL,NULL,NULL,NULL,NULL,NULL,NULL,NULL,NULL,NULL,NULL),('RULACT-b880e40:166bdcfa0cb:-7961','RACT-b880e40:166bdcfa0cb:-797b','treasury.actions.UpdateFieldValue.object',NULL,NULL,'RCOND-b880e40:166bdcfa0cb:-7c3d','CORPCTC',NULL,NULL,NULL,NULL,NULL,NULL,NULL,NULL),('RULACT-b880e40:166bdcfa0cb:-79df','RACT-b880e40:166bdcfa0cb:-7a4d','treasury.actions.UpdateFieldValue.value',NULL,NULL,NULL,NULL,'def d = ( RPAV / 5000 ) * 2;\nreturn @IIF(   d > 10000, 10000, d  );','expression',NULL,NULL,NULL,NULL,NULL,NULL),('RULACT-b880e40:166bdcfa0cb:-7a16','RACT-b880e40:166bdcfa0cb:-7a4d','treasury.actions.UpdateFieldValue.fieldname','propertyavtax',NULL,NULL,NULL,NULL,NULL,NULL,NULL,NULL,NULL,NULL,NULL),('RULACT-b880e40:166bdcfa0cb:-7a35','RACT-b880e40:166bdcfa0cb:-7a4d','treasury.actions.UpdateFieldValue.object',NULL,NULL,'RCOND-b880e40:166bdcfa0cb:-7c3d','CORPCTC',NULL,NULL,NULL,NULL,NULL,NULL,NULL,NULL),('RULACT1441128c:1471efa4c1c:-6b96','RACT1441128c:1471efa4c1c:-6b97','rptis.bldg.actions.CalcAssessLevel.assessment',NULL,NULL,'RCOND1441128c:1471efa4c1c:-6c2f','BA',NULL,NULL,NULL,NULL,NULL,NULL,NULL,NULL),('RULACT1441128c:1471efa4c1c:-6ce5','RACT1441128c:1471efa4c1c:-6ce7','rptis.bldg.actions.AddAssessmentInfo.actualuseid',NULL,NULL,'RCONST1441128c:1471efa4c1c:-6d47','ACTUALUSE',NULL,NULL,NULL,NULL,NULL,NULL,NULL,NULL),('RULACT1441128c:1471efa4c1c:-6ce6','RACT1441128c:1471efa4c1c:-6ce7','rptis.bldg.actions.AddAssessmentInfo.bldguse',NULL,NULL,'RCOND1441128c:1471efa4c1c:-6d84','BU',NULL,NULL,NULL,NULL,NULL,NULL,NULL,NULL),('RULACT17bb3bc0:16826bf0d4e:-75e7','RACT17bb3bc0:16826bf0d4e:-7640','treasury.actions.UpdateFieldValue.value',NULL,NULL,NULL,NULL,'0','expression',NULL,NULL,NULL,NULL,NULL,NULL),('RULACT17bb3bc0:16826bf0d4e:-7617','RACT17bb3bc0:16826bf0d4e:-7640','treasury.actions.UpdateFieldValue.fieldname','basictax',NULL,NULL,NULL,NULL,NULL,NULL,NULL,NULL,NULL,NULL,NULL),('RULACT17bb3bc0:16826bf0d4e:-762f','RACT17bb3bc0:16826bf0d4e:-7640','treasury.actions.UpdateFieldValue.object',NULL,NULL,'RCOND17bb3bc0:16826bf0d4e:-7800','CCTC',NULL,NULL,NULL,NULL,NULL,NULL,NULL,NULL),('RULACT1b4af871:14e3cc46e09:-2eed','RACT1b4af871:14e3cc46e09:-2ef1','ACTPARAM1b4af871:14e3cc46e09:-33b8',NULL,NULL,NULL,NULL,'MV','expression',NULL,NULL,NULL,NULL,NULL,NULL),('RULACT1b4af871:14e3cc46e09:-2eee','RACT1b4af871:14e3cc46e09:-2ef1','ACTPARAM1b4af871:14e3cc46e09:-341d',NULL,NULL,NULL,NULL,NULL,NULL,NULL,NULL,NULL,NULL,'sum',NULL),('RULACT1b4af871:14e3cc46e09:-2eef','RACT1b4af871:14e3cc46e09:-2ef1','ACTPARAM1b4af871:14e3cc46e09:-342a',NULL,NULL,NULL,NULL,NULL,NULL,NULL,'TOTAL_MV','TOTAL_MV',NULL,NULL,NULL),('RULACT1b4af871:14e3cc46e09:-2ef0','RACT1b4af871:14e3cc46e09:-2ef1','ACTPARAM1b4af871:14e3cc46e09:-343a',NULL,NULL,'RCONST49a3c540:14e51feb8f6:-67ae','REFID',NULL,NULL,NULL,NULL,NULL,NULL,NULL,NULL),('RULACT1b4af871:14e3cc46e09:-318d','RACT1b4af871:14e3cc46e09:-3191','ACTPARAM1b4af871:14e3cc46e09:-33b8',NULL,NULL,NULL,NULL,'BMV','expression',NULL,NULL,NULL,NULL,NULL,NULL),('RULACT1b4af871:14e3cc46e09:-318e','RACT1b4af871:14e3cc46e09:-3191','ACTPARAM1b4af871:14e3cc46e09:-341d',NULL,NULL,NULL,NULL,NULL,NULL,NULL,NULL,NULL,NULL,'sum',NULL),('RULACT1b4af871:14e3cc46e09:-318f','RACT1b4af871:14e3cc46e09:-3191','ACTPARAM1b4af871:14e3cc46e09:-342a',NULL,NULL,NULL,NULL,NULL,NULL,NULL,'TOTAL_BMV','TOTAL_BMV',NULL,NULL,NULL),('RULACT1b4af871:14e3cc46e09:-3190','RACT1b4af871:14e3cc46e09:-3191','ACTPARAM1b4af871:14e3cc46e09:-343a',NULL,NULL,'RCONST49a3c540:14e51feb8f6:-6bc7','REFID',NULL,NULL,NULL,NULL,NULL,NULL,NULL,NULL),('RULACT1dc7a3de:142b70df9f8:-7ebe','RACT1dc7a3de:142b70df9f8:-7ec1','ACTPARAM-67ecfd73:141f2b84ce7:-79b7',NULL,NULL,NULL,NULL,'NUM_EMPLOYEE_FEMALE + NUM_EMPLOYEE_MALE','expression',NULL,NULL,NULL,NULL,NULL,NULL),('RULACT1dc7a3de:142b70df9f8:-7ebf','RACT1dc7a3de:142b70df9f8:-7ec1','ACTPARAM-67ecfd73:141f2b84ce7:-7a33',NULL,NULL,NULL,NULL,NULL,NULL,NULL,'NUM_EMPLOYEE','NUM_EMPLOYEE',NULL,NULL,NULL),('RULACT1dc7a3de:142b70df9f8:-7ec0','RACT1dc7a3de:142b70df9f8:-7ec1','ACTPARAM-67ecfd73:141f2b84ce7:-7b4c',NULL,NULL,NULL,NULL,NULL,NULL,NULL,NULL,NULL,NULL,NULL,NULL),('RULACT1e2e986a:14840aab152:-7c27','RACT1e2e986a:14840aab152:-7c28','ACTPARAM-7438e141:1481e925549:-7fac',NULL,NULL,NULL,NULL,'if( BILLDATE <= DUEDATE ) \n    return DUEDATE;\nelse  \n   return @MONTHEND(  BILLDATE  );\n\n   ','expression',NULL,NULL,NULL,NULL,NULL,NULL),('RULACT293356d3:1485cf41677:-6cc7','RACT293356d3:1485cf41677:-6cca','ACTPARAM40e16e9c:142df3e5af6:-7abf',NULL,NULL,NULL,NULL,'TOTALTAX*CMONTH*0.02','expression',NULL,NULL,NULL,NULL,NULL,NULL),('RULACT293356d3:1485cf41677:-6cc8','RACT293356d3:1485cf41677:-6cca','ACTPARAM40e16e9c:142df3e5af6:-7acc',NULL,NULL,NULL,NULL,NULL,NULL,NULL,'REVITEM293356d3:1485cf41677:-7aa3','CTC CORPORATION PENALTY',NULL,NULL,NULL),('RULACT293356d3:1485cf41677:-6cc9','RACT293356d3:1485cf41677:-6cca','ACTPARAM40e16e9c:142df3e5af6:-6fed',NULL,NULL,'RCOND293356d3:1485cf41677:-6e49','CTCC',NULL,NULL,NULL,NULL,NULL,NULL,NULL,NULL),('RULACT293356d3:1485cf41677:-6fc2','RACT293356d3:1485cf41677:-6fc4','ACTPARAM40e16e9c:142df3e5af6:-7b13',NULL,NULL,NULL,NULL,'(RPAV/5000)*2','expression',NULL,NULL,NULL,NULL,NULL,NULL),('RULACT293356d3:1485cf41677:-6fc3','RACT293356d3:1485cf41677:-6fc4','ACTPARAM40e16e9c:142df3e5af6:-704f',NULL,NULL,'RCOND293356d3:1485cf41677:-71b9','CTCC',NULL,NULL,NULL,NULL,NULL,NULL,NULL,NULL),('RULACT293356d3:1485cf41677:-7030','RACT293356d3:1485cf41677:-7032','ACTPARAM40e16e9c:142df3e5af6:-7b36',NULL,NULL,NULL,NULL,'(BGROSS/5000)*2 ','expression',NULL,NULL,NULL,NULL,NULL,NULL),('RULACT293356d3:1485cf41677:-7031','RACT293356d3:1485cf41677:-7032','ACTPARAM40e16e9c:142df3e5af6:-7073',NULL,NULL,'RCOND293356d3:1485cf41677:-71b9','CTCC',NULL,NULL,NULL,NULL,NULL,NULL,NULL,NULL),('RULACT293356d3:1485cf41677:-70ce','RACT293356d3:1485cf41677:-70d1','ACTPARAM40e16e9c:142df3e5af6:-7b62',NULL,NULL,NULL,NULL,'500.00','expression',NULL,NULL,NULL,NULL,NULL,NULL),('RULACT293356d3:1485cf41677:-70cf','RACT293356d3:1485cf41677:-70d1','ACTPARAM40e16e9c:142df3e5af6:-7b70',NULL,NULL,NULL,NULL,NULL,NULL,NULL,'REVITEM-24c04a60:14839fb01f6:-53c2','CTC CORPORATION',NULL,NULL,NULL),('RULACT293356d3:1485cf41677:-70d0','RACT293356d3:1485cf41677:-70d1','ACTPARAM40e16e9c:142df3e5af6:-70b1',NULL,NULL,'RCOND293356d3:1485cf41677:-71b9','CTCC',NULL,NULL,NULL,NULL,NULL,NULL,NULL,NULL),('RULACT293356d3:1485cf41677:-72bf','RACT293356d3:1485cf41677:-72c2','ACTPARAM-301ea2a7:142daea52cd:-75fd',NULL,NULL,NULL,NULL,'TOTALTAX*CMONTH*0.02','expression',NULL,NULL,NULL,NULL,NULL,NULL),('RULACT293356d3:1485cf41677:-72c0','RACT293356d3:1485cf41677:-72c2','ACTPARAM-7387c51c:142dbad3349:-77cd',NULL,NULL,NULL,NULL,NULL,NULL,NULL,'REVITEM-7ab811b6:14931566daa:-7ad6','COMMUNITY TAX CERTIFICATE INTEREST',NULL,NULL,NULL),('RULACT293356d3:1485cf41677:-72c1','RACT293356d3:1485cf41677:-72c2','ACTPARAM-301ea2a7:142daea52cd:-7606',NULL,NULL,'RCOND293356d3:1485cf41677:-7480','CTCI',NULL,NULL,NULL,NULL,NULL,NULL,NULL,NULL),('RULACT293356d3:1485cf41677:-76c9','RACT293356d3:1485cf41677:-76cb','ACTPARAM-301ea2a7:142daea52cd:-76f5',NULL,NULL,NULL,NULL,'PI/1000','expression',NULL,NULL,NULL,NULL,NULL,NULL),('RULACT293356d3:1485cf41677:-76ca','RACT293356d3:1485cf41677:-76cb','ACTPARAM-301ea2a7:142daea52cd:-76fc',NULL,NULL,'RCOND293356d3:1485cf41677:-7e26','CTCI',NULL,NULL,NULL,NULL,NULL,NULL,NULL,NULL),('RULACT293356d3:1485cf41677:-774d','RACT293356d3:1485cf41677:-774f','ACTPARAM-301ea2a7:142daea52cd:-773d',NULL,NULL,NULL,NULL,'BGROSS/1000','expression',NULL,NULL,NULL,NULL,NULL,NULL),('RULACT293356d3:1485cf41677:-774e','RACT293356d3:1485cf41677:-774f','ACTPARAM-301ea2a7:142daea52cd:-7744',NULL,NULL,'RCOND293356d3:1485cf41677:-7e26','CTCI',NULL,NULL,NULL,NULL,NULL,NULL,NULL,NULL),('RULACT293356d3:1485cf41677:-782a','RACT293356d3:1485cf41677:-782c','ACTPARAM-301ea2a7:142daea52cd:-7875',NULL,NULL,NULL,NULL,'SALARY/1000','expression',NULL,NULL,NULL,NULL,NULL,NULL),('RULACT293356d3:1485cf41677:-782b','RACT293356d3:1485cf41677:-782c','ACTPARAM-301ea2a7:142daea52cd:-787c',NULL,NULL,'RCOND293356d3:1485cf41677:-7e26','CTCI',NULL,NULL,NULL,NULL,NULL,NULL,NULL,NULL),('RULACT293356d3:1485cf41677:-78c6','RACT293356d3:1485cf41677:-78c9','ACTPARAM-301ea2a7:142daea52cd:-7ebc',NULL,NULL,NULL,NULL,'5.00','expression',NULL,NULL,NULL,NULL,NULL,NULL),('RULACT293356d3:1485cf41677:-78c7','RACT293356d3:1485cf41677:-78c9','ACTPARAM-7387c51c:142dbad3349:-7801',NULL,NULL,NULL,NULL,NULL,NULL,NULL,'REVITEM-51592cfb:148c8766126:-79a0','COMMUNITY TAX CERTIFICATE INDIVIDUAL',NULL,NULL,NULL),('RULACT293356d3:1485cf41677:-78c8','RACT293356d3:1485cf41677:-78c9','ACTPARAM-301ea2a7:142daea52cd:-7ec3',NULL,NULL,'RCOND293356d3:1485cf41677:-7e26','CTCI',NULL,NULL,NULL,NULL,NULL,NULL,NULL,NULL),('RULACT35d5ad64:142c5cb42d2:-7f19','RACT35d5ad64:142c5cb42d2:-7f1c','ACTPARAM7c61bd6d:1423fce917f:-7e73',NULL,NULL,NULL,NULL,NULL,NULL,NULL,NULL,NULL,NULL,NULL,NULL),('RULACT35d5ad64:142c5cb42d2:-7f1a','RACT35d5ad64:142c5cb42d2:-7f1c','ACTPARAM367174cc:141a62bd0d8:18c4',NULL,NULL,NULL,NULL,NULL,NULL,NULL,'AREA_SQM','AREA_SQM',NULL,NULL,NULL),('RULACT35d5ad64:142c5cb42d2:-7f1b','RACT35d5ad64:142c5cb42d2:-7f1c','ACTPARAM-42dc4039:141afcf5119:-7e59',NULL,NULL,NULL,NULL,NULL,NULL,NULL,NULL,NULL,NULL,NULL,NULL),('RULACT3b800abe:14d2b978f55:-60fc','RACT3b800abe:14d2b978f55:-60fe','rptis.bldg.actions.CalcBldgUseMV.expr',NULL,NULL,NULL,NULL,'@ROUNDTOTEN(MV)','expression',NULL,NULL,NULL,NULL,NULL,NULL),('RULACT3b800abe:14d2b978f55:-60fd','RACT3b800abe:14d2b978f55:-60fe','rptis.bldg.actions.CalcBldgUseMV.bldguse',NULL,NULL,'RCOND3b800abe:14d2b978f55:-6196','BU',NULL,NULL,NULL,NULL,NULL,NULL,NULL,NULL),('RULACT3b800abe:14d2b978f55:-627b','RACT3b800abe:14d2b978f55:-627d','rptis.bldg.actions.CalcFloorMV.expr',NULL,NULL,NULL,NULL,'@ROUNDTOTEN( MV )','expression',NULL,NULL,NULL,NULL,NULL,NULL),('RULACT3b800abe:14d2b978f55:-627c','RACT3b800abe:14d2b978f55:-627d','rptis.bldg.actions.CalcFloorMV.bldgfloor',NULL,NULL,'RCOND3b800abe:14d2b978f55:-6339','BF',NULL,NULL,NULL,NULL,NULL,NULL,NULL,NULL),('RULACT3b800abe:14d2b978f55:-7c62','RACT3b800abe:14d2b978f55:-7c65','ACTPARAM-2486b0ca:146fff66c3e:-7204',NULL,NULL,NULL,NULL,'@ROUND(ADJAMOUNT, 2)','expression',NULL,NULL,NULL,NULL,NULL,NULL),('RULACT3b800abe:14d2b978f55:-7c63','RACT3b800abe:14d2b978f55:-7c65','ACTPARAM102ab3e1:147190e9fe4:-f75',NULL,NULL,NULL,NULL,NULL,NULL,NULL,NULL,NULL,NULL,NULL,NULL),('RULACT3b800abe:14d2b978f55:-7c64','RACT3b800abe:14d2b978f55:-7c65','ACTPARAM-2486b0ca:146fff66c3e:-7224',NULL,NULL,'RCOND3b800abe:14d2b978f55:-7d69','ADJ',NULL,NULL,NULL,NULL,NULL,NULL,NULL,NULL),('RULACT3e7cce43:16b25a6ae3b:-2728','RACT3e7cce43:16b25a6ae3b:-274e','rptis.landtax.actions.CalcInterest.expr',NULL,NULL,NULL,NULL,'@ROUND(TAX * NMON * 0.02)','expression',NULL,NULL,NULL,NULL,NULL,NULL),('RULACT3e7cce43:16b25a6ae3b:-273e','RACT3e7cce43:16b25a6ae3b:-274e','rptis.landtax.actions.CalcInterest.rptledgeritem',NULL,NULL,'RC122cd182:16b250d7a42:-e9f','RLI',NULL,NULL,NULL,NULL,NULL,NULL,NULL,NULL),('RULACT3f88d7e:1489ff2d5f1:-334f','RACT3f88d7e:1489ff2d5f1:-3352','ACTPARAM-67ecfd73:141f2b84ce7:-79b7',NULL,NULL,NULL,NULL,'int a = 0;\nint b = 0;\n\nif( ASSET_SIZE <= 500000 ) a=0;\nelse if( ASSET_SIZE <= 5000000 ) a=1;\nelse if( ASSET_SIZE <= 20000000 ) a=2;\nelse a=3;\n\nif( NUM_EMPLOYEE <=10 ) b=0;\nelse if( NUM_EMPLOYEE <= 99 ) b=1;\nelse if( NUM_EMPLOYEE <= 199) b=2;\nelse b=3;\n\nint c = (a>b) ? a: b;\n\nif(c==0) return \'COTTAGE\';\nelse if(c==1) return \'SMALL\';\nelse if(c==2) return \'MEDIUM\';\nelse return \'LARGE\'; \n','expression',NULL,NULL,NULL,NULL,NULL,NULL),('RULACT3f88d7e:1489ff2d5f1:-3350','RACT3f88d7e:1489ff2d5f1:-3352','ACTPARAM-67ecfd73:141f2b84ce7:-7a33',NULL,NULL,NULL,NULL,NULL,NULL,NULL,'BUSINESS_CHARACTERISTIC','BUSINESS_CHARACTERISTIC',NULL,NULL,NULL),('RULACT3f88d7e:1489ff2d5f1:-3351','RACT3f88d7e:1489ff2d5f1:-3352','ACTPARAM-67ecfd73:141f2b84ce7:-7b4c',NULL,NULL,NULL,NULL,NULL,NULL,NULL,NULL,NULL,NULL,NULL,NULL),('RULACT3fb43b91:14ccf782188:-5ed1','RACT3fb43b91:14ccf782188:-5ed3','rptis.planttree.actions.CalcPlantTreeAdjustment.expr',NULL,NULL,NULL,NULL,'@ROUND( BMV * ADJRATE / 100.0, 0)','expression',NULL,NULL,NULL,NULL,NULL,NULL),('RULACT3fb43b91:14ccf782188:-5ed2','RACT3fb43b91:14ccf782188:-5ed3','rptis.planttree.actions.CalcPlantTreeAdjustment.planttreedetail',NULL,NULL,'RCOND3fb43b91:14ccf782188:-5fd2','PTD',NULL,NULL,NULL,NULL,NULL,NULL,NULL,NULL),('RULACT40fb8c21:16b4f90f5b4:-784f','RACT40fb8c21:16b4f90f5b4:-786f','rptis.actions.CalcRPUAssessValue.expr',NULL,NULL,NULL,NULL,'@ROUNDTOTEN(AV)','expression',NULL,NULL,NULL,NULL,NULL,NULL),('RULACT40fb8c21:16b4f90f5b4:-7862','RACT40fb8c21:16b4f90f5b4:-786f','rptis.actions.CalcRPUAssessValue.rpuassessment',NULL,NULL,'RCOND40fb8c21:16b4f90f5b4:-7972','RA',NULL,NULL,NULL,NULL,NULL,NULL,NULL,NULL),('RULACT42da3868:148356b8ecf:-6bb1','RACT42da3868:148356b8ecf:-6bb4','ACTPARAM42da3868:148356b8ecf:-6e77',NULL,NULL,NULL,NULL,NULL,NULL,NULL,'IA4dfadde2:132ec81be1e:-7e50','BUSINESS INTEREST',NULL,NULL,NULL),('RULACT42da3868:148356b8ecf:-6bb2','RACT42da3868:148356b8ecf:-6bb4','ACTPARAM-66879e9a:1422b236b58:-7b40',NULL,NULL,NULL,NULL,'double d = 0.02 * (@MONTHDIFF( BEGINQTRDATE , BILLDATE ) + 1);\nreturn (SURCHRG+AMTDUE) * @IIF( d > 0.72 ,0.72 , d );','expression',NULL,NULL,NULL,NULL,NULL,NULL),('RULACT42da3868:148356b8ecf:-6bb3','RACT42da3868:148356b8ecf:-6bb4','ACTPARAM-66879e9a:1422b236b58:-7b47',NULL,NULL,'RCOND-3dc4dd90:14451e4a9d5:-6e9e','BT',NULL,NULL,NULL,NULL,NULL,NULL,NULL,NULL),('RULACT42da3868:148356b8ecf:-6d71','RACT42da3868:148356b8ecf:-6d74','ACTPARAM42da3868:148356b8ecf:-6e97',NULL,NULL,NULL,NULL,NULL,NULL,NULL,'IA5f138be2:1350d05b4b7:-791a','BUSINESS SURCHARGE',NULL,NULL,NULL),('RULACT42da3868:148356b8ecf:-6d72','RACT42da3868:148356b8ecf:-6d74','ACTPARAM7ee0ab5e:141b6a15885:-7f4c',NULL,NULL,NULL,NULL,'AMT * 0.25','expression',NULL,NULL,NULL,NULL,NULL,NULL),('RULACT42da3868:148356b8ecf:-6d73','RACT42da3868:148356b8ecf:-6d74','ACTPARAM-66879e9a:1422b236b58:-7ca9',NULL,NULL,'RCOND-4fd26d3d:142fa7a65f9:-7124','BT',NULL,NULL,NULL,NULL,NULL,NULL,NULL,NULL),('RULACT44f3353a:1698b4368e8:-7345','RACT44f3353a:1698b4368e8:-73a7','rptis.actions.AddDeriveVariable.expr',NULL,NULL,NULL,NULL,'BMV','expression',NULL,NULL,NULL,NULL,NULL,NULL),('RULACT44f3353a:1698b4368e8:-7367','RACT44f3353a:1698b4368e8:-73a7','rptis.actions.AddDeriveVariable.aggregatetype',NULL,NULL,NULL,NULL,NULL,NULL,NULL,NULL,NULL,NULL,'sum',NULL),('RULACT44f3353a:1698b4368e8:-738c','RACT44f3353a:1698b4368e8:-73a7','rptis.actions.AddDeriveVariable.var',NULL,NULL,NULL,NULL,NULL,NULL,NULL,'TOTAL_BMV','TOTAL_BMV',NULL,NULL,NULL),('RULACT44f3353a:1698b4368e8:-748e','RACT44f3353a:1698b4368e8:-74f7','rptis.actions.AddDeriveVariable.expr',NULL,NULL,NULL,NULL,'MV','expression',NULL,NULL,NULL,NULL,NULL,NULL),('RULACT44f3353a:1698b4368e8:-74b6','RACT44f3353a:1698b4368e8:-74f7','rptis.actions.AddDeriveVariable.aggregatetype',NULL,NULL,NULL,NULL,NULL,NULL,NULL,NULL,NULL,NULL,'sum',NULL),('RULACT44f3353a:1698b4368e8:-74db','RACT44f3353a:1698b4368e8:-74f7','rptis.actions.AddDeriveVariable.var',NULL,NULL,NULL,NULL,NULL,NULL,NULL,'TOTAL_MV','TOTAL_MV',NULL,NULL,NULL),('RULACT48d0f0c4:169510e76b2:-50a9','RACT48d0f0c4:169510e76b2:-510f','treasury.actions.UpdateFieldValue.value',NULL,NULL,NULL,NULL,'@ROUND( (@MONTH( CDATE  ) * 0.02) * TOTALTAX )','expression',NULL,NULL,NULL,NULL,NULL,NULL),('RULACT48d0f0c4:169510e76b2:-50de','RACT48d0f0c4:169510e76b2:-510f','treasury.actions.UpdateFieldValue.fieldname','interest',NULL,NULL,NULL,NULL,NULL,NULL,NULL,NULL,NULL,NULL,NULL),('RULACT48d0f0c4:169510e76b2:-50fb','RACT48d0f0c4:169510e76b2:-510f','treasury.actions.UpdateFieldValue.object',NULL,NULL,'RCOND48d0f0c4:169510e76b2:-52c2','CCTC',NULL,NULL,NULL,NULL,NULL,NULL,NULL,NULL),('RULACT49a3c540:14e51feb8f6:-75aa','RACT49a3c540:14e51feb8f6:-75ac','rptis.misc.actions.CalcMiscRPUMarketValue.expr',NULL,NULL,NULL,NULL,'TOTALMV','expression',NULL,NULL,NULL,NULL,NULL,NULL),('RULACT49a3c540:14e51feb8f6:-75ab','RACT49a3c540:14e51feb8f6:-75ac','rptis.misc.actions.CalcMiscRPUMarketValue.miscrpu',NULL,NULL,'RCOND49a3c540:14e51feb8f6:-779a','MRPU',NULL,NULL,NULL,NULL,NULL,NULL,NULL,NULL),('RULACT49a3c540:14e51feb8f6:-760e','RACT49a3c540:14e51feb8f6:-7610','rptis.misc.actions.CalcMiscRPUBaseMarketValue.expr',NULL,NULL,NULL,NULL,'TOTALBMV','expression',NULL,NULL,NULL,NULL,NULL,NULL),('RULACT49a3c540:14e51feb8f6:-760f','RACT49a3c540:14e51feb8f6:-7610','rptis.misc.actions.CalcMiscRPUBaseMarketValue.miscrpu',NULL,NULL,'RCOND49a3c540:14e51feb8f6:-779a','MRPU',NULL,NULL,NULL,NULL,NULL,NULL,NULL,NULL),('RULACT49fb6db4:149c7eeb0ca:-54f3','RACT49fb6db4:149c7eeb0ca:-54f6','ACTPARAM-40a13e7c:14687914ed7:-7f4a',NULL,NULL,NULL,NULL,NULL,NULL,NULL,NULL,NULL,NULL,'BUSINESS',NULL),('RULACT49fb6db4:149c7eeb0ca:-54f4','RACT49fb6db4:149c7eeb0ca:-54f6','ACTPARAM-4a532d76:141ff563063:-7edf',NULL,NULL,NULL,NULL,NULL,NULL,NULL,NULL,NULL,NULL,NULL,NULL),('RULACT49fb6db4:149c7eeb0ca:-54f5','RACT49fb6db4:149c7eeb0ca:-54f6','ACTPARAM-4a532d76:141ff563063:-7eec',NULL,NULL,NULL,NULL,NULL,NULL,NULL,'SEC','SEC',NULL,NULL,NULL),('RULACT49fb6db4:149c7eeb0ca:-56ca','RACT49fb6db4:149c7eeb0ca:-56cd','ACTPARAM-40a13e7c:14687914ed7:-7f4a',NULL,NULL,NULL,NULL,NULL,NULL,NULL,NULL,NULL,NULL,'BUSINESS',NULL),('RULACT49fb6db4:149c7eeb0ca:-56cb','RACT49fb6db4:149c7eeb0ca:-56cd','ACTPARAM-4a532d76:141ff563063:-7edf',NULL,NULL,NULL,NULL,NULL,NULL,NULL,NULL,NULL,NULL,NULL,NULL),('RULACT49fb6db4:149c7eeb0ca:-56cc','RACT49fb6db4:149c7eeb0ca:-56cd','ACTPARAM-4a532d76:141ff563063:-7eec',NULL,NULL,NULL,NULL,NULL,NULL,NULL,'DTI','DTI',NULL,NULL,NULL),('RULACT49fb6db4:149c7eeb0ca:-57f4','RACT49fb6db4:149c7eeb0ca:-57f7','ACTPARAM-40a13e7c:14687914ed7:-7f4a',NULL,NULL,NULL,NULL,NULL,NULL,NULL,NULL,NULL,NULL,'BUSINESS',NULL),('RULACT49fb6db4:149c7eeb0ca:-57f5','RACT49fb6db4:149c7eeb0ca:-57f7','ACTPARAM-4a532d76:141ff563063:-7edf',NULL,NULL,NULL,NULL,NULL,NULL,NULL,NULL,NULL,NULL,NULL,NULL),('RULACT49fb6db4:149c7eeb0ca:-57f6','RACT49fb6db4:149c7eeb0ca:-57f7','ACTPARAM-4a532d76:141ff563063:-7eec',NULL,NULL,NULL,NULL,NULL,NULL,NULL,'CDA','CDA',NULL,NULL,NULL),('RULACT49fb6db4:149c7eeb0ca:-5990','RACT49fb6db4:149c7eeb0ca:-5993','ACTPARAM-40a13e7c:14687914ed7:-7f4a',NULL,NULL,NULL,NULL,NULL,NULL,NULL,NULL,NULL,NULL,'APPLICATION',NULL),('RULACT49fb6db4:149c7eeb0ca:-5991','RACT49fb6db4:149c7eeb0ca:-5993','ACTPARAM-4a532d76:141ff563063:-7edf',NULL,NULL,NULL,NULL,NULL,NULL,NULL,NULL,NULL,NULL,NULL,NULL),('RULACT49fb6db4:149c7eeb0ca:-5992','RACT49fb6db4:149c7eeb0ca:-5993','ACTPARAM-4a532d76:141ff563063:-7eec',NULL,NULL,NULL,NULL,NULL,NULL,NULL,'CTC','COMMUNITY TAX CERTIFICATE',NULL,NULL,NULL),('RULACT4e46261d:14f924c6b53:-7b47','RACT4e46261d:14f924c6b53:-7b49','rptis.bldg.actions.CalcBldgUseDepreciation.expr',NULL,NULL,NULL,NULL,'@ROUND( (SWORNAMT + ADJUSTMENT)  * DPRATE / 100.0, 2)','expression',NULL,NULL,NULL,NULL,NULL,NULL),('RULACT4e46261d:14f924c6b53:-7b48','RACT4e46261d:14f924c6b53:-7b49','rptis.bldg.actions.CalcBldgUseDepreciation.bldguse',NULL,NULL,'RCOND4e46261d:14f924c6b53:-7c57','BU',NULL,NULL,NULL,NULL,NULL,NULL,NULL,NULL),('RULACT560f5a64:1735a1dbaf4:-769d','RACT560f5a64:1735a1dbaf4:-76c3','rptis.landtax.actions.CalcInterest.expr',NULL,NULL,NULL,NULL,'0','expression',NULL,NULL,NULL,NULL,NULL,NULL),('RULACT560f5a64:1735a1dbaf4:-76b3','RACT560f5a64:1735a1dbaf4:-76c3','rptis.landtax.actions.CalcInterest.rptledgeritem',NULL,NULL,'RCOND560f5a64:1735a1dbaf4:-7826','RLI',NULL,NULL,NULL,NULL,NULL,NULL,NULL,NULL),('RULACT587fd625:1529f9e286a:-7bcd','RACT587fd625:1529f9e286a:-7bd0','ACTPARAM42da3868:148356b8ecf:-6e77',NULL,NULL,NULL,NULL,NULL,NULL,NULL,'IA4dfadde2:132ec81be1e:-7e50','BUSINESS INTEREST',NULL,NULL,NULL),('RULACT587fd625:1529f9e286a:-7bce','RACT587fd625:1529f9e286a:-7bd0','ACTPARAM-66879e9a:1422b236b58:-7b40',NULL,NULL,NULL,NULL,'AMT *  NMON * 0.02','expression',NULL,NULL,NULL,NULL,NULL,NULL),('RULACT587fd625:1529f9e286a:-7bcf','RACT587fd625:1529f9e286a:-7bd0','ACTPARAM-66879e9a:1422b236b58:-7b47',NULL,NULL,'RCOND587fd625:1529f9e286a:-7d68','BT',NULL,NULL,NULL,NULL,NULL,NULL,NULL,NULL),('RULACT595d072e:16ee8989737:-5f54','RACT595d072e:16ee8989737:-5fb9','ACTPARAM-40a13e7c:14687914ed7:-7f4a',NULL,NULL,NULL,NULL,NULL,NULL,NULL,NULL,NULL,NULL,'APPLICATION',NULL),('RULACT595d072e:16ee8989737:-5f73','RACT595d072e:16ee8989737:-5fb9','ACTPARAM-4a532d76:141ff563063:-7edf',NULL,NULL,NULL,NULL,NULL,NULL,NULL,NULL,NULL,NULL,'payment',NULL),('RULACT595d072e:16ee8989737:-5fa5','RACT595d072e:16ee8989737:-5fb9','ACTPARAM-4a532d76:141ff563063:-7eec',NULL,NULL,NULL,NULL,NULL,NULL,NULL,'FIRE','FIRE CLEARANCE',NULL,NULL,NULL),('RULACT59614e16:14c5e56ecc8:-7c0a','RACT59614e16:14c5e56ecc8:-7c0c','rptis.misc.actions.CalcMarketValue.expr',NULL,NULL,NULL,NULL,'@ROUND( BMV - DEP , 2)','expression',NULL,NULL,NULL,NULL,NULL,NULL),('RULACT59614e16:14c5e56ecc8:-7c0b','RACT59614e16:14c5e56ecc8:-7c0c','rptis.misc.actions.CalcMarketValue.miscitem',NULL,NULL,'RCOND59614e16:14c5e56ecc8:-7c8f','MI',NULL,NULL,NULL,NULL,NULL,NULL,NULL,NULL),('RULACT59614e16:14c5e56ecc8:-7d51','RACT59614e16:14c5e56ecc8:-7d53','rptis.misc.actions.CalcDepreciation.expr',NULL,NULL,NULL,NULL,'@ROUND( BMV * DEPRATE / 100 , 0)','expression',NULL,NULL,NULL,NULL,NULL,NULL),('RULACT59614e16:14c5e56ecc8:-7d52','RACT59614e16:14c5e56ecc8:-7d53','rptis.misc.actions.CalcDepreciation.miscitem',NULL,NULL,'RCOND59614e16:14c5e56ecc8:-7dcb','MI',NULL,NULL,NULL,NULL,NULL,NULL,NULL,NULL),('RULACT5b4ac915:147baaa06b4:-6be7','RACT5b4ac915:147baaa06b4:-6be9','rptis.land.actions.AddAssessmentInfo.classification',NULL,NULL,'RCONST5b4ac915:147baaa06b4:-6d59','CLASS',NULL,NULL,NULL,NULL,NULL,NULL,NULL,NULL),('RULACT5b4ac915:147baaa06b4:-6be8','RACT5b4ac915:147baaa06b4:-6be9','rptis.land.actions.AddAssessmentInfo.landdetail',NULL,NULL,'RCOND5b4ac915:147baaa06b4:-6da4','LA',NULL,NULL,NULL,NULL,NULL,NULL,NULL,NULL),('RULACT5d2ef71:1472236f427:-7eba','RACT5d2ef71:1472236f427:-7ebd','ACTPARAM7c61bd6d:1423fce917f:-7e73',NULL,NULL,NULL,NULL,NULL,NULL,NULL,NULL,NULL,NULL,NULL,NULL),('RULACT5d2ef71:1472236f427:-7ebb','RACT5d2ef71:1472236f427:-7ebd','ACTPARAM367174cc:141a62bd0d8:18c4',NULL,NULL,NULL,NULL,NULL,NULL,NULL,'DECLARED_GROSS','DECLARED GROSS',NULL,NULL,NULL),('RULACT5d2ef71:1472236f427:-7ebc','RACT5d2ef71:1472236f427:-7ebd','ACTPARAM-42dc4039:141afcf5119:-7e59',NULL,NULL,'RCOND5d2ef71:1472236f427:-7f0d','LOB',NULL,NULL,NULL,NULL,NULL,NULL,NULL,NULL),('RULACT5f10a9aa:1698ea3f7ff:-6a5e','RACT5f10a9aa:1698ea3f7ff:-6abb','rptis.actions.AddDeriveVariable.expr',NULL,NULL,NULL,NULL,'AV','expression',NULL,NULL,NULL,NULL,NULL,NULL),('RULACT5f10a9aa:1698ea3f7ff:-6a80','RACT5f10a9aa:1698ea3f7ff:-6abb','rptis.actions.AddDeriveVariable.aggregatetype',NULL,NULL,NULL,NULL,NULL,NULL,NULL,NULL,NULL,NULL,'sum',NULL),('RULACT5f10a9aa:1698ea3f7ff:-6a9f','RACT5f10a9aa:1698ea3f7ff:-6abb','rptis.actions.AddDeriveVariable.var',NULL,NULL,NULL,NULL,NULL,NULL,NULL,'TOTAL_AV','TOTAL_AV',NULL,NULL,NULL),('RULACT5ffbdc02:166e7b2c367:-6203','RACT5ffbdc02:166e7b2c367:-6229','rptis.landtax.actions.CalcInterest.expr',NULL,NULL,NULL,NULL,'TAX * NMON * 0.02','expression',NULL,NULL,NULL,NULL,NULL,NULL),('RULACT5ffbdc02:166e7b2c367:-6219','RACT5ffbdc02:166e7b2c367:-6229','rptis.landtax.actions.CalcInterest.rptledgeritem',NULL,NULL,'RC70978a15:166ae6875d1:-7f22','RLI',NULL,NULL,NULL,NULL,NULL,NULL,NULL,NULL),('RULACT6729cd8:166bdeb1f30:-5f38','RACT6729cd8:166bdeb1f30:-5fb2','treasury.actions.AddBillItem.amount',NULL,NULL,NULL,NULL,'INTEREST','expression',NULL,NULL,NULL,NULL,NULL,NULL),('RULACT6729cd8:166bdeb1f30:-5f7c','RACT6729cd8:166bdeb1f30:-5fb2','treasury.actions.AddBillItem.account',NULL,NULL,NULL,NULL,NULL,NULL,NULL,'ITMACCT-7c1f77dd:17f4967754f:-7c11','COMM. TAX - IND. (PENALTY)',NULL,NULL,NULL),('RULACT6729cd8:166bdeb1f30:-69af','RACT6729cd8:166bdeb1f30:-6a2d','treasury.actions.UpdateFieldValue.value',NULL,NULL,NULL,NULL,'0','expression',NULL,NULL,NULL,NULL,NULL,NULL),('RULACT6729cd8:166bdeb1f30:-69f4','RACT6729cd8:166bdeb1f30:-6a2d','treasury.actions.UpdateFieldValue.fieldname','basictax',NULL,NULL,NULL,NULL,NULL,NULL,NULL,NULL,NULL,NULL,NULL),('RULACT6729cd8:166bdeb1f30:-6a15','RACT6729cd8:166bdeb1f30:-6a2d','treasury.actions.UpdateFieldValue.object',NULL,NULL,'RCOND6729cd8:166bdeb1f30:-6ad4','ICTC',NULL,NULL,NULL,NULL,NULL,NULL,NULL,NULL),('RULACT6729cd8:166bdeb1f30:-79aa','RACT6729cd8:166bdeb1f30:-7a26','treasury.actions.UpdateFieldValue.value',NULL,NULL,NULL,NULL,'@ROUND( (@MONTH( CDATE  ) * 0.02) * TOTALTAX )','expression',NULL,NULL,NULL,NULL,NULL,NULL),('RULACT6729cd8:166bdeb1f30:-79ef','RACT6729cd8:166bdeb1f30:-7a26','treasury.actions.UpdateFieldValue.fieldname','interest',NULL,NULL,NULL,NULL,NULL,NULL,NULL,NULL,NULL,NULL,NULL),('RULACT6729cd8:166bdeb1f30:-7a0e','RACT6729cd8:166bdeb1f30:-7a26','treasury.actions.UpdateFieldValue.object',NULL,NULL,'RCOND6729cd8:166bdeb1f30:-7dba','ICTC',NULL,NULL,NULL,NULL,NULL,NULL,NULL,NULL),('RULACT695e885:17fbe712f37:-752c','RACT695e885:17fbe712f37:-7563','ACTPARAM367174cc:141a62bd0d8:18c4',NULL,NULL,NULL,NULL,NULL,NULL,NULL,'ASSET_SIZE','ASSET_SIZE',NULL,NULL,NULL),('RULACT695e885:17fbe712f37:-78db','RACT695e885:17fbe712f37:-792b','ACTPARAM-627533eb:141ed7a179f:-7d61',NULL,NULL,NULL,NULL,'if ( BUSINESS_CHARACTERISTIC == \'COTTAGE\' ) return 100;\nif ( BUSINESS_CHARACTERISTIC == \'SMALL\' ) return 300;\nreturn 600;','expression',NULL,NULL,NULL,NULL,NULL,NULL),('RULACT695e885:17fbe712f37:-78fc','RACT695e885:17fbe712f37:-792b','ACTPARAM-627533eb:141ed7a179f:-7d6e',NULL,NULL,NULL,NULL,NULL,NULL,NULL,'IA-442b836f:13b81fe72b4:-7fec','MAYOR\'S PERMIT FEE',NULL,NULL,NULL),('RULACT695e885:17fbe712f37:-7917','RACT695e885:17fbe712f37:-792b','ACTPARAM-627533eb:141ed7a179f:-7d75',NULL,NULL,'RCOND695e885:17fbe712f37:-7b87','LOB',NULL,NULL,NULL,NULL,NULL,NULL,NULL,NULL),('RULACT6d174068:14e3de9c20b:-7ee9','RACT6d174068:14e3de9c20b:-7eeb','rptis.misc.actions.CalcMiscRPUAssessValue.expr',NULL,NULL,NULL,NULL,'@ROUND( MV * AL / 100.0 ,2 )','expression',NULL,NULL,NULL,NULL,NULL,NULL),('RULACT6d174068:14e3de9c20b:-7eea','RACT6d174068:14e3de9c20b:-7eeb','rptis.misc.actions.CalcMiscRPUAssessValue.miscrpu',NULL,NULL,'RCOND6d174068:14e3de9c20b:-7f93','MRPU',NULL,NULL,NULL,NULL,NULL,NULL,NULL,NULL),('RULACT6daebb4a:148d65c9a35:-7e93','RACT6daebb4a:148d65c9a35:-7e96','ACTPARAM-40a13e7c:14687914ed7:-7f4a',NULL,NULL,NULL,NULL,NULL,NULL,NULL,NULL,NULL,NULL,'APPLICATION',NULL),('RULACT6daebb4a:148d65c9a35:-7e94','RACT6daebb4a:148d65c9a35:-7e96','ACTPARAM-4a532d76:141ff563063:-7edf',NULL,NULL,NULL,NULL,NULL,NULL,NULL,NULL,NULL,NULL,NULL,NULL),('RULACT6daebb4a:148d65c9a35:-7e95','RACT6daebb4a:148d65c9a35:-7e96','ACTPARAM-4a532d76:141ff563063:-7eec',NULL,NULL,NULL,NULL,NULL,NULL,NULL,'PC','POLICE CLEARANCE',NULL,NULL,NULL),('RULACT6daebb4a:148d65c9a35:-7eaf','RACT6daebb4a:148d65c9a35:-7eb2','ACTPARAM-40a13e7c:14687914ed7:-7f4a',NULL,NULL,NULL,NULL,NULL,NULL,NULL,NULL,NULL,NULL,'APPLICATION',NULL),('RULACT6daebb4a:148d65c9a35:-7eb0','RACT6daebb4a:148d65c9a35:-7eb2','ACTPARAM-4a532d76:141ff563063:-7edf',NULL,NULL,NULL,NULL,NULL,NULL,NULL,NULL,NULL,NULL,NULL,NULL),('RULACT6daebb4a:148d65c9a35:-7eb1','RACT6daebb4a:148d65c9a35:-7eb2','ACTPARAM-4a532d76:141ff563063:-7eec',NULL,NULL,NULL,NULL,NULL,NULL,NULL,'BC','BRGY CLEARANCE',NULL,NULL,NULL),('RULACT6ea11f4c:14ae127feb2:-7cd4','RACT6ea11f4c:14ae127feb2:-7cd5','ACTPARAM33e8cb24:1423c4b40b2:-7e2a',NULL,NULL,'RCOND6ea11f4c:14ae127feb2:-7d21','BT',NULL,NULL,NULL,NULL,NULL,NULL,NULL,NULL),('RULACT77d680ba:14885b8719f:-7ab8','RACT77d680ba:14885b8719f:-7ab9','ACTPARAM-7438e141:1481e925549:-7fac',NULL,NULL,NULL,NULL,'@DATE( APPYEAR, 12 , 31 )','expression',NULL,NULL,NULL,NULL,NULL,NULL),('RULACT7ad785a4:1485e323be9:-7d52','RACT7ad785a4:1485e323be9:-7d54','ACTPARAM40e16e9c:142df3e5af6:-7b36',NULL,NULL,NULL,NULL,'0.00','expression',NULL,NULL,NULL,NULL,NULL,NULL),('RULACT7ad785a4:1485e323be9:-7d53','RACT7ad785a4:1485e323be9:-7d54','ACTPARAM40e16e9c:142df3e5af6:-7073',NULL,NULL,'RCOND7ad785a4:1485e323be9:-7f91','CTCC',NULL,NULL,NULL,NULL,NULL,NULL,NULL,NULL),('RULACT7ad785a4:1485e323be9:-7d8b','RACT7ad785a4:1485e323be9:-7d8d','ACTPARAM40e16e9c:142df3e5af6:-7b13',NULL,NULL,NULL,NULL,'0.00','expression',NULL,NULL,NULL,NULL,NULL,NULL),('RULACT7ad785a4:1485e323be9:-7d8c','RACT7ad785a4:1485e323be9:-7d8d','ACTPARAM40e16e9c:142df3e5af6:-704f',NULL,NULL,'RCOND7ad785a4:1485e323be9:-7f91','CTCC',NULL,NULL,NULL,NULL,NULL,NULL,NULL,NULL),('RULACT7ad785a4:1485e323be9:-7ec0','RACT7ad785a4:1485e323be9:-7ec3','ACTPARAM40e16e9c:142df3e5af6:-7b62',NULL,NULL,NULL,NULL,'500.00','expression',NULL,NULL,NULL,NULL,NULL,NULL),('RULACT7ad785a4:1485e323be9:-7ec1','RACT7ad785a4:1485e323be9:-7ec3','ACTPARAM40e16e9c:142df3e5af6:-7b70',NULL,NULL,NULL,NULL,NULL,NULL,NULL,'REVITEM-24c04a60:14839fb01f6:-53c2','CTC CORPORATION',NULL,NULL,NULL),('RULACT7ad785a4:1485e323be9:-7ec2','RACT7ad785a4:1485e323be9:-7ec3','ACTPARAM40e16e9c:142df3e5af6:-70b1',NULL,NULL,'RCOND7ad785a4:1485e323be9:-7f91','CTCC',NULL,NULL,NULL,NULL,NULL,NULL,NULL,NULL),('RULACT7ff4a1a7:164fdd7d64a:-735c','RACT7ff4a1a7:164fdd7d64a:-73e7','treasury.actions.AddBillItem.amount',NULL,NULL,NULL,NULL,'TOTALTAX','expression',NULL,NULL,NULL,NULL,NULL,NULL),('RULACT7ff4a1a7:164fdd7d64a:-73b1','RACT7ff4a1a7:164fdd7d64a:-73e7','treasury.actions.AddBillItem.account',NULL,NULL,NULL,NULL,NULL,NULL,NULL,'IA7784cb42:1331e9424ea:-7da8','COMM. TAX - IND.',NULL,NULL,NULL),('RULACTec9d7ab:166235c2e16:-248e','RACTec9d7ab:166235c2e16:-249a','rptis.landtax.actions.AddBillItem.taxsummary',NULL,NULL,'RCONDec9d7ab:166235c2e16:-24fc','RLTS',NULL,NULL,NULL,NULL,NULL,NULL,NULL,NULL),('RULACTec9d7ab:166235c2e16:-2e08','RACTec9d7ab:166235c2e16:-2e2e','rptis.landtax.actions.SetBillExpiryDate.expr',NULL,NULL,NULL,NULL,'@MONTHEND( CDATE )','expression',NULL,NULL,NULL,NULL,NULL,NULL),('RULACTec9d7ab:166235c2e16:-2e1e','RACTec9d7ab:166235c2e16:-2e2e','rptis.landtax.actions.SetBillExpiryDate.bill',NULL,NULL,'RCONDec9d7ab:166235c2e16:-2ec7','BILL',NULL,NULL,NULL,NULL,NULL,NULL,NULL,NULL),('RULACTec9d7ab:166235c2e16:-35a7','RACTec9d7ab:166235c2e16:-35b3','rptis.landtax.actions.SplitLedgerItem.rptledgeritem',NULL,NULL,'RC7280357:166235c1be7:-7fc7','RLI',NULL,NULL,NULL,NULL,NULL,NULL,NULL,NULL),('RULACTec9d7ab:166235c2e16:-386d','RACTec9d7ab:166235c2e16:-3879','rptis.landtax.actions.AggregateLedgerItem.rptledgeritem',NULL,NULL,'RCONDec9d7ab:166235c2e16:-3b0b','RLI',NULL,NULL,NULL,NULL,NULL,NULL,NULL,NULL),('RULACTec9d7ab:166235c2e16:-5b63','RACTec9d7ab:166235c2e16:-5b6f','rptis.landtax.actions.SplitByQtr.rptledgeritem',NULL,NULL,'RCONDec9d7ab:166235c2e16:-5e7c','RLI',NULL,NULL,NULL,NULL,NULL,NULL,NULL,NULL);
/*!40000 ALTER TABLE `sys_rule_action_param` ENABLE KEYS */;
UNLOCK TABLES;

--
-- Table structure for table `sys_rule_actiondef`
--

DROP TABLE IF EXISTS `sys_rule_actiondef`;
/*!40101 SET @saved_cs_client     = @@character_set_client */;
/*!40101 SET character_set_client = utf8 */;
CREATE TABLE `sys_rule_actiondef` (
  `objid` varchar(50) NOT NULL,
  `name` varchar(50) NOT NULL,
  `title` varchar(250) DEFAULT NULL,
  `sortorder` int(11) DEFAULT NULL,
  `actionname` varchar(50) DEFAULT NULL,
  `domain` varchar(50) DEFAULT NULL,
  `actionclass` varchar(255) DEFAULT NULL,
  PRIMARY KEY (`objid`)
) ENGINE=InnoDB DEFAULT CHARSET=utf8;
/*!40101 SET character_set_client = @saved_cs_client */;

--
-- Dumping data for table `sys_rule_actiondef`
--

LOCK TABLES `sys_rule_actiondef` WRITE;
/*!40000 ALTER TABLE `sys_rule_actiondef` DISABLE KEYS */;
INSERT INTO `sys_rule_actiondef` VALUES ('rptis.actions.AddDeriveVariable','add-derive-var','Add Derive Variable',50,'add-derive-var','RPT','rptis.actions.AddDeriveVariable'),('rptis.actions.AddRequirement','add-requirement','Add Requirement',1,'add-requirement','bpls','rptis.actions.AddRequirement'),('rptis.actions.CalcRPUAssessValue','recalc-rpuassessment','Recalculate Assessment AV',1050,'recalc-rpuassessment','rpt','rptis.actions.CalcRPUAssessValue'),('rptis.actions.CalcTotalRPUAssessValue','recalc-rpu-totalav','Recalculate RPU Total AV',1100,'recalc-rpu-totalav','rpt','rptis.actions.CalcTotalRPUAssessValue'),('rptis.bldg.actions.AddAssessmentInfo','add-assessment-info','Add Assessment Info',80,'add-assessment-info','RPT','rptis.bldg.actions.AddAssessmentInfo'),('rptis.bldg.actions.AdjustUnitValue','adjust-uv','Adjust Unit Value',2,'adjust-uv','RPT','rptis.bldg.actions.AdjustUnitValue'),('rptis.bldg.actions.CalcAssessLevel','calc-assess-level','Calculate Assess Level',85,'calc-assess-level','RPT','rptis.bldg.actions.CalcAssessLevel'),('rptis.bldg.actions.CalcBldgAge','calc-bldg-age','Calculate Building Age',1,'calc-bldg-age','RPT','rptis.bldg.actions.CalcBldgAge'),('rptis.bldg.actions.CalcBldgEffectiveAge','calc-bldg-effectiveage','Calculate Building Effective Age',2,'calc-bldg-effectiveage','RPT','rptis.bldg.actions.CalcBldgEffectiveAge'),('rptis.bldg.actions.CalcBldgUseBMV','calc-bldguse-bmv','Calculate Actual Use Base Market Value',20,'calc-bldguse-bmv','RPT','rptis.bldg.actions.CalcBldgUseBMV'),('rptis.bldg.actions.CalcBldgUseDepreciation','calc-bldguse-depreciation','Calculate Depreciation',60,'calc-bldguse-depreciation','RPT','rptis.bldg.actions.CalcBldgUseDepreciation'),('rptis.bldg.actions.CalcBldgUseMV','calc-bldguse-mv','Calculate Actual Use Market Value',24,'calc-bldguse-mv','RPT','rptis.bldg.actions.CalcBldgUseMV'),('rptis.bldg.actions.CalcDepreciationByRange','calc-depreciation-range','Calculate Depreciation Rate by Range',56,'calc-depreciation-range','rpt','rptis.bldg.actions.CalcDepreciationByRange'),('rptis.bldg.actions.CalcDepreciationFromSked','calc-depreciation-sked','Calculate Depreciation Rate',55,'calc-depreciation-sked','rpt','rptis.bldg.actions.CalcDepreciationFromSked'),('rptis.bldg.actions.CalcFloorBMV','calc-floor-bmv','Calculate Floor Base Market Value',10,'calc-floor-bmv','RPT','rptis.bldg.actions.CalcFloorBMV'),('rptis.bldg.actions.CalcFloorMV','calc-floor-mv','Calculate Floor Market Value',15,'calc-floor-mv','RPT','rptis.bldg.actions.CalcFloorMV'),('rptis.bldg.actions.ResetAdjustment','reset-adj','Reset Adjustment Value',70,'reset-adj','RPT','rptis.bldg.actions.ResetAdjustment'),('rptis.land.actions.AddAssessmentInfo','add-assessment-info','Add Assessment Summary',50,'add-assessment-info','rpt','rptis.land.actions.AddAssessmentInfo'),('rptis.land.actions.CalcAssessValue','calc-av','Calculate Assess Value',20,'calc-av','RPT','rptis.land.actions.CalcAssessValue'),('rptis.land.actions.CalcBaseMarketValue','calc-bmv','Calculate Base Market Value',1,'calc-bmv','RPT','rptis.land.actions.CalcBaseMarketValue'),('rptis.land.actions.CalcMarketValue','calc-mv','Calculate Market Value',5,'calc-mv','RPT','rptis.land.actions.CalcMarketValue'),('rptis.land.actions.UpdateAdjustment','update-adj','Update Adjustment',2,'update-adj','RPT','rptis.land.actions.UpdateAdjustment'),('rptis.land.actions.UpdateLandDetailActualUseAdj','update-landdetail-actualuse-adj','Update Appraisal Actual Use Adjustment',3,'update-landdetail-actualuse-adj','rpt','rptis.land.actions.UpdateLandDetailActualUseAdj'),('rptis.land.actions.UpdateLandDetailAdjustment','update-landdetail-adj','Update Appraisal Adjustment',3,'update-landdetail-adj','rpt','rptis.land.actions.UpdateLandDetailAdjustment'),('rptis.land.actions.UpdateLandDetailValueAdjustment','update-landdetail-value-adj','Update Appraisal Value Adjustment',3,'update-landdetail-value-adj','rpt','rptis.land.actions.UpdateLandDetailValueAdjustment'),('rptis.landtax.actions.AddBasic','add-basic','Add Basic Entry',1,'add-basic','landtax','rptis.landtax.actions.AddBasic'),('rptis.landtax.actions.AddBillItem','add-billitem','Add Bill Item',25,'add-billitem','landtax','rptis.landtax.actions.AddBillItem'),('rptis.landtax.actions.AddFireCode','add-firecode','Add Fire Code',10,'add-firecode','landtax','rptis.landtax.actions.AddFireCode'),('rptis.landtax.actions.AddIdleLand','add-basicidle','Add Idle Land Entry',6,'add-basicidle','landtax','rptis.landtax.actions.AddIdleLand'),('rptis.landtax.actions.AddSef','add-sef','Add SEF Entry',5,'add-sef','landtax','rptis.landtax.actions.AddSef'),('rptis.landtax.actions.AddShare','add-share','Add Revenue Share',28,'add-share','landtax','rptis.landtax.actions.AddShare'),('rptis.landtax.actions.AddSocialHousing','add-sh','Add Social Housing Entry',8,'add-sh','landtax','rptis.landtax.actions.AddSocialHousing'),('rptis.landtax.actions.AggregateLedgerItem','aggregate-bill-item','Aggregate Ledger Items',12,'aggregate-bill-item','landtax','rptis.landtax.actions.AggregateLedgerItem'),('rptis.landtax.actions.CalcDiscount','calc-discount','Calculate Discount',6,'calc-discount','landtax','rptis.landtax.actions.CalcDiscount'),('rptis.landtax.actions.CalcInterest','calc-interest','Calculate Interest',5,'calc-interest','landtax','rptis.landtax.actions.CalcInterest'),('rptis.landtax.actions.CalcTax','calc-tax','Calculate Tax',1001,'calc-tax','landtax','rptis.landtax.actions.CalcTax'),('rptis.landtax.actions.CreateTaxSummary','create-tax-summary','Create Tax Summary',20,'create-tax-summary','landtax','rptis.landtax.actions.CreateTaxSummary'),('rptis.landtax.actions.RemoveLedgerItem','remove-bill-item','Remove Ledger Item',11,'remove-bill-item','landtax','rptis.landtax.actions.RemoveLedgerItem'),('rptis.landtax.actions.SetBillExpiryDate','set-bill-expiry','Set Bill Expiry Date',20,'set-bill-expiry','landtax','rptis.landtax.actions.SetBillExpiryDate'),('rptis.landtax.actions.SplitByQtr','split-by-qtr','Split By Quarter',0,'split-by-qtr','LANDTAX','rptis.landtax.actions.SplitByQtr'),('rptis.landtax.actions.SplitLedgerItem','split-bill-item','Split Ledger Item',10,'split-bill-item','landtax','rptis.landtax.actions.SplitLedgerItem'),('rptis.landtax.actions.UpdateAV','update-av','Update AV',1000,'update-av','LANDTAX','rptis.landtax.actions.UpdateAV'),('rptis.mach.actions.AddAssessmentInfo','add-assessment-info','Add Assessment Info',1000,'add-assessment-info','rpt','rptis.mach.actions.AddAssessmentInfo'),('rptis.mach.actions.CalcMachineAssessLevel','calc-mach-al','Calculate Machine Assess Level',5,'calc-mach-al','RPT','rptis.mach.actions.CalcMachineAssessLevel'),('rptis.mach.actions.CalcMachineAV','calc-mach-av','Calculate Machine Assessed Value',6,'calc-mach-av','RPT','rptis.mach.actions.CalcMachineAV'),('rptis.mach.actions.CalcMachineBMV','calc-mach-bmv','Calculate Base Market Value',1,'calc-mach-bmv','rpt','rptis.mach.actions.CalcMachineBMV'),('rptis.mach.actions.CalcMachineDepreciation','calc-mach-depreciation','Calculate Depreciation',2,'calc-mach-depreciation','rpt','rptis.mach.actions.CalcMachineDepreciation'),('rptis.mach.actions.CalcMachineMV','calc-mach-mv','Calculate Machine Market Value',2,'calc-mach-mv','RPT','rptis.mach.actions.CalcMachineMV'),('rptis.mach.actions.CalcMachUseAssessLevel','calc-machuse-al','Calculate Actual Use Assess Level',10,'calc-machuse-al','RPT','rptis.mach.actions.CalcMachUseAssessLevel'),('rptis.mach.actions.CalcMachUseAV','calc-machuse-av','Calculate Actual Use Assessed Value',11,'calc-machuse-av','RPT','rptis.mach.actions.CalcMachUseAV'),('rptis.misc.actions.CalcAssessValue','calc-av','Calculate Assessed Value',4,'calc-av','RPT','rptis.misc.actions.CalcAssessValue'),('rptis.misc.actions.CalcBaseMarketValue','calc-bmv','Calculate Base Market Value',1,'calc-bmv','RPT','rptis.misc.actions.CalcBaseMarketValue'),('rptis.misc.actions.CalcDepreciation','calc-depreciation','Calculate Depreciation',1,'calc-depreciation','RPT','rptis.misc.actions.CalcDepreciation'),('rptis.misc.actions.CalcMarketValue','calc-mv','Calculate Market Value',3,'calc-mv','RPT','rptis.misc.actions.CalcMarketValue'),('rptis.misc.actions.CalcMiscRPUAssessLevel','calc-rpu-al','Calculate RPU Assess Level',12,'calc-rpu-al','RPT','rptis.misc.actions.CalcMiscRPUAssessLevel'),('rptis.misc.actions.CalcMiscRPUAssessValue','calc-rpu-av','Calculate RPU Assessed Value',13,'calc-rpu-av','RPT','rptis.misc.actions.CalcMiscRPUAssessValue'),('rptis.misc.actions.CalcMiscRPUBaseMarketValue','calc-rpu-bmv','Calculate RPU Base Market Value',10,'calc-rpu-bmv','RPT','rptis.misc.actions.CalcMiscRPUBaseMarketValue'),('rptis.misc.actions.CalcMiscRPUMarketValue','calc-rpu-mv','Calculate RPU Market Value',11,'calc-rpu-mv','RPT','rptis.misc.actions.CalcMiscRPUMarketValue'),('rptis.planttree.actions.AddPlantTreeAssessmentInfo','add-planttree-assessment-info','Add Assessment',100,'add-planttree-assessment-info','rpt','rptis.planttree.actions.AddPlantTreeAssessmentInfo'),('rptis.planttree.actions.CalcPlantTreeAdjustment','calc-planttree-adjustment','Calculate Adjustment',2,'calc-planttree-adjustment','RPT','rptis.planttree.actions.CalcPlantTreeAdjustment'),('rptis.planttree.actions.CalcPlantTreeAssessValue','calc-planttree-av','Calculate Assessed Value',4,'calc-planttree-av','RPT','rptis.planttree.actions.CalcPlantTreeAssessValue'),('rptis.planttree.actions.CalcPlantTreeBMV','calc-planttree-bmv','Calculate Base Market Value',1,'calc-planttree-bmv','RPT','rptis.planttree.actions.CalcPlantTreeBMV'),('rptis.planttree.actions.CalcPlantTreeMarketValue','calc-planttree-mv','Calculate Market Value',3,'calc-planttree-mv','RPT','rptis.planttree.actions.CalcPlantTreeMarketValue'),('RULADEF-2486b0ca:146fff66c3e:-723b','calc-adj','Calculate Adjustment',35,'calc-adj','RPT','rptis.bldg.actions.CalcAdjustment'),('RULADEF-2889615e:142fa67fc85:-7b7c','split_by_qtr','Schedule By Qtr',0,'split_by_qtr','bpls',NULL),('RULADEF-2ead5abf:1419bd607e6:-7fd9','compute_business_tax','Compute Business Tax',2,'compute_businesstax','bpls',NULL),('RULADEF-301ea2a7:142daea52cd:-7611','calc-interest','Calculate Interest',10,'calc-interest','CTC',NULL),('RULADEF-301ea2a7:142daea52cd:-7649','calc-additional-tax','Calculate Additional Tax',5,'calc-additional-tax','CTC',NULL),('RULADEF-301ea2a7:142daea52cd:-7707','calc-propertyincome-tax','Calculate Property Income Tax',4,'calc-propertyincome-tax','CTC',NULL),('RULADEF-301ea2a7:142daea52cd:-776c','calc-businessgross-tax','Calculate Business Gross Tax',3,'calc-businessgross-tax','CTC',NULL),('RULADEF-301ea2a7:142daea52cd:-7887','calc-salary-tax','Calculate Salary Tax',2,'calc-salary-tax','CTC',NULL),('RULADEF-301ea2a7:142daea52cd:-7ed8','calc-basic-tax','Calculate Basic Tax',1,'calc-basic-tax','CTC',NULL),('RULADEF-4a532d76:141ff563063:-7ef4','add_requirement','Add Requirement',0,'add_requirement','bpls',NULL),('RULADEF-627533eb:141ed7a179f:-7d7d','compute_regfee','Compute Regulatory Fee',3,'compute_regfee','bpls',NULL),('RULADEF-62a762db:14201d65080:-7576','print_test','Print Test. For debugging (developers) only.',100,'print_test','bpls',NULL),('RULADEF-66879e9a:1422b236b58:-7d0f','calc_discount','Calculate Discount',1,'calc_discount','bpls',NULL),('RULADEF-66879e9a:1422b236b58:-7d24','calc_interest','Calculate Interest',3,'calc_interest','bpls',NULL),('RULADEF-67ecfd73:141f2b84ce7:-743c','bpassessment_sysvar','Add System Variable',8,'add_sysvar','bpls',NULL),('RULADEF-67ecfd73:141f2b84ce7:-7b54','assert_business_info','Add Derived Business Info',1,'assert_business_info','bpls',NULL),('RULADEF-6960d46:146ef7fe055:-7722','set_basic_account','Setup Basic Account',0,'set_basic_account','bpls',NULL),('RULADEF-6960d46:146ef7fe055:-7a5a','set_interest_account','Setup Interest Account',2,'set_interest_account','bpls',NULL),('RULADEF-6960d46:146ef7fe055:-7ab1','set_surcharge_account','Setup Surcharge Account',1,'set_surcharge_account','bpls',NULL),('RULADEF-7387c51c:142dbad3349:-74e2','calc-brgy-int-share','Calculate Barangay Interest Share',11,'calc-brgy-int-share','CTC',NULL),('RULADEF-7387c51c:142dbad3349:-75a7','calc-brgy-tax-share','Calculate Barangay Tax Share',10,'calc-brgy-tax-share','CTC',NULL),('RULADEF-738e3cc6:14459101d11:-6b0b','change_business_account','Change Business Account',10,'change_business_account','bpls',NULL),('RULADEF-7438e141:1481e925549:-7fb5','set_billexpirydate','Set Bill Expiry Date',10,'set_billexpirydate','bpls',NULL),('RULADEF-7b3bc8de:142e512eedb:-7dc5','calc-additional-tax','Calculate Additional Tax',4,'calc-additional-tax','CTC',NULL),('RULADEF-fd840f:146ad32de46:-71f2','set_taxcredit_account','Set Up Tax Credit Account',4,'set_taxcredit_account','bpls',NULL),('RULADEF1441128c:1471efa4c1c:-69a5','calc-assess-value','Calculate Assess Value',90,'calc-assess-value','RPT','rptis.bldg.actions.CalcAssessValue'),('RULADEF33e8cb24:1423c4b40b2:-6aeb','select_taxfee','Select Tax Fee Account',5,'select_taxfee','bpls',NULL),('RULADEF33e8cb24:1423c4b40b2:-7f34','remove_taxfee','Remove Tax Fee',5,'remove_taxfee','bpls',NULL),('RULADEF367174cc:141a62bd0d8:-4486','ask_business_info','Ask Business Info',1,'ask_business_info','bpls',NULL),('RULADEF40e16e9c:142df3e5af6:-7ad7','calc-interest','Calculate Interest',5,'calc-interest','CTC',NULL),('RULADEF40e16e9c:142df3e5af6:-7b1e','calc-propertyav-tax','Calculate Property AV Tax',3,'calc-propertyav-tax','CTC',NULL),('RULADEF40e16e9c:142df3e5af6:-7b41','calc-businessgross-tax','Calculate Business Gross Tax',2,'calc-businessgross-tax','CTC',NULL),('RULADEF40e16e9c:142df3e5af6:-7b7b','calc-basic-tax','Calculate Basic Tax',1,'calc-basic-tax','CTC',NULL),('RULADEF50ef92c8:147420ae632:-7be3','set_deleted_billitem','Remove BillItem',10,'set_deleted_billitem','bpls',NULL),('RULADEF72bb01b1:141b1fdca80:-7e34','update_taxfee','Update Tax Fee Amount',5,'update_taxfee','bpls',NULL),('RULADEF73d37911:141edb9db9a:-7f30','compute_other_charge','Compute Other Charge',4,'compute_othercharge','bpls',NULL),('RULADEF7ee0ab5e:141b6a15885:-7f52','calc_surcharge','Calculate Surcharge',2,'calc_surcharge','bpls',NULL),('treasury.actions.AddBillItem','add-billitem','Add Bill Item',2,'add-billitem','TREASURY','treasury.actions.AddBillItem'),('treasury.actions.AddDueDate','add-duedate','Add Due Date',1,'add-duedate','TREASURY','treasury.actions.AddDueDate'),('treasury.actions.AddRevenueShare','add-share','Add Revenue Share',1,'add-share','TREASURY','treasury.actions.AddRevenueShare'),('treasury.actions.UpdateFieldValue','update-field-value','Update Field Value',0,'update-field-value','TREASURY','treasury.actions.UpdateFieldValue');
/*!40000 ALTER TABLE `sys_rule_actiondef` ENABLE KEYS */;
UNLOCK TABLES;

--
-- Table structure for table `sys_rule_actiondef_param`
--

DROP TABLE IF EXISTS `sys_rule_actiondef_param`;
/*!40101 SET @saved_cs_client     = @@character_set_client */;
/*!40101 SET character_set_client = utf8 */;
CREATE TABLE `sys_rule_actiondef_param` (
  `objid` varchar(255) NOT NULL,
  `parentid` varchar(50) DEFAULT NULL,
  `name` varchar(50) NOT NULL,
  `sortorder` int(11) DEFAULT NULL,
  `title` varchar(50) DEFAULT NULL,
  `datatype` varchar(50) DEFAULT NULL,
  `handler` varchar(50) DEFAULT NULL,
  `lookuphandler` varchar(50) DEFAULT NULL,
  `lookupkey` varchar(50) DEFAULT NULL,
  `lookupvalue` varchar(50) DEFAULT NULL,
  `vardatatype` varchar(50) DEFAULT NULL,
  `lovname` varchar(50) DEFAULT NULL,
  PRIMARY KEY (`objid`),
  KEY `parentid` (`parentid`),
  CONSTRAINT `sys_rule_actiondef_param_ibfk_1` FOREIGN KEY (`parentid`) REFERENCES `sys_rule_actiondef` (`objid`)
) ENGINE=InnoDB DEFAULT CHARSET=utf8;
/*!40101 SET character_set_client = @saved_cs_client */;

--
-- Dumping data for table `sys_rule_actiondef_param`
--

LOCK TABLES `sys_rule_actiondef_param` WRITE;
/*!40000 ALTER TABLE `sys_rule_actiondef_param` DISABLE KEYS */;
INSERT INTO `sys_rule_actiondef_param` VALUES ('ACTPARAM-2486b0ca:146fff66c3e:-7204','RULADEF-2486b0ca:146fff66c3e:-723b','expr',3,'Computation',NULL,'expression',NULL,NULL,NULL,NULL,NULL),('ACTPARAM-2486b0ca:146fff66c3e:-7224','RULADEF-2486b0ca:146fff66c3e:-723b','adjustment',1,'Adjustment',NULL,'var',NULL,NULL,NULL,'rptis.bldg.facts.BldgAdjustment',NULL),('ACTPARAM-2889615e:142fa67fc85:-7b71','RULADEF-2889615e:142fa67fc85:-7b7c','billitem',1,'Bill Item Account',NULL,'var',NULL,NULL,NULL,'bpls.facts.BillItem',NULL),('ACTPARAM-301ea2a7:142daea52cd:-75fd','RULADEF-301ea2a7:142daea52cd:-7611','expr',3,'Computation',NULL,'expression',NULL,NULL,NULL,NULL,NULL),('ACTPARAM-301ea2a7:142daea52cd:-7606','RULADEF-301ea2a7:142daea52cd:-7611','ctc',1,'CTC',NULL,'var',NULL,NULL,NULL,'IndividualCTC',NULL),('ACTPARAM-301ea2a7:142daea52cd:-7635','RULADEF-301ea2a7:142daea52cd:-7649','expr',2,'Computation',NULL,'expression',NULL,NULL,NULL,NULL,NULL),('ACTPARAM-301ea2a7:142daea52cd:-763e','RULADEF-301ea2a7:142daea52cd:-7649','ctc',1,'CTC',NULL,'var',NULL,NULL,NULL,'IndividualCTC',NULL),('ACTPARAM-301ea2a7:142daea52cd:-76f5','RULADEF-301ea2a7:142daea52cd:-7707','expr',2,'Computation',NULL,'expression',NULL,NULL,NULL,NULL,NULL),('ACTPARAM-301ea2a7:142daea52cd:-76fc','RULADEF-301ea2a7:142daea52cd:-7707','ctc',1,'CTC',NULL,'var',NULL,NULL,NULL,'IndividualCTC',NULL),('ACTPARAM-301ea2a7:142daea52cd:-773d','RULADEF-301ea2a7:142daea52cd:-776c','expr',2,'Computation',NULL,'expression',NULL,NULL,NULL,NULL,NULL),('ACTPARAM-301ea2a7:142daea52cd:-7744','RULADEF-301ea2a7:142daea52cd:-776c','ctc',1,'CTC',NULL,'var',NULL,NULL,NULL,'IndividualCTC',NULL),('ACTPARAM-301ea2a7:142daea52cd:-7875','RULADEF-301ea2a7:142daea52cd:-7887','expr',2,'Computation',NULL,'expression',NULL,NULL,NULL,NULL,NULL),('ACTPARAM-301ea2a7:142daea52cd:-787c','RULADEF-301ea2a7:142daea52cd:-7887','ctc',1,'CTC',NULL,'var',NULL,NULL,NULL,'IndividualCTC',NULL),('ACTPARAM-301ea2a7:142daea52cd:-7ebc','RULADEF-301ea2a7:142daea52cd:-7ed8','expr',3,'Computation',NULL,'expression',NULL,NULL,NULL,NULL,NULL),('ACTPARAM-301ea2a7:142daea52cd:-7ec3','RULADEF-301ea2a7:142daea52cd:-7ed8','ctc',1,'CTC',NULL,'var',NULL,NULL,NULL,'IndividualCTC',NULL),('ACTPARAM-38b4c365:141f3574da5:-7f8f','RULADEF-67ecfd73:141f2b84ce7:-743c','aggregate',2,'Aggregate Type',NULL,'lov',NULL,NULL,NULL,NULL,'RULE_AGGREGATE_FUNCTIONS'),('ACTPARAM-3f19ce39:141ff0de421:-7e8a','RULADEF72bb01b1:141b1fdca80:-7e34','taxfee',1,'Tax Fee',NULL,'var',NULL,NULL,NULL,'bpls.facts.TaxFeeAccount',NULL),('ACTPARAM-40a13e7c:14687914ed7:-7f4a','RULADEF-4a532d76:141ff563063:-7ef4','context',3,'Apply Per',NULL,'lov',NULL,NULL,NULL,NULL,'BUSINESS_REQUIREMENT_CONTEXT'),('ACTPARAM-42dc4039:141afcf5119:-7e59','RULADEF367174cc:141a62bd0d8:-4486','lob',1,'Line of Business',NULL,'var',NULL,NULL,NULL,'bpls.facts.LOB',NULL),('ACTPARAM-42dc4039:141afcf5119:-7fc4','RULADEF-2ead5abf:1419bd607e6:-7fd9','account',2,'Account',NULL,'lookup','revenueitem:lookup','objid','title',NULL,NULL),('ACTPARAM-4a532d76:141ff563063:-7edf','RULADEF-4a532d76:141ff563063:-7ef4','step',2,'Required Before',NULL,'lov',NULL,NULL,NULL,NULL,'BP_APPLICATION_STEPS'),('ACTPARAM-4a532d76:141ff563063:-7eec','RULADEF-4a532d76:141ff563063:-7ef4','type',1,'Requirement Type',NULL,'lookup','businessrequirementtype:lookup','objid','title',NULL,NULL),('ACTPARAM-627533eb:141ed7a179f:-7d61','RULADEF-627533eb:141ed7a179f:-7d7d','amount',3,'Amount',NULL,'expression',NULL,NULL,NULL,NULL,NULL),('ACTPARAM-627533eb:141ed7a179f:-7d6e','RULADEF-627533eb:141ed7a179f:-7d7d','account',2,'Account',NULL,'lookup','revenueitem:lookup','objid','title',NULL,NULL),('ACTPARAM-627533eb:141ed7a179f:-7d75','RULADEF-627533eb:141ed7a179f:-7d7d','lob',1,'Line of Business',NULL,'var',NULL,NULL,NULL,'bpls.facts.LOB',NULL),('ACTPARAM-62a762db:14201d65080:-756e','RULADEF-62a762db:14201d65080:-7576','message',1,'Message',NULL,'expression',NULL,NULL,NULL,NULL,NULL),('ACTPARAM-66879e9a:1422b236b58:-7b1c','RULADEF-66879e9a:1422b236b58:-7d0f','amount',2,'Amount',NULL,'expression',NULL,NULL,NULL,NULL,NULL),('ACTPARAM-66879e9a:1422b236b58:-7b23','RULADEF-66879e9a:1422b236b58:-7d0f','billitem',1,'Bill Item',NULL,'var',NULL,NULL,NULL,'bpls.facts.BillItem',NULL),('ACTPARAM-66879e9a:1422b236b58:-7b40','RULADEF-66879e9a:1422b236b58:-7d24','amount',2,'Amount',NULL,'expression',NULL,NULL,NULL,NULL,NULL),('ACTPARAM-66879e9a:1422b236b58:-7b47','RULADEF-66879e9a:1422b236b58:-7d24','billitem',1,'Bill Item',NULL,'var',NULL,NULL,NULL,'bpls.facts.BillItem',NULL),('ACTPARAM-66879e9a:1422b236b58:-7ca9','RULADEF7ee0ab5e:141b6a15885:-7f52','billitem',1,'Bill Item',NULL,'var',NULL,NULL,NULL,'bpls.facts.BillItem',NULL),('ACTPARAM-67ecfd73:141f2b84ce7:-724b','RULADEF-67ecfd73:141f2b84ce7:-743c','datatype',3,'Value Data Type',NULL,'lov',NULL,NULL,NULL,NULL,'RULE_VAR_DATATYPE'),('ACTPARAM-67ecfd73:141f2b84ce7:-739d','RULADEF-67ecfd73:141f2b84ce7:-743c','value',4,'Value',NULL,'expression',NULL,NULL,NULL,NULL,NULL),('ACTPARAM-67ecfd73:141f2b84ce7:-73a4','RULADEF-67ecfd73:141f2b84ce7:-743c','name',1,'Variable Name','string','string',NULL,NULL,NULL,'string',NULL),('ACTPARAM-67ecfd73:141f2b84ce7:-79b7','RULADEF-67ecfd73:141f2b84ce7:-7b54','value',3,'Value',NULL,'expression',NULL,NULL,NULL,NULL,NULL),('ACTPARAM-67ecfd73:141f2b84ce7:-7a33','RULADEF-67ecfd73:141f2b84ce7:-7b54','attribute',2,'Attribute',NULL,'lookup','businessvariable:lookup','objid','name',NULL,NULL),('ACTPARAM-67ecfd73:141f2b84ce7:-7b4c','RULADEF-67ecfd73:141f2b84ce7:-7b54','lob',1,'Line of Business',NULL,'var',NULL,NULL,NULL,'bpls.facts.LOB',NULL),('ACTPARAM-6960d46:146ef7fe055:-7a51','RULADEF-6960d46:146ef7fe055:-7a5a','account',1,'Interest Account',NULL,'lookup','revenueitem:lookup','objid','title',NULL,NULL),('ACTPARAM-6960d46:146ef7fe055:-7a8f','RULADEF-6960d46:146ef7fe055:-7ab1','account',1,'Surcharge Account',NULL,'lookup','revenueitem:lookup','objid','title',NULL,NULL),('ACTPARAM-70cdc17d:141ab4f4c27:-7ebb','RULADEF-2ead5abf:1419bd607e6:-7fd9','lob',1,'LOB',NULL,'var',NULL,NULL,NULL,'bpls.facts.LOB',NULL),('ACTPARAM-7387c51c:142dbad3349:-725b','RULADEF-7387c51c:142dbad3349:-74e2','brgy',1,'Barangay',NULL,'var',NULL,NULL,NULL,'Barangay',NULL),('ACTPARAM-7387c51c:142dbad3349:-7299','RULADEF-7387c51c:142dbad3349:-75a7','brgy',1,'Barangay',NULL,'var',NULL,NULL,NULL,'Barangay',NULL),('ACTPARAM-7387c51c:142dbad3349:-74cc','RULADEF-7387c51c:142dbad3349:-74e2','expr',3,'Computation',NULL,'expression',NULL,NULL,NULL,NULL,NULL),('ACTPARAM-7387c51c:142dbad3349:-74d9','RULADEF-7387c51c:142dbad3349:-74e2','acct',2,'Account',NULL,'lookup','revenueitem:lookup','objid','title',NULL,NULL),('ACTPARAM-7387c51c:142dbad3349:-7560','RULADEF-7387c51c:142dbad3349:-75a7','expr',3,'Computation',NULL,'expression',NULL,NULL,NULL,NULL,NULL),('ACTPARAM-7387c51c:142dbad3349:-7580','RULADEF-7387c51c:142dbad3349:-75a7','acct',2,'Account',NULL,'lookup','revenueitem:lookup','objid','title',NULL,NULL),('ACTPARAM-7387c51c:142dbad3349:-77cd','RULADEF-301ea2a7:142daea52cd:-7611','acct',2,'Account',NULL,'lookup','revenueitem:lookup','objid','title',NULL,NULL),('ACTPARAM-7387c51c:142dbad3349:-7801','RULADEF-301ea2a7:142daea52cd:-7ed8','acct',2,'Account',NULL,'lookup','revenueitem:lookup','objid','title',NULL,NULL),('ACTPARAM-738e3cc6:14459101d11:-6afb','RULADEF-738e3cc6:14459101d11:-6b0b','account',2,'Business Account',NULL,'lookup','revenueitem:lookup','objid','title',NULL,NULL),('ACTPARAM-738e3cc6:14459101d11:-6b02','RULADEF-738e3cc6:14459101d11:-6b0b','taxfee',1,'Tax Fee Account',NULL,'var',NULL,NULL,NULL,'bpls.facts.TaxFeeAccount',NULL),('ACTPARAM-7438e141:1481e925549:-7fac','RULADEF-7438e141:1481e925549:-7fb5','expirydate',1,'Expiry date',NULL,'expression',NULL,NULL,NULL,NULL,NULL),('ACTPARAM-7b3bc8de:142e512eedb:-7daf','RULADEF-7b3bc8de:142e512eedb:-7dc5','expr',2,'Computation',NULL,'expression',NULL,NULL,NULL,NULL,NULL),('ACTPARAM-7b3bc8de:142e512eedb:-7db6','RULADEF-7b3bc8de:142e512eedb:-7dc5','ctc',1,'CTC Reference',NULL,'var',NULL,NULL,NULL,'CorporateCTC',NULL),('ACTPARAM-fd840f:146ad32de46:-71d4','RULADEF-fd840f:146ad32de46:-71f2','account',2,'Account',NULL,'lookup','revenueitem:lookup','objid','title',NULL,NULL),('ACTPARAM-fd840f:146ad32de46:-71e5','RULADEF-fd840f:146ad32de46:-71f2','excess',1,'Excess Payment',NULL,'var',NULL,NULL,NULL,'bpls.facts.ExcessPayment',NULL),('ACTPARAM102ab3e1:147190e9fe4:-f75','RULADEF-2486b0ca:146fff66c3e:-723b','var',2,'Derived Variable',NULL,'var',NULL,NULL,NULL,'rptis.bldg.facts.BldgVariable',NULL),('ACTPARAM11e0d3f3:146f0a05dc8:-7127','RULADEF-6960d46:146ef7fe055:-7722','account',1,'Account',NULL,'lookup','revenueitem:lookup','objid','title',NULL,NULL),('ACTPARAM11e0d3f3:146f0a05dc8:-75c8','RULADEF-6960d46:146ef7fe055:-7722','payment',3,'Payment',NULL,'var',NULL,NULL,NULL,'bpls.facts.AppliedPayment',NULL),('ACTPARAM11e0d3f3:146f0a05dc8:-7720','RULADEF-6960d46:146ef7fe055:-7722','lob',2,'Line of Business',NULL,'var',NULL,NULL,NULL,'bpls.facts.LOB',NULL),('ACTPARAM11e0d3f3:146f0a05dc8:-7b94','RULADEF-6960d46:146ef7fe055:-7a5a','payment',3,'Payment',NULL,'var',NULL,NULL,NULL,'bpls.facts.AppliedPayment',NULL),('ACTPARAM11e0d3f3:146f0a05dc8:-7bc5','RULADEF-6960d46:146ef7fe055:-7ab1','payment',3,'Payment',NULL,'var',NULL,NULL,NULL,'bpls.facts.AppliedPayment',NULL),('ACTPARAM11e0d3f3:146f0a05dc8:-7cb9','RULADEF-6960d46:146ef7fe055:-7a5a','lob',2,'Line of Business',NULL,'var',NULL,NULL,NULL,'bpls.facts.LOB',NULL),('ACTPARAM11e0d3f3:146f0a05dc8:-7cea','RULADEF-6960d46:146ef7fe055:-7ab1','lob',2,'Line of Business',NULL,'var',NULL,NULL,NULL,'bpls.facts.LOB',NULL),('ACTPARAM1441128c:1471efa4c1c:-6969','RULADEF1441128c:1471efa4c1c:-69a5','expr',2,'Computation',NULL,'expression',NULL,NULL,NULL,NULL,NULL),('ACTPARAM1441128c:1471efa4c1c:-698e','RULADEF1441128c:1471efa4c1c:-69a5','assessment',1,'Assessment Info',NULL,'var',NULL,NULL,NULL,'rptis.facts.RPUAssessment',NULL),('ACTPARAM14a6f1c4:1419beaa022:-7fcf','RULADEF-2ead5abf:1419bd607e6:-7fd9','amount',3,'Amount',NULL,'expression',NULL,NULL,NULL,NULL,NULL),('ACTPARAM33e8cb24:1423c4b40b2:-6adc','RULADEF33e8cb24:1423c4b40b2:-6aeb','taxfeeaccount',1,'Tax Fee Account',NULL,'var',NULL,NULL,NULL,'bpls.facts.TaxFeeAccount',NULL),('ACTPARAM33e8cb24:1423c4b40b2:-7e2a','RULADEF33e8cb24:1423c4b40b2:-7f34','taxfee',1,'Tax Fee Account',NULL,'var',NULL,NULL,NULL,'bpls.facts.TaxFeeAccount',NULL),('ACTPARAM367174cc:141a62bd0d8:18c4','RULADEF367174cc:141a62bd0d8:-4486','attribute',2,'Attribute',NULL,'lookup','businessvariable:lookup','objid','name','string',NULL),('ACTPARAM40e16e9c:142df3e5af6:-6fed','RULADEF40e16e9c:142df3e5af6:-7ad7','ctc',1,'CTC Reference',NULL,'var',NULL,NULL,NULL,'CorporateCTC',NULL),('ACTPARAM40e16e9c:142df3e5af6:-704f','RULADEF40e16e9c:142df3e5af6:-7b1e','ctc',1,'CTC Reference',NULL,'var',NULL,NULL,NULL,'CorporateCTC',NULL),('ACTPARAM40e16e9c:142df3e5af6:-7073','RULADEF40e16e9c:142df3e5af6:-7b41','ctc',1,'CTC Reference',NULL,'var',NULL,NULL,NULL,'CorporateCTC',NULL),('ACTPARAM40e16e9c:142df3e5af6:-70b1','RULADEF40e16e9c:142df3e5af6:-7b7b','ctc',1,'CTC Reference',NULL,'var',NULL,NULL,NULL,'CorporateCTC',NULL),('ACTPARAM40e16e9c:142df3e5af6:-7abf','RULADEF40e16e9c:142df3e5af6:-7ad7','expr',3,'Computation',NULL,'expression',NULL,NULL,NULL,NULL,NULL),('ACTPARAM40e16e9c:142df3e5af6:-7acc','RULADEF40e16e9c:142df3e5af6:-7ad7','acct',2,'Account',NULL,'lookup','revenueitem:lookup','objid','title',NULL,NULL),('ACTPARAM40e16e9c:142df3e5af6:-7b13','RULADEF40e16e9c:142df3e5af6:-7b1e','expr',2,'Computation',NULL,'expression',NULL,NULL,NULL,NULL,NULL),('ACTPARAM40e16e9c:142df3e5af6:-7b36','RULADEF40e16e9c:142df3e5af6:-7b41','expr',2,'Computation',NULL,'expression',NULL,NULL,NULL,NULL,NULL),('ACTPARAM40e16e9c:142df3e5af6:-7b62','RULADEF40e16e9c:142df3e5af6:-7b7b','expr',3,'Computation',NULL,'expression',NULL,NULL,NULL,NULL,NULL),('ACTPARAM40e16e9c:142df3e5af6:-7b70','RULADEF40e16e9c:142df3e5af6:-7b7b','acct',2,'Account',NULL,'lookup','revenueitem:lookup','objid','title',NULL,NULL),('ACTPARAM42da3868:148356b8ecf:-6e77','RULADEF-66879e9a:1422b236b58:-7d24','account',3,'Account',NULL,'lookup','revenueitem:lookup','objid','title',NULL,NULL),('ACTPARAM42da3868:148356b8ecf:-6e97','RULADEF7ee0ab5e:141b6a15885:-7f52','account',3,'Account',NULL,'lookup','revenueitem:lookup','objid','title',NULL,NULL),('ACTPARAM49a3c540:14e51feb8f6:-4c86','RULADEF-2486b0ca:146fff66c3e:-723b','var',2,'Variable',NULL,'var',NULL,NULL,NULL,'rptis.facts.RPTVariable',NULL),('ACTPARAM50ef92c8:147420ae632:-7bd8','RULADEF50ef92c8:147420ae632:-7be3','billitem',1,'BillItem',NULL,'var',NULL,NULL,NULL,'bpls.facts.BillItem',NULL),('ACTPARAM61c9e5c1:1423cdbf146:-7dcd','RULADEF33e8cb24:1423c4b40b2:-6aeb','selectoption',2,'Select Option',NULL,'lov',NULL,NULL,NULL,NULL,'TAXFEE_SELECT_OPTION'),('ACTPARAM72bb01b1:141b1fdca80:-7d98','RULADEF72bb01b1:141b1fdca80:-7e34','amount',2,'Amount',NULL,'expression',NULL,NULL,NULL,NULL,NULL),('ACTPARAM73d37911:141edb9db9a:-7f14','RULADEF73d37911:141edb9db9a:-7f30','amount',3,'Amount',NULL,'expression',NULL,NULL,NULL,NULL,NULL),('ACTPARAM73d37911:141edb9db9a:-7f21','RULADEF73d37911:141edb9db9a:-7f30','account',2,'Account',NULL,'lookup','revenueitem:lookup','objid','title',NULL,NULL),('ACTPARAM73d37911:141edb9db9a:-7f28','RULADEF73d37911:141edb9db9a:-7f30','lob',1,'Line of Business',NULL,'var',NULL,NULL,NULL,'bpls.facts.LOB',NULL),('ACTPARAM7c61bd6d:1423fce917f:-7e73','RULADEF367174cc:141a62bd0d8:-4486','defaultvalue',3,'Default Value','string','string',NULL,NULL,NULL,'string',NULL),('ACTPARAM7ee0ab5e:141b6a15885:-7f4c','RULADEF7ee0ab5e:141b6a15885:-7f52','amount',2,'Amount',NULL,'expression',NULL,NULL,NULL,NULL,NULL),('rptis.actions.AddDeriveVariable.aggregatetype','rptis.actions.AddDeriveVariable','aggregatetype',3,'Aggregation',NULL,'lov',NULL,NULL,NULL,NULL,'RPT_VAR_AGGRETATION_TYPES'),('rptis.actions.AddDeriveVariable.bldguse','rptis.actions.AddDeriveVariable','bldguse',1,'Building Actual Use',NULL,'var',NULL,NULL,NULL,'rptis.bldg.facts.BldgUse',NULL),('rptis.actions.AddDeriveVariable.expr','rptis.actions.AddDeriveVariable','expr',4,'Value Computation',NULL,'expression',NULL,NULL,NULL,NULL,NULL),('rptis.actions.AddDeriveVariable.var','rptis.actions.AddDeriveVariable','var',2,'Variable',NULL,'lookup','rptparameter:lookup','objid','name',NULL,NULL),('rptis.actions.AddRequirement.requirementtype','rptis.actions.AddRequirement','requirementtype',1,'Requirement Type',NULL,'lookup','rptrequirementtype:lookup','objid','name',NULL,NULL),('rptis.actions.CalcRPUAssessValue.expr','rptis.actions.CalcRPUAssessValue','expr',2,'Computation',NULL,'expression',NULL,NULL,NULL,NULL,NULL),('rptis.actions.CalcRPUAssessValue.rpuassessment','rptis.actions.CalcRPUAssessValue','rpuassessment',1,'Assessment',NULL,'var',NULL,NULL,NULL,'rptis.facts.RPUAssessment',NULL),('rptis.actions.CalcTotalRPUAssessValue.expr','rptis.actions.CalcTotalRPUAssessValue','expr',2,'Computation',NULL,'expression',NULL,NULL,NULL,NULL,NULL),('rptis.actions.CalcTotalRPUAssessValue.rpu','rptis.actions.CalcTotalRPUAssessValue','rpu',1,'RPU',NULL,'var',NULL,NULL,NULL,'rptis.facts.RPU',NULL),('rptis.bldg.actions.AddAssessmentInfo.actualuseid','rptis.bldg.actions.AddAssessmentInfo','actualuseid',2,'Actual Use',NULL,'var',NULL,NULL,NULL,'string',NULL),('rptis.bldg.actions.AddAssessmentInfo.bldguse','rptis.bldg.actions.AddAssessmentInfo','bldguse',1,'Building Actual Use',NULL,'var',NULL,NULL,NULL,'rptis.bldg.facts.BldgUse',NULL),('rptis.bldg.actions.AdjustUnitValue.bldgstructure','rptis.bldg.actions.AdjustUnitValue','bldgstructure',1,'Building Structure',NULL,'var',NULL,NULL,NULL,'rptis.bldg.facts.BldgStructure',NULL),('rptis.bldg.actions.AdjustUnitValue.expr','rptis.bldg.actions.AdjustUnitValue','expr',2,'Computation',NULL,'expression',NULL,NULL,NULL,NULL,NULL),('rptis.bldg.actions.CalcAssessLevel.assessment','rptis.bldg.actions.CalcAssessLevel','assessment',1,'Assessment',NULL,'var',NULL,NULL,NULL,'rptis.facts.RPUAssessment',NULL),('rptis.bldg.actions.CalcBldgAge.expr','rptis.bldg.actions.CalcBldgAge','expr',2,'Computation',NULL,'expression',NULL,NULL,NULL,NULL,NULL),('rptis.bldg.actions.CalcBldgAge.rpu','rptis.bldg.actions.CalcBldgAge','rpu',1,'Building Real Property',NULL,'var',NULL,NULL,NULL,'rptis.bldg.facts.BldgRPU',NULL),('rptis.bldg.actions.CalcBldgEffectiveAge.expr','rptis.bldg.actions.CalcBldgEffectiveAge','expr',2,'Computation',NULL,'expression',NULL,NULL,NULL,NULL,NULL),('rptis.bldg.actions.CalcBldgEffectiveAge.rpu','rptis.bldg.actions.CalcBldgEffectiveAge','rpu',1,'Building Real Property',NULL,'var',NULL,NULL,NULL,'rptis.bldg.facts.BldgRPU',NULL),('rptis.bldg.actions.CalcBldgUseBMV.bldguse','rptis.bldg.actions.CalcBldgUseBMV','bldguse',1,'Building Actual Use',NULL,'var',NULL,NULL,NULL,'rptis.bldg.facts.BldgUse',NULL),('rptis.bldg.actions.CalcBldgUseBMV.expr','rptis.bldg.actions.CalcBldgUseBMV','expr',2,'Computation',NULL,'expression',NULL,NULL,NULL,NULL,NULL),('rptis.bldg.actions.CalcBldgUseDepreciation.bldguse','rptis.bldg.actions.CalcBldgUseDepreciation','bldguse',1,'Building Actual Use',NULL,'var',NULL,NULL,NULL,'rptis.bldg.facts.BldgUse',NULL),('rptis.bldg.actions.CalcBldgUseDepreciation.expr','rptis.bldg.actions.CalcBldgUseDepreciation','expr',2,'Computation',NULL,'expression',NULL,NULL,NULL,NULL,NULL),('rptis.bldg.actions.CalcBldgUseMV.bldguse','rptis.bldg.actions.CalcBldgUseMV','bldguse',1,'Building Actual Use',NULL,'var',NULL,NULL,NULL,'rptis.bldg.facts.BldgUse',NULL),('rptis.bldg.actions.CalcBldgUseMV.expr','rptis.bldg.actions.CalcBldgUseMV','expr',2,'Computation',NULL,'expression',NULL,NULL,NULL,NULL,NULL),('rptis.bldg.actions.CalcDepreciationByRange.bldgstructure','rptis.bldg.actions.CalcDepreciationByRange','bldgstructure',1,'Building Structure',NULL,'var',NULL,NULL,NULL,'rptis.bldg.facts.BldgStructure',NULL),('rptis.bldg.actions.CalcDepreciationFromSked.bldgstructure','rptis.bldg.actions.CalcDepreciationFromSked','bldgstructure',1,'Building Structure',NULL,'var',NULL,NULL,NULL,'rptis.bldg.facts.BldgStructure',NULL),('rptis.bldg.actions.CalcFloorBMV.bldgfloor','rptis.bldg.actions.CalcFloorBMV','bldgfloor',1,'Building Floor',NULL,'var',NULL,NULL,NULL,'rptis.bldg.facts.BldgFloor',NULL),('rptis.bldg.actions.CalcFloorBMV.expr','rptis.bldg.actions.CalcFloorBMV','expr',2,'Computation',NULL,'expression',NULL,NULL,NULL,NULL,NULL),('rptis.bldg.actions.CalcFloorMV.bldgfloor','rptis.bldg.actions.CalcFloorMV','bldgfloor',1,'Building Floor',NULL,'var',NULL,NULL,NULL,'rptis.bldg.facts.BldgFloor',NULL),('rptis.bldg.actions.CalcFloorMV.expr','rptis.bldg.actions.CalcFloorMV','expr',2,'Computation',NULL,'expression',NULL,NULL,NULL,NULL,NULL),('rptis.bldg.actions.ResetAdjustment.adjustment','rptis.bldg.actions.ResetAdjustment','adjustment',1,'Building Adjustment',NULL,'var',NULL,NULL,NULL,'rptis.bldg.facts.BldgAdjustment',NULL),('rptis.land.actions.AddAssessmentInfo.classification','rptis.land.actions.AddAssessmentInfo','classification',2,'Classification',NULL,'var',NULL,NULL,NULL,'rptis.facts.Classification',NULL),('rptis.land.actions.AddAssessmentInfo.landdetail','rptis.land.actions.AddAssessmentInfo','landdetail',1,'Land Item Appraisal',NULL,'var',NULL,NULL,NULL,'rptis.land.facts.LandDetail',NULL),('rptis.land.actions.CalcAssessValue.expr','rptis.land.actions.CalcAssessValue','expr',2,'Computation',NULL,'expression',NULL,NULL,NULL,NULL,NULL),('rptis.land.actions.CalcAssessValue.landdetail','rptis.land.actions.CalcAssessValue','landdetail',1,'Land Item Appraisal',NULL,'var',NULL,NULL,NULL,'rptis.land.facts.LandDetail',NULL),('rptis.land.actions.CalcBaseMarketValue.expr','rptis.land.actions.CalcBaseMarketValue','expr',2,'Computation',NULL,'expression',NULL,NULL,NULL,NULL,NULL),('rptis.land.actions.CalcBaseMarketValue.landdetail','rptis.land.actions.CalcBaseMarketValue','landdetail',1,'Land Item Appraisal',NULL,'var',NULL,NULL,NULL,'rptis.land.facts.LandDetail',NULL),('rptis.land.actions.CalcMarketValue.expr','rptis.land.actions.CalcMarketValue','expr',2,'Computation',NULL,'expression',NULL,NULL,NULL,NULL,NULL),('rptis.land.actions.CalcMarketValue.landdetail','rptis.land.actions.CalcMarketValue','landdetail',1,'Land Item Appraisal',NULL,'var',NULL,NULL,NULL,'rptis.land.facts.LandDetail',NULL),('rptis.land.actions.UpdateAdjustment.adjustment','rptis.land.actions.UpdateAdjustment','adjustment',1,'Adjustment',NULL,'var',NULL,NULL,NULL,'rptis.land.facts.LandAdjustment',NULL),('rptis.land.actions.UpdateAdjustment.expr','rptis.land.actions.UpdateAdjustment','expr',2,'Computation',NULL,'expression',NULL,NULL,NULL,NULL,NULL),('rptis.land.actions.UpdateLandDetailActualUseAdj.expr','rptis.land.actions.UpdateLandDetailActualUseAdj','expr',2,'Computation',NULL,'expression',NULL,NULL,NULL,NULL,NULL),('rptis.land.actions.UpdateLandDetailActualUseAdj.landdetail','rptis.land.actions.UpdateLandDetailActualUseAdj','landdetail',1,'Land Item Appraisal',NULL,'var',NULL,NULL,NULL,'rptis.land.facts.LandDetail',NULL),('rptis.land.actions.UpdateLandDetailAdjustment.expr','rptis.land.actions.UpdateLandDetailAdjustment','expr',2,'Computation',NULL,'expression',NULL,NULL,NULL,NULL,NULL),('rptis.land.actions.UpdateLandDetailAdjustment.landdetail','rptis.land.actions.UpdateLandDetailAdjustment','landdetail',1,'Land Item Appraisal',NULL,'var',NULL,NULL,NULL,'rptis.land.facts.LandDetail',NULL),('rptis.land.actions.UpdateLandDetailValueAdjustment.expr','rptis.land.actions.UpdateLandDetailValueAdjustment','expr',2,'Computation',NULL,'expression',NULL,NULL,NULL,NULL,NULL),('rptis.land.actions.UpdateLandDetailValueAdjustment.landdetail','rptis.land.actions.UpdateLandDetailValueAdjustment','landdetail',1,'Land Appraisal',NULL,'var',NULL,NULL,NULL,'rptis.land.facts.LandDetail',NULL),('rptis.landtax.actions.AddBasic.av','rptis.landtax.actions.AddBasic','av',3,'AV',NULL,'expression',NULL,NULL,NULL,NULL,NULL),('rptis.landtax.actions.AddBasic.avfact','rptis.landtax.actions.AddBasic','avfact',1,'AV Info',NULL,'var',NULL,NULL,NULL,'rptis.landtax.facts.AssessedValue',NULL),('rptis.landtax.actions.AddBasic.year','rptis.landtax.actions.AddBasic','year',2,'Year',NULL,'var',NULL,NULL,NULL,'integer',NULL),('rptis.landtax.actions.AddBillItem.taxsummary','rptis.landtax.actions.AddBillItem','taxsummary',1,'Tax Summary',NULL,'var',NULL,NULL,NULL,'rptis.landtax.facts.RPTLedgerTaxSummaryFact',NULL),('rptis.landtax.actions.AddFireCode.av','rptis.landtax.actions.AddFireCode','av',3,'AV',NULL,'expression',NULL,NULL,NULL,NULL,NULL),('rptis.landtax.actions.AddFireCode.avfact','rptis.landtax.actions.AddFireCode','avfact',1,'AV Info',NULL,'var',NULL,NULL,NULL,'rptis.landtax.facts.AssessedValue',NULL),('rptis.landtax.actions.AddFireCode.year','rptis.landtax.actions.AddFireCode','year',2,'Year',NULL,'var',NULL,NULL,NULL,'integer',NULL),('rptis.landtax.actions.AddIdleLand.av','rptis.landtax.actions.AddIdleLand','av',3,'AV',NULL,'expression',NULL,NULL,NULL,NULL,NULL),('rptis.landtax.actions.AddIdleLand.avfact','rptis.landtax.actions.AddIdleLand','avfact',1,'AV Info',NULL,'var',NULL,NULL,NULL,'rptis.landtax.facts.AssessedValue',NULL),('rptis.landtax.actions.AddIdleLand.year','rptis.landtax.actions.AddIdleLand','year',2,'Year',NULL,'var',NULL,NULL,NULL,NULL,NULL),('rptis.landtax.actions.AddSef.av','rptis.landtax.actions.AddSef','av',3,'AV',NULL,'expression',NULL,NULL,NULL,NULL,NULL),('rptis.landtax.actions.AddSef.avfact','rptis.landtax.actions.AddSef','avfact',1,'AV Info',NULL,'var',NULL,NULL,NULL,'rptis.landtax.facts.AssessedValue',NULL),('rptis.landtax.actions.AddSef.year','rptis.landtax.actions.AddSef','year',2,'Year',NULL,'var',NULL,NULL,NULL,'integer',NULL),('rptis.landtax.actions.AddShare.amtdue','rptis.landtax.actions.AddShare','amtdue',5,'Amount Due',NULL,'expression',NULL,NULL,NULL,NULL,NULL),('rptis.landtax.actions.AddShare.billitem','rptis.landtax.actions.AddShare','billitem',1,'Bill Item',NULL,'var',NULL,NULL,NULL,'rptis.landtax.facts.RPTBillItem',NULL),('rptis.landtax.actions.AddShare.orgclass','rptis.landtax.actions.AddShare','orgclass',2,'Share Type',NULL,'lov',NULL,NULL,NULL,NULL,'RPT_BILLING_LGU_TYPES'),('rptis.landtax.actions.AddShare.orgid','rptis.landtax.actions.AddShare','orgid',3,'Org',NULL,'var','org:lookup','objid','name','String',NULL),('rptis.landtax.actions.AddShare.payableparentacct','rptis.landtax.actions.AddShare','payableparentacct',4,'Payable Account',NULL,'lookup','revenueitem:lookup','objid','title',NULL,NULL),('rptis.landtax.actions.AddShare.rate','rptis.landtax.actions.AddShare','rate',6,'Share (decimal)',NULL,'expression',NULL,NULL,NULL,NULL,NULL),('rptis.landtax.actions.AddSocialHousing.av','rptis.landtax.actions.AddSocialHousing','av',3,'AV',NULL,'expression',NULL,NULL,NULL,NULL,NULL),('rptis.landtax.actions.AddSocialHousing.avfact','rptis.landtax.actions.AddSocialHousing','avfact',1,'AV Info',NULL,'var',NULL,NULL,NULL,'rptis.landtax.facts.AssessedValue',NULL),('rptis.landtax.actions.AddSocialHousing.year','rptis.landtax.actions.AddSocialHousing','year',2,'Year',NULL,'var',NULL,NULL,NULL,NULL,NULL),('rptis.landtax.actions.AggregateLedgerItem.rptledgeritem','rptis.landtax.actions.AggregateLedgerItem','rptledgeritem',1,'Ledger Item',NULL,'var',NULL,NULL,NULL,'rptis.landtax.facts.RPTLedgerItemFact',NULL),('rptis.landtax.actions.CalcDiscount.expr','rptis.landtax.actions.CalcDiscount','expr',2,'Computation',NULL,'expression',NULL,NULL,NULL,NULL,NULL),('rptis.landtax.actions.CalcDiscount.rptledgeritem','rptis.landtax.actions.CalcDiscount','rptledgeritem',1,'Ledger Item',NULL,'var',NULL,NULL,NULL,'rptis.landtax.facts.RPTLedgerItemFact',NULL),('rptis.landtax.actions.CalcInterest.expr','rptis.landtax.actions.CalcInterest','expr',2,'Computation',NULL,'expression',NULL,NULL,NULL,NULL,NULL),('rptis.landtax.actions.CalcInterest.rptledgeritem','rptis.landtax.actions.CalcInterest','rptledgeritem',1,'Ledger Item',NULL,'var',NULL,NULL,NULL,'rptis.landtax.facts.RPTLedgerItemFact',NULL),('rptis.landtax.actions.CalcTax.expr','rptis.landtax.actions.CalcTax','expr',2,'Computation',NULL,'expression',NULL,NULL,NULL,NULL,NULL),('rptis.landtax.actions.CalcTax.rptledgeritem','rptis.landtax.actions.CalcTax','rptledgeritem',1,'Ledger Item',NULL,'var',NULL,NULL,NULL,'rptis.landtax.facts.RPTLedgerItemFact',NULL),('rptis.landtax.actions.CreateTaxSummary.revperiod','rptis.landtax.actions.CreateTaxSummary','revperiod',2,'Revenue Period',NULL,'lov',NULL,NULL,NULL,NULL,'RPT_REVENUE_PERIODS'),('rptis.landtax.actions.CreateTaxSummary.rptledgeritem','rptis.landtax.actions.CreateTaxSummary','rptledgeritem',1,'RPT Ledger Item','','var','','','','rptis.landtax.facts.RPTLedgerItemFact',''),('rptis.landtax.actions.CreateTaxSummary.var','rptis.landtax.actions.CreateTaxSummary','var',3,'Variable Name',NULL,'lookup','rptparameter:lookup','name','name',NULL,''),('rptis.landtax.actions.RemoveLedgerItem.rptledgeritem','rptis.landtax.actions.RemoveLedgerItem','rptledgeritem',1,'Ledger Item',NULL,'var',NULL,NULL,NULL,'rptis.landtax.facts.RPTLedgerItemFact',NULL),('rptis.landtax.actions.SetBillExpiryDate.bill','rptis.landtax.actions.SetBillExpiryDate','bill',1,'Bill',NULL,'var',NULL,NULL,NULL,'rptis.landtax.facts.Bill',NULL),('rptis.landtax.actions.SetBillExpiryDate.expr','rptis.landtax.actions.SetBillExpiryDate','expr',2,'Expiry Date',NULL,'expression',NULL,NULL,NULL,NULL,NULL),('rptis.landtax.actions.SplitByQtr.rptledgeritem','rptis.landtax.actions.SplitByQtr','rptledgeritem',1,'Ledger Item',NULL,'var',NULL,NULL,NULL,'rptis.landtax.facts.RPTLedgerItemFact',NULL),('rptis.landtax.actions.SplitLedgerItem.rptledgeritem','rptis.landtax.actions.SplitLedgerItem','rptledgeritem',1,'Ledger Item',NULL,'var',NULL,NULL,NULL,'rptis.landtax.facts.RPTLedgerItemFact',NULL),('rptis.landtax.actions.UpdateAV.avfact','rptis.landtax.actions.UpdateAV','avfact',1,'Assessed Value',NULL,'var',NULL,NULL,NULL,'rptis.landtax.facts.AssessedValue',NULL),('rptis.landtax.actions.UpdateAV.expr','rptis.landtax.actions.UpdateAV','expr',2,'Computation',NULL,'expression',NULL,NULL,NULL,NULL,NULL),('rptis.mach.actions.AddAssessmentInfo.machuse','rptis.mach.actions.AddAssessmentInfo','machuse',1,'Machine Actual Use',NULL,'var',NULL,NULL,NULL,'rptis.mach.facts.MachineActualUse',NULL),('rptis.mach.actions.CalcMachineAssessLevel.machine','rptis.mach.actions.CalcMachineAssessLevel','machine',2,'Machine',NULL,'var',NULL,NULL,NULL,'rptis.mach.facts.MachineDetail',NULL),('rptis.mach.actions.CalcMachineAssessLevel.machuse','rptis.mach.actions.CalcMachineAssessLevel','machuse',1,'Machine Use',NULL,'var',NULL,NULL,NULL,'rptis.mach.facts.MachineActualUse',NULL),('rptis.mach.actions.CalcMachineAV.expr','rptis.mach.actions.CalcMachineAV','expr',2,'Computation',NULL,'expression',NULL,NULL,NULL,NULL,NULL),('rptis.mach.actions.CalcMachineAV.machine','rptis.mach.actions.CalcMachineAV','machine',1,'Machinery',NULL,'var',NULL,NULL,NULL,'rptis.mach.facts.MachineDetail',NULL),('rptis.mach.actions.CalcMachineBMV.expr','rptis.mach.actions.CalcMachineBMV','expr',2,'Computation',NULL,'expression',NULL,NULL,NULL,NULL,NULL),('rptis.mach.actions.CalcMachineBMV.machine','rptis.mach.actions.CalcMachineBMV','machine',1,'Machinery',NULL,'var',NULL,NULL,NULL,'rptis.mach.facts.MachineDetail',NULL),('rptis.mach.actions.CalcMachineDepreciation.expr','rptis.mach.actions.CalcMachineDepreciation','expr',2,'Computation',NULL,'expression',NULL,NULL,NULL,NULL,NULL),('rptis.mach.actions.CalcMachineDepreciation.machine','rptis.mach.actions.CalcMachineDepreciation','machine',1,'Machinery',NULL,'var',NULL,NULL,NULL,'rptis.mach.facts.MachineDetail',NULL),('rptis.mach.actions.CalcMachineMV.expr','rptis.mach.actions.CalcMachineMV','expr',2,'Computation',NULL,'expression',NULL,NULL,NULL,NULL,NULL),('rptis.mach.actions.CalcMachineMV.machine','rptis.mach.actions.CalcMachineMV','machine',1,'Machinery',NULL,'var',NULL,NULL,NULL,'rptis.mach.facts.MachineDetail',NULL),('rptis.mach.actions.CalcMachUseAssessLevel.machuse','rptis.mach.actions.CalcMachUseAssessLevel','machuse',1,'Machine Actual Use',NULL,'var',NULL,NULL,NULL,'rptis.mach.facts.MachineActualUse',NULL),('rptis.mach.actions.CalcMachUseAV.machuse','rptis.mach.actions.CalcMachUseAV','machuse',1,'Machine Actual Use',NULL,'var',NULL,NULL,NULL,'rptis.mach.facts.MachineActualUse',NULL),('rptis.misc.actions.CalcAssessValue.expr','rptis.misc.actions.CalcAssessValue','expr',2,'Computation',NULL,'expression',NULL,NULL,NULL,NULL,NULL),('rptis.misc.actions.CalcAssessValue.miscitem','rptis.misc.actions.CalcAssessValue','miscitem',1,'Miscellaneous Item',NULL,'var',NULL,NULL,NULL,'rptis.misc.facts.MiscItem',NULL),('rptis.misc.actions.CalcBaseMarketValue.expr','rptis.misc.actions.CalcBaseMarketValue','expr',2,'Computation',NULL,'expression',NULL,NULL,NULL,NULL,NULL),('rptis.misc.actions.CalcBaseMarketValue.miscitem','rptis.misc.actions.CalcBaseMarketValue','miscitem',1,'Miscellaneous Item',NULL,'var',NULL,NULL,NULL,'rptis.misc.facts.MiscItem',NULL),('rptis.misc.actions.CalcDepreciation.expr','rptis.misc.actions.CalcDepreciation','expr',2,'Computation',NULL,'expression',NULL,NULL,NULL,NULL,NULL),('rptis.misc.actions.CalcDepreciation.miscitem','rptis.misc.actions.CalcDepreciation','miscitem',1,'Miscellaneous Item',NULL,'var',NULL,NULL,NULL,'rptis.misc.facts.MiscItem',NULL),('rptis.misc.actions.CalcMarketValue.expr','rptis.misc.actions.CalcMarketValue','expr',2,'Computation',NULL,'expression',NULL,NULL,NULL,NULL,NULL),('rptis.misc.actions.CalcMarketValue.miscitem','rptis.misc.actions.CalcMarketValue','miscitem',1,'Miscelleneous Item',NULL,'var',NULL,NULL,NULL,'rptis.misc.facts.MiscItem',NULL),('rptis.misc.actions.CalcMiscRPUAssessLevel.expr','rptis.misc.actions.CalcMiscRPUAssessLevel','expr',2,'Computation',NULL,'expression',NULL,NULL,NULL,NULL,NULL),('rptis.misc.actions.CalcMiscRPUAssessLevel.miscrpu','rptis.misc.actions.CalcMiscRPUAssessLevel','miscrpu',1,'Miscellaneous RPU',NULL,'var',NULL,NULL,NULL,'rptis.misc.facts.MiscRPU',NULL),('rptis.misc.actions.CalcMiscRPUAssessValue.expr','rptis.misc.actions.CalcMiscRPUAssessValue','expr',2,'Computation',NULL,'expression',NULL,NULL,NULL,NULL,NULL),('rptis.misc.actions.CalcMiscRPUAssessValue.miscrpu','rptis.misc.actions.CalcMiscRPUAssessValue','miscrpu',1,'Miscellaneous RPU',NULL,'var',NULL,NULL,NULL,'rptis.misc.facts.MiscRPU',NULL),('rptis.misc.actions.CalcMiscRPUBaseMarketValue.expr','rptis.misc.actions.CalcMiscRPUBaseMarketValue','expr',2,'Computation',NULL,'expression',NULL,NULL,NULL,NULL,NULL),('rptis.misc.actions.CalcMiscRPUBaseMarketValue.miscrpu','rptis.misc.actions.CalcMiscRPUBaseMarketValue','miscrpu',1,'Miscellaneous RPU',NULL,'var',NULL,NULL,NULL,'rptis.misc.facts.MiscRPU',NULL),('rptis.misc.actions.CalcMiscRPUMarketValue.expr','rptis.misc.actions.CalcMiscRPUMarketValue','expr',2,'Computation',NULL,'expression',NULL,NULL,NULL,NULL,NULL),('rptis.misc.actions.CalcMiscRPUMarketValue.miscrpu','rptis.misc.actions.CalcMiscRPUMarketValue','miscrpu',1,'Miscellaneous RPU',NULL,'var',NULL,NULL,NULL,'rptis.misc.facts.MiscRPU',NULL),('rptis.planttree.actions.AddPlantTreeAssessmentInfo.planttreedetail','rptis.planttree.actions.AddPlantTreeAssessmentInfo','planttreedetail',1,'Plant/Tree',NULL,'var',NULL,NULL,NULL,'rptis.planttree.facts.PlantTreeDetail',NULL),('rptis.planttree.actions.CalcPlantTreeAdjustment.expr','rptis.planttree.actions.CalcPlantTreeAdjustment','expr',2,'Computation',NULL,'expression',NULL,NULL,NULL,NULL,NULL),('rptis.planttree.actions.CalcPlantTreeAdjustment.planttreedetail','rptis.planttree.actions.CalcPlantTreeAdjustment','planttreedetail',1,'Plant/Tree Appraisal',NULL,'var',NULL,NULL,NULL,'rptis.planttree.facts.PlantTreeDetail',NULL),('rptis.planttree.actions.CalcPlantTreeAssessValue.expr','rptis.planttree.actions.CalcPlantTreeAssessValue','expr',2,'Computation',NULL,'expression',NULL,NULL,NULL,NULL,NULL),('rptis.planttree.actions.CalcPlantTreeAssessValue.planttreedetail','rptis.planttree.actions.CalcPlantTreeAssessValue','planttreedetail',1,'Plant/Tree Appraisal',NULL,'var',NULL,NULL,NULL,'rptis.planttree.facts.PlantTreeDetail',NULL),('rptis.planttree.actions.CalcPlantTreeBMV.expr','rptis.planttree.actions.CalcPlantTreeBMV','expr',2,'Computation',NULL,'expression',NULL,NULL,NULL,NULL,NULL),('rptis.planttree.actions.CalcPlantTreeBMV.planttreedetail','rptis.planttree.actions.CalcPlantTreeBMV','planttreedetail',1,'Plant/Tree Appraisal',NULL,'var',NULL,NULL,NULL,'rptis.planttree.facts.PlantTreeDetail',NULL),('rptis.planttree.actions.CalcPlantTreeMarketValue.expr','rptis.planttree.actions.CalcPlantTreeMarketValue','expr',2,'Computation',NULL,'expression',NULL,NULL,NULL,NULL,NULL),('rptis.planttree.actions.CalcPlantTreeMarketValue.planttreedetail','rptis.planttree.actions.CalcPlantTreeMarketValue','planttreedetail',1,'Plant/Tree Appraisal',NULL,'var',NULL,NULL,NULL,'rptis.planttree.facts.PlantTreeDetail',NULL),('treasury.actions.AddBillItem.account','treasury.actions.AddBillItem','account',1,'Account',NULL,'lookup','revenueitem:lookup','objid','title',NULL,NULL),('treasury.actions.AddBillItem.amount','treasury.actions.AddBillItem','amount',2,'Amount',NULL,'expression',NULL,NULL,NULL,NULL,NULL),('treasury.actions.AddBillItem.fromdate','treasury.actions.AddBillItem','fromdate',6,'From Date',NULL,'expression',NULL,NULL,NULL,NULL,NULL),('treasury.actions.AddBillItem.month','treasury.actions.AddBillItem','month',5,'Month',NULL,'expression',NULL,NULL,NULL,NULL,NULL),('treasury.actions.AddBillItem.refid','treasury.actions.AddBillItem','refid',9,'Ref ID',NULL,'var',NULL,NULL,NULL,'string',NULL),('treasury.actions.AddBillItem.remarks','treasury.actions.AddBillItem','remarks',8,'Remarks',NULL,'expression',NULL,NULL,NULL,NULL,NULL),('treasury.actions.AddBillItem.todate','treasury.actions.AddBillItem','todate',7,'To Date',NULL,'expression',NULL,NULL,NULL,NULL,NULL),('treasury.actions.AddBillItem.txntype','treasury.actions.AddBillItem','txntype',3,'Txn Type',NULL,'lookup','billitem_txntype:lookup','objid','title','string',NULL),('treasury.actions.AddBillItem.year','treasury.actions.AddBillItem','year',4,'Year',NULL,'expression',NULL,NULL,NULL,NULL,NULL),('treasury.actions.AddDueDate.date','treasury.actions.AddDueDate','date',1,'Date',NULL,'expression',NULL,NULL,NULL,NULL,NULL),('treasury.actions.AddDueDate.tag','treasury.actions.AddDueDate','tag',2,'Tag','string','string',NULL,NULL,NULL,'string',NULL),('treasury.actions.AddRevenueShareByOrg.amount','treasury.actions.AddRevenueShare','amount',4,'Amount',NULL,'expression',NULL,NULL,NULL,NULL,NULL),('treasury.actions.AddRevenueShareByOrg.org','treasury.actions.AddRevenueShare','org',3,'Org',NULL,'var',NULL,NULL,NULL,'enterprise.facts.Org',NULL),('treasury.actions.AddRevenueShareByOrg.payableaccount','treasury.actions.AddRevenueShare','payableaccount',2,'Payable Account',NULL,'lookup','payableaccount:lookup','objid','title','string',NULL),('treasury.actions.AddRevenueShareByOrg.refitem','treasury.actions.AddRevenueShare','refitem',1,'Ref Item',NULL,'var','revenueitem:lookup','objid','title','treasury.facts.AbstractBillItem',NULL),('treasury.actions.UpdateFieldValue.fieldname','treasury.actions.UpdateFieldValue','fieldname',2,'Field name',NULL,'fieldlist',NULL,'object',NULL,NULL,NULL),('treasury.actions.UpdateFieldValue.object','treasury.actions.UpdateFieldValue','object',1,'Object',NULL,'var',NULL,NULL,NULL,'obj',NULL),('treasury.actions.UpdateFieldValue.value','treasury.actions.UpdateFieldValue','value',3,'Value',NULL,'expression',NULL,NULL,NULL,NULL,NULL);
/*!40000 ALTER TABLE `sys_rule_actiondef_param` ENABLE KEYS */;
UNLOCK TABLES;

--
-- Table structure for table `sys_rule_condition`
--

DROP TABLE IF EXISTS `sys_rule_condition`;
/*!40101 SET @saved_cs_client     = @@character_set_client */;
/*!40101 SET character_set_client = utf8 */;
CREATE TABLE `sys_rule_condition` (
  `objid` varchar(50) NOT NULL,
  `parentid` varchar(50) DEFAULT NULL,
  `fact_name` varchar(50) DEFAULT NULL,
  `fact_objid` varchar(50) DEFAULT NULL,
  `varname` varchar(50) DEFAULT NULL,
  `pos` int(11) DEFAULT NULL,
  `ruletext` longtext,
  `displaytext` longtext,
  `dynamic_datatype` varchar(50) DEFAULT NULL,
  `dynamic_key` varchar(50) DEFAULT NULL,
  `dynamic_value` varchar(50) DEFAULT NULL,
  `notexist` int(11) NOT NULL DEFAULT '0',
  PRIMARY KEY (`objid`),
  KEY `fact_objid` (`fact_objid`),
  KEY `parentid` (`parentid`),
  CONSTRAINT `sys_rule_condition_ibfk_1` FOREIGN KEY (`fact_objid`) REFERENCES `sys_rule_fact` (`objid`),
  CONSTRAINT `sys_rule_condition_ibfk_2` FOREIGN KEY (`parentid`) REFERENCES `sys_rule` (`objid`)
) ENGINE=InnoDB DEFAULT CHARSET=utf8;
/*!40101 SET character_set_client = @saved_cs_client */;

--
-- Dumping data for table `sys_rule_condition`
--

LOCK TABLES `sys_rule_condition` WRITE;
/*!40000 ALTER TABLE `sys_rule_condition` DISABLE KEYS */;
INSERT INTO `sys_rule_condition` VALUES ('RC-15f7fe9f:15cf6ec9fa5:-7fc3','RUL-31fc82f2:15cf6ecbe4d:-6b3d','rptis.land.facts.LandDetail','rptis.land.facts.LandDetail','LA',0,NULL,NULL,NULL,NULL,NULL,0),('RC-17442746:16be936f033:-7e86','RUL483027b0:16be9375c61:-77e6','rptis.landtax.facts.RPTLedgerItemFact','rptis.landtax.facts.RPTLedgerItemFact','RLI',0,NULL,NULL,NULL,NULL,NULL,0),('RC-1b1c40ae:17fb94f690d:-64de','RUL-6a56ca9d:17fb9fb27f8:-6aef','bpapplication','RULFACT-26aa09fd:1419696e71f:-7feb',NULL,0,NULL,NULL,NULL,NULL,NULL,0),('RC-287581a5:180558e600d:-7d5d','RUL-2a65218f:180558e7346:-77a0','rptis.landtax.facts.RPTLedgerItemFact','rptis.landtax.facts.RPTLedgerItemFact','RLI',1,NULL,NULL,NULL,NULL,NULL,0),('RC-287581a5:180558e600d:-7d61','RUL-2a65218f:180558e7346:-77a0','CurrentDate','CurrentDate',NULL,0,NULL,NULL,NULL,NULL,NULL,0),('RC122cd182:16b250d7a42:-123b','RUL3e7cce43:16b25a6ae3b:-2c01','rptis.landtax.facts.RPTLedgerItemFact','rptis.landtax.facts.RPTLedgerItemFact','RLI',1,NULL,NULL,NULL,NULL,NULL,0),('RC122cd182:16b250d7a42:-8f9','RUL3e7cce43:16b25a6ae3b:-2657','CurrentDate','CurrentDate',NULL,0,NULL,NULL,NULL,NULL,NULL,0),('RC122cd182:16b250d7a42:-8fe','RUL3e7cce43:16b25a6ae3b:-2657','rptis.landtax.facts.RPTLedgerItemFact','rptis.landtax.facts.RPTLedgerItemFact','RLI',1,NULL,NULL,NULL,NULL,NULL,0),('RC122cd182:16b250d7a42:-e9f','RUL3e7cce43:16b25a6ae3b:-2ade','rptis.landtax.facts.RPTLedgerItemFact','rptis.landtax.facts.RPTLedgerItemFact','RLI',1,NULL,NULL,NULL,NULL,NULL,0),('RC440e47f4:166ae4152f1:-7fbe','RUL1262ad19:166ae41b1fb:-7c88','CurrentDate','CurrentDate',NULL,0,NULL,NULL,NULL,NULL,NULL,0),('RC440e47f4:166ae4152f1:-7fc0','RUL1262ad19:166ae41b1fb:-7c88','rptis.landtax.facts.RPTLedgerItemFact','rptis.landtax.facts.RPTLedgerItemFact','RLI',1,NULL,NULL,NULL,NULL,NULL,0),('RC48ce1e31:16b4f267a90:636f','RUL40fb8c21:16b4f90f5b4:-71f1','rptis.facts.RPUAssessment','rptis.facts.RPUAssessment','BA',0,NULL,NULL,NULL,NULL,NULL,0),('RC4d8d2fa0:168164ac044:-689f','RUL4c78a9d4:16816354aab:-752c','ctc.facts.IndividualCTC','ctc.facts.IndividualCTC','ICTC',0,NULL,NULL,NULL,NULL,NULL,0),('RC70978a15:166ae6875d1:-7f22','RUL7e02b404:166ae687f42:-5511','rptis.landtax.facts.RPTLedgerItemFact','rptis.landtax.facts.RPTLedgerItemFact','RLI',1,NULL,NULL,NULL,NULL,NULL,0),('RC70978a15:166ae6875d1:-7f24','RUL7e02b404:166ae687f42:-5511','CurrentDate','CurrentDate',NULL,0,NULL,NULL,NULL,NULL,NULL,0),('RC7280357:166235c1be7:-7fad','RULec9d7ab:166235c2e16:-26bf','CurrentDate','CurrentDate',NULL,0,NULL,NULL,NULL,NULL,NULL,0),('RC7280357:166235c1be7:-7faf','RULec9d7ab:166235c2e16:-26bf','rptis.landtax.facts.RPTLedgerItemFact','rptis.landtax.facts.RPTLedgerItemFact','RLI',1,NULL,NULL,NULL,NULL,NULL,0),('RC7280357:166235c1be7:-7fb4','RULec9d7ab:166235c2e16:-26d0','CurrentDate','CurrentDate',NULL,0,NULL,NULL,NULL,NULL,NULL,0),('RC7280357:166235c1be7:-7fb6','RULec9d7ab:166235c2e16:-26d0','rptis.landtax.facts.RPTLedgerItemFact','rptis.landtax.facts.RPTLedgerItemFact','RLI',1,NULL,NULL,NULL,NULL,NULL,0),('RC7280357:166235c1be7:-7fbb','RULec9d7ab:166235c2e16:-319f','CurrentDate','CurrentDate',NULL,0,NULL,NULL,NULL,NULL,NULL,0),('RC7280357:166235c1be7:-7fbd','RULec9d7ab:166235c2e16:-319f','rptis.landtax.facts.RPTLedgerFact','rptis.landtax.facts.RPTLedgerFact','RL',1,NULL,NULL,NULL,NULL,NULL,0),('RC7280357:166235c1be7:-7fc0','RULec9d7ab:166235c2e16:-319f','rptis.landtax.facts.Bill','rptis.landtax.facts.Bill','BILL',2,NULL,NULL,NULL,NULL,NULL,0),('RC7280357:166235c1be7:-7fc7','RULec9d7ab:166235c2e16:-3811','rptis.landtax.facts.RPTLedgerItemFact','rptis.landtax.facts.RPTLedgerItemFact','RLI',1,NULL,NULL,NULL,NULL,NULL,0),('RC7280357:166235c1be7:-7fc9','RULec9d7ab:166235c2e16:-3811','rptis.landtax.facts.Bill','rptis.landtax.facts.Bill','BILL',2,NULL,NULL,NULL,NULL,NULL,0),('RC7280357:166235c1be7:-7fcf','RULec9d7ab:166235c2e16:-4197','CurrentDate','CurrentDate',NULL,0,NULL,NULL,NULL,NULL,NULL,0),('RC7280357:166235c1be7:-7fd4','RULec9d7ab:166235c2e16:-4197','rptis.landtax.facts.RPTLedgerItemFact','rptis.landtax.facts.RPTLedgerItemFact','RLI',1,NULL,NULL,NULL,NULL,NULL,0),('RCb9e61ab:1694b473870:6035','RUL48d0f0c4:169510e76b2:-59e1','com.rameses.rules.common.CurrentDate','com.rameses.rules.common.CurrentDate',NULL,0,NULL,NULL,NULL,NULL,NULL,0),('RCOND-103fed47:146ffb40356:-7d40','RUL3e2b89cb:146ff734573:-7dcc','rptis.bldg.facts.BldgRPU','rptis.bldg.facts.BldgRPU','RPU',0,NULL,NULL,NULL,NULL,NULL,0),('RCOND-1a2d6e9b:1692d429304:-7748','RUL-1a2d6e9b:1692d429304:-7779','rptis.landtax.facts.AssessedValue','rptis.landtax.facts.AssessedValue','AVINFO',0,NULL,NULL,NULL,NULL,NULL,0),('RCOND-2486b0ca:146fff66c3e:-2bf1','RUL-2486b0ca:146fff66c3e:-2c4a','rptis.bldg.facts.BldgUse','rptis.bldg.facts.BldgUse','BU',0,NULL,NULL,NULL,NULL,NULL,0),('RCOND-2486b0ca:146fff66c3e:-3888','RUL-2486b0ca:146fff66c3e:-38e4','rptis.bldg.facts.BldgFloor','rptis.bldg.facts.BldgFloor','BF',0,NULL,NULL,NULL,NULL,NULL,0),('RCOND-2486b0ca:146fff66c3e:-3ed1','RUL-2486b0ca:146fff66c3e:-4192','rptis.bldg.facts.BldgUse','rptis.bldg.facts.BldgUse','BU',1,NULL,NULL,NULL,NULL,NULL,0),('RCOND-2486b0ca:146fff66c3e:-3f91','RUL-2486b0ca:146fff66c3e:-4192','rptis.bldg.facts.BldgRPU','rptis.bldg.facts.BldgRPU','RPU',0,NULL,NULL,NULL,NULL,NULL,0),('RCOND-2486b0ca:146fff66c3e:-445d','RUL-2486b0ca:146fff66c3e:-4697','rptis.bldg.facts.BldgStructure','rptis.bldg.facts.BldgStructure','BS',0,NULL,NULL,NULL,NULL,NULL,0),('RCOND-2486b0ca:146fff66c3e:-6aad','RUL-2486b0ca:146fff66c3e:-6b05','rptis.bldg.facts.BldgFloor','rptis.bldg.facts.BldgFloor','BF',0,NULL,NULL,NULL,NULL,NULL,0),('RCOND-2557163b:148cf974042:-7ec2','RUL6c54cc00:1486224bc82:-3cc1','businessinfo','RULFACT-bad19b4:141f3c18435:-7fa9',NULL,1,NULL,NULL,'decimal','ASSET_SIZE','ASSET_SIZE',0),('RCOND-28dc975:156bcab666c:-5f3d','RUL-3e8edbea:156bc08656a:-5f05','rptis.facts.RPTVariable','rptis.facts.RPTVariable','VAR',1,NULL,NULL,NULL,NULL,NULL,0),('RCOND-28dc975:156bcab666c:-6051','RUL-3e8edbea:156bc08656a:-5f05','rptis.facts.RPU','rptis.facts.RPU','RPU',0,NULL,NULL,NULL,NULL,NULL,0),('RCOND-2a2ffad2:14adc30d509:-6839','RUL-2a2ffad2:14adc30d509:-6890','regfee','RULFACT4ca00100:141fe894560:-7e3f','RF',0,NULL,NULL,NULL,NULL,NULL,0),('RCOND-2aee7484:1490c53e5d1:-5ffa','RUL6c54cc00:1486224bc82:-3cc1','businessinfo','RULFACT-bad19b4:141f3c18435:-7fa9',NULL,2,NULL,NULL,'integer','NUM_EMPLOYEE','NUM_EMPLOYEE',0),('RCOND-2ede6703:16642adb9ce:-7a39','RUL-2ede6703:16642adb9ce:-7ba0','rptis.landtax.facts.Bill','rptis.landtax.facts.Bill','BILL',0,NULL,NULL,NULL,NULL,NULL,0),('RCOND-36ba5ccb:1430894b791:-5f71','RUL-36ba5ccb:1430894b791:-6677','BillDate','RULFACT-46f22f55:14231734d86:-7eca',NULL,1,NULL,NULL,NULL,NULL,NULL,0),('RCOND-36ba5ccb:1430894b791:-5ff4','RUL-36ba5ccb:1430894b791:-6677','qtrdate','RULFACT-fd57605:142324ab5d2:-7f33',NULL,0,NULL,NULL,NULL,NULL,NULL,0),('RCOND-38de162c:1460374650a:-783b','RUL-38de162c:1460374650a:-7907','businesstax','RULFACT72bb01b1:141b1fdca80:-7f86','BT',1,NULL,NULL,NULL,NULL,NULL,0),('RCOND-38de162c:1460374650a:-78ae','RUL-38de162c:1460374650a:-7907','lob','RULFACT-76732870:14196dc4027:-7f87','LOB',0,NULL,NULL,NULL,NULL,NULL,0),('RCOND-3dc4dd90:14451e4a9d5:-6e9e','RUL-36ba5ccb:1430894b791:-6677','businesstax','RULFACT-1f3e2b64:14230dd8f62:-7eb6','BT',3,NULL,NULL,NULL,NULL,NULL,0),('RCOND-46fca07e:14c545f3e6a:-3353','RUL-46fca07e:14c545f3e6a:-33b4','rptis.bldg.facts.BldgFloor','rptis.bldg.facts.BldgFloor','BF',0,NULL,NULL,NULL,NULL,NULL,0),('RCOND-46fca07e:14c545f3e6a:-34b0','RUL-46fca07e:14c545f3e6a:-350f','rptis.bldg.facts.BldgUse','rptis.bldg.facts.BldgUse','BU',0,NULL,NULL,NULL,NULL,NULL,0),('RCOND-46fca07e:14c545f3e6a:-7707','RUL-46fca07e:14c545f3e6a:-7740','rptis.land.facts.LandDetail','rptis.land.facts.LandDetail','LA',0,NULL,NULL,NULL,NULL,NULL,0),('RCOND-46fca07e:14c545f3e6a:-786f','RUL-46fca07e:14c545f3e6a:-7a8b','rptis.land.facts.LandDetail','rptis.land.facts.LandDetail','LA',0,NULL,NULL,NULL,NULL,NULL,0),('RCOND-476b5bbe:1641bbe1a54:-7e8c','RUL-476b5bbe:1641bbe1a54:-7ebc','ctc.facts.IndividualCTC','ctc.facts.IndividualCTC','ICTC',0,NULL,NULL,NULL,NULL,NULL,0),('RCOND-4dd00f9d:1698f34b282:-7ddb','RUL-4dd00f9d:1698f34b282:-7e5f','rptis.facts.RPUAssessment','rptis.facts.RPUAssessment','RA',0,NULL,NULL,NULL,NULL,NULL,0),('RCOND-4fd26d3d:142fa7a65f9:-7124','RUL-4fd26d3d:142fa7a65f9:-7200','businesstax','RULFACT-1f3e2b64:14230dd8f62:-7eb6','BT',1,NULL,NULL,NULL,NULL,NULL,0),('RCOND-4fd26d3d:142fa7a65f9:-7414','RUL2491462a:142fa35d130:-5a95','businesstax','RULFACT-1f3e2b64:14230dd8f62:-7eb6','BT',1,NULL,NULL,NULL,NULL,NULL,0),('RCOND-5e76cf73:14d69e9c549:-701c','RUL-5e76cf73:14d69e9c549:-7084','rptis.land.facts.LandDetail','rptis.land.facts.LandDetail','LA',0,NULL,NULL,NULL,NULL,NULL,0),('RCOND-5e76cf73:14d69e9c549:-7e5d','RUL-5e76cf73:14d69e9c549:-7fd4','rptis.land.facts.LandAdjustment','rptis.land.facts.LandAdjustment','ADJ',0,NULL,NULL,NULL,NULL,NULL,0),('RCOND-5f1e2a32:14adc79522f:-5fe0','RUL-5f1e2a32:14adc79522f:-60a1','businesstax','RULFACT72bb01b1:141b1fdca80:-7f86','BT',1,NULL,NULL,NULL,NULL,NULL,0),('RCOND-5f1e2a32:14adc79522f:-6050','RUL-5f1e2a32:14adc79522f:-60a1','lob','RULFACT-76732870:14196dc4027:-7f87','LOB',0,NULL,NULL,NULL,NULL,NULL,0),('RCOND-60c99d04:1470b276e7f:-7dd3','RUL-60c99d04:1470b276e7f:-7ecc','rptis.bldg.facts.BldgUse','rptis.bldg.facts.BldgUse','BU',1,NULL,NULL,NULL,NULL,NULL,0),('RCOND-60c99d04:1470b276e7f:-7e2a','RUL-60c99d04:1470b276e7f:-7ecc','rptis.bldg.facts.BldgStructure','rptis.bldg.facts.BldgStructure','BS',0,NULL,NULL,NULL,NULL,NULL,0),('RCOND-6a56ca9d:17fb9fb27f8:-6619','RUL-6a56ca9d:17fb9fb27f8:-667f','lob','RULFACT-76732870:14196dc4027:-7f87','LOB',0,NULL,NULL,NULL,NULL,NULL,0),('RCOND-6a56ca9d:17fb9fb27f8:-6da1','RUL-6a56ca9d:17fb9fb27f8:-6e08','bpapplication','RULFACT-26aa09fd:1419696e71f:-7feb',NULL,0,NULL,NULL,NULL,NULL,NULL,0),('RCOND-6c640ca5:1469912956a:-7d0f','RUL-6c640ca5:1469912956a:-7ed8','lob','RULFACT-76732870:14196dc4027:-7f87','LOB',0,NULL,NULL,NULL,NULL,NULL,0),('RCOND-762e9176:15d067a9c42:-5928','RUL-762e9176:15d067a9c42:-5aa0','rptis.facts.RPU','rptis.facts.RPU','RPU',1,NULL,NULL,NULL,NULL,NULL,0),('RCOND-762e9176:15d067a9c42:-5a4b','RUL-762e9176:15d067a9c42:-5aa0','rptis.facts.RPTVariable','rptis.facts.RPTVariable','VAR',0,NULL,NULL,NULL,NULL,NULL,0),('RCOND-79a9a347:15cfcae84de:-5af4','RUL-79a9a347:15cfcae84de:-6f2a','rptis.facts.RPTVariable','rptis.facts.RPTVariable','VAR',1,NULL,NULL,NULL,NULL,NULL,0),('RCOND-79a9a347:15cfcae84de:-6ebc','RUL-79a9a347:15cfcae84de:-6f2a','rptis.facts.RPU','rptis.facts.RPU','RPU',0,NULL,NULL,NULL,NULL,NULL,0),('RCOND-79a9a347:15cfcae84de:fb4','RUL-79a9a347:15cfcae84de:f6c','rptis.planttree.facts.PlantTreeDetail','rptis.planttree.facts.PlantTreeDetail','PTD',0,NULL,NULL,NULL,NULL,NULL,0),('RCOND-a35dd35:14e51ec3311:-5d14','RUL-a35dd35:14e51ec3311:-5d4c','rptis.misc.facts.MiscRPU','rptis.misc.facts.MiscRPU','MRPU',0,NULL,NULL,NULL,NULL,NULL,0),('RCOND-b880e40:166bdcfa0cb:-7749','RUL-b880e40:166bdcfa0cb:-77af','ctc.facts.CorporateCTC','ctc.facts.CorporateCTC',NULL,0,NULL,NULL,NULL,NULL,NULL,0),('RCOND-b880e40:166bdcfa0cb:-7c3d','RUL-b880e40:166bdcfa0cb:-7c8f','ctc.facts.CorporateCTC','ctc.facts.CorporateCTC','CORPCTC',0,NULL,NULL,NULL,NULL,NULL,0),('RCOND1441128c:1471efa4c1c:-6c2f','RUL1441128c:1471efa4c1c:-6c93','rptis.facts.RPUAssessment','rptis.facts.RPUAssessment','BA',0,NULL,NULL,NULL,NULL,NULL,0),('RCOND1441128c:1471efa4c1c:-6d84','RUL1441128c:1471efa4c1c:-6eaa','rptis.bldg.facts.BldgUse','rptis.bldg.facts.BldgUse','BU',0,NULL,NULL,NULL,NULL,NULL,0),('RCOND17bb3bc0:16826bf0d4e:-7800','RUL17bb3bc0:16826bf0d4e:-7852','ctc.facts.CorporateCTC','ctc.facts.CorporateCTC','CCTC',1,NULL,NULL,NULL,NULL,NULL,0),('RCOND1b4af871:14e3cc46e09:-2fc5','RUL1b4af871:14e3cc46e09:-301e','rptis.misc.facts.MiscItem','rptis.misc.facts.MiscItem','MI',1,NULL,NULL,NULL,NULL,NULL,0),('RCOND1b4af871:14e3cc46e09:-2fe8','RUL1b4af871:14e3cc46e09:-301e','rptis.misc.facts.MiscRPU','rptis.misc.facts.MiscRPU','MRPU',0,NULL,NULL,NULL,NULL,NULL,0),('RCOND1b4af871:14e3cc46e09:-31fc','RUL1b4af871:14e3cc46e09:-3341','rptis.misc.facts.MiscItem','rptis.misc.facts.MiscItem','MI',1,NULL,NULL,NULL,NULL,NULL,0),('RCOND1b4af871:14e3cc46e09:-3242','RUL1b4af871:14e3cc46e09:-3341','rptis.misc.facts.MiscRPU','rptis.misc.facts.MiscRPU','MRPU',0,NULL,NULL,NULL,NULL,NULL,0),('RCOND1dc7a3de:142b70df9f8:-7f13','RUL1dc7a3de:142b70df9f8:-7fb7','businessinfo','RULFACT-bad19b4:141f3c18435:-7fa9',NULL,1,NULL,NULL,'integer','NUM_EMPLOYEE_FEMALE','NUM_EMPLOYEE_FEMALE',0),('RCOND1dc7a3de:142b70df9f8:-7f5e','RUL1dc7a3de:142b70df9f8:-7fb7','businessinfo','RULFACT-bad19b4:141f3c18435:-7fa9',NULL,0,NULL,NULL,'integer','NUM_EMPLOYEE_MALE','NUM_EMPLOYEE_MALE',0),('RCOND1e2e986a:14840aab152:-7efe','RUL1e2e986a:14840aab152:-7fc6','BillDate','RULFACT-46f22f55:14231734d86:-7eca',NULL,1,NULL,NULL,NULL,NULL,NULL,0),('RCOND1e2e986a:14840aab152:-7f87','RUL1e2e986a:14840aab152:-7fc6','qtrdate','RULFACT-fd57605:142324ab5d2:-7f33',NULL,0,NULL,NULL,NULL,NULL,NULL,0),('RCOND1ff29cd0:1572617f8d8:-7d30','RUL-a35dd35:14e51ec3311:-5d4c','rptis.misc.facts.MiscItem','rptis.misc.facts.MiscItem','MI',1,NULL,NULL,NULL,NULL,NULL,0),('RCOND2659bca9:142b667ccd3:-7d1c','RUL2659bca9:142b667ccd3:-7f3f','bpapplication','RULFACT-26aa09fd:1419696e71f:-7feb',NULL,0,NULL,NULL,NULL,NULL,NULL,0),('RCOND293356d3:1485cf41677:-6e49','RUL293356d3:1485cf41677:-6f4d','CorporateCTC','RULFACT33cb572b:142da8961f6:-7da3','CTCC',1,NULL,NULL,NULL,NULL,NULL,0),('RCOND293356d3:1485cf41677:-6f24','RUL293356d3:1485cf41677:-6f4d','CurrentDate','CurrentDate',NULL,0,NULL,NULL,NULL,NULL,NULL,0),('RCOND293356d3:1485cf41677:-71b9','RUL293356d3:1485cf41677:-724a','CorporateCTC','RULFACT33cb572b:142da8961f6:-7da3','CTCC',0,NULL,NULL,NULL,NULL,NULL,0),('RCOND293356d3:1485cf41677:-7480','RUL293356d3:1485cf41677:-75c2','IndividualCTC','RULFACT33cb572b:142da8961f6:-7f96','CTCI',1,NULL,NULL,NULL,NULL,NULL,0),('RCOND293356d3:1485cf41677:-74c6','RUL293356d3:1485cf41677:-75c2','CurrentDate','CurrentDate',NULL,0,NULL,NULL,NULL,NULL,NULL,0),('RCOND293356d3:1485cf41677:-7e26','RUL293356d3:1485cf41677:-7e53','IndividualCTC','RULFACT33cb572b:142da8961f6:-7f96','CTCI',0,NULL,NULL,NULL,NULL,NULL,0),('RCOND36552f88:142c18ff1a4:-7eea','RUL36552f88:142c18ff1a4:-7f16','bpapplication','RULFACT-26aa09fd:1419696e71f:-7feb',NULL,0,NULL,NULL,NULL,NULL,NULL,0),('RCOND3b800abe:14d2b978f55:-6196','RUL3b800abe:14d2b978f55:-61fb','rptis.bldg.facts.BldgUse','rptis.bldg.facts.BldgUse','BU',0,NULL,NULL,NULL,NULL,NULL,0),('RCOND3b800abe:14d2b978f55:-6339','RUL3b800abe:14d2b978f55:-63a0','rptis.bldg.facts.BldgFloor','rptis.bldg.facts.BldgFloor','BF',0,NULL,NULL,NULL,NULL,NULL,0),('RCOND3b800abe:14d2b978f55:-7d69','RUL3b800abe:14d2b978f55:-7e09','rptis.bldg.facts.BldgAdjustment','rptis.bldg.facts.BldgAdjustment','ADJ',0,NULL,NULL,NULL,NULL,NULL,0),('RCOND3fb43b91:14ccf782188:-5fd2','RUL3fb43b91:14ccf782188:-6008','rptis.planttree.facts.PlantTreeDetail','rptis.planttree.facts.PlantTreeDetail','PTD',0,NULL,NULL,NULL,NULL,NULL,0),('RCOND40fb8c21:16b4f90f5b4:-7972','RUL40fb8c21:16b4f90f5b4:-79bd','rptis.facts.RPUAssessment','rptis.facts.RPUAssessment','RA',0,NULL,NULL,NULL,NULL,NULL,0),('RCOND47b4e654:14885aa5256:-7cfa','RUL1e2e986a:14840aab152:-7fc6','bpapplication','RULFACT-26aa09fd:1419696e71f:-7feb',NULL,2,NULL,NULL,NULL,NULL,NULL,0),('RCOND48d0f0c4:169510e76b2:-52c2','RUL48d0f0c4:169510e76b2:-59e1','ctc.facts.CorporateCTC','ctc.facts.CorporateCTC','CCTC',1,NULL,NULL,NULL,NULL,NULL,0),('RCOND49a3c540:14e51feb8f6:-76da','RUL49a3c540:14e51feb8f6:-77d2','rptis.facts.RPTVariable','rptis.facts.RPTVariable','VAR2',2,NULL,NULL,NULL,NULL,NULL,0),('RCOND49a3c540:14e51feb8f6:-774e','RUL49a3c540:14e51feb8f6:-77d2','rptis.facts.RPTVariable','rptis.facts.RPTVariable','VAR1',1,NULL,NULL,NULL,NULL,NULL,0),('RCOND49a3c540:14e51feb8f6:-779a','RUL49a3c540:14e51feb8f6:-77d2','rptis.misc.facts.MiscRPU','rptis.misc.facts.MiscRPU','MRPU',0,NULL,NULL,NULL,NULL,NULL,0),('RCOND49fb6db4:149c7eeb0ca:-5544','RUL49fb6db4:149c7eeb0ca:-568e','bpapplication','RULFACT-26aa09fd:1419696e71f:-7feb',NULL,0,NULL,NULL,NULL,NULL,NULL,0),('RCOND49fb6db4:149c7eeb0ca:-5759','RUL49fb6db4:149c7eeb0ca:-5780','bpapplication','RULFACT-26aa09fd:1419696e71f:-7feb',NULL,0,NULL,NULL,NULL,NULL,NULL,0),('RCOND49fb6db4:149c7eeb0ca:-58fb','RUL49fb6db4:149c7eeb0ca:-5922','bpapplication','RULFACT-26aa09fd:1419696e71f:-7feb',NULL,0,NULL,NULL,NULL,NULL,NULL,0),('RCOND4e46261d:14f924c6b53:-7c57','RUL4e46261d:14f924c6b53:-7d9b','rptis.bldg.facts.BldgUse','rptis.bldg.facts.BldgUse','BU',1,NULL,NULL,NULL,NULL,NULL,0),('RCOND4e46261d:14f924c6b53:-7d37','RUL4e46261d:14f924c6b53:-7d9b','rptis.bldg.facts.BldgRPU','rptis.bldg.facts.BldgRPU','RPU',0,NULL,NULL,NULL,NULL,NULL,0),('RCOND560f5a64:1735a1dbaf4:-7826','RUL560f5a64:1735a1dbaf4:-788a','rptis.landtax.facts.RPTLedgerItemFact','rptis.landtax.facts.RPTLedgerItemFact','RLI',0,NULL,NULL,NULL,NULL,NULL,0),('RCOND587fd625:1529f9e286a:-7c3e','RUL587fd625:1529f9e286a:-7dc7','BillDate','RULFACT-46f22f55:14231734d86:-7eca',NULL,1,NULL,NULL,NULL,NULL,NULL,0),('RCOND587fd625:1529f9e286a:-7d68','RUL587fd625:1529f9e286a:-7dc7','businesstax','RULFACT-1f3e2b64:14230dd8f62:-7eb6','BT',0,NULL,NULL,NULL,NULL,NULL,0),('RCOND59614e16:14c5e56ecc8:-7c8f','RUL59614e16:14c5e56ecc8:-7cbf','rptis.misc.facts.MiscItem','rptis.misc.facts.MiscItem','MI',0,NULL,NULL,NULL,NULL,NULL,0),('RCOND59614e16:14c5e56ecc8:-7dcb','RUL59614e16:14c5e56ecc8:-7dfb','rptis.misc.facts.MiscItem','rptis.misc.facts.MiscItem','MI',0,NULL,NULL,NULL,NULL,NULL,0),('RCOND5b4ac915:147baaa06b4:-6da4','RUL5b4ac915:147baaa06b4:-6f31','rptis.land.facts.LandDetail','rptis.land.facts.LandDetail','LA',0,NULL,NULL,NULL,NULL,NULL,0),('RCOND5d2ef71:1472236f427:-7f0d','RUL5d2ef71:1472236f427:-7f50','lob','RULFACT-76732870:14196dc4027:-7f87','LOB',0,NULL,NULL,NULL,NULL,NULL,0),('RCOND5f10a9aa:1698ea3f7ff:-6bb1','RUL5f10a9aa:1698ea3f7ff:-6cba','rptis.facts.RPUAssessment','rptis.facts.RPUAssessment','RA',0,NULL,NULL,NULL,NULL,NULL,0),('RCOND6729cd8:166bdeb1f30:-5e3b','RUL6729cd8:166bdeb1f30:-5edf','ctc.facts.CorporateCTC','ctc.facts.CorporateCTC',NULL,1,NULL,NULL,NULL,NULL,NULL,0),('RCOND6729cd8:166bdeb1f30:-6250','RUL6729cd8:166bdeb1f30:-62a4','ctc.facts.IndividualCTC','ctc.facts.IndividualCTC','ICTC',0,NULL,NULL,NULL,NULL,NULL,0),('RCOND6729cd8:166bdeb1f30:-6ad4','RUL6729cd8:166bdeb1f30:-73c5','ctc.facts.IndividualCTC','ctc.facts.IndividualCTC','ICTC',0,NULL,NULL,NULL,NULL,NULL,0),('RCOND6729cd8:166bdeb1f30:-7dba','RUL6729cd8:166bdeb1f30:-7ef6','ctc.facts.IndividualCTC','ctc.facts.IndividualCTC','ICTC',1,NULL,NULL,NULL,NULL,NULL,0),('RCOND6729cd8:166bdeb1f30:-7eb8','RUL6729cd8:166bdeb1f30:-7ef6','com.rameses.rules.common.CurrentDate','com.rameses.rules.common.CurrentDate',NULL,0,NULL,NULL,NULL,NULL,NULL,0),('RCOND695e885:17fbe712f37:-76bd','RUL695e885:17fbe712f37:-7731','bpapplication','RULFACT-26aa09fd:1419696e71f:-7feb',NULL,0,NULL,NULL,NULL,NULL,NULL,0),('RCOND695e885:17fbe712f37:-7ae8','RUL695e885:17fbe712f37:-7bed','businessinfo','RULFACT-bad19b4:141f3c18435:-7fa9',NULL,1,NULL,NULL,'string','BUSINESS_CHARACTERISTIC','BUSINESS_CHARACTERISTIC',0),('RCOND695e885:17fbe712f37:-7b87','RUL695e885:17fbe712f37:-7bed','lob','RULFACT-76732870:14196dc4027:-7f87','LOB',0,NULL,NULL,NULL,NULL,NULL,0),('RCOND6d174068:14e3de9c20b:-7f93','RUL6d174068:14e3de9c20b:-7fcb','rptis.misc.facts.MiscRPU','rptis.misc.facts.MiscRPU','MRPU',0,NULL,NULL,NULL,NULL,NULL,0),('RCOND6daebb4a:148d65c9a35:-7efc','RUL6daebb4a:148d65c9a35:-7f80','bpapplication','RULFACT-26aa09fd:1419696e71f:-7feb',NULL,0,NULL,NULL,NULL,NULL,NULL,0),('RCOND6ea11f4c:14ae127feb2:-7d21','RUL6ea11f4c:14ae127feb2:-7e40','businesstax','RULFACT72bb01b1:141b1fdca80:-7f86','BT',1,NULL,NULL,NULL,NULL,NULL,0),('RCOND6ea11f4c:14ae127feb2:-7ded','RUL6ea11f4c:14ae127feb2:-7e40','businessinfo','RULFACT-bad19b4:141f3c18435:-7fa9',NULL,0,NULL,NULL,'boolean','HAS_TAX_INCENTIVE','HAS_TAX_INCENTIVE',0),('RCOND77d680ba:14885b8719f:-7be5','RUL77d680ba:14885b8719f:-7c30','bpapplication','RULFACT-26aa09fd:1419696e71f:-7feb',NULL,0,NULL,NULL,NULL,NULL,NULL,0),('RCOND7ad785a4:1485e323be9:-7f91','RUL7ad785a4:1485e323be9:-7fd0','CorporateCTC','RULFACT33cb572b:142da8961f6:-7da3','CTCC',0,NULL,NULL,NULL,NULL,NULL,0),('RCOND7ff4a1a7:164fdd7d64a:-7ba1','RUL7ff4a1a7:164fdd7d64a:-7f02','ctc.facts.IndividualCTC','ctc.facts.IndividualCTC','ICTC',0,NULL,NULL,NULL,NULL,NULL,0),('RCONDec9d7ab:166235c2e16:-24fc','RULec9d7ab:166235c2e16:-255e','rptis.landtax.facts.RPTLedgerTaxSummaryFact','rptis.landtax.facts.RPTLedgerTaxSummaryFact','RLTS',0,NULL,NULL,NULL,NULL,NULL,0),('RCONDec9d7ab:166235c2e16:-2ec7','RULec9d7ab:166235c2e16:-2f1f','rptis.landtax.facts.Bill','rptis.landtax.facts.Bill','BILL',0,NULL,NULL,NULL,NULL,NULL,0),('RCONDec9d7ab:166235c2e16:-3905','RULec9d7ab:166235c2e16:-3c17','rptis.landtax.facts.Bill','rptis.landtax.facts.Bill','BILL',2,NULL,NULL,NULL,NULL,NULL,0),('RCONDec9d7ab:166235c2e16:-3b0b','RULec9d7ab:166235c2e16:-3c17','rptis.landtax.facts.RPTLedgerItemFact','rptis.landtax.facts.RPTLedgerItemFact','RLI',1,NULL,NULL,NULL,NULL,NULL,0),('RCONDec9d7ab:166235c2e16:-3baa','RULec9d7ab:166235c2e16:-3c17','CurrentDate','CurrentDate',NULL,0,NULL,NULL,NULL,NULL,NULL,0),('RCONDec9d7ab:166235c2e16:-5e7c','RULec9d7ab:166235c2e16:-5fcb','rptis.landtax.facts.RPTLedgerItemFact','rptis.landtax.facts.RPTLedgerItemFact','RLI',1,NULL,NULL,NULL,NULL,NULL,0),('RCONDec9d7ab:166235c2e16:-5f7f','RULec9d7ab:166235c2e16:-5fcb','CurrentDate','CurrentDate',NULL,0,NULL,NULL,NULL,NULL,NULL,0);
/*!40000 ALTER TABLE `sys_rule_condition` ENABLE KEYS */;
UNLOCK TABLES;

--
-- Table structure for table `sys_rule_condition_constraint`
--

DROP TABLE IF EXISTS `sys_rule_condition_constraint`;
/*!40101 SET @saved_cs_client     = @@character_set_client */;
/*!40101 SET character_set_client = utf8 */;
CREATE TABLE `sys_rule_condition_constraint` (
  `objid` varchar(50) NOT NULL,
  `parentid` varchar(50) DEFAULT NULL,
  `field_objid` varchar(255) DEFAULT NULL,
  `fieldname` varchar(50) DEFAULT NULL,
  `varname` varchar(50) DEFAULT NULL,
  `operator_caption` varchar(50) DEFAULT NULL,
  `operator_symbol` varchar(50) DEFAULT NULL,
  `usevar` int(11) DEFAULT NULL,
  `var_objid` varchar(50) DEFAULT NULL,
  `var_name` varchar(50) DEFAULT NULL,
  `decimalvalue` decimal(16,2) DEFAULT NULL,
  `intvalue` int(11) DEFAULT NULL,
  `stringvalue` varchar(255) DEFAULT NULL,
  `listvalue` longtext,
  `datevalue` date DEFAULT NULL,
  `pos` int(11) DEFAULT NULL,
  PRIMARY KEY (`objid`),
  KEY `parentid` (`parentid`),
  KEY `var_objid` (`var_objid`),
  CONSTRAINT `sys_rule_condition_constraint_ibfk_1` FOREIGN KEY (`parentid`) REFERENCES `sys_rule_condition` (`objid`),
  CONSTRAINT `sys_rule_condition_constraint_ibfk_2` FOREIGN KEY (`var_objid`) REFERENCES `sys_rule_condition_var` (`objid`)
) ENGINE=InnoDB DEFAULT CHARSET=utf8;
/*!40101 SET character_set_client = @saved_cs_client */;

--
-- Dumping data for table `sys_rule_condition_constraint`
--

LOCK TABLES `sys_rule_condition_constraint` WRITE;
/*!40000 ALTER TABLE `sys_rule_condition_constraint` DISABLE KEYS */;
INSERT INTO `sys_rule_condition_constraint` VALUES ('RCC-15f7fe9f:15cf6ec9fa5:-7fc0','RC-15f7fe9f:15cf6ec9fa5:-7fc3','rptis.land.facts.LandDetail.taxable','taxable',NULL,'is true','== true',NULL,NULL,NULL,NULL,NULL,NULL,NULL,NULL,2),('RCC-15f7fe9f:15cf6ec9fa5:-7fc1','RC-15f7fe9f:15cf6ec9fa5:-7fc3','rptis.land.facts.LandDetail.marketvalue','marketvalue','MV',NULL,NULL,NULL,NULL,NULL,NULL,NULL,NULL,NULL,NULL,0),('RCC-15f7fe9f:15cf6ec9fa5:-7fc2','RC-15f7fe9f:15cf6ec9fa5:-7fc3','rptis.land.facts.LandDetail.assesslevel','assesslevel','AL',NULL,NULL,NULL,NULL,NULL,NULL,NULL,NULL,NULL,NULL,1),('RCC-17442746:16be936f033:-7e83','RC-17442746:16be936f033:-7e86','rptis.landtax.facts.RPTLedgerItemFact.av','av','AV',NULL,NULL,NULL,NULL,NULL,NULL,NULL,NULL,NULL,NULL,0),('RCC-1b1c40ae:17fb94f690d:-64dd','RC-1b1c40ae:17fb94f690d:-64de','FACTFLD-26aa09fd:1419696e71f:-7fe4','apptype',NULL,'is any of the ff.','matches',NULL,NULL,NULL,NULL,NULL,NULL,'[\"NEW\",\"RENEW\"]',NULL,0),('RCC-287581a5:180558e600d:-7d5b','RC-287581a5:180558e600d:-7d5d','rptis.landtax.facts.RPTLedgerItemFact.amtdue','amtdue','TAX',NULL,NULL,NULL,NULL,NULL,NULL,NULL,NULL,NULL,NULL,3),('RCC-287581a5:180558e600d:-7d5c','RC-287581a5:180558e600d:-7d5d','rptis.landtax.facts.RPTLedgerItemFact.year','year',NULL,'equal to','==',1,'RCC-287581a5:180558e600d:-7d60','CY',NULL,NULL,NULL,NULL,NULL,0),('RCC-287581a5:180558e600d:-7d60','RC-287581a5:180558e600d:-7d61','CurrentDate.year','year','CY',NULL,NULL,NULL,NULL,NULL,NULL,NULL,NULL,NULL,NULL,1),('RCC122cd182:16b250d7a42:-1238','RC122cd182:16b250d7a42:-123b','rptis.landtax.facts.RPTLedgerItemFact.year','year',NULL,'less than or equal to','<=',0,NULL,NULL,NULL,1985,NULL,NULL,NULL,0),('RCC122cd182:16b250d7a42:-1239','RC122cd182:16b250d7a42:-123b','rptis.landtax.facts.RPTLedgerItemFact.monthsfromjan','monthsfromjan','NMON',NULL,NULL,NULL,NULL,NULL,NULL,NULL,NULL,NULL,NULL,2),('RCC122cd182:16b250d7a42:-123a','RC122cd182:16b250d7a42:-123b','rptis.landtax.facts.RPTLedgerItemFact.amtdue','amtdue','TAX',NULL,NULL,NULL,NULL,NULL,NULL,NULL,NULL,NULL,NULL,3),('RCC122cd182:16b250d7a42:-8f8','RC122cd182:16b250d7a42:-8f9','CurrentDate.year','year','CY',NULL,NULL,NULL,NULL,NULL,NULL,NULL,NULL,NULL,NULL,0),('RCC122cd182:16b250d7a42:-8fa','RC122cd182:16b250d7a42:-8fe','rptis.landtax.facts.RPTLedgerItemFact.year','year',NULL,'greater than or equal to','>=',NULL,NULL,NULL,NULL,1992,NULL,NULL,NULL,3),('RCC122cd182:16b250d7a42:-8fb','RC122cd182:16b250d7a42:-8fe','rptis.landtax.facts.RPTLedgerItemFact.year','year',NULL,'less than','<',1,'RCC122cd182:16b250d7a42:-8f8','CY',NULL,NULL,NULL,NULL,NULL,0),('RCC122cd182:16b250d7a42:-8fc','RC122cd182:16b250d7a42:-8fe','rptis.landtax.facts.RPTLedgerItemFact.monthsfromjan','monthsfromjan','NMON',NULL,NULL,NULL,NULL,NULL,NULL,NULL,NULL,NULL,NULL,2),('RCC122cd182:16b250d7a42:-8fd','RC122cd182:16b250d7a42:-8fe','rptis.landtax.facts.RPTLedgerItemFact.amtdue','amtdue','TAX',NULL,NULL,NULL,NULL,NULL,NULL,NULL,NULL,NULL,NULL,3),('RCC122cd182:16b250d7a42:-e9b','RC122cd182:16b250d7a42:-e9f','rptis.landtax.facts.RPTLedgerItemFact.year','year',NULL,'greater than or equal to','>=',NULL,NULL,NULL,NULL,1986,NULL,NULL,NULL,3),('RCC122cd182:16b250d7a42:-e9d','RC122cd182:16b250d7a42:-e9f','rptis.landtax.facts.RPTLedgerItemFact.monthsfromjan','monthsfromjan','NMON',NULL,NULL,NULL,NULL,NULL,NULL,NULL,NULL,NULL,NULL,2),('RCC122cd182:16b250d7a42:-e9e','RC122cd182:16b250d7a42:-e9f','rptis.landtax.facts.RPTLedgerItemFact.amtdue','amtdue','TAX',NULL,NULL,NULL,NULL,NULL,NULL,NULL,NULL,NULL,NULL,3),('RCC440e47f4:166ae4152f1:-7fbd','RC440e47f4:166ae4152f1:-7fbe','CurrentDate.year','year','CY',NULL,NULL,NULL,NULL,NULL,NULL,NULL,NULL,NULL,NULL,0),('RCC440e47f4:166ae4152f1:-7fbf','RC440e47f4:166ae4152f1:-7fc0','rptis.landtax.facts.RPTLedgerItemFact.year','year',NULL,'less than','<',1,'RCC440e47f4:166ae4152f1:-7fbd','CY',NULL,NULL,NULL,NULL,NULL,0),('RCC48ce1e31:16b4f267a90:6370','RC48ce1e31:16b4f267a90:636f','rptis.facts.RPUAssessment.taxable','taxable',NULL,'is true','== true',NULL,NULL,NULL,NULL,NULL,NULL,NULL,NULL,3),('RCC48ce1e31:16b4f267a90:6371','RC48ce1e31:16b4f267a90:636f','rptis.facts.RPUAssessment.actualuseid','actualuseid',NULL,'not null','!= null',NULL,NULL,NULL,NULL,NULL,NULL,NULL,NULL,0),('RCC48ce1e31:16b4f267a90:6372','RC48ce1e31:16b4f267a90:636f','rptis.facts.RPUAssessment.marketvalue','marketvalue','MV',NULL,NULL,NULL,NULL,NULL,NULL,NULL,NULL,NULL,NULL,1),('RCC48ce1e31:16b4f267a90:6373','RC48ce1e31:16b4f267a90:636f','rptis.facts.RPUAssessment.assesslevel','assesslevel','AL',NULL,NULL,NULL,NULL,NULL,NULL,NULL,NULL,NULL,NULL,2),('RCC70978a15:166ae6875d1:-7f1d','RC70978a15:166ae6875d1:-7f22','rptis.landtax.facts.RPTLedgerItemFact.revtype','revtype',NULL,'is any of the ff.','matches',NULL,NULL,NULL,NULL,NULL,NULL,'[\"basic\",\"sef\"]',NULL,0),('RCC70978a15:166ae6875d1:-7f23','RC70978a15:166ae6875d1:-7f24','CurrentDate.year','year','CY',NULL,NULL,NULL,NULL,NULL,NULL,NULL,NULL,NULL,NULL,0),('RCC7280357:166235c1be7:-7fac','RC7280357:166235c1be7:-7fad','CurrentDate.year','year','CY',NULL,NULL,NULL,NULL,NULL,NULL,NULL,NULL,NULL,NULL,0),('RCC7280357:166235c1be7:-7fae','RC7280357:166235c1be7:-7faf','rptis.landtax.facts.RPTLedgerItemFact.year','year',NULL,'greater than','>',1,'RCC7280357:166235c1be7:-7fac','CY',NULL,NULL,NULL,NULL,NULL,0),('RCC7280357:166235c1be7:-7fb3','RC7280357:166235c1be7:-7fb4','CurrentDate.year','year','CY',NULL,NULL,NULL,NULL,NULL,NULL,NULL,NULL,NULL,NULL,0),('RCC7280357:166235c1be7:-7fb5','RC7280357:166235c1be7:-7fb6','rptis.landtax.facts.RPTLedgerItemFact.year','year',NULL,'equal to','==',1,'RCC7280357:166235c1be7:-7fb3','CY',NULL,NULL,NULL,NULL,NULL,0),('RCC7280357:166235c1be7:-7fba','RC7280357:166235c1be7:-7fbb','CurrentDate.year','year','CY',NULL,NULL,NULL,NULL,NULL,NULL,NULL,NULL,NULL,NULL,0),('RCC7280357:166235c1be7:-7fbc','RC7280357:166235c1be7:-7fbd','rptis.landtax.facts.RPTLedgerFact.lastyearpaid','lastyearpaid',NULL,'equal to','==',1,'RCC7280357:166235c1be7:-7fba','CY',NULL,NULL,NULL,NULL,NULL,0),('RCC7280357:166235c1be7:-7fbf','RC7280357:166235c1be7:-7fc0','rptis.landtax.facts.Bill.billtoyear','billtoyear',NULL,'greater than','>',1,'RCC7280357:166235c1be7:-7fba','CY',NULL,NULL,NULL,NULL,NULL,1),('RCC7280357:166235c1be7:-7fc6','RC7280357:166235c1be7:-7fc7','rptis.landtax.facts.RPTLedgerItemFact.qtrly','qtrly',NULL,'not true','== false',NULL,NULL,NULL,NULL,NULL,NULL,NULL,NULL,1),('RCC7280357:166235c1be7:-7fc8','RC7280357:166235c1be7:-7fc9','rptis.landtax.facts.Bill.forpayment','forpayment',NULL,'is true','== true',NULL,NULL,NULL,NULL,NULL,NULL,NULL,NULL,0),('RCC7280357:166235c1be7:-7fcd','RC7280357:166235c1be7:-7fcf','CurrentDate.year','year','CY',NULL,NULL,NULL,NULL,NULL,NULL,NULL,NULL,NULL,NULL,0),('RCC7280357:166235c1be7:-7fd0','RC7280357:166235c1be7:-7fd4','rptis.landtax.facts.RPTLedgerItemFact.year','year',NULL,'greater than','>',1,'RCC7280357:166235c1be7:-7fcd','CY',NULL,NULL,NULL,NULL,NULL,0),('RCC7280357:166235c1be7:-7fd3','RC7280357:166235c1be7:-7fd4','rptis.landtax.facts.RPTLedgerItemFact.amtdue','amtdue','TAX',NULL,NULL,NULL,NULL,NULL,NULL,NULL,NULL,NULL,NULL,3),('RCCb9e61ab:1694b473870:6036','RCb9e61ab:1694b473870:6035','com.rameses.rules.common.CurrentDate.year','year','CYEAR',NULL,NULL,NULL,NULL,NULL,NULL,NULL,NULL,NULL,NULL,2),('RCCb9e61ab:1694b473870:6037','RCb9e61ab:1694b473870:6035','com.rameses.rules.common.CurrentDate.date','date','CDATE',NULL,NULL,NULL,NULL,NULL,NULL,NULL,NULL,NULL,NULL,1),('RCCb9e61ab:1694b473870:6038','RCb9e61ab:1694b473870:6035','com.rameses.rules.common.CurrentDate.month','month','CMONTH','greater than or equal to','>=',NULL,NULL,NULL,NULL,3,NULL,NULL,NULL,0),('RCONST-103fed47:146ffb40356:-7c7c','RCOND-103fed47:146ffb40356:-7d40','rptis.bldg.facts.BldgRPU.yrcompleted','yrcompleted','YRCOMPLETED','greater than','>',NULL,NULL,NULL,NULL,0,NULL,NULL,NULL,1),('RCONST-103fed47:146ffb40356:-7ce5','RCOND-103fed47:146ffb40356:-7d40','rptis.bldg.facts.BldgRPU.yrappraised','yrappraised','YRAPPRAISED','greater than','>',NULL,NULL,NULL,NULL,0,NULL,NULL,NULL,0),('RCONST-156711a4:150b6c4a526:-7a75','RCOND-6c640ca5:1469912956a:-7d0f','FACTFLD-76732870:14196dc4027:-7f80','lobid',NULL,'not exist in','not matches',NULL,NULL,NULL,NULL,NULL,NULL,'[[key:\"LOBdb44826:150b62146e5:-5939\",value:\"MOTORELA\"],[key:\"LOB70a2ad6b:150b17245f0:-1aad\",value:\"COCKPIT ARENA\"],[key:\"LOB63ece70a:150c58eb6a5:-1b2d\",value:\"PEDDLER\"]]',NULL,1),('RCONST-156711a4:150b6c4a526:-7b08','RCOND5d2ef71:1472236f427:-7f0d','FACTFLD-76732870:14196dc4027:-7f80','lobid',NULL,'not exist in','not matches',NULL,NULL,NULL,NULL,NULL,NULL,'[[key:\"LOBdb44826:150b62146e5:-5939\",value:\"MOTORELA\"],[key:\"LOB70a2ad6b:150b17245f0:-1aad\",value:\"COCKPIT ARENA\"],[key:\"LOB63ece70a:150c58eb6a5:-1b2d\",value:\"PEDDLER\"]]',NULL,1),('RCONST-1a2d6e9b:1692d429304:-7746','RCOND-1a2d6e9b:1692d429304:-7748','rptis.landtax.facts.AssessedValue.av','av','AV',NULL,NULL,NULL,NULL,NULL,NULL,NULL,NULL,NULL,NULL,1),('RCONST-1a2d6e9b:1692d429304:-7747','RCOND-1a2d6e9b:1692d429304:-7748','rptis.landtax.facts.AssessedValue.year','year','YR',NULL,NULL,NULL,NULL,NULL,NULL,NULL,NULL,NULL,NULL,0),('RCONST-2486b0ca:146fff66c3e:-2b45','RCOND-2486b0ca:146fff66c3e:-2bf1','rptis.bldg.facts.BldgUse.adjustment','adjustment','ADJ',NULL,NULL,NULL,NULL,NULL,NULL,NULL,NULL,NULL,NULL,2),('RCONST-2486b0ca:146fff66c3e:-2b8c','RCOND-2486b0ca:146fff66c3e:-2bf1','rptis.bldg.facts.BldgUse.depreciationvalue','depreciationvalue','DEP',NULL,NULL,NULL,NULL,NULL,NULL,NULL,NULL,NULL,NULL,1),('RCONST-2486b0ca:146fff66c3e:-2bc5','RCOND-2486b0ca:146fff66c3e:-2bf1','rptis.bldg.facts.BldgUse.basemarketvalue','basemarketvalue','BMV',NULL,NULL,NULL,NULL,NULL,NULL,NULL,NULL,NULL,NULL,0),('RCONST-2486b0ca:146fff66c3e:-382b','RCOND-2486b0ca:146fff66c3e:-3888','rptis.bldg.facts.BldgFloor.adjustment','adjustment','ADJ',NULL,NULL,NULL,NULL,NULL,NULL,NULL,NULL,NULL,NULL,1),('RCONST-2486b0ca:146fff66c3e:-3860','RCOND-2486b0ca:146fff66c3e:-3888','rptis.bldg.facts.BldgFloor.basemarketvalue','basemarketvalue','BMV',NULL,NULL,NULL,NULL,NULL,NULL,NULL,NULL,NULL,NULL,0),('RCONST-2486b0ca:146fff66c3e:-3f19','RCOND-2486b0ca:146fff66c3e:-3f91','rptis.bldg.facts.BldgRPU.depreciation','depreciation','DPRATE',NULL,NULL,NULL,NULL,NULL,NULL,NULL,NULL,NULL,NULL,0),('RCONST-2486b0ca:146fff66c3e:-6a5a','RCOND-2486b0ca:146fff66c3e:-6aad','rptis.bldg.facts.BldgFloor.unitvalue','unitvalue','UV',NULL,NULL,NULL,NULL,NULL,NULL,NULL,NULL,NULL,NULL,1),('RCONST-2486b0ca:146fff66c3e:-6a8b','RCOND-2486b0ca:146fff66c3e:-6aad','rptis.bldg.facts.BldgFloor.area','area','AREA',NULL,NULL,NULL,NULL,NULL,NULL,NULL,NULL,NULL,NULL,0),('RCONST-24ff7cfb:1675d220a6c:-56ab','RC70978a15:166ae6875d1:-7f22','rptis.landtax.facts.RPTLedgerItemFact.monthsfromjan','monthsfromjan','NMON',NULL,NULL,NULL,NULL,NULL,NULL,NULL,NULL,NULL,NULL,4),('RCONST-2557163b:148cf974042:-7ebb','RCOND-2557163b:148cf974042:-7ec2','FACTFLD2713811e:141f3ed1502:-7ef0','decimalvalue','ASSET_SIZE',NULL,NULL,NULL,NULL,NULL,NULL,NULL,NULL,NULL,NULL,1),('RCONST-2557163b:148cf974042:-7ebc','RCOND-2557163b:148cf974042:-7ec2','FACTFLD-73089baf:141f3d279b0:-7f78','lob',NULL,'is null','== null',NULL,NULL,NULL,NULL,NULL,NULL,NULL,NULL,0),('RCONST-28dc975:156bcab666c:-5ed8','RCOND-28dc975:156bcab666c:-5f3d','rptis.facts.RPTVariable.value','value','AV',NULL,NULL,NULL,NULL,NULL,NULL,NULL,NULL,NULL,NULL,1),('RCONST-28dc975:156bcab666c:-5f1b','RCOND-28dc975:156bcab666c:-5f3d','rptis.facts.RPTVariable.varid','varid',NULL,'is any of the ff.','matches',NULL,NULL,NULL,NULL,NULL,NULL,'[[key:\"TOTAL_AV\",value:\"TOTAL_AV\"]]',NULL,0),('RCONST-2a2ffad2:14adc30d509:-6820','RCOND-2a2ffad2:14adc30d509:-6839','FACTFLD4ca00100:141fe894560:-7e25','acctid',NULL,'is any of the ff.','matches',NULL,NULL,NULL,NULL,NULL,NULL,'[[key:\"REVITEM1452647f:148cc4d8792:-78ee\",value:\"SANITARY INSPECTION FEE\"]]',NULL,0),('RCONST-2a65218f:180558e7346:-7572','RC-287581a5:180558e600d:-7d5d','rptis.landtax.facts.RPTLedgerItemFact.qtr','qtr',NULL,'greater than or equal to','>=',1,'RCONST-2a65218f:180558e7346:-7670','CQTR',NULL,NULL,NULL,NULL,NULL,2),('RCONST-2a65218f:180558e7346:-7670','RC-287581a5:180558e600d:-7d61','CurrentDate.qtr','qtr','CQTR',NULL,NULL,NULL,NULL,NULL,NULL,NULL,NULL,NULL,NULL,1),('RCONST-2aee7484:1490c53e5d1:-5bad','RCOND-38de162c:1460374650a:-78ae','FACTFLD-45a06f70:141e85fbfd5:-7f6f','assessmenttype',NULL,'is any of the ff.','matches',NULL,NULL,NULL,NULL,NULL,NULL,'[\"NEW\",\"RENEW\"]',NULL,1),('RCONST-2aee7484:1490c53e5d1:-5c03','RCOND-38de162c:1460374650a:-78ae','FACTFLD-7dcd2cc0:1419c36c939:-7f7f','attributes',NULL,'is any of the ff.','matches',NULL,NULL,NULL,NULL,NULL,NULL,'[[key:\"ESSENTIAL\",value:\"ESSENTIAL\"]]',NULL,0),('RCONST-2aee7484:1490c53e5d1:-5ff3','RCOND-2aee7484:1490c53e5d1:-5ffa','FACTFLD2713811e:141f3ed1502:-7ee7','intvalue','NUM_EMPLOYEE',NULL,NULL,NULL,NULL,NULL,NULL,NULL,NULL,NULL,NULL,1),('RCONST-2aee7484:1490c53e5d1:-5ff4','RCOND-2aee7484:1490c53e5d1:-5ffa','FACTFLD-73089baf:141f3d279b0:-7f78','lob',NULL,'is null','== null',NULL,NULL,NULL,NULL,NULL,NULL,NULL,NULL,0),('RCONST-2ede6703:16642adb9ce:-79c8','RCOND-2ede6703:16642adb9ce:-7a39','rptis.landtax.facts.Bill.billdate','billdate','BILLDATE',NULL,NULL,NULL,NULL,NULL,NULL,NULL,NULL,NULL,NULL,1),('RCONST-2ede6703:16642adb9ce:-7a03','RCOND-2ede6703:16642adb9ce:-7a39','rptis.landtax.facts.Bill.advancebill','advancebill',NULL,'is true','== true',NULL,NULL,NULL,NULL,NULL,NULL,NULL,NULL,0),('RCONST-2ef3c345:147ed584975:-7e3d','RCOND-60c99d04:1470b276e7f:-7e2a','rptis.bldg.facts.BldgStructure.totalfloorarea','totalfloorarea','TOTALAREA',NULL,NULL,NULL,NULL,NULL,NULL,NULL,NULL,NULL,NULL,1),('RCONST-352525f7:1485e3cfb3f:-7f6b','RCOND293356d3:1485cf41677:-6e49','FACTFLD33cb572b:142da8961f6:-7d66','newbusiness',NULL,'not true','== false',NULL,NULL,NULL,NULL,NULL,NULL,NULL,NULL,1),('RCONST-36ba5ccb:1430894b791:-5c05','RCOND-36ba5ccb:1430894b791:-5ff4','FACTFLD-435133e2:142c7ca3c49:-7abe','beginQtrDate','BEGINQTRDATE',NULL,NULL,NULL,NULL,NULL,NULL,NULL,NULL,NULL,NULL,1),('RCONST-36ba5ccb:1430894b791:-5f54','RCOND-36ba5ccb:1430894b791:-5f71','FACTFLD-42025b26:14237a79c92:-7f53','date','BILLDATE',NULL,NULL,NULL,NULL,NULL,NULL,NULL,NULL,NULL,NULL,0),('RCONST-36ba5ccb:1430894b791:-5fd5','RCOND-36ba5ccb:1430894b791:-5ff4','FACTFLD-fd57605:142324ab5d2:-7f08','qtr','QTR',NULL,NULL,NULL,NULL,NULL,NULL,NULL,NULL,NULL,NULL,0),('RCONST-38de162c:1460374650a:-777c','RCOND-38de162c:1460374650a:-783b','FACTFLD72bb01b1:141b1fdca80:-7f70','amount','AMTDUE',NULL,NULL,NULL,NULL,NULL,NULL,NULL,NULL,NULL,NULL,1),('RCONST-38de162c:1460374650a:-77fe','RCOND-38de162c:1460374650a:-783b','FACTFLD72bb01b1:141b1fdca80:-7f45','lob',NULL,'equals','==',NULL,'RCOND-38de162c:1460374650a:-78ae','LOB',NULL,NULL,NULL,NULL,NULL,0),('RCONST-3dc4dd90:14451e4a9d5:-6d6a','RCOND-3dc4dd90:14451e4a9d5:-6e9e','FACTFLD-fd57605:142324ab5d2:-78ff','surcharge','SURCHRG',NULL,NULL,NULL,NULL,NULL,NULL,NULL,NULL,NULL,NULL,4),('RCONST-3dc4dd90:14451e4a9d5:-6dba','RCOND-3dc4dd90:14451e4a9d5:-6e9e','FACTFLD-1f3e2b64:14230dd8f62:-7e94','amtdue','AMTDUE',NULL,NULL,NULL,NULL,NULL,NULL,NULL,NULL,NULL,NULL,3),('RCONST-3dc4dd90:14451e4a9d5:-6e05','RCOND-3dc4dd90:14451e4a9d5:-6e9e','FACTFLD-1f3e2b64:14230dd8f62:-7e8b','expired',NULL,'is true','== true',NULL,NULL,NULL,NULL,NULL,NULL,NULL,NULL,2),('RCONST-3dc4dd90:14451e4a9d5:-6e40','RCOND-3dc4dd90:14451e4a9d5:-6e9e','FACTFLD-fd57605:142324ab5d2:-7eaf','qtr',NULL,'equal to','==',1,'RCONST-36ba5ccb:1430894b791:-5fd5','QTR',NULL,NULL,NULL,NULL,NULL,1),('RCONST-43d54639:143600ea5ae:-7c04','RCOND36552f88:142c18ff1a4:-7eea','FACTFLD-26aa09fd:1419696e71f:-7fe4','apptype',NULL,'is any of the ff.','matches',NULL,NULL,NULL,NULL,NULL,NULL,'[\"NEW\",\"RENEW\"]',NULL,0),('RCONST-46fca07e:14c545f3e6a:-332b','RCOND-46fca07e:14c545f3e6a:-3353','rptis.bldg.facts.BldgFloor.basemarketvalue','basemarketvalue','BMV',NULL,NULL,NULL,NULL,NULL,NULL,NULL,NULL,NULL,NULL,0),('RCONST-46fca07e:14c545f3e6a:-3481','RCOND-46fca07e:14c545f3e6a:-34b0','rptis.bldg.facts.BldgUse.basemarketvalue','basemarketvalue','BMV',NULL,NULL,NULL,NULL,NULL,NULL,NULL,NULL,NULL,NULL,0),('RCONST-46fca07e:14c545f3e6a:-7678','RCOND-46fca07e:14c545f3e6a:-7707','rptis.land.facts.LandDetail.adjustment','adjustment','ADJ',NULL,NULL,NULL,NULL,NULL,NULL,NULL,NULL,NULL,NULL,1),('RCONST-46fca07e:14c545f3e6a:-76c6','RCOND-46fca07e:14c545f3e6a:-7707','rptis.land.facts.LandDetail.basemarketvalue','basemarketvalue','BMV',NULL,NULL,NULL,NULL,NULL,NULL,NULL,NULL,NULL,NULL,0),('RCONST-46fca07e:14c545f3e6a:-77f2','RCOND-46fca07e:14c545f3e6a:-786f','rptis.land.facts.LandDetail.unitvalue','unitvalue','UV',NULL,NULL,NULL,NULL,NULL,NULL,NULL,NULL,NULL,NULL,1),('RCONST-46fca07e:14c545f3e6a:-783a','RCOND-46fca07e:14c545f3e6a:-786f','rptis.land.facts.LandDetail.area','area','AREA',NULL,NULL,NULL,NULL,NULL,NULL,NULL,NULL,NULL,NULL,0),('RCONST-476b5bbe:1641bbe1a54:-7cd4','RCOND-476b5bbe:1641bbe1a54:-7e8c','ctc.facts.IndividualCTC.propertyincome','propertyincome','PI',NULL,NULL,NULL,NULL,NULL,NULL,NULL,NULL,NULL,NULL,2),('RCONST-476b5bbe:1641bbe1a54:-7d87','RCOND-476b5bbe:1641bbe1a54:-7e8c','ctc.facts.IndividualCTC.businessgross','businessgross','BGROSS',NULL,NULL,NULL,NULL,NULL,NULL,NULL,NULL,NULL,NULL,1),('RCONST-476b5bbe:1641bbe1a54:-7e1d','RCOND-476b5bbe:1641bbe1a54:-7e8c','ctc.facts.IndividualCTC.annualsalary','annualsalary','SALARY',NULL,NULL,NULL,NULL,NULL,NULL,NULL,NULL,NULL,NULL,0),('RCONST-4dd00f9d:1698f34b282:-7da8','RCOND-4dd00f9d:1698f34b282:-7ddb','rptis.facts.RPUAssessment.assessedvalue','assessedvalue','AV',NULL,NULL,NULL,NULL,NULL,NULL,NULL,NULL,NULL,NULL,1),('RCONST-4dd00f9d:1698f34b282:-7dda','RCOND-4dd00f9d:1698f34b282:-7ddb','rptis.facts.RPUAssessment.actualuseid','actualuseid',NULL,'not null','!= null',NULL,NULL,NULL,NULL,NULL,NULL,NULL,NULL,0),('RCONST-4fd26d3d:142fa7a65f9:-6ff5','RCOND-4fd26d3d:142fa7a65f9:-7124','FACTFLD-1f3e2b64:14230dd8f62:-7e94','amtdue','AMT',NULL,NULL,NULL,NULL,NULL,NULL,NULL,NULL,NULL,NULL,2),('RCONST-4fd26d3d:142fa7a65f9:-70d1','RCOND-4fd26d3d:142fa7a65f9:-7124','FACTFLD-1f3e2b64:14230dd8f62:-7e8b','expired',NULL,'is true','== true',NULL,NULL,NULL,NULL,NULL,NULL,NULL,NULL,1),('RCONST-5e76cf73:14d69e9c549:-6f25','RCOND-5e76cf73:14d69e9c549:-701c','rptis.land.facts.LandDetail.actualuseadjustment','actualuseadjustment','AUADJ',NULL,NULL,NULL,NULL,NULL,NULL,NULL,NULL,NULL,NULL,2),('RCONST-5e76cf73:14d69e9c549:-6f83','RCOND-5e76cf73:14d69e9c549:-701c','rptis.land.facts.LandDetail.landvalueadjustment','landvalueadjustment','LVADJ',NULL,NULL,NULL,NULL,NULL,NULL,NULL,NULL,NULL,NULL,1),('RCONST-5e76cf73:14d69e9c549:-6fd3','RCOND-5e76cf73:14d69e9c549:-701c','rptis.land.facts.LandDetail.adjustment','adjustment','ADJ',NULL,NULL,NULL,NULL,NULL,NULL,NULL,NULL,NULL,NULL,0),('RCONST-5e76cf73:14d69e9c549:-7e44','RCOND-5e76cf73:14d69e9c549:-7e5d','rptis.land.facts.LandAdjustment.adjustment','adjustment','ADJAMOUNT',NULL,NULL,NULL,NULL,NULL,NULL,NULL,NULL,NULL,NULL,0),('RCONST-5f1e2a32:14adc79522f:-5fcb','RCOND-5f1e2a32:14adc79522f:-5fe0','FACTFLD72bb01b1:141b1fdca80:-7f45','lob',NULL,'equals','==',NULL,'RCOND-5f1e2a32:14adc79522f:-6050','LOB',NULL,NULL,NULL,NULL,NULL,0),('RCONST-5f1e2a32:14adc79522f:-6038','RCOND-5f1e2a32:14adc79522f:-6050','FACTFLD-7dcd2cc0:1419c36c939:-7f7f','attributes',NULL,'is any of the ff.','matches',NULL,NULL,NULL,NULL,NULL,NULL,'[[key:\"NO_BUSINESS_TAX\",value:\"NO_BUSINESS_TAX\"]]',NULL,0),('RCONST-60c99d04:1470b276e7f:-7d64','RCOND-60c99d04:1470b276e7f:-7dd3','rptis.bldg.facts.BldgUse.basevalue','basevalue','BASEVALUE',NULL,NULL,NULL,NULL,NULL,NULL,NULL,NULL,NULL,NULL,1),('RCONST-60c99d04:1470b276e7f:-7dae','RCOND-60c99d04:1470b276e7f:-7dd3','rptis.bldg.facts.BldgUse.bldgstructure','bldgstructure',NULL,'equals','==',NULL,'RCOND-60c99d04:1470b276e7f:-7e2a','BS',NULL,NULL,NULL,NULL,NULL,0),('RCONST-6a56ca9d:17fb9fb27f8:-65f1','RCOND-6a56ca9d:17fb9fb27f8:-6619','FACTFLD-45a06f70:141e85fbfd5:-7f6f','assessmenttype',NULL,'is any of the ff.','matches',NULL,NULL,NULL,NULL,NULL,NULL,'[\"RENEW\",\"RETIRE\"]',NULL,0),('RCONST-6a56ca9d:17fb9fb27f8:-6d67','RCOND-6a56ca9d:17fb9fb27f8:-6da1','FACTFLD-26aa09fd:1419696e71f:-7fe4','apptype',NULL,'is any of the ff.','matches',NULL,NULL,NULL,NULL,NULL,NULL,'[\"NEW\",\"RENEW\"]',NULL,0),('RCONST-6c640ca5:1469912956a:-7cf5','RCOND-6c640ca5:1469912956a:-7d0f','FACTFLD-45a06f70:141e85fbfd5:-7f6f','assessmenttype',NULL,'is any of the ff.','matches',NULL,NULL,NULL,NULL,NULL,NULL,'[\"NEW\"]',NULL,0),('RCONST-762e9176:15d067a9c42:-59dc','RCOND-762e9176:15d067a9c42:-5a4b','rptis.facts.RPTVariable.value','value','TOTALAV',NULL,NULL,NULL,NULL,NULL,NULL,NULL,NULL,NULL,NULL,1),('RCONST-762e9176:15d067a9c42:-5a2a','RCOND-762e9176:15d067a9c42:-5a4b','rptis.facts.RPTVariable.varid','varid',NULL,'is any of the ff.','matches',NULL,NULL,NULL,NULL,NULL,NULL,'[[key:\"P-79a9a347:15cfcae84de:-5edb\",value:\"TOTAL_AV\"]]',NULL,0),('RCONST-79a9a347:15cfcae84de:-5a45','RCOND-79a9a347:15cfcae84de:-5af4','rptis.facts.RPTVariable.value','value','AV',NULL,NULL,NULL,NULL,NULL,NULL,NULL,NULL,NULL,NULL,2),('RCONST-79a9a347:15cfcae84de:-5aaa','RCOND-79a9a347:15cfcae84de:-5af4','rptis.facts.RPTVariable.varid','varid',NULL,'is any of the ff.','matches',NULL,NULL,NULL,NULL,NULL,NULL,'[[key:\"TOTAL_AV\",value:\"TOTAL_AV\"]]',NULL,1),('RCONST-79a9a347:15cfcae84de:-5ccd','RCOND-79a9a347:15cfcae84de:-6ebc','rptis.facts.RPU.objid','objid','RPUID',NULL,NULL,NULL,NULL,NULL,NULL,NULL,NULL,NULL,NULL,0),('RCONST-79a9a347:15cfcae84de:1012','RCOND-79a9a347:15cfcae84de:fb4','rptis.planttree.facts.PlantTreeDetail.marketvalue','marketvalue','MV',NULL,NULL,NULL,NULL,NULL,NULL,NULL,NULL,NULL,NULL,0),('RCONST-79a9a347:15cfcae84de:1089','RCOND-79a9a347:15cfcae84de:fb4','rptis.planttree.facts.PlantTreeDetail.assesslevel','assesslevel','AL',NULL,NULL,NULL,NULL,NULL,NULL,NULL,NULL,NULL,NULL,1),('RCONST-7ceb2c8b:167a1b28437:-7987','RCOND6729cd8:166bdeb1f30:-7eb8','com.rameses.rules.common.CurrentDate.year','year','CYEAR',NULL,NULL,NULL,NULL,NULL,NULL,NULL,NULL,NULL,NULL,2),('RCONST-7ceb2c8b:167a1b28437:-7c8e','RCOND6729cd8:166bdeb1f30:-7eb8','com.rameses.rules.common.CurrentDate.date','date','CDATE',NULL,NULL,NULL,NULL,NULL,NULL,NULL,NULL,NULL,NULL,1),('RCONST-7e3f9da1:16c2877d16d:-7d55','RCOND-4dd00f9d:1698f34b282:-7ddb','rptis.facts.RPUAssessment.taxable','taxable',NULL,'is true','== true',NULL,NULL,NULL,NULL,NULL,NULL,NULL,NULL,2),('RCONST-a35dd35:14e51ec3311:-5cc7','RCOND-a35dd35:14e51ec3311:-5d14','rptis.misc.facts.MiscRPU.swornamount','swornamount','SWORNAMT',NULL,NULL,NULL,NULL,NULL,NULL,NULL,NULL,NULL,NULL,1),('RCONST-a35dd35:14e51ec3311:-5cf0','RCOND-a35dd35:14e51ec3311:-5d14','rptis.misc.facts.MiscRPU.useswornamount','useswornamount',NULL,'is true','== true',NULL,NULL,NULL,NULL,NULL,NULL,NULL,NULL,0),('RCONST-b880e40:166bdcfa0cb:-76dc','RCOND-b880e40:166bdcfa0cb:-7749','ctc.facts.CorporateCTC.totaltax','totaltax','TOTALTAX',NULL,NULL,NULL,NULL,NULL,NULL,NULL,NULL,NULL,NULL,0),('RCONST-b880e40:166bdcfa0cb:-7b6d','RCOND-b880e40:166bdcfa0cb:-7c3d','ctc.facts.CorporateCTC.realpropertyav','realpropertyav','RPAV',NULL,NULL,NULL,NULL,NULL,NULL,NULL,NULL,NULL,NULL,1),('RCONST-b880e40:166bdcfa0cb:-7bdf','RCOND-b880e40:166bdcfa0cb:-7c3d','ctc.facts.CorporateCTC.businessgross','businessgross','BGROSS',NULL,NULL,NULL,NULL,NULL,NULL,NULL,NULL,NULL,NULL,0),('RCONST102ab3e1:147190e9fe4:-26f3','RCOND-2486b0ca:146fff66c3e:-3ed1','rptis.bldg.facts.BldgUse.adjustment','adjustment','ADJUSTMENT',NULL,NULL,NULL,NULL,NULL,NULL,NULL,NULL,NULL,NULL,1),('RCONST102ab3e1:147190e9fe4:-272e','RCOND-2486b0ca:146fff66c3e:-3ed1','rptis.bldg.facts.BldgUse.basemarketvalue','basemarketvalue','BMV',NULL,NULL,NULL,NULL,NULL,NULL,NULL,NULL,NULL,NULL,0),('RCONST1441128c:1471efa4c1c:-6c2e','RCOND1441128c:1471efa4c1c:-6c2f','rptis.facts.RPUAssessment.actualuseid','actualuseid',NULL,'not null','!= null',NULL,NULL,NULL,NULL,NULL,NULL,NULL,NULL,0),('RCONST1441128c:1471efa4c1c:-6d47','RCOND1441128c:1471efa4c1c:-6d84','rptis.bldg.facts.BldgUse.actualuseid','actualuseid','ACTUALUSE','not null','!= null',NULL,NULL,NULL,NULL,NULL,NULL,NULL,NULL,0),('RCONST17bb3bc0:16826bf0d4e:-77be','RCOND17bb3bc0:16826bf0d4e:-7800','ctc.facts.CorporateCTC.additional','additional',NULL,'is true','== true',NULL,NULL,NULL,NULL,NULL,NULL,NULL,NULL,0),('RCONST1b4af871:14e3cc46e09:-2f4b','RCOND1b4af871:14e3cc46e09:-2fc5','rptis.misc.facts.MiscItem.marketvalue','marketvalue','MV',NULL,NULL,NULL,NULL,NULL,NULL,NULL,NULL,NULL,NULL,0),('RCONST1b4af871:14e3cc46e09:-31dc','RCOND1b4af871:14e3cc46e09:-31fc','rptis.misc.facts.MiscItem.basemarketvalue','basemarketvalue','BMV',NULL,NULL,NULL,NULL,NULL,NULL,NULL,NULL,NULL,NULL,0),('RCONST1dc7a3de:142b70df9f8:-7f0e','RCOND1dc7a3de:142b70df9f8:-7f13','FACTFLD2713811e:141f3ed1502:-7ee7','intvalue','NUM_EMPLOYEE_FEMALE',NULL,NULL,NULL,NULL,NULL,NULL,NULL,NULL,NULL,NULL,0),('RCONST1dc7a3de:142b70df9f8:-7f59','RCOND1dc7a3de:142b70df9f8:-7f5e','FACTFLD2713811e:141f3ed1502:-7ee7','intvalue','NUM_EMPLOYEE_MALE',NULL,NULL,NULL,NULL,NULL,NULL,NULL,NULL,NULL,NULL,0),('RCONST1dfbc756:1483501e772:-7921','RCOND-3dc4dd90:14451e4a9d5:-6e9e','FACTFLD-37d4447c:1480b43afb0:-7f89','assessmenttype',NULL,'is any of the ff.','matches',NULL,NULL,NULL,NULL,NULL,NULL,'[\"RENEW\"]',NULL,5),('RCONST1dfbc756:1483501e772:-7ad3','RCOND-4fd26d3d:142fa7a65f9:-7124','FACTFLD-37d4447c:1480b43afb0:-7f89','assessmenttype',NULL,'is any of the ff.','matches',NULL,NULL,NULL,NULL,NULL,NULL,'[\"RENEW\"]',NULL,2),('RCONST1e2e986a:14840aab152:-7dbc','RCOND1e2e986a:14840aab152:-7f87','FACTFLD-fd57605:142324ab5d2:-7f08','qtr','QTR',NULL,NULL,NULL,NULL,NULL,NULL,NULL,NULL,NULL,NULL,1),('RCONST1e2e986a:14840aab152:-7f68','RCOND1e2e986a:14840aab152:-7f87','FACTFLD-435133e2:142c7ca3c49:-7a9f','deadline','DUEDATE',NULL,NULL,NULL,NULL,NULL,NULL,NULL,NULL,NULL,NULL,0),('RCONST1ff29cd0:1572617f8d8:-7d08','RCOND1ff29cd0:1572617f8d8:-7d30','rptis.misc.facts.MiscItem.depreciation','depreciation','DPRATE',NULL,NULL,NULL,NULL,NULL,NULL,NULL,NULL,NULL,NULL,0),('RCONST20cbb14f:1485e49eceb:-7eb3','RCOND293356d3:1485cf41677:-71b9','FACTFLD33cb572b:142da8961f6:-7d66','newbusiness',NULL,'not true','== false',NULL,NULL,NULL,NULL,NULL,NULL,NULL,NULL,2),('RCONST2659bca9:142b667ccd3:-7cf8','RCOND2659bca9:142b667ccd3:-7d1c','FACTFLD-26aa09fd:1419696e71f:-7fe4','apptype',NULL,'is any of the ff.','matches',NULL,NULL,NULL,NULL,NULL,NULL,'[\"NEW\",\"RENEW\"]',NULL,0),('RCONST293356d3:1485cf41677:-6e01','RCOND293356d3:1485cf41677:-6e49','FACTFLD49f1ff47:142dfb342ca:-6cc1','totaltax','TOTALTAX',NULL,NULL,NULL,NULL,NULL,NULL,NULL,NULL,NULL,NULL,0),('RCONST293356d3:1485cf41677:-6f08','RCOND293356d3:1485cf41677:-6f24','CurrentDate.month','month','CMONTH','greater than','>',NULL,NULL,NULL,NULL,1,NULL,NULL,NULL,0),('RCONST293356d3:1485cf41677:-7122','RCOND293356d3:1485cf41677:-71b9','FACTFLD33cb572b:142da8961f6:-7d78','realpropertyav','RPAV',NULL,NULL,NULL,NULL,NULL,NULL,NULL,NULL,NULL,NULL,1),('RCONST293356d3:1485cf41677:-717f','RCOND293356d3:1485cf41677:-71b9','FACTFLD33cb572b:142da8961f6:-7d6f','businessgross','BGROSS',NULL,NULL,NULL,NULL,NULL,NULL,NULL,NULL,NULL,NULL,0),('RCONST293356d3:1485cf41677:-741a','RCOND293356d3:1485cf41677:-7480','FACTFLD-301ea2a7:142daea52cd:-7b22','totaltax','TOTALTAX',NULL,NULL,NULL,NULL,NULL,NULL,NULL,NULL,NULL,NULL,0),('RCONST293356d3:1485cf41677:-74aa','RCOND293356d3:1485cf41677:-74c6','CurrentDate.month','month','CMONTH','greater than','>',NULL,NULL,NULL,NULL,1,NULL,NULL,NULL,0),('RCONST293356d3:1485cf41677:-7cbc','RCOND293356d3:1485cf41677:-7e26','FACTFLD33cb572b:142da8961f6:-7eba','propertyincome','PI',NULL,NULL,NULL,NULL,NULL,NULL,NULL,NULL,NULL,NULL,2),('RCONST293356d3:1485cf41677:-7d2a','RCOND293356d3:1485cf41677:-7e26','FACTFLD33cb572b:142da8961f6:-7ec7','businessgross','BGROSS',NULL,NULL,NULL,NULL,NULL,NULL,NULL,NULL,NULL,NULL,1),('RCONST293356d3:1485cf41677:-7dc8','RCOND293356d3:1485cf41677:-7e26','FACTFLD33cb572b:142da8961f6:-7ed4','annualsalary','SALARY',NULL,NULL,NULL,NULL,NULL,NULL,NULL,NULL,NULL,NULL,0),('RCONST3b800abe:14d2b978f55:-6160','RCOND3b800abe:14d2b978f55:-6196','rptis.bldg.facts.BldgUse.marketvalue','marketvalue','MV',NULL,NULL,NULL,NULL,NULL,NULL,NULL,NULL,NULL,NULL,0),('RCONST3b800abe:14d2b978f55:-630b','RCOND3b800abe:14d2b978f55:-6339','rptis.bldg.facts.BldgFloor.marketvalue','marketvalue','MV',NULL,NULL,NULL,NULL,NULL,NULL,NULL,NULL,NULL,NULL,0),('RCONST3b800abe:14d2b978f55:-7cdb','RCOND3b800abe:14d2b978f55:-7d69','rptis.bldg.facts.BldgAdjustment.amount','amount','ADJAMOUNT',NULL,NULL,NULL,NULL,NULL,NULL,NULL,NULL,NULL,NULL,1),('RCONST3b800abe:14d2b978f55:-7d68','RCOND3b800abe:14d2b978f55:-7d69','rptis.bldg.facts.BldgAdjustment.bldgfloor','bldgfloor',NULL,'not null','!= null',NULL,NULL,NULL,NULL,NULL,NULL,NULL,NULL,0),('RCONST3e7cce43:16b25a6ae3b:-2882','RC122cd182:16b250d7a42:-e9f','rptis.landtax.facts.RPTLedgerItemFact.year','year',NULL,'less than or equal to','<=',NULL,NULL,NULL,NULL,1991,NULL,NULL,NULL,3),('RCONST3fb43b91:14ccf782188:-5f2b','RCOND3fb43b91:14ccf782188:-5fd2','rptis.planttree.facts.PlantTreeDetail.adjustmentrate','adjustmentrate','ADJRATE','greater than','>',NULL,NULL,NULL,0.00,NULL,NULL,NULL,NULL,1),('RCONST3fb43b91:14ccf782188:-5f95','RCOND3fb43b91:14ccf782188:-5fd2','rptis.planttree.facts.PlantTreeDetail.basemarketvalue','basemarketvalue','BMV',NULL,NULL,NULL,NULL,NULL,NULL,NULL,NULL,NULL,NULL,0),('RCONST40c0977:151a9b0cb60:-7d29','RCOND-60c99d04:1470b276e7f:-7dd3','rptis.bldg.facts.BldgUse.area','area','BUAREA',NULL,NULL,NULL,NULL,NULL,NULL,NULL,NULL,NULL,NULL,2),('RCONST40fb8c21:16b4f90f5b4:-793f','RCOND40fb8c21:16b4f90f5b4:-7972','rptis.facts.RPUAssessment.assessedvalue','assessedvalue','AV',NULL,NULL,NULL,NULL,NULL,NULL,NULL,NULL,NULL,NULL,1),('RCONST40fb8c21:16b4f90f5b4:-7971','RCOND40fb8c21:16b4f90f5b4:-7972','rptis.facts.RPUAssessment.actualuseid','actualuseid',NULL,'not null','!= null',NULL,NULL,NULL,NULL,NULL,NULL,NULL,NULL,0),('RCONST42da3868:148356b8ecf:-6f7f','RCOND-4fd26d3d:142fa7a65f9:-7414','FACTFLD-37d4447c:1480b43afb0:-7f89','assessmenttype',NULL,'is any of the ff.','matches',NULL,NULL,NULL,NULL,NULL,NULL,'[\"RENEW\"]',NULL,1),('RCONST47b4e654:14885aa5256:-7cd6','RCOND47b4e654:14885aa5256:-7cfa','FACTFLD-26aa09fd:1419696e71f:-7fe4','apptype',NULL,'is any of the ff.','matches',NULL,NULL,NULL,NULL,NULL,NULL,'[\"RENEW\"]',NULL,0),('RCONST48d0f0c4:169510e76b2:-5248','RCOND48d0f0c4:169510e76b2:-52c2','ctc.facts.CorporateCTC.totaltax','totaltax','TOTALTAX',NULL,NULL,NULL,NULL,NULL,NULL,NULL,NULL,NULL,NULL,0),('RCONST49a3c540:14e51feb8f6:-67ae','RCOND1b4af871:14e3cc46e09:-2fe8','rptis.misc.facts.MiscRPU.objid','objid','REFID',NULL,NULL,NULL,NULL,NULL,NULL,NULL,NULL,NULL,NULL,0),('RCONST49a3c540:14e51feb8f6:-6bc7','RCOND1b4af871:14e3cc46e09:-3242','rptis.misc.facts.MiscRPU.objid','objid','REFID',NULL,NULL,NULL,NULL,NULL,NULL,NULL,NULL,NULL,NULL,0),('RCONST49a3c540:14e51feb8f6:-769e','RCOND49a3c540:14e51feb8f6:-76da','rptis.facts.RPTVariable.value','value','TOTALMV',NULL,NULL,NULL,NULL,NULL,NULL,NULL,NULL,NULL,NULL,1),('RCONST49a3c540:14e51feb8f6:-76c7','RCOND49a3c540:14e51feb8f6:-76da','rptis.facts.RPTVariable.varid','varid',NULL,'is any of the ff.','matches',NULL,NULL,NULL,NULL,NULL,NULL,'[[key:\"TOTAL_MV\",value:\"TOTAL_MV\"]]',NULL,0),('RCONST49a3c540:14e51feb8f6:-7712','RCOND49a3c540:14e51feb8f6:-774e','rptis.facts.RPTVariable.value','value','TOTALBMV',NULL,NULL,NULL,NULL,NULL,NULL,NULL,NULL,NULL,NULL,1),('RCONST49a3c540:14e51feb8f6:-773b','RCOND49a3c540:14e51feb8f6:-774e','rptis.facts.RPTVariable.varid','varid',NULL,'is any of the ff.','matches',NULL,NULL,NULL,NULL,NULL,NULL,'[[key:\"TOTAL_BMV\",value:\"TOTAL_BMV\"]]',NULL,0),('RCONST49a3c540:14e51feb8f6:-7776','RCOND49a3c540:14e51feb8f6:-779a','rptis.misc.facts.MiscRPU.useswornamount','useswornamount',NULL,'not true','== false',NULL,NULL,NULL,NULL,NULL,NULL,NULL,NULL,0),('RCONST49fb6db4:149c7eeb0ca:-551c','RCOND49fb6db4:149c7eeb0ca:-5544','FACTFLD-7c5c4c8f:141e84ee23e:-7f45','orgtype',NULL,'is any of the ff.','matches',NULL,NULL,NULL,NULL,NULL,NULL,'[\"CORP\",\"ASSO\",\"PART\"]',NULL,0),('RCONST49fb6db4:149c7eeb0ca:-56fe','RCOND49fb6db4:149c7eeb0ca:-5759','FACTFLD-7c5c4c8f:141e84ee23e:-7f45','orgtype',NULL,'is any of the ff.','matches',NULL,NULL,NULL,NULL,NULL,NULL,'[\"SING\"]',NULL,1),('RCONST49fb6db4:149c7eeb0ca:-583f','RCOND49fb6db4:149c7eeb0ca:-58fb','FACTFLD-7c5c4c8f:141e84ee23e:-7f45','orgtype',NULL,'is any of the ff.','matches',NULL,NULL,NULL,NULL,NULL,NULL,'[\"COOP\"]',NULL,1),('RCONST4c78a9d4:16816354aab:-5e23','RC4d8d2fa0:168164ac044:-689f','ctc.facts.IndividualCTC.businessgross','businessgross',NULL,'less than or equal to','<=',NULL,NULL,NULL,0.00,NULL,NULL,NULL,NULL,1),('RCONST4c78a9d4:16816354aab:-7423','RC4d8d2fa0:168164ac044:-689f','ctc.facts.IndividualCTC.age','age',NULL,'greater than or equal to','>=',NULL,NULL,NULL,NULL,60,NULL,NULL,NULL,0),('RCONST4e46261d:14f924c6b53:-7919','RCOND-2486b0ca:146fff66c3e:-3ed1','rptis.bldg.facts.BldgUse.useswornamount','useswornamount',NULL,'not true','== false',NULL,NULL,NULL,NULL,NULL,NULL,NULL,NULL,2),('RCONST4e46261d:14f924c6b53:-7a21','RCOND4e46261d:14f924c6b53:-7c57','rptis.bldg.facts.BldgUse.useswornamount','useswornamount',NULL,'is true','== true',NULL,NULL,NULL,NULL,NULL,NULL,NULL,NULL,2),('RCONST4e46261d:14f924c6b53:-7bc5','RCOND4e46261d:14f924c6b53:-7c57','rptis.bldg.facts.BldgUse.adjustment','adjustment','ADJUSTMENT',NULL,NULL,NULL,NULL,NULL,NULL,NULL,NULL,NULL,NULL,1),('RCONST4e46261d:14f924c6b53:-7c0e','RCOND4e46261d:14f924c6b53:-7c57','rptis.bldg.facts.BldgUse.swornamount','swornamount','SWORNAMT',NULL,NULL,NULL,NULL,NULL,NULL,NULL,NULL,NULL,NULL,0),('RCONST4e46261d:14f924c6b53:-7cc1','RCOND4e46261d:14f924c6b53:-7d37','rptis.bldg.facts.BldgRPU.depreciation','depreciation','DPRATE',NULL,NULL,NULL,NULL,NULL,NULL,NULL,NULL,NULL,NULL,0),('RCONST5469beb4:17e7a5839f9:-53d7','RCOND1e2e986a:14840aab152:-7efe','FACTFLD50ef92c8:147420ae632:-7c1c','qtr',NULL,'equal to','==',1,'RCONST1e2e986a:14840aab152:-7dbc','QTR',NULL,NULL,NULL,NULL,NULL,1),('RCONST5469beb4:17e7a5839f9:-541e','RCOND1e2e986a:14840aab152:-7efe','FACTFLD-42025b26:14237a79c92:-7f53','date','BILLDATE',NULL,NULL,NULL,NULL,NULL,NULL,NULL,NULL,NULL,NULL,0),('RCONST560f5a64:1735a1dbaf4:-7748','RCOND560f5a64:1735a1dbaf4:-7826','rptis.landtax.facts.RPTLedgerItemFact.backtax','backtax',NULL,'is true','== true',NULL,NULL,NULL,NULL,NULL,NULL,NULL,NULL,0),('RCONST587fd625:1529f9e286a:-7c24','RCOND587fd625:1529f9e286a:-7c3e','FACTFLD-46f22f55:14231734d86:-7eb9','month','NMON',NULL,NULL,0,NULL,NULL,NULL,NULL,NULL,NULL,NULL,0),('RCONST587fd625:1529f9e286a:-7ca9','RCOND587fd625:1529f9e286a:-7d68','FACTFLD-1f3e2b64:14230dd8f62:-7e94','amtdue','AMT',NULL,NULL,NULL,NULL,NULL,NULL,NULL,NULL,NULL,NULL,2),('RCONST587fd625:1529f9e286a:-7cee','RCOND587fd625:1529f9e286a:-7d68','FACTFLD-37d4447c:1480b43afb0:-7f89','assessmenttype',NULL,'is any of the ff.','matches',NULL,NULL,NULL,NULL,NULL,NULL,'[\"RENEW\"]',NULL,1),('RCONST587fd625:1529f9e286a:-7d33','RCOND587fd625:1529f9e286a:-7d68','FACTFLD-1f3e2b64:14230dd8f62:-7e8b','expired',NULL,'is true','== true',NULL,NULL,NULL,NULL,NULL,NULL,NULL,NULL,0),('RCONST59614e16:14c5e56ecc8:-7c46','RCOND59614e16:14c5e56ecc8:-7c8f','rptis.misc.facts.MiscItem.depreciatedvalue','depreciatedvalue','DEP',NULL,NULL,NULL,NULL,NULL,NULL,NULL,NULL,NULL,NULL,1),('RCONST59614e16:14c5e56ecc8:-7c6f','RCOND59614e16:14c5e56ecc8:-7c8f','rptis.misc.facts.MiscItem.basemarketvalue','basemarketvalue','BMV',NULL,NULL,NULL,NULL,NULL,NULL,NULL,NULL,NULL,NULL,0),('RCONST59614e16:14c5e56ecc8:-7d8b','RCOND59614e16:14c5e56ecc8:-7dcb','rptis.misc.facts.MiscItem.depreciation','depreciation','DEPRATE',NULL,NULL,NULL,NULL,NULL,NULL,NULL,NULL,NULL,NULL,1),('RCONST59614e16:14c5e56ecc8:-7db3','RCOND59614e16:14c5e56ecc8:-7dcb','rptis.misc.facts.MiscItem.basemarketvalue','basemarketvalue','BMV',NULL,NULL,NULL,NULL,NULL,NULL,NULL,NULL,NULL,NULL,0),('RCONST5b4ac915:147baaa06b4:-6d59','RCOND5b4ac915:147baaa06b4:-6da4','rptis.land.facts.LandDetail.classification','classification','CLASS','not null','!= null',NULL,NULL,NULL,NULL,NULL,NULL,NULL,NULL,0),('RCONST5d2ef71:1472236f427:-7ef3','RCOND5d2ef71:1472236f427:-7f0d','FACTFLD-45a06f70:141e85fbfd5:-7f6f','assessmenttype',NULL,'is any of the ff.','matches',NULL,NULL,NULL,NULL,NULL,NULL,'[\"RENEW\",\"RETIRE\"]',NULL,0),('RCONST5f10a9aa:1698ea3f7ff:-6b61','RCOND5f10a9aa:1698ea3f7ff:-6bb1','rptis.facts.RPUAssessment.assessedvalue','assessedvalue','AV',NULL,NULL,NULL,NULL,NULL,NULL,NULL,NULL,NULL,NULL,1),('RCONST5f10a9aa:1698ea3f7ff:-6bb0','RCOND5f10a9aa:1698ea3f7ff:-6bb1','rptis.facts.RPUAssessment.actualuseid','actualuseid',NULL,'not null','!= null',NULL,NULL,NULL,NULL,NULL,NULL,NULL,NULL,0),('RCONST5ffbdc02:166e7b2c367:-641c','RC70978a15:166ae6875d1:-7f22','rptis.landtax.facts.RPTLedgerItemFact.amtdue','amtdue','TAX',NULL,NULL,NULL,NULL,NULL,NULL,NULL,NULL,NULL,NULL,4),('RCONST5ffbdc02:166e7b2c367:-66a5','RC70978a15:166ae6875d1:-7f22','rptis.landtax.facts.RPTLedgerItemFact.year','year',NULL,'equal to','==',1,'RCC70978a15:166ae6875d1:-7f23','CY',NULL,NULL,NULL,NULL,NULL,1),('RCONST6729cd8:166bdeb1f30:-5dbe','RCOND6729cd8:166bdeb1f30:-5e3b','ctc.facts.CorporateCTC.interest','interest','INTEREST','greater than','>',NULL,NULL,NULL,0.00,NULL,NULL,NULL,NULL,0),('RCONST6729cd8:166bdeb1f30:-60dc','RCOND6729cd8:166bdeb1f30:-6250','ctc.facts.IndividualCTC.interest','interest','INTEREST','greater than','>',NULL,NULL,NULL,0.00,NULL,NULL,NULL,NULL,0),('RCONST6729cd8:166bdeb1f30:-6a60','RCOND6729cd8:166bdeb1f30:-6ad4','ctc.facts.IndividualCTC.additional','additional',NULL,'is true','== true',NULL,NULL,NULL,NULL,NULL,NULL,NULL,NULL,0),('RCONST6729cd8:166bdeb1f30:-7c22','RCOND6729cd8:166bdeb1f30:-7dba','ctc.facts.IndividualCTC.totaltax','totaltax','TOTALTAX',NULL,NULL,NULL,NULL,NULL,NULL,NULL,NULL,NULL,NULL,0),('RCONST6729cd8:166bdeb1f30:-7e85','RCOND6729cd8:166bdeb1f30:-7eb8','com.rameses.rules.common.CurrentDate.month','month','CMONTH','greater than or equal to','>=',NULL,NULL,NULL,NULL,3,NULL,NULL,NULL,0),('RCONST695e885:17fbe712f37:-7683','RCOND695e885:17fbe712f37:-76bd','FACTFLD-26aa09fd:1419696e71f:-7fe4','apptype',NULL,'is any of the ff.','matches',NULL,NULL,NULL,NULL,NULL,NULL,'[\"NEW\",\"RENEW\",\"ADDITIONAL\"]',NULL,0),('RCONST695e885:17fbe712f37:-7ae0','RCOND695e885:17fbe712f37:-7ae8','FACTFLD2713811e:141f3ed1502:-7ed5','stringvalue','BUSINESS_CHARACTERISTIC',NULL,NULL,NULL,NULL,NULL,NULL,NULL,'COTTAGE',NULL,NULL,1),('RCONST695e885:17fbe712f37:-7ae1','RCOND695e885:17fbe712f37:-7ae8','FACTFLD-73089baf:141f3d279b0:-7f78','lob',NULL,'is null','== null',NULL,'RCOND695e885:17fbe712f37:-7b87','LOB',NULL,NULL,NULL,NULL,NULL,0),('RCONST695e885:17fbe712f37:-7b5f','RCOND695e885:17fbe712f37:-7b87','FACTFLD-45a06f70:141e85fbfd5:-7f6f','assessmenttype',NULL,'is any of the ff.','matches',NULL,NULL,NULL,NULL,NULL,NULL,'[\"NEW\",\"RENEW\"]',NULL,0),('RCONST6d174068:14e3de9c20b:-7f46','RCOND6d174068:14e3de9c20b:-7f93','rptis.misc.facts.MiscRPU.assesslevel','assesslevel','AL',NULL,NULL,NULL,NULL,NULL,NULL,NULL,NULL,NULL,NULL,1),('RCONST6d174068:14e3de9c20b:-7f73','RCOND6d174068:14e3de9c20b:-7f93','rptis.misc.facts.MiscRPU.marketvalue','marketvalue','MV',NULL,NULL,NULL,NULL,NULL,NULL,NULL,NULL,NULL,NULL,0),('RCONST6daebb4a:148d65c9a35:-7ed8','RCOND6daebb4a:148d65c9a35:-7efc','FACTFLD-26aa09fd:1419696e71f:-7fe4','apptype',NULL,'is any of the ff.','matches',NULL,NULL,NULL,NULL,NULL,NULL,'[\"NEW\",\"RENEW\"]',NULL,0),('RCONST6ea11f4c:14ae127feb2:-7de6','RCOND6ea11f4c:14ae127feb2:-7ded','FACTFLD2713811e:141f3ed1502:-7ede','booleanvalue','HAS_TAX_INCENTIVE','is true','== true',NULL,NULL,NULL,NULL,NULL,NULL,NULL,NULL,1),('RCONST6ea11f4c:14ae127feb2:-7de7','RCOND6ea11f4c:14ae127feb2:-7ded','FACTFLD-73089baf:141f3d279b0:-7f78','lob',NULL,'is null','== null',NULL,NULL,NULL,NULL,NULL,NULL,NULL,NULL,0),('RCONST77d680ba:14885b8719f:-7b26','RCOND77d680ba:14885b8719f:-7be5','FACTFLD-62a762db:14201d65080:-72f2','appyear','APPYEAR',NULL,NULL,NULL,NULL,NULL,NULL,NULL,NULL,NULL,NULL,1),('RCONST77d680ba:14885b8719f:-7bc1','RCOND77d680ba:14885b8719f:-7be5','FACTFLD-26aa09fd:1419696e71f:-7fe4','apptype',NULL,'is any of the ff.','matches',NULL,NULL,NULL,NULL,NULL,NULL,'[\"NEW\"]',NULL,0),('RCONST7ad785a4:1485e323be9:-7f29','RCOND7ad785a4:1485e323be9:-7f91','FACTFLD33cb572b:142da8961f6:-7d66','newbusiness',NULL,'is true','== true',NULL,NULL,NULL,NULL,NULL,NULL,NULL,NULL,0),('RCONST7e02b404:166ae687f42:-54ad','RC70978a15:166ae6875d1:-7f24','CurrentDate.qtr','qtr','CQTR','greater than','>',NULL,NULL,NULL,NULL,1,NULL,NULL,NULL,1),('RCONST7ff4a1a7:164fdd7d64a:-750e','RCOND7ff4a1a7:164fdd7d64a:-7ba1','ctc.facts.IndividualCTC.totaltax','totaltax','TOTALTAX',NULL,NULL,NULL,NULL,NULL,NULL,NULL,NULL,NULL,NULL,0),('RCONSTec9d7ab:166235c2e16:-2ea1','RCONDec9d7ab:166235c2e16:-2ec7','rptis.landtax.facts.Bill.currentdate','currentdate','CDATE',NULL,NULL,NULL,NULL,NULL,NULL,NULL,NULL,NULL,NULL,0),('RCONSTec9d7ab:166235c2e16:-311f','RC7280357:166235c1be7:-7fbd','rptis.landtax.facts.RPTLedgerFact.lastqtrpaid','lastqtrpaid',NULL,'equal to','==',NULL,NULL,NULL,NULL,4,NULL,NULL,NULL,1),('RCONSTec9d7ab:166235c2e16:-36b2','RC7280357:166235c1be7:-7fc7','rptis.landtax.facts.RPTLedgerItemFact.revtype','revtype',NULL,'is any of the ff.','matches',0,NULL,NULL,NULL,NULL,NULL,'[\"basic\",\"sef\"]',NULL,1),('RCONSTec9d7ab:166235c2e16:-38dd','RCONDec9d7ab:166235c2e16:-3905','rptis.landtax.facts.Bill.forpayment','forpayment',NULL,'not true','== false',NULL,NULL,NULL,NULL,NULL,NULL,NULL,NULL,0),('RCONSTec9d7ab:166235c2e16:-39af','RCONDec9d7ab:166235c2e16:-3b0b','rptis.landtax.facts.RPTLedgerItemFact.qtrly','qtrly',NULL,'is true','== true',NULL,NULL,NULL,NULL,NULL,NULL,NULL,NULL,1),('RCONSTec9d7ab:166235c2e16:-3abb','RCONDec9d7ab:166235c2e16:-3b0b','rptis.landtax.facts.RPTLedgerItemFact.year','year',NULL,'less than','<',1,'RCONSTec9d7ab:166235c2e16:-3b8e','CY',NULL,NULL,NULL,NULL,NULL,0),('RCONSTec9d7ab:166235c2e16:-3b8e','RCONDec9d7ab:166235c2e16:-3baa','CurrentDate.year','year','CY',NULL,NULL,NULL,NULL,NULL,NULL,NULL,NULL,NULL,NULL,0),('RCONSTec9d7ab:166235c2e16:-5e2c','RCONDec9d7ab:166235c2e16:-5e7c','rptis.landtax.facts.RPTLedgerItemFact.year','year',NULL,'greater than or equal to','>=',1,'RCONSTec9d7ab:166235c2e16:-5f63','CY',NULL,NULL,NULL,NULL,NULL,0),('RCONSTec9d7ab:166235c2e16:-5f63','RCONDec9d7ab:166235c2e16:-5f7f','CurrentDate.year','year','CY',NULL,NULL,NULL,NULL,NULL,NULL,NULL,NULL,NULL,NULL,0);
/*!40000 ALTER TABLE `sys_rule_condition_constraint` ENABLE KEYS */;
UNLOCK TABLES;

--
-- Table structure for table `sys_rule_condition_var`
--

DROP TABLE IF EXISTS `sys_rule_condition_var`;
/*!40101 SET @saved_cs_client     = @@character_set_client */;
/*!40101 SET character_set_client = utf8 */;
CREATE TABLE `sys_rule_condition_var` (
  `objid` varchar(50) NOT NULL,
  `parentid` varchar(50) DEFAULT NULL,
  `ruleid` varchar(50) DEFAULT NULL,
  `varname` varchar(50) DEFAULT NULL,
  `datatype` varchar(50) DEFAULT NULL,
  `pos` int(11) DEFAULT NULL,
  PRIMARY KEY (`objid`),
  KEY `parentid` (`parentid`),
  CONSTRAINT `sys_rule_condition_var_ibfk_1` FOREIGN KEY (`parentid`) REFERENCES `sys_rule_condition` (`objid`)
) ENGINE=InnoDB DEFAULT CHARSET=utf8;
/*!40101 SET character_set_client = @saved_cs_client */;

--
-- Dumping data for table `sys_rule_condition_var`
--

LOCK TABLES `sys_rule_condition_var` WRITE;
/*!40000 ALTER TABLE `sys_rule_condition_var` DISABLE KEYS */;
INSERT INTO `sys_rule_condition_var` VALUES ('RC-15f7fe9f:15cf6ec9fa5:-7fc3','RC-15f7fe9f:15cf6ec9fa5:-7fc3','RUL-31fc82f2:15cf6ecbe4d:-6b3d','LA','rptis.land.facts.LandDetail',0),('RC-17442746:16be936f033:-7e86','RC-17442746:16be936f033:-7e86','RUL483027b0:16be9375c61:-77e6','RLI','rptis.landtax.facts.RPTLedgerItemFact',0),('RC-287581a5:180558e600d:-7d5d','RC-287581a5:180558e600d:-7d5d','RUL-2a65218f:180558e7346:-77a0','RLI','rptis.landtax.facts.RPTLedgerItemFact',1),('RC122cd182:16b250d7a42:-123b','RC122cd182:16b250d7a42:-123b','RUL3e7cce43:16b25a6ae3b:-2c01','RLI','rptis.landtax.facts.RPTLedgerItemFact',1),('RC122cd182:16b250d7a42:-8fe','RC122cd182:16b250d7a42:-8fe','RUL3e7cce43:16b25a6ae3b:-2657','RLI','rptis.landtax.facts.RPTLedgerItemFact',1),('RC122cd182:16b250d7a42:-e9f','RC122cd182:16b250d7a42:-e9f','RUL3e7cce43:16b25a6ae3b:-2ade','RLI','rptis.landtax.facts.RPTLedgerItemFact',1),('RC440e47f4:166ae4152f1:-7fc0','RC440e47f4:166ae4152f1:-7fc0','RUL1262ad19:166ae41b1fb:-7c88','RLI','rptis.landtax.facts.RPTLedgerItemFact',1),('RC48ce1e31:16b4f267a90:636f','RC48ce1e31:16b4f267a90:636f','RUL40fb8c21:16b4f90f5b4:-71f1','BA','rptis.facts.RPUAssessment',0),('RC4d8d2fa0:168164ac044:-689f','RC4d8d2fa0:168164ac044:-689f','RUL4c78a9d4:16816354aab:-752c','ICTC','ctc.facts.IndividualCTC',0),('RC70978a15:166ae6875d1:-7f22','RC70978a15:166ae6875d1:-7f22','RUL7e02b404:166ae687f42:-5511','RLI','rptis.landtax.facts.RPTLedgerItemFact',1),('RC7280357:166235c1be7:-7faf','RC7280357:166235c1be7:-7faf','RULec9d7ab:166235c2e16:-26bf','RLI','rptis.landtax.facts.RPTLedgerItemFact',1),('RC7280357:166235c1be7:-7fb6','RC7280357:166235c1be7:-7fb6','RULec9d7ab:166235c2e16:-26d0','RLI','rptis.landtax.facts.RPTLedgerItemFact',1),('RC7280357:166235c1be7:-7fbd','RC7280357:166235c1be7:-7fbd','RULec9d7ab:166235c2e16:-319f','RL','rptis.landtax.facts.RPTLedgerFact',1),('RC7280357:166235c1be7:-7fc0','RC7280357:166235c1be7:-7fc0','RULec9d7ab:166235c2e16:-319f','BILL','rptis.landtax.facts.Bill',2),('RC7280357:166235c1be7:-7fc7','RC7280357:166235c1be7:-7fc7','RULec9d7ab:166235c2e16:-3811','RLI','rptis.landtax.facts.RPTLedgerItemFact',1),('RC7280357:166235c1be7:-7fc9','RC7280357:166235c1be7:-7fc9','RULec9d7ab:166235c2e16:-3811','BILL','rptis.landtax.facts.Bill',2),('RC7280357:166235c1be7:-7fd4','RC7280357:166235c1be7:-7fd4','RULec9d7ab:166235c2e16:-4197','RLI','rptis.landtax.facts.RPTLedgerItemFact',1),('RCC-15f7fe9f:15cf6ec9fa5:-7fc1','RC-15f7fe9f:15cf6ec9fa5:-7fc3','RUL-31fc82f2:15cf6ecbe4d:-6b3d','MV','decimal',0),('RCC-15f7fe9f:15cf6ec9fa5:-7fc2','RC-15f7fe9f:15cf6ec9fa5:-7fc3','RUL-31fc82f2:15cf6ecbe4d:-6b3d','AL','decimal',1),('RCC-17442746:16be936f033:-7e83','RC-17442746:16be936f033:-7e86','RUL483027b0:16be9375c61:-77e6','AV','decimal',0),('RCC-287581a5:180558e600d:-7d5b','RC-287581a5:180558e600d:-7d5d','RUL-2a65218f:180558e7346:-77a0','TAX','decimal',3),('RCC-287581a5:180558e600d:-7d60','RC-287581a5:180558e600d:-7d61','RUL-2a65218f:180558e7346:-77a0','CY','integer',1),('RCC122cd182:16b250d7a42:-1239','RC122cd182:16b250d7a42:-123b','RUL3e7cce43:16b25a6ae3b:-2c01','NMON','integer',2),('RCC122cd182:16b250d7a42:-123a','RC122cd182:16b250d7a42:-123b','RUL3e7cce43:16b25a6ae3b:-2c01','TAX','decimal',3),('RCC122cd182:16b250d7a42:-8f8','RC122cd182:16b250d7a42:-8f9','RUL3e7cce43:16b25a6ae3b:-2657','CY','integer',0),('RCC122cd182:16b250d7a42:-8fc','RC122cd182:16b250d7a42:-8fe','RUL3e7cce43:16b25a6ae3b:-2657','NMON','integer',2),('RCC122cd182:16b250d7a42:-8fd','RC122cd182:16b250d7a42:-8fe','RUL3e7cce43:16b25a6ae3b:-2657','TAX','decimal',3),('RCC122cd182:16b250d7a42:-e9d','RC122cd182:16b250d7a42:-e9f','RUL3e7cce43:16b25a6ae3b:-2ade','NMON','integer',2),('RCC122cd182:16b250d7a42:-e9e','RC122cd182:16b250d7a42:-e9f','RUL3e7cce43:16b25a6ae3b:-2ade','TAX','decimal',3),('RCC440e47f4:166ae4152f1:-7fbd','RC440e47f4:166ae4152f1:-7fbe','RUL1262ad19:166ae41b1fb:-7c88','CY','integer',0),('RCC48ce1e31:16b4f267a90:6372','RC48ce1e31:16b4f267a90:636f','RUL40fb8c21:16b4f90f5b4:-71f1','MV','decimal',1),('RCC48ce1e31:16b4f267a90:6373','RC48ce1e31:16b4f267a90:636f','RUL40fb8c21:16b4f90f5b4:-71f1','AL','decimal',2),('RCC70978a15:166ae6875d1:-7f23','RC70978a15:166ae6875d1:-7f24','RUL7e02b404:166ae687f42:-5511','CY','integer',0),('RCC7280357:166235c1be7:-7fac','RC7280357:166235c1be7:-7fad','RULec9d7ab:166235c2e16:-26bf','CY','integer',0),('RCC7280357:166235c1be7:-7fb3','RC7280357:166235c1be7:-7fb4','RULec9d7ab:166235c2e16:-26d0','CY','integer',0),('RCC7280357:166235c1be7:-7fba','RC7280357:166235c1be7:-7fbb','RULec9d7ab:166235c2e16:-319f','CY','integer',0),('RCC7280357:166235c1be7:-7fcd','RC7280357:166235c1be7:-7fcf','RULec9d7ab:166235c2e16:-4197','CY','integer',0),('RCC7280357:166235c1be7:-7fd3','RC7280357:166235c1be7:-7fd4','RULec9d7ab:166235c2e16:-4197','TAX','decimal',3),('RCCb9e61ab:1694b473870:6036','RCb9e61ab:1694b473870:6035','RUL48d0f0c4:169510e76b2:-59e1','CYEAR','integer',2),('RCCb9e61ab:1694b473870:6037','RCb9e61ab:1694b473870:6035','RUL48d0f0c4:169510e76b2:-59e1','CDATE','date',1),('RCCb9e61ab:1694b473870:6038','RCb9e61ab:1694b473870:6035','RUL48d0f0c4:169510e76b2:-59e1','CMONTH','integer',0),('RCOND-103fed47:146ffb40356:-7d40','RCOND-103fed47:146ffb40356:-7d40','RUL3e2b89cb:146ff734573:-7dcc','RPU','rptis.bldg.facts.BldgRPU',0),('RCOND-1a2d6e9b:1692d429304:-7748','RCOND-1a2d6e9b:1692d429304:-7748','RUL-1a2d6e9b:1692d429304:-7779','AVINFO','rptis.landtax.facts.AssessedValue',0),('RCOND-2486b0ca:146fff66c3e:-2bf1','RCOND-2486b0ca:146fff66c3e:-2bf1','RUL-2486b0ca:146fff66c3e:-2c4a','BU','rptis.bldg.facts.BldgUse',0),('RCOND-2486b0ca:146fff66c3e:-3888','RCOND-2486b0ca:146fff66c3e:-3888','RUL-2486b0ca:146fff66c3e:-38e4','BF','rptis.bldg.facts.BldgFloor',0),('RCOND-2486b0ca:146fff66c3e:-3ed1','RCOND-2486b0ca:146fff66c3e:-3ed1','RUL-2486b0ca:146fff66c3e:-4192','BU','rptis.bldg.facts.BldgUse',1),('RCOND-2486b0ca:146fff66c3e:-3f91','RCOND-2486b0ca:146fff66c3e:-3f91','RUL-2486b0ca:146fff66c3e:-4192','RPU','rptis.bldg.facts.BldgRPU',0),('RCOND-2486b0ca:146fff66c3e:-445d','RCOND-2486b0ca:146fff66c3e:-445d','RUL-2486b0ca:146fff66c3e:-4697','BS','rptis.bldg.facts.BldgStructure',0),('RCOND-2486b0ca:146fff66c3e:-6aad','RCOND-2486b0ca:146fff66c3e:-6aad','RUL-2486b0ca:146fff66c3e:-6b05','BF','rptis.bldg.facts.BldgFloor',0),('RCOND-28dc975:156bcab666c:-5f3d','RCOND-28dc975:156bcab666c:-5f3d','RUL-3e8edbea:156bc08656a:-5f05','VAR','rptis.facts.RPTVariable',1),('RCOND-28dc975:156bcab666c:-6051','RCOND-28dc975:156bcab666c:-6051','RUL-3e8edbea:156bc08656a:-5f05','RPU','rptis.facts.RPU',0),('RCOND-2a2ffad2:14adc30d509:-6839','RCOND-2a2ffad2:14adc30d509:-6839','RUL-2a2ffad2:14adc30d509:-6890','RF','bpls.facts.TaxFeeAccount',0),('RCOND-2ede6703:16642adb9ce:-7a39','RCOND-2ede6703:16642adb9ce:-7a39','RUL-2ede6703:16642adb9ce:-7ba0','BILL','rptis.landtax.facts.Bill',0),('RCOND-38de162c:1460374650a:-783b','RCOND-38de162c:1460374650a:-783b','RUL-38de162c:1460374650a:-7907','BT','bpls.facts.TaxFeeAccount',1),('RCOND-38de162c:1460374650a:-78ae','RCOND-38de162c:1460374650a:-78ae','RUL-38de162c:1460374650a:-7907','LOB','bpls.facts.LOB',0),('RCOND-3dc4dd90:14451e4a9d5:-6e9e','RCOND-3dc4dd90:14451e4a9d5:-6e9e','RUL-36ba5ccb:1430894b791:-6677','BT','bpls.facts.BillItem',3),('RCOND-46fca07e:14c545f3e6a:-3353','RCOND-46fca07e:14c545f3e6a:-3353','RUL-46fca07e:14c545f3e6a:-33b4','BF','rptis.bldg.facts.BldgFloor',0),('RCOND-46fca07e:14c545f3e6a:-34b0','RCOND-46fca07e:14c545f3e6a:-34b0','RUL-46fca07e:14c545f3e6a:-350f','BU','rptis.bldg.facts.BldgUse',0),('RCOND-46fca07e:14c545f3e6a:-7707','RCOND-46fca07e:14c545f3e6a:-7707','RUL-46fca07e:14c545f3e6a:-7740','LA','rptis.land.facts.LandDetail',0),('RCOND-46fca07e:14c545f3e6a:-786f','RCOND-46fca07e:14c545f3e6a:-786f','RUL-46fca07e:14c545f3e6a:-7a8b','LA','rptis.land.facts.LandDetail',0),('RCOND-476b5bbe:1641bbe1a54:-7e8c','RCOND-476b5bbe:1641bbe1a54:-7e8c','RUL-476b5bbe:1641bbe1a54:-7ebc','ICTC','ctc.facts.IndividualCTC',0),('RCOND-4dd00f9d:1698f34b282:-7ddb','RCOND-4dd00f9d:1698f34b282:-7ddb','RUL-4dd00f9d:1698f34b282:-7e5f','RA','rptis.facts.RPUAssessment',0),('RCOND-4fd26d3d:142fa7a65f9:-7124','RCOND-4fd26d3d:142fa7a65f9:-7124','RUL-4fd26d3d:142fa7a65f9:-7200','BT','bpls.facts.BillItem',1),('RCOND-4fd26d3d:142fa7a65f9:-7414','RCOND-4fd26d3d:142fa7a65f9:-7414','RUL2491462a:142fa35d130:-5a95','BT','bpls.facts.BillItem',1),('RCOND-5e76cf73:14d69e9c549:-701c','RCOND-5e76cf73:14d69e9c549:-701c','RUL-5e76cf73:14d69e9c549:-7084','LA','rptis.land.facts.LandDetail',0),('RCOND-5e76cf73:14d69e9c549:-7e5d','RCOND-5e76cf73:14d69e9c549:-7e5d','RUL-5e76cf73:14d69e9c549:-7fd4','ADJ','rptis.land.facts.LandAdjustment',0),('RCOND-5f1e2a32:14adc79522f:-5fe0','RCOND-5f1e2a32:14adc79522f:-5fe0','RUL-5f1e2a32:14adc79522f:-60a1','BT','bpls.facts.TaxFeeAccount',1),('RCOND-5f1e2a32:14adc79522f:-6050','RCOND-5f1e2a32:14adc79522f:-6050','RUL-5f1e2a32:14adc79522f:-60a1','LOB','bpls.facts.LOB',0),('RCOND-60c99d04:1470b276e7f:-7dd3','RCOND-60c99d04:1470b276e7f:-7dd3','RUL-60c99d04:1470b276e7f:-7ecc','BU','rptis.bldg.facts.BldgUse',1),('RCOND-60c99d04:1470b276e7f:-7e2a','RCOND-60c99d04:1470b276e7f:-7e2a','RUL-60c99d04:1470b276e7f:-7ecc','BS','rptis.bldg.facts.BldgStructure',0),('RCOND-6a56ca9d:17fb9fb27f8:-6619','RCOND-6a56ca9d:17fb9fb27f8:-6619','RUL-6a56ca9d:17fb9fb27f8:-667f','LOB','bpls.facts.LOB',0),('RCOND-6c640ca5:1469912956a:-7d0f','RCOND-6c640ca5:1469912956a:-7d0f','RUL-6c640ca5:1469912956a:-7ed8','LOB','bpls.facts.LOB',0),('RCOND-762e9176:15d067a9c42:-5928','RCOND-762e9176:15d067a9c42:-5928','RUL-762e9176:15d067a9c42:-5aa0','RPU','rptis.facts.RPU',1),('RCOND-762e9176:15d067a9c42:-5a4b','RCOND-762e9176:15d067a9c42:-5a4b','RUL-762e9176:15d067a9c42:-5aa0','VAR','rptis.facts.RPTVariable',0),('RCOND-79a9a347:15cfcae84de:-5af4','RCOND-79a9a347:15cfcae84de:-5af4','RUL-79a9a347:15cfcae84de:-6f2a','VAR','rptis.facts.RPTVariable',1),('RCOND-79a9a347:15cfcae84de:-6ebc','RCOND-79a9a347:15cfcae84de:-6ebc','RUL-79a9a347:15cfcae84de:-6f2a','RPU','rptis.facts.RPU',0),('RCOND-79a9a347:15cfcae84de:fb4','RCOND-79a9a347:15cfcae84de:fb4','RUL-79a9a347:15cfcae84de:f6c','PTD','rptis.planttree.facts.PlantTreeDetail',0),('RCOND-a35dd35:14e51ec3311:-5d14','RCOND-a35dd35:14e51ec3311:-5d14','RUL-a35dd35:14e51ec3311:-5d4c','MRPU','rptis.misc.facts.MiscRPU',0),('RCOND-b880e40:166bdcfa0cb:-7c3d','RCOND-b880e40:166bdcfa0cb:-7c3d','RUL-b880e40:166bdcfa0cb:-7c8f','CORPCTC','ctc.facts.CorporateCTC',0),('RCOND1441128c:1471efa4c1c:-6c2f','RCOND1441128c:1471efa4c1c:-6c2f','RUL1441128c:1471efa4c1c:-6c93','BA','rptis.facts.RPUAssessment',0),('RCOND1441128c:1471efa4c1c:-6d84','RCOND1441128c:1471efa4c1c:-6d84','RUL1441128c:1471efa4c1c:-6eaa','BU','rptis.bldg.facts.BldgUse',0),('RCOND17bb3bc0:16826bf0d4e:-7800','RCOND17bb3bc0:16826bf0d4e:-7800','RUL17bb3bc0:16826bf0d4e:-7852','CCTC','ctc.facts.CorporateCTC',1),('RCOND1b4af871:14e3cc46e09:-2fc5','RCOND1b4af871:14e3cc46e09:-2fc5','RUL1b4af871:14e3cc46e09:-301e','MI','rptis.misc.facts.MiscItem',1),('RCOND1b4af871:14e3cc46e09:-2fe8','RCOND1b4af871:14e3cc46e09:-2fe8','RUL1b4af871:14e3cc46e09:-301e','MRPU','rptis.misc.facts.MiscRPU',0),('RCOND1b4af871:14e3cc46e09:-31fc','RCOND1b4af871:14e3cc46e09:-31fc','RUL1b4af871:14e3cc46e09:-3341','MI','rptis.misc.facts.MiscItem',1),('RCOND1b4af871:14e3cc46e09:-3242','RCOND1b4af871:14e3cc46e09:-3242','RUL1b4af871:14e3cc46e09:-3341','MRPU','rptis.misc.facts.MiscRPU',0),('RCOND1ff29cd0:1572617f8d8:-7d30','RCOND1ff29cd0:1572617f8d8:-7d30','RUL-a35dd35:14e51ec3311:-5d4c','MI','rptis.misc.facts.MiscItem',1),('RCOND293356d3:1485cf41677:-6e49','RCOND293356d3:1485cf41677:-6e49','RUL293356d3:1485cf41677:-6f4d','CTCC','CorporateCTC',1),('RCOND293356d3:1485cf41677:-71b9','RCOND293356d3:1485cf41677:-71b9','RUL293356d3:1485cf41677:-724a','CTCC','CorporateCTC',0),('RCOND293356d3:1485cf41677:-7480','RCOND293356d3:1485cf41677:-7480','RUL293356d3:1485cf41677:-75c2','CTCI','IndividualCTC',1),('RCOND293356d3:1485cf41677:-7e26','RCOND293356d3:1485cf41677:-7e26','RUL293356d3:1485cf41677:-7e53','CTCI','IndividualCTC',0),('RCOND3b800abe:14d2b978f55:-6196','RCOND3b800abe:14d2b978f55:-6196','RUL3b800abe:14d2b978f55:-61fb','BU','rptis.bldg.facts.BldgUse',0),('RCOND3b800abe:14d2b978f55:-6339','RCOND3b800abe:14d2b978f55:-6339','RUL3b800abe:14d2b978f55:-63a0','BF','rptis.bldg.facts.BldgFloor',0),('RCOND3b800abe:14d2b978f55:-7d69','RCOND3b800abe:14d2b978f55:-7d69','RUL3b800abe:14d2b978f55:-7e09','ADJ','rptis.bldg.facts.BldgAdjustment',0),('RCOND3fb43b91:14ccf782188:-5fd2','RCOND3fb43b91:14ccf782188:-5fd2','RUL3fb43b91:14ccf782188:-6008','PTD','rptis.planttree.facts.PlantTreeDetail',0),('RCOND40fb8c21:16b4f90f5b4:-7972','RCOND40fb8c21:16b4f90f5b4:-7972','RUL40fb8c21:16b4f90f5b4:-79bd','RA','rptis.facts.RPUAssessment',0),('RCOND48d0f0c4:169510e76b2:-52c2','RCOND48d0f0c4:169510e76b2:-52c2','RUL48d0f0c4:169510e76b2:-59e1','CCTC','ctc.facts.CorporateCTC',1),('RCOND49a3c540:14e51feb8f6:-76da','RCOND49a3c540:14e51feb8f6:-76da','RUL49a3c540:14e51feb8f6:-77d2','VAR2','rptis.misc.facts.MiscVariable',2),('RCOND49a3c540:14e51feb8f6:-774e','RCOND49a3c540:14e51feb8f6:-774e','RUL49a3c540:14e51feb8f6:-77d2','VAR1','rptis.facts.RPTVariable',1),('RCOND49a3c540:14e51feb8f6:-779a','RCOND49a3c540:14e51feb8f6:-779a','RUL49a3c540:14e51feb8f6:-77d2','MRPU','rptis.misc.facts.MiscRPU',0),('RCOND4e46261d:14f924c6b53:-7c57','RCOND4e46261d:14f924c6b53:-7c57','RUL4e46261d:14f924c6b53:-7d9b','BU','rptis.bldg.facts.BldgUse',1),('RCOND4e46261d:14f924c6b53:-7d37','RCOND4e46261d:14f924c6b53:-7d37','RUL4e46261d:14f924c6b53:-7d9b','RPU','rptis.bldg.facts.BldgRPU',0),('RCOND560f5a64:1735a1dbaf4:-7826','RCOND560f5a64:1735a1dbaf4:-7826','RUL560f5a64:1735a1dbaf4:-788a','RLI','rptis.landtax.facts.RPTLedgerItemFact',0),('RCOND587fd625:1529f9e286a:-7d68','RCOND587fd625:1529f9e286a:-7d68','RUL587fd625:1529f9e286a:-7dc7','BT','bpls.facts.BillItem',0),('RCOND59614e16:14c5e56ecc8:-7c8f','RCOND59614e16:14c5e56ecc8:-7c8f','RUL59614e16:14c5e56ecc8:-7cbf','MI','rptis.misc.facts.MiscItem',0),('RCOND59614e16:14c5e56ecc8:-7dcb','RCOND59614e16:14c5e56ecc8:-7dcb','RUL59614e16:14c5e56ecc8:-7dfb','MI','rptis.misc.facts.MiscItem',0),('RCOND5b4ac915:147baaa06b4:-6da4','RCOND5b4ac915:147baaa06b4:-6da4','RUL5b4ac915:147baaa06b4:-6f31','LA','rptis.land.facts.LandDetail',0),('RCOND5d2ef71:1472236f427:-7f0d','RCOND5d2ef71:1472236f427:-7f0d','RUL5d2ef71:1472236f427:-7f50','LOB','bpls.facts.LOB',0),('RCOND5f10a9aa:1698ea3f7ff:-6bb1','RCOND5f10a9aa:1698ea3f7ff:-6bb1','RUL5f10a9aa:1698ea3f7ff:-6cba','RA','rptis.facts.RPUAssessment',0),('RCOND6729cd8:166bdeb1f30:-6250','RCOND6729cd8:166bdeb1f30:-6250','RUL6729cd8:166bdeb1f30:-62a4','ICTC','ctc.facts.IndividualCTC',0),('RCOND6729cd8:166bdeb1f30:-6ad4','RCOND6729cd8:166bdeb1f30:-6ad4','RUL6729cd8:166bdeb1f30:-73c5','ICTC','ctc.facts.IndividualCTC',0),('RCOND6729cd8:166bdeb1f30:-7dba','RCOND6729cd8:166bdeb1f30:-7dba','RUL6729cd8:166bdeb1f30:-7ef6','ICTC','ctc.facts.IndividualCTC',1),('RCOND695e885:17fbe712f37:-7b87','RCOND695e885:17fbe712f37:-7b87','RUL695e885:17fbe712f37:-7bed','LOB','bpls.facts.LOB',0),('RCOND6d174068:14e3de9c20b:-7f93','RCOND6d174068:14e3de9c20b:-7f93','RUL6d174068:14e3de9c20b:-7fcb','MRPU','rptis.misc.facts.MiscRPU',0),('RCOND6ea11f4c:14ae127feb2:-7d21','RCOND6ea11f4c:14ae127feb2:-7d21','RUL6ea11f4c:14ae127feb2:-7e40','BT','bpls.facts.TaxFeeAccount',1),('RCOND7ad785a4:1485e323be9:-7f91','RCOND7ad785a4:1485e323be9:-7f91','RUL7ad785a4:1485e323be9:-7fd0','CTCC','CorporateCTC',0),('RCOND7ff4a1a7:164fdd7d64a:-7ba1','RCOND7ff4a1a7:164fdd7d64a:-7ba1','RUL7ff4a1a7:164fdd7d64a:-7f02','ICTC','ctc.facts.IndividualCTC',0),('RCONDec9d7ab:166235c2e16:-24fc','RCONDec9d7ab:166235c2e16:-24fc','RULec9d7ab:166235c2e16:-255e','RLTS','rptis.landtax.facts.RPTLedgerTaxSummaryFact',0),('RCONDec9d7ab:166235c2e16:-2ec7','RCONDec9d7ab:166235c2e16:-2ec7','RULec9d7ab:166235c2e16:-2f1f','BILL','rptis.landtax.facts.Bill',0),('RCONDec9d7ab:166235c2e16:-3905','RCONDec9d7ab:166235c2e16:-3905','RULec9d7ab:166235c2e16:-3c17','BILL','rptis.landtax.facts.Bill',2),('RCONDec9d7ab:166235c2e16:-3b0b','RCONDec9d7ab:166235c2e16:-3b0b','RULec9d7ab:166235c2e16:-3c17','RLI','rptis.landtax.facts.RPTLedgerItemFact',1),('RCONDec9d7ab:166235c2e16:-5e7c','RCONDec9d7ab:166235c2e16:-5e7c','RULec9d7ab:166235c2e16:-5fcb','RLI','rptis.landtax.facts.RPTLedgerItemFact',1),('RCONST-103fed47:146ffb40356:-7c7c','RCOND-103fed47:146ffb40356:-7d40','RUL3e2b89cb:146ff734573:-7dcc','YRCOMPLETED','integer',1),('RCONST-103fed47:146ffb40356:-7ce5','RCOND-103fed47:146ffb40356:-7d40','RUL3e2b89cb:146ff734573:-7dcc','YRAPPRAISED','integer',0),('RCONST-1a2d6e9b:1692d429304:-7746','RCOND-1a2d6e9b:1692d429304:-7748','RUL-1a2d6e9b:1692d429304:-7779','AV','decimal',1),('RCONST-1a2d6e9b:1692d429304:-7747','RCOND-1a2d6e9b:1692d429304:-7748','RUL-1a2d6e9b:1692d429304:-7779','YR','integer',0),('RCONST-2486b0ca:146fff66c3e:-2b45','RCOND-2486b0ca:146fff66c3e:-2bf1','RUL-2486b0ca:146fff66c3e:-2c4a','ADJ','decimal',2),('RCONST-2486b0ca:146fff66c3e:-2b8c','RCOND-2486b0ca:146fff66c3e:-2bf1','RUL-2486b0ca:146fff66c3e:-2c4a','DEP','decimal',1),('RCONST-2486b0ca:146fff66c3e:-2bc5','RCOND-2486b0ca:146fff66c3e:-2bf1','RUL-2486b0ca:146fff66c3e:-2c4a','BMV','decimal',0),('RCONST-2486b0ca:146fff66c3e:-382b','RCOND-2486b0ca:146fff66c3e:-3888','RUL-2486b0ca:146fff66c3e:-38e4','ADJ','decimal',1),('RCONST-2486b0ca:146fff66c3e:-3860','RCOND-2486b0ca:146fff66c3e:-3888','RUL-2486b0ca:146fff66c3e:-38e4','BMV','decimal',0),('RCONST-2486b0ca:146fff66c3e:-3f19','RCOND-2486b0ca:146fff66c3e:-3f91','RUL-2486b0ca:146fff66c3e:-4192','DPRATE','decimal',0),('RCONST-2486b0ca:146fff66c3e:-6a5a','RCOND-2486b0ca:146fff66c3e:-6aad','RUL-2486b0ca:146fff66c3e:-6b05','UV','decimal',1),('RCONST-2486b0ca:146fff66c3e:-6a8b','RCOND-2486b0ca:146fff66c3e:-6aad','RUL-2486b0ca:146fff66c3e:-6b05','AREA','decimal',0),('RCONST-24ff7cfb:1675d220a6c:-56ab','RC70978a15:166ae6875d1:-7f22','RUL7e02b404:166ae687f42:-5511','NMON','integer',4),('RCONST-2557163b:148cf974042:-7ebb','RCOND-2557163b:148cf974042:-7ec2','RUL6c54cc00:1486224bc82:-3cc1','ASSET_SIZE','decimal',1),('RCONST-28dc975:156bcab666c:-5ed8','RCOND-28dc975:156bcab666c:-5f3d','RUL-3e8edbea:156bc08656a:-5f05','AV','decimal',1),('RCONST-2a65218f:180558e7346:-7670','RC-287581a5:180558e600d:-7d61','RUL-2a65218f:180558e7346:-77a0','CQTR','integer',1),('RCONST-2aee7484:1490c53e5d1:-5ff3','RCOND-2aee7484:1490c53e5d1:-5ffa','RUL6c54cc00:1486224bc82:-3cc1','NUM_EMPLOYEE','integer',1),('RCONST-2ede6703:16642adb9ce:-79c8','RCOND-2ede6703:16642adb9ce:-7a39','RUL-2ede6703:16642adb9ce:-7ba0','BILLDATE','date',1),('RCONST-2ef3c345:147ed584975:-7e3d','RCOND-60c99d04:1470b276e7f:-7e2a','RUL-60c99d04:1470b276e7f:-7ecc','TOTALAREA','decimal',1),('RCONST-36ba5ccb:1430894b791:-5c05','RCOND-36ba5ccb:1430894b791:-5ff4','RUL-36ba5ccb:1430894b791:-6677','BEGINQTRDATE','date',1),('RCONST-36ba5ccb:1430894b791:-5f54','RCOND-36ba5ccb:1430894b791:-5f71','RUL-36ba5ccb:1430894b791:-6677','BILLDATE','date',0),('RCONST-36ba5ccb:1430894b791:-5fd5','RCOND-36ba5ccb:1430894b791:-5ff4','RUL-36ba5ccb:1430894b791:-6677','QTR','integer',0),('RCONST-38de162c:1460374650a:-777c','RCOND-38de162c:1460374650a:-783b','RUL-38de162c:1460374650a:-7907','AMTDUE','decimal',1),('RCONST-3dc4dd90:14451e4a9d5:-6d6a','RCOND-3dc4dd90:14451e4a9d5:-6e9e','RUL-36ba5ccb:1430894b791:-6677','SURCHRG','decimal',4),('RCONST-3dc4dd90:14451e4a9d5:-6dba','RCOND-3dc4dd90:14451e4a9d5:-6e9e','RUL-36ba5ccb:1430894b791:-6677','AMTDUE','decimal',3),('RCONST-46fca07e:14c545f3e6a:-332b','RCOND-46fca07e:14c545f3e6a:-3353','RUL-46fca07e:14c545f3e6a:-33b4','BMV','decimal',0),('RCONST-46fca07e:14c545f3e6a:-3481','RCOND-46fca07e:14c545f3e6a:-34b0','RUL-46fca07e:14c545f3e6a:-350f','BMV','decimal',0),('RCONST-46fca07e:14c545f3e6a:-7678','RCOND-46fca07e:14c545f3e6a:-7707','RUL-46fca07e:14c545f3e6a:-7740','ADJ','decimal',1),('RCONST-46fca07e:14c545f3e6a:-76c6','RCOND-46fca07e:14c545f3e6a:-7707','RUL-46fca07e:14c545f3e6a:-7740','BMV','decimal',0),('RCONST-46fca07e:14c545f3e6a:-77f2','RCOND-46fca07e:14c545f3e6a:-786f','RUL-46fca07e:14c545f3e6a:-7a8b','UV','decimal',1),('RCONST-46fca07e:14c545f3e6a:-783a','RCOND-46fca07e:14c545f3e6a:-786f','RUL-46fca07e:14c545f3e6a:-7a8b','AREA','decimal',0),('RCONST-476b5bbe:1641bbe1a54:-7cd4','RCOND-476b5bbe:1641bbe1a54:-7e8c','RUL-476b5bbe:1641bbe1a54:-7ebc','PI','decimal',2),('RCONST-476b5bbe:1641bbe1a54:-7d87','RCOND-476b5bbe:1641bbe1a54:-7e8c','RUL-476b5bbe:1641bbe1a54:-7ebc','BGROSS','decimal',1),('RCONST-476b5bbe:1641bbe1a54:-7e1d','RCOND-476b5bbe:1641bbe1a54:-7e8c','RUL-476b5bbe:1641bbe1a54:-7ebc','SALARY','decimal',0),('RCONST-4dd00f9d:1698f34b282:-7da8','RCOND-4dd00f9d:1698f34b282:-7ddb','RUL-4dd00f9d:1698f34b282:-7e5f','AV','decimal',1),('RCONST-4fd26d3d:142fa7a65f9:-6ff5','RCOND-4fd26d3d:142fa7a65f9:-7124','RUL-4fd26d3d:142fa7a65f9:-7200','AMT','decimal',2),('RCONST-5e76cf73:14d69e9c549:-6f25','RCOND-5e76cf73:14d69e9c549:-701c','RUL-5e76cf73:14d69e9c549:-7084','AUADJ','decimal',2),('RCONST-5e76cf73:14d69e9c549:-6f83','RCOND-5e76cf73:14d69e9c549:-701c','RUL-5e76cf73:14d69e9c549:-7084','LVADJ','decimal',1),('RCONST-5e76cf73:14d69e9c549:-6fd3','RCOND-5e76cf73:14d69e9c549:-701c','RUL-5e76cf73:14d69e9c549:-7084','ADJ','decimal',0),('RCONST-5e76cf73:14d69e9c549:-7e44','RCOND-5e76cf73:14d69e9c549:-7e5d','RUL-5e76cf73:14d69e9c549:-7fd4','ADJAMOUNT','decimal',0),('RCONST-60c99d04:1470b276e7f:-7d64','RCOND-60c99d04:1470b276e7f:-7dd3','RUL-60c99d04:1470b276e7f:-7ecc','BASEVALUE','decimal',1),('RCONST-762e9176:15d067a9c42:-59dc','RCOND-762e9176:15d067a9c42:-5a4b','RUL-762e9176:15d067a9c42:-5aa0','TOTALAV','decimal',1),('RCONST-79a9a347:15cfcae84de:-5a45','RCOND-79a9a347:15cfcae84de:-5af4','RUL-79a9a347:15cfcae84de:-6f2a','AV','decimal',2),('RCONST-79a9a347:15cfcae84de:-5ccd','RCOND-79a9a347:15cfcae84de:-6ebc','RUL-79a9a347:15cfcae84de:-6f2a','RPUID','string',0),('RCONST-79a9a347:15cfcae84de:1012','RCOND-79a9a347:15cfcae84de:fb4','RUL-79a9a347:15cfcae84de:f6c','MV','decimal',0),('RCONST-79a9a347:15cfcae84de:1089','RCOND-79a9a347:15cfcae84de:fb4','RUL-79a9a347:15cfcae84de:f6c','AL','decimal',1),('RCONST-7ceb2c8b:167a1b28437:-7987','RCOND6729cd8:166bdeb1f30:-7eb8','RUL6729cd8:166bdeb1f30:-7ef6','CYEAR','integer',2),('RCONST-7ceb2c8b:167a1b28437:-7c8e','RCOND6729cd8:166bdeb1f30:-7eb8','RUL6729cd8:166bdeb1f30:-7ef6','CDATE','date',1),('RCONST-a35dd35:14e51ec3311:-5cc7','RCOND-a35dd35:14e51ec3311:-5d14','RUL-a35dd35:14e51ec3311:-5d4c','SWORNAMT','decimal',1),('RCONST-b880e40:166bdcfa0cb:-76dc','RCOND-b880e40:166bdcfa0cb:-7749','RUL-b880e40:166bdcfa0cb:-77af','TOTALTAX','decimal',0),('RCONST-b880e40:166bdcfa0cb:-7b6d','RCOND-b880e40:166bdcfa0cb:-7c3d','RUL-b880e40:166bdcfa0cb:-7c8f','RPAV','decimal',1),('RCONST-b880e40:166bdcfa0cb:-7bdf','RCOND-b880e40:166bdcfa0cb:-7c3d','RUL-b880e40:166bdcfa0cb:-7c8f','BGROSS','decimal',0),('RCONST102ab3e1:147190e9fe4:-26f3','RCOND-2486b0ca:146fff66c3e:-3ed1','RUL-2486b0ca:146fff66c3e:-4192','ADJUSTMENT','decimal',1),('RCONST102ab3e1:147190e9fe4:-272e','RCOND-2486b0ca:146fff66c3e:-3ed1','RUL-2486b0ca:146fff66c3e:-4192','BMV','decimal',0),('RCONST1441128c:1471efa4c1c:-6d47','RCOND1441128c:1471efa4c1c:-6d84','RUL1441128c:1471efa4c1c:-6eaa','ACTUALUSE','string',0),('RCONST1b4af871:14e3cc46e09:-2f4b','RCOND1b4af871:14e3cc46e09:-2fc5','RUL1b4af871:14e3cc46e09:-301e','MV','decimal',0),('RCONST1b4af871:14e3cc46e09:-31dc','RCOND1b4af871:14e3cc46e09:-31fc','RUL1b4af871:14e3cc46e09:-3341','BMV','decimal',0),('RCONST1dc7a3de:142b70df9f8:-7f0e','RCOND1dc7a3de:142b70df9f8:-7f13','RUL1dc7a3de:142b70df9f8:-7fb7','NUM_EMPLOYEE_FEMALE','integer',0),('RCONST1dc7a3de:142b70df9f8:-7f59','RCOND1dc7a3de:142b70df9f8:-7f5e','RUL1dc7a3de:142b70df9f8:-7fb7','NUM_EMPLOYEE_MALE','integer',0),('RCONST1e2e986a:14840aab152:-7dbc','RCOND1e2e986a:14840aab152:-7f87','RUL1e2e986a:14840aab152:-7fc6','QTR','integer',1),('RCONST1e2e986a:14840aab152:-7f68','RCOND1e2e986a:14840aab152:-7f87','RUL1e2e986a:14840aab152:-7fc6','DUEDATE','date',0),('RCONST1ff29cd0:1572617f8d8:-7d08','RCOND1ff29cd0:1572617f8d8:-7d30','RUL-a35dd35:14e51ec3311:-5d4c','DPRATE','decimal',0),('RCONST293356d3:1485cf41677:-6e01','RCOND293356d3:1485cf41677:-6e49','RUL293356d3:1485cf41677:-6f4d','TOTALTAX','decimal',0),('RCONST293356d3:1485cf41677:-6f08','RCOND293356d3:1485cf41677:-6f24','RUL293356d3:1485cf41677:-6f4d','CMONTH','integer',0),('RCONST293356d3:1485cf41677:-7122','RCOND293356d3:1485cf41677:-71b9','RUL293356d3:1485cf41677:-724a','RPAV','decimal',1),('RCONST293356d3:1485cf41677:-717f','RCOND293356d3:1485cf41677:-71b9','RUL293356d3:1485cf41677:-724a','BGROSS','decimal',0),('RCONST293356d3:1485cf41677:-741a','RCOND293356d3:1485cf41677:-7480','RUL293356d3:1485cf41677:-75c2','TOTALTAX','decimal',0),('RCONST293356d3:1485cf41677:-74aa','RCOND293356d3:1485cf41677:-74c6','RUL293356d3:1485cf41677:-75c2','CMONTH','integer',0),('RCONST293356d3:1485cf41677:-7cbc','RCOND293356d3:1485cf41677:-7e26','RUL293356d3:1485cf41677:-7e53','PI','decimal',2),('RCONST293356d3:1485cf41677:-7d2a','RCOND293356d3:1485cf41677:-7e26','RUL293356d3:1485cf41677:-7e53','BGROSS','decimal',1),('RCONST293356d3:1485cf41677:-7dc8','RCOND293356d3:1485cf41677:-7e26','RUL293356d3:1485cf41677:-7e53','SALARY','decimal',0),('RCONST3b800abe:14d2b978f55:-6160','RCOND3b800abe:14d2b978f55:-6196','RUL3b800abe:14d2b978f55:-61fb','MV','decimal',0),('RCONST3b800abe:14d2b978f55:-630b','RCOND3b800abe:14d2b978f55:-6339','RUL3b800abe:14d2b978f55:-63a0','MV','decimal',0),('RCONST3b800abe:14d2b978f55:-7cdb','RCOND3b800abe:14d2b978f55:-7d69','RUL3b800abe:14d2b978f55:-7e09','ADJAMOUNT','decimal',1),('RCONST3fb43b91:14ccf782188:-5f2b','RCOND3fb43b91:14ccf782188:-5fd2','RUL3fb43b91:14ccf782188:-6008','ADJRATE','decimal',1),('RCONST3fb43b91:14ccf782188:-5f95','RCOND3fb43b91:14ccf782188:-5fd2','RUL3fb43b91:14ccf782188:-6008','BMV','decimal',0),('RCONST40c0977:151a9b0cb60:-7d29','RCOND-60c99d04:1470b276e7f:-7dd3','RUL-60c99d04:1470b276e7f:-7ecc','BUAREA','decimal',2),('RCONST40fb8c21:16b4f90f5b4:-793f','RCOND40fb8c21:16b4f90f5b4:-7972','RUL40fb8c21:16b4f90f5b4:-79bd','AV','decimal',1),('RCONST48d0f0c4:169510e76b2:-5248','RCOND48d0f0c4:169510e76b2:-52c2','RUL48d0f0c4:169510e76b2:-59e1','TOTALTAX','decimal',0),('RCONST49a3c540:14e51feb8f6:-67ae','RCOND1b4af871:14e3cc46e09:-2fe8','RUL1b4af871:14e3cc46e09:-301e','REFID','string',0),('RCONST49a3c540:14e51feb8f6:-6bc7','RCOND1b4af871:14e3cc46e09:-3242','RUL1b4af871:14e3cc46e09:-3341','REFID','string',0),('RCONST49a3c540:14e51feb8f6:-769e','RCOND49a3c540:14e51feb8f6:-76da','RUL49a3c540:14e51feb8f6:-77d2','TOTALMV','decimal',1),('RCONST49a3c540:14e51feb8f6:-7712','RCOND49a3c540:14e51feb8f6:-774e','RUL49a3c540:14e51feb8f6:-77d2','TOTALBMV','decimal',1),('RCONST4e46261d:14f924c6b53:-7bc5','RCOND4e46261d:14f924c6b53:-7c57','RUL4e46261d:14f924c6b53:-7d9b','ADJUSTMENT','decimal',1),('RCONST4e46261d:14f924c6b53:-7c0e','RCOND4e46261d:14f924c6b53:-7c57','RUL4e46261d:14f924c6b53:-7d9b','SWORNAMT','decimal',0),('RCONST4e46261d:14f924c6b53:-7cc1','RCOND4e46261d:14f924c6b53:-7d37','RUL4e46261d:14f924c6b53:-7d9b','DPRATE','decimal',0),('RCONST5469beb4:17e7a5839f9:-541e','RCOND1e2e986a:14840aab152:-7efe','RUL1e2e986a:14840aab152:-7fc6','BILLDATE','date',0),('RCONST587fd625:1529f9e286a:-7c24','RCOND587fd625:1529f9e286a:-7c3e','RUL587fd625:1529f9e286a:-7dc7','NMON','integer',0),('RCONST587fd625:1529f9e286a:-7ca9','RCOND587fd625:1529f9e286a:-7d68','RUL587fd625:1529f9e286a:-7dc7','AMT','decimal',2),('RCONST59614e16:14c5e56ecc8:-7c46','RCOND59614e16:14c5e56ecc8:-7c8f','RUL59614e16:14c5e56ecc8:-7cbf','DEP','decimal',1),('RCONST59614e16:14c5e56ecc8:-7c6f','RCOND59614e16:14c5e56ecc8:-7c8f','RUL59614e16:14c5e56ecc8:-7cbf','BMV','decimal',0),('RCONST59614e16:14c5e56ecc8:-7d8b','RCOND59614e16:14c5e56ecc8:-7dcb','RUL59614e16:14c5e56ecc8:-7dfb','DEPRATE','decimal',1),('RCONST59614e16:14c5e56ecc8:-7db3','RCOND59614e16:14c5e56ecc8:-7dcb','RUL59614e16:14c5e56ecc8:-7dfb','BMV','decimal',0),('RCONST5b4ac915:147baaa06b4:-6d59','RCOND5b4ac915:147baaa06b4:-6da4','RUL5b4ac915:147baaa06b4:-6f31','CLASS','rptis.facts.Classification',0),('RCONST5f10a9aa:1698ea3f7ff:-6b61','RCOND5f10a9aa:1698ea3f7ff:-6bb1','RUL5f10a9aa:1698ea3f7ff:-6cba','AV','decimal',1),('RCONST5ffbdc02:166e7b2c367:-641c','RC70978a15:166ae6875d1:-7f22','RUL7e02b404:166ae687f42:-5511','TAX','decimal',4),('RCONST6729cd8:166bdeb1f30:-5dbe','RCOND6729cd8:166bdeb1f30:-5e3b','RUL6729cd8:166bdeb1f30:-5edf','INTEREST','decimal',0),('RCONST6729cd8:166bdeb1f30:-60dc','RCOND6729cd8:166bdeb1f30:-6250','RUL6729cd8:166bdeb1f30:-62a4','INTEREST','decimal',0),('RCONST6729cd8:166bdeb1f30:-7c22','RCOND6729cd8:166bdeb1f30:-7dba','RUL6729cd8:166bdeb1f30:-7ef6','TOTALTAX','decimal',0),('RCONST6729cd8:166bdeb1f30:-7e85','RCOND6729cd8:166bdeb1f30:-7eb8','RUL6729cd8:166bdeb1f30:-7ef6','CMONTH','integer',0),('RCONST695e885:17fbe712f37:-7ae0','RCOND695e885:17fbe712f37:-7ae8','RUL695e885:17fbe712f37:-7bed','BUSINESS_CHARACTERISTIC','string',1),('RCONST6d174068:14e3de9c20b:-7f46','RCOND6d174068:14e3de9c20b:-7f93','RUL6d174068:14e3de9c20b:-7fcb','AL','decimal',1),('RCONST6d174068:14e3de9c20b:-7f73','RCOND6d174068:14e3de9c20b:-7f93','RUL6d174068:14e3de9c20b:-7fcb','MV','decimal',0),('RCONST6ea11f4c:14ae127feb2:-7de6','RCOND6ea11f4c:14ae127feb2:-7ded','RUL6ea11f4c:14ae127feb2:-7e40','HAS_TAX_INCENTIVE','boolean',1),('RCONST77d680ba:14885b8719f:-7b26','RCOND77d680ba:14885b8719f:-7be5','RUL77d680ba:14885b8719f:-7c30','APPYEAR','integer',1),('RCONST7e02b404:166ae687f42:-54ad','RC70978a15:166ae6875d1:-7f24','RUL7e02b404:166ae687f42:-5511','CQTR','integer',1),('RCONST7ff4a1a7:164fdd7d64a:-750e','RCOND7ff4a1a7:164fdd7d64a:-7ba1','RUL7ff4a1a7:164fdd7d64a:-7f02','TOTALTAX','decimal',0),('RCONSTec9d7ab:166235c2e16:-2ea1','RCONDec9d7ab:166235c2e16:-2ec7','RULec9d7ab:166235c2e16:-2f1f','CDATE','date',0),('RCONSTec9d7ab:166235c2e16:-3b8e','RCONDec9d7ab:166235c2e16:-3baa','RULec9d7ab:166235c2e16:-3c17','CY','integer',0),('RCONSTec9d7ab:166235c2e16:-5f63','RCONDec9d7ab:166235c2e16:-5f7f','RULec9d7ab:166235c2e16:-5fcb','CY','integer',0);
/*!40000 ALTER TABLE `sys_rule_condition_var` ENABLE KEYS */;
UNLOCK TABLES;

--
-- Table structure for table `sys_rule_deployed`
--

DROP TABLE IF EXISTS `sys_rule_deployed`;
/*!40101 SET @saved_cs_client     = @@character_set_client */;
/*!40101 SET character_set_client = utf8 */;
CREATE TABLE `sys_rule_deployed` (
  `objid` varchar(50) NOT NULL,
  `ruletext` longtext,
  PRIMARY KEY (`objid`),
  CONSTRAINT `sys_rule_deployed_ibfk_1` FOREIGN KEY (`objid`) REFERENCES `sys_rule` (`objid`)
) ENGINE=InnoDB DEFAULT CHARSET=utf8;
/*!40101 SET character_set_client = @saved_cs_client */;

--
-- Dumping data for table `sys_rule_deployed`
--

LOCK TABLES `sys_rule_deployed` WRITE;
/*!40000 ALTER TABLE `sys_rule_deployed` DISABLE KEYS */;
INSERT INTO `sys_rule_deployed` VALUES ('RUL-1a2d6e9b:1692d429304:-7779','\npackage rptledger.BASIC_AND_SEF;\nimport rptledger.*;\nimport java.util.*;\nimport com.rameses.rules.common.*;\n\nglobal RuleAction action;\n\nrule \"BASIC_AND_SEF\"\n	agenda-group \"LEDGER_ITEM\"\n	salience 50000\n	no-loop\n	when\n		\n		\n		AVINFO: rptis.landtax.facts.AssessedValue (  YR:year,AV:av ) \n		\n	then\n		Map bindings = new HashMap();\n		\n		bindings.put(\"AVINFO\", AVINFO );\n		\n		bindings.put(\"YR\", YR );\n		\n		bindings.put(\"AV\", AV );\n		\n	Map _p0 = new HashMap();\r\n_p0.put( \"avfact\", AVINFO );\r\n_p0.put( \"year\", YR );\r\n_p0.put( \"av\", (new ActionExpression(\"AV\", bindings)) );\r\naction.execute( \"add-sef\",_p0,drools);\r\nMap _p1 = new HashMap();\r\n_p1.put( \"avfact\", AVINFO );\r\n_p1.put( \"year\", YR );\r\n_p1.put( \"av\", (new ActionExpression(\"AV\", bindings)) );\r\naction.execute( \"add-basic\",_p1,drools);\r\n\nend\n\n\n	'),('RUL-2486b0ca:146fff66c3e:-2c4a','\npackage bldgassessment.CALC_ACTUAL_USE_MV;\nimport bldgassessment.*;\nimport java.util.*;\nimport com.rameses.rules.common.*;\n\nglobal RuleAction action;\n\nrule \"CALC_ACTUAL_USE_MV\"\n	agenda-group \"MARKETVALUE\"\n	salience 50000\n	no-loop\n	when\n		\n		\n		BU: rptis.bldg.facts.BldgUse (  BMV:basemarketvalue,DEP:depreciationvalue,ADJ:adjustment ) \n		\n	then\n		Map bindings = new HashMap();\n		\n		bindings.put(\"BU\", BU );\n		\n		bindings.put(\"BMV\", BMV );\n		\n		bindings.put(\"DEP\", DEP );\n		\n		bindings.put(\"ADJ\", ADJ );\n		\n	Map _p0 = new HashMap();\r\n_p0.put( \"bldguse\", BU );\r\n_p0.put( \"expr\", (new ActionExpression(\"@ROUNDTOTEN( BMV + ADJ - DEP  )\", bindings)) );\r\naction.execute( \"calc-bldguse-mv\",_p0,drools);\r\n\nend\n\n\n	'),('RUL-2486b0ca:146fff66c3e:-38e4','\npackage bldgassessment.CALC_FLOOR_MARKET_VALUE;\nimport bldgassessment.*;\nimport java.util.*;\nimport com.rameses.rules.common.*;\n\nglobal RuleAction action;\n\nrule \"CALC_FLOOR_MARKET_VALUE\"\n	agenda-group \"BEFORE-MARKETVALUE\"\n	salience 50000\n	no-loop\n	when\n		\n		\n		BF: rptis.bldg.facts.BldgFloor (  BMV:basemarketvalue,ADJ:adjustment ) \n		\n	then\n		Map bindings = new HashMap();\n		\n		bindings.put(\"BF\", BF );\n		\n		bindings.put(\"BMV\", BMV );\n		\n		bindings.put(\"ADJ\", ADJ );\n		\n	Map _p0 = new HashMap();\r\n_p0.put( \"bldgfloor\", BF );\r\n_p0.put( \"expr\", (new ActionExpression(\"@ROUNDTOTEN( BMV + ADJ )\", bindings)) );\r\naction.execute( \"calc-floor-mv\",_p0,drools);\r\n\nend\n\n\n	'),('RUL-2486b0ca:146fff66c3e:-4192','\npackage bldgassessment.CALC_DEPRECIATION;\nimport bldgassessment.*;\nimport java.util.*;\nimport com.rameses.rules.common.*;\n\nglobal RuleAction action;\n\nrule \"CALC_DEPRECIATION\"\n	agenda-group \"DEPRECIATION\"\n	salience 50000\n	no-loop\n	when\n		\n		\n		RPU: rptis.bldg.facts.BldgRPU (  DPRATE:depreciation ) \n		\n		BU: rptis.bldg.facts.BldgUse (  BMV:basemarketvalue,ADJUSTMENT:adjustment,useswornamount == false  ) \n		\n	then\n		Map bindings = new HashMap();\n		\n		bindings.put(\"RPU\", RPU );\n		\n		bindings.put(\"DPRATE\", DPRATE );\n		\n		bindings.put(\"BMV\", BMV );\n		\n		bindings.put(\"BU\", BU );\n		\n		bindings.put(\"ADJUSTMENT\", ADJUSTMENT );\n		\n	Map _p0 = new HashMap();\r\n_p0.put( \"bldguse\", BU );\r\n_p0.put( \"expr\", (new ActionExpression(\"@ROUND( (BMV + ADJUSTMENT ) * DPRATE   / 100.0  , 2)\", bindings)) );\r\naction.execute( \"calc-bldguse-depreciation\",_p0,drools);\r\n\nend\n\n\n	'),('RUL-2486b0ca:146fff66c3e:-4697','\npackage bldgassessment.CALC_DEPRECATION_RATE_FROM_SKED;\nimport bldgassessment.*;\nimport java.util.*;\nimport com.rameses.rules.common.*;\n\nglobal RuleAction action;\n\nrule \"CALC_DEPRECATION_RATE_FROM_SKED\"\n	agenda-group \"BEFORE-DEPRECIATON\"\n	salience 50000\n	no-loop\n	when\n		\n		\n		BS: rptis.bldg.facts.BldgStructure (   ) \n		\n	then\n		Map bindings = new HashMap();\n		\n		bindings.put(\"BS\", BS );\n		\n	Map _p0 = new HashMap();\r\n_p0.put( \"bldgstructure\", BS );\r\naction.execute( \"calc-depreciation-sked\",_p0,drools);\r\n\nend\n\n\n	'),('RUL-2486b0ca:146fff66c3e:-6b05','\npackage bldgassessment.CALC_FLOOR_BMV;\nimport bldgassessment.*;\nimport java.util.*;\nimport com.rameses.rules.common.*;\n\nglobal RuleAction action;\n\nrule \"CALC_FLOOR_BMV\"\n	agenda-group \"FLOOR\"\n	salience 50000\n	no-loop\n	when\n		\n		\n		BF: rptis.bldg.facts.BldgFloor (  AREA:area,UV:unitvalue ) \n		\n	then\n		Map bindings = new HashMap();\n		\n		bindings.put(\"BF\", BF );\n		\n		bindings.put(\"AREA\", AREA );\n		\n		bindings.put(\"UV\", UV );\n		\n	Map _p0 = new HashMap();\r\n_p0.put( \"bldgfloor\", BF );\r\n_p0.put( \"expr\", (new ActionExpression(\"AREA * UV\", bindings)) );\r\naction.execute( \"calc-floor-bmv\",_p0,drools);\r\n\nend\n\n\n	'),('RUL-2a2ffad2:14adc30d509:-6890','\npackage bpassessment.SELECT_HIGHEST_SF;\nimport bpassessment.*;\nimport java.util.*;\nimport com.rameses.rules.common.*;\n\nglobal RuleAction action;\n\nrule \"SELECT_HIGHEST_SF\"\n	agenda-group \"summary\"\n	salience 50000\n	no-loop\n	when\n		\n		\n		RF: bpls.facts.TaxFeeAccount (  type == \"REGFEE\",acctid matches \"REVITEM1452647f:148cc4d8792:-78ee\" ) \n		\n	then\n		Map bindings = new HashMap();\n		\n		bindings.put(\"RF\", RF );\n		\n	Map _p0 = new HashMap();\r\n_p0.put( \"taxfeeaccount\", RF );\r\n_p0.put( \"selectoption\", \"MAX\" );\r\naction.execute( \"select_taxfee\",_p0,drools);\r\n\nend\n\n\n	'),('RUL-2a65218f:180558e7346:-77a0','\npackage rptbilling.DISCOUNT_CURRENT;\nimport rptbilling.*;\nimport java.util.*;\nimport com.rameses.rules.common.*;\n\nglobal RuleAction action;\n\nrule \"DISCOUNT_CURRENT\"\n	agenda-group \"DISCOUNT\"\n	salience 50000\n	no-loop\n	when\n		\n		\n		 CurrentDate (  CY:year,CQTR:qtr ) \n		\n		RLI: rptis.landtax.facts.RPTLedgerItemFact (  year == CY,qtr >= CQTR,TAX:amtdue ) \n		\n	then\n		Map bindings = new HashMap();\n		\n		bindings.put(\"RLI\", RLI );\n		\n		bindings.put(\"CY\", CY );\n		\n		bindings.put(\"CQTR\", CQTR );\n		\n		bindings.put(\"TAX\", TAX );\n		\n	Map _p0 = new HashMap();\r\n_p0.put( \"rptledgeritem\", RLI );\r\n_p0.put( \"expr\", (new ActionExpression(\"@ROUND(TAX * 0.20)\", bindings)) );\r\naction.execute( \"calc-discount\",_p0,drools);\r\n\nend\n\n\n	'),('RUL-2ede6703:16642adb9ce:-7ba0','\npackage rptbilling.EXPIRY_ADVANCE_BILLING;\nimport rptbilling.*;\nimport java.util.*;\nimport com.rameses.rules.common.*;\n\nglobal RuleAction action;\n\nrule \"EXPIRY_ADVANCE_BILLING\"\n	agenda-group \"BEFORE_SUMMARY\"\n	salience 5000\n	no-loop\n	when\n		\n		\n		BILL: rptis.landtax.facts.Bill (  advancebill == true ,BILLDATE:billdate ) \n		\n	then\n		Map bindings = new HashMap();\n		\n		bindings.put(\"BILL\", BILL );\n		\n		bindings.put(\"BILLDATE\", BILLDATE );\n		\n	Map _p0 = new HashMap();\r\n_p0.put( \"bill\", BILL );\r\n_p0.put( \"expr\", (new ActionExpression(\"@MONTHEND( BILLDATE )\", bindings)) );\r\naction.execute( \"set-bill-expiry\",_p0,drools);\r\n\nend\n\n\n	'),('RUL-31fc82f2:15cf6ecbe4d:-6b3d','\npackage landassessment.COMPUTE_AV_NOT_ROUND;\nimport landassessment.*;\nimport java.util.*;\nimport com.rameses.rules.common.*;\n\nglobal RuleAction action;\n\nrule \"COMPUTE_AV_NOT_ROUND\"\n	agenda-group \"ASSESSEDVALUE\"\n	salience 50000\n	no-loop\n	when\n		\n		\n		LA: rptis.land.facts.LandDetail (  MV:marketvalue,AL:assesslevel,taxable == true  ) \n		\n	then\n		Map bindings = new HashMap();\n		\n		bindings.put(\"LA\", LA );\n		\n		bindings.put(\"MV\", MV );\n		\n		bindings.put(\"AL\", AL );\n		\n	Map _p0 = new HashMap();\r\n_p0.put( \"landdetail\", LA );\r\n_p0.put( \"expr\", (new ActionExpression(\"@ROUNDTOTEN( MV * AL / 100.0 )\", bindings)) );\r\naction.execute( \"calc-av\",_p0,drools);\r\n\nend\n\n\n	'),('RUL-36ba5ccb:1430894b791:-6677','\npackage bpbilling.CALCULATE_INTEREST;\nimport bpbilling.*;\nimport java.util.*;\nimport com.rameses.rules.common.*;\n\nglobal RuleAction action;\n\nrule \"CALCULATE_INTEREST\"\n	agenda-group \"interest\"\n	salience 50000\n	no-loop\n	when\n		\n		\n		 bpls.facts.QtrDeadline (  QTR:qtr,BEGINQTRDATE:beginQtrDate ) \n		\n		 bpls.facts.BillDate (  BILLDATE:date ) \n		\n		BT: bpls.facts.BillItem (  type == \"TAX\",qtr == QTR,expired == true ,AMTDUE:amtdue,SURCHRG:surcharge,assessmenttype matches \"RENEW\" ) \n		\n	then\n		Map bindings = new HashMap();\n		\n		bindings.put(\"BILLDATE\", BILLDATE );\n		\n		bindings.put(\"QTR\", QTR );\n		\n		bindings.put(\"BEGINQTRDATE\", BEGINQTRDATE );\n		\n		bindings.put(\"BT\", BT );\n		\n		bindings.put(\"AMTDUE\", AMTDUE );\n		\n		bindings.put(\"SURCHRG\", SURCHRG );\n		\n	Map _p0 = new HashMap();\r\n_p0.put( \"billitem\", BT );\r\n_p0.put( \"amount\", (new ActionExpression(\"double d = 0.02 * (@MONTHDIFF( BEGINQTRDATE , BILLDATE ) + 1); return (SURCHRG+AMTDUE) * @IIF( d > 0.72 ,0.72 , d );\", bindings)) );\r\n_p0.put( \"account\", new KeyValue(\"IA4dfadde2:132ec81be1e:-7e50\", \"BUSINESS INTEREST\") );\r\naction.execute( \"calc_interest\",_p0,drools);\r\n\nend\n\n\n	'),('RUL-38de162c:1460374650a:-7907','\npackage bpassessment.BT_ESSENTIAL_ADJUSTMENT;\nimport bpassessment.*;\nimport java.util.*;\nimport com.rameses.rules.common.*;\n\nglobal RuleAction action;\n\nrule \"BT_ESSENTIAL_ADJUSTMENT\"\n	agenda-group \"postbusinesstax\"\n	salience 50000\n	no-loop\n	when\n		\n		\n		LOB: bpls.facts.LOB (  attributes matches \".*-ESSENTIAL-.*\",assessmenttype matches \"NEW|RENEW\" ) \n		\n		BT: bpls.facts.TaxFeeAccount (  type == \"TAX\",lob == LOB,AMTDUE:amount ) \n		\n	then\n		Map bindings = new HashMap();\n		\n		bindings.put(\"LOB\", LOB );\n		\n		bindings.put(\"BT\", BT );\n		\n		bindings.put(\"AMTDUE\", AMTDUE );\n		\n	Map _p0 = new HashMap();\r\n_p0.put( \"taxfee\", BT );\r\n_p0.put( \"amount\", (new ActionExpression(\"AMTDUE / 2\", bindings)) );\r\naction.execute( \"update_taxfee\",_p0,drools);\r\n\nend\n\n\n	'),('RUL-3e8edbea:156bc08656a:-5f05','\npackage landassessment.RECALC_RPU_TOTAL_AV;\nimport landassessment.*;\nimport java.util.*;\nimport com.rameses.rules.common.*;\n\nglobal RuleAction action;\n\nrule \"RECALC_RPU_TOTAL_AV\"\n	agenda-group \"AFTER-SUMMARY\"\n	salience 40000\n	no-loop\n	when\n		\n		\n		RPU: rptis.facts.RPU (   ) \n		\n		VAR: rptis.facts.RPTVariable (  varid matches \"TOTAL_AV\",AV:value ) \n		\n	then\n		Map bindings = new HashMap();\n		\n		bindings.put(\"RPU\", RPU );\n		\n		bindings.put(\"VAR\", VAR );\n		\n		bindings.put(\"AV\", AV );\n		\n	Map _p0 = new HashMap();\r\n_p0.put( \"rpu\", RPU );\r\n_p0.put( \"expr\", (new ActionExpression(\"@ROUNDTOTEN( AV  )\", bindings)) );\r\naction.execute( \"recalc-rpu-totalav\",_p0,drools);\r\n\nend\n\n\n	'),('RUL-46fca07e:14c545f3e6a:-33b4','\npackage bldgassessment.ROUND_FLOOR_BMV_TO_NEAREST_ONES;\nimport bldgassessment.*;\nimport java.util.*;\nimport com.rameses.rules.common.*;\n\nglobal RuleAction action;\n\nrule \"ROUND_FLOOR_BMV_TO_NEAREST_ONES\"\n	agenda-group \"AFTER-BASEMARKETVALUE\"\n	salience 50000\n	no-loop\n	when\n		\n		\n		BF: rptis.bldg.facts.BldgFloor (  BMV:basemarketvalue ) \n		\n	then\n		Map bindings = new HashMap();\n		\n		bindings.put(\"BF\", BF );\n		\n		bindings.put(\"BMV\", BMV );\n		\n	Map _p0 = new HashMap();\r\n_p0.put( \"bldgfloor\", BF );\r\n_p0.put( \"expr\", (new ActionExpression(\"@ROUNDTOTEN( BMV)\", bindings)) );\r\naction.execute( \"calc-floor-bmv\",_p0,drools);\r\n\nend\n\n\n	'),('RUL-46fca07e:14c545f3e6a:-350f','\npackage bldgassessment.ROUND_ACTUALUSE_BMV_TO_NEAREST_ONE;\nimport bldgassessment.*;\nimport java.util.*;\nimport com.rameses.rules.common.*;\n\nglobal RuleAction action;\n\nrule \"ROUND_ACTUALUSE_BMV_TO_NEAREST_ONE\"\n	agenda-group \"AFTER-BASEMARKETVALUE\"\n	salience 50000\n	no-loop\n	when\n		\n		\n		BU: rptis.bldg.facts.BldgUse (  BMV:basemarketvalue ) \n		\n	then\n		Map bindings = new HashMap();\n		\n		bindings.put(\"BU\", BU );\n		\n		bindings.put(\"BMV\", BMV );\n		\n	Map _p0 = new HashMap();\r\n_p0.put( \"bldguse\", BU );\r\n_p0.put( \"expr\", (new ActionExpression(\"@ROUNDTOTEN(BMV)\", bindings)) );\r\naction.execute( \"calc-bldguse-bmv\",_p0,drools);\r\n\nend\n\n\n	'),('RUL-46fca07e:14c545f3e6a:-7740','\npackage landassessment.CALC_MV;\nimport landassessment.*;\nimport java.util.*;\nimport com.rameses.rules.common.*;\n\nglobal RuleAction action;\n\nrule \"CALC_MV\"\n	agenda-group \"MARKETVALUE\"\n	salience 50000\n	no-loop\n	when\n		\n		\n		LA: rptis.land.facts.LandDetail (  BMV:basemarketvalue,ADJ:adjustment ) \n		\n	then\n		Map bindings = new HashMap();\n		\n		bindings.put(\"LA\", LA );\n		\n		bindings.put(\"BMV\", BMV );\n		\n		bindings.put(\"ADJ\", ADJ );\n		\n	Map _p0 = new HashMap();\r\n_p0.put( \"landdetail\", LA );\r\n_p0.put( \"expr\", (new ActionExpression(\" BMV + ADJ\", bindings)) );\r\naction.execute( \"calc-mv\",_p0,drools);\r\n\nend\n\n\n	'),('RUL-46fca07e:14c545f3e6a:-7a8b','\npackage landassessment.CALC_BMV;\nimport landassessment.*;\nimport java.util.*;\nimport com.rameses.rules.common.*;\n\nglobal RuleAction action;\n\nrule \"CALC_BMV\"\n	agenda-group \"BASEMARKETVALUE\"\n	salience 50000\n	no-loop\n	when\n		\n		\n		LA: rptis.land.facts.LandDetail (  AREA:area,UV:unitvalue ) \n		\n	then\n		Map bindings = new HashMap();\n		\n		bindings.put(\"LA\", LA );\n		\n		bindings.put(\"AREA\", AREA );\n		\n		bindings.put(\"UV\", UV );\n		\n	Map _p0 = new HashMap();\r\n_p0.put( \"landdetail\", LA );\r\n_p0.put( \"expr\", (new ActionExpression(\"@ROUND( AREA * UV, 2)\", bindings)) );\r\naction.execute( \"calc-bmv\",_p0,drools);\r\n\nend\n\n\n	'),('RUL-4dd00f9d:1698f34b282:-7e5f','\npackage bldgassessment.CALC_TOTAL_AV;\nimport bldgassessment.*;\nimport java.util.*;\nimport com.rameses.rules.common.*;\n\nglobal RuleAction action;\n\nrule \"CALC_TOTAL_AV\"\n	agenda-group \"AFTER-SUMMARY\"\n	salience 50000\n	no-loop\n	when\n		\n		\n		RA: rptis.facts.RPUAssessment (  actualuseid != null,AV:assessedvalue,taxable == true  ) \n		\n	then\n		Map bindings = new HashMap();\n		\n		bindings.put(\"RA\", RA );\n		\n		bindings.put(\"AV\", AV );\n		\n	Map _p0 = new HashMap();\r\n_p0.put( \"var\", new KeyValue(\"TOTAL_AV\", \"TOTAL_AV\") );\r\n_p0.put( \"aggregatetype\", \"sum\" );\r\n_p0.put( \"expr\", (new ActionExpression(\"AV\", bindings)) );\r\naction.execute( \"add-derive-var\",_p0,drools);\r\n\nend\n\n\n	'),('RUL-4fd26d3d:142fa7a65f9:-7200','\npackage bpbilling.CALCULATE_SURCHARGE;\nimport bpbilling.*;\nimport java.util.*;\nimport com.rameses.rules.common.*;\n\nglobal RuleAction action;\n\nrule \"CALCULATE_SURCHARGE\"\n	agenda-group \"surcharge\"\n	salience 50000\n	no-loop\n	when\n		\n		\n		BT: bpls.facts.BillItem (  type == \"TAX\",expired == true ,assessmenttype matches \"RENEW\",AMT:amtdue ) \n		\n	then\n		Map bindings = new HashMap();\n		\n		bindings.put(\"BT\", BT );\n		\n		bindings.put(\"AMT\", AMT );\n		\n	Map _p0 = new HashMap();\r\n_p0.put( \"billitem\", BT );\r\n_p0.put( \"amount\", (new ActionExpression(\"AMT * 0.25\", bindings)) );\r\n_p0.put( \"account\", new KeyValue(\"IA5f138be2:1350d05b4b7:-791a\", \"BUSINESS SURCHARGE\") );\r\naction.execute( \"calc_surcharge\",_p0,drools);\r\n\nend\n\n\n	'),('RUL-5e76cf73:14d69e9c549:-7084','\npackage landassessment.ROUND_LAND_ITEM_ADJUSTMENTS;\nimport landassessment.*;\nimport java.util.*;\nimport com.rameses.rules.common.*;\n\nglobal RuleAction action;\n\nrule \"ROUND_LAND_ITEM_ADJUSTMENTS\"\n	agenda-group \"AFTER-ADJUSTMENT\"\n	salience 50000\n	no-loop\n	when\n		\n		\n		LA: rptis.land.facts.LandDetail (  ADJ:adjustment,LVADJ:landvalueadjustment,AUADJ:actualuseadjustment ) \n		\n	then\n		Map bindings = new HashMap();\n		\n		bindings.put(\"LA\", LA );\n		\n		bindings.put(\"ADJ\", ADJ );\n		\n		bindings.put(\"LVADJ\", LVADJ );\n		\n		bindings.put(\"AUADJ\", AUADJ );\n		\n	Map _p0 = new HashMap();\r\n_p0.put( \"landdetail\", LA );\r\n_p0.put( \"expr\", (new ActionExpression(\"@ROUND( LVADJ, 2)\", bindings)) );\r\naction.execute( \"update-landdetail-value-adj\",_p0,drools);\r\nMap _p1 = new HashMap();\r\n_p1.put( \"landdetail\", LA );\r\n_p1.put( \"expr\", (new ActionExpression(\"@ROUND( AUADJ, 2)\", bindings)) );\r\naction.execute( \"update-landdetail-actualuse-adj\",_p1,drools);\r\nMap _p2 = new HashMap();\r\n_p2.put( \"landdetail\", LA );\r\n_p2.put( \"expr\", (new ActionExpression(\"@ROUND( ADJ, 2)\", bindings)) );\r\naction.execute( \"update-landdetail-adj\",_p2,drools);\r\n\nend\n\n\n	'),('RUL-5e76cf73:14d69e9c549:-7fd4','\npackage landassessment.ROUND_ADJ_TO_ONE;\nimport landassessment.*;\nimport java.util.*;\nimport com.rameses.rules.common.*;\n\nglobal RuleAction action;\n\nrule \"ROUND_ADJ_TO_ONE\"\n	agenda-group \"AFTER-ADJUSTMENT\"\n	salience 50000\n	no-loop\n	when\n		\n		\n		ADJ: rptis.land.facts.LandAdjustment (  ADJAMOUNT:adjustment ) \n		\n	then\n		Map bindings = new HashMap();\n		\n		bindings.put(\"ADJ\", ADJ );\n		\n		bindings.put(\"ADJAMOUNT\", ADJAMOUNT );\n		\n	Map _p0 = new HashMap();\r\n_p0.put( \"adjustment\", ADJ );\r\n_p0.put( \"expr\", (new ActionExpression(\"@ROUND( ADJAMOUNT, 2)\", bindings)) );\r\naction.execute( \"update-adj\",_p0,drools);\r\n\nend\n\n\n	'),('RUL-5f1e2a32:14adc79522f:-60a1','\npackage bpassessment.REMOVE_NO_BUSINESS_TAX;\nimport bpassessment.*;\nimport java.util.*;\nimport com.rameses.rules.common.*;\n\nglobal RuleAction action;\n\nrule \"REMOVE_NO_BUSINESS_TAX\"\n	agenda-group \"summary\"\n	salience 50000\n	no-loop\n	when\n		\n		\n		LOB: bpls.facts.LOB (  attributes matches \".*-NO_BUSINESS_TAX-.*\" ) \n		\n		BT: bpls.facts.TaxFeeAccount (  type == \"TAX\",lob == LOB ) \n		\n	then\n		Map bindings = new HashMap();\n		\n		bindings.put(\"LOB\", LOB );\n		\n		bindings.put(\"BT\", BT );\n		\n	Map _p0 = new HashMap();\r\n_p0.put( \"taxfee\", BT );\r\naction.execute( \"remove_taxfee\",_p0,drools);\r\n\nend\n\n\n	'),('RUL-60c99d04:1470b276e7f:-7ecc','\npackage bldgassessment.CALC_BMV;\nimport bldgassessment.*;\nimport java.util.*;\nimport com.rameses.rules.common.*;\n\nglobal RuleAction action;\n\nrule \"CALC_BMV\"\n	agenda-group \"BASEMARKETVALUE\"\n	salience 50000\n	no-loop\n	when\n		\n		\n		BS: rptis.bldg.facts.BldgStructure (  TOTALAREA:totalfloorarea ) \n		\n		BU: rptis.bldg.facts.BldgUse (  bldgstructure == BS,BASEVALUE:basevalue,BUAREA:area ) \n		\n	then\n		Map bindings = new HashMap();\n		\n		bindings.put(\"BS\", BS );\n		\n		bindings.put(\"BU\", BU );\n		\n		bindings.put(\"TOTALAREA\", TOTALAREA );\n		\n		bindings.put(\"BASEVALUE\", BASEVALUE );\n		\n		bindings.put(\"BUAREA\", BUAREA );\n		\n	Map _p0 = new HashMap();\r\n_p0.put( \"bldguse\", BU );\r\n_p0.put( \"expr\", (new ActionExpression(\"@ROUND( BUAREA * BASEVALUE  )\", bindings)) );\r\naction.execute( \"calc-bldguse-bmv\",_p0,drools);\r\n\nend\n\n\n	'),('RUL-6a56ca9d:17fb9fb27f8:-667f','\npackage bpassessment.ASK_GROSS;\nimport bpassessment.*;\nimport java.util.*;\nimport com.rameses.rules.common.*;\n\nglobal RuleAction action;\n\nrule \"ASK_GROSS\"\n	agenda-group \"appinfo\"\n	salience 50000\n	no-loop\n	when\n		\n		\n		LOB: bpls.facts.LOB (  assessmenttype matches \"RENEW|RETIRE\" ) \n		\n	then\n		Map bindings = new HashMap();\n		\n		bindings.put(\"LOB\", LOB );\n		\n	Map _p0 = new HashMap();\r\n_p0.put( \"lob\", LOB );\r\n_p0.put( \"attribute\", new KeyValue(\"GROSS\", \"GROSS\") );\r\naction.execute( \"ask_business_info\",_p0,drools);\r\n\nend\n\n\n	'),('RUL-6a56ca9d:17fb9fb27f8:-6aef','\npackage bpassessment.SF_ALL;\nimport bpassessment.*;\nimport java.util.*;\nimport com.rameses.rules.common.*;\n\nglobal RuleAction action;\n\nrule \"SF_ALL\"\n	agenda-group \"regfee\"\n	salience 50000\n	no-loop\n	when\n		\n		\n		 bpls.facts.BPApplication (  apptype matches \"NEW|RENEW\" ) \n		\n	then\n		Map bindings = new HashMap();\n		\n	Map _p0 = new HashMap();\r\n_p0.put( \"account\", new KeyValue(\"IA-52a8262c:132f0315d2e:-7e97\", \"SANITARY FEE\") );\r\n_p0.put( \"amount\", (new ActionExpression(\"180\", bindings)) );\r\naction.execute( \"compute_regfee\",_p0,drools);\r\n\nend\n\n\n	'),('RUL-6a56ca9d:17fb9fb27f8:-6e08','\npackage bpassessment.PC_ALL;\nimport bpassessment.*;\nimport java.util.*;\nimport com.rameses.rules.common.*;\n\nglobal RuleAction action;\n\nrule \"PC_ALL\"\n	agenda-group \"regfee\"\n	salience 50000\n	no-loop\n	when\n		\n		\n		 bpls.facts.BPApplication (  apptype matches \"NEW|RENEW\" ) \n		\n	then\n		Map bindings = new HashMap();\n		\n	Map _p0 = new HashMap();\r\n_p0.put( \"account\", new KeyValue(\"IA-52a8262c:132f0315d2e:-7b84\", \"POLICE CLEARANCE\") );\r\n_p0.put( \"amount\", (new ActionExpression(\"50\", bindings)) );\r\naction.execute( \"compute_regfee\",_p0,drools);\r\n\nend\n\n\n	'),('RUL-6c640ca5:1469912956a:-7ed8','\npackage bpinfo.ASK_DECLARED_CAPITAL;\nimport bpinfo.*;\nimport java.util.*;\nimport com.rameses.rules.common.*;\n\nglobal RuleAction action;\n\nrule \"ASK_DECLARED_CAPITAL\"\n	agenda-group \"default\"\n	salience 50000\n	no-loop\n	when\n		\n		\n		LOB: bpls.facts.LOB (  assessmenttype matches \"NEW\",lobid not matches \"LOBdb44826:150b62146e5:-5939|LOB70a2ad6b:150b17245f0:-1aad|LOB63ece70a:150c58eb6a5:-1b2d\" ) \n		\n	then\n		Map bindings = new HashMap();\n		\n		bindings.put(\"LOB\", LOB );\n		\n	Map _p0 = new HashMap();\r\n_p0.put( \"lob\", LOB );\r\n_p0.put( \"attribute\", new KeyValue(\"DECLARED_CAPITAL\", \"DECLARED_CAPITAL\") );\r\n_p0.put( \"defaultvalue\", \"null\" );\r\naction.execute( \"ask_business_info\",_p0,drools);\r\n\nend\n\n\n	'),('RUL-762e9176:15d067a9c42:-5aa0','\npackage miscassessment.RECALC_RPU_TOTAL_AV;\nimport miscassessment.*;\nimport java.util.*;\nimport com.rameses.rules.common.*;\n\nglobal RuleAction action;\n\nrule \"RECALC_RPU_TOTAL_AV\"\n	agenda-group \"AFTER-SUMMARY\"\n	salience 60000\n	no-loop\n	when\n		\n		\n		VAR: rptis.facts.RPTVariable (  varid matches \"P-79a9a347:15cfcae84de:-5edb\",TOTALAV:value ) \n		\n		RPU: rptis.facts.RPU (   ) \n		\n	then\n		Map bindings = new HashMap();\n		\n		bindings.put(\"VAR\", VAR );\n		\n		bindings.put(\"RPU\", RPU );\n		\n		bindings.put(\"TOTALAV\", TOTALAV );\n		\n	Map _p0 = new HashMap();\r\n_p0.put( \"rpu\", RPU );\r\n_p0.put( \"expr\", (new ActionExpression(\"@ROUNDTOTEN( TOTALAV)\", bindings)) );\r\naction.execute( \"recalc-rpu-totalav\",_p0,drools);\r\n\nend\n\n\n	'),('RUL-79a9a347:15cfcae84de:-6f2a','\npackage bldgassessment.RECALC_TOTAL_AV;\nimport bldgassessment.*;\nimport java.util.*;\nimport com.rameses.rules.common.*;\n\nglobal RuleAction action;\n\nrule \"RECALC_TOTAL_AV\"\n	agenda-group \"AFTER-SUMMARY\"\n	salience 50000\n	no-loop\n	when\n		\n		\n		RPU: rptis.facts.RPU (  RPUID:objid ) \n		\n		VAR: rptis.facts.RPTVariable (  varid matches \"TOTAL_AV\",AV:value ) \n		\n	then\n		Map bindings = new HashMap();\n		\n		bindings.put(\"RPU\", RPU );\n		\n		bindings.put(\"RPUID\", RPUID );\n		\n		bindings.put(\"VAR\", VAR );\n		\n		bindings.put(\"AV\", AV );\n		\n	Map _p0 = new HashMap();\r\n_p0.put( \"rpu\", RPU );\r\n_p0.put( \"expr\", (new ActionExpression(\"@ROUNDTOTEN(AV );\", bindings)) );\r\naction.execute( \"recalc-rpu-totalav\",_p0,drools);\r\n\nend\n\n\n	'),('RUL-79a9a347:15cfcae84de:f6c','\npackage planttreeassessment.CALC_AV;\nimport planttreeassessment.*;\nimport java.util.*;\nimport com.rameses.rules.common.*;\n\nglobal RuleAction action;\n\nrule \"CALC_AV\"\n	agenda-group \"ASSESSEDVALUE\"\n	salience 50000\n	no-loop\n	when\n		\n		\n		PTD: rptis.planttree.facts.PlantTreeDetail (  MV:marketvalue,AL:assesslevel ) \n		\n	then\n		Map bindings = new HashMap();\n		\n		bindings.put(\"PTD\", PTD );\n		\n		bindings.put(\"MV\", MV );\n		\n		bindings.put(\"AL\", AL );\n		\n	Map _p0 = new HashMap();\r\n_p0.put( \"planttreedetail\", PTD );\r\n_p0.put( \"expr\", (new ActionExpression(\"@ROUNDTOTEN(MV * AL / 100.0);\", bindings)) );\r\naction.execute( \"calc-planttree-av\",_p0,drools);\r\n\nend\n\n\n	'),('RUL-a35dd35:14e51ec3311:-5d4c','\npackage miscassessment.CALC_RPU_SWORN_AMOUNT;\nimport miscassessment.*;\nimport java.util.*;\nimport com.rameses.rules.common.*;\n\nglobal RuleAction action;\n\nrule \"CALC_RPU_SWORN_AMOUNT\"\n	agenda-group \"BEFORE-ASSESSLEVEL\"\n	salience 50000\n	no-loop\n	when\n		\n		\n		MRPU: rptis.misc.facts.MiscRPU (  useswornamount == true ,SWORNAMT:swornamount ) \n		\n		MI: rptis.misc.facts.MiscItem (  DPRATE:depreciation ) \n		\n	then\n		Map bindings = new HashMap();\n		\n		bindings.put(\"MRPU\", MRPU );\n		\n		bindings.put(\"DPRATE\", DPRATE );\n		\n		bindings.put(\"MI\", MI );\n		\n		bindings.put(\"SWORNAMT\", SWORNAMT );\n		\n	Map _p0 = new HashMap();\r\n_p0.put( \"miscrpu\", MRPU );\r\n_p0.put( \"expr\", (new ActionExpression(\"SWORNAMT * (100 - DPRATE ) / 100.0\", bindings)) );\r\naction.execute( \"calc-rpu-mv\",_p0,drools);\r\nMap _p1 = new HashMap();\r\n_p1.put( \"miscrpu\", MRPU );\r\n_p1.put( \"expr\", (new ActionExpression(\"SWORNAMT * (100 - DPRATE ) / 100.0\", bindings)) );\r\naction.execute( \"calc-rpu-bmv\",_p1,drools);\r\n\nend\n\n\n	'),('RUL1262ad19:166ae41b1fb:-7c88','\npackage rptbilling.TOTAL_PREVIOUS;\nimport rptbilling.*;\nimport java.util.*;\nimport com.rameses.rules.common.*;\n\nglobal RuleAction action;\n\nrule \"TOTAL_PREVIOUS\"\n	agenda-group \"SUMMARY\"\n	salience 50000\n	no-loop\n	when\n		\n		\n		 CurrentDate (  CY:year ) \n		\n		RLI: rptis.landtax.facts.RPTLedgerItemFact (  year < CY ) \n		\n	then\n		Map bindings = new HashMap();\n		\n		bindings.put(\"CY\", CY );\n		\n		bindings.put(\"RLI\", RLI );\n		\n	Map _p0 = new HashMap();\r\n_p0.put( \"rptledgeritem\", RLI );\r\n_p0.put( \"revperiod\", \"previous\" );\r\naction.execute( \"create-tax-summary\",_p0,drools);\r\n\nend\n\n\n	'),('RUL1441128c:1471efa4c1c:-6c93','\npackage bldgassessment.CALC_ASSESS_LEVEL;\nimport bldgassessment.*;\nimport java.util.*;\nimport com.rameses.rules.common.*;\n\nglobal RuleAction action;\n\nrule \"CALC_ASSESS_LEVEL\"\n	agenda-group \"AFTER-ASSESSLEVEL\"\n	salience 50000\n	no-loop\n	when\n		\n		\n		BA: rptis.facts.RPUAssessment (  actualuseid != null ) \n		\n	then\n		Map bindings = new HashMap();\n		\n		bindings.put(\"BA\", BA );\n		\n	Map _p0 = new HashMap();\r\n_p0.put( \"assessment\", BA );\r\naction.execute( \"calc-assess-level\",_p0,drools);\r\n\nend\n\n\n	'),('RUL1441128c:1471efa4c1c:-6eaa','\npackage bldgassessment.BUILD_ASSESSMENT_INFO;\nimport bldgassessment.*;\nimport java.util.*;\nimport com.rameses.rules.common.*;\n\nglobal RuleAction action;\n\nrule \"BUILD_ASSESSMENT_INFO\"\n	agenda-group \"BEFORE-ASSESSLEVEL\"\n	salience 50000\n	no-loop\n	when\n		\n		\n		BU: rptis.bldg.facts.BldgUse (  ACTUALUSE:actualuseid != null ) \n		\n	then\n		Map bindings = new HashMap();\n		\n		bindings.put(\"BU\", BU );\n		\n		bindings.put(\"ACTUALUSE\", ACTUALUSE );\n		\n	Map _p0 = new HashMap();\r\n_p0.put( \"bldguse\", BU );\r\n_p0.put( \"actualuseid\", ACTUALUSE );\r\naction.execute( \"add-assessment-info\",_p0,drools);\r\n\nend\n\n\n	'),('RUL1b4af871:14e3cc46e09:-301e','\npackage miscassessment.TOTAL_MARKET_VALUE;\nimport miscassessment.*;\nimport java.util.*;\nimport com.rameses.rules.common.*;\n\nglobal RuleAction action;\n\nrule \"TOTAL_MARKET_VALUE\"\n	agenda-group \"AFTER-MARKETVALUE\"\n	salience 50000\n	no-loop\n	when\n		\n		\n		MRPU: rptis.misc.facts.MiscRPU (  REFID:objid ) \n		\n		MI: rptis.misc.facts.MiscItem (  MV:marketvalue ) \n		\n	then\n		Map bindings = new HashMap();\n		\n		bindings.put(\"MRPU\", MRPU );\n		\n		bindings.put(\"MV\", MV );\n		\n		bindings.put(\"REFID\", REFID );\n		\n		bindings.put(\"MI\", MI );\n		\n	Map _p0 = new HashMap();\r\n_p0.put( \"var\", new KeyValue(\"TOTAL_MV\", \"TOTAL_MV\") );\r\n_p0.put( \"aggregatetype\", \"sum\" );\r\n_p0.put( \"expr\", (new ActionExpression(\"MV\", bindings)) );\r\naction.execute( \"add-derive-var\",_p0,drools);\r\n\nend\n\n\n	'),('RUL1b4af871:14e3cc46e09:-3341','\npackage miscassessment.TOTAL_BASE_MARKET_VALUE;\nimport miscassessment.*;\nimport java.util.*;\nimport com.rameses.rules.common.*;\n\nglobal RuleAction action;\n\nrule \"TOTAL_BASE_MARKET_VALUE\"\n	agenda-group \"AFTER-BASEMARKETVALUE\"\n	salience 50000\n	no-loop\n	when\n		\n		\n		MRPU: rptis.misc.facts.MiscRPU (  REFID:objid ) \n		\n		MI: rptis.misc.facts.MiscItem (  BMV:basemarketvalue ) \n		\n	then\n		Map bindings = new HashMap();\n		\n		bindings.put(\"MRPU\", MRPU );\n		\n		bindings.put(\"BMV\", BMV );\n		\n		bindings.put(\"REFID\", REFID );\n		\n		bindings.put(\"MI\", MI );\n		\n	Map _p0 = new HashMap();\r\n_p0.put( \"var\", new KeyValue(\"TOTAL_BMV\", \"TOTAL_BMV\") );\r\n_p0.put( \"aggregatetype\", \"sum\" );\r\n_p0.put( \"expr\", (new ActionExpression(\"BMV\", bindings)) );\r\naction.execute( \"add-derive-var\",_p0,drools);\r\n\nend\n\n\n	'),('RUL1dc7a3de:142b70df9f8:-7fb7','\npackage bpinfo.SUMMARIZE_EMPLOYEE;\nimport bpinfo.*;\nimport java.util.*;\nimport com.rameses.rules.common.*;\n\nglobal RuleAction action;\n\nrule \"SUMMARIZE_EMPLOYEE\"\n	agenda-group \"postinfo\"\n	salience 50000\n	no-loop\n	when\n		\n		\n		 bpls.facts.BusinessInfo (  name==\"NUM_EMPLOYEE_MALE\" ,NUM_EMPLOYEE_MALE:intvalue ) \n		\n		 bpls.facts.BusinessInfo (  name==\"NUM_EMPLOYEE_FEMALE\" ,NUM_EMPLOYEE_FEMALE:intvalue ) \n		\n	then\n		Map bindings = new HashMap();\n		\n		bindings.put(\"NUM_EMPLOYEE_FEMALE\", NUM_EMPLOYEE_FEMALE );\n		\n		bindings.put(\"NUM_EMPLOYEE_MALE\", NUM_EMPLOYEE_MALE );\n		\n	Map _p0 = new HashMap();\r\n_p0.put( \"lob\", null );\r\n_p0.put( \"attribute\", new KeyValue(\"NUM_EMPLOYEE\", \"NUM_EMPLOYEE\") );\r\n_p0.put( \"value\", (new ActionExpression(\"NUM_EMPLOYEE_FEMALE + NUM_EMPLOYEE_MALE\", bindings)) );\r\naction.execute( \"assert_business_info\",_p0,drools);\r\n\nend\n\n\n	'),('RUL1e2e986a:14840aab152:-7fc6','\npackage bpbilling.SET_VALID_DATE_RENEW;\nimport bpbilling.*;\nimport java.util.*;\nimport com.rameses.rules.common.*;\n\nglobal RuleAction action;\n\nrule \"SET_VALID_DATE_RENEW\"\n	agenda-group \"initial\"\n	salience 50000\n	no-loop\n	when\n		\n		\n		 bpls.facts.QtrDeadline (  DUEDATE:deadline,QTR:qtr ) \n		\n		 bpls.facts.BillDate (  BILLDATE:date,qtr == QTR ) \n		\n		 bpls.facts.BPApplication (  apptype matches \"RENEW\" ) \n		\n	then\n		Map bindings = new HashMap();\n		\n		bindings.put(\"DUEDATE\", DUEDATE );\n		\n		bindings.put(\"BILLDATE\", BILLDATE );\n		\n		bindings.put(\"QTR\", QTR );\n		\n	Map _p0 = new HashMap();\r\n_p0.put( \"expirydate\", (new ActionExpression(\"if( BILLDATE <= DUEDATE )      return DUEDATE; else      return @MONTHEND(  BILLDATE  );     \", bindings)) );\r\naction.execute( \"set_billexpirydate\",_p0,drools);\r\n\nend\n\n\n	'),('RUL2491462a:142fa35d130:-5a95','\npackage bpbilling.BUSINESS_TAX_BY_QTR;\nimport bpbilling.*;\nimport java.util.*;\nimport com.rameses.rules.common.*;\n\nglobal RuleAction action;\n\nrule \"BUSINESS_TAX_BY_QTR\"\n	agenda-group \"initial\"\n	salience 50000\n	no-loop\n	when\n		\n		\n		BT: bpls.facts.BillItem (  type == \"TAX\",assessmenttype matches \"RENEW\" ) \n		\n	then\n		Map bindings = new HashMap();\n		\n		bindings.put(\"BT\", BT );\n		\n	Map _p0 = new HashMap();\r\n_p0.put( \"billitem\", BT );\r\naction.execute( \"split_by_qtr\",_p0,drools);\r\n\nend\n\n\n	'),('RUL2659bca9:142b667ccd3:-7f3f','\npackage bpinfo.ASK_EMPLOYEE_INFO;\nimport bpinfo.*;\nimport java.util.*;\nimport com.rameses.rules.common.*;\n\nglobal RuleAction action;\n\nrule \"ASK_EMPLOYEE_INFO\"\n	agenda-group \"default\"\n	salience 50000\n	no-loop\n	when\n		\n		\n		 bpls.facts.BPApplication (  apptype matches \"NEW|RENEW\" ) \n		\n	then\n		Map bindings = new HashMap();\n		\n	Map _p0 = new HashMap();\r\n_p0.put( \"lob\", null );\r\n_p0.put( \"attribute\", new KeyValue(\"NUM_EMPLOYEE_MALE\", \"NUM_EMPLOYEE_MALE\") );\r\n_p0.put( \"defaultvalue\", \"null\" );\r\naction.execute( \"ask_business_info\",_p0,drools);\r\nMap _p1 = new HashMap();\r\n_p1.put( \"lob\", null );\r\n_p1.put( \"attribute\", new KeyValue(\"NUM_EMPLOYEE_FEMALE\", \"NUM_EMPLOYEE_FEMALE\") );\r\n_p1.put( \"defaultvalue\", \"null\" );\r\naction.execute( \"ask_business_info\",_p1,drools);\r\nMap _p2 = new HashMap();\r\n_p2.put( \"lob\", null );\r\n_p2.put( \"attribute\", new KeyValue(\"NUM_EMPLOYEE_RESIDENT\", \"NUM_EMPLOYEE_RESIDENT\") );\r\n_p2.put( \"defaultvalue\", \"null\" );\r\naction.execute( \"ask_business_info\",_p2,drools);\r\n\nend\n\n\n	'),('RUL36552f88:142c18ff1a4:-7f16','\npackage bpinfo.ASK_BUSINESS_AREA;\nimport bpinfo.*;\nimport java.util.*;\nimport com.rameses.rules.common.*;\n\nglobal RuleAction action;\n\nrule \"ASK_BUSINESS_AREA\"\n	agenda-group \"default\"\n	salience 50000\n	no-loop\n	when\n		\n		\n		 bpls.facts.BPApplication (  apptype matches \"NEW|RENEW\" ) \n		\n	then\n		Map bindings = new HashMap();\n		\n	Map _p0 = new HashMap();\r\n_p0.put( \"lob\", null );\r\n_p0.put( \"attribute\", new KeyValue(\"AREA_SQM\", \"AREA_SQM\") );\r\n_p0.put( \"defaultvalue\", \"null\" );\r\naction.execute( \"ask_business_info\",_p0,drools);\r\n\nend\n\n\n	'),('RUL3b800abe:14d2b978f55:-61fb','\npackage bldgassessment.ROUND_ACTUALUSE_MV_TO_ONES;\nimport bldgassessment.*;\nimport java.util.*;\nimport com.rameses.rules.common.*;\n\nglobal RuleAction action;\n\nrule \"ROUND_ACTUALUSE_MV_TO_ONES\"\n	agenda-group \"AFTER-MARKETVALUE\"\n	salience 50000\n	no-loop\n	when\n		\n		\n		BU: rptis.bldg.facts.BldgUse (  MV:marketvalue ) \n		\n	then\n		Map bindings = new HashMap();\n		\n		bindings.put(\"BU\", BU );\n		\n		bindings.put(\"MV\", MV );\n		\n	Map _p0 = new HashMap();\r\n_p0.put( \"bldguse\", BU );\r\n_p0.put( \"expr\", (new ActionExpression(\"@ROUNDTOTEN(MV)\", bindings)) );\r\naction.execute( \"calc-bldguse-mv\",_p0,drools);\r\n\nend\n\n\n	'),('RUL3b800abe:14d2b978f55:-63a0','\npackage bldgassessment.ROUND_FLOOR_MV_TO_ONES;\nimport bldgassessment.*;\nimport java.util.*;\nimport com.rameses.rules.common.*;\n\nglobal RuleAction action;\n\nrule \"ROUND_FLOOR_MV_TO_ONES\"\n	agenda-group \"AFTER-MARKETVALUE\"\n	salience 50000\n	no-loop\n	when\n		\n		\n		BF: rptis.bldg.facts.BldgFloor (  MV:marketvalue ) \n		\n	then\n		Map bindings = new HashMap();\n		\n		bindings.put(\"BF\", BF );\n		\n		bindings.put(\"MV\", MV );\n		\n	Map _p0 = new HashMap();\r\n_p0.put( \"bldgfloor\", BF );\r\n_p0.put( \"expr\", (new ActionExpression(\"@ROUNDTOTEN( MV )\", bindings)) );\r\naction.execute( \"calc-floor-mv\",_p0,drools);\r\n\nend\n\n\n	'),('RUL3b800abe:14d2b978f55:-7e09','\npackage bldgassessment.ROUND_ADJ_TO_ONES;\nimport bldgassessment.*;\nimport java.util.*;\nimport com.rameses.rules.common.*;\n\nglobal RuleAction action;\n\nrule \"ROUND_ADJ_TO_ONES\"\n	agenda-group \"AFTER-ADJUSTMENT\"\n	salience 50000\n	no-loop\n	when\n		\n		\n		ADJ: rptis.bldg.facts.BldgAdjustment (  bldgfloor != null,ADJAMOUNT:amount ) \n		\n	then\n		Map bindings = new HashMap();\n		\n		bindings.put(\"ADJ\", ADJ );\n		\n		bindings.put(\"ADJAMOUNT\", ADJAMOUNT );\n		\n	Map _p0 = new HashMap();\r\n_p0.put( \"adjustment\", ADJ );\r\n_p0.put( \"var\", null );\r\n_p0.put( \"expr\", (new ActionExpression(\"@ROUND(ADJAMOUNT, 2)\", bindings)) );\r\naction.execute( \"calc-adj\",_p0,drools);\r\n\nend\n\n\n	'),('RUL3e2b89cb:146ff734573:-7dcc','\npackage bldgassessment.COMPUTE_BLDG_AGE;\nimport bldgassessment.*;\nimport java.util.*;\nimport com.rameses.rules.common.*;\n\nglobal RuleAction action;\n\nrule \"COMPUTE_BLDG_AGE\"\n	agenda-group \"PRE-ASSESSMENT\"\n	salience 50000\n	no-loop\n	when\n		\n		\n		RPU: rptis.bldg.facts.BldgRPU (  YRAPPRAISED:yrappraised > 0,YRCOMPLETED:yrcompleted > 0 ) \n		\n	then\n		Map bindings = new HashMap();\n		\n		bindings.put(\"RPU\", RPU );\n		\n		bindings.put(\"YRAPPRAISED\", YRAPPRAISED );\n		\n		bindings.put(\"YRCOMPLETED\", YRCOMPLETED );\n		\n	Map _p0 = new HashMap();\r\n_p0.put( \"rpu\", RPU );\r\n_p0.put( \"expr\", (new ActionExpression(\"YRAPPRAISED - YRCOMPLETED\", bindings)) );\r\naction.execute( \"calc-bldg-age\",_p0,drools);\r\n\nend\n\n\n	'),('RUL3e7cce43:16b25a6ae3b:-2657','\npackage rptbilling.PENALTY_1992_TO_LESS_CY;\nimport rptbilling.*;\nimport java.util.*;\nimport com.rameses.rules.common.*;\n\nglobal RuleAction action;\n\nrule \"PENALTY_1992_TO_LESS_CY\"\n	agenda-group \"PENALTY\"\n	salience 50000\n	no-loop\n	when\n		\n		\n		 CurrentDate (  CY:year ) \n		\n		RLI: rptis.landtax.facts.RPTLedgerItemFact (  year < CY,NMON:monthsfromjan,year >= 1992,TAX:amtdue ) \n		\n	then\n		Map bindings = new HashMap();\n		\n		bindings.put(\"CY\", CY );\n		\n		bindings.put(\"RLI\", RLI );\n		\n		bindings.put(\"NMON\", NMON );\n		\n		bindings.put(\"TAX\", TAX );\n		\n	Map _p0 = new HashMap();\r\n_p0.put( \"rptledgeritem\", RLI );\r\n_p0.put( \"expr\", (new ActionExpression(\"@ROUND(@IIF( NMON * 0.02 > 0.72, TAX * 0.72, TAX * NMON * 0.02))\", bindings)) );\r\naction.execute( \"calc-interest\",_p0,drools);\r\n\nend\n\n\n	'),('RUL3e7cce43:16b25a6ae3b:-2ade','\npackage rptbilling.PENALTY_1986_TO_1991;\nimport rptbilling.*;\nimport java.util.*;\nimport com.rameses.rules.common.*;\n\nglobal RuleAction action;\n\nrule \"PENALTY_1986_TO_1991\"\n	agenda-group \"PENALTY\"\n	salience 50000\n	no-loop\n	when\n		\n		\n		RLI: rptis.landtax.facts.RPTLedgerItemFact (  NMON:monthsfromjan,year >= 1986,TAX:amtdue,year <= 1991 ) \n		\n	then\n		Map bindings = new HashMap();\n		\n		bindings.put(\"RLI\", RLI );\n		\n		bindings.put(\"NMON\", NMON );\n		\n		bindings.put(\"TAX\", TAX );\n		\n	Map _p0 = new HashMap();\r\n_p0.put( \"rptledgeritem\", RLI );\r\n_p0.put( \"expr\", (new ActionExpression(\"@ROUND(TAX * NMON * 0.02)\", bindings)) );\r\naction.execute( \"calc-interest\",_p0,drools);\r\n\nend\n\n\n	'),('RUL3e7cce43:16b25a6ae3b:-2c01','\npackage rptbilling.PENALTY_1985_BELOW;\nimport rptbilling.*;\nimport java.util.*;\nimport com.rameses.rules.common.*;\n\nglobal RuleAction action;\n\nrule \"PENALTY_1985_BELOW\"\n	agenda-group \"PENALTY\"\n	salience 50000\n	no-loop\n	when\n		\n		\n		RLI: rptis.landtax.facts.RPTLedgerItemFact (  year <= 1985,NMON:monthsfromjan,TAX:amtdue ) \n		\n	then\n		Map bindings = new HashMap();\n		\n		bindings.put(\"RLI\", RLI );\n		\n		bindings.put(\"NMON\", NMON );\n		\n		bindings.put(\"TAX\", TAX );\n		\n	Map _p0 = new HashMap();\r\n_p0.put( \"rptledgeritem\", RLI );\r\n_p0.put( \"expr\", (new ActionExpression(\"@ROUND(TAX * 0.24)\", bindings)) );\r\naction.execute( \"calc-interest\",_p0,drools);\r\n\nend\n\n\n	'),('RUL3fb43b91:14ccf782188:-6008','\npackage planttreeassessment.ADJUSTMENT_COMPUTATION;\nimport planttreeassessment.*;\nimport java.util.*;\nimport com.rameses.rules.common.*;\n\nglobal RuleAction action;\n\nrule \"ADJUSTMENT_COMPUTATION\"\n	agenda-group \"AFTER-ADJUSTMENT\"\n	salience 50000\n	no-loop\n	when\n		\n		\n		PTD: rptis.planttree.facts.PlantTreeDetail (  BMV:basemarketvalue,ADJRATE:adjustmentrate > 0.00 ) \n		\n	then\n		Map bindings = new HashMap();\n		\n		bindings.put(\"PTD\", PTD );\n		\n		bindings.put(\"BMV\", BMV );\n		\n		bindings.put(\"ADJRATE\", ADJRATE );\n		\n	Map _p0 = new HashMap();\r\n_p0.put( \"planttreedetail\", PTD );\r\n_p0.put( \"expr\", (new ActionExpression(\"@ROUND( BMV * ADJRATE / 100.0, 0)\", bindings)) );\r\naction.execute( \"calc-planttree-adjustment\",_p0,drools);\r\n\nend\n\n\n	'),('RUL40fb8c21:16b4f90f5b4:-71f1','\npackage bldgassessment.CALC_ASSESS_VALUE;\nimport bldgassessment.*;\nimport java.util.*;\nimport com.rameses.rules.common.*;\n\nglobal RuleAction action;\n\nrule \"CALC_ASSESS_VALUE\"\n	agenda-group \"ASSESSVALUE\"\n	salience 50000\n	no-loop\n	when\n		\n		\n		BA: rptis.facts.RPUAssessment (  actualuseid != null,MV:marketvalue,AL:assesslevel,taxable == true  ) \n		\n	then\n		Map bindings = new HashMap();\n		\n		bindings.put(\"BA\", BA );\n		\n		bindings.put(\"MV\", MV );\n		\n		bindings.put(\"AL\", AL );\n		\n	Map _p0 = new HashMap();\r\n_p0.put( \"assessment\", BA );\r\n_p0.put( \"expr\", (new ActionExpression(\"@ROUNDTOTEN( MV * AL  / 100.0 )\", bindings)) );\r\naction.execute( \"calc-assess-value\",_p0,drools);\r\n\nend\n\n\n	'),('RUL40fb8c21:16b4f90f5b4:-79bd','\npackage landassessment.RECALC_ASSESSMENT_AV;\nimport landassessment.*;\nimport java.util.*;\nimport com.rameses.rules.common.*;\n\nglobal RuleAction action;\n\nrule \"RECALC_ASSESSMENT_AV\"\n	agenda-group \"AFTER-SUMMARY\"\n	salience 10000\n	no-loop\n	when\n		\n		\n		RA: rptis.facts.RPUAssessment (  actualuseid != null,AV:assessedvalue ) \n		\n	then\n		Map bindings = new HashMap();\n		\n		bindings.put(\"RA\", RA );\n		\n		bindings.put(\"AV\", AV );\n		\n	Map _p0 = new HashMap();\r\n_p0.put( \"rpuassessment\", RA );\r\n_p0.put( \"expr\", (new ActionExpression(\"@ROUNDTOTEN(AV)\", bindings)) );\r\naction.execute( \"recalc-rpuassessment\",_p0,drools);\r\n\nend\n\n\n	'),('RUL483027b0:16be9375c61:-77e6','\npackage rptledger.BASIC_AND_SEF_TAX;\nimport rptledger.*;\nimport java.util.*;\nimport com.rameses.rules.common.*;\n\nglobal RuleAction action;\n\nrule \"BASIC_AND_SEF_TAX\"\n	agenda-group \"TAX\"\n	salience 50000\n	no-loop\n	when\n		\n		\n		RLI: rptis.landtax.facts.RPTLedgerItemFact (  AV:av ) \n		\n	then\n		Map bindings = new HashMap();\n		\n		bindings.put(\"RLI\", RLI );\n		\n		bindings.put(\"AV\", AV );\n		\n	Map _p0 = new HashMap();\r\n_p0.put( \"rptledgeritem\", RLI );\r\n_p0.put( \"expr\", (new ActionExpression(\"AV * 0.01\", bindings)) );\r\naction.execute( \"calc-tax\",_p0,drools);\r\n\nend\n\n\n	'),('RUL49a3c540:14e51feb8f6:-77d2','\npackage miscassessment.CALC_RPU_APPRAISAL;\nimport miscassessment.*;\nimport java.util.*;\nimport com.rameses.rules.common.*;\n\nglobal RuleAction action;\n\nrule \"CALC_RPU_APPRAISAL\"\n	agenda-group \"BEFORE-ASSESSLEVEL\"\n	salience 50000\n	no-loop\n	when\n		\n		\n		MRPU: rptis.misc.facts.MiscRPU (  useswornamount == false  ) \n		\n		VAR1: rptis.facts.RPTVariable (  varid matches \"TOTAL_BMV\",TOTALBMV:value ) \n		\n		VAR2: rptis.facts.RPTVariable (  varid matches \"TOTAL_MV\",TOTALMV:value ) \n		\n	then\n		Map bindings = new HashMap();\n		\n		bindings.put(\"MRPU\", MRPU );\n		\n		bindings.put(\"VAR1\", VAR1 );\n		\n		bindings.put(\"TOTALMV\", TOTALMV );\n		\n		bindings.put(\"TOTALBMV\", TOTALBMV );\n		\n		bindings.put(\"VAR2\", VAR2 );\n		\n	Map _p0 = new HashMap();\r\n_p0.put( \"miscrpu\", MRPU );\r\n_p0.put( \"expr\", (new ActionExpression(\"TOTALMV\", bindings)) );\r\naction.execute( \"calc-rpu-mv\",_p0,drools);\r\nMap _p1 = new HashMap();\r\n_p1.put( \"miscrpu\", MRPU );\r\n_p1.put( \"expr\", (new ActionExpression(\"TOTALBMV\", bindings)) );\r\naction.execute( \"calc-rpu-bmv\",_p1,drools);\r\n\nend\n\n\n	'),('RUL49fb6db4:149c7eeb0ca:-568e','\npackage bprequirement.SEC_REGISTRATION;\nimport bprequirement.*;\nimport java.util.*;\nimport com.rameses.rules.common.*;\n\nglobal RuleAction action;\n\nrule \"SEC_REGISTRATION\"\n	agenda-group \"initial\"\n	salience 50000\n	no-loop\n	when\n		\n		\n		 bpls.facts.BPApplication (  orgtype matches \"CORP|ASSO|PART\" ) \n		\n	then\n		Map bindings = new HashMap();\n		\n	Map _p0 = new HashMap();\r\n_p0.put( \"type\", new KeyValue(\"SEC\", \"SEC\") );\r\n_p0.put( \"step\", \"null\" );\r\n_p0.put( \"context\", \"BUSINESS\" );\r\naction.execute( \"add_requirement\",_p0,drools);\r\n\nend\n\n\n	'),('RUL49fb6db4:149c7eeb0ca:-5780','\npackage bprequirement.DTI_REGISTRATION;\nimport bprequirement.*;\nimport java.util.*;\nimport com.rameses.rules.common.*;\n\nglobal RuleAction action;\n\nrule \"DTI_REGISTRATION\"\n	agenda-group \"initial\"\n	salience 50000\n	no-loop\n	when\n		\n		\n		 bpls.facts.BPApplication (  orgtype matches \"SING\" ) \n		\n	then\n		Map bindings = new HashMap();\n		\n	Map _p0 = new HashMap();\r\n_p0.put( \"type\", new KeyValue(\"DTI\", \"DTI\") );\r\n_p0.put( \"step\", \"null\" );\r\n_p0.put( \"context\", \"BUSINESS\" );\r\naction.execute( \"add_requirement\",_p0,drools);\r\n\nend\n\n\n	'),('RUL49fb6db4:149c7eeb0ca:-5922','\npackage bprequirement.CDA_CERTIFICATE;\nimport bprequirement.*;\nimport java.util.*;\nimport com.rameses.rules.common.*;\n\nglobal RuleAction action;\n\nrule \"CDA_CERTIFICATE\"\n	agenda-group \"initial\"\n	salience 50000\n	no-loop\n	when\n		\n		\n		 bpls.facts.BPApplication (  orgtype matches \"COOP\" ) \n		\n	then\n		Map bindings = new HashMap();\n		\n	Map _p0 = new HashMap();\r\n_p0.put( \"type\", new KeyValue(\"CDA\", \"CDA\") );\r\n_p0.put( \"step\", \"null\" );\r\n_p0.put( \"context\", \"BUSINESS\" );\r\naction.execute( \"add_requirement\",_p0,drools);\r\n\nend\n\n\n	'),('RUL4e46261d:14f924c6b53:-7d9b','\npackage bldgassessment.CALC_DEPRECIATION_SWORN;\nimport bldgassessment.*;\nimport java.util.*;\nimport com.rameses.rules.common.*;\n\nglobal RuleAction action;\n\nrule \"CALC_DEPRECIATION_SWORN\"\n	agenda-group \"DEPRECIATION\"\n	salience 50000\n	no-loop\n	when\n		\n		\n		RPU: rptis.bldg.facts.BldgRPU (  DPRATE:depreciation ) \n		\n		BU: rptis.bldg.facts.BldgUse (  SWORNAMT:swornamount,ADJUSTMENT:adjustment,useswornamount == true  ) \n		\n	then\n		Map bindings = new HashMap();\n		\n		bindings.put(\"RPU\", RPU );\n		\n		bindings.put(\"SWORNAMT\", SWORNAMT );\n		\n		bindings.put(\"DPRATE\", DPRATE );\n		\n		bindings.put(\"BU\", BU );\n		\n		bindings.put(\"ADJUSTMENT\", ADJUSTMENT );\n		\n	Map _p0 = new HashMap();\r\n_p0.put( \"bldguse\", BU );\r\n_p0.put( \"expr\", (new ActionExpression(\"@ROUND( (SWORNAMT + ADJUSTMENT)  * DPRATE / 100.0, 2)\", bindings)) );\r\naction.execute( \"calc-bldguse-depreciation\",_p0,drools);\r\n\nend\n\n\n	'),('RUL560f5a64:1735a1dbaf4:-788a','\npackage rptbilling.BACKTAX_ADJ;\nimport rptbilling.*;\nimport java.util.*;\nimport com.rameses.rules.common.*;\n\nglobal RuleAction action;\n\nrule \"BACKTAX_ADJ\"\n	agenda-group \"AFTER_PENALTY\"\n	salience 50000\n	no-loop\n	when\n		\n		\n		RLI: rptis.landtax.facts.RPTLedgerItemFact (  backtax == true  ) \n		\n	then\n		Map bindings = new HashMap();\n		\n		bindings.put(\"RLI\", RLI );\n		\n	Map _p0 = new HashMap();\r\n_p0.put( \"rptledgeritem\", RLI );\r\n_p0.put( \"expr\", (new ActionExpression(\"0\", bindings)) );\r\naction.execute( \"calc-interest\",_p0,drools);\r\n\nend\n\n\n	'),('RUL587fd625:1529f9e286a:-7dc7','\npackage bpbilling.INTEREST;\nimport bpbilling.*;\nimport java.util.*;\nimport com.rameses.rules.common.*;\n\nglobal RuleAction action;\n\nrule \"INTEREST\"\n	agenda-group \"interest\"\n	salience 50000\n	no-loop\n	when\n		\n		\n		BT: bpls.facts.BillItem (  type == \"TAX\",expired == true ,assessmenttype matches \"RENEW\",AMT:amtdue ) \n		\n		 bpls.facts.BillDate (  NMON:month ) \n		\n	then\n		Map bindings = new HashMap();\n		\n		bindings.put(\"BT\", BT );\n		\n		bindings.put(\"NMON\", NMON );\n		\n		bindings.put(\"AMT\", AMT );\n		\n	Map _p0 = new HashMap();\r\n_p0.put( \"billitem\", BT );\r\n_p0.put( \"amount\", (new ActionExpression(\"AMT *  NMON * 0.02\", bindings)) );\r\n_p0.put( \"account\", new KeyValue(\"IA4dfadde2:132ec81be1e:-7e50\", \"BUSINESS INTEREST\") );\r\naction.execute( \"calc_interest\",_p0,drools);\r\n\nend\n\n\n	'),('RUL59614e16:14c5e56ecc8:-7cbf','\npackage miscassessment.CALC_MARKET_VALUE;\nimport miscassessment.*;\nimport java.util.*;\nimport com.rameses.rules.common.*;\n\nglobal RuleAction action;\n\nrule \"CALC_MARKET_VALUE\"\n	agenda-group \"MARKETVALUE\"\n	salience 50000\n	no-loop\n	when\n		\n		\n		MI: rptis.misc.facts.MiscItem (  BMV:basemarketvalue,DEP:depreciatedvalue ) \n		\n	then\n		Map bindings = new HashMap();\n		\n		bindings.put(\"MI\", MI );\n		\n		bindings.put(\"BMV\", BMV );\n		\n		bindings.put(\"DEP\", DEP );\n		\n	Map _p0 = new HashMap();\r\n_p0.put( \"miscitem\", MI );\r\n_p0.put( \"expr\", (new ActionExpression(\"@ROUND( BMV - DEP , 2)\", bindings)) );\r\naction.execute( \"calc-mv\",_p0,drools);\r\n\nend\n\n\n	'),('RUL59614e16:14c5e56ecc8:-7dfb','\npackage miscassessment.CALC_DEPRECIATION;\nimport miscassessment.*;\nimport java.util.*;\nimport com.rameses.rules.common.*;\n\nglobal RuleAction action;\n\nrule \"CALC_DEPRECIATION\"\n	agenda-group \"DEPRECIATION\"\n	salience 50000\n	no-loop\n	when\n		\n		\n		MI: rptis.misc.facts.MiscItem (  BMV:basemarketvalue,DEPRATE:depreciation ) \n		\n	then\n		Map bindings = new HashMap();\n		\n		bindings.put(\"MI\", MI );\n		\n		bindings.put(\"BMV\", BMV );\n		\n		bindings.put(\"DEPRATE\", DEPRATE );\n		\n	Map _p0 = new HashMap();\r\n_p0.put( \"miscitem\", MI );\r\n_p0.put( \"expr\", (new ActionExpression(\"@ROUND( BMV * DEPRATE / 100 , 0)\", bindings)) );\r\naction.execute( \"calc-depreciation\",_p0,drools);\r\n\nend\n\n\n	'),('RUL5b4ac915:147baaa06b4:-6f31','\npackage landassessment.BUILD_ASSESSMENT_INFO_SPLIT;\nimport landassessment.*;\nimport java.util.*;\nimport com.rameses.rules.common.*;\n\nglobal RuleAction action;\n\nrule \"BUILD_ASSESSMENT_INFO_SPLIT\"\n	agenda-group \"SUMMARY\"\n	salience 50000\n	no-loop\n	when\n		\n		\n		LA: rptis.land.facts.LandDetail (  CLASS:classification != null ) \n		\n	then\n		Map bindings = new HashMap();\n		\n		bindings.put(\"LA\", LA );\n		\n		bindings.put(\"CLASS\", CLASS );\n		\n	Map _p0 = new HashMap();\r\n_p0.put( \"landdetail\", LA );\r\n_p0.put( \"classification\", CLASS );\r\naction.execute( \"add-assessment-info\",_p0,drools);\r\n\nend\n\n\n	'),('RUL5d2ef71:1472236f427:-7f50','\npackage bpinfo.ASK_DECLARED_GROSS;\nimport bpinfo.*;\nimport java.util.*;\nimport com.rameses.rules.common.*;\n\nglobal RuleAction action;\n\nrule \"ASK_DECLARED_GROSS\"\n	agenda-group \"default\"\n	salience 50000\n	no-loop\n	when\n		\n		\n		LOB: bpls.facts.LOB (  assessmenttype matches \"RENEW|RETIRE\",lobid not matches \"LOBdb44826:150b62146e5:-5939|LOB70a2ad6b:150b17245f0:-1aad|LOB63ece70a:150c58eb6a5:-1b2d\" ) \n		\n	then\n		Map bindings = new HashMap();\n		\n		bindings.put(\"LOB\", LOB );\n		\n	Map _p0 = new HashMap();\r\n_p0.put( \"lob\", LOB );\r\n_p0.put( \"attribute\", new KeyValue(\"DECLARED_GROSS\", \"DECLARED GROSS\") );\r\n_p0.put( \"defaultvalue\", \"null\" );\r\naction.execute( \"ask_business_info\",_p0,drools);\r\n\nend\n\n\n	'),('RUL5f10a9aa:1698ea3f7ff:-6cba','\npackage landassessment.CALC_TOTAL_AV;\nimport landassessment.*;\nimport java.util.*;\nimport com.rameses.rules.common.*;\n\nglobal RuleAction action;\n\nrule \"CALC_TOTAL_AV\"\n	agenda-group \"AFTER-SUMMARY\"\n	salience 50000\n	no-loop\n	when\n		\n		\n		RA: rptis.facts.RPUAssessment (  actualuseid != null,AV:assessedvalue ) \n		\n	then\n		Map bindings = new HashMap();\n		\n		bindings.put(\"RA\", RA );\n		\n		bindings.put(\"AV\", AV );\n		\n	Map _p0 = new HashMap();\r\n_p0.put( \"var\", new KeyValue(\"TOTAL_AV\", \"TOTAL_AV\") );\r\n_p0.put( \"aggregatetype\", \"sum\" );\r\n_p0.put( \"expr\", (new ActionExpression(\"AV\", bindings)) );\r\naction.execute( \"add-derive-var\",_p0,drools);\r\n\nend\n\n\n	'),('RUL695e885:17fbe712f37:-7731','\npackage bpassessment.ASK_ASSET_SIZE;\nimport bpassessment.*;\nimport java.util.*;\nimport com.rameses.rules.common.*;\n\nglobal RuleAction action;\n\nrule \"ASK_ASSET_SIZE\"\n	agenda-group \"appinfo\"\n	salience 50000\n	no-loop\n	when\n		\n		\n		 bpls.facts.BPApplication (  apptype matches \"NEW|RENEW|ADDITIONAL\" ) \n		\n	then\n		Map bindings = new HashMap();\n		\n	Map _p0 = new HashMap();\r\n_p0.put( \"attribute\", new KeyValue(\"ASSET_SIZE\", \"ASSET_SIZE\") );\r\naction.execute( \"ask_business_info\",_p0,drools);\r\n\nend\n\n\n	'),('RUL695e885:17fbe712f37:-7bed','\npackage bpassessment.MP_RETAILER;\nimport bpassessment.*;\nimport java.util.*;\nimport com.rameses.rules.common.*;\n\nglobal RuleAction action;\n\nrule \"MP_RETAILER\"\n	agenda-group \"regfee\"\n	salience 50000\n	no-loop\n	when\n		\n		\n		LOB: bpls.facts.LOB (  assessmenttype matches \"NEW|RENEW\" ) \n		\n		 bpls.facts.BusinessInfo (  name==\"BUSINESS_CHARACTERISTIC\" ,lob == null,BUSINESS_CHARACTERISTIC:stringvalue ) \n		\n	then\n		Map bindings = new HashMap();\n		\n		bindings.put(\"LOB\", LOB );\n		\n		bindings.put(\"BUSINESS_CHARACTERISTIC\", BUSINESS_CHARACTERISTIC );\n		\n	Map _p0 = new HashMap();\r\n_p0.put( \"lob\", LOB );\r\n_p0.put( \"account\", new KeyValue(\"IA-442b836f:13b81fe72b4:-7fec\", \"MAYOR\'S PERMIT FEE\") );\r\n_p0.put( \"amount\", (new ActionExpression(\"if ( BUSINESS_CHARACTERISTIC == \'COTTAGE\' ) return 100; if ( BUSINESS_CHARACTERISTIC == \'SMALL\' ) return 300; return 600;\", bindings)) );\r\naction.execute( \"compute_regfee\",_p0,drools);\r\n\nend\n\n\n	'),('RUL6c54cc00:1486224bc82:-3cc1','\npackage bpassessment.DETERMINE_BUSINESS_CHARACTERISTIC;\nimport bpassessment.*;\nimport java.util.*;\nimport com.rameses.rules.common.*;\n\nglobal RuleAction action;\n\nrule \"DETERMINE_BUSINESS_CHARACTERISTIC\"\n	agenda-group \"postappinfo\"\n	salience 50000\n	no-loop\n	when\n		\n		\n		 bpls.facts.BusinessInfo (  name==\"ASSET_SIZE\" ,lob == null,ASSET_SIZE:decimalvalue ) \n		\n		 bpls.facts.BusinessInfo (  name==\"NUM_EMPLOYEE\" ,lob == null,NUM_EMPLOYEE:intvalue ) \n		\n	then\n		Map bindings = new HashMap();\n		\n		bindings.put(\"ASSET_SIZE\", ASSET_SIZE );\n		\n		bindings.put(\"NUM_EMPLOYEE\", NUM_EMPLOYEE );\n		\n	Map _p0 = new HashMap();\r\n_p0.put( \"lob\", null );\r\n_p0.put( \"attribute\", new KeyValue(\"BUSINESS_CHARACTERISTIC\", \"BUSINESS_CHARACTERISTIC\") );\r\n_p0.put( \"value\", (new ActionExpression(\"int a = 0; int b = 0;  if( ASSET_SIZE <= 500000 ) a=0; else if( ASSET_SIZE <= 5000000 ) a=1; else if( ASSET_SIZE <= 20000000 ) a=2; else a=3;  if( NUM_EMPLOYEE <=10 ) b=0; else if( NUM_EMPLOYEE <= 99 ) b=1; else if( NUM_EMPLOYEE <= 199) b=2; else b=3;  int c = (a>b) ? a: b;  if(c==0) return \'COTTAGE\'; else if(c==1) return \'SMALL\'; else if(c==2) return \'MEDIUM\'; else return \'LARGE\';  \", bindings)) );\r\naction.execute( \"assert_business_info\",_p0,drools);\r\n\nend\n\n\n	'),('RUL6d174068:14e3de9c20b:-7fcb','\npackage miscassessment.CALC_RPU_ASSESSED_VALUE;\nimport miscassessment.*;\nimport java.util.*;\nimport com.rameses.rules.common.*;\n\nglobal RuleAction action;\n\nrule \"CALC_RPU_ASSESSED_VALUE\"\n	agenda-group \"ASSESSEDVALUE\"\n	salience 50000\n	no-loop\n	when\n		\n		\n		MRPU: rptis.misc.facts.MiscRPU (  MV:marketvalue,AL:assesslevel ) \n		\n	then\n		Map bindings = new HashMap();\n		\n		bindings.put(\"MRPU\", MRPU );\n		\n		bindings.put(\"MV\", MV );\n		\n		bindings.put(\"AL\", AL );\n		\n	Map _p0 = new HashMap();\r\n_p0.put( \"miscrpu\", MRPU );\r\n_p0.put( \"expr\", (new ActionExpression(\"@ROUND( MV * AL / 100.0 ,2 )\", bindings)) );\r\naction.execute( \"calc-rpu-av\",_p0,drools);\r\n\nend\n\n\n	'),('RUL6daebb4a:148d65c9a35:-7f80','\npackage bprequirement.BASIC_REQUIREMENTS;\nimport bprequirement.*;\nimport java.util.*;\nimport com.rameses.rules.common.*;\n\nglobal RuleAction action;\n\nrule \"BASIC_REQUIREMENTS\"\n	agenda-group \"initial\"\n	salience 50000\n	no-loop\n	when\n		\n		\n		 bpls.facts.BPApplication (  apptype matches \"NEW|RENEW\" ) \n		\n	then\n		Map bindings = new HashMap();\n		\n	Map _p0 = new HashMap();\r\n_p0.put( \"type\", new KeyValue(\"BUSINESS_TAX\", \"BUSINESS TAX\") );\r\n_p0.put( \"step\", \"assessment\" );\r\n_p0.put( \"context\", \"APPLICATION\" );\r\naction.execute( \"add_requirement\",_p0,drools);\r\nMap _p1 = new HashMap();\r\n_p1.put( \"type\", new KeyValue(\"SAN\", \"SANITARY PERMIT\") );\r\n_p1.put( \"step\", \"assessment\" );\r\n_p1.put( \"context\", \"APPLICATION\" );\r\naction.execute( \"add_requirement\",_p1,drools);\r\nMap _p2 = new HashMap();\r\n_p2.put( \"type\", new KeyValue(\"BIR\", \"BIR\") );\r\n_p2.put( \"step\", \"assessment\" );\r\n_p2.put( \"context\", \"APPLICATION\" );\r\naction.execute( \"add_requirement\",_p2,drools);\r\nMap _p3 = new HashMap();\r\n_p3.put( \"type\", new KeyValue(\"BUHIS\", \"RPT CLEARANCE\") );\r\n_p3.put( \"step\", \"assessment\" );\r\n_p3.put( \"context\", \"APPLICATION\" );\r\naction.execute( \"add_requirement\",_p3,drools);\r\nMap _p4 = new HashMap();\r\n_p4.put( \"type\", new KeyValue(\"CTC\", \"COMMUNITY TAX CERTIFICATE\") );\r\n_p4.put( \"step\", \"null\" );\r\n_p4.put( \"context\", \"APPLICATION\" );\r\naction.execute( \"add_requirement\",_p4,drools);\r\nMap _p5 = new HashMap();\r\n_p5.put( \"type\", new KeyValue(\"FIRE\", \"FIRE CLEARANCE\") );\r\n_p5.put( \"step\", \"payment\" );\r\n_p5.put( \"context\", \"APPLICATION\" );\r\naction.execute( \"add_requirement\",_p5,drools);\r\nMap _p6 = new HashMap();\r\n_p6.put( \"type\", new KeyValue(\"PC\", \"POLICE CLEARANCE\") );\r\n_p6.put( \"step\", \"null\" );\r\n_p6.put( \"context\", \"APPLICATION\" );\r\naction.execute( \"add_requirement\",_p6,drools);\r\nMap _p7 = new HashMap();\r\n_p7.put( \"type\", new KeyValue(\"BC\", \"BRGY CLEARANCE\") );\r\n_p7.put( \"step\", \"null\" );\r\n_p7.put( \"context\", \"APPLICATION\" );\r\naction.execute( \"add_requirement\",_p7,drools);\r\n\nend\n\n\n	'),('RUL6ea11f4c:14ae127feb2:-7e40','\npackage bpassessment.REMOVE_BT_FOR_HAS_TAX_INCENTIVE;\nimport bpassessment.*;\nimport java.util.*;\nimport com.rameses.rules.common.*;\n\nglobal RuleAction action;\n\nrule \"REMOVE_BT_FOR_HAS_TAX_INCENTIVE\"\n	agenda-group \"summary\"\n	salience 50000\n	no-loop\n	when\n		\n		\n		 bpls.facts.BusinessInfo (  name==\"HAS_TAX_INCENTIVE\" ,lob == null,HAS_TAX_INCENTIVE:booleanvalue == true  ) \n		\n		BT: bpls.facts.TaxFeeAccount (  type == \"TAX\" ) \n		\n	then\n		Map bindings = new HashMap();\n		\n		bindings.put(\"BT\", BT );\n		\n		bindings.put(\"HAS_TAX_INCENTIVE\", HAS_TAX_INCENTIVE );\n		\n	Map _p0 = new HashMap();\r\n_p0.put( \"taxfee\", BT );\r\naction.execute( \"remove_taxfee\",_p0,drools);\r\n\nend\n\n\n	'),('RUL77d680ba:14885b8719f:-7c30','\npackage bpbilling.SET_VALID_DATE_NEW;\nimport bpbilling.*;\nimport java.util.*;\nimport com.rameses.rules.common.*;\n\nglobal RuleAction action;\n\nrule \"SET_VALID_DATE_NEW\"\n	agenda-group \"initial\"\n	salience 50000\n	no-loop\n	when\n		\n		\n		 bpls.facts.BPApplication (  apptype matches \"NEW\",APPYEAR:appyear ) \n		\n	then\n		Map bindings = new HashMap();\n		\n		bindings.put(\"APPYEAR\", APPYEAR );\n		\n	Map _p0 = new HashMap();\r\n_p0.put( \"expirydate\", (new ActionExpression(\"@DATE( APPYEAR, 12 , 31 )\", bindings)) );\r\naction.execute( \"set_billexpirydate\",_p0,drools);\r\n\nend\n\n\n	'),('RUL7e02b404:166ae687f42:-5511','\npackage rptbilling.PENALTY_CURRENT_YEAR;\nimport rptbilling.*;\nimport java.util.*;\nimport com.rameses.rules.common.*;\n\nglobal RuleAction action;\n\nrule \"PENALTY_CURRENT_YEAR\"\n	agenda-group \"PENALTY\"\n	salience 50000\n	no-loop\n	when\n		\n		\n		 CurrentDate (  CY:year,CQTR:qtr > 1 ) \n		\n		RLI: rptis.landtax.facts.RPTLedgerItemFact (  revtype matches \"basic|sef\",year == CY,TAX:amtdue,NMON:monthsfromjan ) \n		\n	then\n		Map bindings = new HashMap();\n		\n		bindings.put(\"CY\", CY );\n		\n		bindings.put(\"RLI\", RLI );\n		\n		bindings.put(\"CQTR\", CQTR );\n		\n		bindings.put(\"NMON\", NMON );\n		\n		bindings.put(\"TAX\", TAX );\n		\n	Map _p0 = new HashMap();\r\n_p0.put( \"rptledgeritem\", RLI );\r\n_p0.put( \"expr\", (new ActionExpression(\"TAX * NMON * 0.02\", bindings)) );\r\naction.execute( \"calc-interest\",_p0,drools);\r\n\nend\n\n\n	'),('RULec9d7ab:166235c2e16:-255e','\npackage rptbilling.BUILD_BILL_ITEMS;\nimport rptbilling.*;\nimport java.util.*;\nimport com.rameses.rules.common.*;\n\nglobal RuleAction action;\n\nrule \"BUILD_BILL_ITEMS\"\n	agenda-group \"AFTER_SUMMARY\"\n	salience 50000\n	no-loop\n	when\n		\n		\n		RLTS: rptis.landtax.facts.RPTLedgerTaxSummaryFact (   ) \n		\n	then\n		Map bindings = new HashMap();\n		\n		bindings.put(\"RLTS\", RLTS );\n		\n	Map _p0 = new HashMap();\r\n_p0.put( \"taxsummary\", RLTS );\r\naction.execute( \"add-billitem\",_p0,drools);\r\n\nend\n\n\n	'),('RULec9d7ab:166235c2e16:-26bf','\npackage rptbilling.TOTAL_ADVANCE;\nimport rptbilling.*;\nimport java.util.*;\nimport com.rameses.rules.common.*;\n\nglobal RuleAction action;\n\nrule \"TOTAL_ADVANCE\"\n	agenda-group \"SUMMARY\"\n	salience 50000\n	no-loop\n	when\n		\n		\n		 CurrentDate (  CY:year ) \n		\n		RLI: rptis.landtax.facts.RPTLedgerItemFact (  year > CY ) \n		\n	then\n		Map bindings = new HashMap();\n		\n		bindings.put(\"CY\", CY );\n		\n		bindings.put(\"RLI\", RLI );\n		\n	Map _p0 = new HashMap();\r\n_p0.put( \"rptledgeritem\", RLI );\r\n_p0.put( \"revperiod\", \"advance\" );\r\naction.execute( \"create-tax-summary\",_p0,drools);\r\n\nend\n\n\n	'),('RULec9d7ab:166235c2e16:-26d0','\npackage rptbilling.TOTAL_CURRENT;\nimport rptbilling.*;\nimport java.util.*;\nimport com.rameses.rules.common.*;\n\nglobal RuleAction action;\n\nrule \"TOTAL_CURRENT\"\n	agenda-group \"SUMMARY\"\n	salience 50000\n	no-loop\n	when\n		\n		\n		 CurrentDate (  CY:year ) \n		\n		RLI: rptis.landtax.facts.RPTLedgerItemFact (  year == CY ) \n		\n	then\n		Map bindings = new HashMap();\n		\n		bindings.put(\"CY\", CY );\n		\n		bindings.put(\"RLI\", RLI );\n		\n	Map _p0 = new HashMap();\r\n_p0.put( \"rptledgeritem\", RLI );\r\n_p0.put( \"revperiod\", \"current\" );\r\naction.execute( \"create-tax-summary\",_p0,drools);\r\n\nend\n\n\n	'),('RULec9d7ab:166235c2e16:-2f1f','\npackage rptbilling.EXPIRY_DATE_DEFAULT;\nimport rptbilling.*;\nimport java.util.*;\nimport com.rameses.rules.common.*;\n\nglobal RuleAction action;\n\nrule \"EXPIRY_DATE_DEFAULT\"\n	agenda-group \"BEFORE_SUMMARY\"\n	salience 10000\n	no-loop\n	when\n		\n		\n		BILL: rptis.landtax.facts.Bill (  CDATE:currentdate ) \n		\n	then\n		Map bindings = new HashMap();\n		\n		bindings.put(\"BILL\", BILL );\n		\n		bindings.put(\"CDATE\", CDATE );\n		\n	Map _p0 = new HashMap();\r\n_p0.put( \"bill\", BILL );\r\n_p0.put( \"expr\", (new ActionExpression(\"@MONTHEND( CDATE )\", bindings)) );\r\naction.execute( \"set-bill-expiry\",_p0,drools);\r\n\nend\n\n\n	'),('RULec9d7ab:166235c2e16:-319f','\npackage rptbilling.EXPIRY_DATE_ADVANCE_YEAR;\nimport rptbilling.*;\nimport java.util.*;\nimport com.rameses.rules.common.*;\n\nglobal RuleAction action;\n\nrule \"EXPIRY_DATE_ADVANCE_YEAR\"\n	agenda-group \"BEFORE_SUMMARY\"\n	salience 5000\n	no-loop\n	when\n		\n		\n		 CurrentDate (  CY:year ) \n		\n		RL: rptis.landtax.facts.RPTLedgerFact (  lastyearpaid == CY,lastqtrpaid == 4 ) \n		\n		BILL: rptis.landtax.facts.Bill (  billtoyear > CY ) \n		\n	then\n		Map bindings = new HashMap();\n		\n		bindings.put(\"CY\", CY );\n		\n		bindings.put(\"RL\", RL );\n		\n		bindings.put(\"BILL\", BILL );\n		\n	Map _p0 = new HashMap();\r\n_p0.put( \"bill\", BILL );\r\n_p0.put( \"expr\", (new ActionExpression(\"@MONTHEND(@DATE(CY, 12, 1));\", bindings)) );\r\naction.execute( \"set-bill-expiry\",_p0,drools);\r\n\nend\n\n\n	'),('RULec9d7ab:166235c2e16:-3811','\npackage rptbilling.SPLIT_QUARTERLY_BILLED_ITEMS;\nimport rptbilling.*;\nimport java.util.*;\nimport com.rameses.rules.common.*;\n\nglobal RuleAction action;\n\nrule \"SPLIT_QUARTERLY_BILLED_ITEMS\"\n	agenda-group \"BEFORE_SUMMARY\"\n	salience 50000\n	no-loop\n	when\n		\n		\n		RLI: rptis.landtax.facts.RPTLedgerItemFact (  qtrly == false ,revtype matches \"basic|sef\" ) \n		\n		BILL: rptis.landtax.facts.Bill (  forpayment == true  ) \n		\n	then\n		Map bindings = new HashMap();\n		\n		bindings.put(\"RLI\", RLI );\n		\n		bindings.put(\"BILL\", BILL );\n		\n	Map _p0 = new HashMap();\r\n_p0.put( \"rptledgeritem\", RLI );\r\naction.execute( \"split-bill-item\",_p0,drools);\r\n\nend\n\n\n	'),('RULec9d7ab:166235c2e16:-3c17','\npackage rptbilling.AGGREGATE_PREVIOUS_ITEMS;\nimport rptbilling.*;\nimport java.util.*;\nimport com.rameses.rules.common.*;\n\nglobal RuleAction action;\n\nrule \"AGGREGATE_PREVIOUS_ITEMS\"\n	agenda-group \"BEFORE_SUMMARY\"\n	salience 60000\n	no-loop\n	when\n		\n		\n		 CurrentDate (  CY:year ) \n		\n		RLI: rptis.landtax.facts.RPTLedgerItemFact (  year < CY,qtrly == true  ) \n		\n		BILL: rptis.landtax.facts.Bill (  forpayment == false  ) \n		\n	then\n		Map bindings = new HashMap();\n		\n		bindings.put(\"CY\", CY );\n		\n		bindings.put(\"RLI\", RLI );\n		\n		bindings.put(\"BILL\", BILL );\n		\n	Map _p0 = new HashMap();\r\n_p0.put( \"rptledgeritem\", RLI );\r\naction.execute( \"aggregate-bill-item\",_p0,drools);\r\n\nend\n\n\n	'),('RULec9d7ab:166235c2e16:-4197','\npackage rptbilling.DISCOUNT_ADVANCE;\nimport rptbilling.*;\nimport java.util.*;\nimport com.rameses.rules.common.*;\n\nglobal RuleAction action;\n\nrule \"DISCOUNT_ADVANCE\"\n	agenda-group \"DISCOUNT\"\n	salience 40000\n	no-loop\n	when\n		\n		\n		 CurrentDate (  CY:year ) \n		\n		RLI: rptis.landtax.facts.RPTLedgerItemFact (  year > CY,TAX:amtdue ) \n		\n	then\n		Map bindings = new HashMap();\n		\n		bindings.put(\"CY\", CY );\n		\n		bindings.put(\"RLI\", RLI );\n		\n		bindings.put(\"TAX\", TAX );\n		\n	Map _p0 = new HashMap();\r\n_p0.put( \"rptledgeritem\", RLI );\r\n_p0.put( \"expr\", (new ActionExpression(\"@ROUND(TAX * 0.20)\", bindings)) );\r\naction.execute( \"calc-discount\",_p0,drools);\r\n\nend\n\n\n	'),('RULec9d7ab:166235c2e16:-5fcb','\npackage rptbilling.SPLIT_QTR;\nimport rptbilling.*;\nimport java.util.*;\nimport com.rameses.rules.common.*;\n\nglobal RuleAction action;\n\nrule \"SPLIT_QTR\"\n	agenda-group \"INIT\"\n	salience 50000\n	no-loop\n	when\n		\n		\n		 CurrentDate (  CY:year ) \n		\n		RLI: rptis.landtax.facts.RPTLedgerItemFact (  year >= CY ) \n		\n	then\n		Map bindings = new HashMap();\n		\n		bindings.put(\"CY\", CY );\n		\n		bindings.put(\"RLI\", RLI );\n		\n	Map _p0 = new HashMap();\r\n_p0.put( \"rptledgeritem\", RLI );\r\naction.execute( \"split-by-qtr\",_p0,drools);\r\n\nend\n\n\n	');
/*!40000 ALTER TABLE `sys_rule_deployed` ENABLE KEYS */;
UNLOCK TABLES;

--
-- Table structure for table `sys_rule_fact`
--

DROP TABLE IF EXISTS `sys_rule_fact`;
/*!40101 SET @saved_cs_client     = @@character_set_client */;
/*!40101 SET character_set_client = utf8 */;
CREATE TABLE `sys_rule_fact` (
  `objid` varchar(50) NOT NULL,
  `name` varchar(50) NOT NULL,
  `title` varchar(160) DEFAULT NULL,
  `factclass` varchar(50) DEFAULT NULL,
  `sortorder` int(11) DEFAULT NULL,
  `handler` varchar(50) DEFAULT NULL,
  `defaultvarname` varchar(25) DEFAULT NULL,
  `dynamic` int(11) DEFAULT NULL,
  `lookuphandler` varchar(50) DEFAULT NULL,
  `lookupkey` varchar(50) DEFAULT NULL,
  `lookupvalue` varchar(50) DEFAULT NULL,
  `lookupdatatype` varchar(50) DEFAULT NULL,
  `dynamicfieldname` varchar(50) DEFAULT NULL,
  `builtinconstraints` varchar(50) DEFAULT NULL,
  `domain` varchar(50) DEFAULT NULL,
  `factsuperclass` varchar(255) DEFAULT NULL,
  PRIMARY KEY (`objid`)
) ENGINE=InnoDB DEFAULT CHARSET=utf8;
/*!40101 SET character_set_client = @saved_cs_client */;

--
-- Dumping data for table `sys_rule_fact`
--

LOCK TABLES `sys_rule_fact` WRITE;
/*!40000 ALTER TABLE `sys_rule_fact` DISABLE KEYS */;
INSERT INTO `sys_rule_fact` VALUES ('com.rameses.rules.common.CurrentDate','com.rameses.rules.common.CurrentDate','Current Date','com.rameses.rules.common.CurrentDate',0,NULL,NULL,NULL,NULL,NULL,NULL,NULL,NULL,NULL,'SYSTEM',NULL),('ctc.facts.CorporateCTC','ctc.facts.CorporateCTC','Corporate CTC','ctc.facts.CorporateCTC',1,NULL,NULL,NULL,NULL,NULL,NULL,NULL,NULL,NULL,'CTC',NULL),('ctc.facts.IndividualCTC','ctc.facts.IndividualCTC','Individual CTC','ctc.facts.IndividualCTC',1,NULL,'ICTC',NULL,NULL,NULL,NULL,NULL,NULL,NULL,'CTC',NULL),('CurrentDate','CurrentDate','Current Date','CurrentDate',1,'','',NULL,'','','','','','','LANDTAX',NULL),('enterprise.facts.DateInfo','enterprise.facts.DateInfo','Date Info','enterprise.facts.DateInfo',0,NULL,NULL,NULL,NULL,NULL,NULL,NULL,NULL,NULL,'ENTERPRISE','enterprise.facts.VariableInfo'),('enterprise.facts.Org','enterprise.facts.Org','Org','enterprise.facts.Org',1,NULL,'ORG',NULL,NULL,NULL,NULL,NULL,NULL,NULL,'ENTERPRISE',NULL),('rptis.bldg.facts.BldgAdjustment','rptis.bldg.facts.BldgAdjustment','Building Adjustment','rptis.bldg.facts.BldgAdjustment',10,NULL,'ADJ',NULL,NULL,NULL,NULL,NULL,NULL,NULL,'RPT',NULL),('rptis.bldg.facts.BldgFloor','rptis.bldg.facts.BldgFloor','Building Floor','rptis.bldg.facts.BldgFloor',4,NULL,'BF',NULL,NULL,NULL,NULL,NULL,NULL,NULL,'RPT',NULL),('rptis.bldg.facts.BldgRPU','rptis.bldg.facts.BldgRPU','Building RPU','rptis.bldg.facts.BldgRPU',1,NULL,'RPU',NULL,NULL,NULL,NULL,NULL,NULL,NULL,'rpt',NULL),('rptis.bldg.facts.BldgStructure','rptis.bldg.facts.BldgStructure','Building Structure','rptis.bldg.facts.BldgStructure',2,NULL,'BS',NULL,NULL,NULL,NULL,NULL,NULL,NULL,'RPT',NULL),('rptis.bldg.facts.BldgUse','rptis.bldg.facts.BldgUse','Building Actual Use','rptis.bldg.facts.BldgUse',3,NULL,'BU',NULL,NULL,NULL,NULL,NULL,NULL,NULL,'RPT',NULL),('rptis.bldg.facts.BldgVariable','rptis.bldg.facts.BldgVariable','Derived Variable','rptis.bldg.facts.BldgVariable',35,NULL,'VAR',NULL,NULL,NULL,NULL,NULL,NULL,NULL,'RPT',NULL),('rptis.facts.Classification','rptis.facts.Classification','Classification','rptis.facts.Classification',45,NULL,'PC',NULL,NULL,NULL,NULL,NULL,NULL,NULL,'RPT',NULL),('rptis.facts.RPTVariable','rptis.facts.RPTVariable','System Variable','rptis.facts.RPTVariable',1000,NULL,'VAR',NULL,NULL,NULL,NULL,NULL,NULL,NULL,'rpt',NULL),('rptis.facts.RPU','rptis.facts.RPU','RPU','rptis.facts.RPU',-1,NULL,'RPU',NULL,NULL,NULL,NULL,NULL,NULL,NULL,'rpt',NULL),('rptis.facts.RPUAssessment','rptis.facts.RPUAssessment','Assessment','rptis.facts.RPUAssessment',80,NULL,'RA',NULL,NULL,NULL,NULL,NULL,NULL,NULL,'rpt',NULL),('rptis.land.facts.LandAdjustment','rptis.land.facts.LandAdjustment','Adjustment','rptis.land.facts.LandAdjustment',6,NULL,'ADJ',NULL,NULL,NULL,NULL,NULL,NULL,NULL,'RPT',NULL),('rptis.land.facts.LandDetail','rptis.land.facts.LandDetail','Appraisal','rptis.land.facts.LandDetail',2,NULL,'LA',NULL,NULL,NULL,NULL,NULL,NULL,NULL,'rpt',NULL),('rptis.landtax.facts.AssessedValue','rptis.landtax.facts.AssessedValue','Assessed Value','rptis.landtax.facts.AssessedValue',2,NULL,'AVINFO',NULL,NULL,NULL,NULL,NULL,NULL,NULL,'landtax',NULL),('rptis.landtax.facts.Bill','rptis.landtax.facts.Bill','Bill','rptis.landtax.facts.Bill',2,NULL,'BILL',NULL,NULL,NULL,NULL,NULL,NULL,NULL,'landtax',NULL),('rptis.landtax.facts.Classification','rptis.landtax.facts.Classification','Classification','rptis.landtax.facts.Classification',0,NULL,'CLASS',NULL,NULL,NULL,NULL,NULL,NULL,NULL,'landtax',NULL),('rptis.landtax.facts.RPTBillItem','rptis.landtax.facts.RPTBillItem','Bill Item','rptis.landtax.facts.RPTBillItem',3,NULL,'BILLITEM',NULL,NULL,NULL,NULL,NULL,NULL,NULL,'landtax',NULL),('rptis.landtax.facts.RPTIncentive','rptis.landtax.facts.RPTIncentive','Incentive','rptis.landtax.facts.RPTIncentive',10,NULL,'INCENTIVE',NULL,NULL,NULL,NULL,NULL,NULL,NULL,'landtax',NULL),('rptis.landtax.facts.RPTLedgerFact','rptis.landtax.facts.RPTLedgerFact','Ledger','rptis.landtax.facts.RPTLedgerFact',5,NULL,'RL',0,'','','','','',NULL,'landtax',NULL),('rptis.landtax.facts.RPTLedgerItemFact','rptis.landtax.facts.RPTLedgerItemFact','Ledger Item','rptis.landtax.facts.RPTLedgerItemFact',6,NULL,'RLI',NULL,'','','','','',NULL,'landtax',NULL),('rptis.landtax.facts.RPTLedgerTag','rptis.landtax.facts.RPTLedgerTag','Ledger Tag','rptis.landtax.facts.RPTLedgerTag',20,NULL,NULL,NULL,NULL,NULL,NULL,NULL,NULL,NULL,'LANDTAX',NULL),('rptis.landtax.facts.RPTLedgerTaxSummaryFact','rptis.landtax.facts.RPTLedgerTaxSummaryFact','Tax Summary','rptis.landtax.facts.RPTLedgerTaxSummaryFact',21,NULL,'RLTS',NULL,'','','','','',NULL,'landtax',NULL),('rptis.landtax.facts.ShareFact','rptis.landtax.facts.ShareFact','Share','rptis.landtax.facts.ShareFact',50,NULL,'LSH',NULL,'','','','','',NULL,'landtax',NULL),('rptis.mach.facts.MachineActualUse','rptis.mach.facts.MachineActualUse','Actual Use','rptis.mach.facts.MachineActualUse',3,NULL,'MAU',NULL,NULL,NULL,NULL,NULL,NULL,NULL,'rpt',NULL),('rptis.mach.facts.MachineDetail','rptis.mach.facts.MachineDetail','Machine','rptis.mach.facts.MachineDetail',2,NULL,'MACH',NULL,NULL,NULL,NULL,NULL,NULL,NULL,'rpt',NULL),('rptis.misc.facts.MiscItem','rptis.misc.facts.MiscItem','Miscellaneous Item','rptis.misc.facts.MiscItem',1,NULL,'MI',NULL,NULL,NULL,NULL,NULL,NULL,NULL,'RPT',NULL),('rptis.misc.facts.MiscRPU','rptis.misc.facts.MiscRPU','Miscellaneous RPU','rptis.misc.facts.MiscRPU',0,NULL,'MRPU',NULL,NULL,NULL,NULL,NULL,NULL,NULL,'RPT',NULL),('rptis.planttree.facts.PlantTreeDetail','rptis.planttree.facts.PlantTreeDetail','Plant/Tree Appraisal','rptis.planttree.facts.PlantTreeDetail',1,NULL,'PTD',NULL,NULL,NULL,NULL,NULL,NULL,NULL,'RPT',NULL),('RPTTxnInfoFact','RPTTxnInfoFact','Transaction','RPTTxnInfoFact',0,NULL,NULL,NULL,NULL,NULL,NULL,NULL,NULL,NULL,'RPT',NULL),('RULFACT-1f3e2b64:14230dd8f62:-7dd8','othercharge','Other Charge Bill Item','bpls.facts.BillItem',8,NULL,'OC',NULL,NULL,NULL,NULL,NULL,NULL,'type == \"OTHERCHARGE\"','bpls',NULL),('RULFACT-1f3e2b64:14230dd8f62:-7e29','regfee','Regulatory Fee Bill Item','bpls.facts.BillItem',7,NULL,'RF',NULL,NULL,NULL,NULL,NULL,NULL,'type == \"REGFEE\"','bpls',NULL),('RULFACT-1f3e2b64:14230dd8f62:-7eb6','businesstax','Business Tax Bill Item','bpls.facts.BillItem',6,NULL,'BT',NULL,NULL,NULL,NULL,NULL,NULL,'type == \"TAX\"','bpls',NULL),('RULFACT-26aa09fd:1419696e71f:-7feb','bpapplication','BPApplication','bpls.facts.BPApplication',2,NULL,NULL,NULL,NULL,NULL,NULL,NULL,NULL,NULL,'bpls',NULL),('RULFACT-46f22f55:14231734d86:-7eca','BillDate','Bill Date','bpls.facts.BillDate',1,NULL,NULL,NULL,NULL,NULL,NULL,NULL,NULL,NULL,'bpls',NULL),('RULFACT-6960d46:146ef7fe055:-7ed8','appliedpayment','Applied Payment','bpls.facts.AppliedPayment',0,NULL,'PMT',NULL,NULL,NULL,NULL,NULL,NULL,NULL,'bpls',NULL),('RULFACT-7387c51c:142dbad3349:-73aa','barangay','Barangay','Barangay',2,NULL,NULL,NULL,NULL,NULL,NULL,NULL,NULL,NULL,'CTC',NULL),('RULFACT-76732870:14196dc4027:-7f87','lob','Line of Business','bpls.facts.LOB',3,NULL,'LOB',NULL,NULL,NULL,NULL,NULL,NULL,NULL,'bpls',NULL),('RULFACT-7ea493a4:14237a0191b:-7fb7','payment','Payment','bpls.facts.Payment',0,NULL,NULL,NULL,NULL,NULL,NULL,NULL,NULL,NULL,'bpls',NULL),('RULFACT-bad19b4:141f3c18435:-7fa9','businessinfo','Business Info','bpls.facts.BusinessInfo',4,NULL,NULL,1,'businessvariable:lookup','objid','name','datatype','name',NULL,'bpls',NULL),('RULFACT-fd57605:142324ab5d2:-7f33','qtrdate','Qtr Date','bpls.facts.QtrDeadline',0,NULL,NULL,NULL,NULL,NULL,NULL,NULL,NULL,NULL,'bpls',NULL),('RULFACT-fd840f:146ad32de46:-735f','excess','Excess Payment','bpls.facts.ExcessPayment',0,NULL,'EXCESS',NULL,NULL,NULL,NULL,NULL,NULL,NULL,'bpls',NULL),('RULFACT17d6e7ce:141df4b60c2:-7c21','assessedvalue','Assessed Value Data','rptis.landtax.facts.AssessedValueFact',20,NULL,NULL,NULL,'','','','','',NULL,'LANDTAX',NULL),('RULFACT33cb572b:142da8961f6:-7da3','CorporateCTC','Corporate CTC','CorporateCTC',1,NULL,NULL,NULL,NULL,NULL,NULL,NULL,NULL,NULL,'CTC',NULL),('RULFACT33cb572b:142da8961f6:-7f96','IndividualCTC','Individual CTC','IndividualCTC',1,NULL,NULL,NULL,NULL,NULL,NULL,NULL,NULL,NULL,'CTC',NULL),('RULFACT357018a9:1452a5dcbf7:-793b','ShareInfoFact','LGU Share Info','rptis.landtax.facts.ShareInfoFact',50,NULL,'LSH',NULL,'','','','','',NULL,'LANDTAX',NULL),('RULFACT3a2b180:142b73535d5:-7fb1','LateRenewal','Late Renewal','bpls.facts.LateRenewal',20,NULL,'LateRenewal',NULL,NULL,NULL,NULL,NULL,NULL,NULL,'bpls',NULL),('RULFACT4a03cdfb:141f9a6dc3c:-784a','sysvariable','Sys Variable','bpls.facts.SysVariable',10,NULL,NULL,1,'bpassessment_sysvar:lookup','name','name','datatype','name',NULL,'bpls',NULL),('RULFACT4ca00100:141fe894560:-7d8e','othercharge','Other Charge Account','bpls.facts.TaxFeeAccount',7,NULL,'OC',NULL,NULL,NULL,NULL,NULL,NULL,'type==\"OTHERCHARGE\"','bpls',NULL),('RULFACT4ca00100:141fe894560:-7e3f','regfee','Regulatory Fee Account','bpls.facts.TaxFeeAccount',6,NULL,'RF',NULL,NULL,NULL,NULL,NULL,NULL,'type == \"REGFEE\"','bpls',NULL),('RULFACT547c5381:1451ae1cd9c:-75e0','paymentoption','Payment Option','rptis.landtax.facts.PaymentOptionFact',2,NULL,NULL,NULL,'','','','','',NULL,'LANDTAX',NULL),('RULFACT64302071:14232ed987c:-7f4e','payoption','Pay Option','bpls.facts.PayOption',0,NULL,NULL,NULL,NULL,NULL,NULL,NULL,NULL,NULL,'RPT',NULL),('RULFACT682fd2e6:145de99014c:-7f3e','BusinessLocation','Business Location','bpls.facts.BusinessLocation',0,NULL,NULL,NULL,NULL,NULL,NULL,NULL,NULL,NULL,'bpls',NULL),('RULFACT72bb01b1:141b1fdca80:-7f86','businesstax','Business Tax Account','bpls.facts.TaxFeeAccount',5,NULL,'BT',NULL,NULL,NULL,NULL,NULL,NULL,'type == \"TAX\"','bpls',NULL),('RULFACT7ee0ab5e:141b6a15885:-7ff1','Ledger','Business Ledger','BPLedger',1,NULL,NULL,NULL,NULL,NULL,NULL,NULL,NULL,NULL,'RPT',NULL),('RULFACTe058e4:1481f37895f:-720c','billitem','BillItem','bpls.facts.BillItem',9,NULL,'BILLITEM',NULL,NULL,NULL,NULL,NULL,NULL,NULL,'bpls',NULL),('treasury.facts.BillDate','BillDate','Bill Date','treasury.facts.BillDate',0,NULL,NULL,NULL,NULL,NULL,NULL,NULL,NULL,NULL,'treasury',NULL),('treasury.facts.BillItem','treasury.facts.BillItem','Bill Item','treasury.facts.BillItem',1,NULL,'BILLITEM',NULL,NULL,NULL,NULL,NULL,NULL,NULL,'TREASURY','treasury.facts.AbstractBillItem'),('treasury.facts.CollectionGroup','treasury.facts.CollectionGroup','Collection Group','treasury.facts.CollectionGroup',0,NULL,'CG',NULL,NULL,NULL,NULL,NULL,NULL,NULL,'TREASURY',NULL),('treasury.facts.DueDate','treasury.facts.DueDate','Due Date','treasury.facts.DueDate',1,NULL,NULL,NULL,NULL,NULL,NULL,NULL,NULL,NULL,'TREASURY',NULL),('treasury.facts.RevenueShare','treasury.facts.RevenueShare','Revenue Share','treasury.facts.RevenueShare',1,NULL,'RS',NULL,NULL,NULL,NULL,NULL,NULL,NULL,'TREASURY',NULL),('TxnAttributeFact','TxnAttributeFact','Attribute','TxnAttributeFact',1,NULL,NULL,NULL,NULL,NULL,NULL,NULL,NULL,NULL,'RPT',NULL);
/*!40000 ALTER TABLE `sys_rule_fact` ENABLE KEYS */;
UNLOCK TABLES;

--
-- Table structure for table `sys_rule_fact_field`
--

DROP TABLE IF EXISTS `sys_rule_fact_field`;
/*!40101 SET @saved_cs_client     = @@character_set_client */;
/*!40101 SET character_set_client = utf8 */;
CREATE TABLE `sys_rule_fact_field` (
  `objid` varchar(255) NOT NULL,
  `parentid` varchar(50) DEFAULT NULL,
  `name` varchar(50) NOT NULL,
  `title` varchar(160) DEFAULT NULL,
  `datatype` varchar(50) DEFAULT NULL,
  `sortorder` int(11) DEFAULT NULL,
  `handler` varchar(50) DEFAULT NULL,
  `lookuphandler` varchar(50) DEFAULT NULL,
  `lookupkey` varchar(50) DEFAULT NULL,
  `lookupvalue` varchar(50) DEFAULT NULL,
  `lookupdatatype` varchar(50) DEFAULT NULL,
  `multivalued` int(11) DEFAULT NULL,
  `required` int(11) DEFAULT NULL,
  `vardatatype` varchar(50) DEFAULT NULL,
  `lovname` varchar(50) DEFAULT NULL,
  PRIMARY KEY (`objid`),
  KEY `parentid` (`parentid`),
  CONSTRAINT `sys_rule_fact_field_ibfk_1` FOREIGN KEY (`parentid`) REFERENCES `sys_rule_fact` (`objid`)
) ENGINE=InnoDB DEFAULT CHARSET=utf8;
/*!40101 SET character_set_client = @saved_cs_client */;

--
-- Dumping data for table `sys_rule_fact_field`
--

LOCK TABLES `sys_rule_fact_field` WRITE;
/*!40000 ALTER TABLE `sys_rule_fact_field` DISABLE KEYS */;
INSERT INTO `sys_rule_fact_field` VALUES ('com.rameses.rules.common.CurrentDate.date','com.rameses.rules.common.CurrentDate','date','Date','date',4,'date',NULL,NULL,NULL,NULL,NULL,NULL,'date',NULL),('com.rameses.rules.common.CurrentDate.day','com.rameses.rules.common.CurrentDate','day','Day','integer',5,'integer',NULL,NULL,NULL,NULL,NULL,NULL,'integer',NULL),('com.rameses.rules.common.CurrentDate.month','com.rameses.rules.common.CurrentDate','month','Month','integer',3,'integer',NULL,NULL,NULL,NULL,NULL,NULL,'integer',NULL),('com.rameses.rules.common.CurrentDate.qtr','com.rameses.rules.common.CurrentDate','qtr','Qtr','integer',1,'integer',NULL,NULL,NULL,NULL,NULL,NULL,'integer',NULL),('com.rameses.rules.common.CurrentDate.year','com.rameses.rules.common.CurrentDate','year','Year','integer',2,'integer',NULL,NULL,NULL,NULL,NULL,NULL,'integer',NULL),('ctc.facts.CorporateCTC.additional','ctc.facts.CorporateCTC','additional','Is Additional?','boolean',5,'boolean',NULL,NULL,NULL,NULL,NULL,NULL,'boolean',NULL),('ctc.facts.CorporateCTC.additionaltax','ctc.facts.CorporateCTC','additionaltax','Additional Tax','decimal',9,'decimal',NULL,NULL,NULL,NULL,NULL,NULL,'decimal',NULL),('ctc.facts.CorporateCTC.basictax','ctc.facts.CorporateCTC','basictax','Basic Tax','decimal',6,'decimal',NULL,NULL,NULL,NULL,NULL,NULL,'decimal',NULL),('ctc.facts.CorporateCTC.businessgross','ctc.facts.CorporateCTC','businessgross','Business Gross','decimal',3,'decimal',NULL,NULL,NULL,NULL,NULL,0,'decimal',NULL),('ctc.facts.CorporateCTC.businessgrosstax','ctc.facts.CorporateCTC','businessgrosstax','Business Gross Tax','decimal',7,'decimal',NULL,NULL,NULL,NULL,NULL,NULL,'decimal',NULL),('ctc.facts.CorporateCTC.interest','ctc.facts.CorporateCTC','interest','Interest','decimal',10,'decimal',NULL,NULL,NULL,NULL,NULL,NULL,'decimal',NULL),('ctc.facts.CorporateCTC.newbusiness','ctc.facts.CorporateCTC','newbusiness','Is New Business?','boolean',4,'boolean',NULL,NULL,NULL,NULL,NULL,0,'boolean',NULL),('ctc.facts.CorporateCTC.orgtype','ctc.facts.CorporateCTC','orgtype','Organization Type','string',1,'lov',NULL,NULL,NULL,NULL,NULL,0,'string','BUSINESS_ORG_TYPE'),('ctc.facts.CorporateCTC.propertyavtax','ctc.facts.CorporateCTC','propertyavtax','Property AV Tax','decimal',8,'decimal',NULL,NULL,NULL,NULL,NULL,NULL,'decimal',NULL),('ctc.facts.CorporateCTC.realpropertyav','ctc.facts.CorporateCTC','realpropertyav','Real Property AV','decimal',2,'decimal',NULL,NULL,NULL,NULL,NULL,0,'decimal',NULL),('ctc.facts.CorporateCTC.totaltax','ctc.facts.CorporateCTC','totaltax','Total Tax','decimal',11,'decimal',NULL,NULL,NULL,NULL,NULL,NULL,'decimal',NULL),('ctc.facts.IndividualCTC.additional','ctc.facts.IndividualCTC','additional','Is Additional?','boolean',11,'boolean',NULL,NULL,NULL,NULL,NULL,NULL,'boolean',NULL),('ctc.facts.IndividualCTC.additionaltax','ctc.facts.IndividualCTC','additionaltax','Additional Tax','decimal',16,'decimal',NULL,NULL,NULL,NULL,NULL,NULL,'decimal',NULL),('ctc.facts.IndividualCTC.age','ctc.facts.IndividualCTC','age','Age','integer',19,'integer',NULL,NULL,NULL,NULL,NULL,NULL,'integer',NULL),('ctc.facts.IndividualCTC.annualsalary','ctc.facts.IndividualCTC','annualsalary','Annual Salary','decimal',7,'decimal',NULL,NULL,NULL,NULL,NULL,0,'decimal',NULL),('ctc.facts.IndividualCTC.barangayid','ctc.facts.IndividualCTC','barangayid','Barangay','string',10,'lookup','barangay:lookup','objid','name',NULL,NULL,NULL,'string',NULL),('ctc.facts.IndividualCTC.basictax','ctc.facts.IndividualCTC','basictax','Basic Tax','decimal',12,'decimal',NULL,NULL,NULL,NULL,NULL,NULL,'decimal',NULL),('ctc.facts.IndividualCTC.businessgross','ctc.facts.IndividualCTC','businessgross','Business Gross','decimal',8,'decimal',NULL,NULL,NULL,NULL,NULL,0,'decimal',NULL),('ctc.facts.IndividualCTC.businessgrosstax','ctc.facts.IndividualCTC','businessgrosstax','Business Gross Tax','decimal',14,'decimal',NULL,NULL,NULL,NULL,NULL,NULL,'decimal',NULL),('ctc.facts.IndividualCTC.citizenship','ctc.facts.IndividualCTC','citizenship','Citizenship','string',2,'lov',NULL,NULL,NULL,NULL,NULL,0,'string','CITIZENSHIP'),('ctc.facts.IndividualCTC.civilstatus','ctc.facts.IndividualCTC','civilstatus','Civil Status','string',4,'lov',NULL,NULL,NULL,NULL,NULL,0,'string','CIVIL_STATUS'),('ctc.facts.IndividualCTC.gender','ctc.facts.IndividualCTC','gender','Gender','string',3,'lov',NULL,NULL,NULL,NULL,NULL,0,'string','GENDER'),('ctc.facts.IndividualCTC.interest','ctc.facts.IndividualCTC','interest','Interest','decimal',18,'decimal',NULL,NULL,NULL,NULL,NULL,NULL,'decimal',NULL),('ctc.facts.IndividualCTC.newbusiness','ctc.facts.IndividualCTC','newbusiness','Is New Business?','boolean',6,'boolean',NULL,NULL,NULL,NULL,NULL,0,'boolean',NULL),('ctc.facts.IndividualCTC.profession','ctc.facts.IndividualCTC','profession','Profession','string',1,'string',NULL,NULL,NULL,NULL,NULL,NULL,'string',NULL),('ctc.facts.IndividualCTC.propertyincome','ctc.facts.IndividualCTC','propertyincome','Property Income','decimal',9,'decimal',NULL,NULL,NULL,NULL,NULL,0,'decimal',NULL),('ctc.facts.IndividualCTC.propertyincometax','ctc.facts.IndividualCTC','propertyincometax','Property Income Tax','decimal',15,'decimal',NULL,NULL,NULL,NULL,NULL,NULL,'decimal',NULL),('ctc.facts.IndividualCTC.salarytax','ctc.facts.IndividualCTC','salarytax','Salary Tax','decimal',13,'decimal',NULL,NULL,NULL,NULL,NULL,NULL,'decimal',NULL),('ctc.facts.IndividualCTC.seniorcitizen','ctc.facts.IndividualCTC','seniorcitizen','Is Senior Citizen?','boolean',5,'boolean',NULL,NULL,NULL,NULL,NULL,0,'boolean',NULL),('ctc.facts.IndividualCTC.totaltax','ctc.facts.IndividualCTC','totaltax','Total Tax','decimal',17,'decimal',NULL,NULL,NULL,NULL,NULL,NULL,'decimal',NULL),('CurrentDate.day','CurrentDate','day','Day','integer',4,'integer','','','','',NULL,NULL,'integer',''),('CurrentDate.month','CurrentDate','month','Month','integer',3,'integer','','','','',NULL,NULL,'integer',''),('CurrentDate.qtr','CurrentDate','qtr','Quarter','integer',2,'integer','','','','',NULL,NULL,'integer',''),('CurrentDate.year','CurrentDate','year','Year','integer',1,'integer','','','','',NULL,NULL,'integer',''),('enterprise.facts.DateInfo.day','enterprise.facts.DateInfo','day','Day','integer',4,'integer',NULL,NULL,NULL,NULL,NULL,NULL,'integer',NULL),('enterprise.facts.DateInfo.month','enterprise.facts.DateInfo','month','Month','integer',3,'integer',NULL,NULL,NULL,NULL,NULL,NULL,'integer',NULL),('enterprise.facts.DateInfo.name','enterprise.facts.DateInfo','name','Name','string',5,'lookup','variableinfo_date:lookup','name','name',NULL,NULL,1,'string',NULL),('enterprise.facts.DateInfo.qtr','enterprise.facts.DateInfo','qtr','Qtr','integer',1,'integer',NULL,NULL,NULL,NULL,NULL,NULL,'integer',NULL),('enterprise.facts.DateInfo.value','enterprise.facts.DateInfo','value','Date','date',6,'date',NULL,NULL,NULL,NULL,NULL,1,'date',NULL),('enterprise.facts.DateInfo.year','enterprise.facts.DateInfo','year','Year','integer',2,'integer',NULL,NULL,NULL,NULL,NULL,NULL,'integer',NULL),('enterprise.facts.Org.orgid','enterprise.facts.Org','orgid','Org ID','string',1,'lookup','org:lookup','objid','title',NULL,NULL,NULL,'string',NULL),('FACTFLD-1f3e2b64:14230dd8f62:-7da5','RULFACT-1f3e2b64:14230dd8f62:-7dd8','expired','Expired','boolean',3,'boolean',NULL,NULL,NULL,NULL,NULL,NULL,'boolean',NULL),('FACTFLD-1f3e2b64:14230dd8f62:-7db6','RULFACT-1f3e2b64:14230dd8f62:-7dd8','amtdue','Amount Due','decimal',2,'decimal',NULL,NULL,NULL,NULL,NULL,NULL,'decimal',NULL),('FACTFLD-1f3e2b64:14230dd8f62:-7dc7','RULFACT-1f3e2b64:14230dd8f62:-7dd8','acctid','Account','string',1,'lookup','revenueitem:lookup','objid','title',NULL,NULL,NULL,'string',NULL),('FACTFLD-1f3e2b64:14230dd8f62:-7dfe','RULFACT-1f3e2b64:14230dd8f62:-7e29','expired','Expired','boolean',3,'boolean',NULL,NULL,NULL,NULL,NULL,NULL,'boolean',NULL),('FACTFLD-1f3e2b64:14230dd8f62:-7e07','RULFACT-1f3e2b64:14230dd8f62:-7e29','amtdue','Amount Due','decimal',2,'decimal',NULL,NULL,NULL,NULL,NULL,NULL,'decimal',NULL),('FACTFLD-1f3e2b64:14230dd8f62:-7e18','RULFACT-1f3e2b64:14230dd8f62:-7e29','acctid','Account','string',1,'lookup','revenueitem:lookup','objid','title',NULL,NULL,NULL,'string',NULL),('FACTFLD-1f3e2b64:14230dd8f62:-7e8b','RULFACT-1f3e2b64:14230dd8f62:-7eb6','expired','Expired','boolean',3,'boolean',NULL,NULL,NULL,NULL,NULL,NULL,'boolean',NULL),('FACTFLD-1f3e2b64:14230dd8f62:-7e94','RULFACT-1f3e2b64:14230dd8f62:-7eb6','amtdue','Amount Due','decimal',2,'decimal',NULL,NULL,NULL,NULL,NULL,NULL,'decimal',NULL),('FACTFLD-1f3e2b64:14230dd8f62:-7ea5','RULFACT-1f3e2b64:14230dd8f62:-7eb6','acctid','Account','string',1,'lookup','revenueitem:lookup','objid','title',NULL,NULL,NULL,'string',NULL),('FACTFLD-1f48c8dc:149efbd2046:-72d3','RULFACT-26aa09fd:1419696e71f:-7feb','officetype','Office Type','string',11,'string',NULL,NULL,NULL,NULL,NULL,NULL,'string','BUSINESS_OFFICE_TYPES'),('FACTFLD-20603cf4:146f0c708c1:-7a25','RULFACT357018a9:1452a5dcbf7:-793b','lguid','LGU','string',4,'lookup','municipality:lookup','objid','name',NULL,NULL,NULL,'string',NULL),('FACTFLD-234b5263:142c77537de:-7af4','RULFACT-1f3e2b64:14230dd8f62:-7dd8','lob','Line of Business','string',6,'var',NULL,NULL,NULL,NULL,NULL,NULL,'bpls.facts.LOB',NULL),('FACTFLD-234b5263:142c77537de:-7b3b','RULFACT-1f3e2b64:14230dd8f62:-7e29','lob','Line of Business','string',6,'var',NULL,NULL,NULL,NULL,NULL,NULL,'bpls.facts.LOB',NULL),('FACTFLD-234b5263:142c77537de:-7c17','RULFACT-1f3e2b64:14230dd8f62:-7eb6','lob','Line of Business','string',7,'var',NULL,NULL,NULL,NULL,NULL,NULL,'bpls.facts.LOB',NULL),('FACTFLD-26aa09fd:1419696e71f:-7fe4','RULFACT-26aa09fd:1419696e71f:-7feb','apptype','App Type','BUSINESS_APP_TYPES',1,'lov',NULL,NULL,NULL,NULL,NULL,NULL,NULL,'BUSINESS_APP_TYPES'),('FACTFLD-301ea2a7:142daea52cd:-7a47','RULFACT33cb572b:142da8961f6:-7da3','interest','Interest','decimal',10,'decimal',NULL,NULL,NULL,NULL,NULL,NULL,'decimal',NULL),('FACTFLD-301ea2a7:142daea52cd:-7a50','RULFACT33cb572b:142da8961f6:-7da3','additionaltax','Additional Tax','decimal',9,'decimal',NULL,NULL,NULL,NULL,NULL,NULL,'decimal',NULL),('FACTFLD-301ea2a7:142daea52cd:-7a59','RULFACT33cb572b:142da8961f6:-7da3','propertyavtax','Property AV Tax','decimal',8,'decimal',NULL,NULL,NULL,NULL,NULL,NULL,'decimal',NULL),('FACTFLD-301ea2a7:142daea52cd:-7a67','RULFACT33cb572b:142da8961f6:-7da3','businessgrosstax','Business Gross Tax','decimal',7,'decimal',NULL,NULL,NULL,NULL,NULL,NULL,'decimal',NULL),('FACTFLD-301ea2a7:142daea52cd:-7a70','RULFACT33cb572b:142da8961f6:-7da3','basictax','Basic Tax','decimal',6,'decimal',NULL,NULL,NULL,NULL,NULL,NULL,'decimal',NULL),('FACTFLD-301ea2a7:142daea52cd:-7a79','RULFACT33cb572b:142da8961f6:-7da3','additional','Is Additional?','boolean',5,'boolean',NULL,NULL,NULL,NULL,NULL,NULL,'boolean',NULL),('FACTFLD-301ea2a7:142daea52cd:-7b22','RULFACT33cb572b:142da8961f6:-7f96','totaltax','Total Tax','decimal',17,'decimal',NULL,NULL,NULL,NULL,NULL,NULL,'decimal',NULL),('FACTFLD-301ea2a7:142daea52cd:-7b2f','RULFACT33cb572b:142da8961f6:-7f96','interest','Interest','decimal',18,'decimal',NULL,NULL,NULL,NULL,NULL,NULL,'decimal',NULL),('FACTFLD-301ea2a7:142daea52cd:-7b3c','RULFACT33cb572b:142da8961f6:-7f96','additionaltax','Additional Tax','decimal',16,'decimal',NULL,NULL,NULL,NULL,NULL,NULL,'decimal',NULL),('FACTFLD-301ea2a7:142daea52cd:-7b49','RULFACT33cb572b:142da8961f6:-7f96','propertyincometax','Property Income Tax','decimal',15,'decimal',NULL,NULL,NULL,NULL,NULL,NULL,'decimal',NULL),('FACTFLD-301ea2a7:142daea52cd:-7b56','RULFACT33cb572b:142da8961f6:-7f96','businessgrosstax','Business Gross Tax','decimal',14,'decimal',NULL,NULL,NULL,NULL,NULL,NULL,'decimal',NULL),('FACTFLD-301ea2a7:142daea52cd:-7b63','RULFACT33cb572b:142da8961f6:-7f96','salarytax','Salary Tax','decimal',13,'decimal',NULL,NULL,NULL,NULL,NULL,NULL,'decimal',NULL),('FACTFLD-301ea2a7:142daea52cd:-7b70','RULFACT33cb572b:142da8961f6:-7f96','basictax','Basic Tax','decimal',12,'decimal',NULL,NULL,NULL,NULL,NULL,NULL,'decimal',NULL),('FACTFLD-301ea2a7:142daea52cd:-7b7d','RULFACT33cb572b:142da8961f6:-7f96','additional','Is Additional?','boolean',11,'boolean',NULL,NULL,NULL,NULL,NULL,NULL,'boolean',NULL),('FACTFLD-301ea2a7:142daea52cd:-7b92','RULFACT33cb572b:142da8961f6:-7f96','barangayid','Barangay','string',10,'lookup','barangay:lookup','objid','name',NULL,NULL,NULL,'string',NULL),('FACTFLD-37d4447c:1480b43afb0:-7f10','RULFACT-1f3e2b64:14230dd8f62:-7dd8','asssessmenttype','Assessment Type','string',7,'lov',NULL,NULL,NULL,NULL,NULL,NULL,'string','BUSINESS_APP_TYPES'),('FACTFLD-37d4447c:1480b43afb0:-7f52','RULFACT-1f3e2b64:14230dd8f62:-7e29','assessmenttype','Assessment Type','string',10,'lov',NULL,NULL,NULL,NULL,NULL,NULL,'string','BUSINESS_APP_TYPES'),('FACTFLD-37d4447c:1480b43afb0:-7f89','RULFACT-1f3e2b64:14230dd8f62:-7eb6','assessmenttype','Assessment Type','string',10,'lov',NULL,NULL,NULL,NULL,NULL,NULL,'string','BUSINESS_APP_TYPES'),('FACTFLD-3e0f5e2c:14a3b56e470:-7f67','RULFACT682fd2e6:145de99014c:-7f3e','type','Location Type','string',2,'lov',NULL,NULL,NULL,NULL,NULL,NULL,'string','BUSINESS_LOCATION_TYPES'),('FACTFLD-42025b26:14237a79c92:-7f53','RULFACT-46f22f55:14231734d86:-7eca','date','Date','date',4,'date',NULL,NULL,NULL,NULL,NULL,NULL,'date',NULL),('FACTFLD-435133e2:142c7ca3c49:-7a9f','RULFACT-fd57605:142324ab5d2:-7f33','deadline','Deadline date','date',5,'date',NULL,NULL,NULL,NULL,NULL,NULL,'date',NULL),('FACTFLD-435133e2:142c7ca3c49:-7abe','RULFACT-fd57605:142324ab5d2:-7f33','beginQtrDate','Begin date of Qtr','date',4,'date',NULL,NULL,NULL,NULL,NULL,NULL,'date',NULL),('FACTFLD-45a06f70:141e85fbfd5:-7f6f','RULFACT-76732870:14196dc4027:-7f87','assessmenttype','Assessment Type',NULL,4,'lov',NULL,NULL,NULL,NULL,NULL,NULL,NULL,'LOB_ASSESSMENT_TYPES'),('FACTFLD-46f22f55:14231734d86:-7ea7','RULFACT-46f22f55:14231734d86:-7eca','day','Day','integer',3,'integer',NULL,NULL,NULL,NULL,NULL,NULL,'integer',NULL),('FACTFLD-46f22f55:14231734d86:-7eb0','RULFACT-46f22f55:14231734d86:-7eca','year','Year','integer',2,'integer',NULL,NULL,NULL,NULL,NULL,NULL,'integer',NULL),('FACTFLD-46f22f55:14231734d86:-7eb9','RULFACT-46f22f55:14231734d86:-7eca','month','Month','integer',1,'integer',NULL,NULL,NULL,NULL,NULL,NULL,'integer',NULL),('FACTFLD-5c8064e4:143fb646ea9:-7ec0','RULFACT-1f3e2b64:14230dd8f62:-7e29','surcharge','Surcharge','decimal',7,'decimal',NULL,NULL,NULL,NULL,NULL,NULL,'decimal',NULL),('FACTFLD-62a762db:14201d65080:-7250','RULFACT-26aa09fd:1419696e71f:-7feb','appqtr','App Qtr','integer',8,'integer',NULL,NULL,NULL,NULL,NULL,NULL,'integer',NULL),('FACTFLD-62a762db:14201d65080:-72d8','RULFACT-26aa09fd:1419696e71f:-7feb','appdate','App date','integer',7,'integer',NULL,NULL,NULL,NULL,NULL,NULL,'integer',NULL),('FACTFLD-62a762db:14201d65080:-72e9','RULFACT-26aa09fd:1419696e71f:-7feb','appmonth','App. Month','integer',6,'integer',NULL,NULL,NULL,NULL,NULL,NULL,'integer',NULL),('FACTFLD-62a762db:14201d65080:-72f2','RULFACT-26aa09fd:1419696e71f:-7feb','appyear','App Year','integer',5,'integer',NULL,NULL,NULL,NULL,NULL,NULL,'integer',NULL),('FACTFLD-62a762db:14201d65080:-7303','RULFACT-26aa09fd:1419696e71f:-7feb','yearstarted','Year Started','integer',4,'integer',NULL,NULL,NULL,NULL,NULL,NULL,'integer',NULL),('FACTFLD-6960d46:146ef7fe055:-7b1f','RULFACT-6960d46:146ef7fe055:-7ed8','taxfeetype','Tax Fee Type','string',6,'lov',NULL,NULL,NULL,NULL,NULL,NULL,'string','TAXFEE_TYPES'),('FACTFLD-6960d46:146ef7fe055:-7e8c','RULFACT-6960d46:146ef7fe055:-7ed8','interest','Interest','decimal',5,'decimal',NULL,NULL,NULL,NULL,NULL,NULL,'decimal',NULL),('FACTFLD-6960d46:146ef7fe055:-7e97','RULFACT-6960d46:146ef7fe055:-7ed8','surcharge','Surcharge','decimal',4,'decimal',NULL,NULL,NULL,NULL,NULL,NULL,'decimal',NULL),('FACTFLD-6960d46:146ef7fe055:-7ea2','RULFACT-6960d46:146ef7fe055:-7ed8','amount','Amount','decimal',3,'decimal',NULL,NULL,NULL,NULL,NULL,NULL,'decimal',NULL),('FACTFLD-6960d46:146ef7fe055:-7eb5','RULFACT-6960d46:146ef7fe055:-7ed8','account','Account','string',2,'lookup','revenueitem:lookup','objid','title',NULL,NULL,NULL,'string',NULL),('FACTFLD-6960d46:146ef7fe055:-7ec4','RULFACT-6960d46:146ef7fe055:-7ed8','lob','Line of Business','string',1,'var',NULL,NULL,NULL,NULL,NULL,NULL,'bpls.facts.LOB',NULL),('FACTFLD-73089baf:141f3d279b0:-7f78','RULFACT-bad19b4:141f3c18435:-7fa9','lob','Line of Business',NULL,1,'var',NULL,NULL,NULL,NULL,NULL,1,'bpls.facts.LOB',NULL),('FACTFLD-7387c51c:142dbad3349:-7393','RULFACT-7387c51c:142dbad3349:-73aa','objid','Barangay','string',1,'lookup','barangay:lookup','objid','name',NULL,NULL,NULL,'string',NULL),('FACTFLD-76732870:14196dc4027:-7f25','RULFACT-76732870:14196dc4027:-7f87','classification','Classification','string',1,'lookup','lobclassification:lookup','objid','name',NULL,NULL,NULL,NULL,NULL),('FACTFLD-76732870:14196dc4027:-7f80','RULFACT-76732870:14196dc4027:-7f87','lobid','Name','string',2,'lookup','lob:lookup','objid','name',NULL,NULL,NULL,NULL,NULL),('FACTFLD-7c5c4c8f:141e84ee23e:-7f45','RULFACT-26aa09fd:1419696e71f:-7feb','orgtype','Org. Type',NULL,2,'lov',NULL,NULL,NULL,NULL,NULL,NULL,NULL,'ORG_TYPES'),('FACTFLD-7dcd2cc0:1419c36c939:-7f7f','RULFACT-76732870:14196dc4027:-7f87','attributes','Attributes',NULL,3,'lookup','lobattribute:lookup','name','name',NULL,1,NULL,NULL,NULL),('FACTFLD-7ea493a4:14237a0191b:-7f9d','RULFACT-7ea493a4:14237a0191b:-7fb7','amtpaid','Amount Paid','decimal',2,'decimal',NULL,NULL,NULL,NULL,NULL,NULL,'decimal',NULL),('FACTFLD-7ea493a4:14237a0191b:-7fa6','RULFACT-7ea493a4:14237a0191b:-7fb7','pmtdate','Payment Date','date',1,'date',NULL,NULL,NULL,NULL,NULL,NULL,'date',NULL),('FACTFLD-fd57605:142324ab5d2:-78ff','RULFACT-1f3e2b64:14230dd8f62:-7eb6','surcharge','Surcharge','decimal',5,'decimal',NULL,NULL,NULL,NULL,NULL,NULL,'decimal',NULL),('FACTFLD-fd57605:142324ab5d2:-7e3f','RULFACT-1f3e2b64:14230dd8f62:-7dd8','qtr','Qtr','integer',4,'integer',NULL,NULL,NULL,NULL,NULL,NULL,'integer',NULL),('FACTFLD-fd57605:142324ab5d2:-7e7b','RULFACT-1f3e2b64:14230dd8f62:-7e29','qtr','Qtr','integer',4,'integer',NULL,NULL,NULL,NULL,NULL,NULL,'integer',NULL),('FACTFLD-fd57605:142324ab5d2:-7eaf','RULFACT-1f3e2b64:14230dd8f62:-7eb6','qtr','Qtr','integer',4,'integer',NULL,NULL,NULL,NULL,NULL,NULL,'integer',NULL),('FACTFLD-fd57605:142324ab5d2:-7f08','RULFACT-fd57605:142324ab5d2:-7f33','qtr','Qtr','integer',3,'integer',NULL,NULL,NULL,NULL,NULL,NULL,'integer',NULL),('FACTFLD-fd57605:142324ab5d2:-7f19','RULFACT-fd57605:142324ab5d2:-7f33','year','Year','integer',2,'integer',NULL,NULL,NULL,NULL,NULL,NULL,'integer',NULL),('FACTFLD-fd57605:142324ab5d2:-7f22','RULFACT-fd57605:142324ab5d2:-7f33','month','Month','integer',1,'integer',NULL,NULL,NULL,NULL,NULL,NULL,'integer',NULL),('FACTFLD-fd840f:146ad32de46:-733f','RULFACT-fd840f:146ad32de46:-735f','amount','Amount','decimal',1,'decimal',NULL,NULL,NULL,NULL,NULL,NULL,'decimal',NULL),('FACTFLD17d6e7ce:141df4b60c2:-7c0c','RULFACT17d6e7ce:141df4b60c2:-7c21','assessedvalue','Assessed Value','decimal',2,'decimal','','','','',NULL,NULL,'decimal',''),('FACTFLD17d6e7ce:141df4b60c2:-7c13','RULFACT17d6e7ce:141df4b60c2:-7c21','year','Year','integer',1,'integer','','','','',NULL,NULL,'integer',''),('FACTFLD184d0b9f:142789765e5:-7da5','RULFACT-1f3e2b64:14230dd8f62:-7dd8','deadline','Deadline Date','date',5,'date',NULL,NULL,NULL,NULL,NULL,NULL,'date',NULL),('FACTFLD184d0b9f:142789765e5:-7de2','RULFACT-1f3e2b64:14230dd8f62:-7e29','deadline','Deadline Date','date',5,'date',NULL,NULL,NULL,NULL,NULL,NULL,'date',NULL),('FACTFLD184d0b9f:142789765e5:-7e5f','RULFACT-1f3e2b64:14230dd8f62:-7eb6','deadline','Deadline Date','date',6,'date',NULL,NULL,NULL,NULL,NULL,NULL,'date',NULL),('FACTFLD1be07afa:1452a9809e9:-332b','RULFACT357018a9:1452a5dcbf7:-793b','lgutype','LGU Type','string',1,'lov','','','','',NULL,1,'string','RPT_BILLING_LGU_TYPES'),('FACTFLD1be07afa:1452a9809e9:-3ee8','RULFACT357018a9:1452a5dcbf7:-793b','sefint','SEF Interest','decimal',11,'decimal','','','','',NULL,0,'decimal',''),('FACTFLD1be07afa:1452a9809e9:-3f01','RULFACT357018a9:1452a5dcbf7:-793b','sefdisc','SEF Discount','decimal',10,'decimal','','','','',NULL,0,'decimal',''),('FACTFLD1be07afa:1452a9809e9:-3f1a','RULFACT357018a9:1452a5dcbf7:-793b','sef','SEF','decimal',9,'decimal','','','','',NULL,0,'decimal',''),('FACTFLD1be07afa:1452a9809e9:-3f33','RULFACT357018a9:1452a5dcbf7:-793b','basicint','Basic Interest','decimal',8,'decimal','','','','',NULL,0,'decimal',''),('FACTFLD1be07afa:1452a9809e9:-3f4c','RULFACT357018a9:1452a5dcbf7:-793b','basicdisc','Basic Discount','decimal',7,'decimal','','','','',NULL,0,'decimal',''),('FACTFLD1be07afa:1452a9809e9:-3f65','RULFACT357018a9:1452a5dcbf7:-793b','basic','Basic','decimal',6,'decimal','','','','',NULL,0,'decimal',''),('FACTFLD1be07afa:1452a9809e9:-45b2','RULFACT357018a9:1452a5dcbf7:-793b','revperiod','Revenue Period','string',3,'lov','','','','',NULL,1,'string','RPT_REVENUE_PERIODS'),('FACTFLD1be07afa:1452a9809e9:-608c','RULFACT357018a9:1452a5dcbf7:-793b','barangay','Barangay','string',5,'lookup','barangay:lookup','objid','name','',NULL,NULL,'string',''),('FACTFLD2553f086:14743f5755a:-7ca8','RULFACT-1f3e2b64:14230dd8f62:-7eb6','fullamtdue','Full Amt Due','decimal',8,'decimal',NULL,NULL,NULL,NULL,NULL,NULL,'decimal',NULL),('FACTFLD2701c487:141e346f838:-7f2e','RULFACT17d6e7ce:141df4b60c2:-7c21','rptledger','RPT Ledger','string',3,'var','','','','',NULL,NULL,'rptis.landtax.facts.RPTLedgerFact',''),('FACTFLD2713811e:141f3ed1502:-7ed5','RULFACT-bad19b4:141f3c18435:-7fa9','stringvalue','Value','string',5,'string',NULL,NULL,NULL,NULL,NULL,NULL,'string',NULL),('FACTFLD2713811e:141f3ed1502:-7ede','RULFACT-bad19b4:141f3c18435:-7fa9','booleanvalue','Value','boolean',4,'boolean',NULL,NULL,NULL,NULL,NULL,NULL,'boolean',NULL),('FACTFLD2713811e:141f3ed1502:-7ee7','RULFACT-bad19b4:141f3c18435:-7fa9','intvalue','Value','integer',3,'integer',NULL,NULL,NULL,NULL,NULL,NULL,'integer',NULL),('FACTFLD2713811e:141f3ed1502:-7ef0','RULFACT-bad19b4:141f3c18435:-7fa9','decimalvalue','Value','decimal',2,'decimal',NULL,NULL,NULL,NULL,NULL,NULL,'decimal',NULL),('FACTFLD2e166a7d:14a1c4726a3:-7c4d','RULFACT-26aa09fd:1419696e71f:-7feb','lastqtrpaid','Last Qtr Paid','integer',12,'integer',NULL,NULL,NULL,NULL,NULL,NULL,'integer',NULL),('FACTFLD33cb572b:142da8961f6:-7d66','RULFACT33cb572b:142da8961f6:-7da3','newbusiness','Is New Business?','boolean',4,'boolean',NULL,NULL,NULL,NULL,NULL,0,'boolean',NULL),('FACTFLD33cb572b:142da8961f6:-7d6f','RULFACT33cb572b:142da8961f6:-7da3','businessgross','Business Gross','decimal',3,'decimal',NULL,NULL,NULL,NULL,NULL,0,'decimal',NULL),('FACTFLD33cb572b:142da8961f6:-7d78','RULFACT33cb572b:142da8961f6:-7da3','realpropertyav','Real Property AV','decimal',2,'decimal',NULL,NULL,NULL,NULL,NULL,0,'decimal',NULL),('FACTFLD33cb572b:142da8961f6:-7d89','RULFACT33cb572b:142da8961f6:-7da3','orgtype','Organization Type','string',1,'lov',NULL,NULL,NULL,NULL,NULL,0,'string','BUSINESS_ORG_TYPE'),('FACTFLD33cb572b:142da8961f6:-7eba','RULFACT33cb572b:142da8961f6:-7f96','propertyincome','Property Income','decimal',9,'decimal',NULL,NULL,NULL,NULL,NULL,0,'decimal',NULL),('FACTFLD33cb572b:142da8961f6:-7ec7','RULFACT33cb572b:142da8961f6:-7f96','businessgross','Business Gross','decimal',8,'decimal',NULL,NULL,NULL,NULL,NULL,0,'decimal',NULL),('FACTFLD33cb572b:142da8961f6:-7ed4','RULFACT33cb572b:142da8961f6:-7f96','annualsalary','Annual Salary','decimal',7,'decimal',NULL,NULL,NULL,NULL,NULL,0,'decimal',NULL),('FACTFLD33cb572b:142da8961f6:-7eed','RULFACT33cb572b:142da8961f6:-7f96','newbusiness','Is New Business?','boolean',6,'boolean',NULL,NULL,NULL,NULL,NULL,0,'boolean',NULL),('FACTFLD33cb572b:142da8961f6:-7efa','RULFACT33cb572b:142da8961f6:-7f96','seniorcitizen','Is Senior Citizen?','boolean',5,'boolean',NULL,NULL,NULL,NULL,NULL,0,'boolean',NULL),('FACTFLD33cb572b:142da8961f6:-7f1f','RULFACT33cb572b:142da8961f6:-7f96','civilstatus','Civil Status','string',4,'lov',NULL,NULL,NULL,NULL,NULL,0,'string','CIVIL_STATUS'),('FACTFLD33cb572b:142da8961f6:-7f4d','RULFACT33cb572b:142da8961f6:-7f96','gender','Gender','string',3,'lov',NULL,NULL,NULL,NULL,NULL,0,'string','GENDER'),('FACTFLD33cb572b:142da8961f6:-7f5a','RULFACT33cb572b:142da8961f6:-7f96','citizenship','Citizenship','string',2,'lov',NULL,NULL,NULL,NULL,NULL,0,'string','CITIZENSHIP'),('FACTFLD33cb572b:142da8961f6:-7f67','RULFACT33cb572b:142da8961f6:-7f96','profession','Profession','string',1,'string',NULL,NULL,NULL,NULL,NULL,NULL,'string',NULL),('FACTFLD357018a9:1452a5dcbf7:-7765','RULFACT357018a9:1452a5dcbf7:-793b','sharetype','Share Type','string',2,'lov','','','','',NULL,0,'string','RPT_BILLING_SHARE_TYPES'),('FACTFLD3a2b180:142b73535d5:-7f95','RULFACT3a2b180:142b73535d5:-7fb1','year','Year','integer',1,'integer',NULL,NULL,NULL,NULL,NULL,NULL,'integer',NULL),('FACTFLD3c33cd02:14744856d01:-7e35','RULFACT-1f3e2b64:14230dd8f62:-7e29','firstdateofyear','First Date of Year','date',9,'date',NULL,NULL,NULL,NULL,NULL,NULL,'date',NULL),('FACTFLD3c33cd02:14744856d01:-7e3e','RULFACT-1f3e2b64:14230dd8f62:-7e29','fullamtdue','Full Amount Due','decimal',8,'decimal',NULL,NULL,NULL,NULL,NULL,NULL,'decimal',NULL),('FACTFLD3c33cd02:14744856d01:-7ed2','RULFACT-1f3e2b64:14230dd8f62:-7eb6','firstdateofyear','First Date of Year','date',9,'date',NULL,NULL,NULL,NULL,NULL,NULL,'date',NULL),('FACTFLD441bb08f:1436c079bff:-7fc1','RULFACT17d6e7ce:141df4b60c2:-7c21','qtrlyav','Quarterly Assessed Value','decimal',4,'decimal','','','','',NULL,NULL,'decimal',''),('FACTFLD49f1ff47:142dfb342ca:-6cc1','RULFACT33cb572b:142da8961f6:-7da3','totaltax','Total Tax','decimal',11,'decimal',NULL,NULL,NULL,NULL,NULL,NULL,'decimal',NULL),('FACTFLD4a03cdfb:141f9a6dc3c:-7816','RULFACT4a03cdfb:141f9a6dc3c:-784a','stringvalue','Value','string',5,'string',NULL,NULL,NULL,NULL,NULL,0,'string',NULL),('FACTFLD4a03cdfb:141f9a6dc3c:-781f','RULFACT4a03cdfb:141f9a6dc3c:-784a','intvalue','Value','integer',4,'integer',NULL,NULL,NULL,NULL,NULL,0,'integer',NULL),('FACTFLD4a03cdfb:141f9a6dc3c:-7828','RULFACT4a03cdfb:141f9a6dc3c:-784a','decimalvalue','Value','decimal',3,'decimal',NULL,NULL,NULL,NULL,NULL,0,'decimal',NULL),('FACTFLD4a03cdfb:141f9a6dc3c:-7831','RULFACT4a03cdfb:141f9a6dc3c:-784a','booleanvalue','Value','boolean',2,'boolean',NULL,NULL,NULL,NULL,NULL,0,'boolean',NULL),('FACTFLD4a03cdfb:141f9a6dc3c:-783a','RULFACT4a03cdfb:141f9a6dc3c:-784a','lob','Line of Business','string',1,'var',NULL,NULL,NULL,NULL,NULL,0,'bpls.facts.LOB',NULL),('FACTFLD4a03cdfb:141f9a6dc3c:-7b91','RULFACT72bb01b1:141b1fdca80:-7f86','lowest','Is Lowest Amount','boolean',5,'boolean',NULL,NULL,NULL,NULL,NULL,NULL,'boolean',NULL),('FACTFLD4a03cdfb:141f9a6dc3c:-7b9a','RULFACT72bb01b1:141b1fdca80:-7f86','highest','Is Highest Amount','boolean',4,'boolean',NULL,NULL,NULL,NULL,NULL,NULL,'boolean',NULL),('FACTFLD4b5f47bd:142219e4784:-7f46','RULFACT-26aa09fd:1419696e71f:-7feb','txnmode','Txn Mode','string',3,'lov',NULL,NULL,NULL,NULL,NULL,NULL,'string','BP_TXNMODES'),('FACTFLD4ca00100:141fe894560:-7d51','RULFACT4ca00100:141fe894560:-7d8e','lowest','Is Lowest Amount','boolean',5,'boolean',NULL,NULL,NULL,NULL,NULL,NULL,'boolean',NULL),('FACTFLD4ca00100:141fe894560:-7d5a','RULFACT4ca00100:141fe894560:-7d8e','highest','Is Highest Amount','boolean',4,'boolean',NULL,NULL,NULL,NULL,NULL,0,'boolean',NULL),('FACTFLD4ca00100:141fe894560:-7d63','RULFACT4ca00100:141fe894560:-7d8e','amount','Amount','decimal',3,'decimal',NULL,NULL,NULL,NULL,NULL,NULL,'decimal',NULL),('FACTFLD4ca00100:141fe894560:-7d74','RULFACT4ca00100:141fe894560:-7d8e','acctid','Account','string',2,'lookup','revenueitem:lookup','objid','title',NULL,NULL,NULL,NULL,NULL),('FACTFLD4ca00100:141fe894560:-7d7d','RULFACT4ca00100:141fe894560:-7d8e','lob','Line of Business','string',1,'var',NULL,NULL,NULL,NULL,NULL,NULL,'bpls.facts.LOB',NULL),('FACTFLD4ca00100:141fe894560:-7e02','RULFACT4ca00100:141fe894560:-7e3f','lowest','Is Lowest Amount','boolean',5,'boolean',NULL,NULL,NULL,NULL,NULL,NULL,'boolean',NULL),('FACTFLD4ca00100:141fe894560:-7e0b','RULFACT4ca00100:141fe894560:-7e3f','highest','Is Highest Amount','boolean',4,'boolean',NULL,NULL,NULL,NULL,NULL,NULL,'boolean',NULL),('FACTFLD4ca00100:141fe894560:-7e14','RULFACT4ca00100:141fe894560:-7e3f','amount','Amount','decimal',3,'decimal',NULL,NULL,NULL,NULL,NULL,NULL,'decimal',NULL),('FACTFLD4ca00100:141fe894560:-7e25','RULFACT4ca00100:141fe894560:-7e3f','acctid','Account','string',2,'lookup','revenueitem:lookup','objid','title',NULL,NULL,NULL,'string',NULL),('FACTFLD4ca00100:141fe894560:-7e2e','RULFACT4ca00100:141fe894560:-7e3f','lob','Line of Business','string',1,'var',NULL,NULL,NULL,NULL,NULL,NULL,'bpls.facts.LOB',NULL),('FACTFLD50ef92c8:147420ae632:-7c1c','RULFACT-46f22f55:14231734d86:-7eca','qtr','Qtr','integer',5,'integer',NULL,NULL,NULL,NULL,NULL,NULL,'integer',NULL),('FACTFLD547c5381:1451ae1cd9c:-75c6','RULFACT547c5381:1451ae1cd9c:-75e0','type','Type','string',1,'lov','','','','',NULL,NULL,'string','RPT_BILLING_PAYMENT_OPTIONS'),('FACTFLD56c737e:14747f7ef52:-7ea4','RULFACT-26aa09fd:1419696e71f:-7feb','dateapplied','Date Applied','date',10,'date',NULL,NULL,NULL,NULL,NULL,NULL,'date',NULL),('FACTFLD64302071:14232ed987c:-7f3d','RULFACT64302071:14232ed987c:-7f4e','type','Type','string',1,'lov',NULL,NULL,NULL,NULL,NULL,NULL,'string','BP_PAYOPTIONS'),('FACTFLD682fd2e6:145de99014c:-7e46','RULFACT682fd2e6:145de99014c:-7f3e','barangayid','Barangay','string',1,'lookup','barangay:lookup','objid','name',NULL,NULL,NULL,'string',NULL),('FACTFLD686e4ec:146a335ed43:-7df0','RULFACT-26aa09fd:1419696e71f:-7feb','purpose','Purpose','string',9,'lov',NULL,NULL,NULL,NULL,NULL,NULL,'string','BUSINESS_PURPOSE'),('FACTFLD72bb01b1:141b1fdca80:-7f45','RULFACT72bb01b1:141b1fdca80:-7f86','lob','Line of Business',NULL,1,'var',NULL,NULL,NULL,NULL,NULL,0,'bpls.facts.LOB',NULL),('FACTFLD72bb01b1:141b1fdca80:-7f70','RULFACT72bb01b1:141b1fdca80:-7f86','amount','Amount','decimal',3,'decimal',NULL,NULL,NULL,NULL,NULL,NULL,'decimal',NULL),('FACTFLD72bb01b1:141b1fdca80:-7f7f','RULFACT72bb01b1:141b1fdca80:-7f86','acctid','Account',NULL,2,'lookup','revenueitem:lookup','objid','title',NULL,NULL,0,NULL,NULL),('FACTFLD7ee0ab5e:141b6a15885:-7fd5','RULFACT7ee0ab5e:141b6a15885:-7ff1','amtdue','Amount Due','decimal',1,'decimal',NULL,NULL,NULL,NULL,NULL,NULL,'decimal',NULL),('FACTFLD7ee0ab5e:141b6a15885:-7fdc','RULFACT7ee0ab5e:141b6a15885:-7ff1','qtr','Qtr','integer',2,'integer',NULL,NULL,NULL,NULL,NULL,NULL,'integer',NULL),('FACTFLD7ee0ab5e:141b6a15885:-7fe3','RULFACT7ee0ab5e:141b6a15885:-7ff1','year','Year','integer',3,'integer',NULL,NULL,NULL,NULL,NULL,NULL,'integer',NULL),('FACTFLD7ee0ab5e:141b6a15885:-7fea','RULFACT7ee0ab5e:141b6a15885:-7ff1','apptype','Application Type',NULL,4,'lov',NULL,NULL,NULL,NULL,NULL,NULL,NULL,'BUSINESS_APP_TYPES'),('FACTFLDe058e4:1481f37895f:-710d','RULFACTe058e4:1481f37895f:-720c','assessmenttype','Assessment Type','string',10,'lov',NULL,NULL,NULL,NULL,NULL,NULL,'string','BUSINESS_APP_TYPES'),('FACTFLDe058e4:1481f37895f:-7116','RULFACTe058e4:1481f37895f:-720c','firstdateofyear','First Date of Year','date',9,'date',NULL,NULL,NULL,NULL,NULL,NULL,'date',NULL),('FACTFLDe058e4:1481f37895f:-7127','RULFACTe058e4:1481f37895f:-720c','fullamtdue','Full Amount Due','decimal',8,'decimal',NULL,NULL,NULL,NULL,NULL,NULL,'decimal',NULL),('FACTFLDe058e4:1481f37895f:-7130','RULFACTe058e4:1481f37895f:-720c','lob','Line of Business','string',7,'var',NULL,NULL,NULL,NULL,NULL,NULL,'bpls.facts.LOB',NULL),('FACTFLDe058e4:1481f37895f:-7139','RULFACTe058e4:1481f37895f:-720c','deadline','Deadline','date',6,'date',NULL,NULL,NULL,NULL,NULL,NULL,'date',NULL),('FACTFLDe058e4:1481f37895f:-7142','RULFACTe058e4:1481f37895f:-720c','surcharge','Surcharge','decimal',5,'decimal',NULL,NULL,NULL,NULL,NULL,NULL,'decimal',NULL),('FACTFLDe058e4:1481f37895f:-714b','RULFACTe058e4:1481f37895f:-720c','qtr','Qtr','integer',4,'integer',NULL,NULL,NULL,NULL,NULL,NULL,'integer',NULL),('FACTFLDe058e4:1481f37895f:-7154','RULFACTe058e4:1481f37895f:-720c','expired','Expired','boolean',3,'boolean',NULL,NULL,NULL,NULL,NULL,NULL,'boolean',NULL),('FACTFLDe058e4:1481f37895f:-715d','RULFACTe058e4:1481f37895f:-720c','amtdue','Amount Due','decimal',2,'decimal',NULL,NULL,NULL,NULL,NULL,NULL,'decimal',NULL),('FACTFLDe058e4:1481f37895f:-71f8','RULFACTe058e4:1481f37895f:-720c','acctid','Account','string',1,'lookup','revenueitem:lookup','objid','title',NULL,NULL,NULL,'string',NULL),('rptis.bldg.facts.BldgAdjustment.additionalitemcode','rptis.bldg.facts.BldgAdjustment','additionalitemcode','Adjustment Code','string',3,'string','bldgadditionalitem:lookup','objid','name',NULL,NULL,0,'string',NULL),('rptis.bldg.facts.BldgAdjustment.adjtype','rptis.bldg.facts.BldgAdjustment','adjtype','Adjustment Type','string',4,'lov',NULL,NULL,NULL,NULL,NULL,NULL,'string','RPT_BLDG_ADJUSTMENT_TYPES'),('rptis.bldg.facts.BldgAdjustment.amount','rptis.bldg.facts.BldgAdjustment','amount','Amount','decimal',5,'decimal',NULL,NULL,NULL,NULL,NULL,NULL,'decimal',NULL),('rptis.bldg.facts.BldgAdjustment.bldgfloor','rptis.bldg.facts.BldgAdjustment','bldgfloor','Building Floor','string',2,'var',NULL,NULL,NULL,NULL,NULL,1,'rptis.bldg.facts.BldgFloor',NULL),('rptis.bldg.facts.BldgAdjustment.bldguse','rptis.bldg.facts.BldgAdjustment','bldguse','Building Actual Use','string',1,'var',NULL,NULL,NULL,NULL,NULL,NULL,'rptis.bldg.facts.BldgUse',NULL),('rptis.bldg.facts.BldgAdjustment.depreciate','rptis.bldg.facts.BldgAdjustment','depreciate','Depreciate?','boolean',6,'boolean',NULL,NULL,NULL,NULL,NULL,NULL,'boolean',NULL),('rptis.bldg.facts.BldgFloor.adjustment','rptis.bldg.facts.BldgFloor','adjustment','Adjustment','decimal',7,'decimal',NULL,NULL,NULL,NULL,NULL,NULL,'decimal',NULL),('rptis.bldg.facts.BldgFloor.area','rptis.bldg.facts.BldgFloor','area','Area','decimal',3,'decimal',NULL,NULL,NULL,NULL,NULL,NULL,'decimal',NULL),('rptis.bldg.facts.BldgFloor.basemarketvalue','rptis.bldg.facts.BldgFloor','basemarketvalue','Base Market Value','decimal',6,'decimal',NULL,NULL,NULL,NULL,NULL,NULL,'decimal',NULL),('rptis.bldg.facts.BldgFloor.basevalue','rptis.bldg.facts.BldgFloor','basevalue','Base Value','decimal',4,'decimal',NULL,NULL,NULL,NULL,NULL,NULL,'decimal',NULL),('rptis.bldg.facts.BldgFloor.bldguse','rptis.bldg.facts.BldgFloor','bldguse','Building Actual Use','string',2,'var',NULL,NULL,NULL,NULL,NULL,NULL,'rptis.bldg.facts.BldgUse',NULL),('rptis.bldg.facts.BldgFloor.marketvalue','rptis.bldg.facts.BldgFloor','marketvalue','Market Value','decimal',8,'decimal',NULL,NULL,NULL,NULL,NULL,NULL,'decimal',NULL),('rptis.bldg.facts.BldgFloor.objid','rptis.bldg.facts.BldgFloor','objid','Objid','string',1,'string',NULL,NULL,NULL,NULL,NULL,NULL,'string',NULL),('rptis.bldg.facts.BldgFloor.storeyrate','rptis.bldg.facts.BldgFloor','storeyrate','Storey Adjustment','decimal',9,'decimal',NULL,NULL,NULL,NULL,NULL,NULL,'decimal',NULL),('rptis.bldg.facts.BldgFloor.unitvalue','rptis.bldg.facts.BldgFloor','unitvalue','Unit Value','decimal',5,'decimal',NULL,NULL,NULL,NULL,NULL,NULL,'decimal',NULL),('rptis.bldg.facts.BldgRPU.assesslevel','rptis.bldg.facts.BldgRPU','assesslevel','Assess Level','decimal',23,'decimal',NULL,NULL,NULL,NULL,NULL,NULL,'decimal',NULL),('rptis.bldg.facts.BldgRPU.basevalue','rptis.bldg.facts.BldgRPU','basevalue','Base Value','decimal',12,'decimal',NULL,NULL,NULL,NULL,NULL,NULL,'decimal',NULL),('rptis.bldg.facts.BldgRPU.bldgage','rptis.bldg.facts.BldgRPU','bldgage','Building Age','integer',16,'integer',NULL,NULL,NULL,NULL,NULL,NULL,'integer',NULL),('rptis.bldg.facts.BldgRPU.bldgclass','rptis.bldg.facts.BldgRPU','bldgclass','Building Class','string',25,'lov',NULL,NULL,NULL,NULL,NULL,NULL,'string','RPT_BLDG_CLASS'),('rptis.bldg.facts.BldgRPU.classificationid','rptis.bldg.facts.BldgRPU','classificationid','Classification','string',2,'lookup','propertyclassification:lookup','objid','name',NULL,NULL,NULL,'string','property'),('rptis.bldg.facts.BldgRPU.condominium','rptis.bldg.facts.BldgRPU','condominium','Is Condominium','boolean',24,'boolean',NULL,NULL,NULL,NULL,NULL,NULL,'boolean',NULL),('rptis.bldg.facts.BldgRPU.depreciation','rptis.bldg.facts.BldgRPU','depreciation','Depreciation Rate','decimal',19,'decimal',NULL,NULL,NULL,NULL,NULL,NULL,'decimal',NULL),('rptis.bldg.facts.BldgRPU.depreciationvalue','rptis.bldg.facts.BldgRPU','depreciationvalue','Deprecation Value','decimal',20,'decimal',NULL,NULL,NULL,NULL,NULL,NULL,'decimal',NULL),('rptis.bldg.facts.BldgRPU.effectiveage','rptis.bldg.facts.BldgRPU','effectiveage','Effective Building Age','integer',17,'integer',NULL,NULL,NULL,NULL,NULL,NULL,'integer',NULL),('rptis.bldg.facts.BldgRPU.exemptiontypeid','rptis.bldg.facts.BldgRPU','exemptiontypeid','Exemption Type','string',3,'lookup','exemptiontype:lookup','objid','name',NULL,NULL,NULL,'string',NULL),('rptis.bldg.facts.BldgRPU.fixrate','rptis.bldg.facts.BldgRPU','fixrate','Fix Rate Assess Level?','boolean',26,'boolean',NULL,NULL,NULL,NULL,NULL,NULL,'boolean',NULL),('rptis.bldg.facts.BldgRPU.floorcount','rptis.bldg.facts.BldgRPU','floorcount','Floor Count','integer',18,'integer',NULL,NULL,NULL,NULL,NULL,NULL,'integer',NULL),('rptis.bldg.facts.BldgRPU.percentcompleted','rptis.bldg.facts.BldgRPU','percentcompleted','Percent Completed','integer',22,'integer',NULL,NULL,NULL,NULL,NULL,NULL,'integer',NULL),('rptis.bldg.facts.BldgRPU.ry','rptis.bldg.facts.BldgRPU','ry','Revision Year','integer',1,'integer',NULL,NULL,NULL,NULL,NULL,NULL,'integer',NULL),('rptis.bldg.facts.BldgRPU.swornamount','rptis.bldg.facts.BldgRPU','swornamount','Sworn Amount','decimal',10,'decimal',NULL,NULL,NULL,NULL,NULL,NULL,'decimal',NULL),('rptis.bldg.facts.BldgRPU.taxable','rptis.bldg.facts.BldgRPU','taxable','Taxable?','boolean',4,'boolean',NULL,NULL,NULL,NULL,NULL,NULL,'boolean',NULL),('rptis.bldg.facts.BldgRPU.totaladjustment','rptis.bldg.facts.BldgRPU','totaladjustment','Total Adjustment','decimal',21,'decimal',NULL,NULL,NULL,NULL,NULL,NULL,'decimal',NULL),('rptis.bldg.facts.BldgRPU.totalareaha','rptis.bldg.facts.BldgRPU','totalareaha','Area in Hectare','decimal',5,'decimal',NULL,NULL,NULL,NULL,NULL,NULL,'decimal',NULL),('rptis.bldg.facts.BldgRPU.totalareasqm','rptis.bldg.facts.BldgRPU','totalareasqm','Area in Sq. Meter','decimal',6,'decimal',NULL,NULL,NULL,NULL,NULL,NULL,'decimal',NULL),('rptis.bldg.facts.BldgRPU.totalav','rptis.bldg.facts.BldgRPU','totalav','Assess Value','decimal',9,'decimal',NULL,NULL,NULL,NULL,NULL,NULL,'decimal',NULL),('rptis.bldg.facts.BldgRPU.totalbmv','rptis.bldg.facts.BldgRPU','totalbmv','Base Market Value','decimal',7,'decimal',NULL,NULL,NULL,NULL,NULL,NULL,'decimal',NULL),('rptis.bldg.facts.BldgRPU.totalmv','rptis.bldg.facts.BldgRPU','totalmv','Market Value','decimal',8,'decimal',NULL,NULL,NULL,NULL,NULL,NULL,'decimal',NULL),('rptis.bldg.facts.BldgRPU.useswornamount','rptis.bldg.facts.BldgRPU','useswornamount','Use Sworn Amount?','boolean',11,'boolean',NULL,NULL,NULL,NULL,NULL,NULL,'boolean',NULL),('rptis.bldg.facts.BldgRPU.yrappraised','rptis.bldg.facts.BldgRPU','yrappraised','Year Appraised','integer',13,'integer',NULL,NULL,NULL,NULL,NULL,NULL,'integer',NULL),('rptis.bldg.facts.BldgRPU.yrcompleted','rptis.bldg.facts.BldgRPU','yrcompleted','Year Completed','integer',14,'integer',NULL,NULL,NULL,NULL,NULL,NULL,'integer',NULL),('rptis.bldg.facts.BldgRPU.yroccupied','rptis.bldg.facts.BldgRPU','yroccupied','Year Occupied','integer',15,'integer',NULL,NULL,NULL,NULL,NULL,NULL,'integer',NULL),('rptis.bldg.facts.BldgStructure.basefloorarea','rptis.bldg.facts.BldgStructure','basefloorarea','Base Floor Area','decimal',3,'decimal',NULL,NULL,NULL,NULL,NULL,NULL,'decimal',NULL),('rptis.bldg.facts.BldgStructure.basevalue','rptis.bldg.facts.BldgStructure','basevalue','Base Value','decimal',5,'decimal',NULL,NULL,NULL,NULL,NULL,NULL,'decimal',NULL),('rptis.bldg.facts.BldgStructure.floorcount','rptis.bldg.facts.BldgStructure','floorcount','Floor Count','integer',2,'integer',NULL,NULL,NULL,NULL,NULL,NULL,'integer',NULL),('rptis.bldg.facts.BldgStructure.rpu','rptis.bldg.facts.BldgStructure','rpu','Building Real Property','string',1,'var',NULL,NULL,NULL,NULL,NULL,0,'rptis.bldg.facts.BldgRPU',NULL),('rptis.bldg.facts.BldgStructure.totalfloorarea','rptis.bldg.facts.BldgStructure','totalfloorarea','Total Floor Area','decimal',4,'decimal',NULL,NULL,NULL,NULL,NULL,NULL,'decimal',NULL),('rptis.bldg.facts.BldgStructure.unitvalue','rptis.bldg.facts.BldgStructure','unitvalue','Unit Value','decimal',6,'decimal',NULL,NULL,NULL,NULL,NULL,NULL,'decimal',NULL),('rptis.bldg.facts.BldgUse.actualuseid','rptis.bldg.facts.BldgUse','actualuseid','Actual Use','string',12,'var',NULL,NULL,NULL,NULL,NULL,NULL,'string',NULL),('rptis.bldg.facts.BldgUse.adjfordepreciation','rptis.bldg.facts.BldgUse','adjfordepreciation','Adjustment for Depreciation','decimal',15,'decimal',NULL,NULL,NULL,NULL,NULL,NULL,'decimal',NULL),('rptis.bldg.facts.BldgUse.adjustment','rptis.bldg.facts.BldgUse','adjustment','Adjustment','decimal',7,'decimal',NULL,NULL,NULL,NULL,NULL,NULL,'decimal',NULL),('rptis.bldg.facts.BldgUse.area','rptis.bldg.facts.BldgUse','area','Area','decimal',4,'decimal',NULL,NULL,NULL,NULL,NULL,NULL,'decimal',NULL),('rptis.bldg.facts.BldgUse.assessedvalue','rptis.bldg.facts.BldgUse','assessedvalue','Assess Value','decimal',10,'decimal',NULL,NULL,NULL,NULL,NULL,NULL,'decimal',NULL),('rptis.bldg.facts.BldgUse.assesslevel','rptis.bldg.facts.BldgUse','assesslevel','Assess Level','decimal',9,'decimal',NULL,NULL,NULL,NULL,NULL,NULL,'decimal',NULL),('rptis.bldg.facts.BldgUse.basemarketvalue','rptis.bldg.facts.BldgUse','basemarketvalue','Base Market Value','decimal',5,'decimal',NULL,NULL,NULL,NULL,NULL,NULL,'decimal',NULL),('rptis.bldg.facts.BldgUse.basevalue','rptis.bldg.facts.BldgUse','basevalue','Base Value','decimal',3,'decimal',NULL,NULL,NULL,NULL,NULL,NULL,'decimal',NULL),('rptis.bldg.facts.BldgUse.bldgstructure','rptis.bldg.facts.BldgUse','bldgstructure','Building Structure','string',2,'var',NULL,NULL,NULL,NULL,NULL,NULL,'rptis.bldg.facts.BldgStructure',NULL),('rptis.bldg.facts.BldgUse.depreciationvalue','rptis.bldg.facts.BldgUse','depreciationvalue','Depreciation Value','decimal',6,'decimal',NULL,NULL,NULL,NULL,NULL,NULL,'decimal',NULL),('rptis.bldg.facts.BldgUse.fixrate','rptis.bldg.facts.BldgUse','fixrate','Fix Rate Assess Level?','boolean',11,'boolean',NULL,NULL,NULL,NULL,NULL,NULL,'boolean',NULL),('rptis.bldg.facts.BldgUse.marketvalue','rptis.bldg.facts.BldgUse','marketvalue','Market Value','decimal',8,'decimal',NULL,NULL,NULL,NULL,NULL,NULL,'decimal',NULL),('rptis.bldg.facts.BldgUse.objid','rptis.bldg.facts.BldgUse','objid','Objid','string',1,'string',NULL,NULL,NULL,NULL,NULL,NULL,'string',NULL),('rptis.bldg.facts.BldgUse.swornamount','rptis.bldg.facts.BldgUse','swornamount','Sworn Amount','decimal',13,'decimal',NULL,NULL,NULL,NULL,NULL,NULL,'decimal',NULL),('rptis.bldg.facts.BldgUse.useswornamount','rptis.bldg.facts.BldgUse','useswornamount','Use Sworn Amount?','boolean',14,'boolean',NULL,NULL,NULL,NULL,NULL,NULL,'boolean',NULL),('rptis.bldg.facts.BldgVariable.bldguse','rptis.bldg.facts.BldgVariable','bldguse','Building Actual Use','string',1,'var',NULL,NULL,NULL,NULL,NULL,NULL,'rptis.bldg.facts.BldgUse',NULL),('rptis.bldg.facts.BldgVariable.value','rptis.bldg.facts.BldgVariable','value','Value','decimal',3,'decimal',NULL,NULL,NULL,NULL,NULL,NULL,'decimal',NULL),('rptis.bldg.facts.BldgVariable.varid','rptis.bldg.facts.BldgVariable','varid','Variable Name','string',2,'lookup','rptparameter:lookup','objid','name',NULL,NULL,NULL,'string',NULL),('rptis.facts.Classification.objid','rptis.facts.Classification','objid','Classification','string',1,'lookup','propertyclassification:lookup','objid','name',NULL,NULL,NULL,'string',NULL),('rptis.facts.RPTVariable.objid','rptis.facts.RPTVariable','objid','Objid','string',1,'string',NULL,NULL,NULL,NULL,NULL,NULL,'string',NULL),('rptis.facts.RPTVariable.refid','rptis.facts.RPTVariable','refid','Reference ID','string',2,'string',NULL,NULL,NULL,NULL,NULL,NULL,'string',NULL),('rptis.facts.RPTVariable.value','rptis.facts.RPTVariable','value','Value','decimal',4,'decimal',NULL,NULL,NULL,NULL,NULL,NULL,'decimal',NULL),('rptis.facts.RPTVariable.varid','rptis.facts.RPTVariable','varid','Variable Name','string',3,'lookup','rptparameter:lookup','objid','name',NULL,NULL,NULL,'string',NULL),('rptis.facts.RPU.classificationid','rptis.facts.RPU','classificationid','Classification','string',4,'lookup','propertyclassification:lookup','objid','name',NULL,NULL,NULL,'string',NULL),('rptis.facts.RPU.exemptiontypeid','rptis.facts.RPU','exemptiontypeid','Exemption Type','string',5,'lookup','exemptiontype:lookup','objid','name',NULL,NULL,NULL,'string',NULL),('rptis.facts.RPU.objid','rptis.facts.RPU','objid','objid','string',1,'string',NULL,NULL,NULL,NULL,NULL,NULL,'string',NULL),('rptis.facts.RPU.rputype','rptis.facts.RPU','rputype','Property Type','string',2,'lov',NULL,NULL,NULL,NULL,NULL,NULL,'string','RPT_RPUTYPES'),('rptis.facts.RPU.ry','rptis.facts.RPU','ry','Revision Year','integer',3,'integer',NULL,NULL,NULL,NULL,NULL,NULL,'integer',NULL),('rptis.facts.RPU.swornamount','rptis.facts.RPU','swornamount','Sworn Amount','decimal',13,'decimal',NULL,NULL,NULL,NULL,NULL,NULL,'decimal',NULL),('rptis.facts.RPU.taxable','rptis.facts.RPU','taxable','Taxable?','boolean',6,'boolean',NULL,NULL,NULL,NULL,NULL,NULL,'boolean',NULL),('rptis.facts.RPU.totalareaha','rptis.facts.RPU','totalareaha','Area in Hectare','decimal',8,'decimal',NULL,NULL,NULL,NULL,NULL,NULL,'decimal',NULL),('rptis.facts.RPU.totalareasqm','rptis.facts.RPU','totalareasqm','Area in Sq. Meter','decimal',7,'decimal',NULL,NULL,NULL,NULL,NULL,NULL,'decimal',NULL),('rptis.facts.RPU.totalav','rptis.facts.RPU','totalav','Assessed Value','decimal',11,'decimal',NULL,NULL,NULL,NULL,NULL,NULL,'decimal',NULL),('rptis.facts.RPU.totalbmv','rptis.facts.RPU','totalbmv','Base Market Value','decimal',9,'decimal',NULL,NULL,NULL,NULL,NULL,NULL,'decimal',NULL),('rptis.facts.RPU.totalmv','rptis.facts.RPU','totalmv','Market Value','decimal',10,'decimal',NULL,NULL,NULL,NULL,NULL,NULL,'decimal',NULL),('rptis.facts.RPU.useswornamount','rptis.facts.RPU','useswornamount','Use Sworn Amount?','boolean',12,'boolean',NULL,NULL,NULL,NULL,NULL,NULL,'boolean',NULL),('rptis.facts.RPUAssessment.actualuseid','rptis.facts.RPUAssessment','actualuseid','Actual Use','string',1,'var',NULL,NULL,NULL,NULL,NULL,1,'string',NULL),('rptis.facts.RPUAssessment.assessedvalue','rptis.facts.RPUAssessment','assessedvalue','Assessed Value','decimal',5,'decimal',NULL,NULL,NULL,NULL,NULL,NULL,'decimal',NULL),('rptis.facts.RPUAssessment.assesslevel','rptis.facts.RPUAssessment','assesslevel','Assess Level','decimal',4,'decimal',NULL,NULL,NULL,NULL,NULL,NULL,'decimal',NULL),('rptis.facts.RPUAssessment.exemptedmarketvalue','rptis.facts.RPUAssessment','exemptedmarketvalue','Exempted Market Value','decimal',3,'decimal',NULL,NULL,NULL,NULL,NULL,NULL,'decimal',NULL),('rptis.facts.RPUAssessment.marketvalue','rptis.facts.RPUAssessment','marketvalue','Market Value','decimal',2,'decimal',NULL,NULL,NULL,NULL,NULL,NULL,'decimal',NULL),('rptis.facts.RPUAssessment.taxable','rptis.facts.RPUAssessment','taxable','Taxable','boolean',6,'boolean',NULL,NULL,NULL,NULL,NULL,NULL,'boolean',NULL),('rptis.land.facts.LandAdjustment.adjustment','rptis.land.facts.LandAdjustment','adjustment','Adjustment','decimal',3,'decimal',NULL,NULL,NULL,NULL,NULL,NULL,'decimal',NULL),('rptis.land.facts.LandAdjustment.landdetail','rptis.land.facts.LandAdjustment','landdetail','Land Detail','string',2,'var',NULL,NULL,NULL,NULL,NULL,NULL,'rptis.land.facts.LandDetail',NULL),('rptis.land.facts.LandAdjustment.rpu','rptis.land.facts.LandAdjustment','rpu','RPU','string',1,'var',NULL,NULL,NULL,NULL,NULL,NULL,'rptis.facts.RPU',NULL),('rptis.land.facts.LandAdjustment.type','rptis.land.facts.LandAdjustment','type','Adjustment Type','string',4,'lov',NULL,NULL,NULL,NULL,NULL,NULL,'string','RPT_LAND_ADJUSTMENT_TYPES'),('rptis.land.facts.LandDetail.actualuseadjustment','rptis.land.facts.LandDetail','actualuseadjustment','Actual Use Adjustment','decimal',11,'decimal',NULL,NULL,NULL,NULL,NULL,NULL,'decimal',NULL),('rptis.land.facts.LandDetail.adjustment','rptis.land.facts.LandDetail','adjustment','Adjustment','decimal',9,'decimal',NULL,NULL,NULL,NULL,NULL,NULL,'decimal',NULL),('rptis.land.facts.LandDetail.area','rptis.land.facts.LandDetail','area','Area','decimal',2,'decimal',NULL,NULL,NULL,NULL,NULL,NULL,'decimal',NULL),('rptis.land.facts.LandDetail.areaha','rptis.land.facts.LandDetail','areaha','Area in Hectare','decimal',4,'decimal',NULL,NULL,NULL,NULL,NULL,NULL,'decimal',NULL),('rptis.land.facts.LandDetail.areasqm','rptis.land.facts.LandDetail','areasqm','Area in Sq. Meter','decimal',3,'decimal',NULL,NULL,NULL,NULL,NULL,NULL,'decimal',NULL),('rptis.land.facts.LandDetail.assessedvalue','rptis.land.facts.LandDetail','assessedvalue','Assessed Value','decimal',14,'decimal',NULL,NULL,NULL,NULL,NULL,NULL,'decimal',NULL),('rptis.land.facts.LandDetail.assesslevel','rptis.land.facts.LandDetail','assesslevel','Assess Level','decimal',13,'decimal',NULL,NULL,NULL,NULL,NULL,NULL,'decimal',NULL),('rptis.land.facts.LandDetail.basemarketvalue','rptis.land.facts.LandDetail','basemarketvalue','Base Market Value','decimal',8,'decimal',NULL,NULL,NULL,NULL,NULL,NULL,'decimal',NULL),('rptis.land.facts.LandDetail.basevalue','rptis.land.facts.LandDetail','basevalue','Base Value','decimal',5,'decimal',NULL,NULL,NULL,NULL,NULL,NULL,'decimal',NULL),('rptis.land.facts.LandDetail.classification','rptis.land.facts.LandDetail','classification','Classification','string',15,'var',NULL,NULL,NULL,NULL,NULL,NULL,'rptis.facts.Classification',NULL),('rptis.land.facts.LandDetail.landvalueadjustment','rptis.land.facts.LandDetail','landvalueadjustment','Land Value Adjustment','decimal',10,'decimal',NULL,NULL,NULL,NULL,NULL,NULL,'decimal',NULL),('rptis.land.facts.LandDetail.marketvalue','rptis.land.facts.LandDetail','marketvalue','Market Value','decimal',12,'decimal',NULL,NULL,NULL,NULL,NULL,NULL,'decimal',NULL),('rptis.land.facts.LandDetail.rpu','rptis.land.facts.LandDetail','rpu','RPU','string',1,'var',NULL,NULL,NULL,NULL,NULL,NULL,'RPU',NULL),('rptis.land.facts.LandDetail.taxable','rptis.land.facts.LandDetail','taxable','Taxable','boolean',7,'boolean',NULL,NULL,NULL,NULL,NULL,NULL,'boolean',NULL),('rptis.land.facts.LandDetail.unitvalue','rptis.land.facts.LandDetail','unitvalue','Unit Value','decimal',6,'decimal',NULL,NULL,NULL,NULL,NULL,NULL,'decimal',NULL),('rptis.landtax.facts.AssessedValue.actualuse','rptis.landtax.facts.AssessedValue','actualuse','Actual Use','string',4,'var','propertyclassification:lookup','objid','name',NULL,NULL,0,'rptis.landtax.facts.Classification',NULL),('rptis.landtax.facts.AssessedValue.av','rptis.landtax.facts.AssessedValue','av','Assessed Value','decimal',6,'decimal',NULL,NULL,NULL,NULL,NULL,1,'decimal',NULL),('rptis.landtax.facts.AssessedValue.basicav','rptis.landtax.facts.AssessedValue','basicav','Basic Assessed Value','decimal',7,'decimal',NULL,NULL,NULL,NULL,NULL,NULL,'decimal',NULL),('rptis.landtax.facts.AssessedValue.classification','rptis.landtax.facts.AssessedValue','classification','Classification','string',3,'var','propertyclassification:lookup','objid','name',NULL,NULL,NULL,'rptis.landtax.facts.Classification',NULL),('rptis.landtax.facts.AssessedValue.idleland','rptis.landtax.facts.AssessedValue','idleland','Is Idle Land?','boolean',9,'boolean',NULL,NULL,NULL,NULL,NULL,NULL,'boolean',NULL),('rptis.landtax.facts.AssessedValue.rputype','rptis.landtax.facts.AssessedValue','rputype','Property Type','string',1,'lov',NULL,NULL,NULL,NULL,NULL,NULL,'string','RPT_RPUTYPES'),('rptis.landtax.facts.AssessedValue.sefav','rptis.landtax.facts.AssessedValue','sefav','SEF Assessed Value','decimal',8,'decimal',NULL,NULL,NULL,NULL,NULL,NULL,'decimal',NULL),('rptis.landtax.facts.AssessedValue.txntype','rptis.landtax.facts.AssessedValue','txntype','Transaction Type','string',2,'lov',NULL,NULL,NULL,NULL,NULL,NULL,'string','RPT_TXN_TYPES'),('rptis.landtax.facts.AssessedValue.year','rptis.landtax.facts.AssessedValue','year','Year','integer',5,'integer',NULL,NULL,NULL,NULL,NULL,1,'integer',NULL),('rptis.landtax.facts.Bill.advancebill','rptis.landtax.facts.Bill','advancebill','Is Advance Billing?','boolean',6,'boolean',NULL,NULL,NULL,NULL,NULL,NULL,'boolean',NULL),('rptis.landtax.facts.Bill.billdate','rptis.landtax.facts.Bill','billdate','Bill Date','date',5,'date',NULL,NULL,NULL,NULL,NULL,NULL,'date',NULL),('rptis.landtax.facts.Bill.billtoqtr','rptis.landtax.facts.Bill','billtoqtr','Quarter','integer',2,'integer',NULL,NULL,NULL,NULL,NULL,0,'integer',NULL),('rptis.landtax.facts.Bill.billtoyear','rptis.landtax.facts.Bill','billtoyear','Year','integer',1,'integer',NULL,NULL,NULL,NULL,NULL,NULL,'integer',NULL),('rptis.landtax.facts.Bill.currentdate','rptis.landtax.facts.Bill','currentdate','Current Date','date',3,'date',NULL,NULL,NULL,NULL,NULL,NULL,'date',NULL),('rptis.landtax.facts.Bill.forpayment','rptis.landtax.facts.Bill','forpayment','Is for Payment?','boolean',4,'boolean',NULL,NULL,NULL,NULL,NULL,NULL,'boolean',NULL),('rptis.landtax.facts.Classification.objid','rptis.landtax.facts.Classification','objid','Classification','string',1,'lookup','propertyclassification:lookup','objid','name',NULL,NULL,NULL,'string',NULL),('rptis.landtax.facts.RPTBillItem.amount','rptis.landtax.facts.RPTBillItem','amount','Amount','decimal',5,'decimal',NULL,NULL,NULL,NULL,NULL,NULL,'decimal',NULL),('rptis.landtax.facts.RPTBillItem.parentacctid','rptis.landtax.facts.RPTBillItem','parentacctid','Account','string',1,'lookup','revenueitem:lookup','objid','title',NULL,NULL,NULL,'string',NULL),('rptis.landtax.facts.RPTBillItem.revperiod','rptis.landtax.facts.RPTBillItem','revperiod','Revenue Period','string',3,'lov',NULL,NULL,NULL,NULL,NULL,NULL,'string','RPT_REVENUE_PERIODS'),('rptis.landtax.facts.RPTBillItem.revtype','rptis.landtax.facts.RPTBillItem','revtype','Revenue Type','string',2,'lov',NULL,NULL,NULL,NULL,NULL,NULL,'string','RPT_BILLING_REVENUE_TYPES'),('rptis.landtax.facts.RPTBillItem.sharetype','rptis.landtax.facts.RPTBillItem','sharetype','Share Type','string',4,'lov',NULL,NULL,NULL,NULL,NULL,NULL,'string','RPT_BILLING_LGU_TYPES'),('rptis.landtax.facts.RPTIncentive.basicrate','rptis.landtax.facts.RPTIncentive','basicrate','Basic Rate','decimal',2,'decimal',NULL,NULL,NULL,NULL,NULL,NULL,'decimal',NULL),('rptis.landtax.facts.RPTIncentive.fromyear','rptis.landtax.facts.RPTIncentive','fromyear','From Year','integer',4,'integer',NULL,NULL,NULL,NULL,NULL,NULL,'integer',NULL),('rptis.landtax.facts.RPTIncentive.rptledger','rptis.landtax.facts.RPTIncentive','rptledger','Ledger','string',1,'var',NULL,NULL,NULL,NULL,NULL,NULL,'rptis.landtax.facts.RPTLedgerFact',NULL),('rptis.landtax.facts.RPTIncentive.sefrate','rptis.landtax.facts.RPTIncentive','sefrate','SEF Rate','decimal',3,'decimal',NULL,NULL,NULL,NULL,NULL,NULL,'decimal',NULL),('rptis.landtax.facts.RPTIncentive.toyear','rptis.landtax.facts.RPTIncentive','toyear','To Year','integer',5,'integer',NULL,NULL,NULL,NULL,NULL,NULL,'integer',NULL),('rptis.landtax.facts.RPTLedgerFact.barangay','rptis.landtax.facts.RPTLedgerFact','barangay','Barangay','string',8,'lookup','barangay:lookup','objid','name','',NULL,NULL,'string',''),('rptis.landtax.facts.RPTLedgerFact.barangayid','rptis.landtax.facts.RPTLedgerFact','barangayid','Barangay ID','string',12,'lookup','barangay:lookup','objid','name',NULL,NULL,NULL,'string',NULL),('rptis.landtax.facts.RPTLedgerFact.firstqtrpaidontime','rptis.landtax.facts.RPTLedgerFact','firstqtrpaidontime','1st Qtr is Paid On-Time','boolean',4,'boolean','','','','',NULL,NULL,'boolean',''),('rptis.landtax.facts.RPTLedgerFact.lastqtrpaid','rptis.landtax.facts.RPTLedgerFact','lastqtrpaid','Last Qtr Paid','integer',3,'integer','','','','',NULL,NULL,'integer',''),('rptis.landtax.facts.RPTLedgerFact.lastyearpaid','rptis.landtax.facts.RPTLedgerFact','lastyearpaid','Last Year Paid','integer',2,'integer','','','','',NULL,NULL,'integer',''),('rptis.landtax.facts.RPTLedgerFact.lguid','rptis.landtax.facts.RPTLedgerFact','lguid','LGU ID','string',11,'lookup','municipality:lookup','objid','name',NULL,NULL,NULL,'string',NULL),('rptis.landtax.facts.RPTLedgerFact.missedpayment','rptis.landtax.facts.RPTLedgerFact','missedpayment','Has missed current year Quarterly Payment?','boolean',7,'boolean',NULL,NULL,NULL,NULL,NULL,NULL,'boolean',NULL),('rptis.landtax.facts.RPTLedgerFact.objid','rptis.landtax.facts.RPTLedgerFact','objid','Objid','string',1,'lookup','rptledger:lookup','objid','tdno',NULL,NULL,NULL,'string',NULL),('rptis.landtax.facts.RPTLedgerFact.parentlguid','rptis.landtax.facts.RPTLedgerFact','parentlguid','Parent LGU','string',10,'lookup','province:lookup','objid','name',NULL,NULL,NULL,'string',NULL),('rptis.landtax.facts.RPTLedgerFact.qtrlypaymentpaidontime','rptis.landtax.facts.RPTLedgerFact','qtrlypaymentpaidontime','Quarterly Payment is Paid On-Time','boolean',5,'boolean','','','','',NULL,NULL,'boolean',''),('rptis.landtax.facts.RPTLedgerFact.rputype','rptis.landtax.facts.RPTLedgerFact','rputype','Property Type','string',9,'lov','','','','',NULL,NULL,'string','RPT_RPUTYPES'),('rptis.landtax.facts.RPTLedgerFact.undercompromise','rptis.landtax.facts.RPTLedgerFact','undercompromise','Is under Compromise?','boolean',6,'boolean',NULL,NULL,NULL,NULL,NULL,NULL,'boolean',NULL),('rptis.landtax.facts.RPTLedgerItemFact.actualuse','rptis.landtax.facts.RPTLedgerItemFact','actualuse','Actual Use','string',9,'lookup','propertyclassification:lookup','objid','name',NULL,NULL,NULL,'string',NULL),('rptis.landtax.facts.RPTLedgerItemFact.amtdue','rptis.landtax.facts.RPTLedgerItemFact','amtdue','Tax','decimal',21,'decimal','','','','',NULL,NULL,'decimal',''),('rptis.landtax.facts.RPTLedgerItemFact.av','rptis.landtax.facts.RPTLedgerItemFact','av','Assessed Value','decimal',4,'decimal','','','','',NULL,NULL,'decimal',''),('rptis.landtax.facts.RPTLedgerItemFact.backtax','rptis.landtax.facts.RPTLedgerItemFact','backtax','Is Back Tax?','boolean',18,'boolean','','','','',NULL,NULL,'boolean',''),('rptis.landtax.facts.RPTLedgerItemFact.basicav','rptis.landtax.facts.RPTLedgerItemFact','basicav','AV for Basic','decimal',5,'decimal',NULL,NULL,NULL,NULL,NULL,NULL,'decimal',NULL),('rptis.landtax.facts.RPTLedgerItemFact.classification','rptis.landtax.facts.RPTLedgerItemFact','classification','Classification','string',8,'lookup','propertyclassification:lookup','objid','name','',0,NULL,'string',''),('rptis.landtax.facts.RPTLedgerItemFact.discount','rptis.landtax.facts.RPTLedgerItemFact','discount','Discount','decimal',23,'decimal',NULL,NULL,NULL,NULL,NULL,NULL,'decimal',NULL),('rptis.landtax.facts.RPTLedgerItemFact.fullypaid','rptis.landtax.facts.RPTLedgerItemFact','fullypaid','Is Fully Paid?','boolean',13,'boolean',NULL,NULL,NULL,NULL,NULL,NULL,'boolean',NULL),('rptis.landtax.facts.RPTLedgerItemFact.idleland','rptis.landtax.facts.RPTLedgerItemFact','idleland','Is Idle Land?','boolean',12,'boolean',NULL,NULL,NULL,NULL,NULL,NULL,'boolean',NULL),('rptis.landtax.facts.RPTLedgerItemFact.interest','rptis.landtax.facts.RPTLedgerItemFact','interest','Interest','decimal',22,'decimal','','','','',NULL,NULL,'decimal',''),('rptis.landtax.facts.RPTLedgerItemFact.monthsfromjan','rptis.landtax.facts.RPTLedgerItemFact','monthsfromjan','Number of Months from January','integer',17,'integer','','','','',NULL,NULL,'integer',''),('rptis.landtax.facts.RPTLedgerItemFact.monthsfromqtr','rptis.landtax.facts.RPTLedgerItemFact','monthsfromqtr','Number of Months From Quarter','integer',16,'integer','','','','',NULL,NULL,'integer',''),('rptis.landtax.facts.RPTLedgerItemFact.originalav','rptis.landtax.facts.RPTLedgerItemFact','originalav','Original AV','decimal',10,'decimal','','','','',NULL,NULL,'decimal',''),('rptis.landtax.facts.RPTLedgerItemFact.qtr','rptis.landtax.facts.RPTLedgerItemFact','qtr','Qtr','integer',2,'integer','','','','',NULL,NULL,'integer',''),('rptis.landtax.facts.RPTLedgerItemFact.qtrly','rptis.landtax.facts.RPTLedgerItemFact','qtrly','Is quarterly computed?','boolean',24,'boolean',NULL,NULL,NULL,NULL,NULL,NULL,'boolean',NULL),('rptis.landtax.facts.RPTLedgerItemFact.qtrlypaymentavailed','rptis.landtax.facts.RPTLedgerItemFact','qtrlypaymentavailed','Is Quarterly Payment?','boolean',14,'boolean',NULL,NULL,NULL,NULL,NULL,NULL,'boolean',NULL),('rptis.landtax.facts.RPTLedgerItemFact.reclassed','rptis.landtax.facts.RPTLedgerItemFact','reclassed','Is Reclassed?','boolean',11,'boolean','','','','',NULL,NULL,'boolean',''),('rptis.landtax.facts.RPTLedgerItemFact.revperiod','rptis.landtax.facts.RPTLedgerItemFact','revperiod','Revenue Period','string',20,'lov','','','','',NULL,NULL,'string','RPT_REVENUE_PERIODS'),('rptis.landtax.facts.RPTLedgerItemFact.revtype','rptis.landtax.facts.RPTLedgerItemFact','revtype','Revenue Type','string',19,'lov',NULL,NULL,NULL,NULL,NULL,NULL,'string','RPT_BILLING_REVENUE_TYPES'),('rptis.landtax.facts.RPTLedgerItemFact.rptledger','rptis.landtax.facts.RPTLedgerItemFact','rptledger','RPT Ledger','string',3,'var','','','','',NULL,0,'rptis.landtax.facts.RPTLedgerFact',''),('rptis.landtax.facts.RPTLedgerItemFact.sefav','rptis.landtax.facts.RPTLedgerItemFact','sefav','AV for SEF','decimal',6,'decimal',NULL,NULL,NULL,NULL,NULL,NULL,'decimal',NULL),('rptis.landtax.facts.RPTLedgerItemFact.taxdifference','rptis.landtax.facts.RPTLedgerItemFact','taxdifference','Is Tax Difference?','boolean',15,'boolean',NULL,NULL,NULL,NULL,NULL,NULL,'boolean',NULL),('rptis.landtax.facts.RPTLedgerItemFact.txntype','rptis.landtax.facts.RPTLedgerItemFact','txntype','Txn Type','string',7,'lov','','','','',NULL,NULL,'string','RPT_TXN_TYPES'),('rptis.landtax.facts.RPTLedgerItemFact.year','rptis.landtax.facts.RPTLedgerItemFact','year','Year','integer',1,'integer','','','','',NULL,NULL,'integer',''),('rptis.landtax.facts.RPTLedgerTag.tag','rptis.landtax.facts.RPTLedgerTag','tag','Tag','string',1,'string',NULL,NULL,NULL,NULL,NULL,NULL,'string',NULL),('rptis.landtax.facts.RPTLedgerTaxSummaryFact.amount','rptis.landtax.facts.RPTLedgerTaxSummaryFact','amount','Amount','decimal',6,'decimal','','','','',NULL,0,'decimal',''),('rptis.landtax.facts.RPTLedgerTaxSummaryFact.discount','rptis.landtax.facts.RPTLedgerTaxSummaryFact','discount','Discount','decimal',7,'decimal','','','','',NULL,0,'decimal',''),('rptis.landtax.facts.RPTLedgerTaxSummaryFact.firecode','rptis.landtax.facts.RPTLedgerTaxSummaryFact','firecode','Fire Code','decimal',10,'decimal','','','','',NULL,NULL,'decimal',''),('rptis.landtax.facts.RPTLedgerTaxSummaryFact.interest','rptis.landtax.facts.RPTLedgerTaxSummaryFact','interest','Interest','decimal',8,'decimal','','','','',NULL,0,'decimal',''),('rptis.landtax.facts.RPTLedgerTaxSummaryFact.ledger','rptis.landtax.facts.RPTLedgerTaxSummaryFact','ledger','Ledger','string',1,'var',NULL,NULL,NULL,NULL,NULL,NULL,'rptis.landtax.facts.RPTLedgerFact',NULL),('rptis.landtax.facts.RPTLedgerTaxSummaryFact.objid','rptis.landtax.facts.RPTLedgerTaxSummaryFact','objid','Variable Name','string',2,'lookup','rptparameter:lookup','name','name','',NULL,0,'string',''),('rptis.landtax.facts.RPTLedgerTaxSummaryFact.revperiod','rptis.landtax.facts.RPTLedgerTaxSummaryFact','revperiod','Revenue Period','string',5,'lov',NULL,NULL,NULL,NULL,NULL,0,'string','RPT_REVENUE_PERIODS'),('rptis.landtax.facts.RPTLedgerTaxSummaryFact.revtype','rptis.landtax.facts.RPTLedgerTaxSummaryFact','revtype','Revenue Type','string',4,'lov',NULL,NULL,NULL,NULL,NULL,NULL,'string','RPT_BILLING_REVENUE_TYPES'),('rptis.landtax.facts.RPTLedgerTaxSummaryFact.rptledger','rptis.landtax.facts.RPTLedgerTaxSummaryFact','rptledger','RPT Ledger','string',3,'var','','','','',NULL,NULL,'rptis.landtax.facts.RPTLedgerFact',''),('rptis.landtax.facts.RPTLedgerTaxSummaryFact.sef','rptis.landtax.facts.RPTLedgerTaxSummaryFact','sef','SEF','decimal',7,'decimal','','','','',NULL,0,'decimal',''),('rptis.landtax.facts.RPTLedgerTaxSummaryFact.sefdisc','rptis.landtax.facts.RPTLedgerTaxSummaryFact','sefdisc','SEF Discount','decimal',8,'decimal','','','','',NULL,0,'decimal',''),('rptis.landtax.facts.RPTLedgerTaxSummaryFact.sefint','rptis.landtax.facts.RPTLedgerTaxSummaryFact','sefint','SEF Interest','decimal',9,'decimal','','','','',NULL,0,'decimal',''),('rptis.landtax.facts.RPTLedgerTaxSummaryFact.sh','rptis.landtax.facts.RPTLedgerTaxSummaryFact','sh','Socialized Housing Tax','decimal',11,'decimal',NULL,NULL,NULL,NULL,NULL,NULL,'decimal',NULL),('rptis.landtax.facts.RPTLedgerTaxSummaryFact.shdisc','rptis.landtax.facts.RPTLedgerTaxSummaryFact','shdisc','Socialized Housing Discount','decimal',13,'decimal',NULL,NULL,NULL,NULL,NULL,NULL,'decimal',NULL),('rptis.landtax.facts.RPTLedgerTaxSummaryFact.shint','rptis.landtax.facts.RPTLedgerTaxSummaryFact','shint','Socialized Housing Interest','decimal',12,'decimal',NULL,NULL,NULL,NULL,NULL,NULL,'decimal',NULL),('rptis.landtax.facts.ShareFact.amount','rptis.landtax.facts.ShareFact','amount','Amount','decimal',6,'decimal',NULL,NULL,NULL,NULL,NULL,NULL,'decimal',NULL),('rptis.landtax.facts.ShareFact.barangay','rptis.landtax.facts.ShareFact','barangay','Barangay','string',7,'lookup','barangay:lookup','objid','name','',NULL,NULL,'string',''),('rptis.landtax.facts.ShareFact.basic','rptis.landtax.facts.ShareFact','basic','Basic','decimal',6,'decimal','','','','',NULL,0,'decimal',''),('rptis.landtax.facts.ShareFact.basicdisc','rptis.landtax.facts.ShareFact','basicdisc','Basic Discount','decimal',7,'decimal','','','','',NULL,0,'decimal',''),('rptis.landtax.facts.ShareFact.basicint','rptis.landtax.facts.ShareFact','basicint','Basic Interest','decimal',8,'decimal','','','','',NULL,0,'decimal',''),('rptis.landtax.facts.ShareFact.discount','rptis.landtax.facts.ShareFact','discount','Discount','decimal',8,'decimal',NULL,NULL,NULL,NULL,NULL,NULL,'decimal',NULL),('rptis.landtax.facts.ShareFact.lguid','rptis.landtax.facts.ShareFact','lguid','LGU','string',5,'lookup','municipality:lookup','objid','name',NULL,NULL,NULL,'string',NULL),('rptis.landtax.facts.ShareFact.lgutype','rptis.landtax.facts.ShareFact','lgutype','LGU Type','string',1,'lov','','','','',NULL,1,'string','RPT_BILLING_LGU_TYPES'),('rptis.landtax.facts.ShareFact.revperiod','rptis.landtax.facts.ShareFact','revperiod','Revenue Period','string',4,'lov','','','','',NULL,1,'string','RPT_REVENUE_PERIODS'),('rptis.landtax.facts.ShareFact.revtype','rptis.landtax.facts.ShareFact','revtype','Revenue Type','string',3,'lov',NULL,NULL,NULL,NULL,NULL,1,'string','RPT_BILLING_REVENUE_TYPES'),('rptis.landtax.facts.ShareFact.sef','rptis.landtax.facts.ShareFact','sef','SEF','decimal',9,'decimal','','','','',NULL,0,'decimal',''),('rptis.landtax.facts.ShareFact.sefdisc','rptis.landtax.facts.ShareFact','sefdisc','SEF Discount','decimal',10,'decimal','','','','',NULL,0,'decimal',''),('rptis.landtax.facts.ShareFact.sefint','rptis.landtax.facts.ShareFact','sefint','SEF Interest','decimal',11,'decimal','','','','',NULL,0,'decimal',''),('rptis.landtax.facts.ShareFact.sh','rptis.landtax.facts.ShareFact','sh','Socialized Housing Tax','decimal',12,'decimal',NULL,NULL,NULL,NULL,NULL,NULL,'decimal',NULL),('rptis.landtax.facts.ShareFact.sharetype','rptis.landtax.facts.ShareFact','sharetype','Share Type','string',2,'lov','','','','',NULL,1,'string','RPT_BILLING_SHARE_TYPES'),('rptis.landtax.facts.ShareFact.shdisc','rptis.landtax.facts.ShareFact','shdisc','Socialized Housing Discount','decimal',14,'decimal',NULL,NULL,NULL,NULL,NULL,NULL,'decimal',NULL),('rptis.landtax.facts.ShareFact.shint','rptis.landtax.facts.ShareFact','shint','Socialized Housing Interest','decimal',13,'decimal',NULL,NULL,NULL,NULL,NULL,NULL,'decimal',NULL),('rptis.mach.facts.MachineActualUse.actualuseid','rptis.mach.facts.MachineActualUse','actualuseid','Actual Use','string',1,'lookup','propertyclassification:lookup','objid','name',NULL,NULL,NULL,'string',NULL),('rptis.mach.facts.MachineActualUse.assessedvalue','rptis.mach.facts.MachineActualUse','assessedvalue','Assessed Value','decimal',4,'decimal',NULL,NULL,NULL,NULL,NULL,NULL,'decimal',NULL),('rptis.mach.facts.MachineActualUse.basemarketvalue','rptis.mach.facts.MachineActualUse','basemarketvalue','Base Market Value','decimal',2,'decimal',NULL,NULL,NULL,NULL,NULL,NULL,'decimal',NULL),('rptis.mach.facts.MachineActualUse.marketvalue','rptis.mach.facts.MachineActualUse','marketvalue','Market Value','decimal',3,'decimal',NULL,NULL,NULL,NULL,NULL,NULL,'decimal',NULL),('rptis.mach.facts.MachineActualUse.taxable','rptis.mach.facts.MachineActualUse','taxable','Taxable','boolean',5,'boolean',NULL,NULL,NULL,NULL,NULL,NULL,'boolean',NULL),('rptis.mach.facts.MachineDetail.assessedvalue','rptis.mach.facts.MachineDetail','assessedvalue','Assessed Value','decimal',6,'decimal',NULL,NULL,NULL,NULL,NULL,NULL,'decimal',NULL),('rptis.mach.facts.MachineDetail.assesslevel','rptis.mach.facts.MachineDetail','assesslevel','Assess Level','decimal',5,'decimal',NULL,NULL,NULL,NULL,NULL,NULL,'decimal',NULL),('rptis.mach.facts.MachineDetail.basemarketvalue','rptis.mach.facts.MachineDetail','basemarketvalue','Base Market Value','decimal',2,'decimal',NULL,NULL,NULL,NULL,NULL,NULL,'decimal',NULL),('rptis.mach.facts.MachineDetail.depreciation','rptis.mach.facts.MachineDetail','depreciation','Depreciation Rate','boolean',10,'boolean',NULL,NULL,NULL,NULL,NULL,NULL,'boolean',NULL),('rptis.mach.facts.MachineDetail.depreciationvalue','rptis.mach.facts.MachineDetail','depreciationvalue','Depreciation Value','decimal',3,'decimal',NULL,NULL,NULL,NULL,NULL,NULL,'decimal',NULL),('rptis.mach.facts.MachineDetail.machuse','rptis.mach.facts.MachineDetail','machuse','Machine Actual Use','string',1,'var',NULL,NULL,NULL,NULL,NULL,NULL,'rptis.mach.facts.MachineActualUse',NULL),('rptis.mach.facts.MachineDetail.marketvalue','rptis.mach.facts.MachineDetail','marketvalue','Market Value','decimal',4,'decimal',NULL,NULL,NULL,NULL,NULL,NULL,'decimal',NULL),('rptis.mach.facts.MachineDetail.swornamount','rptis.mach.facts.MachineDetail','swornamount','Sworn Amount','decimal',9,'decimal',NULL,NULL,NULL,NULL,NULL,NULL,'decimal',NULL),('rptis.mach.facts.MachineDetail.taxable','rptis.mach.facts.MachineDetail','taxable','Is Taxable','boolean',7,'boolean',NULL,NULL,NULL,NULL,NULL,NULL,'boolean',NULL),('rptis.mach.facts.MachineDetail.useswornamount','rptis.mach.facts.MachineDetail','useswornamount','Is Sworn Amount?','boolean',8,'boolean',NULL,NULL,NULL,NULL,NULL,NULL,'boolean',NULL),('rptis.misc.facts.MiscItem.assessedvalue','rptis.misc.facts.MiscItem','assessedvalue','Assessed Value','decimal',6,'decimal',NULL,NULL,NULL,NULL,NULL,NULL,'decimal',NULL),('rptis.misc.facts.MiscItem.assesslevel','rptis.misc.facts.MiscItem','assesslevel','Assess Level','decimal',5,'decimal',NULL,NULL,NULL,NULL,NULL,NULL,'decimal',NULL),('rptis.misc.facts.MiscItem.basemarketvalue','rptis.misc.facts.MiscItem','basemarketvalue','Base Market Value','decimal',1,'decimal',NULL,NULL,NULL,NULL,NULL,NULL,'decimal',NULL),('rptis.misc.facts.MiscItem.depreciatedvalue','rptis.misc.facts.MiscItem','depreciatedvalue','Depreciation','decimal',3,'decimal',NULL,NULL,NULL,NULL,NULL,NULL,'decimal',NULL),('rptis.misc.facts.MiscItem.depreciation','rptis.misc.facts.MiscItem','depreciation','Deprecation Rate','decimal',2,'decimal',NULL,NULL,NULL,NULL,NULL,NULL,'decimal',NULL),('rptis.misc.facts.MiscItem.marketvalue','rptis.misc.facts.MiscItem','marketvalue','Market Value','decimal',4,'decimal',NULL,NULL,NULL,NULL,NULL,NULL,'decimal',NULL),('rptis.misc.facts.MiscRPU.actualuseid','rptis.misc.facts.MiscRPU','actualuseid','Actual Use','string',3,'lookup','propertyclassification:objid','objid','name',NULL,NULL,NULL,'string',NULL),('rptis.misc.facts.MiscRPU.assessedvalue','rptis.misc.facts.MiscRPU','assessedvalue','Asessed Value','decimal',9,'decimal',NULL,NULL,NULL,NULL,NULL,NULL,'decimal',NULL),('rptis.misc.facts.MiscRPU.assesslevel','rptis.misc.facts.MiscRPU','assesslevel','Assess Level','decimal',8,'decimal',NULL,NULL,NULL,NULL,NULL,NULL,'decimal',NULL),('rptis.misc.facts.MiscRPU.basemarketvalue','rptis.misc.facts.MiscRPU','basemarketvalue','Base Market Value','decimal',6,'decimal',NULL,NULL,NULL,NULL,NULL,NULL,'decimal',NULL),('rptis.misc.facts.MiscRPU.classificationid','rptis.misc.facts.MiscRPU','classificationid','Classification','string',2,'lookup','propertyclassification:lookup','objid','name',NULL,NULL,NULL,'string',NULL),('rptis.misc.facts.MiscRPU.marketvalue','rptis.misc.facts.MiscRPU','marketvalue','Market Value','decimal',7,'decimal',NULL,NULL,NULL,NULL,NULL,NULL,'decimal',NULL),('rptis.misc.facts.MiscRPU.objid','rptis.misc.facts.MiscRPU','objid','RPU ID','string',1,'string',NULL,NULL,NULL,NULL,NULL,NULL,'string',NULL),('rptis.misc.facts.MiscRPU.swornamount','rptis.misc.facts.MiscRPU','swornamount','Sworn Amount','decimal',5,'decimal',NULL,NULL,NULL,NULL,NULL,NULL,'decimal',NULL),('rptis.misc.facts.MiscRPU.useswornamount','rptis.misc.facts.MiscRPU','useswornamount','Use Sworn Amount?','boolean',4,'boolean',NULL,NULL,NULL,NULL,NULL,NULL,'boolean',NULL),('rptis.planttree.facts.PlantTreeDetail.actualuseid','rptis.planttree.facts.PlantTreeDetail','actualuseid','Actual Use','string',3,'lookup','propertyclassification:lookup','objid','name',NULL,NULL,NULL,'string',NULL),('rptis.planttree.facts.PlantTreeDetail.adjustment','rptis.planttree.facts.PlantTreeDetail','adjustment','Adjustment','decimal',9,'decimal',NULL,NULL,NULL,NULL,NULL,NULL,'decimal',NULL),('rptis.planttree.facts.PlantTreeDetail.adjustmentrate','rptis.planttree.facts.PlantTreeDetail','adjustmentrate','Adjustment Rate','decimal',10,'decimal',NULL,NULL,NULL,NULL,NULL,NULL,'decimal',NULL),('rptis.planttree.facts.PlantTreeDetail.areacovered','rptis.planttree.facts.PlantTreeDetail','areacovered','Area Covered','decimal',6,'decimal',NULL,NULL,NULL,NULL,NULL,NULL,'decimal',NULL),('rptis.planttree.facts.PlantTreeDetail.assessedvalue','rptis.planttree.facts.PlantTreeDetail','assessedvalue','Assessed Value','decimal',13,'decimal',NULL,NULL,NULL,NULL,NULL,NULL,'decimal',NULL),('rptis.planttree.facts.PlantTreeDetail.assesslevel','rptis.planttree.facts.PlantTreeDetail','assesslevel','Assess Level','decimal',12,'decimal',NULL,NULL,NULL,NULL,NULL,NULL,'decimal',NULL),('rptis.planttree.facts.PlantTreeDetail.basemarketvalue','rptis.planttree.facts.PlantTreeDetail','basemarketvalue','Base Market Value','decimal',8,'decimal',NULL,NULL,NULL,NULL,NULL,NULL,'decimal',NULL),('rptis.planttree.facts.PlantTreeDetail.classificationid','rptis.planttree.facts.PlantTreeDetail','classificationid','Classification','string',2,'lookup','propertyclassification:lookup','objid','name',NULL,NULL,NULL,'string',NULL),('rptis.planttree.facts.PlantTreeDetail.marketvalue','rptis.planttree.facts.PlantTreeDetail','marketvalue','Market Value','decimal',11,'decimal',NULL,NULL,NULL,NULL,NULL,NULL,'decimal',NULL),('rptis.planttree.facts.PlantTreeDetail.nonproductive','rptis.planttree.facts.PlantTreeDetail','nonproductive','Non-Productive','decimal',5,'decimal',NULL,NULL,NULL,NULL,NULL,NULL,'decimal',NULL),('rptis.planttree.facts.PlantTreeDetail.productive','rptis.planttree.facts.PlantTreeDetail','productive','Productive','decimal',4,'decimal',NULL,NULL,NULL,NULL,NULL,NULL,'decimal',NULL),('rptis.planttree.facts.PlantTreeDetail.RPU','rptis.planttree.facts.PlantTreeDetail','RPU','RPU','string',1,'var',NULL,NULL,NULL,NULL,NULL,NULL,'RPU',NULL),('rptis.planttree.facts.PlantTreeDetail.unitvalue','rptis.planttree.facts.PlantTreeDetail','unitvalue','Unit Value','decimal',7,'decimal',NULL,NULL,NULL,NULL,NULL,NULL,'decimal',NULL),('RPTTxnInfoFact.planRequired','RPTTxnInfoFact','planRequired','Approved Plan Required','boolean',3,'boolean',NULL,NULL,NULL,NULL,NULL,NULL,'boolean',NULL),('RPTTxnInfoFact.txntype','RPTTxnInfoFact','txntype','Txn Type','string',1,'lov',NULL,NULL,NULL,NULL,NULL,NULL,'string','RPT_TXN_TYPES'),('RPTTxnInfoFact.txntypemode','RPTTxnInfoFact','txntypemode','Txn Type Mode','string',2,'lov',NULL,NULL,NULL,NULL,NULL,NULL,'string','RPT_TXN_TYPE_MODES'),('treasury.facts.BillDate-date','treasury.facts.BillDate','date','Date','date',4,'date',NULL,NULL,NULL,NULL,NULL,NULL,'date',NULL),('treasury.facts.BillDate-day','treasury.facts.BillDate','day','Day','integer',3,'integer',NULL,NULL,NULL,NULL,NULL,NULL,'integer',NULL),('treasury.facts.BillDate-month','treasury.facts.BillDate','month','Month','integer',1,'integer',NULL,NULL,NULL,NULL,NULL,NULL,'integer',NULL),('treasury.facts.BillDate-qtr','treasury.facts.BillDate','qtr','Qtr','integer',5,'integer',NULL,NULL,NULL,NULL,NULL,NULL,'integer',NULL),('treasury.facts.BillDate-year','treasury.facts.BillDate','year','Year','integer',2,'integer',NULL,NULL,NULL,NULL,NULL,NULL,'integer',NULL),('treasury.facts.BillItem.account','treasury.facts.BillItem','account','Account','string',3,'lookup','revenueitem:lookup','objid','title',NULL,NULL,NULL,'object',NULL),('treasury.facts.BillItem.account.objid','treasury.facts.BillItem','account.objid','Account ID','string',2,'lookup','revenueitem:lookup','objid','title',NULL,NULL,NULL,'string',NULL),('treasury.facts.BillItem.amount','treasury.facts.BillItem','amount','Amount','decimal',1,'decimal',NULL,NULL,NULL,NULL,NULL,NULL,'decimal',NULL),('treasury.facts.BillItem.billrefid','treasury.facts.BillItem','billrefid','Bill Ref ID','string',7,'var',NULL,NULL,NULL,NULL,NULL,NULL,'string',NULL),('treasury.facts.BillItem.discount','treasury.facts.BillItem','discount','Discount','decimal',8,'decimal',NULL,NULL,NULL,NULL,NULL,NULL,'decimal',NULL),('treasury.facts.BillItem.duedate','treasury.facts.BillItem','duedate','Due Date','date',4,'date',NULL,NULL,NULL,NULL,NULL,NULL,'date',NULL),('treasury.facts.BillItem.fromdate','treasury.facts.BillItem','fromdate','From Date','date',14,'date',NULL,NULL,NULL,NULL,NULL,NULL,'date',NULL),('treasury.facts.BillItem.interest','treasury.facts.BillItem','interest','Interest','decimal',11,'decimal',NULL,NULL,NULL,NULL,NULL,NULL,'decimal',NULL),('treasury.facts.BillItem.month','treasury.facts.BillItem','month','Month','integer',13,'integer',NULL,NULL,NULL,NULL,NULL,NULL,'integer',NULL),('treasury.facts.BillItem.org','treasury.facts.BillItem','org','Org','string',10,'var',NULL,NULL,NULL,NULL,NULL,NULL,'enterprise.facts.Org',NULL),('treasury.facts.BillItem.parentaccount','treasury.facts.BillItem','parentaccount','Parent Account','string',9,'lookup','revenueitem:lookup','objid','title',NULL,NULL,NULL,'object',NULL),('treasury.facts.BillItem.paypriority','treasury.facts.BillItem','paypriority','Pay Priority','integer',18,'integer',NULL,NULL,NULL,NULL,NULL,NULL,'integer',NULL),('treasury.facts.BillItem.refid','treasury.facts.BillItem','refid','Ref ID','string',16,'var',NULL,NULL,NULL,NULL,NULL,NULL,'string',NULL),('treasury.facts.BillItem.remarks','treasury.facts.BillItem','remarks','Remarks','string',17,'string',NULL,NULL,NULL,NULL,NULL,NULL,'string',NULL),('treasury.facts.BillItem.sortorder','treasury.facts.BillItem','sortorder','Sort Order','integer',19,'integer',NULL,NULL,NULL,NULL,NULL,NULL,'integer',NULL),('treasury.facts.BillItem.surcharge','treasury.facts.BillItem','surcharge','Surcharge','decimal',5,'decimal',NULL,NULL,NULL,NULL,NULL,NULL,'decimal',NULL),('treasury.facts.BillItem.tag','treasury.facts.BillItem','tag','Tag','string',20,'string',NULL,NULL,NULL,NULL,NULL,NULL,'string',NULL),('treasury.facts.BillItem.todate','treasury.facts.BillItem','todate','To Date','date',15,'date',NULL,NULL,NULL,NULL,NULL,NULL,'date',NULL),('treasury.facts.BillItem.txntype','treasury.facts.BillItem','txntype','Txn Type','string',6,'lookup','billitem_txntype:lookup','objid','title',NULL,NULL,NULL,'string',NULL),('treasury.facts.BillItem.year','treasury.facts.BillItem','year','Year','integer',12,'integer',NULL,NULL,NULL,NULL,NULL,NULL,'integer',NULL),('treasury.facts.CollectionGroup.objid','treasury.facts.CollectionGroup','objid','Name','string',1,'lookup','collectiongroup:lookup','objid','name',NULL,NULL,NULL,'string',NULL),('treasury.facts.DueDate.date','treasury.facts.DueDate','date','Date','date',1,'date',NULL,NULL,NULL,NULL,NULL,NULL,'date',NULL),('treasury.facts.DueDate.day','treasury.facts.DueDate','day','Day','integer',4,'integer',NULL,NULL,NULL,NULL,NULL,NULL,'integer',NULL),('treasury.facts.DueDate.month','treasury.facts.DueDate','month','Month','integer',3,'integer',NULL,NULL,NULL,NULL,NULL,NULL,'integer',NULL),('treasury.facts.DueDate.qtr','treasury.facts.DueDate','qtr','Qtr','integer',5,'integer',NULL,NULL,NULL,NULL,NULL,NULL,'integer',NULL),('treasury.facts.DueDate.year','treasury.facts.DueDate','year','Year','integer',2,'integer',NULL,NULL,NULL,NULL,NULL,NULL,'integer',NULL),('treasury.facts.RevenueShare.amount','treasury.facts.RevenueShare','amount','Amount','decimal',3,'decimal',NULL,NULL,NULL,NULL,NULL,NULL,'decimal',NULL),('treasury.facts.RevenueShare.payableaccount','treasury.facts.RevenueShare','payableaccount','Payable Account','string',2,'lookup','revenueitem:lookup','objid','title',NULL,NULL,NULL,'string',NULL),('treasury.facts.RevenueShare.refaccount','treasury.facts.RevenueShare','refaccount','Reference Account','string',1,'lookup','revenueitem:lookup','objid','title',NULL,NULL,NULL,'string',NULL),('TxnAttributeFact.attribute','TxnAttributeFact','attribute','Attribute','string',2,'lookup','faastxnattributetype:lookup','attribute','attribute',NULL,NULL,1,'string',NULL),('TxnAttributeFact.txntype','TxnAttributeFact','txntype','Txn Type','string',1,'string',NULL,NULL,NULL,NULL,NULL,0,'string',NULL);
/*!40000 ALTER TABLE `sys_rule_fact_field` ENABLE KEYS */;
UNLOCK TABLES;

--
-- Table structure for table `sys_rulegroup`
--

DROP TABLE IF EXISTS `sys_rulegroup`;
/*!40101 SET @saved_cs_client     = @@character_set_client */;
/*!40101 SET character_set_client = utf8 */;
CREATE TABLE `sys_rulegroup` (
  `name` varchar(50) NOT NULL,
  `ruleset` varchar(50) NOT NULL,
  `title` varchar(160) DEFAULT NULL,
  `sortorder` int(11) DEFAULT NULL,
  PRIMARY KEY (`name`,`ruleset`),
  KEY `ruleset` (`ruleset`),
  CONSTRAINT `sys_rulegroup_ibfk_1` FOREIGN KEY (`ruleset`) REFERENCES `sys_ruleset` (`name`)
) ENGINE=InnoDB DEFAULT CHARSET=utf8;
/*!40101 SET character_set_client = @saved_cs_client */;

--
-- Dumping data for table `sys_rulegroup`
--

LOCK TABLES `sys_rulegroup` WRITE;
/*!40000 ALTER TABLE `sys_rulegroup` DISABLE KEYS */;
INSERT INTO `sys_rulegroup` VALUES ('ADDITIONAL','bldgassessment','Additional Item Computation',18),('ADDITIONAL_TAX','ctccorporate','Additional Tax Computation',2),('ADDITIONAL_TAX','ctcindividual','Additional Tax Computation',2),('ADJUSTMENT','bldgassessment','Adjustment Computation',25),('ADJUSTMENT','landassessment','Adjustment Computation',14),('ADJUSTMENT','planttreeassessment','Adjustment Computation',15),('AFER-DEPRECIATION','miscassessment','After Depreciation Computation',16),('AFTER-ADDITIONAL','bldgassessment','After Additional Item Computation',19),('AFTER-ADJUSTMENT','bldgassessment','After Adjustment Computation',30),('AFTER-ADJUSTMENT','landassessment','After Adjustment Computation',15),('AFTER-ADJUSTMENT','planttreeassessment','AFter Adjustment Computation',16),('AFTER-ASSESSEDVALUE','landassessment','After Assessed Value Computation',45),('AFTER-ASSESSEDVALUE','machassessment','After Machine Assessed Value Computation',45),('AFTER-ASSESSEDVALUE','miscassessment','After Assessed Value Computation',45),('AFTER-ASSESSEDVALUE','planttreeassessment','After Assessed Value Computation',45),('AFTER-ASSESSLEVEL','bldgassessment','After Calculate Assess Level',60),('AFTER-ASSESSLEVEL','landassessment','After Assess Level Computation',36),('AFTER-ASSESSLEVEL','machassessment','After Machine Assess Level Computation',36),('AFTER-ASSESSLEVEL','miscassessment','After Assess Level Computation',36),('AFTER-ASSESSLEVEL','planttreeassessment','After Assess Level Computation',36),('AFTER-ASSESSVALUE','bldgassessment','After Assess Value Computation',75),('AFTER-BASEMARKETVALUE','bldgassessment','After Base Market Value Computation',15),('AFTER-BASEMARKETVALUE','landassessment','After Base Market Value Computation',10),('AFTER-BASEMARKETVALUE','machassessment','After Machine Base Market Value Computation',10),('AFTER-BASEMARKETVALUE','miscassessment','After Base Market Value Computation',10),('AFTER-BASEMARKETVALUE','planttreeassessment','After Base Market Value Computation',10),('after-compute-share','revenuesharing','After Compute Share',1),('AFTER-DEPRECIATION','bldgassessment','After Depreciation Computation',34),('AFTER-DEPRECIATION','machassessment','After Machine Depreciation Computation',12),('AFTER-FLOOR','bldgassessment','AFter Floor Computation',3),('AFTER-MARKETVALUE','bldgassessment','After Market Value Computation',45),('AFTER-MARKETVALUE','landassessment','After Market Value Computation',30),('AFTER-MARKETVALUE','machassessment','After Machine Market Value Computation',30),('AFTER-MARKETVALUE','miscassessment','After Market Value Computation',30),('AFTER-MARKETVALUE','planttreeassessment','After Market Value Computation',30),('after-payment','bpbilling','After Payment',7),('AFTER-SUMMARY','bldgassessment','After Summary Computation',105),('AFTER-SUMMARY','landassessment','After Summary Computation',105),('AFTER-SUMMARY','machassessment','After Summary Computation',105),('AFTER-SUMMARY','miscassessment','After Summary Computation',105),('AFTER-SUMMARY','planttreeassessment','After Summary Computation',105),('AFTER_DISCOUNT','rptbilling','After Discount Computation',10),('AFTER_PENALTY','rptbilling','After Penalty Computation',8),('AFTER_REQUIREMENT','rptrequirement','After Requirement',2),('AFTER_SUMMARY','rptbilling','After Summary',21),('AFTER_TAX','ctccorporate','After Tax Computation',3),('AFTER_TAX','ctcindividual','After Tax Computation',3),('AFTER_TAX','rptledger','Post Tax Computation',3),('appinfo','bpassessment','Application Info',1),('apply-payment','bpbilling','Apply Payment',6),('apply-payment','bppayment','Apply Payment',0),('ASSESSEDVALUE','landassessment','Assessed Value Computation',40),('ASSESSEDVALUE','machassessment','Machine Assessed Value Computation',40),('ASSESSEDVALUE','miscassessment','Assessed Value Computation',40),('ASSESSEDVALUE','planttreeassessment','Assessed Value Computation',40),('ASSESSLEVEL','bldgassessment','Calculate Assess Level',55),('ASSESSLEVEL','landassessment','Assess Level Computation',35),('ASSESSLEVEL','machassessment','Machine Assess Level Computation',35),('ASSESSLEVEL','miscassessment','Assess Level Computation',35),('ASSESSLEVEL','planttreeassessment','Assess Level Computation',35),('ASSESSVALUE','bldgassessment','Assess Value Computation',70),('BASEMARKETVALUE','bldgassessment','Base Market Value Computation',10),('BASEMARKETVALUE','landassessment','Base Market Value Computation',5),('BASEMARKETVALUE','machassessment','Machine Base Market Value Computation',5),('BASEMARKETVALUE','miscassessment','Base Market Value Computation',5),('BASEMARKETVALUE','planttreeassessment','Base Market Value Computation',5),('BEFORE-ADDITIONAL','bldgassessment','Before Additional Item Computation',17),('BEFORE-ADJUSTMENT','bldgassessment','Before Adjustment Computation',20),('BEFORE-ADJUSTMENT','landassessment','Before Adjustment Computation',13),('BEFORE-ASSESSLEVEL','bldgassessment','Before Calculate Assess Level',50),('BEFORE-ASSESSLEVEL','miscassessment','Before Assess Level Computation',34),('BEFORE-ASSESSVALUE','bldgassessment','Before Assess Value Computation',65),('BEFORE-BASEMARKETVALUE','bldgassessment','Before Base Market Value Computation',5),('BEFORE-DEPRECIATON','bldgassessment','Before Depreciation Computation',32),('BEFORE-MARKETVALUE','bldgassessment','Before Market Value Computation',35),('BEFORE-MARKETVALUE','landassessment','Before Market Value',25),('BEFORE_SUMMARY','rptbilling','Before Summary ',19),('BRGY_SHARE','rptbilling','Barangay Share Computation',25),('businesstax','bpassessment','Business Tax Computation',3),('compute-bill','ctcbilling','Compute Bill',1),('compute-discount','ctcbilling','Compute Discount',3),('compute-interest','ctcbilling','Compute Interest',5),('compute-share','revenuesharing','Compute Share',0),('compute-surcharge','ctcbilling','Compute Surcharge',4),('default','bpinfo','Application Info',0),('DEPRECIATION','bldgassessment','Depreciation Computation',33),('DEPRECIATION','machassessment','Machine Depreciation Computation',11),('DEPRECIATION','miscassessment','Depreciation Computation',15),('discount','bpbilling','Discount',1),('DISCOUNT','rptbilling','Discount Computation',9),('firefee','firebpassessment','Fire Fee Computation',0),('FLOOR','bldgassessment','Floor Computation',2),('INIT','rptbilling','Init',0),('INIT','rptledger','Init',0),('initial','bpbilling','Initialization',0),('initial','bprequirement','Initial',0),('INITIAL','landassessment','Initial Computation',0),('INITIAL','machassessment','Initial Computation',0),('INITIAL','miscassessment','Initial Computation',0),('INITIAL','planttreeassessment','Initial Computation',0),('interest','bpbilling','Interest',3),('INTEREST','ctccorporate','Interest Computation',4),('INTEREST','ctcindividual','Interest Computation',4),('LEDGER_ITEM','rptledger','Ledger Item Posting',1),('LGU_SHARE','rptbilling','LGU Share Computation',26),('MARKETVALUE','bldgassessment','Market Value Computation',40),('MARKETVALUE','landassessment','Market Value Computation',26),('MARKETVALUE','machassessment','Machine Market Value Computation',25),('MARKETVALUE','miscassessment','Market Value Computation',25),('MARKETVALUE','planttreeassessment','Market Value Computation',25),('MUASSESSEDVALUE','machassessment','Actual Use Assessed Value Computation',55),('MUASSESSLEVEL','machassessment','Actual Use Assess Level Computation',50),('othercharge','bpassessment','Other Charge Computation',7),('PENALTY','rptbilling','Penalty Computation',7),('post-compute-bill','ctcbilling','Post Compute Bill',2),('postappinfo','bpassessment','Post Application Info',2),('postbusinesstax','bpassessment','Post Business Tax Computation',4),('postfirefee','firebpassessment','Post Fire Fee Computation',1),('postinfo','bpinfo','Post App Info',1),('postothercharge','bpassessment','Post Other Charge Computation',8),('postregfee','bpassessment','Post Regulatory Fee Computation',6),('postsummary','bpassessment','Postsummary',10),('PRE-ASSESSMENT','bldgassessment','Pre-Assessment',1),('preappinfo','bpassessment','Pre-Application Info',0),('PROV_SHARE','rptbilling','Province Share Computation',27),('regfee','bpassessment','Regulatory Fee Computation',5),('requirement','bpinfo','Requirements',2),('REQUIREMENT','rptrequirement','Requirement',1),('SHARE','ctcindividual','Barangay Share Computation',5),('SUMMARY','bldgassessment','Summary',100),('summary','bpassessment','Summary',9),('summary','bpbilling','Summary',5),('summary','bppayment','Summary',1),('summary','ctcbilling','Summary',6),('SUMMARY','landassessment','Summary Computation',100),('SUMMARY','machassessment','Summary Computation',100),('SUMMARY','miscassessment','Summary Computation',100),('SUMMARY','planttreeassessment','Summary Computation',100),('SUMMARY','rptbilling','Summary',20),('surcharge','bpbilling','Surcharge',2),('TAX','ctccorporate','Tax Computation',1),('TAX','ctcindividual','Tax Computation',1),('TAX','rptledger','Tax Computation',2);
/*!40000 ALTER TABLE `sys_rulegroup` ENABLE KEYS */;
UNLOCK TABLES;

--
-- Table structure for table `sys_ruleset`
--

DROP TABLE IF EXISTS `sys_ruleset`;
/*!40101 SET @saved_cs_client     = @@character_set_client */;
/*!40101 SET character_set_client = utf8 */;
CREATE TABLE `sys_ruleset` (
  `name` varchar(50) NOT NULL,
  `title` varchar(160) DEFAULT NULL,
  `packagename` varchar(50) DEFAULT NULL,
  `domain` varchar(50) DEFAULT NULL,
  `role` varchar(50) DEFAULT NULL,
  `permission` varchar(50) DEFAULT NULL,
  PRIMARY KEY (`name`)
) ENGINE=InnoDB DEFAULT CHARSET=utf8;
/*!40101 SET character_set_client = @saved_cs_client */;

--
-- Dumping data for table `sys_ruleset`
--

LOCK TABLES `sys_ruleset` WRITE;
/*!40000 ALTER TABLE `sys_ruleset` DISABLE KEYS */;
INSERT INTO `sys_ruleset` VALUES ('bldgassessment','Building Assessment Rules','bldgassessment','RPT','RULE_AUTHOR',NULL),('bpassessment','BP Assessment Rules',NULL,'bpls','DATAMGMT',NULL),('bpbilling','BPLS Billing Rules',NULL,'bpls','DATAMGMT',NULL),('bpinfo','BP Info',NULL,'bpls','DATAMGMT',NULL),('bppayment','BPLS Payment Rules',NULL,'bpls','DATAMGMT',NULL),('bprequirement','BP Requirement Rules','bprequirement','bpls','DATAMGMT',NULL),('ctcbilling','Community Tax Billing','ctc','CTC','RULE_AUTHOR',NULL),('ctccorporate','CTC Corporate Assessment Rules','ctccorporate','CTC','RULE_AUTHOR',NULL),('ctcindividual','CTC Individual Assessment Rules','ctcindividual','CTC','RULE_AUTHOR',NULL),('firebpassessment','Fire Assessment Rules',NULL,'bpls','DATAMGMT',NULL),('landassessment','Land Assessment Rules','landassessment','RPT','RULE_AUTHOR',NULL),('machassessment','Machinery Assessment Rules','machassessment','RPT','RULE_AUTHOR',NULL),('miscassessment','Miscellaneous Assessment Rules','miscassessment','RPT','RULE_AUTHOR',NULL),('planttreeassessment','Plant/Tree Assessment Rules','planttreeassessment','RPT','RULE_AUTHOR',NULL),('revenuesharing','Revenue Sharing','revenuesharing','TREASURY','RULE_AUTHOR',NULL),('rptbilling','RPT Billing Rules','rptbilling','LANDTAX','RULE_AUTHOR',NULL),('rptledger','Ledger Billing Rules','rptledger','LANDTAX','RULE_AUTHOR',NULL),('rptrequirement','RPT Requirement Rules','rptrequirement','RPT','RULE_AUTHOR',NULL);
/*!40000 ALTER TABLE `sys_ruleset` ENABLE KEYS */;
UNLOCK TABLES;

--
-- Table structure for table `sys_ruleset_actiondef`
--

DROP TABLE IF EXISTS `sys_ruleset_actiondef`;
/*!40101 SET @saved_cs_client     = @@character_set_client */;
/*!40101 SET character_set_client = utf8 */;
CREATE TABLE `sys_ruleset_actiondef` (
  `ruleset` varchar(50) NOT NULL,
  `actiondef` varchar(50) NOT NULL,
  PRIMARY KEY (`ruleset`,`actiondef`),
  KEY `actiondef` (`actiondef`),
  CONSTRAINT `sys_ruleset_actiondef_ibfk_2` FOREIGN KEY (`ruleset`) REFERENCES `sys_ruleset` (`name`)
) ENGINE=InnoDB DEFAULT CHARSET=utf8;
/*!40101 SET character_set_client = @saved_cs_client */;

--
-- Dumping data for table `sys_ruleset_actiondef`
--

LOCK TABLES `sys_ruleset_actiondef` WRITE;
/*!40000 ALTER TABLE `sys_ruleset_actiondef` DISABLE KEYS */;
INSERT INTO `sys_ruleset_actiondef` VALUES ('bldgassessment','rptis.actions.AddDeriveVariable'),('landassessment','rptis.actions.AddDeriveVariable'),('machassessment','rptis.actions.AddDeriveVariable'),('miscassessment','rptis.actions.AddDeriveVariable'),('planttreeassessment','rptis.actions.AddDeriveVariable'),('rptrequirement','rptis.actions.AddRequirement'),('bldgassessment','rptis.actions.CalcRPUAssessValue'),('landassessment','rptis.actions.CalcRPUAssessValue'),('machassessment','rptis.actions.CalcRPUAssessValue'),('miscassessment','rptis.actions.CalcRPUAssessValue'),('planttreeassessment','rptis.actions.CalcRPUAssessValue'),('bldgassessment','rptis.actions.CalcTotalRPUAssessValue'),('landassessment','rptis.actions.CalcTotalRPUAssessValue'),('machassessment','rptis.actions.CalcTotalRPUAssessValue'),('miscassessment','rptis.actions.CalcTotalRPUAssessValue'),('planttreeassessment','rptis.actions.CalcTotalRPUAssessValue'),('bldgassessment','rptis.bldg.actions.AddAssessmentInfo'),('bldgassessment','rptis.bldg.actions.AdjustUnitValue'),('bldgassessment','rptis.bldg.actions.CalcAssessLevel'),('bldgassessment','rptis.bldg.actions.CalcBldgAge'),('bldgassessment','rptis.bldg.actions.CalcBldgEffectiveAge'),('bldgassessment','rptis.bldg.actions.CalcBldgUseBMV'),('bldgassessment','rptis.bldg.actions.CalcBldgUseDepreciation'),('bldgassessment','rptis.bldg.actions.CalcBldgUseMV'),('bldgassessment','rptis.bldg.actions.CalcDepreciationByRange'),('bldgassessment','rptis.bldg.actions.CalcDepreciationFromSked'),('bldgassessment','rptis.bldg.actions.CalcFloorBMV'),('bldgassessment','rptis.bldg.actions.CalcFloorMV'),('bldgassessment','rptis.bldg.actions.ResetAdjustment'),('landassessment','rptis.land.actions.AddAssessmentInfo'),('landassessment','rptis.land.actions.CalcAssessValue'),('landassessment','rptis.land.actions.CalcBaseMarketValue'),('landassessment','rptis.land.actions.CalcMarketValue'),('landassessment','rptis.land.actions.UpdateAdjustment'),('landassessment','rptis.land.actions.UpdateLandDetailActualUseAdj'),('landassessment','rptis.land.actions.UpdateLandDetailAdjustment'),('landassessment','rptis.land.actions.UpdateLandDetailValueAdjustment'),('rptledger','rptis.landtax.actions.AddBasic'),('rptbilling','rptis.landtax.actions.AddBillItem'),('rptledger','rptis.landtax.actions.AddFireCode'),('rptledger','rptis.landtax.actions.AddIdleLand'),('rptledger','rptis.landtax.actions.AddSef'),('rptbilling','rptis.landtax.actions.AddShare'),('rptledger','rptis.landtax.actions.AddSocialHousing'),('rptbilling','rptis.landtax.actions.AggregateLedgerItem'),('rptbilling','rptis.landtax.actions.CalcDiscount'),('rptbilling','rptis.landtax.actions.CalcInterest'),('rptledger','rptis.landtax.actions.CalcTax'),('rptbilling','rptis.landtax.actions.CreateTaxSummary'),('rptbilling','rptis.landtax.actions.RemoveLedgerItem'),('rptbilling','rptis.landtax.actions.SetBillExpiryDate'),('rptbilling','rptis.landtax.actions.SplitByQtr'),('rptbilling','rptis.landtax.actions.SplitLedgerItem'),('rptledger','rptis.landtax.actions.UpdateAV'),('machassessment','rptis.mach.actions.AddAssessmentInfo'),('machassessment','rptis.mach.actions.CalcMachineAssessLevel'),('machassessment','rptis.mach.actions.CalcMachineAV'),('machassessment','rptis.mach.actions.CalcMachineBMV'),('machassessment','rptis.mach.actions.CalcMachineDepreciation'),('machassessment','rptis.mach.actions.CalcMachineMV'),('machassessment','rptis.mach.actions.CalcMachUseAssessLevel'),('machassessment','rptis.mach.actions.CalcMachUseAV'),('miscassessment','rptis.misc.actions.CalcAssessValue'),('miscassessment','rptis.misc.actions.CalcBaseMarketValue'),('miscassessment','rptis.misc.actions.CalcDepreciation'),('miscassessment','rptis.misc.actions.CalcMarketValue'),('miscassessment','rptis.misc.actions.CalcMiscRPUAssessLevel'),('miscassessment','rptis.misc.actions.CalcMiscRPUAssessValue'),('miscassessment','rptis.misc.actions.CalcMiscRPUBaseMarketValue'),('miscassessment','rptis.misc.actions.CalcMiscRPUMarketValue'),('planttreeassessment','rptis.planttree.actions.AddPlantTreeAssessmentInfo'),('planttreeassessment','rptis.planttree.actions.CalcPlantTreeAdjustment'),('planttreeassessment','rptis.planttree.actions.CalcPlantTreeAssessValue'),('planttreeassessment','rptis.planttree.actions.CalcPlantTreeBMV'),('planttreeassessment','rptis.planttree.actions.CalcPlantTreeMarketValue'),('bldgassessment','RULADEF-2486b0ca:146fff66c3e:-723b'),('bpbilling','RULADEF-2889615e:142fa67fc85:-7b7c'),('bpassessment','RULADEF-2ead5abf:1419bd607e6:-7fd9'),('firebpassessment','RULADEF-2ead5abf:1419bd607e6:-7fd9'),('ctcindividual','RULADEF-301ea2a7:142daea52cd:-7611'),('ctcindividual','RULADEF-301ea2a7:142daea52cd:-7649'),('ctcindividual','RULADEF-301ea2a7:142daea52cd:-7707'),('ctcindividual','RULADEF-301ea2a7:142daea52cd:-776c'),('ctcindividual','RULADEF-301ea2a7:142daea52cd:-7887'),('ctcindividual','RULADEF-301ea2a7:142daea52cd:-7ed8'),('bpassessment','RULADEF-4a532d76:141ff563063:-7ef4'),('bpinfo','RULADEF-4a532d76:141ff563063:-7ef4'),('bprequirement','RULADEF-4a532d76:141ff563063:-7ef4'),('firebpassessment','RULADEF-4a532d76:141ff563063:-7ef4'),('bpassessment','RULADEF-627533eb:141ed7a179f:-7d7d'),('firebpassessment','RULADEF-627533eb:141ed7a179f:-7d7d'),('bpassessment','RULADEF-62a762db:14201d65080:-7576'),('bpbilling','RULADEF-62a762db:14201d65080:-7576'),('bpinfo','RULADEF-62a762db:14201d65080:-7576'),('bppayment','RULADEF-62a762db:14201d65080:-7576'),('firebpassessment','RULADEF-62a762db:14201d65080:-7576'),('bpbilling','RULADEF-66879e9a:1422b236b58:-7d0f'),('bpbilling','RULADEF-66879e9a:1422b236b58:-7d24'),('bpassessment','RULADEF-67ecfd73:141f2b84ce7:-743c'),('firebpassessment','RULADEF-67ecfd73:141f2b84ce7:-743c'),('bpassessment','RULADEF-67ecfd73:141f2b84ce7:-7b54'),('bpinfo','RULADEF-67ecfd73:141f2b84ce7:-7b54'),('firebpassessment','RULADEF-67ecfd73:141f2b84ce7:-7b54'),('bpbilling','RULADEF-6960d46:146ef7fe055:-7722'),('bppayment','RULADEF-6960d46:146ef7fe055:-7722'),('bppayment','RULADEF-6960d46:146ef7fe055:-7a5a'),('bppayment','RULADEF-6960d46:146ef7fe055:-7ab1'),('ctcindividual','RULADEF-7387c51c:142dbad3349:-74e2'),('ctcindividual','RULADEF-7387c51c:142dbad3349:-75a7'),('bpassessment','RULADEF-738e3cc6:14459101d11:-6b0b'),('firebpassessment','RULADEF-738e3cc6:14459101d11:-6b0b'),('bpbilling','RULADEF-7438e141:1481e925549:-7fb5'),('ctccorporate','RULADEF-7b3bc8de:142e512eedb:-7dc5'),('bpbilling','RULADEF-fd840f:146ad32de46:-71f2'),('bppayment','RULADEF-fd840f:146ad32de46:-71f2'),('bldgassessment','RULADEF1441128c:1471efa4c1c:-69a5'),('bpassessment','RULADEF33e8cb24:1423c4b40b2:-6aeb'),('firebpassessment','RULADEF33e8cb24:1423c4b40b2:-6aeb'),('bpassessment','RULADEF33e8cb24:1423c4b40b2:-7f34'),('firebpassessment','RULADEF33e8cb24:1423c4b40b2:-7f34'),('bpassessment','RULADEF367174cc:141a62bd0d8:-4486'),('bpinfo','RULADEF367174cc:141a62bd0d8:-4486'),('firebpassessment','RULADEF367174cc:141a62bd0d8:-4486'),('ctccorporate','RULADEF40e16e9c:142df3e5af6:-7ad7'),('ctccorporate','RULADEF40e16e9c:142df3e5af6:-7b1e'),('ctccorporate','RULADEF40e16e9c:142df3e5af6:-7b41'),('ctccorporate','RULADEF40e16e9c:142df3e5af6:-7b7b'),('bpbilling','RULADEF50ef92c8:147420ae632:-7be3'),('bpassessment','RULADEF72bb01b1:141b1fdca80:-7e34'),('firebpassessment','RULADEF72bb01b1:141b1fdca80:-7e34'),('bpassessment','RULADEF73d37911:141edb9db9a:-7f30'),('firebpassessment','RULADEF73d37911:141edb9db9a:-7f30'),('bpbilling','RULADEF7ee0ab5e:141b6a15885:-7f52'),('ctcbilling','treasury.actions.AddBillItem'),('ctcbilling','treasury.actions.AddDueDate'),('revenuesharing','treasury.actions.AddRevenueShare'),('ctcbilling','treasury.actions.UpdateFieldValue');
/*!40000 ALTER TABLE `sys_ruleset_actiondef` ENABLE KEYS */;
UNLOCK TABLES;

--
-- Table structure for table `sys_ruleset_fact`
--

DROP TABLE IF EXISTS `sys_ruleset_fact`;
/*!40101 SET @saved_cs_client     = @@character_set_client */;
/*!40101 SET character_set_client = utf8 */;
CREATE TABLE `sys_ruleset_fact` (
  `ruleset` varchar(50) NOT NULL,
  `rulefact` varchar(50) NOT NULL,
  PRIMARY KEY (`ruleset`,`rulefact`),
  KEY `rulefact` (`rulefact`),
  CONSTRAINT `sys_ruleset_fact_ibfk_2` FOREIGN KEY (`ruleset`) REFERENCES `sys_ruleset` (`name`)
) ENGINE=InnoDB DEFAULT CHARSET=utf8;
/*!40101 SET character_set_client = @saved_cs_client */;

--
-- Dumping data for table `sys_ruleset_fact`
--

LOCK TABLES `sys_ruleset_fact` WRITE;
/*!40000 ALTER TABLE `sys_ruleset_fact` DISABLE KEYS */;
INSERT INTO `sys_ruleset_fact` VALUES ('ctcbilling','com.rameses.rules.common.CurrentDate'),('revenuesharing','com.rameses.rules.common.CurrentDate'),('ctcbilling','ctc.facts.CorporateCTC'),('ctcbilling','ctc.facts.IndividualCTC'),('bpassessment','CurrentDate'),('bpbilling','CurrentDate'),('ctccorporate','CurrentDate'),('ctcindividual','CurrentDate'),('firebpassessment','CurrentDate'),('rptbilling','CurrentDate'),('ctcbilling','enterprise.facts.DateInfo'),('revenuesharing','enterprise.facts.DateInfo'),('revenuesharing','enterprise.facts.Org'),('bldgassessment','rptis.bldg.facts.BldgAdjustment'),('bldgassessment','rptis.bldg.facts.BldgFloor'),('bldgassessment','rptis.bldg.facts.BldgRPU'),('bldgassessment','rptis.bldg.facts.BldgStructure'),('bldgassessment','rptis.bldg.facts.BldgUse'),('bldgassessment','rptis.bldg.facts.BldgVariable'),('bldgassessment','rptis.facts.Classification'),('landassessment','rptis.facts.Classification'),('bldgassessment','rptis.facts.RPTVariable'),('planttreeassessment','rptis.facts.RPTVariable'),('bldgassessment','rptis.facts.RPU'),('miscassessment','rptis.facts.RPU'),('planttreeassessment','rptis.facts.RPU'),('rptrequirement','rptis.facts.RPU'),('bldgassessment','rptis.facts.RPUAssessment'),('landassessment','rptis.facts.RPUAssessment'),('machassessment','rptis.facts.RPUAssessment'),('miscassessment','rptis.facts.RPUAssessment'),('landassessment','rptis.land.facts.LandAdjustment'),('landassessment','rptis.land.facts.LandDetail'),('rptledger','rptis.landtax.facts.AssessedValue'),('rptbilling','rptis.landtax.facts.Bill'),('rptledger','rptis.landtax.facts.Classification'),('rptbilling','rptis.landtax.facts.RPTBillItem'),('rptbilling','rptis.landtax.facts.RPTIncentive'),('rptbilling','rptis.landtax.facts.RPTLedgerFact'),('rptledger','rptis.landtax.facts.RPTLedgerFact'),('rptbilling','rptis.landtax.facts.RPTLedgerItemFact'),('rptledger','rptis.landtax.facts.RPTLedgerItemFact'),('rptbilling','rptis.landtax.facts.RPTLedgerTag'),('rptledger','rptis.landtax.facts.RPTLedgerTag'),('rptbilling','rptis.landtax.facts.RPTLedgerTaxSummaryFact'),('rptbilling','rptis.landtax.facts.ShareFact'),('machassessment','rptis.mach.facts.MachineActualUse'),('machassessment','rptis.mach.facts.MachineDetail'),('miscassessment','rptis.misc.facts.MiscItem'),('miscassessment','rptis.misc.facts.MiscRPU'),('planttreeassessment','rptis.planttree.facts.PlantTreeDetail'),('rptrequirement','RPTTxnInfoFact'),('bpbilling','RULFACT-1f3e2b64:14230dd8f62:-7dd8'),('bppayment','RULFACT-1f3e2b64:14230dd8f62:-7dd8'),('bpbilling','RULFACT-1f3e2b64:14230dd8f62:-7e29'),('bppayment','RULFACT-1f3e2b64:14230dd8f62:-7e29'),('bpbilling','RULFACT-1f3e2b64:14230dd8f62:-7eb6'),('bppayment','RULFACT-1f3e2b64:14230dd8f62:-7eb6'),('bpassessment','RULFACT-26aa09fd:1419696e71f:-7feb'),('bpbilling','RULFACT-26aa09fd:1419696e71f:-7feb'),('bpinfo','RULFACT-26aa09fd:1419696e71f:-7feb'),('bprequirement','RULFACT-26aa09fd:1419696e71f:-7feb'),('firebpassessment','RULFACT-26aa09fd:1419696e71f:-7feb'),('bpbilling','RULFACT-46f22f55:14231734d86:-7eca'),('bppayment','RULFACT-6960d46:146ef7fe055:-7ed8'),('ctcindividual','RULFACT-7387c51c:142dbad3349:-73aa'),('bpassessment','RULFACT-76732870:14196dc4027:-7f87'),('bpbilling','RULFACT-76732870:14196dc4027:-7f87'),('bpinfo','RULFACT-76732870:14196dc4027:-7f87'),('bppayment','RULFACT-76732870:14196dc4027:-7f87'),('bprequirement','RULFACT-76732870:14196dc4027:-7f87'),('firebpassessment','RULFACT-76732870:14196dc4027:-7f87'),('bppayment','RULFACT-7ea493a4:14237a0191b:-7fb7'),('bpassessment','RULFACT-bad19b4:141f3c18435:-7fa9'),('bpinfo','RULFACT-bad19b4:141f3c18435:-7fa9'),('bprequirement','RULFACT-bad19b4:141f3c18435:-7fa9'),('firebpassessment','RULFACT-bad19b4:141f3c18435:-7fa9'),('bpbilling','RULFACT-fd57605:142324ab5d2:-7f33'),('bpbilling','RULFACT-fd840f:146ad32de46:-735f'),('bppayment','RULFACT-fd840f:146ad32de46:-735f'),('ctccorporate','RULFACT33cb572b:142da8961f6:-7da3'),('ctcindividual','RULFACT33cb572b:142da8961f6:-7f96'),('bpassessment','RULFACT3a2b180:142b73535d5:-7fb1'),('firebpassessment','RULFACT3a2b180:142b73535d5:-7fb1'),('bpassessment','RULFACT4a03cdfb:141f9a6dc3c:-784a'),('firebpassessment','RULFACT4a03cdfb:141f9a6dc3c:-784a'),('bpassessment','RULFACT4ca00100:141fe894560:-7d8e'),('firebpassessment','RULFACT4ca00100:141fe894560:-7d8e'),('bpassessment','RULFACT4ca00100:141fe894560:-7e3f'),('firebpassessment','RULFACT4ca00100:141fe894560:-7e3f'),('bpassessment','RULFACT682fd2e6:145de99014c:-7f3e'),('bpinfo','RULFACT682fd2e6:145de99014c:-7f3e'),('bprequirement','RULFACT682fd2e6:145de99014c:-7f3e'),('firebpassessment','RULFACT682fd2e6:145de99014c:-7f3e'),('bpassessment','RULFACT72bb01b1:141b1fdca80:-7f86'),('firebpassessment','RULFACT72bb01b1:141b1fdca80:-7f86'),('bpbilling','RULFACT7ee0ab5e:141b6a15885:-7ff1'),('bpbilling','RULFACTe058e4:1481f37895f:-720c'),('ctcbilling','treasury.facts.BillDate'),('ctcbilling','treasury.facts.BillItem'),('revenuesharing','treasury.facts.BillItem'),('revenuesharing','treasury.facts.CollectionGroup'),('ctcbilling','treasury.facts.DueDate'),('revenuesharing','treasury.facts.RevenueShare'),('rptrequirement','TxnAttributeFact');
/*!40000 ALTER TABLE `sys_ruleset_fact` ENABLE KEYS */;
UNLOCK TABLES;

--
-- Table structure for table `sys_script`
--

DROP TABLE IF EXISTS `sys_script`;
/*!40101 SET @saved_cs_client     = @@character_set_client */;
/*!40101 SET character_set_client = utf8 */;
CREATE TABLE `sys_script` (
  `name` varchar(50) NOT NULL,
  `title` longblob,
  `content` longtext,
  `category` varchar(20) DEFAULT NULL,
  `dtcreated` datetime DEFAULT NULL,
  `createdby` varchar(50) DEFAULT NULL,
  PRIMARY KEY (`name`)
) ENGINE=InnoDB DEFAULT CHARSET=utf8;
/*!40101 SET character_set_client = @saved_cs_client */;

--
-- Dumping data for table `sys_script`
--

LOCK TABLES `sys_script` WRITE;
/*!40000 ALTER TABLE `sys_script` DISABLE KEYS */;
/*!40000 ALTER TABLE `sys_script` ENABLE KEYS */;
UNLOCK TABLES;

--
-- Table structure for table `sys_securitygroup`
--

DROP TABLE IF EXISTS `sys_securitygroup`;
/*!40101 SET @saved_cs_client     = @@character_set_client */;
/*!40101 SET character_set_client = utf8 */;
CREATE TABLE `sys_securitygroup` (
  `objid` varchar(100) NOT NULL,
  `name` varchar(50) DEFAULT NULL,
  `usergroup_objid` varchar(50) DEFAULT NULL,
  `exclude` longtext,
  PRIMARY KEY (`objid`),
  KEY `FK_sys_securitygroup_usergroup` (`usergroup_objid`),
  CONSTRAINT `sys_securitygroup_ibfk_1` FOREIGN KEY (`usergroup_objid`) REFERENCES `sys_usergroup` (`objid`)
) ENGINE=InnoDB DEFAULT CHARSET=utf8;
/*!40101 SET character_set_client = @saved_cs_client */;

--
-- Dumping data for table `sys_securitygroup`
--

LOCK TABLES `sys_securitygroup` WRITE;
/*!40000 ALTER TABLE `sys_securitygroup` DISABLE KEYS */;
/*!40000 ALTER TABLE `sys_securitygroup` ENABLE KEYS */;
UNLOCK TABLES;

--
-- Table structure for table `sys_sequence`
--

DROP TABLE IF EXISTS `sys_sequence`;
/*!40101 SET @saved_cs_client     = @@character_set_client */;
/*!40101 SET character_set_client = utf8 */;
CREATE TABLE `sys_sequence` (
  `objid` varchar(100) NOT NULL,
  `nextSeries` int(11) DEFAULT NULL,
  PRIMARY KEY (`objid`)
) ENGINE=InnoDB DEFAULT CHARSET=utf8;
/*!40101 SET character_set_client = @saved_cs_client */;

--
-- Dumping data for table `sys_sequence`
--

LOCK TABLES `sys_sequence` WRITE;
/*!40000 ALTER TABLE `sys_sequence` DISABLE KEYS */;
INSERT INTO `sys_sequence` VALUES ('ASSESSMENT_NOTICE-2022',6),('B00000202203',3),('B04742202203',3),('BP-2022',2),('CANCELLEDFAAS-00000',2),('CM',2),('CONSOLIDATION-00000',2),('CONSOLIDATION-04742',2),('FAASAnnotation',3),('INDIVIDUAL_ENTITY',15),('JURIDICAL_ENTITY',4),('MULTIPLE_ENTITY',3),('RPT-CREDIT-00000',3),('RPTBILL-22',46),('RPTCERTIFICATION',5),('RPTCompromise',3),('RPTTRANSMITTAL-04742-2022',2),('SUBDIVISION-00000',2),('SUBDIVISION-04742',4),('TDNO-2014-00-0002',2),('TDNO-2016-42-0001',5),('TDNO-2018-00-0002',12),('UNIQUE_TDNO-000-00-0001',11),('UNIQUE_TDNO-00000-0002',44),('UNIQUE_TDNO-047-42-0001',17),('UNIQUE_TDNO-047-42-0017',3),('UNIQUE_TDNO-047-42-0021',2);
/*!40000 ALTER TABLE `sys_sequence` ENABLE KEYS */;
UNLOCK TABLES;

--
-- Table structure for table `sys_session`
--

DROP TABLE IF EXISTS `sys_session`;
/*!40101 SET @saved_cs_client     = @@character_set_client */;
/*!40101 SET character_set_client = utf8 */;
CREATE TABLE `sys_session` (
  `sessionid` varchar(50) NOT NULL,
  `userid` varchar(50) DEFAULT NULL,
  `username` varchar(50) DEFAULT NULL,
  `clienttype` varchar(12) DEFAULT NULL,
  `accesstime` datetime DEFAULT NULL,
  `accessexpiry` datetime DEFAULT NULL,
  `timein` datetime DEFAULT NULL,
  `terminalid` varchar(50) DEFAULT NULL,
  PRIMARY KEY (`sessionid`),
  KEY `ix_timein` (`timein`),
  KEY `ix_userid` (`userid`),
  KEY `ix_username` (`username`)
) ENGINE=InnoDB DEFAULT CHARSET=utf8;
/*!40101 SET character_set_client = @saved_cs_client */;

--
-- Dumping data for table `sys_session`
--

LOCK TABLES `sys_session` WRITE;
/*!40000 ALTER TABLE `sys_session` DISABLE KEYS */;
INSERT INTO `sys_session` VALUES ('SESS-3f5cc9c4:17fd312bfce:-7fcc','USR7e15465b:14a51353b1a:-7fb7','ADMIN','desktop','2022-03-29 08:28:35',NULL,'2022-03-29 08:28:35',NULL),('SESS-5d7babf8:17fd3291fca:-7fb2','USR7e15465b:14a51353b1a:-7fb7','ADMIN','desktop','2022-03-29 08:53:59',NULL,'2022-03-29 08:53:59',NULL),('SESS-66a0f0f9:17fe29fef42:-7bb6','USR7e15465b:14a51353b1a:-7fb7','ADMIN','desktop','2022-04-01 09:37:24',NULL,'2022-04-01 09:37:24',NULL),('SESS-7ae3c08f:17fdd5ceea2:-6728','USR7e15465b:14a51353b1a:-7fb7','ADMIN','desktop','2022-03-31 12:06:20',NULL,'2022-03-31 12:06:20',NULL),('SESS-7ae3c08f:17fdd5ceea2:-7fcc','USR7e15465b:14a51353b1a:-7fb7','ADMIN','desktop','2022-03-31 08:25:47',NULL,'2022-03-31 08:25:47',NULL),('SESS7d3cacfd:1805a2b1e68:-7ba0','USR7e15465b:14a51353b1a:-7fb7','ADMIN','desktop','2022-04-24 14:35:54',NULL,'2022-04-24 14:35:54',NULL),('SESS7d3cacfd:1805a2b1e68:-7c2b','USR7e15465b:14a51353b1a:-7fb7','ADMIN','desktop','2022-04-24 14:32:32',NULL,'2022-04-24 14:32:32',NULL),('SESS7d3cacfd:1805a2b1e68:-7f92','USR7e15465b:14a51353b1a:-7fb7','ADMIN','desktop','2022-04-24 14:04:41',NULL,'2022-04-24 14:04:41',NULL),('SESS7f52a2d4:17fcf11ad31:-7fc4','USR7e15465b:14a51353b1a:-7fb7','ADMIN','desktop','2022-03-28 13:49:13',NULL,'2022-03-28 13:49:13',NULL);
/*!40000 ALTER TABLE `sys_session` ENABLE KEYS */;
UNLOCK TABLES;

--
-- Table structure for table `sys_session_log`
--

DROP TABLE IF EXISTS `sys_session_log`;
/*!40101 SET @saved_cs_client     = @@character_set_client */;
/*!40101 SET character_set_client = utf8 */;
CREATE TABLE `sys_session_log` (
  `sessionid` varchar(50) NOT NULL,
  `userid` varchar(50) DEFAULT NULL,
  `username` varchar(50) DEFAULT NULL,
  `clienttype` varchar(12) DEFAULT NULL,
  `accesstime` datetime DEFAULT NULL,
  `accessexpiry` datetime DEFAULT NULL,
  `timein` datetime DEFAULT NULL,
  `timeout` datetime DEFAULT NULL,
  `state` varchar(10) DEFAULT NULL,
  `terminalid` varchar(50) DEFAULT NULL,
  PRIMARY KEY (`sessionid`),
  KEY `ix_timein` (`timein`),
  KEY `ix_timeout` (`timeout`),
  KEY `ix_userid` (`userid`),
  KEY `ix_username` (`username`)
) ENGINE=InnoDB DEFAULT CHARSET=utf8;
/*!40101 SET character_set_client = @saved_cs_client */;

--
-- Dumping data for table `sys_session_log`
--

LOCK TABLES `sys_session_log` WRITE;
/*!40000 ALTER TABLE `sys_session_log` DISABLE KEYS */;
INSERT INTO `sys_session_log` VALUES ('SESS-1b1c40ae:17fb94f690d:-6d01','USR7e15465b:14a51353b1a:-7fb7','ADMIN','desktop','2022-03-24 11:32:03',NULL,'2022-03-24 11:32:03','2022-03-24 17:57:44','LOGOUT',NULL),('SESS-1b1c40ae:17fb94f690d:-7fb4','USR7e15465b:14a51353b1a:-7fb7','ADMIN','desktop','2022-03-24 08:25:37',NULL,'2022-03-24 08:25:37','2022-03-24 11:21:16','LOGOUT',NULL),('SESS-1eaf85f0:17fbe6f4b5d:-545a','USR37270478:17fb4313772:-7d91','COLLECTOR','desktop','2022-03-25 14:42:17',NULL,'2022-03-25 14:42:17','2022-03-25 16:26:14','LOGOUT',NULL),('SESS-1eaf85f0:17fbe6f4b5d:-5c20','USR7e15465b:14a51353b1a:-7fb7','ADMIN','desktop','2022-03-25 13:34:30',NULL,'2022-03-25 13:34:30','2022-03-25 16:26:12','LOGOUT',NULL),('SESS-1eaf85f0:17fbe6f4b5d:-6246','USR7e15465b:14a51353b1a:-7fb7','ADMIN','desktop','2022-03-25 12:44:38',NULL,'2022-03-25 12:44:38','2022-03-25 13:34:05','LOGOUT',NULL),('SESS-1eaf85f0:17fbe6f4b5d:-7f9a','USR7e15465b:14a51353b1a:-7fb7','ADMIN','desktop','2022-03-25 08:19:28',NULL,'2022-03-25 08:19:28','2022-03-25 13:34:22','LOGOUT',NULL),('SESS-287581a5:180558e600d:-7fc4','USR7e15465b:14a51353b1a:-7fb7','ADMIN','desktop','2022-04-23 16:34:33',NULL,'2022-04-23 16:34:33','2022-04-23 21:23:05','LOGOUT',NULL),('SESS-33d44da9:17fb56129a5:-5f41','USR7e15465b:14a51353b1a:-7fb7','ADMIN','desktop','2022-03-23 18:16:08',NULL,'2022-03-23 18:16:08','2022-03-23 21:54:29','LOGOUT',NULL),('SESS-33d44da9:17fb56129a5:-6223','USR37270478:17fb4313772:-7d59','LIQUIDATING','desktop','2022-03-23 17:53:33',NULL,'2022-03-23 17:53:33','2022-03-23 21:09:22','LOGOUT',NULL),('SESS-33d44da9:17fb56129a5:-62dc','USR37270478:17fb4313772:-7d91','COLLECTOR','desktop','2022-03-23 17:48:24',NULL,'2022-03-23 17:48:24','2022-03-23 21:54:28','LOGOUT',NULL),('SESS-33d44da9:17fb56129a5:-761c','USR37270478:17fb4313772:-7cf2','MASTER','desktop','2022-03-23 15:17:15',NULL,'2022-03-23 15:17:15','2022-03-23 15:44:20','LOGOUT',NULL),('SESS-33d44da9:17fb56129a5:-76b4','USR7e15465b:14a51353b1a:-7fb7','ADMIN','desktop','2022-03-23 15:13:49',NULL,'2022-03-23 15:13:49','2022-03-23 15:17:04','LOGOUT',NULL),('SESS-4afae858:17fb438fa3b:-5971','USR37270478:17fb4313772:-7d59','LIQUIDATING','desktop','2022-03-23 12:54:31',NULL,'2022-03-23 12:54:31','2022-03-23 15:13:09','LOGOUT',NULL),('SESS-4afae858:17fb438fa3b:-6c35','USR37270478:17fb4313772:-7d91','COLLECTOR','desktop','2022-03-23 10:26:29',NULL,'2022-03-23 10:26:29','2022-03-23 17:48:03','LOGOUT',NULL),('SESS-4afae858:17fb438fa3b:-6e01','USR37270478:17fb4313772:-7dc6','AFO','desktop','2022-03-23 10:12:14',NULL,'2022-03-23 10:12:14','2022-03-23 17:48:07','LOGOUT',NULL),('SESS-4afae858:17fb438fa3b:-6e42','USR7e15465b:14a51353b1a:-7fb7','ADMIN','desktop','2022-03-23 10:11:11',NULL,'2022-03-23 10:11:11','2022-03-23 17:48:12','LOGOUT',NULL),('SESS-4afae858:17fb438fa3b:-786c','USR37270478:17fb4313772:-7d91','COLLECTOR','desktop','2022-03-23 08:51:32',NULL,'2022-03-23 08:51:32','2022-03-23 10:10:55','LOGOUT',NULL),('SESS-4afae858:17fb438fa3b:-78fb','USR7e15465b:14a51353b1a:-7fb7','ADMIN','desktop','2022-03-23 08:48:10',NULL,'2022-03-23 08:48:10','2022-03-23 08:51:17','LOGOUT',NULL),('SESS10238c53:1805a1ca087:-7fc6','USR7e15465b:14a51353b1a:-7fb7','ADMIN','desktop','2022-04-24 13:48:21',NULL,'2022-04-24 13:48:21','2022-04-24 14:03:49','LOGOUT',NULL),('SESS24583fd0:17fd927ddd5:-6a4d','USR7e15465b:14a51353b1a:-7fb7','ADMIN','desktop','2022-03-30 15:38:46',NULL,'2022-03-30 15:38:46','2022-03-30 16:45:52','LOGOUT',NULL),('SESS24583fd0:17fd927ddd5:-6aa0','USR7e15465b:14a51353b1a:-7fb7','ADMIN','desktop','2022-03-30 15:37:06',NULL,'2022-03-30 15:37:06','2022-03-30 15:38:37','LOGOUT',NULL),('SESS24583fd0:17fd927ddd5:-7070','USR-55638333:17fd83b9d51:-7a61','RECOMMENDER','desktop','2022-03-30 14:49:07',NULL,'2022-03-30 14:49:07','2022-03-30 15:36:53','LOGOUT',NULL),('SESS24583fd0:17fd927ddd5:-7117','USR-55638333:17fd83b9d51:-7aa2','APPRAISER','desktop','2022-03-30 14:44:48',NULL,'2022-03-30 14:44:48','2022-03-30 14:48:29','LOGOUT',NULL),('SESS24583fd0:17fd927ddd5:-725b','USR-55638333:17fd83b9d51:-7add','TAXMAPPER','desktop','2022-03-30 14:36:37',NULL,'2022-03-30 14:36:37','2022-03-30 14:44:39','LOGOUT',NULL),('SESS24583fd0:17fd927ddd5:-72c7','USR-55638333:17fd83b9d51:-7b17','RECEIVER','desktop','2022-03-30 14:34:15',NULL,'2022-03-30 14:34:15','2022-03-30 14:36:22','LOGOUT',NULL),('SESS24583fd0:17fd927ddd5:-781d','USR-55638333:17fd83b9d51:-7a61','RECOMMENDER','desktop','2022-03-30 13:50:41',NULL,'2022-03-30 13:50:41','2022-03-30 16:45:57','LOGOUT',NULL),('SESS24583fd0:17fd927ddd5:-798c','USR-55638333:17fd83b9d51:-7aa2','APPRAISER','desktop','2022-03-30 13:39:55',NULL,'2022-03-30 13:39:55','2022-03-30 13:50:29','LOGOUT',NULL),('SESS24583fd0:17fd927ddd5:-7c07','USR-55638333:17fd83b9d51:-7add','TAXMAPPER','desktop','2022-03-30 13:22:12',NULL,'2022-03-30 13:22:12','2022-03-30 13:39:42','LOGOUT',NULL),('SESS24583fd0:17fd927ddd5:-7caa','USR-55638333:17fd83b9d51:-7b17','RECEIVER','desktop','2022-03-30 13:17:59',NULL,'2022-03-30 13:17:59','2022-03-30 13:21:48','LOGOUT',NULL),('SESS58858c89:17fd855af5f:-713b','USR-55638333:17fd83b9d51:-7a61','RECOMMENDER','desktop','2022-03-30 11:00:39',NULL,'2022-03-30 11:00:39','2022-03-30 14:33:58','LOGOUT',NULL),('SESS58858c89:17fd855af5f:-775a','USR-55638333:17fd83b9d51:-7a61','RECOMMENDER','desktop','2022-03-30 10:09:47',NULL,'2022-03-30 10:09:47','2022-03-30 11:00:32','LOGOUT',NULL),('SESS58858c89:17fd855af5f:-77d8','USR-55638333:17fd83b9d51:-7aa2','APPRAISER','desktop','2022-03-30 10:06:45',NULL,'2022-03-30 10:06:45','2022-03-30 10:08:30','LOGOUT',NULL),('SESS58858c89:17fd855af5f:-78fa','USR-55638333:17fd83b9d51:-7add','TAXMAPPER','desktop','2022-03-30 09:58:38',NULL,'2022-03-30 09:58:38','2022-03-30 10:05:42','LOGOUT',NULL),('SESS58858c89:17fd855af5f:-7c20','USR-55638333:17fd83b9d51:-7b17','RECEIVER','desktop','2022-03-30 09:33:20',NULL,'2022-03-30 09:33:20','2022-03-30 10:08:22','LOGOUT',NULL),('SESS58858c89:17fd855af5f:-7fb6','USR7e15465b:14a51353b1a:-7fb7','ADMIN','desktop','2022-03-30 09:01:44',NULL,'2022-03-30 09:01:44','2022-03-30 11:00:22','LOGOUT',NULL),('SESS7d3cacfd:1805a2b1e68:-7ce2','USR7e15465b:14a51353b1a:-7fb7','ADMIN','desktop','2022-04-24 14:27:43',NULL,'2022-04-24 14:27:43','2022-04-24 14:30:08','LOGOUT',NULL),('SESS7d3cacfd:1805a2b1e68:-7fc8','USR7e15465b:14a51353b1a:-7fb7','ADMIN','desktop','2022-04-24 14:03:56',NULL,'2022-04-24 14:03:56','2022-04-24 14:04:33','LOGOUT',NULL),('SESS7f52a2d4:17fcf11ad31:-7ddd','USR7e15465b:14a51353b1a:-7fb7','ADMIN','web','2022-03-28 14:06:28',NULL,'2022-03-28 14:06:28','2022-03-28 14:07:13','LOGOUT',NULL);
/*!40000 ALTER TABLE `sys_session_log` ENABLE KEYS */;
UNLOCK TABLES;

--
-- Table structure for table `sys_terminal`
--

DROP TABLE IF EXISTS `sys_terminal`;
/*!40101 SET @saved_cs_client     = @@character_set_client */;
/*!40101 SET character_set_client = utf8 */;
CREATE TABLE `sys_terminal` (
  `terminalid` varchar(50) NOT NULL,
  `parentid` varchar(50) DEFAULT NULL,
  `parentcode` varchar(50) DEFAULT NULL,
  `parenttype` varchar(50) DEFAULT NULL,
  `macaddress` varchar(50) DEFAULT NULL,
  `dtregistered` datetime DEFAULT NULL,
  `registeredby` varchar(50) DEFAULT NULL,
  `info` longtext,
  `state` int(11) DEFAULT NULL,
  PRIMARY KEY (`terminalid`)
) ENGINE=InnoDB DEFAULT CHARSET=utf8;
/*!40101 SET character_set_client = @saved_cs_client */;

--
-- Dumping data for table `sys_terminal`
--

LOCK TABLES `sys_terminal` WRITE;
/*!40000 ALTER TABLE `sys_terminal` DISABLE KEYS */;
INSERT INTO `sys_terminal` VALUES ('47J74YE52W',NULL,NULL,NULL,NULL,NULL,NULL,NULL,0),('5HKL0CKWYN',NULL,NULL,NULL,NULL,NULL,NULL,NULL,0),('DLJ84PVDP8',NULL,NULL,NULL,NULL,NULL,NULL,NULL,0),('T001',NULL,NULL,NULL,'00-15-5D-17-D9-35','2022-04-24 13:48:20','ADMIN',NULL,NULL),('TFLU17DTM5',NULL,NULL,NULL,NULL,NULL,NULL,NULL,0),('V01NJTFUR0',NULL,NULL,NULL,NULL,NULL,NULL,NULL,0);
/*!40000 ALTER TABLE `sys_terminal` ENABLE KEYS */;
UNLOCK TABLES;

--
-- Table structure for table `sys_user`
--

DROP TABLE IF EXISTS `sys_user`;
/*!40101 SET @saved_cs_client     = @@character_set_client */;
/*!40101 SET character_set_client = utf8 */;
CREATE TABLE `sys_user` (
  `objid` varchar(50) NOT NULL,
  `state` varchar(15) DEFAULT NULL,
  `dtcreated` datetime DEFAULT NULL,
  `createdby` varchar(50) DEFAULT NULL,
  `username` varchar(50) DEFAULT NULL,
  `pwd` varchar(50) DEFAULT NULL,
  `firstname` varchar(50) DEFAULT NULL,
  `lastname` varchar(50) DEFAULT NULL,
  `middlename` varchar(50) DEFAULT NULL,
  `name` varchar(50) DEFAULT NULL,
  `jobtitle` varchar(50) DEFAULT NULL,
  `pwdlogincount` int(11) DEFAULT NULL,
  `pwdexpirydate` datetime DEFAULT NULL,
  `usedpwds` longtext,
  `lockid` varchar(32) DEFAULT NULL,
  `txncode` varchar(10) DEFAULT NULL,
  PRIMARY KEY (`objid`),
  UNIQUE KEY `uix_username` (`username`),
  KEY `ix_lastname_firstname` (`lastname`,`firstname`),
  KEY `ix_name` (`name`)
) ENGINE=InnoDB DEFAULT CHARSET=utf8;
/*!40101 SET character_set_client = @saved_cs_client */;

--
-- Dumping data for table `sys_user`
--

LOCK TABLES `sys_user` WRITE;
/*!40000 ALTER TABLE `sys_user` DISABLE KEYS */;
INSERT INTO `sys_user` VALUES ('USR7e15465b:14a51353b1a:-7fb7',NULL,NULL,NULL,'ADMIN','557a4295dcca1a044b690f8b6486f33d','ADMIN','ADMIN','.','ADMIN, ADMIN .','ADMIN',0,'2048-03-19 16:30:24','356416391d7a2210f6d72058deabe0b2',NULL,NULL);
/*!40000 ALTER TABLE `sys_user` ENABLE KEYS */;
UNLOCK TABLES;

--
-- Temporary table structure for view `sys_user_role`
--

DROP TABLE IF EXISTS `sys_user_role`;
/*!50001 DROP VIEW IF EXISTS `sys_user_role`*/;
SET @saved_cs_client     = @@character_set_client;
SET character_set_client = utf8;
/*!50001 CREATE TABLE `sys_user_role` (
  `objid` tinyint NOT NULL,
  `lastname` tinyint NOT NULL,
  `firstname` tinyint NOT NULL,
  `middlename` tinyint NOT NULL,
  `username` tinyint NOT NULL,
  `name` tinyint NOT NULL,
  `role` tinyint NOT NULL,
  `domain` tinyint NOT NULL,
  `orgid` tinyint NOT NULL,
  `txncode` tinyint NOT NULL,
  `jobtitle` tinyint NOT NULL,
  `usergroupmemberid` tinyint NOT NULL,
  `usergroup_objid` tinyint NOT NULL,
  `respcenter_objid` tinyint NOT NULL,
  `respcenter_name` tinyint NOT NULL
) ENGINE=MyISAM */;
SET character_set_client = @saved_cs_client;

--
-- Table structure for table `sys_usergroup`
--

DROP TABLE IF EXISTS `sys_usergroup`;
/*!40101 SET @saved_cs_client     = @@character_set_client */;
/*!40101 SET character_set_client = utf8 */;
CREATE TABLE `sys_usergroup` (
  `objid` varchar(50) NOT NULL,
  `title` varchar(255) DEFAULT NULL,
  `domain` varchar(25) DEFAULT NULL,
  `userclass` varchar(25) DEFAULT NULL,
  `orgclass` varchar(50) DEFAULT NULL,
  `role` varchar(50) DEFAULT NULL,
  PRIMARY KEY (`objid`)
) ENGINE=InnoDB DEFAULT CHARSET=utf8;
/*!40101 SET character_set_client = @saved_cs_client */;

--
-- Dumping data for table `sys_usergroup`
--

LOCK TABLES `sys_usergroup` WRITE;
/*!40000 ALTER TABLE `sys_usergroup` DISABLE KEYS */;
INSERT INTO `sys_usergroup` VALUES ('ACCOUNTS.ACCOUNT_DATAMGMT','ACCOUNT DATA MANAGEMENT','ACCOUNTS','usergroup',NULL,'ACCOUNT_DATAMGMT'),('ADMIN.NOTIFICATION','ADMIN NOTIFICATION','ADMIN','usergroup','','NOTIFICATION'),('ADMIN.SYSADMIN','SYSTEM ADMINISTRATOR','ADMIN','usergroup',NULL,'SYSADMIN'),('AKLAN.TRAINING','AKLAN TRAINING','AKLAN','usergroup',NULL,'AKLAN_TRAINING'),('BPLS.ADMIN','BPLS ADMINISTRATOR','BPLS','usergroup',NULL,'ADMIN'),('BPLS.APPROVER','BUSINESS APPROVER','BPLS','usergroup',NULL,'APPROVER'),('BPLS.ASSESSOR','BPLS ASSESSOR','BPLS','usergroup',NULL,'ASSESSOR'),('BPLS.BUSINESSINFO','BUSINESS INFORMATION','BPLS','usergroup',NULL,'BUSINESSINFO'),('BPLS.CAPTURE_ENCODER','BPLS CAPTURE ENCODER','BPLS','usergroup',NULL,'CAPTURE_ENCODER'),('BPLS.LICENSING','BPLS LICENSING','BPLS','usergroup',NULL,'LICENSING'),('BPLS.MASTER','BPLS MASTER','BPLS','usergroup',NULL,'MASTER'),('BPLS.ONLINE_DATA_APPROVER','BPLS - ONLINE DATA APPROVER','BPLS','usergroup',NULL,'ONLINE_DATA_APPROVER'),('BPLS.REPORT','BPLS REPORT','BPLS','usergroup',NULL,'REPORT'),('BPLS.RULE_AUTHOR','BPLS RULE AUTHOR','BPLS','usergroup',NULL,'RULE_AUTHOR'),('BPLS.SHARED','BPLS SHARED','BPLS','usergroup',NULL,'SHARED'),('CITY_ENGINEER.ADMIN','CITY ENGINEER ADMIN','CITY_ENGINEER','usergroup',NULL,'ADMIN'),('CITY_ENGINEER.ASSESSOR','CITY ENGINEER ASSESSOR','CITY_ENGINEER','usergroup',NULL,'ASSESSOR'),('DATAMGMT.ENTITY_ENCODER','ENTITY_ENCODER','DATAMGMT','usergroup',NULL,'ENTITY_ENCODER'),('DEVELOPER.REPORT','SYSTEM ADMINISTRATOR','DEVELOPER','usergroup',NULL,'REPORT'),('ENTERPRISE.MASTER','ENTERPRISE MASTER','ENTERPRISE','usergroup',NULL,'MASTER'),('ENTITY.ADMIN','ENTITY ADMIN','ENTITY','usergroup',NULL,'ADMIN'),('ENTITY.APPROVER','ENTITY APPROVER','ENTITY','usergroup',NULL,'APPROVER'),('ENTITY.MASTER','ENTITY MASTER','ENTITY','usergroup',NULL,'MASTER'),('EPAYMENT.MASTER','EPAYMENT MASTER','EPAYMENT','usergroup',NULL,'MASTER'),('ETRACSADMIN.TOOLS','ETRACS ADMIN','ETRACSADMIN','usergroup',NULL,'ETRACS_ADMIN'),('FINANCIAL.ADMIN','FINANCIAL ADMIN','FINANCIAL','usergroup',NULL,'ADMIN'),('FINANCIAL.COLLECTOR','FINANCIAL','FINANCIAL','usergroup',NULL,'COLLECTOR'),('FINANCIAL.MASTER','FINANCIAL MASTER','FINANCIAL','usergroup',NULL,'MASTER'),('FINANCIAL.REPORT','FINANCIAL REPORT','FINANCIAL','usergroup',NULL,'REPORT'),('LANDTAX.ADMIN','ADMIN','LANDTAX',NULL,NULL,'ADMIN'),('LANDTAX.LANDTAX','LANDTAX','LANDTAX',NULL,NULL,'LANDTAX'),('LANDTAX.LANDTAX_SHARED','SHARED','LANDTAX',NULL,NULL,'SHARED'),('LANDTAX.RECORD','RECORD','LANDTAX',NULL,NULL,'RECORD'),('LANDTAX.RECORD_APPROVER','RECORD APPROVER','LANDTAX',NULL,NULL,'RECORD_APPROVER'),('LANDTAX.REPORT','REPORT','LANDTAX',NULL,NULL,'REPORT'),('LANDTAX.RULE_AUTHOR','RULE AUTHOR','LANDTAX',NULL,NULL,'RULE_AUTHOR'),('LANDTAX.SHARED','SHARED','SHARED',NULL,NULL,'SHARED'),('QUEUE.ADMIN','QUEUE ADMIN','QUEUE',NULL,NULL,'ADMIN'),('QUEUE.USER','QUEUE USER','QUEUE',NULL,NULL,'USER'),('RPT.ADMIN','ADMIN','RPT',NULL,NULL,'ADMIN'),('RPT.APPRAISAL_CHIEF','APPRAISAL DIVISION CHIEF','RPT','usergroup',NULL,'APPRAISAL_CHIEF'),('RPT.APPRAISER','APPRAISER','RPT','usergroup',NULL,'APPRAISER'),('RPT.APPROVER','APPROVER','RPT','usergroup',NULL,'APPROVER'),('RPT.ASSESSOR','ASSESSOR','RPT','usergroup',NULL,'ASSESSOR'),('RPT.ASSESSOR_DATAMGMT','ASSESSOR DATA MANAGEMENT','RPT','usergroup',NULL,'ASSESSOR_DATAMGMT'),('RPT.ASSESSOR_REPORT','ASSESSOR REPORT','RPT','usergroup',NULL,'ASSESSOR_REPORT'),('RPT.ASSESSOR_SHARED','ASSESSOR SHARED','RPT','usergroup',NULL,'ASSESSOR_SHARED'),('RPT.ASSISTANT_ASSESSOR','ASSISTANT ASSESSOR','RPT','usergroup',NULL,'ASSISTANT_ASSESSOR'),('RPT.CERTIFICATION_APPROVER','CERTIFICATION_APPROVER','RPT',NULL,NULL,'CERTIFICATION_APPROVER'),('RPT.CERTIFICATION_ISSUER','CERTIFICATION_ISSUER','RPT','usergroup',NULL,'CERTIFICATION_ISSUER'),('RPT.CERTIFICATION_RELEASER','RPT CERTIFICATION_RELEASER','RPT',NULL,NULL,'CERTIFICATION_RELEASER'),('RPT.CERTIFICATION_VERIFIER','RPT CERTIFICATION_VERIFIER','RPT',NULL,NULL,'CERTIFICATION_VERIFIER'),('RPT.ENCODER','ENCODER','RPT',NULL,NULL,'ENCODER'),('RPT.ENCODING_APPROVER','RPT ENCODING_APPROVER','RPT',NULL,NULL,'ENCODING_APPROVER'),('RPT.EXAMINER','EXAMINER','RPT','usergroup',NULL,'EXAMINER'),('RPT.LANDTAX','LANDTAX','RPT','usergroup',NULL,'LANDTAX'),('RPT.LANDTAX_DATAMGMT','LANDTAX DATA MANAGEMENT','RPT','usergroup',NULL,'LANDTAX_DATAMGMT'),('RPT.LANDTAX_REPORT','LANDTAX REPORT','RPT','usergroup',NULL,'LANDTAX_REPORT'),('RPT.LANDTAX_SHARED','LANDTAX SHARED','RPT','usergroup',NULL,'LANDTAX_SHARED'),('RPT.MANAGEMENT','MANAGEMENT','RPT',NULL,NULL,'MANAGEMENT'),('RPT.MASTER','MASTER','RPT','usergroup',NULL,'MASTER'),('RPT.MUNICIPAL_ASSESSOR','MUNICIPAL ASSESSOR','RPT','usergroup',NULL,'MUNICIPAL_ASSESSOR'),('RPT.PROVINCIAL_ASSESSOR','PROVINCIAL ASSESSOR','RPT','usergroup','','PROVINCIAL_ASSESSOR'),('RPT.RECEIVER','RECEIVER','RPT',NULL,NULL,'RECEIVER'),('RPT.RECOMMENDER','RECOMMENDER','RPT','usergroup',NULL,'RECOMMENDER'),('RPT.RECORD','RECORD','RPT','usergroup',NULL,'RECORD'),('RPT.RECORD_APPROVER','RPT RECORD_APPROVER','RPT',NULL,NULL,'RECORD_APPROVER'),('RPT.REPORT','REPORT','RPT','usergroup',NULL,'REPORT'),('RPT.RULE_AUTHOR','RULE AUTHOR','RPT','usergroup',NULL,'RULE_AUTHOR'),('RPT.SHARED','RPT SHARED','RPT',NULL,NULL,'SHARED'),('RPT.TAXMAPPER','TAXMAPPER','RPT','usergroup',NULL,'TAXMAPPER'),('RPT.TAXMAPPER_CHIEF','TAXMAPPER DIVISION CHIEF','RPT','usergroup',NULL,'TAXMAPPER_CHIEF'),('RULEMGMT.DEV','RULEMGMT DEVELOPER','RULEMGMT','usergroup',NULL,'DEV'),('TERMINAL.ADMIN','TERMINAL ADMINISTRATION','TERMINAL','usergroup',NULL,'ADMIN'),('TREASURY.ADMIN','TREASURY ADMIN','TREASURY','usergroup',NULL,'ADMIN'),('TREASURY.AFO','ACCOUNTABLE FORM OFFICER','TREASURY','usergroup',NULL,'AFO'),('TREASURY.AFO_ADMIN','TREASURY AFO ADMIN','TREASURY','usergroup',NULL,'AFO_ADMIN'),('TREASURY.APPROVER','TREASURY APPROVER','TREASURY','usergroup',NULL,'APPROVER'),('TREASURY.CASHIER','CASHIER','TREASURY','usergroup',NULL,'CASHIER'),('TREASURY.COLLECTOR','COLLECTOR','TREASURY','usergroup',NULL,'COLLECTOR'),('TREASURY.COLLECTOR_ADMIN','TREASURY COLLECTOR ADMIN','TREASURY','usergroup',NULL,'COLLECTOR_ADMIN'),('TREASURY.DATA_CONTROLLER','TREASURY DATA CONTROLLER','TREASURY','usergroup',NULL,'DATA_CONTROLLER'),('TREASURY.DISBURSEMENT_APPROVER','DISBURSEMENT APPROVER','TREASURY',NULL,NULL,'DISBURSEMENT_APPROVER'),('TREASURY.LIQUIDATING_OFFICER','LIQUIDATING OFFICER','TREASURY','usergroup',NULL,'LIQUIDATING_OFFICER'),('TREASURY.LIQ_OFFICER_ADMIN','TREASURY LIQ. OFFICER ADMIN','TREASURY','usergroup',NULL,'LIQ_OFFICER_ADMIN'),('TREASURY.MANAGER','TREASURY MANAGER','TREASURY','usergroup',NULL,'MANAGER'),('TREASURY.MASTER','TREASURY MASTER','TREASURY','usergroup',NULL,'MASTER'),('TREASURY.REPORT','TREASURY REPORT','TREASURY','usergroup',NULL,'REPORT'),('TREASURY.RIS_APPROVER','TREASURY RIS_APPROVER','TREASURY','usergroup',NULL,'RIS_APPROVER'),('TREASURY.RULE_AUTHOR','CTC RULE AUTHOR','TREASURY','userclass',NULL,'RULE_AUTHOR'),('TREASURY.SHARED','TREASURY SHARED','TREASURY','usergroup',NULL,'SHARED'),('TREASURY.SUBCOLLECTOR','SUBCOLLECTOR','TREASURY','usergroup',NULL,'SUBCOLLECTOR'),('TRESURY.DISBURSEMENT_ISSUER','DISBURSEMENT ISSUER','TREASURY',NULL,NULL,'DISBURSEMENT_ISSUER'),('WORKFLOW.ADMIN','WORKFLOW ADMIN','WORKFLOW','usergroup',NULL,'ADMIN'),('WORKFLOW.DEV','WORKFLOW DEVELOPER','WORKFLOW','usergroup',NULL,'DEV');
/*!40000 ALTER TABLE `sys_usergroup` ENABLE KEYS */;
UNLOCK TABLES;

--
-- Table structure for table `sys_usergroup_admin`
--

DROP TABLE IF EXISTS `sys_usergroup_admin`;
/*!40101 SET @saved_cs_client     = @@character_set_client */;
/*!40101 SET character_set_client = utf8 */;
CREATE TABLE `sys_usergroup_admin` (
  `objid` varchar(50) NOT NULL,
  `usergroupid` varchar(50) DEFAULT NULL,
  `user_objid` varchar(50) DEFAULT NULL,
  `user_username` varchar(50) DEFAULT NULL,
  `user_firstname` varchar(50) NOT NULL,
  `user_lastname` varchar(50) DEFAULT NULL,
  `exclude` varchar(255) DEFAULT NULL,
  PRIMARY KEY (`objid`),
  KEY `usergroupid` (`usergroupid`),
  KEY `FK_sys_usergroup_admin` (`user_objid`),
  CONSTRAINT `sys_usergroup_admin_ibfk_1` FOREIGN KEY (`user_objid`) REFERENCES `sys_user` (`objid`),
  CONSTRAINT `sys_usergroup_admin_ibfk_2` FOREIGN KEY (`usergroupid`) REFERENCES `sys_usergroup` (`objid`)
) ENGINE=InnoDB DEFAULT CHARSET=utf8;
/*!40101 SET character_set_client = @saved_cs_client */;

--
-- Dumping data for table `sys_usergroup_admin`
--

LOCK TABLES `sys_usergroup_admin` WRITE;
/*!40000 ALTER TABLE `sys_usergroup_admin` DISABLE KEYS */;
/*!40000 ALTER TABLE `sys_usergroup_admin` ENABLE KEYS */;
UNLOCK TABLES;

--
-- Table structure for table `sys_usergroup_member`
--

DROP TABLE IF EXISTS `sys_usergroup_member`;
/*!40101 SET @saved_cs_client     = @@character_set_client */;
/*!40101 SET character_set_client = utf8 */;
CREATE TABLE `sys_usergroup_member` (
  `objid` varchar(50) NOT NULL,
  `state` varchar(10) DEFAULT NULL,
  `usergroup_objid` varchar(50) DEFAULT NULL,
  `user_objid` varchar(50) NOT NULL,
  `user_username` varchar(50) DEFAULT NULL,
  `user_firstname` varchar(50) NOT NULL,
  `user_lastname` varchar(50) NOT NULL,
  `org_objid` varchar(50) DEFAULT NULL,
  `org_name` varchar(50) DEFAULT NULL,
  `org_orgclass` varchar(50) DEFAULT NULL,
  `securitygroup_objid` varchar(50) DEFAULT NULL,
  `exclude` varchar(255) DEFAULT NULL,
  `displayname` varchar(50) DEFAULT NULL,
  `jobtitle` varchar(50) DEFAULT NULL,
  PRIMARY KEY (`objid`),
  KEY `usergroup_objid` (`usergroup_objid`),
  KEY `FK_sys_usergroup_member` (`user_objid`),
  KEY `FK_sys_usergroup_member_org` (`org_objid`),
  KEY `FK_sys_usergroup_member_securitygorup` (`securitygroup_objid`),
  KEY `ix_user_firstname` (`user_firstname`),
  KEY `ix_user_lastname_firstname` (`user_lastname`,`user_firstname`),
  KEY `ix_username` (`user_username`),
  CONSTRAINT `fk_sys_usergroup_member_usergroup_objid` FOREIGN KEY (`usergroup_objid`) REFERENCES `sys_usergroup` (`objid`),
  CONSTRAINT `sys_usergroup_member_ibfk_1` FOREIGN KEY (`user_objid`) REFERENCES `sys_user` (`objid`),
  CONSTRAINT `sys_usergroup_member_ibfk_2` FOREIGN KEY (`org_objid`) REFERENCES `sys_org` (`objid`)
) ENGINE=InnoDB DEFAULT CHARSET=utf8;
/*!40101 SET character_set_client = @saved_cs_client */;

--
-- Dumping data for table `sys_usergroup_member`
--

LOCK TABLES `sys_usergroup_member` WRITE;
/*!40000 ALTER TABLE `sys_usergroup_member` DISABLE KEYS */;
INSERT INTO `sys_usergroup_member` VALUES ('ADMIN.SYSADMIN',NULL,'ADMIN.SYSADMIN','USR7e15465b:14a51353b1a:-7fb7','ADMIN','ADMIN','ADMIN',NULL,NULL,NULL,NULL,NULL,NULL,NULL),('UGM-29a52a3f:1805a2b5c6f:-7de6',NULL,'RPT.ENCODING_APPROVER','USR7e15465b:14a51353b1a:-7fb7','ADMIN','ADMIN','ADMIN',NULL,NULL,NULL,NULL,NULL,NULL,NULL),('UGM-29a52a3f:1805a2b5c6f:-7df7',NULL,'RPT.ENCODER','USR7e15465b:14a51353b1a:-7fb7','ADMIN','ADMIN','ADMIN',NULL,NULL,NULL,NULL,NULL,NULL,NULL),('UGM-29a52a3f:1805a2b5c6f:-7e08',NULL,'RPT.MASTER','USR7e15465b:14a51353b1a:-7fb7','ADMIN','ADMIN','ADMIN',NULL,NULL,NULL,NULL,NULL,NULL,NULL),('UGM-2a65218f:180558e7346:-77ff',NULL,'TREASURY.RULE_AUTHOR','USR7e15465b:14a51353b1a:-7fb7','ADMIN','ADMIN','ADMIN',NULL,NULL,NULL,NULL,NULL,NULL,NULL),('UGM-2a65218f:180558e7346:-7810',NULL,'RPT.RULE_AUTHOR','USR7e15465b:14a51353b1a:-7fb7','ADMIN','ADMIN','ADMIN',NULL,NULL,NULL,NULL,NULL,NULL,NULL),('UGM-2a65218f:180558e7346:-7821',NULL,'LANDTAX.RULE_AUTHOR','USR7e15465b:14a51353b1a:-7fb7','ADMIN','ADMIN','ADMIN',NULL,NULL,NULL,NULL,NULL,NULL,NULL),('UGM-2a65218f:180558e7346:-7845',NULL,'FINANCIAL.REPORT','USR7e15465b:14a51353b1a:-7fb7','ADMIN','ADMIN','ADMIN',NULL,NULL,NULL,NULL,NULL,NULL,NULL),('UGM-2a65218f:180558e7346:-7856',NULL,'TREASURY.REPORT','USR7e15465b:14a51353b1a:-7fb7','ADMIN','ADMIN','ADMIN',NULL,NULL,NULL,NULL,NULL,NULL,NULL),('UGM-2a65218f:180558e7346:-7869',NULL,'TREASURY.SHARED','USR7e15465b:14a51353b1a:-7fb7','ADMIN','ADMIN','ADMIN',NULL,NULL,NULL,NULL,NULL,NULL,NULL),('UGM-2a65218f:180558e7346:-787a',NULL,'RPT.REPORT','USR7e15465b:14a51353b1a:-7fb7','ADMIN','ADMIN','ADMIN',NULL,NULL,NULL,NULL,NULL,NULL,NULL),('UGM-2a65218f:180558e7346:-788b',NULL,'RPT.SHARED','USR7e15465b:14a51353b1a:-7fb7','ADMIN','ADMIN','ADMIN',NULL,NULL,NULL,NULL,NULL,NULL,NULL),('UGM-3ee6cf3f:16f6ab85759:-7dc7',NULL,'QUEUE.USER','USR7e15465b:14a51353b1a:-7fb7','ADMIN','ADMIN','ADMIN',NULL,NULL,NULL,NULL,NULL,NULL,NULL),('UGM-3ee6cf3f:16f6ab85759:-7def',NULL,'QUEUE.ADMIN','USR7e15465b:14a51353b1a:-7fb7','ADMIN','ADMIN','ADMIN',NULL,NULL,NULL,NULL,NULL,NULL,NULL),('UGM28b3871b:174c432665d:-7b29',NULL,'WORKFLOW.DEV','USR7e15465b:14a51353b1a:-7fb7','ADMIN','ADMIN','ADMIN',NULL,NULL,NULL,NULL,NULL,NULL,NULL),('UGM28b3871b:174c432665d:-7b4f',NULL,'RULEMGMT.DEV','USR7e15465b:14a51353b1a:-7fb7','ADMIN','ADMIN','ADMIN',NULL,NULL,NULL,NULL,NULL,NULL,NULL),('UGM3503e209:16d75a93af3:-7b30',NULL,'DEVELOPER.REPORT','USR7e15465b:14a51353b1a:-7fb7','ADMIN','ADMIN','ADMIN',NULL,NULL,NULL,NULL,NULL,NULL,NULL),('UGM3c98e91:176f49559e2:-5d08',NULL,'BPLS.REPORT','USR7e15465b:14a51353b1a:-7fb7','ADMIN','ADMIN','ADMIN',NULL,NULL,NULL,NULL,NULL,NULL,NULL),('UGM7e15465b:14a51353b1a:-7da9',NULL,'LANDTAX.REPORT','USR7e15465b:14a51353b1a:-7fb7','ADMIN','ADMIN','ADMIN',NULL,NULL,NULL,NULL,NULL,NULL,NULL),('UGM7e15465b:14a51353b1a:-7dc9',NULL,'LANDTAX.LANDTAX_SHARED','USR7e15465b:14a51353b1a:-7fb7','ADMIN','ADMIN','ADMIN',NULL,NULL,NULL,NULL,NULL,NULL,NULL),('UGM7e15465b:14a51353b1a:-7e49',NULL,'BPLS.SHARED','USR7e15465b:14a51353b1a:-7fb7','ADMIN','ADMIN','ADMIN',NULL,NULL,NULL,NULL,NULL,NULL,NULL),('UGM7e15465b:14a51353b1a:-7e69',NULL,'BPLS.RULE_AUTHOR','USR7e15465b:14a51353b1a:-7fb7','ADMIN','ADMIN','ADMIN',NULL,NULL,NULL,NULL,NULL,NULL,NULL),('UGM7e15465b:14a51353b1a:-7f8a',NULL,'ENTITY.MASTER','USR7e15465b:14a51353b1a:-7fb7','ADMIN','ADMIN','ADMIN',NULL,NULL,NULL,NULL,NULL,NULL,NULL);
/*!40000 ALTER TABLE `sys_usergroup_member` ENABLE KEYS */;
UNLOCK TABLES;

--
-- Table structure for table `sys_usergroup_permission`
--

DROP TABLE IF EXISTS `sys_usergroup_permission`;
/*!40101 SET @saved_cs_client     = @@character_set_client */;
/*!40101 SET character_set_client = utf8 */;
CREATE TABLE `sys_usergroup_permission` (
  `objid` varchar(100) NOT NULL,
  `usergroup_objid` varchar(50) DEFAULT NULL,
  `object` varchar(25) DEFAULT NULL,
  `permission` varchar(50) NOT NULL,
  `title` varchar(50) DEFAULT NULL,
  PRIMARY KEY (`objid`),
  KEY `FK_sys_usergroup_permission_usergroup` (`usergroup_objid`),
  CONSTRAINT `sys_usergroup_permission_ibfk_1` FOREIGN KEY (`usergroup_objid`) REFERENCES `sys_usergroup` (`objid`),
  CONSTRAINT `sys_usergroup_permission_ibfk_2` FOREIGN KEY (`usergroup_objid`) REFERENCES `sys_usergroup` (`objid`)
) ENGINE=InnoDB DEFAULT CHARSET=utf8;
/*!40101 SET character_set_client = @saved_cs_client */;

--
-- Dumping data for table `sys_usergroup_permission`
--

LOCK TABLES `sys_usergroup_permission` WRITE;
/*!40000 ALTER TABLE `sys_usergroup_permission` DISABLE KEYS */;
INSERT INTO `sys_usergroup_permission` VALUES ('AKLAN.TRAINING','AKLAN.TRAINING','aklan-training-report','viewreport','View Report'),('BPLS-BUSINESSINFO-captureBusiness','BPLS.BUSINESSINFO','business','capture','Capture'),('ENTITY-MASTER-createIndividual','ENTITY.MASTER','entityindividual','create','Create'),('ENTITY-MASTER-createJuridical','ENTITY.MASTER','entityjuridical','create','Create'),('ENTITY-MASTER-createMultiple','ENTITY.MASTER','entitymultiple','create','Create'),('ENTITY-MASTER-deleteIndividual','ENTITY.MASTER','entityindividual','delete','Delete'),('ENTITY-MASTER-deleteJuridical','ENTITY.MASTER','entityjuridical','delete','Delete'),('ENTITY-MASTER-deleteMultiple','ENTITY.MASTER','entitymultiple','delete','Delete'),('ENTITY-MASTER-editIndividual','ENTITY.MASTER','entityindividual','edit','Edit'),('ENTITY-MASTER-editJuridical','ENTITY.MASTER','entityjuridical','edit','Edit'),('ENTITY-MASTER-editMultiple','ENTITY.MASTER','entitymultiple','edit','Edit'),('ENTITY-MASTER-editname','ENTITY.MASTER','entityindividual','editname','Edit Name'),('ENTITY-MASTER-openIndividual','ENTITY.MASTER','entityindividual','open','Open'),('ENTITY-MASTER-openJuridical','ENTITY.MASTER','entityjuridical','open','Open'),('ENTITY-MASTER-openMultiple','ENTITY.MASTER','entitymultiple','open','Open'),('LANDTAX.ADMIN-add_new_ledger_faas','LANDTAX.ADMIN','rptledger','add_new_ledger_faas','Add New Ledger FAAS'),('LANDTAX.ADMIN-change_faas_reference','LANDTAX.ADMIN','rptledger','change_faas_reference','Change FAAS Reference'),('LANDTAX.ADMIN-fix_ledger_faas','LANDTAX.ADMIN','rptledger','fix_ledger_faas','Fix Ledger FAAS'),('LANDTAX.REPORT.restricted-property.generate','LANDTAX.REPORT','restricted-property','generate','Generate List of Restricted Properties'),('PER-41ea09c:157ef7851c2:-7df4','RPT.MANAGEMENT','report','txn-monitoring','Transaction Monitoring'),('RPT-ANNOTATION-C','RPT.APPRAISER','annotation','create','create'),('RPT-ANNOTATION-R','RPT.APPRAISER','annotation','read','read'),('RPT-BILLING-C','RPT.LANDTAX','rptbilling','create','create'),('RPT-CANCELANNOTATION-C','RPT.APPRAISER','cancelannotation','create','create'),('RPT-CANCELFAAS-C','RPT.APPRAISER','cancelfaas','create','create'),('RPT-CERTICICATION-LE','RPT.CERTIFICATION_ISSUER','certification','latestandexisting','latestandexisting'),('RPT-CERTIFICATION-LH','RPT.CERTIFICATION_ISSUER','certification','landholding','landholding'),('RPT-CERTIFICATION-MP','RPT.CERTIFICATION_ISSUER','certification','multipleproperty','multipleproperty'),('RPT-CERTIFICATION-NE','RPT.CERTIFICATION_ISSUER','certification','noencumbrance','noencumbrance'),('RPT-CERTIFICATION-NP','RPT.CERTIFICATION_ISSUER','certification','noproperty','noproperty'),('RPT-CERTIFICATION-OWN','RPT.CERTIFICATION_ISSUER','certification','ownership','ownership'),('RPT-CERTIFICATION-TDT','RPT.CERTIFICATION_ISSUER','certification','tdtruecopy','tdtruecopy'),('RPT-CS-C','RPT.APPRAISER','consolidation','create','create'),('RPT-CS-D','RPT.APPRAISER','consolidation','delete','delete'),('RPT-CS-R','RPT.APPRAISER','consolidation','read','read'),('RPT-CS-U','RPT.APPRAISER','consolidation','edit','edit'),('RPT-FA-C','RPT.APPRAISER','annotation','create','create'),('RPT-FA-D','RPT.APPRAISER','annotation','delete','delete'),('RPT-FA-R','RPT.APPRAISER','annotation','read','read'),('RPT-FA-U','RPT.APPRAISER','annotation','edit','edit'),('RPT-FAAS-APPROVER-A','RPT.APPROVER','faas','approve','approve'),('RPT-FAAS-APPROVER-D','RPT.APPROVER','faas','disapprove','disapprove'),('RPT-FAAS-C-CC','RPT.APPRAISER','faas','createChangeClassificatio','createChangeClassificatio'),('RPT-FAAS-C-CD','RPT.APPRAISER','faas','createChangeDepreciation','createChangeDepreciation'),('RPT-FAAS-C-CE','RPT.APPRAISER','faas','createCorrection','createCorrection'),('RPT-FAAS-C-CT','RPT.APPRAISER','faas','createChangeTaxability','createChangeTaxability'),('RPT-FAAS-C-DC','RPT.APPRAISER','faas','createDataCapture','createDataCapture'),('RPT-FAAS-C-GR','RPT.APPRAISER','faas','createGeneralRevision','createGeneralRevision'),('RPT-FAAS-C-MC','RPT.APPRAISER','faas','createMultipleClaim','createMultipleClaim'),('RPT-FAAS-C-ND','RPT.APPRAISER','faas','createNewDiscovery','createNewDiscovery'),('RPT-FAAS-C-RE','RPT.APPRAISER','faas','createReassessment','createReassessment'),('RPT-FAAS-C-TR','RPT.APPRAISER','faas','createTransfer','createTransfer'),('RPT-FAAS-D','RPT.APPRAISER','faas','delete','delete'),('RPT-FAAS-E','RPT.APPRAISER','faas','edit','edit'),('RPT-FAAS-R','RPT.APPRAISER','faas','read','read'),('RPT-FAAS-REC-A','RPT.RECOMMENDER','faas','approve','approve'),('RPT-FAAS-REC-D','RPT.RECOMMENDER','faas','disapprove','disapprove'),('RPT-FAAS-REC-S','RPT.RECOMMENDER','faas','submitToProvince','submitToProvince'),('RPT-FAAS-S','RPT.APPRAISER','faas','submit','submit'),('RPT-FAASUPDATE-C','RPT.APPRAISER','faasupdate','create','create'),('RPT-GR-BATCH','RPT.ASSESSOR','batchgr','create','create'),('RPT-LEDGER-A','RPT.LANDTAX','rptledger','approve','approve'),('RPT-LEDGER-C','RPT.LANDTAX','rptledger','capturepayment','capturepayment'),('RPT-LEDGER-CHANGESTATE','RPT.LANDTAX','rptledger','changestate','changestate'),('RPT-LEDGER-E','RPT.LANDTAX','rptledger','edit','edit'),('RPT-LEDGER-FL','RPT.LANDTAX','rptledger','fixledger','fixledger'),('RPT-LEDGER-LS','LANDTAX.LANDTAX_SHARED','rptledger','list','list'),('RPT-LEDGER-PP','LANDTAX.LANDTAX','rptledger','postpayment','postpayment'),('RPT-LEDGER-R','LANDTAX.LANDTAX','rptledger','read','read'),('RPT-NA-C','RPT.APPRAISER','noticeofassessment','create','create'),('RPT-NA-R','RPT.APPRAISER','noticeofassessment','read','read'),('RPT-RESECTION-C','RPT.APPRAISER','resection','create','create'),('RPT-RESECTION-D','RPT.APPRAISER','resection','delete','delete'),('RPT-RESECTION-E','RPT.APPRAISER','resection','edit','edit'),('RPT-RESECTION-S','RPT.APPRAISER','resection','submit','submit'),('RPT-SD-C','RPT.APPRAISER','subdivision','create','create'),('RPT-SD-D','RPT.APPRAISER','subdivision','delete','delete'),('RPT-SD-R','RPT.APPRAISER','subdivision','read','read'),('RPT-SD-S','RPT.APPRAISER','subdivision','submit','submit'),('RPT-SD-U','RPT.APPRAISER','subdivision','edit','edit'),('RPT-TAXCLEARANCE-C','RPT.LANDTAX','taxclearance','create','create'),('RPT-UTIL-MODIFYPIN','RPT.APPRAISER','util','modifypin','modifypin'),('RPT.MASTER-approve','RPT.MASTER','master','approve','Approve Memoranda Template'),('RPT.MASTER-bldgkind-create','RPT.MASTER','bldgkind','create','Create Kind of Building'),('RPT.MASTER-bldgkind-delete','RPT.MASTER','bldgkind','delete','Delete Kind of Building'),('RPT.MASTER-bldgkind-edit','RPT.MASTER','bldgkind','edit','Edit Kind of Building'),('RPT.MASTER-bldgkind-read','RPT.MASTER','bldgkind','read','Open Kind of Building'),('RPT.MASTER-classification-create','RPT.MASTER','propertyclassification','create','Create Property Classification'),('RPT.MASTER-classification-delete','RPT.MASTER','propertyclassification','delete','Delete Property Classification'),('RPT.MASTER-classification-edit','RPT.MASTER','propertyclassification','edit','Edit Property Classification'),('RPT.MASTER-classification-read','RPT.MASTER','propertyclassification','read','Open Property Classification'),('RPT.MASTER-disapprove','RPT.MASTER','master','disapprove','Disapprove Memoranda Template'),('RPT.MASTER-exemptiontype-create','RPT.MASTER','exemptiontype','create','Create Exemption Type'),('RPT.MASTER-exemptiontype-delete','RPT.MASTER','exemptiontype','delete','Delete Exemption Type'),('RPT.MASTER-exemptiontype-edit','RPT.MASTER','exemptiontype','edit','Edit Exemption Type'),('RPT.MASTER-exemptiontype-read','RPT.MASTER','exemptiontype','read','Open Exemption Type'),('RPT.MASTER-export','RPT.MASTER','master','export','Export Master Files'),('RPT.MASTER-faastxntype-edit','RPT.MASTER','faastxntype','edit','Edit Transaction Types'),('RPT.MASTER-faastxntype-read','RPT.MASTER','faastxntype','read','Open Transaction Types'),('RPT.MASTER-import','RPT.MASTER','master','import','Import Master Files'),('RPT.MASTER-landspecificclass-create','RPT.MASTER','landspecificclass','create','Create Land Specific Class'),('RPT.MASTER-landspecificclass-delete','RPT.MASTER','landspecificclass','delete','Delete Land Specific Class'),('RPT.MASTER-landspecificclass-edit','RPT.MASTER','landspecificclass','edit','Edit Land Specific Class'),('RPT.MASTER-landspecificclass-read','RPT.MASTER','landspecificclass','read','Open Land Specific Class'),('RPT.MASTER-machine-create','RPT.MASTER','machine','create','Create Machine'),('RPT.MASTER-machine-delete','RPT.MASTER','machine','delete','Delete Machine'),('RPT.MASTER-machine-edit','RPT.MASTER','machine','edit','Edit Machine'),('RPT.MASTER-machine-read','RPT.MASTER','machine','read','Open Machine'),('RPT.MASTER-material-create','RPT.MASTER','material','create','Create Material'),('RPT.MASTER-material-delete','RPT.MASTER','material','delete','Delete Material'),('RPT.MASTER-material-edit','RPT.MASTER','material','edit','Edit Material'),('RPT.MASTER-material-read','RPT.MASTER','material','read','Open Material'),('RPT.MASTER-memoranda-create','RPT.MASTER','rptis_memoranda_template','create','Create Memoranda Template'),('RPT.MASTER-memoranda-delete','RPT.MASTER','rptis_memoranda_template','delete','Delete Memoranda Template'),('RPT.MASTER-memoranda-edit','RPT.MASTER','rptis_memoranda_template','edit','Edit Memoranda Template'),('RPT.MASTER-memoranda-read','RPT.MASTER','rptis_memoranda_template','read','Open Memoranda Template'),('RPT.MASTER-miscitem-create','RPT.MASTER','miscitem','create','Create Miscellaneous Item'),('RPT.MASTER-miscitem-delete','RPT.MASTER','miscitem','delete','Delete Miscellaneous Item'),('RPT.MASTER-miscitem-edit','RPT.MASTER','miscitem','edit','Edit Miscellaneous Item'),('RPT.MASTER-miscitem-read','RPT.MASTER','miscitem','read','Open Miscellaneous Item'),('RPT.MASTER-plant-create','RPT.MASTER','planttree','create','Create Plant/Tree'),('RPT.MASTER-plant-delete','RPT.MASTER','planttree','delete','Delete Plant/Tree'),('RPT.MASTER-plant-edit','RPT.MASTER','planttree','edit','Edit Plant/Tree'),('RPT.MASTER-plant-read','RPT.MASTER','planttree','read','Open Plant/Tree'),('RPT.MASTER-requirementtype-create','RPT.MASTER','requirementtype','create','Create Requirement Type'),('RPT.MASTER-requirementtype-delete','RPT.MASTER','requirementtype','delete','Delete Requirement Type'),('RPT.MASTER-requirementtype-edit','RPT.MASTER','requirementtype','edit','Edit Requirement Type'),('RPT.MASTER-requirementtype-read','RPT.MASTER','requirementtype','read','Open Requirement Type'),('RPT.MASTER-rptparameter-create','RPT.MASTER','rptparameter','create','Create Parameter'),('RPT.MASTER-rptparameter-delete','RPT.MASTER','rptparameter','delete','Delete Parameter'),('RPT.MASTER-rptparameter-edit','RPT.MASTER','rptparameter','edit','Edit Parameter'),('RPT.MASTER-rptparameter-read','RPT.MASTER','rptparameter','read','Open Parameter'),('RPT.MASTER-structure-create','RPT.MASTER','structure','create','Create Structure'),('RPT.MASTER-structure-delete','RPT.MASTER','structure','delete','Delete Structure'),('RPT.MASTER-structure-edit','RPT.MASTER','structure','edit','Edit Structure'),('RPT.MASTER-structure-read','RPT.MASTER','structure','read','Open Structure'),('RPT.MASTER-sync','RPT.MASTER','master','sync','Synchronize Master Files'),('RPT.MASTER-viewlist','RPT.MASTER','master','viewlist','View Master Files'),('RPT.REPORT-faas-titled-report-viewreport','RPT.REPORT','faas-titled-report','viewreport','View Report'),('SUBCOLLECTOR-DISAPPROVED','TREASURY.SUBCOLLECTOR','batchcapture','disapprove','disapprove'),('SUBCOLLECTOR-POST','TREASURY.SUBCOLLECTOR','batchcapture','post','post'),('TREASURY-ADMIN-receipt-void','TREASURY.ADMIN','receipt','void','Void Receipt'),('TREASURY-AFO-ADMIN-aftxn-changetxntype','TREASURY.AFO_ADMIN','aftxn','changeTxnType','Change Txn Type'),('TREASURY-AFO-afserial-forward','TREASURY.AFO','afserial','forward','Forward'),('TREASURY-AFO-cashticket-forward','TREASURY.AFO','cashticket','forward','Forward'),('TREASURY-COLLECTOR','TREASURY.COLLECTOR','receipt','online','online'),('TREASURY-COLLECTOR-ADMIN-aftxn-changetxntype','TREASURY.COLLECTOR_ADMIN','remittance','rebuildFund','Rebuild Remittance Fund'),('TREASURY-COLLECTOR-ADMIN-remittance-modifyCashBreakdown','TREASURY.COLLECTOR_ADMIN','remittance','modifyCashBreakdown','Modify Remittance Cash Breakdown'),('TREASURY-COLLECTOR-ADMIN-remittance-voidReceipt','TREASURY.COLLECTOR_ADMIN','remittance','voidReceipt','Void Receipt'),('TREASURY-COLLECTOR-receipt-void','TREASURY.COLLECTOR','receipt','void','Void Receipt'),('TREASURY-DATA_CONTROLLER-batchcapture-manage','TREASURY.DATA_CONTROLLER','batchcapture','manage','Manage Batch Capture'),('TREASURY-LIQUIDATING_OFFICER','TREASURY.LIQUIDATING_OFFICER','cashbook','list','list'),('TREASURY-MASTER-createbank','TREASURY.MASTER','bank','create','Create'),('TREASURY-MASTER-createcashbook','TREASURY.MASTER','cashbook','create','Create'),('TREASURY-MASTER-createcollectiongroup','TREASURY.MASTER','collectiongroup','create','Create'),('TREASURY-MASTER-createcollectiontype','TREASURY.MASTER','collectiontype','create','Create'),('TREASURY-MASTER-createFund','TREASURY.MASTER','fund','create','Create'),('TREASURY-MASTER-createRevenueItem','TREASURY.MASTER','revenueitem','create','Create'),('TREASURY-MASTER-createsreaccount','TREASURY.MASTER','sreaccount','create','Create'),('TREASURY-MASTER-deletebank','TREASURY.MASTER','bank','delete','Delete'),('TREASURY-MASTER-deletecashbook','TREASURY.MASTER','cashbook','delete','Delete'),('TREASURY-MASTER-deletecollectiongroup','TREASURY.MASTER','collectiongroup','delete','Delete'),('TREASURY-MASTER-deletecollectiontype','TREASURY.MASTER','collectiontype','delete','Delete'),('TREASURY-MASTER-deleteFund','TREASURY.MASTER','fund','delete','Delete'),('TREASURY-MASTER-deleteRevenueItem','TREASURY.MASTER','revenueitem','delete','Delete'),('TREASURY-MASTER-deletesreaccount','TREASURY.MASTER','sreaccount','delete','Delete'),('TREASURY-MASTER-editbank','TREASURY.MASTER','bank','edit','Edit'),('TREASURY-MASTER-editcashbook','TREASURY.MASTER','cashbook','edit','Edit'),('TREASURY-MASTER-editcollectiongroup','TREASURY.MASTER','collectiongroup','edit','Edit'),('TREASURY-MASTER-editcollectiontype','TREASURY.MASTER','collectiontype','edit','Edit'),('TREASURY-MASTER-editFund','TREASURY.MASTER','fund','edit','Edit'),('TREASURY-MASTER-editRevenueItem','TREASURY.MASTER','revenueitem','edit','Edit'),('TREASURY-MASTER-editsreaccount','TREASURY.MASTER','sreaccount','edit','Edit'),('TREASURY-MASTER-openbank','TREASURY.MASTER','bank','open','Open'),('TREASURY-MASTER-opencashbook','TREASURY.MASTER','cashbook','open','Open'),('TREASURY-MASTER-opencollectiongroup','TREASURY.MASTER','collectiongroup','open','Open'),('TREASURY-MASTER-opencollectiontype','TREASURY.MASTER','collectiontype','open','Open'),('TREASURY-MASTER-openFund','TREASURY.MASTER','fund','open','Open'),('TREASURY-MASTER-openRevenueItem','TREASURY.MASTER','revenueitem','open','Open'),('TREASURY-MASTER-opensreaccount','TREASURY.MASTER','sreaccount','open','Open'),('TREASURY-MASTER-viewbank','TREASURY.MASTER','bank','view','View'),('TREASURY-MASTER-viewcashbook','TREASURY.MASTER','cashbook','view','View'),('TREASURY-MASTER-viewcollectiongroup','TREASURY.MASTER','collectiongroup','view','View'),('TREASURY-MASTER-viewcollectiontype','TREASURY.MASTER','collectiontype','view','View'),('TREASURY-MASTER-viewFund','TREASURY.MASTER','fund','view','View'),('TREASURY-MASTER-viewRevenueItem','TREASURY.MASTER','revenueitem','view','View'),('TREASURY-MASTER-viewsreaccount','TREASURY.MASTER','sreaccount','view','View'),('TREASURY-REPORT-collectionbyfund-viewreport','TREASURY.REPORT','collectionbyfund','viewreport','View Report'),('TREASURY-REPORT-directtocash-viewreport','TREASURY.REPORT','directtocash','viewreport','View Report'),('TREASURY-REPORT-srs-viewreport','TREASURY.REPORT','srs','viewreport','View Report'),('TREASURY-REPORT-statementofrevenue-viewreport','TREASURY.REPORT','statementofrevenue','viewreport','View Report'),('TREASURY-SHARED-bankdeposit-view','TREASURY.SHARED','bankdeposit','view','View List'),('TREASURY-SHARED-liquidation-view','TREASURY.SHARED','liquidation','view','View List'),('TREASURY-SHARED-remittance-view','TREASURY.SHARED','remittance','view','View List'),('TREASURY-SUBCOLLECTOR-receipt-void','TREASURY.SUBCOLLECTOR','receipt','void','Void Receipt'),('TREASURY.ADMIN.checkpayment_dishonored.view','TREASURY.ADMIN','checkpayment_dishonored','view','View Dishonored Checks'),('TREASURY.CASHIER.checkpayment_dishonored.view','TREASURY.CASHIER','checkpayment_dishonored','view','View Dishonored Checks'),('TREASURY.COLLECTOR.cashreceipt.convertCashToCheck','TREASURY.COLLECTOR','cashreceipt','convertCashToCheck','Convert Cash To Check'),('TREASURY.COLLECTOR.cashreceipt.convertCheckToCash','TREASURY.COLLECTOR','cashreceipt','convertCheckToCash','Convert Check To Cash'),('TREASURY.SHARED.checkpayment_dishonored.view','TREASURY.SHARED','checkpayment_dishonored','view','View Dishonored Checks'),('TREASURY.SUBCOLLECTOR.cashreceipt.convertCashToCheck','TREASURY.SUBCOLLECTOR','cashreceipt','convertCashToCheck','Convert Cash To Check'),('TREASURY.SUBCOLLECTOR.cashreceipt.convertCheckToCash','TREASURY.SUBCOLLECTOR','cashreceipt','convertCheckToCash','Convert Check To Cash'),('UGP-3219ec222220f68d1f69d4d1d76021e0','TREASURY.LIQ_OFFICER_ADMIN','collectionvoucher','modifyCashBreakdown','Modify Cash Breakdown'),('UGP-4e508bdd04888894926f677bbc0be374','TREASURY.LIQ_OFFICER_ADMIN','collectionvoucher','rebuildFund','Rebuild Fund Summary'),('UGP-cf543fabc2aca483c6e5d3d48c39c4cc','TREASURY.LIQ_OFFICER_ADMIN','incomesummary','rebuild','Rebuild Income Summary'),('UGP-d2bb69a6769517e0c8e672fec41f5fd7','TREASURY.LIQ_OFFICER_ADMIN','collectionvoucher','changeLiqOfficer','Change Liquidating Officer'),('USRGRPPERMS-4bed8ed4:1679ca684b3:-7510','TREASURY.APPROVER','cashreceipt','approve_void','Void Cash Receipt'),('USRGRPPERMS-4bed8ed4:1679ca684b3:-759f','TREASURY.APPROVER','cashreceipt','approve_reprint','Reprint Cash Receipt');
/*!40000 ALTER TABLE `sys_usergroup_permission` ENABLE KEYS */;
UNLOCK TABLES;

--
-- Table structure for table `sys_var`
--

DROP TABLE IF EXISTS `sys_var`;
/*!40101 SET @saved_cs_client     = @@character_set_client */;
/*!40101 SET character_set_client = utf8 */;
CREATE TABLE `sys_var` (
  `name` varchar(50) NOT NULL,
  `value` longtext,
  `description` varchar(255) DEFAULT NULL,
  `datatype` varchar(15) DEFAULT NULL,
  `category` varchar(50) DEFAULT NULL,
  PRIMARY KEY (`name`)
) ENGINE=InnoDB DEFAULT CHARSET=utf8;
/*!40101 SET character_set_client = @saved_cs_client */;

--
-- Dumping data for table `sys_var`
--

LOCK TABLES `sys_var` WRITE;
/*!40000 ALTER TABLE `sys_var` DISABLE KEYS */;
INSERT INTO `sys_var` VALUES ('allow_consolidation_with_balance','false',NULL,'checkbox','ASSESSOR'),('allow_faas_transaction_with_balance','0',NULL,'checkbox','ASSESSOR'),('allow_general_collection_discount','0',NULL,'boolean','TC'),('allow_subdivision_with_balance','false',NULL,'checkbox','ASSESSOR'),('assesser_new_sync_lgus',NULL,'List of LGUs using new sync facility',NULL,'ASSESSOR'),('bldg_rpu_auto_depreciate','1','Auto Depreciate Bldg',NULL,'ASSESSOR'),('CASHBOOK_CERTIFIED_BY_NAME',NULL,'Cashbook Report Certified By Name','text','REPORT'),('CASHBOOK_CERTIFIED_BY_TITLE',NULL,'Cashbook Report Certified By Title','text','REPORT'),('cashbook_report_allow_multiple_fund_selection','0','Cashbook Report: Allow Multiple Fund Selection','checkbox','TC'),('cashreceipt_reprint_requires_approval','false','CashReceipt Reprinting Requires Approval','checkbox','TC'),('cashreceipt_void_requires_approval','true','CashReceipt Void Requires Approval','checkbox','TC'),('collecting_agency','MTO',NULL,NULL,NULL),('ctc_brgyshare','0.50','CTC Barangay Share',NULL,'CTC'),('current_ry','2014',NULL,'integer','ASSESSOR'),('deposit_collection_by_bank_account','0','Deposit collection by bank account instead of by fund','checkbox','TC'),('deposit_print_date','0',NULL,NULL,'TC'),('digital_signature_active','1','Flag indicating digital signature device is available',NULL,'SYSTEM'),('faas_affected_rpu_txntype_dp','0','Set affected improvements FAAS txntype to DP e.g. SD and CS','checkbox','ASSESSOR'),('faas_datacapture_allow_edit_av','0',NULL,'checkbox','ASSESSOR'),('faas_formalize_owner_name','0','Formalize Owner Name upon lookup','checkbox','ASSESSOR'),('faas_land_auto_agricultural_adjustment','0','Land RPU Auto Adjustment','checkbox','ASSESSOR'),('faas_transaction_process_as_capture','0','Allow processing of online transaction as data capture','checkbox','ASSESSOR'),('fileserver_download_task_active','0','Activate / Deactivate download task','boolean','SYSTEM'),('fileserver_upload_task_active','0','Activate / Deactivate upload task','boolean','SYSTEM'),('gr_renumber_pin','0',NULL,'checkbox','ASSESSOR'),('gr_td_autonumber','true',NULL,'checkbox','ASSESSOR'),('invalid_login_access_date_interval','1m','number of hours/days access date is moved when failed_login_max_retries is reached( d=days, h=hours)',NULL,NULL),('invalid_login_action','1','0 - suspend 1-move access to a later date',NULL,NULL),('invalid_login_max_retries','5','No. of times a user can retry login before disabling account',NULL,NULL),('landtax_certifiedby','-',NULL,'text','LANDTAX'),('landtax_certifiedby_title','-',NULL,'text','LANDTAX'),('lgu_name','MUNICIPALITY OF TALIBON',NULL,'text','ASSESSOR'),('lgu_objid','42',NULL,'text','ASSESSOR'),('lgu_region','REGION VII',NULL,NULL,NULL),('lgu_type','municipality','Type of LGU. Valid values are city, municipality and province','text','ASSESSOR'),('liquidate_remittance_as_of_date','1','Liquidate Remittances as of Date','checkbox','TC'),('liquidation_report_show_accountable_forms','0','Show Accoutable Forms in RCD Liquidation Report ',NULL,'TC'),('pin_autonumber','0',NULL,'checkbox','ASSESSOR'),('pin_type','new','PIN Formatting Type valid values: old or new','text','ASSESSOR'),('pwd_change_cycle','1','No. of times the user cannot use a repeating password',NULL,'SYSTEM'),('pwd_change_date_interval','365M','No. of days/months before a user is required to change their password (d=days, M=months)',NULL,'SYSTEM'),('pwd_change_login_count','0','No. of times a user has successfully logged in before changing their password. (0=no limit) ',NULL,'SYSTEM'),('receipt_item_printout_count','10',NULL,NULL,'SYSTEM'),('rptbilling_assessed_value_fact_years','2002,2013',NULL,NULL,'LANDTAX'),('rptledger_post_ledgerfaas_by_actualuse','0','Post by Ledger FAAS by actual use','checkbox','LANDTAX'),('rptledger_rule_include_ledger_faases','0','Include Ledger FAASes as rule facts','checkbox','LANDTAX'),('rpt_compromise_downpayment_rate','0.00','Compromise Agreement required downpayment rate.','decimal','LANDTAX'),('rpt_round_to_ten_item_assessed_value','0',NULL,'checkbox','ASSESSOR'),('sanggunian_name','SANGGUNIANG BAYAN','sanggunian name','text','ASSESSOR'),('sa_pwd','ba4d084b31b41fbe55302c0429d93c81',NULL,NULL,NULL),('secretary_name',NULL,NULL,NULL,NULL),('secretary_title',NULL,NULL,NULL,NULL),('server_timezone','Asia/Shanghai','this must be matched with default timezone of server',NULL,NULL),('session_timeout_interval','1d ','expiry dates of inactive session (d=days, h=hours)',NULL,'SYSTEM'),('subdivision_allow_equal_area_only','false','Allow Subdivision with equal area only ','checkbox','ASSESSOR'),('system_pwd','!1234#','system password',NULL,'SYSTEM'),('td_autonumber','true',NULL,'checkbox','ASSESSOR'),('td_autonumber_sequence_count','5',NULL,'integer','ASSESSOR'),('td_format','YYYY-M-B','Tax Declaration No. format. Options: Y- revision year, M-municipality index, C - city index, D-district index, B=-barangay index','text','ASSESSOR'),('td_report_display_appraisedby','0',NULL,'checkbox','ASSESSOR'),('td_report_display_recommendedby','0','Display Recommended by ',NULL,'ASSESSOR'),('td_report_item_format','CUSTOM','Valid Values: BLGF or MODIFIED','text','ASSESSOR'),('td_show_landinfo_on_improvements','1','Show the land information such as boundary etc in the improvement tax declaration. Options: 1 - show; 0 - hide','checkbox','ASSESSOR'),('treasury_remote_orgs','',NULL,'text','TC'),('url_logo_assessor','http://localhost/downloads/images/assessor.png','ASSESSOR URL LOG',NULL,'ASSESSOR'),('url_logo_lgu','http://localhost/downloads/images/lgu.png','logo path',NULL,'LGU'),('url_logo_treasury','http://localhost/downloads/images/treasury.png','TREASURY LOGO',NULL,'TREASURY');
/*!40000 ALTER TABLE `sys_var` ENABLE KEYS */;
UNLOCK TABLES;

--
-- Table structure for table `sys_wf`
--

DROP TABLE IF EXISTS `sys_wf`;
/*!40101 SET @saved_cs_client     = @@character_set_client */;
/*!40101 SET character_set_client = utf8 */;
CREATE TABLE `sys_wf` (
  `name` varchar(50) NOT NULL,
  `title` varchar(100) DEFAULT NULL,
  `domain` varchar(50) DEFAULT NULL,
  PRIMARY KEY (`name`)
) ENGINE=InnoDB DEFAULT CHARSET=utf8;
/*!40101 SET character_set_client = @saved_cs_client */;

--
-- Dumping data for table `sys_wf`
--

LOCK TABLES `sys_wf` WRITE;
/*!40000 ALTER TABLE `sys_wf` DISABLE KEYS */;
INSERT INTO `sys_wf` VALUES ('business_application','Business Application Workflow',NULL),('consolidation','Consolidation Transaction Workflow',NULL),('faas','FAAS Transaction Workflow',NULL),('subdivision','Subdivision Transaction Workflow',NULL);
/*!40000 ALTER TABLE `sys_wf` ENABLE KEYS */;
UNLOCK TABLES;

--
-- Table structure for table `sys_wf_assignee`
--

DROP TABLE IF EXISTS `sys_wf_assignee`;
/*!40101 SET @saved_cs_client     = @@character_set_client */;
/*!40101 SET character_set_client = utf8 */;
CREATE TABLE `sys_wf_assignee` (
  `objid` varchar(50) NOT NULL,
  `processname` varchar(50) DEFAULT NULL,
  `state` varchar(50) DEFAULT NULL,
  `domain` varchar(50) DEFAULT NULL,
  `role` varchar(50) DEFAULT NULL,
  `user_objid` varchar(50) DEFAULT NULL,
  `expr` varchar(255) DEFAULT NULL,
  PRIMARY KEY (`objid`)
) ENGINE=InnoDB DEFAULT CHARSET=utf8 ROW_FORMAT=COMPACT;
/*!40101 SET character_set_client = @saved_cs_client */;

--
-- Dumping data for table `sys_wf_assignee`
--

LOCK TABLES `sys_wf_assignee` WRITE;
/*!40000 ALTER TABLE `sys_wf_assignee` DISABLE KEYS */;
/*!40000 ALTER TABLE `sys_wf_assignee` ENABLE KEYS */;
UNLOCK TABLES;

--
-- Table structure for table `sys_wf_node`
--

DROP TABLE IF EXISTS `sys_wf_node`;
/*!40101 SET @saved_cs_client     = @@character_set_client */;
/*!40101 SET character_set_client = utf8 */;
CREATE TABLE `sys_wf_node` (
  `name` varchar(50) NOT NULL,
  `processname` varchar(50) NOT NULL DEFAULT '',
  `title` varchar(100) DEFAULT NULL,
  `nodetype` varchar(10) DEFAULT NULL,
  `idx` int(11) DEFAULT NULL,
  `salience` int(11) DEFAULT NULL,
  `domain` varchar(50) DEFAULT NULL,
  `role` varchar(255) DEFAULT NULL,
  `properties` text,
  `ui` text,
  `tracktime` int(11) DEFAULT NULL,
  PRIMARY KEY (`name`,`processname`)
) ENGINE=InnoDB DEFAULT CHARSET=utf8;
/*!40101 SET character_set_client = @saved_cs_client */;

--
-- Dumping data for table `sys_wf_node`
--

LOCK TABLES `sys_wf_node` WRITE;
/*!40000 ALTER TABLE `sys_wf_node` DISABLE KEYS */;
INSERT INTO `sys_wf_node` VALUES ('appraiser','batchgr','Appraisal','state',45,NULL,'RPT','APPRAISER',NULL,NULL,NULL),('appraiser','cancelledfaas','Appraisal','state',45,NULL,'RPT','APPRAISER',NULL,NULL,NULL),('appraiser','consolidation','Appraisal','state',45,NULL,'RPT','APPRAISER',NULL,NULL,NULL),('appraiser','faas','Appraisal','state',45,NULL,'RPT','APPRAISER',NULL,NULL,NULL),('appraiser','resection','Appraisal','state',45,NULL,'RPT','APPRAISER',NULL,NULL,NULL),('appraiser','subdivision','Appraisal','state',45,NULL,'RPT','APPRAISER',NULL,NULL,NULL),('appraiser_chief','batchgr','Appraisal Approval','state',55,NULL,'RPT','APPRAISAL_CHIEF',NULL,NULL,NULL),('appraiser_chief','cancelledfaas','Appraisal Chief Approval','state',55,NULL,'RPT','APPRAISAL_CHIEF',NULL,NULL,NULL),('appraiser_chief','consolidation','Appraisal Approval','state',55,NULL,'RPT','APPRAISAL_CHIEF',NULL,NULL,NULL),('appraiser_chief','faas','Appraisal Chief Approval','state',55,NULL,'RPT','APPRAISAL_CHIEF',NULL,NULL,NULL),('appraiser_chief','resection','Appraisal Approval','state',55,NULL,'RPT','APPRAISAL_CHIEF',NULL,NULL,NULL),('appraiser_chief','subdivision','Appraisal Approval','state',55,NULL,'RPT','APPRAISAL_CHIEF',NULL,NULL,NULL),('approval','business_application','Approval','state',6,0,'BPLS','APPROVER',NULL,NULL,NULL),('approver','batchgr','Province Approval','state',90,NULL,'RPT','RECOMMENDER,ASSESSOR',NULL,NULL,NULL),('approver','cancelledfaas','Assessor Approval','state',85,NULL,'RPT','APPROVER,ASSESSOR',NULL,NULL,NULL),('approver','consolidation','Province Approval','state',90,NULL,'RPT','RECOMMENDER,ASSESSOR',NULL,NULL,NULL),('approver','faas','Assessor Approval','state',85,NULL,'RPT','APPROVER,ASSESSOR',NULL,NULL,NULL),('approver','resection','Province Approval','state',90,NULL,'RPT','RECOMMENDER,ASSESSOR',NULL,NULL,NULL),('approver','rptcertification','For Approval','state',4,NULL,'RPT','CERTIFICATION_APPROVER','[:]','[fillColor:\"#c0c0c0\",size:[118,42],pos:[604,141],type:\"state\"]',1),('approver','subdivision','Province Approval','state',90,NULL,'RPT','RECOMMENDER,ASSESSOR',NULL,NULL,NULL),('assessment','business_application','Assessment','state',4,100,'BPLS','ASSESSOR',NULL,NULL,NULL),('assign-appraisal-chief','batchgr','For Appraisal Approval','state',50,NULL,'RPT','APPRAISAL_CHIEF',NULL,NULL,NULL),('assign-appraisal-chief','cancelledfaas','For Appraisal Chief Approval','state',50,NULL,'RPT','APPRAISAL_CHIEF',NULL,NULL,NULL),('assign-appraisal-chief','consolidation','For Appraisal Approval','state',50,NULL,'RPT','APPRAISAL_CHIEF',NULL,NULL,NULL),('assign-appraisal-chief','faas','For Appraisal Chief Approval','state',50,NULL,'RPT','APPRAISAL_CHIEF',NULL,NULL,NULL),('assign-appraisal-chief','resection','For Appraisal Approval','state',50,NULL,'RPT','APPRAISAL_CHIEF',NULL,NULL,NULL),('assign-appraisal-chief','subdivision','For Appraisal Approval','state',50,NULL,'RPT','APPRAISAL_CHIEF',NULL,NULL,NULL),('assign-appraiser','batchgr','For Appraisal','state',40,NULL,'RPT','APPRAISER',NULL,NULL,NULL),('assign-appraiser','cancelledfaas','For Appraisal','state',40,NULL,'RPT','APPRAISER',NULL,NULL,NULL),('assign-appraiser','consolidation','For Appraisal','state',40,NULL,'RPT','APPRAISER',NULL,NULL,NULL),('assign-appraiser','faas','For Appraisal','state',40,NULL,'RPT','APPRAISER',NULL,NULL,NULL),('assign-appraiser','resection','For Appraisal','state',40,NULL,'RPT','APPRAISER',NULL,NULL,NULL),('assign-appraiser','subdivision','For Appraisal','state',40,NULL,'RPT','APPRAISER',NULL,NULL,NULL),('assign-approver','cancelledfaas','For Assessor Approval','state',80,NULL,'RPT','APPROVER,ASSESSOR',NULL,NULL,NULL),('assign-approver','faas','For Assessor Approval','state',80,NULL,'RPT','APPROVER,ASSESSOR',NULL,NULL,NULL),('assign-assessor','business_application','Assign Assessor','state',2,0,'BPLS','ASSESSOR',NULL,NULL,NULL),('assign-examiner','batchgr','For Examination','state',10,NULL,'RPT','EXAMINER',NULL,NULL,NULL),('assign-examiner','cancelledfaas','For Examination','state',10,NULL,'RPT','EXAMINER',NULL,NULL,NULL),('assign-examiner','consolidation','For Examination','state',10,NULL,'RPT','EXAMINER',NULL,NULL,NULL),('assign-examiner','faas','For Examination','state',10,NULL,'RPT','EXAMINER',NULL,NULL,NULL),('assign-examiner','resection','For Examination','state',10,NULL,'RPT','EXAMINER',NULL,NULL,NULL),('assign-examiner','subdivision','For Examination','state',10,NULL,'RPT','EXAMINER',NULL,NULL,NULL),('assign-provappraiser','cancelledfaas','For Appraisal','state',210,0,'RPT','APPRAISER',NULL,NULL,NULL),('assign-provappraiser','faas','For Province Appraisal','state',41,NULL,'RPT','APPRAISER',NULL,NULL,NULL),('assign-provappraiserchief','cancelledfaas','For Appraisal Chief Approval','state',201,0,'RPT','APPRAISAL_CHIEF',NULL,NULL,NULL),('assign-provapprover','cancelledfaas','For Provincial Assessor Approval','state',220,0,'RPT','APPROVER',NULL,NULL,NULL),('assign-provrecommender','cancelledfaas','For Recommending Approval','state',71,NULL,'RPT','RECOMMENDER',NULL,NULL,NULL),('assign-provtaxmapper','cancelledfaas','For Taxmapping','state',200,0,'RPT','TAXMAPPER',NULL,NULL,NULL),('assign-provtaxmapper','faas','For Province Taxmapping','state',21,NULL,'RPT','TAXMAPPER',NULL,NULL,NULL),('assign-provtaxmapperchief','cancelledfaas','For Taxmapping Approval','state',25,0,'RPT','TAXMAPPER_CHIEF',NULL,NULL,NULL),('assign-receiver','cancelledfaas','Assign Receiver','state',2,0,'RPT','RECEIVER',NULL,NULL,NULL),('assign-recommender','batchgr','For Recommending Approval','state',70,NULL,'RPT','RECOMMENDER,ASSESSOR',NULL,NULL,NULL),('assign-recommender','cancelledfaas','For Recommending Approval','state',70,NULL,'RPT','RECOMMENDER',NULL,NULL,NULL),('assign-recommender','consolidation','For Recommending Approval','state',70,NULL,'RPT','RECOMMENDER,ASSESSOR',NULL,NULL,NULL),('assign-recommender','faas','For Recommending Approval','state',70,NULL,'RPT','RECOMMENDER',NULL,NULL,NULL),('assign-recommender','resection','For Recommending Approval','state',70,NULL,'RPT','RECOMMENDER,ASSESSOR',NULL,NULL,NULL),('assign-recommender','subdivision','For Recommending Approval','state',70,NULL,'RPT','RECOMMENDER,ASSESSOR',NULL,NULL,NULL),('assign-releaser','rptcertification','Releasing','state',6,NULL,'RPT','CERTIFICATION_RELEASER','[:]','[fillColor:\"#c0c0c0\",size:[118,42],pos:[604,141],type:\"state\"]',1),('assign-taxmapper','batchgr','For Taxmapping','state',20,NULL,'RPT','TAXMAPPER',NULL,NULL,NULL),('assign-taxmapper','cancelledfaas','For Taxmapping','state',20,NULL,'RPT','TAXMAPPER',NULL,NULL,NULL),('assign-taxmapper','consolidation','For Taxmapping','state',20,NULL,'RPT','TAXMAPPER',NULL,NULL,NULL),('assign-taxmapper','faas','For Taxmapping','state',20,NULL,'RPT','TAXMAPPER',NULL,NULL,NULL),('assign-taxmapper','resection','For Taxmapping','state',20,NULL,'RPT','TAXMAPPER',NULL,NULL,NULL),('assign-taxmapper','subdivision','For Taxmapping','state',20,NULL,'RPT','TAXMAPPER',NULL,NULL,NULL),('assign-taxmapping-approval','batchgr','For Taxmapping Approval','state',30,NULL,'RPT','TAXMAPPER_CHIEF',NULL,NULL,NULL),('assign-taxmapping-approval','cancelledfaas','For Taxmapper Chief Approval','state',30,NULL,'RPT','TAXMAPPER_CHIEF',NULL,NULL,NULL),('assign-taxmapping-approval','consolidation','For Taxmapping Approval','state',30,NULL,'RPT','TAXMAPPER_CHIEF',NULL,NULL,NULL),('assign-taxmapping-approval','faas','For Taxmapper Chief Approval','state',30,NULL,'RPT','TAXMAPPER_CHIEF',NULL,NULL,NULL),('assign-taxmapping-approval','resection','For Taxmapping Approval','state',30,NULL,'RPT','TAXMAPPER_CHIEF',NULL,NULL,NULL),('assign-taxmapping-approval','subdivision','For Taxmapping Approval','state',30,NULL,'RPT','TAXMAPPER_CHIEF',NULL,NULL,NULL),('end','batchgr','End','end',1000,NULL,'RPT',NULL,NULL,NULL,NULL),('end','business_application','end','end',10,0,'BPLS',NULL,NULL,NULL,NULL),('end','cancelledfaas','End','end',1000,NULL,'RPT',NULL,NULL,NULL,NULL),('end','consolidation','End','end',1000,NULL,'RPT',NULL,NULL,NULL,NULL),('end','faas','End','end',1000,NULL,'RPT',NULL,NULL,NULL,NULL),('end','resection','End','end',1000,NULL,'RPT',NULL,NULL,NULL,NULL),('end','subdivision','End','end',1000,NULL,'RPT',NULL,NULL,NULL,NULL),('examiner','batchgr','Examination','state',15,NULL,'RPT','EXAMINER',NULL,NULL,NULL),('examiner','cancelledfaas','Examination','state',15,NULL,'RPT','EXAMINER',NULL,NULL,NULL),('examiner','consolidation','Examination','state',15,NULL,'RPT','EXAMINER',NULL,NULL,NULL),('examiner','faas','Examination','state',15,NULL,'RPT','EXAMINER',NULL,NULL,NULL),('examiner','resection','Examination','state',15,NULL,'RPT','EXAMINER',NULL,NULL,NULL),('examiner','subdivision','Examination','state',15,NULL,'RPT','EXAMINER',NULL,NULL,NULL),('forapproval','batchgr','For Province Approval','state',85,NULL,'RPT','RECOMMENDER,ASSESSOR',NULL,NULL,NULL),('forapproval','consolidation','For Province Approval','state',85,NULL,'RPT','RECOMMENDER,ASSESSOR',NULL,NULL,NULL),('forapproval','resection','For Province Approval','state',85,NULL,'RPT','RECOMMENDER,ASSESSOR',NULL,NULL,NULL),('forapproval','subdivision','For Province Approval','state',85,NULL,'RPT','RECOMMENDER,ASSESSOR',NULL,NULL,NULL),('forprovapproval','batchgr','For Province Approval','state',81,NULL,'RPT','RECOMMENDER,ASSESSOR',NULL,NULL,NULL),('forprovapproval','consolidation','For Province Approval','state',81,NULL,'RPT','RECOMMENDER,ASSESSOR',NULL,NULL,NULL),('forprovapproval','resection','For Province Approval','state',81,NULL,'RPT','RECOMMENDER,ASSESSOR',NULL,NULL,NULL),('forprovapproval','subdivision','For Province Approval','state',81,NULL,'RPT','RECOMMENDER,ASSESSOR',NULL,NULL,NULL),('forprovsubmission','batchgr','For Province Submission','state',80,NULL,'RPT','RECOMMENDER,ASSESSOR',NULL,NULL,NULL),('forprovsubmission','consolidation','For Province Submission','state',80,NULL,'RPT','RECOMMENDER,ASSESSOR',NULL,NULL,NULL),('forprovsubmission','resection','For Province Submission','state',80,NULL,'RPT','RECOMMENDER,ASSESSOR',NULL,NULL,NULL),('forprovsubmission','subdivision','For Province Submission','state',80,NULL,'RPT','RECOMMENDER,ASSESSOR',NULL,NULL,NULL),('payment','business_application','For Payment','state',8,0,'BPLS','APPROVER',NULL,NULL,NULL),('provappraiser','cancelledfaas','Appraisal','state',215,0,'RPT','APPRAISER',NULL,NULL,NULL),('provappraiser','faas','Province Appraiser','state',46,NULL,'RPT','APPRAISER',NULL,NULL,NULL),('provappraiserchief','cancelledfaas','Appraisal Chief Approval','state',55,NULL,'RPT','APPRAISAL_CHIEF',NULL,NULL,NULL),('provapprover','batchgr','Approved By Province','state',96,NULL,'RPT','APPROVER','','',NULL),('provapprover','cancelledfaas','Provincial Assessor Approval','state',230,NULL,'RPT','APPROVER,ASSESSOR',NULL,NULL,NULL),('provapprover','consolidation','Approved By Province','state',96,NULL,'RPT','APPROVER','','',NULL),('provapprover','faas','Province Approval','state',90,NULL,'RPT','APPROVER,ASSESSOR',NULL,NULL,NULL),('provapprover','resection','Approved By Province','state',96,NULL,'RPT','APPROVER','','',NULL),('provapprover','subdivision','Approved By Province','state',96,NULL,'RPT','APPROVER','','',NULL),('provrecommender','cancelledfaas','Recommending Approval','state',76,NULL,'RPT','RECOMMENDER',NULL,NULL,NULL),('provtaxmapper','cancelledfaas','Taxmapping','state',205,0,'RPT','TAXMAPPER',NULL,NULL,NULL),('provtaxmapper','faas','Province Taxmapping','state',26,NULL,'RPT','TAXMAPPER',NULL,NULL,NULL),('provtaxmapperchief','cancelledfaas','Taxmapping Chief Approval','state',35,NULL,'RPT','TAXMAPPER_CHIEF',NULL,NULL,NULL),('reassessment','business_application','Reassessment','state',7,0,'BPLS','ASSESSOR',NULL,NULL,NULL),('receiver','batchgr','Review and Verification','state',5,NULL,'RPT','RECEIVER',NULL,NULL,NULL),('receiver','cancelledfaas','Review and Verification','state',5,NULL,'RPT','RECEIVER',NULL,NULL,NULL),('receiver','consolidation','Review and Verification','state',5,NULL,'RPT','RECEIVER',NULL,NULL,NULL),('receiver','faas','Review and Verification','state',5,NULL,'RPT','RECEIVER',NULL,NULL,NULL),('receiver','resection','Review and Verification','state',5,NULL,'RPT','RECEIVER',NULL,NULL,NULL),('receiver','rptcertification','Received','state',2,NULL,'RPT','CERTIFICATION_ISSUER','[:]','[fillColor:\"#c0c0c0\",size:[114,40],pos:[206,127],type:\"state\"]',1),('receiver','subdivision','Review and Verification','state',5,NULL,'RPT','RECEIVER',NULL,NULL,NULL),('recommender','batchgr','Recommending Approval','state',75,NULL,'RPT','RECOMMENDER,ASSESSOR',NULL,NULL,NULL),('recommender','cancelledfaas','Recommending Approval','state',75,NULL,'RPT','RECOMMENDER',NULL,NULL,NULL),('recommender','consolidation','Recommending Approval','state',75,NULL,'RPT','RECOMMENDER,ASSESSOR',NULL,NULL,NULL),('recommender','faas','Recommending Approval','state',75,NULL,'RPT','RECOMMENDER',NULL,NULL,NULL),('recommender','resection','Recommending Approval','state',75,NULL,'RPT','RECOMMENDER,ASSESSOR',NULL,NULL,NULL),('recommender','subdivision','Recommending Approval','state',75,NULL,'RPT','RECOMMENDER,ASSESSOR',NULL,NULL,NULL),('release','business_application','For Release','state',9,0,'BPLS','LICENSING',NULL,NULL,NULL),('released','rptcertification','Released','end',8,NULL,'RPT','CERTIFICATION_RELEASER','[:]','[fillColor:\"#ff0000\",size:[32,32],pos:[797,148],type:\"end\"]',1),('releaser','rptcertification','For Release','state',7,NULL,'RPT','CERTIFICATION_RELEASER','[:]','[fillColor:\"#c0c0c0\",size:[118,42],pos:[604,141],type:\"state\"]',1),('start','batchgr','Start','start',1,NULL,'RPT',NULL,NULL,NULL,NULL),('start','business_application','Start','start',0,0,'BPLS',NULL,NULL,NULL,NULL),('start','cancelledfaas','Start','start',1,NULL,'RPT',NULL,NULL,NULL,NULL),('start','consolidation','Start','start',1,NULL,'RPT',NULL,NULL,NULL,NULL),('start','faas','Start','start',1,NULL,'RPT',NULL,NULL,NULL,NULL),('start','resection','Start','start',1,NULL,'RPT',NULL,NULL,NULL,NULL),('start','rptcertification','Start','start',1,NULL,NULL,NULL,'[:]','[fillColor:\"#00ff00\",size:[32,32],pos:[102,127],type:\"start\"]',NULL),('start','subdivision','Start','start',1,NULL,'RPT',NULL,NULL,NULL,NULL),('taxmapper','batchgr','Taxmapping','state',25,NULL,'RPT','TAXMAPPER',NULL,NULL,NULL),('taxmapper','cancelledfaas','Taxmapping','state',25,NULL,'RPT','TAXMAPPER',NULL,NULL,NULL),('taxmapper','consolidation','Taxmapping','state',25,NULL,'RPT','TAXMAPPER',NULL,NULL,NULL),('taxmapper','faas','Taxmapping','state',25,NULL,'RPT','TAXMAPPER',NULL,NULL,NULL),('taxmapper','resection','Taxmapping','state',25,NULL,'RPT','TAXMAPPER',NULL,NULL,NULL),('taxmapper','subdivision','Taxmapping','state',25,NULL,'RPT','TAXMAPPER',NULL,NULL,NULL),('taxmapper_chief','batchgr','Taxmapping Approval','state',35,NULL,'RPT','TAXMAPPER_CHIEF',NULL,NULL,NULL),('taxmapper_chief','cancelledfaas','Taxmapping Approval','state',35,NULL,'RPT','TAXMAPPER_CHIEF',NULL,NULL,NULL),('taxmapper_chief','consolidation','Taxmapping Approval','state',35,NULL,'RPT','TAXMAPPER_CHIEF',NULL,NULL,NULL),('taxmapper_chief','faas','Taxmapping Approval','state',35,NULL,'RPT','TAXMAPPER_CHIEF',NULL,NULL,NULL),('taxmapper_chief','resection','Taxmapping Approval','state',35,NULL,'RPT','TAXMAPPER_CHIEF',NULL,NULL,NULL),('taxmapper_chief','subdivision','Taxmapping Approval','state',35,NULL,'RPT','TAXMAPPER_CHIEF',NULL,NULL,NULL),('verifier','rptcertification','For Verification','state',3,NULL,'RPT','CERTIFICATION_VERIFIER','[:]','[fillColor:\"#c0c0c0\",size:[129,44],pos:[412,127],type:\"state\"]',1);
/*!40000 ALTER TABLE `sys_wf_node` ENABLE KEYS */;
UNLOCK TABLES;

--
-- Table structure for table `sys_wf_subtask`
--

DROP TABLE IF EXISTS `sys_wf_subtask`;
/*!40101 SET @saved_cs_client     = @@character_set_client */;
/*!40101 SET character_set_client = utf8 */;
CREATE TABLE `sys_wf_subtask` (
  `objid` varchar(50) NOT NULL DEFAULT '',
  `taskid` varchar(50) DEFAULT NULL,
  `requester_objid` varchar(50) DEFAULT NULL,
  `requester_name` varchar(100) DEFAULT NULL,
  `requestdate` datetime DEFAULT NULL,
  `startdate` datetime DEFAULT NULL,
  `enddate` datetime DEFAULT NULL,
  `assignee_objid` varchar(50) DEFAULT NULL,
  `assignee_name` varchar(100) DEFAULT NULL,
  `actor_objid` varchar(50) DEFAULT NULL,
  `actor_name` varchar(100) DEFAULT NULL,
  `remarks` varchar(255) DEFAULT NULL,
  `message` varchar(255) DEFAULT NULL,
  `action` varchar(50) DEFAULT NULL,
  PRIMARY KEY (`objid`),
  KEY `FK_sys_wf_subtask_sys_wf_task` (`taskid`),
  CONSTRAINT `FK_sys_wf_subtask_sys_wf_task` FOREIGN KEY (`taskid`) REFERENCES `sys_wf_task` (`objid`)
) ENGINE=InnoDB DEFAULT CHARSET=utf8;
/*!40101 SET character_set_client = @saved_cs_client */;

--
-- Dumping data for table `sys_wf_subtask`
--

LOCK TABLES `sys_wf_subtask` WRITE;
/*!40000 ALTER TABLE `sys_wf_subtask` DISABLE KEYS */;
/*!40000 ALTER TABLE `sys_wf_subtask` ENABLE KEYS */;
UNLOCK TABLES;

--
-- Table structure for table `sys_wf_task`
--

DROP TABLE IF EXISTS `sys_wf_task`;
/*!40101 SET @saved_cs_client     = @@character_set_client */;
/*!40101 SET character_set_client = utf8 */;
CREATE TABLE `sys_wf_task` (
  `objid` varchar(50) NOT NULL DEFAULT '',
  `refid` varchar(50) DEFAULT NULL,
  `parentprocessid` varchar(50) DEFAULT NULL,
  `state` varchar(50) DEFAULT NULL,
  `startdate` datetime DEFAULT NULL,
  `enddate` datetime DEFAULT NULL,
  `assignee_objid` varchar(50) DEFAULT NULL,
  `assignee_name` varchar(100) DEFAULT NULL,
  `actor_objid` varchar(50) DEFAULT NULL,
  `actor_name` varchar(100) DEFAULT NULL,
  `message` varchar(255) DEFAULT NULL,
  PRIMARY KEY (`objid`)
) ENGINE=InnoDB DEFAULT CHARSET=utf8;
/*!40101 SET character_set_client = @saved_cs_client */;

--
-- Dumping data for table `sys_wf_task`
--

LOCK TABLES `sys_wf_task` WRITE;
/*!40000 ALTER TABLE `sys_wf_task` DISABLE KEYS */;
/*!40000 ALTER TABLE `sys_wf_task` ENABLE KEYS */;
UNLOCK TABLES;

--
-- Table structure for table `sys_wf_transition`
--

DROP TABLE IF EXISTS `sys_wf_transition`;
/*!40101 SET @saved_cs_client     = @@character_set_client */;
/*!40101 SET character_set_client = utf8 */;
CREATE TABLE `sys_wf_transition` (
  `parentid` varchar(50) NOT NULL DEFAULT '',
  `processname` varchar(50) NOT NULL DEFAULT '',
  `action` varchar(50) NOT NULL,
  `to` varchar(50) NOT NULL,
  `idx` int(11) DEFAULT NULL,
  `eval` mediumtext,
  `properties` varchar(255) DEFAULT NULL,
  `permission` varchar(255) DEFAULT NULL,
  `ui` text,
  `caption` varchar(255) DEFAULT NULL,
  PRIMARY KEY (`parentid`,`processname`,`to`,`action`),
  CONSTRAINT `FK_sys_wf_transition_wf_node` FOREIGN KEY (`parentid`, `processname`) REFERENCES `sys_wf_node` (`name`, `processname`)
) ENGINE=InnoDB DEFAULT CHARSET=utf8;
/*!40101 SET character_set_client = @saved_cs_client */;

--
-- Dumping data for table `sys_wf_transition`
--

LOCK TABLES `sys_wf_transition` WRITE;
/*!40000 ALTER TABLE `sys_wf_transition` DISABLE KEYS */;
INSERT INTO `sys_wf_transition` VALUES ('appraiser','batchgr','submit','assign-recommender',47,NULL,'[caption:\'Submit for Recommending Approval\', confirm:\'Submit?\', messagehandler:\'rptmessage:info\']',NULL,NULL,NULL),('appraiser','batchgr','returnexaminer','examiner',46,NULL,'[caption:\'Return to Examiner\', confirm:\'Return to examiner?\', messagehandler:\'default\']',NULL,NULL,NULL),('appraiser','batchgr','returntaxmapper','taxmapper',45,NULL,'[caption:\'Return to Taxmapper\', confirm:\'Return to taxmapper?\', messagehandler:\'default\']',NULL,NULL,NULL),('appraiser','consolidation','submit','assign-recommender',47,NULL,'[caption:\'Submit for Recommending Approval\', confirm:\'Submit?\', messagehandler:\'rptmessage:info\']',NULL,NULL,NULL),('appraiser','consolidation','returnexaminer','examiner',46,NULL,'[caption:\'Return to Examiner\', confirm:\'Return to examiner?\', messagehandler:\'default\']',NULL,NULL,NULL),('appraiser','consolidation','returntaxmapper','taxmapper',45,NULL,'[caption:\'Return to Taxmapper\', confirm:\'Return to taxmapper?\', messagehandler:\'default\']',NULL,NULL,NULL),('appraiser','faas','submit','assign-recommender',47,NULL,'[caption:\'Submit for Recommending Approval\', confirm:\'Submit?\', messagehandler:\'rptmessage:sign\']',NULL,NULL,NULL),('appraiser','faas','return_examiner','examiner',45,NULL,'[caption:\'Return to Examiner\',confirm:\'Return to examiner?\', messagehandler:\'default\']',NULL,NULL,NULL),('appraiser','faas','return_taxmapper','taxmapper',46,NULL,'[caption:\'Return to Taxmapper\',confirm:\'Return to taxmapper?\', messagehandler:\'default\']',NULL,NULL,NULL),('appraiser','resection','submit','assign-recommender',47,NULL,'[caption:\'Submit for Recommending Approval\', confirm:\'Submit?\', messagehandler:\'rptmessage:info\']',NULL,NULL,NULL),('appraiser','resection','returnexaminer','examiner',46,NULL,'[caption:\'Return to Examiner\', confirm:\'Return to examiner?\', messagehandler:\'default\']',NULL,NULL,NULL),('appraiser','resection','returntaxmapper','taxmapper',45,NULL,'[caption:\'Return to Taxmapper\', confirm:\'Return to taxmapper?\', messagehandler:\'default\']',NULL,NULL,NULL),('appraiser','subdivision','submit','assign-recommender',47,NULL,'[caption:\'Submit for Recommending Approval\', confirm:\'Submit?\', messagehandler:\'rptmessage:info\']',NULL,NULL,NULL),('appraiser','subdivision','returnexaminer','examiner',46,NULL,'[caption:\'Return to Examiner\', confirm:\'Return to examiner?\', messagehandler:\'default\']',NULL,NULL,NULL),('appraiser','subdivision','returntaxmapper','taxmapper',45,NULL,'[caption:\'Return to Taxmapper\', confirm:\'Return to taxmapper?\', messagehandler:\'default\']',NULL,NULL,NULL),('approval','business_application','submit','payment',0,NULL,'[\r\n  caption:\"Approve For Payment\",\r\n  icon:\"approve\",\r\n  confirm: \'You are about to submit this for payment. Proceed?\', \r\n  depends: \'currentSection\', \r\n  visibleWhen: \'#{(has_loaded_assessment == true && entity.totals.total > 0)}\'\r\n]',NULL,NULL,NULL),('approval','business_application','return-assessment','reassessment',1,NULL,'[\r\n   caption:\"Return to assessment\",\r\n   icon: \"return\",\r\n   messagehandler: \'default\' \r\n]',NULL,NULL,NULL),('approval','business_application','submit','release',0,NULL,'[\r\n  caption:\"Approve For Release\",\r\n  icon:\"approve\",\r\n  confirm: \'You are about to submit this for release. Proceed?\', \r\n  depends: \'currentSection\', \r\n  visibleWhen: \'#{(has_loaded_assessment == true && entity.totals.total == 0)}\'\r\n]',NULL,NULL,NULL),('approver','batchgr','','provapprover',90,'','[caption:\'Manually Approve Revision\', confirm:\'Approve?\', messagehandler:\'rptmessage:approval\']','','',''),('approver','cancelledfaas','approve','end',110,NULL,'[caption:\'Manually Approve\',confirm:\'Manually approve cancellation?\']',NULL,NULL,NULL),('approver','consolidation','','provapprover',90,'','[caption:\'Manually Approve Consolidation\', confirm:\'Approve?\', messagehandler:\'rptmessage:approval\']','','',''),('approver','resection','','provapprover',90,'','[caption:\'Manually Approve Resection\', confirm:\'Approve?\', messagehandler:\'rptmessage:approval\']','','',''),('approver','rptcertification','submit','assign-releaser',16,NULL,'[caption:\'Approve\', confirm:\'Approve?\', messagehandler:\'rptmessage:sign\']',NULL,'[size:[75,0],pos:[722,162],type:\"arrow\",points:[722,162,797,162]]','Approve'),('approver','rptcertification','return_receiver','receiver',15,NULL,'[caption:\'Return to Issuer\', confirm:\'Return to issuer?\', messagehandler:\'default\']',NULL,'[size:[333,113],pos:[285,167],type:\"arrow\",points:[618,183,414,280,285,167]]','Return to Receiver'),('approver','subdivision','','provapprover',90,'','[caption:\'Manually Approve Subdivision\', confirm:\'Approve?\', messagehandler:\'rptmessage:approval\']','','',''),('assessment','business_application','submit','approval',NULL,NULL,'[\r\n   caption: \'Submit for Approval\',\r\n   icon: \'approve\',\r\n   messagehandler: \'default\'   \r\n]',NULL,NULL,NULL),('assign-appraiser','batchgr','','appraiser',40,NULL,'[caption:\'Assign To Me\', confirm:\'Assign task to you?\']',NULL,NULL,NULL),('assign-appraiser','consolidation','','appraiser',40,NULL,'[caption:\'Assign To Me\', confirm:\'Assign task to you?\']',NULL,NULL,NULL),('assign-appraiser','faas','','appraiser',40,NULL,'[caption:\'Assign To Me\', confirm:\'Assign task to you?\']',NULL,NULL,NULL),('assign-appraiser','resection','','appraiser',40,NULL,'[caption:\'Assign To Me\', confirm:\'Assign task to you?\']',NULL,NULL,NULL),('assign-appraiser','subdivision','','appraiser',40,NULL,'[caption:\'Assign To Me\', confirm:\'Assign task to you?\']',NULL,NULL,NULL),('assign-approver','cancelledfaas','','approver',80,NULL,'[caption:\'Assign To Me\', confirm:\'Assign task to you?\']',NULL,NULL,NULL),('assign-assessor','business_application','','assessment',NULL,NULL,'[\r\n   caption:\"Assign To Me\",\r\n   icon: \"approve\"\r\n]',NULL,NULL,NULL),('assign-examiner','batchgr','','examiner',10,NULL,'[caption:\'Assign To Me\', confirm:\'Assign task to you?\']',NULL,NULL,NULL),('assign-examiner','consolidation','','examiner',10,NULL,'[caption:\'Assign To Me\', confirm:\'Assign task to you?\']',NULL,NULL,NULL),('assign-examiner','faas','','examiner',10,NULL,'[caption:\'Assign To Me\', confirm:\'Assign task to you?\']',NULL,NULL,NULL),('assign-examiner','resection','','examiner',10,NULL,'[caption:\'Assign To Me\', confirm:\'Assign task to you?\']',NULL,NULL,NULL),('assign-examiner','subdivision','','examiner',10,NULL,'[caption:\'Assign To Me\', confirm:\'Assign task to you?\']',NULL,NULL,NULL),('assign-recommender','batchgr','','recommender',70,NULL,'[caption:\'Assign To Me\', confirm:\'Assign task to you?\']',NULL,NULL,NULL),('assign-recommender','cancelledfaas','','recommender',70,NULL,'[caption:\'Assign To Me\', confirm:\'Assign task to you?\']',NULL,NULL,NULL),('assign-recommender','consolidation','','recommender',70,NULL,'[caption:\'Assign To Me\', confirm:\'Assign task to you?\']',NULL,NULL,NULL),('assign-recommender','faas','','recommender',70,NULL,'[caption:\'Assign To Me\', confirm:\'Assign task to you?\']',NULL,NULL,NULL),('assign-recommender','resection','','recommender',70,NULL,'[caption:\'Assign To Me\', confirm:\'Assign task to you?\']',NULL,NULL,NULL),('assign-recommender','subdivision','','recommender',70,NULL,'[caption:\'Assign To Me\', confirm:\'Assign task to you?\']',NULL,NULL,NULL),('assign-releaser','rptcertification','assign','releaser',20,NULL,'[caption:\'Assign to Me\', confirm:\'Assign task to you?\']',NULL,'[size:[63,4],pos:[541,152],type:\"arrow\",points:[541,152,604,156]]','Assign To Me'),('assign-taxmapper','batchgr','','taxmapper',20,NULL,'[caption:\'Assign To Me\', confirm:\'Assign task to you?\']',NULL,NULL,NULL),('assign-taxmapper','cancelledfaas','','taxmapper',20,NULL,'[caption:\'Assign To Me\', confirm:\'Assign task to you?\']',NULL,NULL,NULL),('assign-taxmapper','consolidation','','taxmapper',20,NULL,'[caption:\'Assign To Me\', confirm:\'Assign task to you?\']',NULL,NULL,NULL),('assign-taxmapper','faas','','taxmapper',20,NULL,'[caption:\'Assign To Me\', confirm:\'Assign task to you?\']',NULL,NULL,NULL),('assign-taxmapper','resection','','taxmapper',20,NULL,'[caption:\'Assign To Me\', confirm:\'Assign task to you?\']',NULL,NULL,NULL),('assign-taxmapper','subdivision','','taxmapper',20,NULL,'[caption:\'Assign To Me\', confirm:\'Assign task to you?\']',NULL,NULL,NULL),('examiner','batchgr','submit','assign-taxmapper',16,NULL,'[caption:\'Submit for Taxmapping\', confirm:\'Submit?\']',NULL,NULL,NULL),('examiner','batchgr','returnreceiver','receiver',15,NULL,'[caption:\'Return to Receiver\', confirm:\'Return to receiver?\', messagehandler:\'default\']',NULL,NULL,NULL),('examiner','consolidation','submit','assign-taxmapper',16,NULL,'[caption:\'Submit for Taxmapping\', confirm:\'Submit?\']',NULL,NULL,NULL),('examiner','consolidation','returnreceiver','receiver',15,NULL,'[caption:\'Return to Receiver\', confirm:\'Return to receiver?\', messagehandler:\'default\']',NULL,NULL,NULL),('examiner','faas','submit','assign-taxmapper',16,NULL,'[caption:\'Submit for Taxmapping\', confirm:\'Submit for taxmapping?\', messagehandler:\'default\']',NULL,NULL,NULL),('examiner','faas','return','receiver',15,NULL,'[caption:\'Return to Receiver\',confirm:\'Return to receiver?\', messagehandler:\'default\']',NULL,NULL,NULL),('examiner','resection','submit','assign-taxmapper',16,NULL,'[caption:\'Submit for Taxmapping\', confirm:\'Submit?\']',NULL,NULL,NULL),('examiner','resection','returnreceiver','receiver',15,NULL,'[caption:\'Return to Receiver\', confirm:\'Return to receiver?\', messagehandler:\'default\']',NULL,NULL,NULL),('examiner','subdivision','submit','assign-taxmapper',16,NULL,'[caption:\'Submit for Taxmapping\', confirm:\'Submit?\']',NULL,NULL,NULL),('examiner','subdivision','returnreceiver','receiver',15,NULL,'[caption:\'Return to Receiver\', confirm:\'Return to receiver?\', messagehandler:\'default\']',NULL,NULL,NULL),('forprovsubmission','batchgr','completed','approver',81,'','[caption:\'Completed\', visible:false]','','',''),('forprovsubmission','batchgr','returnapprover','recommender',80,NULL,'[caption:\'Cancel Posting\', confirm:\'Cancel posting record?\']',NULL,NULL,NULL),('forprovsubmission','consolidation','completed','approver',81,'','[caption:\'Completed\', visible:false]','','',''),('forprovsubmission','consolidation','returnapprover','recommender',80,NULL,'[caption:\'Cancel Posting\', confirm:\'Cancel posting record?\']',NULL,NULL,NULL),('forprovsubmission','resection','completed','approver',81,'','[caption:\'Completed\', visible:false]','','',''),('forprovsubmission','resection','returnapprover','recommender',80,NULL,'[caption:\'Cancel Posting\', confirm:\'Cancel posting record?\']',NULL,NULL,NULL),('forprovsubmission','subdivision','completed','approver',81,'','[caption:\'Completed\', visible:false]','','',''),('forprovsubmission','subdivision','returnapprover','recommender',80,NULL,'[caption:\'Cancel Posting\', confirm:\'Cancel posting record?\']',NULL,NULL,NULL),('payment','business_application','reverse-approval','approval',2,NULL,'[caption:\'Reverse Approval\']',NULL,NULL,NULL),('payment','business_application','revert','payment',2,NULL,'[caption:\'Reverse Payment\', visible:false]',NULL,NULL,NULL),('payment','business_application','release','release',1,NULL,'[visible:false]',NULL,NULL,NULL),('provapprover','batchgr','backforprovapproval','approver',95,'','[caption:\'Cancel Posting\', confirm:\'Cancel posting record?\']','','',''),('provapprover','batchgr','completed','end',100,'','[caption:\'Approved\', visible:false]','','',''),('provapprover','consolidation','backforprovapproval','approver',95,'','[caption:\'Cancel Posting\', confirm:\'Cancel posting record?\']','','',''),('provapprover','consolidation','completed','end',100,'','[caption:\'Approved\', visible:false]','','',''),('provapprover','faas','approve','end',110,NULL,'[caption:\'Approve\', visible:false]',NULL,NULL,NULL),('provapprover','resection','backforprovapproval','approver',95,'','[caption:\'Cancel Posting\', confirm:\'Cancel posting record?\']','','',''),('provapprover','resection','completed','end',100,'','[caption:\'Approved\', visible:false]','','',''),('provapprover','subdivision','backforprovapproval','approver',95,'','[caption:\'Cancel Posting\', confirm:\'Cancel posting record?\']','','',''),('provapprover','subdivision','completed','end',100,'','[caption:\'Approved\', visible:false]','','',''),('reassessment','business_application','','approval',NULL,NULL,'[\r\n  caption:\"Submit for Approval\",\r\n  messagehandler: \'default\' \r\n]',NULL,NULL,NULL),('receiver','batchgr','submit-examiner','assign-examiner',4,NULL,'[caption:\'Submit For Examination\', confirm:\'Submit?\']',NULL,NULL,NULL),('receiver','batchgr','submit-taxmapper','assign-taxmapper',5,NULL,'[caption:\'Submit For Taxmapping\', confirm:\'Submit?\']',NULL,NULL,NULL),('receiver','batchgr','delete','end',6,NULL,'[caption:\'Delete\', confirm:\'Delete?\', closeonend:true]',NULL,NULL,NULL),('receiver','cancelledfaas','submit','assign-taxmapper',16,NULL,'[caption:\'Submit for Taxmapping\', confirm:\'Submit for taxmapping?\', messagehandler:\'default\']',NULL,NULL,NULL),('receiver','cancelledfaas','delete','end',5,NULL,'[caption:\'Delete\', confirm:\'Delete record?\', closeonend:true]',NULL,NULL,NULL),('receiver','consolidation','submit-examiner','assign-examiner',4,NULL,'[caption:\'Submit For Examination\', confirm:\'Submit?\']',NULL,NULL,NULL),('receiver','consolidation','submit-taxmapper','assign-taxmapper',5,NULL,'[caption:\'Submit For Taxmapping\', confirm:\'Submit?\']',NULL,NULL,NULL),('receiver','consolidation','delete','end',6,NULL,'[caption:\'Delete\', confirm:\'Delete?\', closeonend:true]',NULL,NULL,NULL),('receiver','faas','submit','assign-examiner',6,NULL,'[caption:\'Submit For Examination\', confirm:\'Submit?\', messagehandler:\'default\']',NULL,NULL,NULL),('receiver','faas','submit_taxmapper','assign-taxmapper',7,NULL,'[caption:\'Submit For Examination\', confirm:\'Submit?\', messagehandler:\'default\']',NULL,NULL,NULL),('receiver','faas','delete','end',5,NULL,'[caption:\'Delete\', confirm:\'Delete record?\', closeonend:true]',NULL,NULL,NULL),('receiver','resection','submit-examiner','assign-examiner',4,NULL,'[caption:\'Submit For Examination\', confirm:\'Submit?\']',NULL,NULL,NULL),('receiver','resection','submit-taxmapper','assign-taxmapper',5,NULL,'[caption:\'Submit For Taxmapping\', confirm:\'Submit?\']',NULL,NULL,NULL),('receiver','resection','delete','end',6,NULL,'[caption:\'Delete\', confirm:\'Delete?\', closeonend:true]',NULL,NULL,NULL),('receiver','rptcertification','cancelissuance','end',5,NULL,'[caption:\'Cancel Issuance\', confirm:\'Cancel issuance?\',closeonend:true]',NULL,'[size:[559,116],pos:[258,32],type:\"arrow\",points:[262,127,258,32,817,40,813,148]]','Cancel Issuance'),('receiver','rptcertification','submit','verifier',6,NULL,'[caption:\'Submit to Verifier\', confirm:\'Submit to verifier?\', messagehandler:\'rptmessage:info\',targetrole:\'RPT.CERTIFICATION_VERIFIER\']',NULL,'[size:[92,0],pos:[320,146],type:\"arrow\",points:[320,146,412,146]]','Submit to Verifier'),('receiver','subdivision','submit-examiner','assign-examiner',4,NULL,'[caption:\'Submit For Examination\', confirm:\'Submit?\']',NULL,NULL,NULL),('receiver','subdivision','submit-taxmapper','assign-taxmapper',5,NULL,'[caption:\'Submit For Taxmapping\', confirm:\'Submit?\']',NULL,NULL,NULL),('receiver','subdivision','delete','end',6,NULL,'[caption:\'Delete\', confirm:\'Delete?\', closeonend:true]',NULL,NULL,NULL),('recommender','batchgr','returnappraiser','appraiser',77,NULL,'[caption:\'Return to Appraiser\', confirm:\'Return to appraiser?\', messagehandler:\'default\']',NULL,NULL,NULL),('recommender','batchgr','returnexaminer','examiner',75,NULL,'[caption:\'Return to Examiner\', confirm:\'Return to examiner?\', messagehandler:\'default\']',NULL,NULL,NULL),('recommender','batchgr','submit','forprovsubmission',78,NULL,'[caption:\'Submit to Province\', confirm:\'Submit to Province?\', messagehandler:\'rptmessage:info\']',NULL,NULL,NULL),('recommender','batchgr','returntaxmapper','taxmapper',76,NULL,'[caption:\'Return to Taxmapper\', confirm:\'Return to taxmapper?\', messagehandler:\'default\']',NULL,NULL,NULL),('recommender','cancelledfaas','return_appraiser','appraiser',72,NULL,'[caption:\'Return to Appraiser\',confirm:\'Return to appraiser?\', messagehandler:\'default\']',NULL,NULL,NULL),('recommender','cancelledfaas','submit_to_province','approver',75,NULL,'[caption:\'Submit to Province\', confirm:\'Submit to Province?\', messagehandler:\'rptmessage:create\']',NULL,NULL,NULL),('recommender','cancelledfaas','submit_approver','assign-approver',74,NULL,'[caption:\'Submit for Assessor Approval\', confirm:\'Submit to assessor approval?\', messagehandler:\'default\']',NULL,NULL,NULL),('recommender','cancelledfaas','return_receiver','receiver',71,NULL,'[caption:\'Return to Receiver\',confirm:\'Return to receiver?\', messagehandler:\'default\']','',NULL,NULL),('recommender','cancelledfaas','return_taxmapper','taxmapper',73,NULL,'[caption:\'Return to Taxmapper\',confirm:\'Return to taxmapper?\', messagehandler:\'default\']',NULL,NULL,NULL),('recommender','consolidation','returnappraiser','appraiser',77,NULL,'[caption:\'Return to Appraiser\', confirm:\'Return to appraiser?\', messagehandler:\'default\']',NULL,NULL,NULL),('recommender','consolidation','returnexaminer','examiner',75,NULL,'[caption:\'Return to Examiner\', confirm:\'Return to examiner?\', messagehandler:\'default\']',NULL,NULL,NULL),('recommender','consolidation','submit','forprovsubmission',78,NULL,'[caption:\'Submit to Province\', confirm:\'Submit to Province?\', messagehandler:\'rptmessage:info\']',NULL,NULL,NULL),('recommender','consolidation','returntaxmapper','taxmapper',76,NULL,'[caption:\'Return to Taxmapper\', confirm:\'Return to taxmapper?\', messagehandler:\'default\']',NULL,NULL,NULL),('recommender','faas','return_appraiser','appraiser',72,NULL,'[caption:\'Return to Appraiser\',confirm:\'Return to appraiser?\', messagehandler:\'default\']','',NULL,NULL),('recommender','faas','return_examiner','examiner',71,NULL,'[caption:\'Return to Examiner\',confirm:\'Return to examiner?\', messagehandler:\'default\']','',NULL,NULL),('recommender','faas','submit_to_province','provapprover',75,NULL,'[caption:\'Submit to Province\', confirm:\'Submit to Province?\', messagehandler:\'rptmessage:sign\']','',NULL,NULL),('recommender','faas','return_taxmapper','taxmapper',73,NULL,'[caption:\'Return to Taxmapper\',confirm:\'Return to taxmapper?\', messagehandler:\'default\']','',NULL,NULL),('recommender','resection','returnappraiser','appraiser',77,NULL,'[caption:\'Return to Appraiser\', confirm:\'Return to appraiser?\', messagehandler:\'default\']',NULL,NULL,NULL),('recommender','resection','returnexaminer','examiner',75,NULL,'[caption:\'Return to Examiner\', confirm:\'Return to examiner?\', messagehandler:\'default\']',NULL,NULL,NULL),('recommender','resection','submit','forprovsubmission',78,NULL,'[caption:\'Submit to Province\', confirm:\'Submit to Province?\', messagehandler:\'rptmessage:info\']',NULL,NULL,NULL),('recommender','resection','returntaxmapper','taxmapper',76,NULL,'[caption:\'Return to Taxmapper\', confirm:\'Return to taxmapper?\', messagehandler:\'default\']',NULL,NULL,NULL),('recommender','subdivision','returnappraiser','appraiser',77,NULL,'[caption:\'Return to Appraiser\', confirm:\'Return to appraiser?\', messagehandler:\'default\']',NULL,NULL,NULL),('recommender','subdivision','returnexaminer','examiner',75,NULL,'[caption:\'Return to Examiner\', confirm:\'Return to examiner?\', messagehandler:\'default\']',NULL,NULL,NULL),('recommender','subdivision','submit','forprovsubmission',78,NULL,'[caption:\'Submit to Province\', confirm:\'Submit to Province?\', messagehandler:\'rptmessage:info\']',NULL,NULL,NULL),('recommender','subdivision','returntaxmapper','taxmapper',76,NULL,'[caption:\'Return to Taxmapper\', confirm:\'Return to taxmapper?\', messagehandler:\'default\']',NULL,NULL,NULL),('release','business_application','submit','end',2,NULL,'[\r\ncaption:\'Release\', \r\nconfirm: \'You are about to release this application. Proceed?\'\r\n]',NULL,NULL,NULL),('release','business_application','revert','payment',3,NULL,'[caption:\'Return to Assessor\', messagehandler:\'default\']',NULL,NULL,NULL),('releaser','rptcertification','submit','released',100,'','[caption:\'Release Certification\', confirm:\'Release certifications?\', closeonend:false, messagehandler:\'rptmessage:info\']','','[:]','Release Certification'),('start','batchgr','','receiver',1,NULL,NULL,NULL,NULL,NULL),('start','business_application','','assign-assessor',1,NULL,NULL,NULL,NULL,NULL),('start','cancelledfaas','','receiver',1,NULL,NULL,NULL,NULL,NULL),('start','consolidation','','receiver',1,NULL,NULL,NULL,NULL,NULL),('start','faas','','receiver',1,NULL,NULL,NULL,NULL,NULL),('start','resection','','receiver',1,NULL,NULL,NULL,NULL,NULL),('start','rptcertification','assign','receiver',1,NULL,'[:]',NULL,'[size:[72,0],pos:[134,142],type:\"arrow\",points:[134,142,206,142]]','Assign'),('start','subdivision','','receiver',1,NULL,NULL,NULL,NULL,NULL),('taxmapper','batchgr','submit','assign-appraiser',26,NULL,'[caption:\'Submit for Taxmapping\', confirm:\'Submit?\', messagehandler:\'rptmessage:info\']',NULL,NULL,NULL),('taxmapper','batchgr','returnexaminer','examiner',25,NULL,'[caption:\'Return to Examiner\', confirm:\'Return to examiner?\', messagehandler:\'default\']',NULL,NULL,NULL),('taxmapper','cancelledfaas','submit','assign-recommender',27,NULL,'[caption:\'Submit for Recommending Approval\', confirm:\'Submit?\', messagehandler:\'rptmessage:create\']',NULL,NULL,NULL),('taxmapper','cancelledfaas','return_receiver','receiver',25,NULL,'[caption:\'Return to Receiver\',confirm:\'Return to receiver?\',messagehandler:\'default\']',NULL,NULL,NULL),('taxmapper','consolidation','submit','assign-appraiser',26,NULL,'[caption:\'Submit for Taxmapping\', confirm:\'Submit?\', messagehandler:\'rptmessage:info\']',NULL,NULL,NULL),('taxmapper','consolidation','returnexaminer','examiner',25,NULL,'[caption:\'Return to Examiner\', confirm:\'Return to examiner?\', messagehandler:\'default\']',NULL,NULL,NULL),('taxmapper','faas','submit','assign-appraiser',27,NULL,'[caption:\'Submit for Appraisal\', confirm:\'Submit?\', messagehandler:\'rptmessage:sign\']',NULL,NULL,NULL),('taxmapper','faas','return_examiner','examiner',26,NULL,'[caption:\'Return to Examiner\',confirm:\'Return to examiner?\', messagehandler:\'default\']',NULL,NULL,NULL),('taxmapper','faas','return_receiver','receiver',25,NULL,'[caption:\'Return to Receiver\',confirm:\'Return to receiver?\',messagehandler:\'default\']',NULL,NULL,NULL),('taxmapper','resection','submit','assign-appraiser',26,NULL,'[caption:\'Submit for Taxmapping\', confirm:\'Submit?\', messagehandler:\'rptmessage:info\']',NULL,NULL,NULL),('taxmapper','resection','returnexaminer','examiner',25,NULL,'[caption:\'Return to Examiner\', confirm:\'Return to examiner?\', messagehandler:\'default\']',NULL,NULL,NULL),('taxmapper','subdivision','submit','assign-appraiser',26,NULL,'[caption:\'Submit for Taxmapping\', confirm:\'Submit?\', messagehandler:\'rptmessage:info\']',NULL,NULL,NULL),('taxmapper','subdivision','returnexaminer','examiner',25,NULL,'[caption:\'Return to Examiner\', confirm:\'Return to examiner?\', messagehandler:\'default\']',NULL,NULL,NULL),('verifier','rptcertification','submit','approver',11,NULL,'[caption:\'Submit for Approval\', confirm:\'Submit for approval?\', messagehandler:\'rptmessage:sign\',targetrole:\'RPT.CERTIFICATION_APPROVER\']',NULL,'[size:[63,4],pos:[541,152],type:\"arrow\",points:[541,152,604,156]]','Submit to Approver'),('verifier','rptcertification','return_receiver','receiver',10,NULL,'[caption:\'Return to Issuer\', confirm:\'Return to issuer?\', messagehandler:\'default\']',NULL,'[size:[160,63],pos:[292,64],type:\"arrow\",points:[452,127,385,64,292,127]]','Return to Receiver');
/*!40000 ALTER TABLE `sys_wf_transition` ENABLE KEYS */;
UNLOCK TABLES;

--
-- Table structure for table `sys_wf_workitemtype`
--

DROP TABLE IF EXISTS `sys_wf_workitemtype`;
/*!40101 SET @saved_cs_client     = @@character_set_client */;
/*!40101 SET character_set_client = utf8 */;
CREATE TABLE `sys_wf_workitemtype` (
  `objid` varchar(50) NOT NULL DEFAULT '',
  `name` varchar(50) NOT NULL,
  `state` varchar(50) NOT NULL DEFAULT '',
  `processname` varchar(50) NOT NULL,
  `title` varchar(100) DEFAULT NULL,
  `action` varchar(50) DEFAULT NULL,
  `domain` varchar(50) DEFAULT NULL,
  `role` varchar(50) DEFAULT NULL,
  `expr` varchar(255) DEFAULT NULL,
  `handler` varchar(50) DEFAULT NULL,
  PRIMARY KEY (`name`,`state`,`processname`),
  KEY `FK_sys_wf_subtasktype_node` (`state`,`processname`),
  CONSTRAINT `FK_sys_wf_subtasktype_node` FOREIGN KEY (`state`, `processname`) REFERENCES `sys_wf_node` (`name`, `processname`)
) ENGINE=InnoDB DEFAULT CHARSET=utf8;
/*!40101 SET character_set_client = @saved_cs_client */;

--
-- Dumping data for table `sys_wf_workitemtype`
--

LOCK TABLES `sys_wf_workitemtype` WRITE;
/*!40000 ALTER TABLE `sys_wf_workitemtype` DISABLE KEYS */;
/*!40000 ALTER TABLE `sys_wf_workitemtype` ENABLE KEYS */;
UNLOCK TABLES;

--
-- Table structure for table `treasury_variableinfo`
--

DROP TABLE IF EXISTS `treasury_variableinfo`;
/*!40101 SET @saved_cs_client     = @@character_set_client */;
/*!40101 SET character_set_client = utf8 */;
CREATE TABLE `treasury_variableinfo` (
  `objid` varchar(50) NOT NULL,
  `state` varchar(10) NOT NULL,
  `name` varchar(50) NOT NULL,
  `datatype` varchar(20) NOT NULL,
  `caption` varchar(50) NOT NULL,
  `description` varchar(100) DEFAULT NULL,
  `arrayvalues` longtext,
  `system` int(11) DEFAULT NULL,
  `sortorder` int(11) DEFAULT NULL,
  `category` varchar(100) DEFAULT NULL,
  `handler` varchar(50) DEFAULT NULL,
  PRIMARY KEY (`objid`),
  KEY `ix_name` (`name`)
) ENGINE=InnoDB DEFAULT CHARSET=utf8;
/*!40101 SET character_set_client = @saved_cs_client */;

--
-- Dumping data for table `treasury_variableinfo`
--

LOCK TABLES `treasury_variableinfo` WRITE;
/*!40000 ALTER TABLE `treasury_variableinfo` DISABLE KEYS */;
/*!40000 ALTER TABLE `treasury_variableinfo` ENABLE KEYS */;
UNLOCK TABLES;

--
-- Table structure for table `txnlog`
--

DROP TABLE IF EXISTS `txnlog`;
/*!40101 SET @saved_cs_client     = @@character_set_client */;
/*!40101 SET character_set_client = utf8 */;
CREATE TABLE `txnlog` (
  `objid` varchar(50) NOT NULL,
  `ref` varchar(100) NOT NULL,
  `refid` text NOT NULL,
  `txndate` datetime NOT NULL,
  `action` varchar(50) NOT NULL,
  `userid` varchar(50) NOT NULL,
  `remarks` text,
  `diff` longtext,
  `username` varchar(150) DEFAULT NULL,
  PRIMARY KEY (`objid`),
  KEY `ix_txndate` (`txndate`),
  KEY `ix_txnlog_action` (`action`),
  KEY `ix_txnlog_ref` (`ref`),
  KEY `ix_txnlog_userid` (`userid`),
  KEY `ix_txnlog_useridaction` (`userid`,`action`)
) ENGINE=InnoDB DEFAULT CHARSET=utf8;
/*!40101 SET character_set_client = @saved_cs_client */;

--
-- Dumping data for table `txnlog`
--

LOCK TABLES `txnlog` WRITE;
/*!40000 ALTER TABLE `txnlog` DISABLE KEYS */;
/*!40000 ALTER TABLE `txnlog` ENABLE KEYS */;
UNLOCK TABLES;

--
-- Table structure for table `txnref`
--

DROP TABLE IF EXISTS `txnref`;
/*!40101 SET @saved_cs_client     = @@character_set_client */;
/*!40101 SET character_set_client = utf8 */;
CREATE TABLE `txnref` (
  `oid` int(11) NOT NULL AUTO_INCREMENT,
  `objid` varchar(50) NOT NULL,
  `refid` varchar(50) NOT NULL,
  `msg` varchar(255) NOT NULL,
  PRIMARY KEY (`oid`),
  KEY `ix_txnref_refid` (`refid`),
  KEY `ix_txnref_objid` (`objid`)
) ENGINE=InnoDB AUTO_INCREMENT=7 DEFAULT CHARSET=utf8;
/*!40101 SET character_set_client = @saved_cs_client */;

--
-- Dumping data for table `txnref`
--

LOCK TABLES `txnref` WRITE;
/*!40000 ALTER TABLE `txnref` DISABLE KEYS */;
/*!40000 ALTER TABLE `txnref` ENABLE KEYS */;
UNLOCK TABLES;

--
-- Table structure for table `txnsignatory`
--

DROP TABLE IF EXISTS `txnsignatory`;
/*!40101 SET @saved_cs_client     = @@character_set_client */;
/*!40101 SET character_set_client = utf8 */;
CREATE TABLE `txnsignatory` (
  `objid` varchar(50) NOT NULL,
  `refid` varchar(50) NOT NULL,
  `personnelid` varchar(50) DEFAULT NULL,
  `type` varchar(25) NOT NULL,
  `caption` varchar(25) DEFAULT NULL,
  `name` varchar(200) DEFAULT NULL,
  `title` varchar(50) DEFAULT NULL,
  `dtsigned` datetime DEFAULT NULL,
  `seqno` int(11) NOT NULL,
  PRIMARY KEY (`objid`),
  KEY `ix_signatory_refid` (`refid`)
) ENGINE=InnoDB DEFAULT CHARSET=utf8;
/*!40101 SET character_set_client = @saved_cs_client */;

--
-- Dumping data for table `txnsignatory`
--

LOCK TABLES `txnsignatory` WRITE;
/*!40000 ALTER TABLE `txnsignatory` DISABLE KEYS */;
/*!40000 ALTER TABLE `txnsignatory` ENABLE KEYS */;
UNLOCK TABLES;

--
-- Table structure for table `variableinfo`
--

DROP TABLE IF EXISTS `variableinfo`;
/*!40101 SET @saved_cs_client     = @@character_set_client */;
/*!40101 SET character_set_client = utf8 */;
CREATE TABLE `variableinfo` (
  `objid` varchar(50) NOT NULL,
  `state` varchar(10) NOT NULL,
  `name` varchar(50) NOT NULL,
  `datatype` varchar(20) NOT NULL,
  `caption` varchar(50) NOT NULL,
  `description` varchar(100) DEFAULT NULL,
  `arrayvalues` longtext,
  `system` int(11) DEFAULT NULL,
  `sortorder` int(11) DEFAULT NULL,
  `category` varchar(100) DEFAULT NULL,
  `handler` varchar(50) DEFAULT NULL,
  PRIMARY KEY (`objid`),
  KEY `ix_name` (`name`)
) ENGINE=InnoDB DEFAULT CHARSET=utf8;
/*!40101 SET character_set_client = @saved_cs_client */;

--
-- Dumping data for table `variableinfo`
--

LOCK TABLES `variableinfo` WRITE;
/*!40000 ALTER TABLE `variableinfo` DISABLE KEYS */;
/*!40000 ALTER TABLE `variableinfo` ENABLE KEYS */;
UNLOCK TABLES;

--
-- Temporary table structure for view `vw_account_income_summary`
--

DROP TABLE IF EXISTS `vw_account_income_summary`;
/*!50001 DROP VIEW IF EXISTS `vw_account_income_summary`*/;
SET @saved_cs_client     = @@character_set_client;
SET character_set_client = utf8;
/*!50001 CREATE TABLE `vw_account_income_summary` (
  `objid` tinyint NOT NULL,
  `maingroupid` tinyint NOT NULL,
  `code` tinyint NOT NULL,
  `title` tinyint NOT NULL,
  `groupid` tinyint NOT NULL,
  `type` tinyint NOT NULL,
  `leftindex` tinyint NOT NULL,
  `rightindex` tinyint NOT NULL,
  `level` tinyint NOT NULL,
  `amount` tinyint NOT NULL,
  `acctid` tinyint NOT NULL,
  `fundid` tinyint NOT NULL,
  `collectorid` tinyint NOT NULL,
  `refdate` tinyint NOT NULL,
  `remittancedate` tinyint NOT NULL,
  `liquidationdate` tinyint NOT NULL,
  `accttype` tinyint NOT NULL
) ENGINE=MyISAM */;
SET character_set_client = @saved_cs_client;

--
-- Temporary table structure for view `vw_account_incometarget`
--

DROP TABLE IF EXISTS `vw_account_incometarget`;
/*!50001 DROP VIEW IF EXISTS `vw_account_incometarget`*/;
SET @saved_cs_client     = @@character_set_client;
SET character_set_client = utf8;
/*!50001 CREATE TABLE `vw_account_incometarget` (
  `objid` tinyint NOT NULL,
  `itemid` tinyint NOT NULL,
  `year` tinyint NOT NULL,
  `target` tinyint NOT NULL,
  `maingroupid` tinyint NOT NULL,
  `item_objid` tinyint NOT NULL,
  `item_code` tinyint NOT NULL,
  `item_title` tinyint NOT NULL,
  `item_level` tinyint NOT NULL,
  `item_leftindex` tinyint NOT NULL,
  `group_objid` tinyint NOT NULL,
  `group_code` tinyint NOT NULL,
  `group_title` tinyint NOT NULL,
  `group_level` tinyint NOT NULL,
  `group_leftindex` tinyint NOT NULL
) ENGINE=MyISAM */;
SET character_set_client = @saved_cs_client;

--
-- Temporary table structure for view `vw_account_item_mapping`
--

DROP TABLE IF EXISTS `vw_account_item_mapping`;
/*!50001 DROP VIEW IF EXISTS `vw_account_item_mapping`*/;
SET @saved_cs_client     = @@character_set_client;
SET character_set_client = utf8;
/*!50001 CREATE TABLE `vw_account_item_mapping` (
  `objid` tinyint NOT NULL,
  `maingroupid` tinyint NOT NULL,
  `code` tinyint NOT NULL,
  `title` tinyint NOT NULL,
  `groupid` tinyint NOT NULL,
  `type` tinyint NOT NULL,
  `leftindex` tinyint NOT NULL,
  `rightindex` tinyint NOT NULL,
  `level` tinyint NOT NULL,
  `amount` tinyint NOT NULL,
  `fundid` tinyint NOT NULL,
  `year` tinyint NOT NULL,
  `month` tinyint NOT NULL,
  `itemid` tinyint NOT NULL,
  `itemcode` tinyint NOT NULL,
  `itemtitle` tinyint NOT NULL
) ENGINE=MyISAM */;
SET character_set_client = @saved_cs_client;

--
-- Temporary table structure for view `vw_account_mapping`
--

DROP TABLE IF EXISTS `vw_account_mapping`;
/*!50001 DROP VIEW IF EXISTS `vw_account_mapping`*/;
SET @saved_cs_client     = @@character_set_client;
SET character_set_client = utf8;
/*!50001 CREATE TABLE `vw_account_mapping` (
  `objid` tinyint NOT NULL,
  `maingroupid` tinyint NOT NULL,
  `code` tinyint NOT NULL,
  `title` tinyint NOT NULL,
  `groupid` tinyint NOT NULL,
  `type` tinyint NOT NULL,
  `leftindex` tinyint NOT NULL,
  `rightindex` tinyint NOT NULL,
  `level` tinyint NOT NULL,
  `itemid` tinyint NOT NULL,
  `acctid` tinyint NOT NULL
) ENGINE=MyISAM */;
SET character_set_client = @saved_cs_client;

--
-- Temporary table structure for view `vw_af_control_detail`
--

DROP TABLE IF EXISTS `vw_af_control_detail`;
/*!50001 DROP VIEW IF EXISTS `vw_af_control_detail`*/;
SET @saved_cs_client     = @@character_set_client;
SET character_set_client = utf8;
/*!50001 CREATE TABLE `vw_af_control_detail` (
  `objid` tinyint NOT NULL,
  `state` tinyint NOT NULL,
  `controlid` tinyint NOT NULL,
  `indexno` tinyint NOT NULL,
  `refid` tinyint NOT NULL,
  `aftxnitemid` tinyint NOT NULL,
  `refno` tinyint NOT NULL,
  `reftype` tinyint NOT NULL,
  `refdate` tinyint NOT NULL,
  `txndate` tinyint NOT NULL,
  `txntype` tinyint NOT NULL,
  `receivedstartseries` tinyint NOT NULL,
  `receivedendseries` tinyint NOT NULL,
  `beginstartseries` tinyint NOT NULL,
  `beginendseries` tinyint NOT NULL,
  `issuedstartseries` tinyint NOT NULL,
  `issuedendseries` tinyint NOT NULL,
  `endingstartseries` tinyint NOT NULL,
  `endingendseries` tinyint NOT NULL,
  `qtyreceived` tinyint NOT NULL,
  `qtybegin` tinyint NOT NULL,
  `qtyissued` tinyint NOT NULL,
  `qtyending` tinyint NOT NULL,
  `qtycancelled` tinyint NOT NULL,
  `remarks` tinyint NOT NULL,
  `issuedto_objid` tinyint NOT NULL,
  `issuedto_name` tinyint NOT NULL,
  `respcenter_objid` tinyint NOT NULL,
  `respcenter_name` tinyint NOT NULL,
  `prevdetailid` tinyint NOT NULL,
  `aftxnid` tinyint NOT NULL,
  `afid` tinyint NOT NULL,
  `unit` tinyint NOT NULL,
  `formtype` tinyint NOT NULL,
  `denomination` tinyint NOT NULL,
  `serieslength` tinyint NOT NULL,
  `qty` tinyint NOT NULL,
  `saleprice` tinyint NOT NULL,
  `startseries` tinyint NOT NULL,
  `endseries` tinyint NOT NULL,
  `currentseries` tinyint NOT NULL,
  `stubno` tinyint NOT NULL,
  `prefix` tinyint NOT NULL,
  `suffix` tinyint NOT NULL,
  `cost` tinyint NOT NULL,
  `batchno` tinyint NOT NULL,
  `controlstate` tinyint NOT NULL,
  `qtybalance` tinyint NOT NULL
) ENGINE=MyISAM */;
SET character_set_client = @saved_cs_client;

--
-- Temporary table structure for view `vw_af_inventory_summary`
--

DROP TABLE IF EXISTS `vw_af_inventory_summary`;
/*!50001 DROP VIEW IF EXISTS `vw_af_inventory_summary`*/;
SET @saved_cs_client     = @@character_set_client;
SET character_set_client = utf8;
/*!50001 CREATE TABLE `vw_af_inventory_summary` (
  `objid` tinyint NOT NULL,
  `title` tinyint NOT NULL,
  `unit` tinyint NOT NULL,
  `formtype` tinyint NOT NULL,
  `formtypeindex` tinyint NOT NULL,
  `countopen` tinyint NOT NULL,
  `countissued` tinyint NOT NULL,
  `countclosed` tinyint NOT NULL,
  `countsold` tinyint NOT NULL,
  `countprocessing` tinyint NOT NULL,
  `counthold` tinyint NOT NULL
) ENGINE=MyISAM */;
SET character_set_client = @saved_cs_client;

--
-- Temporary table structure for view `vw_afunit`
--

DROP TABLE IF EXISTS `vw_afunit`;
/*!50001 DROP VIEW IF EXISTS `vw_afunit`*/;
SET @saved_cs_client     = @@character_set_client;
SET character_set_client = utf8;
/*!50001 CREATE TABLE `vw_afunit` (
  `objid` tinyint NOT NULL,
  `title` tinyint NOT NULL,
  `usetype` tinyint NOT NULL,
  `serieslength` tinyint NOT NULL,
  `system` tinyint NOT NULL,
  `denomination` tinyint NOT NULL,
  `formtype` tinyint NOT NULL,
  `itemid` tinyint NOT NULL,
  `unit` tinyint NOT NULL,
  `qty` tinyint NOT NULL,
  `saleprice` tinyint NOT NULL,
  `interval` tinyint NOT NULL,
  `cashreceiptprintout` tinyint NOT NULL,
  `cashreceiptdetailprintout` tinyint NOT NULL
) ENGINE=MyISAM */;
SET character_set_client = @saved_cs_client;

--
-- Temporary table structure for view `vw_assessment_notice`
--

DROP TABLE IF EXISTS `vw_assessment_notice`;
/*!50001 DROP VIEW IF EXISTS `vw_assessment_notice`*/;
SET @saved_cs_client     = @@character_set_client;
SET character_set_client = utf8;
/*!50001 CREATE TABLE `vw_assessment_notice` (
  `objid` tinyint NOT NULL,
  `state` tinyint NOT NULL,
  `txnno` tinyint NOT NULL,
  `txndate` tinyint NOT NULL,
  `taxpayerid` tinyint NOT NULL,
  `taxpayername` tinyint NOT NULL,
  `taxpayeraddress` tinyint NOT NULL,
  `dtdelivered` tinyint NOT NULL,
  `receivedby` tinyint NOT NULL,
  `remarks` tinyint NOT NULL,
  `assessmentyear` tinyint NOT NULL,
  `administrator_name` tinyint NOT NULL,
  `administrator_address` tinyint NOT NULL,
  `tdno` tinyint NOT NULL,
  `fullpin` tinyint NOT NULL,
  `cadastrallotno` tinyint NOT NULL,
  `titleno` tinyint NOT NULL
) ENGINE=MyISAM */;
SET character_set_client = @saved_cs_client;

--
-- Temporary table structure for view `vw_assessment_notice_item`
--

DROP TABLE IF EXISTS `vw_assessment_notice_item`;
/*!50001 DROP VIEW IF EXISTS `vw_assessment_notice_item`*/;
SET @saved_cs_client     = @@character_set_client;
SET character_set_client = utf8;
/*!50001 CREATE TABLE `vw_assessment_notice_item` (
  `objid` tinyint NOT NULL,
  `assessmentnoticeid` tinyint NOT NULL,
  `faasid` tinyint NOT NULL,
  `effectivityyear` tinyint NOT NULL,
  `effectivityqtr` tinyint NOT NULL,
  `tdno` tinyint NOT NULL,
  `taxpayer_objid` tinyint NOT NULL,
  `taxpayer_name` tinyint NOT NULL,
  `taxpayer_address` tinyint NOT NULL,
  `owner_name` tinyint NOT NULL,
  `owner_address` tinyint NOT NULL,
  `administrator_name` tinyint NOT NULL,
  `administrator_address` tinyint NOT NULL,
  `rpuid` tinyint NOT NULL,
  `lguid` tinyint NOT NULL,
  `txntype_objid` tinyint NOT NULL,
  `txntype_code` tinyint NOT NULL,
  `rputype` tinyint NOT NULL,
  `ry` tinyint NOT NULL,
  `fullpin` tinyint NOT NULL,
  `taxable` tinyint NOT NULL,
  `totalareaha` tinyint NOT NULL,
  `totalareasqm` tinyint NOT NULL,
  `totalbmv` tinyint NOT NULL,
  `totalmv` tinyint NOT NULL,
  `totalav` tinyint NOT NULL,
  `section` tinyint NOT NULL,
  `parcel` tinyint NOT NULL,
  `surveyno` tinyint NOT NULL,
  `cadastrallotno` tinyint NOT NULL,
  `blockno` tinyint NOT NULL,
  `claimno` tinyint NOT NULL,
  `street` tinyint NOT NULL,
  `lguname` tinyint NOT NULL,
  `barangay` tinyint NOT NULL,
  `classcode` tinyint NOT NULL,
  `classification` tinyint NOT NULL
) ENGINE=MyISAM */;
SET character_set_client = @saved_cs_client;

--
-- Temporary table structure for view `vw_batch_rpttaxcredit_error`
--

DROP TABLE IF EXISTS `vw_batch_rpttaxcredit_error`;
/*!50001 DROP VIEW IF EXISTS `vw_batch_rpttaxcredit_error`*/;
SET @saved_cs_client     = @@character_set_client;
SET character_set_client = utf8;
/*!50001 CREATE TABLE `vw_batch_rpttaxcredit_error` (
  `objid` tinyint NOT NULL,
  `parentid` tinyint NOT NULL,
  `state` tinyint NOT NULL,
  `error` tinyint NOT NULL,
  `barangayid` tinyint NOT NULL,
  `tdno` tinyint NOT NULL
) ENGINE=MyISAM */;
SET character_set_client = @saved_cs_client;

--
-- Temporary table structure for view `vw_batchgr`
--

DROP TABLE IF EXISTS `vw_batchgr`;
/*!50001 DROP VIEW IF EXISTS `vw_batchgr`*/;
SET @saved_cs_client     = @@character_set_client;
SET character_set_client = utf8;
/*!50001 CREATE TABLE `vw_batchgr` (
  `objid` tinyint NOT NULL,
  `state` tinyint NOT NULL,
  `ry` tinyint NOT NULL,
  `lgu_objid` tinyint NOT NULL,
  `barangay_objid` tinyint NOT NULL,
  `rputype` tinyint NOT NULL,
  `classification_objid` tinyint NOT NULL,
  `section` tinyint NOT NULL,
  `memoranda` tinyint NOT NULL,
  `txntype_objid` tinyint NOT NULL,
  `txnno` tinyint NOT NULL,
  `txndate` tinyint NOT NULL,
  `effectivityyear` tinyint NOT NULL,
  `effectivityqtr` tinyint NOT NULL,
  `originlgu_objid` tinyint NOT NULL,
  `lgu_name` tinyint NOT NULL,
  `barangay_name` tinyint NOT NULL,
  `barangay_pin` tinyint NOT NULL,
  `classification_name` tinyint NOT NULL,
  `taskid` tinyint NOT NULL,
  `taskstate` tinyint NOT NULL,
  `assignee_objid` tinyint NOT NULL
) ENGINE=MyISAM */;
SET character_set_client = @saved_cs_client;

--
-- Temporary table structure for view `vw_business_application_lob_retire`
--

DROP TABLE IF EXISTS `vw_business_application_lob_retire`;
/*!50001 DROP VIEW IF EXISTS `vw_business_application_lob_retire`*/;
SET @saved_cs_client     = @@character_set_client;
SET character_set_client = utf8;
/*!50001 CREATE TABLE `vw_business_application_lob_retire` (
  `businessid` tinyint NOT NULL,
  `applicationid` tinyint NOT NULL,
  `appno` tinyint NOT NULL,
  `appyear` tinyint NOT NULL,
  `dtfiled` tinyint NOT NULL,
  `txndate` tinyint NOT NULL,
  `tradename` tinyint NOT NULL,
  `bin` tinyint NOT NULL,
  `assessmenttype` tinyint NOT NULL,
  `lobid` tinyint NOT NULL,
  `lobname` tinyint NOT NULL,
  `refid` tinyint NOT NULL,
  `refno` tinyint NOT NULL
) ENGINE=MyISAM */;
SET character_set_client = @saved_cs_client;

--
-- Temporary table structure for view `vw_cashbook_cashreceipt`
--

DROP TABLE IF EXISTS `vw_cashbook_cashreceipt`;
/*!50001 DROP VIEW IF EXISTS `vw_cashbook_cashreceipt`*/;
SET @saved_cs_client     = @@character_set_client;
SET character_set_client = utf8;
/*!50001 CREATE TABLE `vw_cashbook_cashreceipt` (
  `objid` tinyint NOT NULL,
  `txndate` tinyint NOT NULL,
  `refdate` tinyint NOT NULL,
  `refid` tinyint NOT NULL,
  `refno` tinyint NOT NULL,
  `reftype` tinyint NOT NULL,
  `particulars` tinyint NOT NULL,
  `fundid` tinyint NOT NULL,
  `collectorid` tinyint NOT NULL,
  `dr` tinyint NOT NULL,
  `cr` tinyint NOT NULL,
  `formno` tinyint NOT NULL,
  `formtype` tinyint NOT NULL,
  `series` tinyint NOT NULL,
  `controlid` tinyint NOT NULL,
  `sortdate` tinyint NOT NULL,
  `receiptdate` tinyint NOT NULL,
  `receiptid` tinyint NOT NULL,
  `remittanceid` tinyint NOT NULL,
  `remittancedate` tinyint NOT NULL,
  `remittancedtposted` tinyint NOT NULL
) ENGINE=MyISAM */;
SET character_set_client = @saved_cs_client;

--
-- Temporary table structure for view `vw_cashbook_cashreceipt_share`
--

DROP TABLE IF EXISTS `vw_cashbook_cashreceipt_share`;
/*!50001 DROP VIEW IF EXISTS `vw_cashbook_cashreceipt_share`*/;
SET @saved_cs_client     = @@character_set_client;
SET character_set_client = utf8;
/*!50001 CREATE TABLE `vw_cashbook_cashreceipt_share` (
  `objid` tinyint NOT NULL,
  `txndate` tinyint NOT NULL,
  `refdate` tinyint NOT NULL,
  `refid` tinyint NOT NULL,
  `refno` tinyint NOT NULL,
  `reftype` tinyint NOT NULL,
  `particulars` tinyint NOT NULL,
  `fundid` tinyint NOT NULL,
  `collectorid` tinyint NOT NULL,
  `dr` tinyint NOT NULL,
  `cr` tinyint NOT NULL,
  `formno` tinyint NOT NULL,
  `formtype` tinyint NOT NULL,
  `series` tinyint NOT NULL,
  `controlid` tinyint NOT NULL,
  `sortdate` tinyint NOT NULL,
  `receiptdate` tinyint NOT NULL,
  `receiptid` tinyint NOT NULL,
  `refitemid` tinyint NOT NULL,
  `remittanceid` tinyint NOT NULL,
  `remittancedate` tinyint NOT NULL,
  `remittancedtposted` tinyint NOT NULL
) ENGINE=MyISAM */;
SET character_set_client = @saved_cs_client;

--
-- Temporary table structure for view `vw_cashbook_cashreceipt_share_payable`
--

DROP TABLE IF EXISTS `vw_cashbook_cashreceipt_share_payable`;
/*!50001 DROP VIEW IF EXISTS `vw_cashbook_cashreceipt_share_payable`*/;
SET @saved_cs_client     = @@character_set_client;
SET character_set_client = utf8;
/*!50001 CREATE TABLE `vw_cashbook_cashreceipt_share_payable` (
  `objid` tinyint NOT NULL,
  `txndate` tinyint NOT NULL,
  `refdate` tinyint NOT NULL,
  `refid` tinyint NOT NULL,
  `refno` tinyint NOT NULL,
  `reftype` tinyint NOT NULL,
  `particulars` tinyint NOT NULL,
  `fundid` tinyint NOT NULL,
  `collectorid` tinyint NOT NULL,
  `dr` tinyint NOT NULL,
  `cr` tinyint NOT NULL,
  `formno` tinyint NOT NULL,
  `formtype` tinyint NOT NULL,
  `series` tinyint NOT NULL,
  `controlid` tinyint NOT NULL,
  `sortdate` tinyint NOT NULL,
  `receiptdate` tinyint NOT NULL,
  `receiptid` tinyint NOT NULL,
  `payableitemid` tinyint NOT NULL,
  `remittanceid` tinyint NOT NULL,
  `remittancedate` tinyint NOT NULL,
  `remittancedtposted` tinyint NOT NULL
) ENGINE=MyISAM */;
SET character_set_client = @saved_cs_client;

--
-- Temporary table structure for view `vw_cashbook_cashreceiptvoid`
--

DROP TABLE IF EXISTS `vw_cashbook_cashreceiptvoid`;
/*!50001 DROP VIEW IF EXISTS `vw_cashbook_cashreceiptvoid`*/;
SET @saved_cs_client     = @@character_set_client;
SET character_set_client = utf8;
/*!50001 CREATE TABLE `vw_cashbook_cashreceiptvoid` (
  `objid` tinyint NOT NULL,
  `txndate` tinyint NOT NULL,
  `refdate` tinyint NOT NULL,
  `refid` tinyint NOT NULL,
  `refno` tinyint NOT NULL,
  `reftype` tinyint NOT NULL,
  `particulars` tinyint NOT NULL,
  `fundid` tinyint NOT NULL,
  `collectorid` tinyint NOT NULL,
  `dr` tinyint NOT NULL,
  `cr` tinyint NOT NULL,
  `formno` tinyint NOT NULL,
  `formtype` tinyint NOT NULL,
  `series` tinyint NOT NULL,
  `controlid` tinyint NOT NULL,
  `sortdate` tinyint NOT NULL,
  `receiptdate` tinyint NOT NULL,
  `remittanceid` tinyint NOT NULL,
  `remittancedate` tinyint NOT NULL,
  `remittancedtposted` tinyint NOT NULL
) ENGINE=MyISAM */;
SET character_set_client = @saved_cs_client;

--
-- Temporary table structure for view `vw_cashbook_cashreceiptvoid_share`
--

DROP TABLE IF EXISTS `vw_cashbook_cashreceiptvoid_share`;
/*!50001 DROP VIEW IF EXISTS `vw_cashbook_cashreceiptvoid_share`*/;
SET @saved_cs_client     = @@character_set_client;
SET character_set_client = utf8;
/*!50001 CREATE TABLE `vw_cashbook_cashreceiptvoid_share` (
  `objid` tinyint NOT NULL,
  `txndate` tinyint NOT NULL,
  `refdate` tinyint NOT NULL,
  `refid` tinyint NOT NULL,
  `refno` tinyint NOT NULL,
  `reftype` tinyint NOT NULL,
  `particulars` tinyint NOT NULL,
  `fundid` tinyint NOT NULL,
  `collectorid` tinyint NOT NULL,
  `dr` tinyint NOT NULL,
  `cr` tinyint NOT NULL,
  `formno` tinyint NOT NULL,
  `formtype` tinyint NOT NULL,
  `series` tinyint NOT NULL,
  `controlid` tinyint NOT NULL,
  `sortdate` tinyint NOT NULL,
  `receiptdate` tinyint NOT NULL,
  `remittanceid` tinyint NOT NULL,
  `remittancedate` tinyint NOT NULL,
  `remittancedtposted` tinyint NOT NULL
) ENGINE=MyISAM */;
SET character_set_client = @saved_cs_client;

--
-- Temporary table structure for view `vw_cashbook_cashreceiptvoid_share_payable`
--

DROP TABLE IF EXISTS `vw_cashbook_cashreceiptvoid_share_payable`;
/*!50001 DROP VIEW IF EXISTS `vw_cashbook_cashreceiptvoid_share_payable`*/;
SET @saved_cs_client     = @@character_set_client;
SET character_set_client = utf8;
/*!50001 CREATE TABLE `vw_cashbook_cashreceiptvoid_share_payable` (
  `objid` tinyint NOT NULL,
  `txndate` tinyint NOT NULL,
  `refdate` tinyint NOT NULL,
  `refid` tinyint NOT NULL,
  `refno` tinyint NOT NULL,
  `reftype` tinyint NOT NULL,
  `particulars` tinyint NOT NULL,
  `fundid` tinyint NOT NULL,
  `collectorid` tinyint NOT NULL,
  `dr` tinyint NOT NULL,
  `cr` tinyint NOT NULL,
  `formno` tinyint NOT NULL,
  `formtype` tinyint NOT NULL,
  `series` tinyint NOT NULL,
  `controlid` tinyint NOT NULL,
  `sortdate` tinyint NOT NULL,
  `receiptdate` tinyint NOT NULL,
  `remittanceid` tinyint NOT NULL,
  `remittancedate` tinyint NOT NULL,
  `remittancedtposted` tinyint NOT NULL
) ENGINE=MyISAM */;
SET character_set_client = @saved_cs_client;

--
-- Temporary table structure for view `vw_cashbook_remittance`
--

DROP TABLE IF EXISTS `vw_cashbook_remittance`;
/*!50001 DROP VIEW IF EXISTS `vw_cashbook_remittance`*/;
SET @saved_cs_client     = @@character_set_client;
SET character_set_client = utf8;
/*!50001 CREATE TABLE `vw_cashbook_remittance` (
  `objid` tinyint NOT NULL,
  `txndate` tinyint NOT NULL,
  `refdate` tinyint NOT NULL,
  `refid` tinyint NOT NULL,
  `refno` tinyint NOT NULL,
  `reftype` tinyint NOT NULL,
  `particulars` tinyint NOT NULL,
  `fundid` tinyint NOT NULL,
  `collectorid` tinyint NOT NULL,
  `dr` tinyint NOT NULL,
  `cr` tinyint NOT NULL,
  `formno` tinyint NOT NULL,
  `formtype` tinyint NOT NULL,
  `series` tinyint NOT NULL,
  `controlid` tinyint NOT NULL,
  `sortdate` tinyint NOT NULL,
  `liquidatingofficer_objid` tinyint NOT NULL,
  `liquidatingofficer_name` tinyint NOT NULL,
  `voidid` tinyint NOT NULL,
  `voiddate` tinyint NOT NULL
) ENGINE=MyISAM */;
SET character_set_client = @saved_cs_client;

--
-- Temporary table structure for view `vw_cashbook_remittance_share`
--

DROP TABLE IF EXISTS `vw_cashbook_remittance_share`;
/*!50001 DROP VIEW IF EXISTS `vw_cashbook_remittance_share`*/;
SET @saved_cs_client     = @@character_set_client;
SET character_set_client = utf8;
/*!50001 CREATE TABLE `vw_cashbook_remittance_share` (
  `objid` tinyint NOT NULL,
  `txndate` tinyint NOT NULL,
  `refdate` tinyint NOT NULL,
  `refid` tinyint NOT NULL,
  `refno` tinyint NOT NULL,
  `reftype` tinyint NOT NULL,
  `particulars` tinyint NOT NULL,
  `fundid` tinyint NOT NULL,
  `collectorid` tinyint NOT NULL,
  `dr` tinyint NOT NULL,
  `cr` tinyint NOT NULL,
  `formno` tinyint NOT NULL,
  `formtype` tinyint NOT NULL,
  `series` tinyint NOT NULL,
  `controlid` tinyint NOT NULL,
  `sortdate` tinyint NOT NULL,
  `liquidatingofficer_objid` tinyint NOT NULL,
  `liquidatingofficer_name` tinyint NOT NULL,
  `voidid` tinyint NOT NULL,
  `voiddate` tinyint NOT NULL
) ENGINE=MyISAM */;
SET character_set_client = @saved_cs_client;

--
-- Temporary table structure for view `vw_cashbook_remittance_share_payable`
--

DROP TABLE IF EXISTS `vw_cashbook_remittance_share_payable`;
/*!50001 DROP VIEW IF EXISTS `vw_cashbook_remittance_share_payable`*/;
SET @saved_cs_client     = @@character_set_client;
SET character_set_client = utf8;
/*!50001 CREATE TABLE `vw_cashbook_remittance_share_payable` (
  `objid` tinyint NOT NULL,
  `txndate` tinyint NOT NULL,
  `refdate` tinyint NOT NULL,
  `refid` tinyint NOT NULL,
  `refno` tinyint NOT NULL,
  `reftype` tinyint NOT NULL,
  `particulars` tinyint NOT NULL,
  `fundid` tinyint NOT NULL,
  `collectorid` tinyint NOT NULL,
  `dr` tinyint NOT NULL,
  `cr` tinyint NOT NULL,
  `formno` tinyint NOT NULL,
  `formtype` tinyint NOT NULL,
  `series` tinyint NOT NULL,
  `controlid` tinyint NOT NULL,
  `sortdate` tinyint NOT NULL,
  `liquidatingofficer_objid` tinyint NOT NULL,
  `liquidatingofficer_name` tinyint NOT NULL,
  `voidid` tinyint NOT NULL,
  `voiddate` tinyint NOT NULL
) ENGINE=MyISAM */;
SET character_set_client = @saved_cs_client;

--
-- Temporary table structure for view `vw_cashreceipt_itemaccount`
--

DROP TABLE IF EXISTS `vw_cashreceipt_itemaccount`;
/*!50001 DROP VIEW IF EXISTS `vw_cashreceipt_itemaccount`*/;
SET @saved_cs_client     = @@character_set_client;
SET character_set_client = utf8;
/*!50001 CREATE TABLE `vw_cashreceipt_itemaccount` (
  `objid` tinyint NOT NULL,
  `state` tinyint NOT NULL,
  `code` tinyint NOT NULL,
  `title` tinyint NOT NULL,
  `description` tinyint NOT NULL,
  `type` tinyint NOT NULL,
  `fund_objid` tinyint NOT NULL,
  `fund_code` tinyint NOT NULL,
  `fund_title` tinyint NOT NULL,
  `defaultvalue` tinyint NOT NULL,
  `valuetype` tinyint NOT NULL,
  `sortorder` tinyint NOT NULL,
  `orgid` tinyint NOT NULL,
  `hidefromlookup` tinyint NOT NULL
) ENGINE=MyISAM */;
SET character_set_client = @saved_cs_client;

--
-- Temporary table structure for view `vw_cashreceipt_itemaccount_collectiongroup`
--

DROP TABLE IF EXISTS `vw_cashreceipt_itemaccount_collectiongroup`;
/*!50001 DROP VIEW IF EXISTS `vw_cashreceipt_itemaccount_collectiongroup`*/;
SET @saved_cs_client     = @@character_set_client;
SET character_set_client = utf8;
/*!50001 CREATE TABLE `vw_cashreceipt_itemaccount_collectiongroup` (
  `objid` tinyint NOT NULL,
  `state` tinyint NOT NULL,
  `code` tinyint NOT NULL,
  `title` tinyint NOT NULL,
  `description` tinyint NOT NULL,
  `type` tinyint NOT NULL,
  `fund_objid` tinyint NOT NULL,
  `fund_code` tinyint NOT NULL,
  `fund_title` tinyint NOT NULL,
  `defaultvalue` tinyint NOT NULL,
  `valuetype` tinyint NOT NULL,
  `sortorder` tinyint NOT NULL,
  `orgid` tinyint NOT NULL,
  `collectiongroupid` tinyint NOT NULL,
  `generic` tinyint NOT NULL
) ENGINE=MyISAM */;
SET character_set_client = @saved_cs_client;

--
-- Temporary table structure for view `vw_cashreceipt_itemaccount_collectiontype`
--

DROP TABLE IF EXISTS `vw_cashreceipt_itemaccount_collectiontype`;
/*!50001 DROP VIEW IF EXISTS `vw_cashreceipt_itemaccount_collectiontype`*/;
SET @saved_cs_client     = @@character_set_client;
SET character_set_client = utf8;
/*!50001 CREATE TABLE `vw_cashreceipt_itemaccount_collectiontype` (
  `objid` tinyint NOT NULL,
  `state` tinyint NOT NULL,
  `code` tinyint NOT NULL,
  `title` tinyint NOT NULL,
  `description` tinyint NOT NULL,
  `type` tinyint NOT NULL,
  `fund_objid` tinyint NOT NULL,
  `fund_code` tinyint NOT NULL,
  `fund_title` tinyint NOT NULL,
  `defaultvalue` tinyint NOT NULL,
  `valuetype` tinyint NOT NULL,
  `sortorder` tinyint NOT NULL,
  `orgid` tinyint NOT NULL,
  `collectiontypeid` tinyint NOT NULL,
  `hasorg` tinyint NOT NULL,
  `hidefromlookup` tinyint NOT NULL
) ENGINE=MyISAM */;
SET character_set_client = @saved_cs_client;

--
-- Temporary table structure for view `vw_cashreceiptpayment_noncash`
--

DROP TABLE IF EXISTS `vw_cashreceiptpayment_noncash`;
/*!50001 DROP VIEW IF EXISTS `vw_cashreceiptpayment_noncash`*/;
SET @saved_cs_client     = @@character_set_client;
SET character_set_client = utf8;
/*!50001 CREATE TABLE `vw_cashreceiptpayment_noncash` (
  `objid` tinyint NOT NULL,
  `receiptid` tinyint NOT NULL,
  `refno` tinyint NOT NULL,
  `refdate` tinyint NOT NULL,
  `reftype` tinyint NOT NULL,
  `amount` tinyint NOT NULL,
  `particulars` tinyint NOT NULL,
  `account_objid` tinyint NOT NULL,
  `account_code` tinyint NOT NULL,
  `account_name` tinyint NOT NULL,
  `account_fund_objid` tinyint NOT NULL,
  `account_fund_name` tinyint NOT NULL,
  `account_bank` tinyint NOT NULL,
  `fund_objid` tinyint NOT NULL,
  `refid` tinyint NOT NULL,
  `checkid` tinyint NOT NULL,
  `voidamount` tinyint NOT NULL,
  `void_objid` tinyint NOT NULL,
  `voided` tinyint NOT NULL,
  `receipt_receiptno` tinyint NOT NULL,
  `receipt_receiptdate` tinyint NOT NULL,
  `receipt_amount` tinyint NOT NULL,
  `receipt_collector_objid` tinyint NOT NULL,
  `receipt_collector_name` tinyint NOT NULL,
  `remittanceid` tinyint NOT NULL,
  `remittance_objid` tinyint NOT NULL,
  `remittance_controlno` tinyint NOT NULL,
  `remittance_controldate` tinyint NOT NULL
) ENGINE=MyISAM */;
SET character_set_client = @saved_cs_client;

--
-- Temporary table structure for view `vw_cashreceiptpayment_noncash_liquidated`
--

DROP TABLE IF EXISTS `vw_cashreceiptpayment_noncash_liquidated`;
/*!50001 DROP VIEW IF EXISTS `vw_cashreceiptpayment_noncash_liquidated`*/;
SET @saved_cs_client     = @@character_set_client;
SET character_set_client = utf8;
/*!50001 CREATE TABLE `vw_cashreceiptpayment_noncash_liquidated` (
  `objid` tinyint NOT NULL,
  `receiptid` tinyint NOT NULL,
  `refno` tinyint NOT NULL,
  `refdate` tinyint NOT NULL,
  `reftype` tinyint NOT NULL,
  `amount` tinyint NOT NULL,
  `particulars` tinyint NOT NULL,
  `account_objid` tinyint NOT NULL,
  `account_code` tinyint NOT NULL,
  `account_name` tinyint NOT NULL,
  `account_fund_objid` tinyint NOT NULL,
  `account_fund_name` tinyint NOT NULL,
  `account_bank` tinyint NOT NULL,
  `fund_objid` tinyint NOT NULL,
  `refid` tinyint NOT NULL,
  `checkid` tinyint NOT NULL,
  `voidamount` tinyint NOT NULL,
  `void_objid` tinyint NOT NULL,
  `voided` tinyint NOT NULL,
  `receipt_receiptno` tinyint NOT NULL,
  `receipt_receiptdate` tinyint NOT NULL,
  `receipt_amount` tinyint NOT NULL,
  `receipt_collector_objid` tinyint NOT NULL,
  `receipt_collector_name` tinyint NOT NULL,
  `remittanceid` tinyint NOT NULL,
  `remittance_objid` tinyint NOT NULL,
  `remittance_controlno` tinyint NOT NULL,
  `remittance_controldate` tinyint NOT NULL,
  `collectionvoucherid` tinyint NOT NULL,
  `collectionvoucher_objid` tinyint NOT NULL,
  `collectionvoucher_controlno` tinyint NOT NULL,
  `collectionvoucher_controldate` tinyint NOT NULL,
  `depositvoucherid` tinyint NOT NULL
) ENGINE=MyISAM */;
SET character_set_client = @saved_cs_client;

--
-- Temporary table structure for view `vw_collectiongroup`
--

DROP TABLE IF EXISTS `vw_collectiongroup`;
/*!50001 DROP VIEW IF EXISTS `vw_collectiongroup`*/;
SET @saved_cs_client     = @@character_set_client;
SET character_set_client = utf8;
/*!50001 CREATE TABLE `vw_collectiongroup` (
  `objid` tinyint NOT NULL,
  `name` tinyint NOT NULL,
  `sharing` tinyint NOT NULL,
  `orgid` tinyint NOT NULL
) ENGINE=MyISAM */;
SET character_set_client = @saved_cs_client;

--
-- Temporary table structure for view `vw_collectiontype`
--

DROP TABLE IF EXISTS `vw_collectiontype`;
/*!50001 DROP VIEW IF EXISTS `vw_collectiontype`*/;
SET @saved_cs_client     = @@character_set_client;
SET character_set_client = utf8;
/*!50001 CREATE TABLE `vw_collectiontype` (
  `objid` tinyint NOT NULL,
  `state` tinyint NOT NULL,
  `name` tinyint NOT NULL,
  `title` tinyint NOT NULL,
  `formno` tinyint NOT NULL,
  `handler` tinyint NOT NULL,
  `allowbatch` tinyint NOT NULL,
  `barcodekey` tinyint NOT NULL,
  `allowonline` tinyint NOT NULL,
  `allowoffline` tinyint NOT NULL,
  `sortorder` tinyint NOT NULL,
  `orgid` tinyint NOT NULL,
  `fund_objid` tinyint NOT NULL,
  `fund_title` tinyint NOT NULL,
  `category` tinyint NOT NULL,
  `queuesection` tinyint NOT NULL,
  `system` tinyint NOT NULL,
  `af_formtype` tinyint NOT NULL,
  `af_serieslength` tinyint NOT NULL,
  `af_denomination` tinyint NOT NULL,
  `af_baseunit` tinyint NOT NULL,
  `allowpaymentorder` tinyint NOT NULL,
  `allowkiosk` tinyint NOT NULL,
  `allowcreditmemo` tinyint NOT NULL
) ENGINE=MyISAM */;
SET character_set_client = @saved_cs_client;

--
-- Temporary table structure for view `vw_collectiontype_account`
--

DROP TABLE IF EXISTS `vw_collectiontype_account`;
/*!50001 DROP VIEW IF EXISTS `vw_collectiontype_account`*/;
SET @saved_cs_client     = @@character_set_client;
SET character_set_client = utf8;
/*!50001 CREATE TABLE `vw_collectiontype_account` (
  `objid` tinyint NOT NULL,
  `code` tinyint NOT NULL,
  `title` tinyint NOT NULL,
  `fund_objid` tinyint NOT NULL,
  `fund_code` tinyint NOT NULL,
  `fund_title` tinyint NOT NULL,
  `collectiontypeid` tinyint NOT NULL,
  `tag` tinyint NOT NULL,
  `valuetype` tinyint NOT NULL,
  `defaultvalue` tinyint NOT NULL
) ENGINE=MyISAM */;
SET character_set_client = @saved_cs_client;

--
-- Temporary table structure for view `vw_collectionvoucher_cashreceiptitem`
--

DROP TABLE IF EXISTS `vw_collectionvoucher_cashreceiptitem`;
/*!50001 DROP VIEW IF EXISTS `vw_collectionvoucher_cashreceiptitem`*/;
SET @saved_cs_client     = @@character_set_client;
SET character_set_client = utf8;
/*!50001 CREATE TABLE `vw_collectionvoucher_cashreceiptitem` (
  `collectionvoucher_controldate` tinyint NOT NULL,
  `collectionvoucher_controlno` tinyint NOT NULL,
  `remittanceid` tinyint NOT NULL,
  `remittance_controldate` tinyint NOT NULL,
  `remittance_controlno` tinyint NOT NULL,
  `collectionvoucherid` tinyint NOT NULL,
  `collectiontype_objid` tinyint NOT NULL,
  `collectiontype_name` tinyint NOT NULL,
  `org_objid` tinyint NOT NULL,
  `org_name` tinyint NOT NULL,
  `formtype` tinyint NOT NULL,
  `formno` tinyint NOT NULL,
  `receiptid` tinyint NOT NULL,
  `receiptdate` tinyint NOT NULL,
  `receiptno` tinyint NOT NULL,
  `controlid` tinyint NOT NULL,
  `series` tinyint NOT NULL,
  `stubno` tinyint NOT NULL,
  `paidby` tinyint NOT NULL,
  `paidbyaddress` tinyint NOT NULL,
  `collectorid` tinyint NOT NULL,
  `collectorname` tinyint NOT NULL,
  `collectortitle` tinyint NOT NULL,
  `fundid` tinyint NOT NULL,
  `acctid` tinyint NOT NULL,
  `acctcode` tinyint NOT NULL,
  `acctname` tinyint NOT NULL,
  `remarks` tinyint NOT NULL,
  `amount` tinyint NOT NULL,
  `voided` tinyint NOT NULL,
  `voidamount` tinyint NOT NULL,
  `formtypeindex` tinyint NOT NULL
) ENGINE=MyISAM */;
SET character_set_client = @saved_cs_client;

--
-- Temporary table structure for view `vw_collectionvoucher_cashreceiptshare`
--

DROP TABLE IF EXISTS `vw_collectionvoucher_cashreceiptshare`;
/*!50001 DROP VIEW IF EXISTS `vw_collectionvoucher_cashreceiptshare`*/;
SET @saved_cs_client     = @@character_set_client;
SET character_set_client = utf8;
/*!50001 CREATE TABLE `vw_collectionvoucher_cashreceiptshare` (
  `collectionvoucher_controldate` tinyint NOT NULL,
  `collectionvoucher_controlno` tinyint NOT NULL,
  `remittanceid` tinyint NOT NULL,
  `remittance_controldate` tinyint NOT NULL,
  `remittance_controlno` tinyint NOT NULL,
  `collectionvoucherid` tinyint NOT NULL,
  `formno` tinyint NOT NULL,
  `formtype` tinyint NOT NULL,
  `controlid` tinyint NOT NULL,
  `series` tinyint NOT NULL,
  `receiptid` tinyint NOT NULL,
  `receiptdate` tinyint NOT NULL,
  `receiptno` tinyint NOT NULL,
  `paidby` tinyint NOT NULL,
  `paidbyaddress` tinyint NOT NULL,
  `org_objid` tinyint NOT NULL,
  `org_name` tinyint NOT NULL,
  `collectiontype_objid` tinyint NOT NULL,
  `collectiontype_name` tinyint NOT NULL,
  `collectorid` tinyint NOT NULL,
  `collectorname` tinyint NOT NULL,
  `collectortitle` tinyint NOT NULL,
  `refacctid` tinyint NOT NULL,
  `fundid` tinyint NOT NULL,
  `acctid` tinyint NOT NULL,
  `acctcode` tinyint NOT NULL,
  `acctname` tinyint NOT NULL,
  `amount` tinyint NOT NULL,
  `voided` tinyint NOT NULL,
  `voidamount` tinyint NOT NULL,
  `formtypeindex` tinyint NOT NULL
) ENGINE=MyISAM */;
SET character_set_client = @saved_cs_client;

--
-- Temporary table structure for view `vw_deposit_fund_transfer`
--

DROP TABLE IF EXISTS `vw_deposit_fund_transfer`;
/*!50001 DROP VIEW IF EXISTS `vw_deposit_fund_transfer`*/;
SET @saved_cs_client     = @@character_set_client;
SET character_set_client = utf8;
/*!50001 CREATE TABLE `vw_deposit_fund_transfer` (
  `objid` tinyint NOT NULL,
  `amount` tinyint NOT NULL,
  `todepositvoucherfundid` tinyint NOT NULL,
  `todepositvoucherfund_fund_objid` tinyint NOT NULL,
  `todepositvoucherfund_fund_code` tinyint NOT NULL,
  `todepositvoucherfund_fund_title` tinyint NOT NULL,
  `fromdepositvoucherfundid` tinyint NOT NULL,
  `fromdepositvoucherfund_fund_objid` tinyint NOT NULL,
  `fromdepositvoucherfund_fund_code` tinyint NOT NULL,
  `fromdepositvoucherfund_fund_title` tinyint NOT NULL
) ENGINE=MyISAM */;
SET character_set_client = @saved_cs_client;

--
-- Temporary table structure for view `vw_entity_mapping`
--

DROP TABLE IF EXISTS `vw_entity_mapping`;
/*!50001 DROP VIEW IF EXISTS `vw_entity_mapping`*/;
SET @saved_cs_client     = @@character_set_client;
SET character_set_client = utf8;
/*!50001 CREATE TABLE `vw_entity_mapping` (
  `objid` tinyint NOT NULL,
  `parent_objid` tinyint NOT NULL,
  `org_objid` tinyint NOT NULL,
  `entityno` tinyint NOT NULL,
  `name` tinyint NOT NULL,
  `address_text` tinyint NOT NULL,
  `address_province` tinyint NOT NULL,
  `address_municipality` tinyint NOT NULL
) ENGINE=MyISAM */;
SET character_set_client = @saved_cs_client;

--
-- Temporary table structure for view `vw_entity_relation`
--

DROP TABLE IF EXISTS `vw_entity_relation`;
/*!50001 DROP VIEW IF EXISTS `vw_entity_relation`*/;
SET @saved_cs_client     = @@character_set_client;
SET character_set_client = utf8;
/*!50001 CREATE TABLE `vw_entity_relation` (
  `objid` tinyint NOT NULL,
  `ownerid` tinyint NOT NULL,
  `entityid` tinyint NOT NULL,
  `entityno` tinyint NOT NULL,
  `name` tinyint NOT NULL,
  `firstname` tinyint NOT NULL,
  `lastname` tinyint NOT NULL,
  `middlename` tinyint NOT NULL,
  `birthdate` tinyint NOT NULL,
  `gender` tinyint NOT NULL,
  `relationship` tinyint NOT NULL
) ENGINE=MyISAM */;
SET character_set_client = @saved_cs_client;

--
-- Temporary table structure for view `vw_entityindividual`
--

DROP TABLE IF EXISTS `vw_entityindividual`;
/*!50001 DROP VIEW IF EXISTS `vw_entityindividual`*/;
SET @saved_cs_client     = @@character_set_client;
SET character_set_client = utf8;
/*!50001 CREATE TABLE `vw_entityindividual` (
  `objid` tinyint NOT NULL,
  `lastname` tinyint NOT NULL,
  `firstname` tinyint NOT NULL,
  `middlename` tinyint NOT NULL,
  `birthdate` tinyint NOT NULL,
  `birthplace` tinyint NOT NULL,
  `citizenship` tinyint NOT NULL,
  `gender` tinyint NOT NULL,
  `civilstatus` tinyint NOT NULL,
  `profession` tinyint NOT NULL,
  `tin` tinyint NOT NULL,
  `sss` tinyint NOT NULL,
  `height` tinyint NOT NULL,
  `weight` tinyint NOT NULL,
  `acr` tinyint NOT NULL,
  `religion` tinyint NOT NULL,
  `photo` tinyint NOT NULL,
  `thumbnail` tinyint NOT NULL,
  `profileid` tinyint NOT NULL,
  `entityno` tinyint NOT NULL,
  `type` tinyint NOT NULL,
  `name` tinyint NOT NULL,
  `entityname` tinyint NOT NULL,
  `mobileno` tinyint NOT NULL,
  `phoneno` tinyint NOT NULL,
  `address_objid` tinyint NOT NULL,
  `address_text` tinyint NOT NULL
) ENGINE=MyISAM */;
SET character_set_client = @saved_cs_client;

--
-- Temporary table structure for view `vw_entityindividual_lookup`
--

DROP TABLE IF EXISTS `vw_entityindividual_lookup`;
/*!50001 DROP VIEW IF EXISTS `vw_entityindividual_lookup`*/;
SET @saved_cs_client     = @@character_set_client;
SET character_set_client = utf8;
/*!50001 CREATE TABLE `vw_entityindividual_lookup` (
  `objid` tinyint NOT NULL,
  `entityno` tinyint NOT NULL,
  `name` tinyint NOT NULL,
  `addresstext` tinyint NOT NULL,
  `type` tinyint NOT NULL,
  `lastname` tinyint NOT NULL,
  `firstname` tinyint NOT NULL,
  `middlename` tinyint NOT NULL,
  `gender` tinyint NOT NULL,
  `birthdate` tinyint NOT NULL,
  `mobileno` tinyint NOT NULL,
  `phoneno` tinyint NOT NULL
) ENGINE=MyISAM */;
SET character_set_client = @saved_cs_client;

--
-- Temporary table structure for view `vw_entityrelation_lookup`
--

DROP TABLE IF EXISTS `vw_entityrelation_lookup`;
/*!50001 DROP VIEW IF EXISTS `vw_entityrelation_lookup`*/;
SET @saved_cs_client     = @@character_set_client;
SET character_set_client = utf8;
/*!50001 CREATE TABLE `vw_entityrelation_lookup` (
  `objid` tinyint NOT NULL,
  `entity_objid` tinyint NOT NULL,
  `relateto_objid` tinyint NOT NULL,
  `relation_objid` tinyint NOT NULL,
  `entityno` tinyint NOT NULL,
  `name` tinyint NOT NULL,
  `addresstext` tinyint NOT NULL,
  `type` tinyint NOT NULL,
  `lastname` tinyint NOT NULL,
  `firstname` tinyint NOT NULL,
  `middlename` tinyint NOT NULL,
  `gender` tinyint NOT NULL,
  `birthdate` tinyint NOT NULL,
  `mobileno` tinyint NOT NULL,
  `phoneno` tinyint NOT NULL
) ENGINE=MyISAM */;
SET character_set_client = @saved_cs_client;

--
-- Temporary table structure for view `vw_faas_lookup`
--

DROP TABLE IF EXISTS `vw_faas_lookup`;
/*!50001 DROP VIEW IF EXISTS `vw_faas_lookup`*/;
SET @saved_cs_client     = @@character_set_client;
SET character_set_client = utf8;
/*!50001 CREATE TABLE `vw_faas_lookup` (
  `objid` tinyint NOT NULL,
  `state` tinyint NOT NULL,
  `rpuid` tinyint NOT NULL,
  `utdno` tinyint NOT NULL,
  `tdno` tinyint NOT NULL,
  `txntype_objid` tinyint NOT NULL,
  `effectivityyear` tinyint NOT NULL,
  `effectivityqtr` tinyint NOT NULL,
  `taxpayer_objid` tinyint NOT NULL,
  `owner_name` tinyint NOT NULL,
  `owner_address` tinyint NOT NULL,
  `prevtdno` tinyint NOT NULL,
  `cancelreason` tinyint NOT NULL,
  `cancelledbytdnos` tinyint NOT NULL,
  `lguid` tinyint NOT NULL,
  `realpropertyid` tinyint NOT NULL,
  `fullpin` tinyint NOT NULL,
  `originlguid` tinyint NOT NULL,
  `taxpayer_name` tinyint NOT NULL,
  `taxpayer_address` tinyint NOT NULL,
  `classification_code` tinyint NOT NULL,
  `classcode` tinyint NOT NULL,
  `classification_name` tinyint NOT NULL,
  `classname` tinyint NOT NULL,
  `ry` tinyint NOT NULL,
  `rputype` tinyint NOT NULL,
  `totalmv` tinyint NOT NULL,
  `totalav` tinyint NOT NULL,
  `totalareasqm` tinyint NOT NULL,
  `totalareaha` tinyint NOT NULL,
  `barangayid` tinyint NOT NULL,
  `cadastrallotno` tinyint NOT NULL,
  `blockno` tinyint NOT NULL,
  `surveyno` tinyint NOT NULL,
  `pin` tinyint NOT NULL,
  `barangay_name` tinyint NOT NULL,
  `trackingno` tinyint NOT NULL
) ENGINE=MyISAM */;
SET character_set_client = @saved_cs_client;

--
-- Temporary table structure for view `vw_fund`
--

DROP TABLE IF EXISTS `vw_fund`;
/*!50001 DROP VIEW IF EXISTS `vw_fund`*/;
SET @saved_cs_client     = @@character_set_client;
SET character_set_client = utf8;
/*!50001 CREATE TABLE `vw_fund` (
  `objid` tinyint NOT NULL,
  `parentid` tinyint NOT NULL,
  `state` tinyint NOT NULL,
  `code` tinyint NOT NULL,
  `title` tinyint NOT NULL,
  `type` tinyint NOT NULL,
  `special` tinyint NOT NULL,
  `system` tinyint NOT NULL,
  `groupid` tinyint NOT NULL,
  `depositoryfundid` tinyint NOT NULL,
  `group_objid` tinyint NOT NULL,
  `group_title` tinyint NOT NULL,
  `group_indexno` tinyint NOT NULL,
  `depositoryfund_objid` tinyint NOT NULL,
  `depositoryfund_state` tinyint NOT NULL,
  `depositoryfund_code` tinyint NOT NULL,
  `depositoryfund_title` tinyint NOT NULL
) ENGINE=MyISAM */;
SET character_set_client = @saved_cs_client;

--
-- Temporary table structure for view `vw_income_ledger`
--

DROP TABLE IF EXISTS `vw_income_ledger`;
/*!50001 DROP VIEW IF EXISTS `vw_income_ledger`*/;
SET @saved_cs_client     = @@character_set_client;
SET character_set_client = utf8;
/*!50001 CREATE TABLE `vw_income_ledger` (
  `year` tinyint NOT NULL,
  `month` tinyint NOT NULL,
  `fundid` tinyint NOT NULL,
  `itemacctid` tinyint NOT NULL,
  `amount` tinyint NOT NULL,
  `jevid` tinyint NOT NULL,
  `objid` tinyint NOT NULL
) ENGINE=MyISAM */;
SET character_set_client = @saved_cs_client;

--
-- Temporary table structure for view `vw_income_summary`
--

DROP TABLE IF EXISTS `vw_income_summary`;
/*!50001 DROP VIEW IF EXISTS `vw_income_summary`*/;
SET @saved_cs_client     = @@character_set_client;
SET character_set_client = utf8;
/*!50001 CREATE TABLE `vw_income_summary` (
  `refid` tinyint NOT NULL,
  `refdate` tinyint NOT NULL,
  `refno` tinyint NOT NULL,
  `reftype` tinyint NOT NULL,
  `acctid` tinyint NOT NULL,
  `fundid` tinyint NOT NULL,
  `amount` tinyint NOT NULL,
  `orgid` tinyint NOT NULL,
  `collectorid` tinyint NOT NULL,
  `refyear` tinyint NOT NULL,
  `refmonth` tinyint NOT NULL,
  `refqtr` tinyint NOT NULL,
  `remittanceid` tinyint NOT NULL,
  `remittancedate` tinyint NOT NULL,
  `remittanceyear` tinyint NOT NULL,
  `remittancemonth` tinyint NOT NULL,
  `remittanceqtr` tinyint NOT NULL,
  `liquidationid` tinyint NOT NULL,
  `liquidationdate` tinyint NOT NULL,
  `liquidationyear` tinyint NOT NULL,
  `liquidationmonth` tinyint NOT NULL,
  `liquidationqtr` tinyint NOT NULL,
  `fundgroupid` tinyint NOT NULL,
  `itemid` tinyint NOT NULL,
  `itemcode` tinyint NOT NULL,
  `itemtitle` tinyint NOT NULL,
  `itemtype` tinyint NOT NULL
) ENGINE=MyISAM */;
SET character_set_client = @saved_cs_client;

--
-- Temporary table structure for view `vw_landtax_lgu_account_mapping`
--

DROP TABLE IF EXISTS `vw_landtax_lgu_account_mapping`;
/*!50001 DROP VIEW IF EXISTS `vw_landtax_lgu_account_mapping`*/;
SET @saved_cs_client     = @@character_set_client;
SET character_set_client = utf8;
/*!50001 CREATE TABLE `vw_landtax_lgu_account_mapping` (
  `org_objid` tinyint NOT NULL,
  `org_name` tinyint NOT NULL,
  `org_class` tinyint NOT NULL,
  `parent_objid` tinyint NOT NULL,
  `parent_code` tinyint NOT NULL,
  `parent_title` tinyint NOT NULL,
  `item_objid` tinyint NOT NULL,
  `item_code` tinyint NOT NULL,
  `item_title` tinyint NOT NULL,
  `item_fund_objid` tinyint NOT NULL,
  `item_fund_code` tinyint NOT NULL,
  `item_fund_title` tinyint NOT NULL,
  `item_type` tinyint NOT NULL,
  `item_tag` tinyint NOT NULL
) ENGINE=MyISAM */;
SET character_set_client = @saved_cs_client;

--
-- Temporary table structure for view `vw_landtax_report_rptdelinquency`
--

DROP TABLE IF EXISTS `vw_landtax_report_rptdelinquency`;
/*!50001 DROP VIEW IF EXISTS `vw_landtax_report_rptdelinquency`*/;
SET @saved_cs_client     = @@character_set_client;
SET character_set_client = utf8;
/*!50001 CREATE TABLE `vw_landtax_report_rptdelinquency` (
  `objid` tinyint NOT NULL,
  `rptledgerid` tinyint NOT NULL,
  `barangayid` tinyint NOT NULL,
  `year` tinyint NOT NULL,
  `qtr` tinyint NOT NULL,
  `dtgenerated` tinyint NOT NULL,
  `dtcomputed` tinyint NOT NULL,
  `generatedby_name` tinyint NOT NULL,
  `generatedby_title` tinyint NOT NULL,
  `basic` tinyint NOT NULL,
  `basicint` tinyint NOT NULL,
  `basicdisc` tinyint NOT NULL,
  `basicdp` tinyint NOT NULL,
  `basicnet` tinyint NOT NULL,
  `basicidle` tinyint NOT NULL,
  `basicidleint` tinyint NOT NULL,
  `basicidledisc` tinyint NOT NULL,
  `basicidledp` tinyint NOT NULL,
  `basicidlenet` tinyint NOT NULL,
  `sef` tinyint NOT NULL,
  `sefint` tinyint NOT NULL,
  `sefdisc` tinyint NOT NULL,
  `sefdp` tinyint NOT NULL,
  `sefnet` tinyint NOT NULL,
  `firecode` tinyint NOT NULL,
  `firecodeint` tinyint NOT NULL,
  `firecodedisc` tinyint NOT NULL,
  `firecodedp` tinyint NOT NULL,
  `firecodenet` tinyint NOT NULL,
  `sh` tinyint NOT NULL,
  `shint` tinyint NOT NULL,
  `shdisc` tinyint NOT NULL,
  `shdp` tinyint NOT NULL,
  `shnet` tinyint NOT NULL,
  `total` tinyint NOT NULL
) ENGINE=MyISAM */;
SET character_set_client = @saved_cs_client;

--
-- Temporary table structure for view `vw_landtax_report_rptdelinquency_detail`
--

DROP TABLE IF EXISTS `vw_landtax_report_rptdelinquency_detail`;
/*!50001 DROP VIEW IF EXISTS `vw_landtax_report_rptdelinquency_detail`*/;
SET @saved_cs_client     = @@character_set_client;
SET character_set_client = utf8;
/*!50001 CREATE TABLE `vw_landtax_report_rptdelinquency_detail` (
  `objid` tinyint NOT NULL,
  `rptledgerid` tinyint NOT NULL,
  `barangayid` tinyint NOT NULL,
  `year` tinyint NOT NULL,
  `qtr` tinyint NOT NULL,
  `dtgenerated` tinyint NOT NULL,
  `dtcomputed` tinyint NOT NULL,
  `generatedby_name` tinyint NOT NULL,
  `generatedby_title` tinyint NOT NULL,
  `basic` tinyint NOT NULL,
  `basicint` tinyint NOT NULL,
  `basicdisc` tinyint NOT NULL,
  `basicdp` tinyint NOT NULL,
  `basicnet` tinyint NOT NULL,
  `basicidle` tinyint NOT NULL,
  `basicidleint` tinyint NOT NULL,
  `basicidledisc` tinyint NOT NULL,
  `basicidledp` tinyint NOT NULL,
  `basicidlenet` tinyint NOT NULL,
  `sef` tinyint NOT NULL,
  `sefint` tinyint NOT NULL,
  `sefdisc` tinyint NOT NULL,
  `sefdp` tinyint NOT NULL,
  `sefnet` tinyint NOT NULL,
  `firecode` tinyint NOT NULL,
  `firecodeint` tinyint NOT NULL,
  `firecodedisc` tinyint NOT NULL,
  `firecodedp` tinyint NOT NULL,
  `firecodenet` tinyint NOT NULL,
  `sh` tinyint NOT NULL,
  `shint` tinyint NOT NULL,
  `shdisc` tinyint NOT NULL,
  `shdp` tinyint NOT NULL,
  `shnet` tinyint NOT NULL,
  `total` tinyint NOT NULL
) ENGINE=MyISAM */;
SET character_set_client = @saved_cs_client;

--
-- Temporary table structure for view `vw_machine_smv`
--

DROP TABLE IF EXISTS `vw_machine_smv`;
/*!50001 DROP VIEW IF EXISTS `vw_machine_smv`*/;
SET @saved_cs_client     = @@character_set_client;
SET character_set_client = utf8;
/*!50001 CREATE TABLE `vw_machine_smv` (
  `objid` tinyint NOT NULL,
  `parent_objid` tinyint NOT NULL,
  `machine_objid` tinyint NOT NULL,
  `expr` tinyint NOT NULL,
  `previd` tinyint NOT NULL,
  `code` tinyint NOT NULL,
  `name` tinyint NOT NULL
) ENGINE=MyISAM */;
SET character_set_client = @saved_cs_client;

--
-- Temporary table structure for view `vw_newly_assessed_property`
--

DROP TABLE IF EXISTS `vw_newly_assessed_property`;
/*!50001 DROP VIEW IF EXISTS `vw_newly_assessed_property`*/;
SET @saved_cs_client     = @@character_set_client;
SET character_set_client = utf8;
/*!50001 CREATE TABLE `vw_newly_assessed_property` (
  `objid` tinyint NOT NULL,
  `owner_name` tinyint NOT NULL,
  `tdno` tinyint NOT NULL,
  `barangay` tinyint NOT NULL,
  `rputype` tinyint NOT NULL,
  `totalav` tinyint NOT NULL,
  `effectivityyear` tinyint NOT NULL
) ENGINE=MyISAM */;
SET character_set_client = @saved_cs_client;

--
-- Temporary table structure for view `vw_online_business_application`
--

DROP TABLE IF EXISTS `vw_online_business_application`;
/*!50001 DROP VIEW IF EXISTS `vw_online_business_application`*/;
SET @saved_cs_client     = @@character_set_client;
SET character_set_client = utf8;
/*!50001 CREATE TABLE `vw_online_business_application` (
  `objid` tinyint NOT NULL,
  `state` tinyint NOT NULL,
  `dtcreated` tinyint NOT NULL,
  `createdby_objid` tinyint NOT NULL,
  `createdby_name` tinyint NOT NULL,
  `controlno` tinyint NOT NULL,
  `apptype` tinyint NOT NULL,
  `appyear` tinyint NOT NULL,
  `appdate` tinyint NOT NULL,
  `prevapplicationid` tinyint NOT NULL,
  `business_objid` tinyint NOT NULL,
  `bin` tinyint NOT NULL,
  `tradename` tinyint NOT NULL,
  `businessname` tinyint NOT NULL,
  `address_text` tinyint NOT NULL,
  `address_objid` tinyint NOT NULL,
  `owner_name` tinyint NOT NULL,
  `owner_address_text` tinyint NOT NULL,
  `owner_address_objid` tinyint NOT NULL,
  `yearstarted` tinyint NOT NULL,
  `orgtype` tinyint NOT NULL,
  `permittype` tinyint NOT NULL,
  `officetype` tinyint NOT NULL,
  `step` tinyint NOT NULL
) ENGINE=MyISAM */;
SET character_set_client = @saved_cs_client;

--
-- Temporary table structure for view `vw_real_property_payment`
--

DROP TABLE IF EXISTS `vw_real_property_payment`;
/*!50001 DROP VIEW IF EXISTS `vw_real_property_payment`*/;
SET @saved_cs_client     = @@character_set_client;
SET character_set_client = utf8;
/*!50001 CREATE TABLE `vw_real_property_payment` (
  `cv_controldate` tinyint NOT NULL,
  `rem_controldate` tinyint NOT NULL,
  `owner_name` tinyint NOT NULL,
  `tdno` tinyint NOT NULL,
  `classification` tinyint NOT NULL,
  `rputype` tinyint NOT NULL,
  `barangay` tinyint NOT NULL,
  `amount` tinyint NOT NULL,
  `voided` tinyint NOT NULL
) ENGINE=MyISAM */;
SET character_set_client = @saved_cs_client;

--
-- Temporary table structure for view `vw_remittance_cashreceipt`
--

DROP TABLE IF EXISTS `vw_remittance_cashreceipt`;
/*!50001 DROP VIEW IF EXISTS `vw_remittance_cashreceipt`*/;
SET @saved_cs_client     = @@character_set_client;
SET character_set_client = utf8;
/*!50001 CREATE TABLE `vw_remittance_cashreceipt` (
  `remittance_objid` tinyint NOT NULL,
  `remittance_controldate` tinyint NOT NULL,
  `remittance_controlno` tinyint NOT NULL,
  `remittanceid` tinyint NOT NULL,
  `collectionvoucherid` tinyint NOT NULL,
  `controlid` tinyint NOT NULL,
  `formtype` tinyint NOT NULL,
  `formtypeindexno` tinyint NOT NULL,
  `formno` tinyint NOT NULL,
  `stubno` tinyint NOT NULL,
  `series` tinyint NOT NULL,
  `receiptno` tinyint NOT NULL,
  `receiptdate` tinyint NOT NULL,
  `amount` tinyint NOT NULL,
  `totalnoncash` tinyint NOT NULL,
  `totalcash` tinyint NOT NULL,
  `voided` tinyint NOT NULL,
  `voidamount` tinyint NOT NULL,
  `paidby` tinyint NOT NULL,
  `paidbyaddress` tinyint NOT NULL,
  `payer_objid` tinyint NOT NULL,
  `payer_name` tinyint NOT NULL,
  `collector_objid` tinyint NOT NULL,
  `collector_name` tinyint NOT NULL,
  `collector_title` tinyint NOT NULL,
  `receiptid` tinyint NOT NULL,
  `collectiontype_objid` tinyint NOT NULL,
  `org_objid` tinyint NOT NULL
) ENGINE=MyISAM */;
SET character_set_client = @saved_cs_client;

--
-- Temporary table structure for view `vw_remittance_cashreceipt_af`
--

DROP TABLE IF EXISTS `vw_remittance_cashreceipt_af`;
/*!50001 DROP VIEW IF EXISTS `vw_remittance_cashreceipt_af`*/;
SET @saved_cs_client     = @@character_set_client;
SET character_set_client = utf8;
/*!50001 CREATE TABLE `vw_remittance_cashreceipt_af` (
  `remittanceid` tinyint NOT NULL,
  `collector_objid` tinyint NOT NULL,
  `controlid` tinyint NOT NULL,
  `fromreceiptno` tinyint NOT NULL,
  `toreceiptno` tinyint NOT NULL,
  `fromseries` tinyint NOT NULL,
  `toseries` tinyint NOT NULL,
  `qty` tinyint NOT NULL,
  `amount` tinyint NOT NULL,
  `qtyvoided` tinyint NOT NULL,
  `voidamt` tinyint NOT NULL,
  `qtycancelled` tinyint NOT NULL,
  `cancelledamt` tinyint NOT NULL,
  `formtype` tinyint NOT NULL,
  `serieslength` tinyint NOT NULL,
  `denomination` tinyint NOT NULL,
  `formno` tinyint NOT NULL,
  `stubno` tinyint NOT NULL,
  `startseries` tinyint NOT NULL,
  `endseries` tinyint NOT NULL,
  `prefix` tinyint NOT NULL,
  `suffix` tinyint NOT NULL
) ENGINE=MyISAM */;
SET character_set_client = @saved_cs_client;

--
-- Temporary table structure for view `vw_remittance_cashreceipt_afsummary`
--

DROP TABLE IF EXISTS `vw_remittance_cashreceipt_afsummary`;
/*!50001 DROP VIEW IF EXISTS `vw_remittance_cashreceipt_afsummary`*/;
SET @saved_cs_client     = @@character_set_client;
SET character_set_client = utf8;
/*!50001 CREATE TABLE `vw_remittance_cashreceipt_afsummary` (
  `objid` tinyint NOT NULL,
  `remittanceid` tinyint NOT NULL,
  `collector_objid` tinyint NOT NULL,
  `controlid` tinyint NOT NULL,
  `fromreceiptno` tinyint NOT NULL,
  `toreceiptno` tinyint NOT NULL,
  `fromseries` tinyint NOT NULL,
  `toseries` tinyint NOT NULL,
  `qty` tinyint NOT NULL,
  `amount` tinyint NOT NULL,
  `qtyvoided` tinyint NOT NULL,
  `voidamt` tinyint NOT NULL,
  `qtycancelled` tinyint NOT NULL,
  `cancelledamt` tinyint NOT NULL,
  `formtype` tinyint NOT NULL,
  `serieslength` tinyint NOT NULL,
  `denomination` tinyint NOT NULL,
  `formno` tinyint NOT NULL,
  `stubno` tinyint NOT NULL,
  `startseries` tinyint NOT NULL,
  `endseries` tinyint NOT NULL,
  `prefix` tinyint NOT NULL,
  `suffix` tinyint NOT NULL
) ENGINE=MyISAM */;
SET character_set_client = @saved_cs_client;

--
-- Temporary table structure for view `vw_remittance_cashreceiptitem`
--

DROP TABLE IF EXISTS `vw_remittance_cashreceiptitem`;
/*!50001 DROP VIEW IF EXISTS `vw_remittance_cashreceiptitem`*/;
SET @saved_cs_client     = @@character_set_client;
SET character_set_client = utf8;
/*!50001 CREATE TABLE `vw_remittance_cashreceiptitem` (
  `remittanceid` tinyint NOT NULL,
  `remittance_controldate` tinyint NOT NULL,
  `remittance_controlno` tinyint NOT NULL,
  `collectionvoucherid` tinyint NOT NULL,
  `collectiontype_objid` tinyint NOT NULL,
  `collectiontype_name` tinyint NOT NULL,
  `org_objid` tinyint NOT NULL,
  `org_name` tinyint NOT NULL,
  `formtype` tinyint NOT NULL,
  `formno` tinyint NOT NULL,
  `receiptid` tinyint NOT NULL,
  `receiptdate` tinyint NOT NULL,
  `receiptno` tinyint NOT NULL,
  `controlid` tinyint NOT NULL,
  `series` tinyint NOT NULL,
  `stubno` tinyint NOT NULL,
  `paidby` tinyint NOT NULL,
  `paidbyaddress` tinyint NOT NULL,
  `collectorid` tinyint NOT NULL,
  `collectorname` tinyint NOT NULL,
  `collectortitle` tinyint NOT NULL,
  `fundid` tinyint NOT NULL,
  `acctid` tinyint NOT NULL,
  `acctcode` tinyint NOT NULL,
  `acctname` tinyint NOT NULL,
  `remarks` tinyint NOT NULL,
  `amount` tinyint NOT NULL,
  `voided` tinyint NOT NULL,
  `voidamount` tinyint NOT NULL,
  `formtypeindex` tinyint NOT NULL
) ENGINE=MyISAM */;
SET character_set_client = @saved_cs_client;

--
-- Temporary table structure for view `vw_remittance_cashreceiptpayment_noncash`
--

DROP TABLE IF EXISTS `vw_remittance_cashreceiptpayment_noncash`;
/*!50001 DROP VIEW IF EXISTS `vw_remittance_cashreceiptpayment_noncash`*/;
SET @saved_cs_client     = @@character_set_client;
SET character_set_client = utf8;
/*!50001 CREATE TABLE `vw_remittance_cashreceiptpayment_noncash` (
  `objid` tinyint NOT NULL,
  `receiptid` tinyint NOT NULL,
  `refno` tinyint NOT NULL,
  `refdate` tinyint NOT NULL,
  `reftype` tinyint NOT NULL,
  `particulars` tinyint NOT NULL,
  `fundid` tinyint NOT NULL,
  `refid` tinyint NOT NULL,
  `amount` tinyint NOT NULL,
  `voided` tinyint NOT NULL,
  `voidamount` tinyint NOT NULL,
  `bankid` tinyint NOT NULL,
  `bank_name` tinyint NOT NULL,
  `remittanceid` tinyint NOT NULL,
  `collectionvoucherid` tinyint NOT NULL
) ENGINE=MyISAM */;
SET character_set_client = @saved_cs_client;

--
-- Temporary table structure for view `vw_remittance_cashreceiptshare`
--

DROP TABLE IF EXISTS `vw_remittance_cashreceiptshare`;
/*!50001 DROP VIEW IF EXISTS `vw_remittance_cashreceiptshare`*/;
SET @saved_cs_client     = @@character_set_client;
SET character_set_client = utf8;
/*!50001 CREATE TABLE `vw_remittance_cashreceiptshare` (
  `remittanceid` tinyint NOT NULL,
  `remittance_controldate` tinyint NOT NULL,
  `remittance_controlno` tinyint NOT NULL,
  `collectionvoucherid` tinyint NOT NULL,
  `formno` tinyint NOT NULL,
  `formtype` tinyint NOT NULL,
  `controlid` tinyint NOT NULL,
  `series` tinyint NOT NULL,
  `receiptid` tinyint NOT NULL,
  `receiptdate` tinyint NOT NULL,
  `receiptno` tinyint NOT NULL,
  `paidby` tinyint NOT NULL,
  `paidbyaddress` tinyint NOT NULL,
  `org_objid` tinyint NOT NULL,
  `org_name` tinyint NOT NULL,
  `collectiontype_objid` tinyint NOT NULL,
  `collectiontype_name` tinyint NOT NULL,
  `collectorid` tinyint NOT NULL,
  `collectorname` tinyint NOT NULL,
  `collectortitle` tinyint NOT NULL,
  `refacctid` tinyint NOT NULL,
  `fundid` tinyint NOT NULL,
  `acctid` tinyint NOT NULL,
  `acctcode` tinyint NOT NULL,
  `acctname` tinyint NOT NULL,
  `amount` tinyint NOT NULL,
  `voided` tinyint NOT NULL,
  `voidamount` tinyint NOT NULL,
  `formtypeindex` tinyint NOT NULL
) ENGINE=MyISAM */;
SET character_set_client = @saved_cs_client;

--
-- Temporary table structure for view `vw_report_orc`
--

DROP TABLE IF EXISTS `vw_report_orc`;
/*!50001 DROP VIEW IF EXISTS `vw_report_orc`*/;
SET @saved_cs_client     = @@character_set_client;
SET character_set_client = utf8;
/*!50001 CREATE TABLE `vw_report_orc` (
  `objid` tinyint NOT NULL,
  `state` tinyint NOT NULL,
  `taxpayerid` tinyint NOT NULL,
  `taxpayer_name` tinyint NOT NULL,
  `taxpayer_address` tinyint NOT NULL,
  `lgu_name` tinyint NOT NULL,
  `lgu_indexno` tinyint NOT NULL,
  `dtapproved` tinyint NOT NULL,
  `rputype` tinyint NOT NULL,
  `classcode` tinyint NOT NULL,
  `classification` tinyint NOT NULL,
  `pin` tinyint NOT NULL,
  `titleno` tinyint NOT NULL,
  `cadastrallotno` tinyint NOT NULL,
  `tdno` tinyint NOT NULL,
  `arpno` tinyint NOT NULL,
  `prevowner` tinyint NOT NULL,
  `location` tinyint NOT NULL,
  `totalareaha` tinyint NOT NULL,
  `totalareasqm` tinyint NOT NULL,
  `totalmv` tinyint NOT NULL,
  `totalav` tinyint NOT NULL,
  `remarks` tinyint NOT NULL
) ENGINE=MyISAM */;
SET character_set_client = @saved_cs_client;

--
-- Temporary table structure for view `vw_rptcertification_item`
--

DROP TABLE IF EXISTS `vw_rptcertification_item`;
/*!50001 DROP VIEW IF EXISTS `vw_rptcertification_item`*/;
SET @saved_cs_client     = @@character_set_client;
SET character_set_client = utf8;
/*!50001 CREATE TABLE `vw_rptcertification_item` (
  `rptcertificationid` tinyint NOT NULL,
  `faasid` tinyint NOT NULL,
  `fullpin` tinyint NOT NULL,
  `tdno` tinyint NOT NULL,
  `taxpayerid` tinyint NOT NULL,
  `taxpayer_name` tinyint NOT NULL,
  `owner_name` tinyint NOT NULL,
  `administrator_name` tinyint NOT NULL,
  `titleno` tinyint NOT NULL,
  `rpuid` tinyint NOT NULL,
  `classcode` tinyint NOT NULL,
  `classname` tinyint NOT NULL,
  `lguname` tinyint NOT NULL,
  `barangay` tinyint NOT NULL,
  `rputype` tinyint NOT NULL,
  `suffix` tinyint NOT NULL,
  `totalareaha` tinyint NOT NULL,
  `totalareasqm` tinyint NOT NULL,
  `totalav` tinyint NOT NULL,
  `totalmv` tinyint NOT NULL,
  `street` tinyint NOT NULL,
  `blockno` tinyint NOT NULL,
  `cadastrallotno` tinyint NOT NULL,
  `surveyno` tinyint NOT NULL,
  `taxable` tinyint NOT NULL,
  `effectivityyear` tinyint NOT NULL,
  `effectivityqtr` tinyint NOT NULL
) ENGINE=MyISAM */;
SET character_set_client = @saved_cs_client;

--
-- Temporary table structure for view `vw_rptledger_avdifference`
--

DROP TABLE IF EXISTS `vw_rptledger_avdifference`;
/*!50001 DROP VIEW IF EXISTS `vw_rptledger_avdifference`*/;
SET @saved_cs_client     = @@character_set_client;
SET character_set_client = utf8;
/*!50001 CREATE TABLE `vw_rptledger_avdifference` (
  `objid` tinyint NOT NULL,
  `state` tinyint NOT NULL,
  `rptledgerid` tinyint NOT NULL,
  `faasid` tinyint NOT NULL,
  `tdno` tinyint NOT NULL,
  `txntype_objid` tinyint NOT NULL,
  `classification_objid` tinyint NOT NULL,
  `actualuse_objid` tinyint NOT NULL,
  `taxable` tinyint NOT NULL,
  `backtax` tinyint NOT NULL,
  `fromyear` tinyint NOT NULL,
  `fromqtr` tinyint NOT NULL,
  `toyear` tinyint NOT NULL,
  `toqtr` tinyint NOT NULL,
  `assessedvalue` tinyint NOT NULL,
  `systemcreated` tinyint NOT NULL,
  `reclassed` tinyint NOT NULL,
  `idleland` tinyint NOT NULL,
  `taxdifference` tinyint NOT NULL
) ENGINE=MyISAM */;
SET character_set_client = @saved_cs_client;

--
-- Temporary table structure for view `vw_rptpayment_item`
--

DROP TABLE IF EXISTS `vw_rptpayment_item`;
/*!50001 DROP VIEW IF EXISTS `vw_rptpayment_item`*/;
SET @saved_cs_client     = @@character_set_client;
SET character_set_client = utf8;
/*!50001 CREATE TABLE `vw_rptpayment_item` (
  `parentid` tinyint NOT NULL,
  `rptledgerfaasid` tinyint NOT NULL,
  `year` tinyint NOT NULL,
  `qtr` tinyint NOT NULL,
  `revperiod` tinyint NOT NULL,
  `basic` tinyint NOT NULL,
  `basicint` tinyint NOT NULL,
  `basicdisc` tinyint NOT NULL,
  `basicdp` tinyint NOT NULL,
  `basicnet` tinyint NOT NULL,
  `basicidle` tinyint NOT NULL,
  `basicidleint` tinyint NOT NULL,
  `basicidledisc` tinyint NOT NULL,
  `basicidledp` tinyint NOT NULL,
  `sef` tinyint NOT NULL,
  `sefint` tinyint NOT NULL,
  `sefdisc` tinyint NOT NULL,
  `sefdp` tinyint NOT NULL,
  `sefnet` tinyint NOT NULL,
  `firecode` tinyint NOT NULL,
  `sh` tinyint NOT NULL,
  `shint` tinyint NOT NULL,
  `shdisc` tinyint NOT NULL,
  `shdp` tinyint NOT NULL,
  `amount` tinyint NOT NULL,
  `partialled` tinyint NOT NULL
) ENGINE=MyISAM */;
SET character_set_client = @saved_cs_client;

--
-- Temporary table structure for view `vw_rptpayment_item_detail`
--

DROP TABLE IF EXISTS `vw_rptpayment_item_detail`;
/*!50001 DROP VIEW IF EXISTS `vw_rptpayment_item_detail`*/;
SET @saved_cs_client     = @@character_set_client;
SET character_set_client = utf8;
/*!50001 CREATE TABLE `vw_rptpayment_item_detail` (
  `objid` tinyint NOT NULL,
  `parentid` tinyint NOT NULL,
  `rptledgerfaasid` tinyint NOT NULL,
  `year` tinyint NOT NULL,
  `qtr` tinyint NOT NULL,
  `revperiod` tinyint NOT NULL,
  `basic` tinyint NOT NULL,
  `basicint` tinyint NOT NULL,
  `basicdisc` tinyint NOT NULL,
  `basicdp` tinyint NOT NULL,
  `basicnet` tinyint NOT NULL,
  `basicidle` tinyint NOT NULL,
  `basicidleint` tinyint NOT NULL,
  `basicidledisc` tinyint NOT NULL,
  `basicidledp` tinyint NOT NULL,
  `sef` tinyint NOT NULL,
  `sefint` tinyint NOT NULL,
  `sefdisc` tinyint NOT NULL,
  `sefdp` tinyint NOT NULL,
  `sefnet` tinyint NOT NULL,
  `firecode` tinyint NOT NULL,
  `sh` tinyint NOT NULL,
  `shint` tinyint NOT NULL,
  `shdisc` tinyint NOT NULL,
  `shdp` tinyint NOT NULL,
  `shnet` tinyint NOT NULL,
  `amount` tinyint NOT NULL,
  `partialled` tinyint NOT NULL
) ENGINE=MyISAM */;
SET character_set_client = @saved_cs_client;

--
-- Temporary table structure for view `vw_rpu_assessment`
--

DROP TABLE IF EXISTS `vw_rpu_assessment`;
/*!50001 DROP VIEW IF EXISTS `vw_rpu_assessment`*/;
SET @saved_cs_client     = @@character_set_client;
SET character_set_client = utf8;
/*!50001 CREATE TABLE `vw_rpu_assessment` (
  `objid` tinyint NOT NULL,
  `rputype` tinyint NOT NULL,
  `dominantclass_objid` tinyint NOT NULL,
  `dominantclass_code` tinyint NOT NULL,
  `dominantclass_name` tinyint NOT NULL,
  `dominantclass_orderno` tinyint NOT NULL,
  `areasqm` tinyint NOT NULL,
  `areaha` tinyint NOT NULL,
  `marketvalue` tinyint NOT NULL,
  `assesslevel` tinyint NOT NULL,
  `assessedvalue` tinyint NOT NULL,
  `taxable` tinyint NOT NULL,
  `actualuse_code` tinyint NOT NULL,
  `actualuse_name` tinyint NOT NULL,
  `actualuse_objid` tinyint NOT NULL,
  `actualuse_classcode` tinyint NOT NULL,
  `actualuse_classname` tinyint NOT NULL,
  `actualuse_orderno` tinyint NOT NULL
) ENGINE=MyISAM */;
SET character_set_client = @saved_cs_client;

--
-- Temporary table structure for view `vw_txn_log`
--

DROP TABLE IF EXISTS `vw_txn_log`;
/*!50001 DROP VIEW IF EXISTS `vw_txn_log`*/;
SET @saved_cs_client     = @@character_set_client;
SET character_set_client = utf8;
/*!50001 CREATE TABLE `vw_txn_log` (
  `userid` tinyint NOT NULL,
  `username` tinyint NOT NULL,
  `txndate` tinyint NOT NULL,
  `ref` tinyint NOT NULL,
  `action` tinyint NOT NULL,
  `cnt` tinyint NOT NULL
) ENGINE=MyISAM */;
SET character_set_client = @saved_cs_client;

--
-- Table structure for table `workflowstate`
--

DROP TABLE IF EXISTS `workflowstate`;
/*!40101 SET @saved_cs_client     = @@character_set_client */;
/*!40101 SET character_set_client = utf8 */;
CREATE TABLE `workflowstate` (
  `objid` varchar(50) NOT NULL,
  `state` varchar(50) NOT NULL,
  `txndate` datetime DEFAULT NULL,
  `userid` varchar(50) DEFAULT NULL,
  `username` varchar(100) DEFAULT NULL,
  PRIMARY KEY (`objid`,`state`),
  KEY `ix_txndate` (`txndate`),
  KEY `ix_userid` (`userid`),
  KEY `ix_username` (`username`)
) ENGINE=InnoDB DEFAULT CHARSET=utf8;
/*!40101 SET character_set_client = @saved_cs_client */;

--
-- Dumping data for table `workflowstate`
--

LOCK TABLES `workflowstate` WRITE;
/*!40000 ALTER TABLE `workflowstate` DISABLE KEYS */;
/*!40000 ALTER TABLE `workflowstate` ENABLE KEYS */;
UNLOCK TABLES;

--
-- Current Database: `training_etracs255`
--

USE `training_etracs255`;

--
-- Final view structure for view `sys_user_role`
--

/*!50001 DROP TABLE IF EXISTS `sys_user_role`*/;
/*!50001 DROP VIEW IF EXISTS `sys_user_role`*/;
/*!50001 SET @saved_cs_client          = @@character_set_client */;
/*!50001 SET @saved_cs_results         = @@character_set_results */;
/*!50001 SET @saved_col_connection     = @@collation_connection */;
/*!50001 SET character_set_client      = utf8mb4 */;
/*!50001 SET character_set_results     = utf8mb4 */;
/*!50001 SET collation_connection      = utf8mb4_general_ci */;
/*!50001 CREATE ALGORITHM=UNDEFINED */
/*!50013 DEFINER=`root`@`localhost` SQL SECURITY DEFINER */
/*!50001 VIEW `sys_user_role` AS select `u`.`objid` AS `objid`,`u`.`lastname` AS `lastname`,`u`.`firstname` AS `firstname`,`u`.`middlename` AS `middlename`,`u`.`username` AS `username`,concat(`u`.`lastname`,', ',`u`.`firstname`,(case when isnull(`u`.`middlename`) then '' else concat(' ',`u`.`middlename`) end)) AS `name`,`ug`.`role` AS `role`,`ug`.`domain` AS `domain`,`ugm`.`org_objid` AS `orgid`,`u`.`txncode` AS `txncode`,`u`.`jobtitle` AS `jobtitle`,`ugm`.`objid` AS `usergroupmemberid`,`ugm`.`usergroup_objid` AS `usergroup_objid`,`ugm`.`org_objid` AS `respcenter_objid`,`ugm`.`org_name` AS `respcenter_name` from ((`sys_usergroup_member` `ugm` join `sys_usergroup` `ug` on((`ug`.`objid` = `ugm`.`usergroup_objid`))) join `sys_user` `u` on((`u`.`objid` = `ugm`.`user_objid`))) */;
/*!50001 SET character_set_client      = @saved_cs_client */;
/*!50001 SET character_set_results     = @saved_cs_results */;
/*!50001 SET collation_connection      = @saved_col_connection */;

--
-- Final view structure for view `vw_account_income_summary`
--

/*!50001 DROP TABLE IF EXISTS `vw_account_income_summary`*/;
/*!50001 DROP VIEW IF EXISTS `vw_account_income_summary`*/;
/*!50001 SET @saved_cs_client          = @@character_set_client */;
/*!50001 SET @saved_cs_results         = @@character_set_results */;
/*!50001 SET @saved_col_connection     = @@collation_connection */;
/*!50001 SET character_set_client      = utf8mb4 */;
/*!50001 SET character_set_results     = utf8mb4 */;
/*!50001 SET collation_connection      = utf8mb4_general_ci */;
/*!50001 CREATE ALGORITHM=UNDEFINED */
/*!50013 DEFINER=`root`@`localhost` SQL SECURITY DEFINER */
/*!50001 VIEW `vw_account_income_summary` AS select `a`.`objid` AS `objid`,`a`.`maingroupid` AS `maingroupid`,`a`.`code` AS `code`,`a`.`title` AS `title`,`a`.`groupid` AS `groupid`,`a`.`type` AS `type`,`a`.`leftindex` AS `leftindex`,`a`.`rightindex` AS `rightindex`,`a`.`level` AS `level`,`inc`.`amount` AS `amount`,`inc`.`acctid` AS `acctid`,`inc`.`fundid` AS `fundid`,`inc`.`collectorid` AS `collectorid`,`inc`.`refdate` AS `refdate`,`inc`.`remittancedate` AS `remittancedate`,`inc`.`liquidationdate` AS `liquidationdate`,`ia`.`type` AS `accttype` from (((`account_item_mapping` `aim` join `account` `a` on((`a`.`objid` = `aim`.`acctid`))) join `itemaccount` `ia` on((`ia`.`objid` = `aim`.`itemid`))) join `income_summary` `inc` on((`inc`.`acctid` = `ia`.`objid`))) */;
/*!50001 SET character_set_client      = @saved_cs_client */;
/*!50001 SET character_set_results     = @saved_cs_results */;
/*!50001 SET collation_connection      = @saved_col_connection */;

--
-- Final view structure for view `vw_account_incometarget`
--

/*!50001 DROP TABLE IF EXISTS `vw_account_incometarget`*/;
/*!50001 DROP VIEW IF EXISTS `vw_account_incometarget`*/;
/*!50001 SET @saved_cs_client          = @@character_set_client */;
/*!50001 SET @saved_cs_results         = @@character_set_results */;
/*!50001 SET @saved_col_connection     = @@collation_connection */;
/*!50001 SET character_set_client      = utf8mb4 */;
/*!50001 SET character_set_results     = utf8mb4 */;
/*!50001 SET collation_connection      = utf8mb4_general_ci */;
/*!50001 CREATE ALGORITHM=UNDEFINED */
/*!50013 DEFINER=`root`@`localhost` SQL SECURITY DEFINER */
/*!50001 VIEW `vw_account_incometarget` AS select `t`.`objid` AS `objid`,`t`.`itemid` AS `itemid`,`t`.`year` AS `year`,`t`.`target` AS `target`,`a`.`maingroupid` AS `maingroupid`,`a`.`objid` AS `item_objid`,`a`.`code` AS `item_code`,`a`.`title` AS `item_title`,`a`.`level` AS `item_level`,`a`.`leftindex` AS `item_leftindex`,`g`.`objid` AS `group_objid`,`g`.`code` AS `group_code`,`g`.`title` AS `group_title`,`g`.`level` AS `group_level`,`g`.`leftindex` AS `group_leftindex` from ((`account_incometarget` `t` join `account` `a` on((`a`.`objid` = `t`.`itemid`))) join `account` `g` on((`g`.`objid` = `a`.`groupid`))) */;
/*!50001 SET character_set_client      = @saved_cs_client */;
/*!50001 SET character_set_results     = @saved_cs_results */;
/*!50001 SET collation_connection      = @saved_col_connection */;

--
-- Final view structure for view `vw_account_item_mapping`
--

/*!50001 DROP TABLE IF EXISTS `vw_account_item_mapping`*/;
/*!50001 DROP VIEW IF EXISTS `vw_account_item_mapping`*/;
/*!50001 SET @saved_cs_client          = @@character_set_client */;
/*!50001 SET @saved_cs_results         = @@character_set_results */;
/*!50001 SET @saved_col_connection     = @@collation_connection */;
/*!50001 SET character_set_client      = utf8mb4 */;
/*!50001 SET character_set_results     = utf8mb4 */;
/*!50001 SET collation_connection      = utf8mb4_general_ci */;
/*!50001 CREATE ALGORITHM=UNDEFINED */
/*!50013 DEFINER=`root`@`localhost` SQL SECURITY DEFINER */
/*!50001 VIEW `vw_account_item_mapping` AS select `a`.`objid` AS `objid`,`a`.`maingroupid` AS `maingroupid`,`a`.`code` AS `code`,`a`.`title` AS `title`,`a`.`groupid` AS `groupid`,`a`.`type` AS `type`,`a`.`leftindex` AS `leftindex`,`a`.`rightindex` AS `rightindex`,`a`.`level` AS `level`,`l`.`amount` AS `amount`,`l`.`fundid` AS `fundid`,`l`.`year` AS `year`,`l`.`month` AS `month`,`aim`.`itemid` AS `itemid`,`ia`.`code` AS `itemcode`,`ia`.`title` AS `itemtitle` from (((`account_item_mapping` `aim` join `account` `a` on((`a`.`objid` = `aim`.`acctid`))) join `itemaccount` `ia` on((`ia`.`objid` = `aim`.`itemid`))) join `vw_income_ledger` `l` on((`l`.`itemacctid` = `aim`.`itemid`))) */;
/*!50001 SET character_set_client      = @saved_cs_client */;
/*!50001 SET character_set_results     = @saved_cs_results */;
/*!50001 SET collation_connection      = @saved_col_connection */;

--
-- Final view structure for view `vw_account_mapping`
--

/*!50001 DROP TABLE IF EXISTS `vw_account_mapping`*/;
/*!50001 DROP VIEW IF EXISTS `vw_account_mapping`*/;
/*!50001 SET @saved_cs_client          = @@character_set_client */;
/*!50001 SET @saved_cs_results         = @@character_set_results */;
/*!50001 SET @saved_col_connection     = @@collation_connection */;
/*!50001 SET character_set_client      = utf8mb4 */;
/*!50001 SET character_set_results     = utf8mb4 */;
/*!50001 SET collation_connection      = utf8mb4_general_ci */;
/*!50001 CREATE ALGORITHM=UNDEFINED */
/*!50013 DEFINER=`root`@`localhost` SQL SECURITY DEFINER */
/*!50001 VIEW `vw_account_mapping` AS select `a`.`objid` AS `objid`,`a`.`maingroupid` AS `maingroupid`,`a`.`code` AS `code`,`a`.`title` AS `title`,`a`.`groupid` AS `groupid`,`a`.`type` AS `type`,`a`.`leftindex` AS `leftindex`,`a`.`rightindex` AS `rightindex`,`a`.`level` AS `level`,`m`.`itemid` AS `itemid`,`m`.`acctid` AS `acctid` from (`account_item_mapping` `m` join `account` `a` on((`a`.`objid` = `m`.`acctid`))) */;
/*!50001 SET character_set_client      = @saved_cs_client */;
/*!50001 SET character_set_results     = @saved_cs_results */;
/*!50001 SET collation_connection      = @saved_col_connection */;

--
-- Final view structure for view `vw_af_control_detail`
--

/*!50001 DROP TABLE IF EXISTS `vw_af_control_detail`*/;
/*!50001 DROP VIEW IF EXISTS `vw_af_control_detail`*/;
/*!50001 SET @saved_cs_client          = @@character_set_client */;
/*!50001 SET @saved_cs_results         = @@character_set_results */;
/*!50001 SET @saved_col_connection     = @@collation_connection */;
/*!50001 SET character_set_client      = utf8mb4 */;
/*!50001 SET character_set_results     = utf8mb4 */;
/*!50001 SET collation_connection      = utf8mb4_general_ci */;
/*!50001 CREATE ALGORITHM=UNDEFINED */
/*!50013 DEFINER=`root`@`localhost` SQL SECURITY DEFINER */
/*!50001 VIEW `vw_af_control_detail` AS select `afd`.`objid` AS `objid`,`afd`.`state` AS `state`,`afd`.`controlid` AS `controlid`,`afd`.`indexno` AS `indexno`,`afd`.`refid` AS `refid`,`afd`.`aftxnitemid` AS `aftxnitemid`,`afd`.`refno` AS `refno`,`afd`.`reftype` AS `reftype`,`afd`.`refdate` AS `refdate`,`afd`.`txndate` AS `txndate`,`afd`.`txntype` AS `txntype`,`afd`.`receivedstartseries` AS `receivedstartseries`,`afd`.`receivedendseries` AS `receivedendseries`,`afd`.`beginstartseries` AS `beginstartseries`,`afd`.`beginendseries` AS `beginendseries`,`afd`.`issuedstartseries` AS `issuedstartseries`,`afd`.`issuedendseries` AS `issuedendseries`,`afd`.`endingstartseries` AS `endingstartseries`,`afd`.`endingendseries` AS `endingendseries`,`afd`.`qtyreceived` AS `qtyreceived`,`afd`.`qtybegin` AS `qtybegin`,`afd`.`qtyissued` AS `qtyissued`,`afd`.`qtyending` AS `qtyending`,`afd`.`qtycancelled` AS `qtycancelled`,`afd`.`remarks` AS `remarks`,`afd`.`issuedto_objid` AS `issuedto_objid`,`afd`.`issuedto_name` AS `issuedto_name`,`afd`.`respcenter_objid` AS `respcenter_objid`,`afd`.`respcenter_name` AS `respcenter_name`,`afd`.`prevdetailid` AS `prevdetailid`,`afd`.`aftxnid` AS `aftxnid`,`afc`.`afid` AS `afid`,`afc`.`unit` AS `unit`,`af`.`formtype` AS `formtype`,`af`.`denomination` AS `denomination`,`af`.`serieslength` AS `serieslength`,`afu`.`qty` AS `qty`,`afu`.`saleprice` AS `saleprice`,`afc`.`startseries` AS `startseries`,`afc`.`endseries` AS `endseries`,`afc`.`currentseries` AS `currentseries`,`afc`.`stubno` AS `stubno`,`afc`.`prefix` AS `prefix`,`afc`.`suffix` AS `suffix`,`afc`.`cost` AS `cost`,`afc`.`batchno` AS `batchno`,`afc`.`state` AS `controlstate`,`afd`.`qtyending` AS `qtybalance` from (((`af_control_detail` `afd` join `af_control` `afc` on((`afc`.`objid` = `afd`.`controlid`))) join `af` on((`af`.`objid` = `afc`.`afid`))) join `afunit` `afu` on(((`afu`.`itemid` = `af`.`objid`) and (`afu`.`unit` = convert(`afc`.`unit` using utf8))))) */;
/*!50001 SET character_set_client      = @saved_cs_client */;
/*!50001 SET character_set_results     = @saved_cs_results */;
/*!50001 SET collation_connection      = @saved_col_connection */;

--
-- Final view structure for view `vw_af_inventory_summary`
--

/*!50001 DROP TABLE IF EXISTS `vw_af_inventory_summary`*/;
/*!50001 DROP VIEW IF EXISTS `vw_af_inventory_summary`*/;
/*!50001 SET @saved_cs_client          = @@character_set_client */;
/*!50001 SET @saved_cs_results         = @@character_set_results */;
/*!50001 SET @saved_col_connection     = @@collation_connection */;
/*!50001 SET character_set_client      = utf8mb4 */;
/*!50001 SET character_set_results     = utf8mb4 */;
/*!50001 SET collation_connection      = utf8mb4_general_ci */;
/*!50001 CREATE ALGORITHM=UNDEFINED */
/*!50013 DEFINER=`root`@`localhost` SQL SECURITY DEFINER */
/*!50001 VIEW `vw_af_inventory_summary` AS select `af`.`objid` AS `objid`,`af`.`title` AS `title`,`u`.`unit` AS `unit`,`af`.`formtype` AS `formtype`,(case when (`af`.`formtype` = 'serial') then 0 else 1 end) AS `formtypeindex`,(select count(0) from `af_control` where ((`af_control`.`afid` = `af`.`objid`) and (`af_control`.`state` = 'OPEN'))) AS `countopen`,(select count(0) from `af_control` where ((`af_control`.`afid` = `af`.`objid`) and (`af_control`.`state` = 'ISSUED'))) AS `countissued`,(select count(0) from `af_control` where ((`af_control`.`afid` = `af`.`objid`) and (`af_control`.`state` = 'ISSUED') and (`af_control`.`currentseries` > `af_control`.`endseries`))) AS `countclosed`,(select count(0) from `af_control` where ((`af_control`.`afid` = `af`.`objid`) and (`af_control`.`state` = 'SOLD'))) AS `countsold`,(select count(0) from `af_control` where ((`af_control`.`afid` = `af`.`objid`) and (`af_control`.`state` = 'PROCESSING'))) AS `countprocessing`,(select count(0) from `af_control` where ((`af_control`.`afid` = `af`.`objid`) and (`af_control`.`state` = 'HOLD'))) AS `counthold` from (`af` join `afunit` `u`) where (`af`.`objid` = `u`.`itemid`) order by (case when (`af`.`formtype` = 'serial') then 0 else 1 end),`af`.`objid` */;
/*!50001 SET character_set_client      = @saved_cs_client */;
/*!50001 SET character_set_results     = @saved_cs_results */;
/*!50001 SET collation_connection      = @saved_col_connection */;

--
-- Final view structure for view `vw_afunit`
--

/*!50001 DROP TABLE IF EXISTS `vw_afunit`*/;
/*!50001 DROP VIEW IF EXISTS `vw_afunit`*/;
/*!50001 SET @saved_cs_client          = @@character_set_client */;
/*!50001 SET @saved_cs_results         = @@character_set_results */;
/*!50001 SET @saved_col_connection     = @@collation_connection */;
/*!50001 SET character_set_client      = utf8mb4 */;
/*!50001 SET character_set_results     = utf8mb4 */;
/*!50001 SET collation_connection      = utf8mb4_general_ci */;
/*!50001 CREATE ALGORITHM=UNDEFINED */
/*!50013 DEFINER=`root`@`localhost` SQL SECURITY DEFINER */
/*!50001 VIEW `vw_afunit` AS select `u`.`objid` AS `objid`,`af`.`title` AS `title`,`af`.`usetype` AS `usetype`,`af`.`serieslength` AS `serieslength`,`af`.`system` AS `system`,`af`.`denomination` AS `denomination`,`af`.`formtype` AS `formtype`,`u`.`itemid` AS `itemid`,`u`.`unit` AS `unit`,`u`.`qty` AS `qty`,`u`.`saleprice` AS `saleprice`,`u`.`interval` AS `interval`,`u`.`cashreceiptprintout` AS `cashreceiptprintout`,`u`.`cashreceiptdetailprintout` AS `cashreceiptdetailprintout` from (`afunit` `u` join `af` on((`af`.`objid` = `u`.`itemid`))) */;
/*!50001 SET character_set_client      = @saved_cs_client */;
/*!50001 SET character_set_results     = @saved_cs_results */;
/*!50001 SET collation_connection      = @saved_col_connection */;

--
-- Final view structure for view `vw_assessment_notice`
--

/*!50001 DROP TABLE IF EXISTS `vw_assessment_notice`*/;
/*!50001 DROP VIEW IF EXISTS `vw_assessment_notice`*/;
/*!50001 SET @saved_cs_client          = @@character_set_client */;
/*!50001 SET @saved_cs_results         = @@character_set_results */;
/*!50001 SET @saved_col_connection     = @@collation_connection */;
/*!50001 SET character_set_client      = utf8 */;
/*!50001 SET character_set_results     = utf8 */;
/*!50001 SET collation_connection      = utf8_general_ci */;
/*!50001 CREATE ALGORITHM=UNDEFINED */
/*!50013 DEFINER=`root`@`localhost` SQL SECURITY DEFINER */
/*!50001 VIEW `vw_assessment_notice` AS select `a`.`objid` AS `objid`,`a`.`state` AS `state`,`a`.`txnno` AS `txnno`,`a`.`txndate` AS `txndate`,`a`.`taxpayerid` AS `taxpayerid`,`a`.`taxpayername` AS `taxpayername`,`a`.`taxpayeraddress` AS `taxpayeraddress`,`a`.`dtdelivered` AS `dtdelivered`,`a`.`receivedby` AS `receivedby`,`a`.`remarks` AS `remarks`,`a`.`assessmentyear` AS `assessmentyear`,`a`.`administrator_name` AS `administrator_name`,`a`.`administrator_address` AS `administrator_address`,`fl`.`tdno` AS `tdno`,`fl`.`displaypin` AS `fullpin`,`fl`.`cadastrallotno` AS `cadastrallotno`,`fl`.`titleno` AS `titleno` from ((`assessmentnotice` `a` join `assessmentnoticeitem` `i` on((`a`.`objid` = `i`.`assessmentnoticeid`))) join `faas_list` `fl` on((`i`.`faasid` = `fl`.`objid`))) */;
/*!50001 SET character_set_client      = @saved_cs_client */;
/*!50001 SET character_set_results     = @saved_cs_results */;
/*!50001 SET collation_connection      = @saved_col_connection */;

--
-- Final view structure for view `vw_assessment_notice_item`
--

/*!50001 DROP TABLE IF EXISTS `vw_assessment_notice_item`*/;
/*!50001 DROP VIEW IF EXISTS `vw_assessment_notice_item`*/;
/*!50001 SET @saved_cs_client          = @@character_set_client */;
/*!50001 SET @saved_cs_results         = @@character_set_results */;
/*!50001 SET @saved_col_connection     = @@collation_connection */;
/*!50001 SET character_set_client      = utf8 */;
/*!50001 SET character_set_results     = utf8 */;
/*!50001 SET collation_connection      = utf8_general_ci */;
/*!50001 CREATE ALGORITHM=UNDEFINED */
/*!50013 DEFINER=`root`@`localhost` SQL SECURITY DEFINER */
/*!50001 VIEW `vw_assessment_notice_item` AS select `ni`.`objid` AS `objid`,`ni`.`assessmentnoticeid` AS `assessmentnoticeid`,`f`.`objid` AS `faasid`,`f`.`effectivityyear` AS `effectivityyear`,`f`.`effectivityqtr` AS `effectivityqtr`,`f`.`tdno` AS `tdno`,`f`.`taxpayer_objid` AS `taxpayer_objid`,`e`.`name` AS `taxpayer_name`,`e`.`address_text` AS `taxpayer_address`,`f`.`owner_name` AS `owner_name`,`f`.`owner_address` AS `owner_address`,`f`.`administrator_name` AS `administrator_name`,`f`.`administrator_address` AS `administrator_address`,`f`.`rpuid` AS `rpuid`,`f`.`lguid` AS `lguid`,`f`.`txntype_objid` AS `txntype_objid`,`ft`.`displaycode` AS `txntype_code`,`rpu`.`rputype` AS `rputype`,`rpu`.`ry` AS `ry`,`rpu`.`fullpin` AS `fullpin`,`rpu`.`taxable` AS `taxable`,`rpu`.`totalareaha` AS `totalareaha`,`rpu`.`totalareasqm` AS `totalareasqm`,`rpu`.`totalbmv` AS `totalbmv`,`rpu`.`totalmv` AS `totalmv`,`rpu`.`totalav` AS `totalav`,`rp`.`section` AS `section`,`rp`.`parcel` AS `parcel`,`rp`.`surveyno` AS `surveyno`,`rp`.`cadastrallotno` AS `cadastrallotno`,`rp`.`blockno` AS `blockno`,`rp`.`claimno` AS `claimno`,`rp`.`street` AS `street`,`o`.`name` AS `lguname`,`b`.`name` AS `barangay`,`pc`.`code` AS `classcode`,`pc`.`name` AS `classification` from (((((((((`assessmentnoticeitem` `ni` join `faas` `f` on((`ni`.`faasid` = `f`.`objid`))) left join `txnsignatory` `ts` on(((`ts`.`refid` = `f`.`objid`) and (`ts`.`type` = 'APPROVER')))) join `rpu` on((`f`.`rpuid` = `rpu`.`objid`))) join `propertyclassification` `pc` on((`rpu`.`classification_objid` = `pc`.`objid`))) join `realproperty` `rp` on((`f`.`realpropertyid` = `rp`.`objid`))) join `barangay` `b` on((`rp`.`barangayid` = `b`.`objid`))) join `sys_org` `o` on((`f`.`lguid` = `o`.`objid`))) join `entity` `e` on((`f`.`taxpayer_objid` = `e`.`objid`))) join `faas_txntype` `ft` on((`f`.`txntype_objid` = `ft`.`objid`))) */;
/*!50001 SET character_set_client      = @saved_cs_client */;
/*!50001 SET character_set_results     = @saved_cs_results */;
/*!50001 SET collation_connection      = @saved_col_connection */;

--
-- Final view structure for view `vw_batch_rpttaxcredit_error`
--

/*!50001 DROP TABLE IF EXISTS `vw_batch_rpttaxcredit_error`*/;
/*!50001 DROP VIEW IF EXISTS `vw_batch_rpttaxcredit_error`*/;
/*!50001 SET @saved_cs_client          = @@character_set_client */;
/*!50001 SET @saved_cs_results         = @@character_set_results */;
/*!50001 SET @saved_col_connection     = @@collation_connection */;
/*!50001 SET character_set_client      = utf8mb4 */;
/*!50001 SET character_set_results     = utf8mb4 */;
/*!50001 SET collation_connection      = utf8mb4_general_ci */;
/*!50001 CREATE ALGORITHM=UNDEFINED */
/*!50013 DEFINER=`root`@`localhost` SQL SECURITY DEFINER */
/*!50001 VIEW `vw_batch_rpttaxcredit_error` AS select `br`.`objid` AS `objid`,`br`.`parentid` AS `parentid`,`br`.`state` AS `state`,`br`.`error` AS `error`,`br`.`barangayid` AS `barangayid`,`rl`.`tdno` AS `tdno` from (`batch_rpttaxcredit_ledger` `br` join `rptledger` `rl` on((`br`.`objid` = `rl`.`objid`))) where (`br`.`state` = 'ERROR') */;
/*!50001 SET character_set_client      = @saved_cs_client */;
/*!50001 SET character_set_results     = @saved_cs_results */;
/*!50001 SET collation_connection      = @saved_col_connection */;

--
-- Final view structure for view `vw_batchgr`
--

/*!50001 DROP TABLE IF EXISTS `vw_batchgr`*/;
/*!50001 DROP VIEW IF EXISTS `vw_batchgr`*/;
/*!50001 SET @saved_cs_client          = @@character_set_client */;
/*!50001 SET @saved_cs_results         = @@character_set_results */;
/*!50001 SET @saved_col_connection     = @@collation_connection */;
/*!50001 SET character_set_client      = utf8 */;
/*!50001 SET character_set_results     = utf8 */;
/*!50001 SET collation_connection      = utf8_general_ci */;
/*!50001 CREATE ALGORITHM=UNDEFINED */
/*!50013 DEFINER=`root`@`localhost` SQL SECURITY DEFINER */
/*!50001 VIEW `vw_batchgr` AS select `bg`.`objid` AS `objid`,`bg`.`state` AS `state`,`bg`.`ry` AS `ry`,`bg`.`lgu_objid` AS `lgu_objid`,`bg`.`barangay_objid` AS `barangay_objid`,`bg`.`rputype` AS `rputype`,`bg`.`classification_objid` AS `classification_objid`,`bg`.`section` AS `section`,`bg`.`memoranda` AS `memoranda`,`bg`.`txntype_objid` AS `txntype_objid`,`bg`.`txnno` AS `txnno`,`bg`.`txndate` AS `txndate`,`bg`.`effectivityyear` AS `effectivityyear`,`bg`.`effectivityqtr` AS `effectivityqtr`,`bg`.`originlgu_objid` AS `originlgu_objid`,`l`.`name` AS `lgu_name`,`b`.`name` AS `barangay_name`,`b`.`pin` AS `barangay_pin`,`pc`.`name` AS `classification_name`,`t`.`objid` AS `taskid`,`t`.`state` AS `taskstate`,`t`.`assignee_objid` AS `assignee_objid` from ((((`batchgr` `bg` join `sys_org` `l` on((`bg`.`lgu_objid` = `l`.`objid`))) left join `barangay` `b` on((`bg`.`barangay_objid` = `b`.`objid`))) left join `propertyclassification` `pc` on((`bg`.`classification_objid` = `pc`.`objid`))) left join `batchgr_task` `t` on(((`bg`.`objid` = `t`.`refid`) and isnull(`t`.`enddate`)))) */;
/*!50001 SET character_set_client      = @saved_cs_client */;
/*!50001 SET character_set_results     = @saved_cs_results */;
/*!50001 SET collation_connection      = @saved_col_connection */;

--
-- Final view structure for view `vw_business_application_lob_retire`
--

/*!50001 DROP TABLE IF EXISTS `vw_business_application_lob_retire`*/;
/*!50001 DROP VIEW IF EXISTS `vw_business_application_lob_retire`*/;
/*!50001 SET @saved_cs_client          = @@character_set_client */;
/*!50001 SET @saved_cs_results         = @@character_set_results */;
/*!50001 SET @saved_col_connection     = @@collation_connection */;
/*!50001 SET character_set_client      = utf8mb4 */;
/*!50001 SET character_set_results     = utf8mb4 */;
/*!50001 SET collation_connection      = utf8mb4_general_ci */;
/*!50001 CREATE ALGORITHM=UNDEFINED */
/*!50013 DEFINER=`root`@`localhost` SQL SECURITY DEFINER */
/*!50001 VIEW `vw_business_application_lob_retire` AS select `a`.`business_objid` AS `businessid`,`a`.`objid` AS `applicationid`,`a`.`appno` AS `appno`,`a`.`appyear` AS `appyear`,`a`.`dtfiled` AS `dtfiled`,`a`.`txndate` AS `txndate`,`a`.`tradename` AS `tradename`,`b`.`bin` AS `bin`,`alob`.`assessmenttype` AS `assessmenttype`,`alob`.`lobid` AS `lobid`,`alob`.`name` AS `lobname`,`a`.`objid` AS `refid`,`a`.`appno` AS `refno` from ((`business_application` `a` join `business_application_lob` `alob` on((`alob`.`applicationid` = `a`.`objid`))) join `business` `b` on((`b`.`objid` = `a`.`business_objid`))) where ((`alob`.`assessmenttype` = 'RETIRE') and (`a`.`state` = 'COMPLETED') and isnull(`a`.`parentapplicationid`)) union all select `pa`.`business_objid` AS `businessid`,`pa`.`objid` AS `applicationid`,`pa`.`appno` AS `appno`,`pa`.`appyear` AS `appyear`,`pa`.`dtfiled` AS `dtfiled`,`pa`.`txndate` AS `txndate`,`pa`.`tradename` AS `tradename`,`b`.`bin` AS `bin`,`alob`.`assessmenttype` AS `assessmenttype`,`alob`.`lobid` AS `lobid`,`alob`.`name` AS `lobname`,`a`.`objid` AS `refid`,`a`.`appno` AS `refno` from (((`business_application` `a` join `business_application` `pa` on((`pa`.`objid` = `a`.`parentapplicationid`))) join `business_application_lob` `alob` on((`alob`.`applicationid` = `a`.`objid`))) join `business` `b` on((`b`.`objid` = `pa`.`business_objid`))) where ((`alob`.`assessmenttype` = 'RETIRE') and (`a`.`state` = 'COMPLETED')) */;
/*!50001 SET character_set_client      = @saved_cs_client */;
/*!50001 SET character_set_results     = @saved_cs_results */;
/*!50001 SET collation_connection      = @saved_col_connection */;

--
-- Final view structure for view `vw_cashbook_cashreceipt`
--

/*!50001 DROP TABLE IF EXISTS `vw_cashbook_cashreceipt`*/;
/*!50001 DROP VIEW IF EXISTS `vw_cashbook_cashreceipt`*/;
/*!50001 SET @saved_cs_client          = @@character_set_client */;
/*!50001 SET @saved_cs_results         = @@character_set_results */;
/*!50001 SET @saved_col_connection     = @@collation_connection */;
/*!50001 SET character_set_client      = utf8mb4 */;
/*!50001 SET character_set_results     = utf8mb4 */;
/*!50001 SET collation_connection      = utf8mb4_general_ci */;
/*!50001 CREATE ALGORITHM=UNDEFINED */
/*!50013 DEFINER=`root`@`localhost` SQL SECURITY DEFINER */
/*!50001 VIEW `vw_cashbook_cashreceipt` AS select `c`.`objid` AS `objid`,`c`.`txndate` AS `txndate`,cast(`c`.`receiptdate` as date) AS `refdate`,`c`.`objid` AS `refid`,`c`.`receiptno` AS `refno`,'cashreceipt' AS `reftype`,concat(`ct`.`name`,' (',`c`.`paidby`,')') AS `particulars`,`ci`.`item_fund_objid` AS `fundid`,`c`.`collector_objid` AS `collectorid`,`ci`.`amount` AS `dr`,0.0 AS `cr`,`c`.`formno` AS `formno`,`c`.`formtype` AS `formtype`,`c`.`series` AS `series`,`c`.`controlid` AS `controlid`,`c`.`txndate` AS `sortdate`,`c`.`receiptdate` AS `receiptdate`,`c`.`objid` AS `receiptid`,`c`.`remittanceid` AS `remittanceid`,`r`.`controldate` AS `remittancedate`,`r`.`dtposted` AS `remittancedtposted` from (((`cashreceipt` `c` join `collectiontype` `ct` on((`ct`.`objid` = `c`.`collectiontype_objid`))) join `cashreceiptitem` `ci` on((`ci`.`receiptid` = `c`.`objid`))) left join `remittance` `r` on((`r`.`objid` = `c`.`remittanceid`))) */;
/*!50001 SET character_set_client      = @saved_cs_client */;
/*!50001 SET character_set_results     = @saved_cs_results */;
/*!50001 SET collation_connection      = @saved_col_connection */;

--
-- Final view structure for view `vw_cashbook_cashreceipt_share`
--

/*!50001 DROP TABLE IF EXISTS `vw_cashbook_cashreceipt_share`*/;
/*!50001 DROP VIEW IF EXISTS `vw_cashbook_cashreceipt_share`*/;
/*!50001 SET @saved_cs_client          = @@character_set_client */;
/*!50001 SET @saved_cs_results         = @@character_set_results */;
/*!50001 SET @saved_col_connection     = @@collation_connection */;
/*!50001 SET character_set_client      = utf8mb4 */;
/*!50001 SET character_set_results     = utf8mb4 */;
/*!50001 SET collation_connection      = utf8mb4_general_ci */;
/*!50001 CREATE ALGORITHM=UNDEFINED */
/*!50013 DEFINER=`root`@`localhost` SQL SECURITY DEFINER */
/*!50001 VIEW `vw_cashbook_cashreceipt_share` AS select `c`.`objid` AS `objid`,`c`.`txndate` AS `txndate`,cast(`c`.`receiptdate` as date) AS `refdate`,`c`.`objid` AS `refid`,`c`.`receiptno` AS `refno`,'cashreceipt' AS `reftype`,concat(`ct`.`name`,' (',`c`.`paidby`,')') AS `particulars`,`ia`.`fund_objid` AS `fundid`,`c`.`collector_objid` AS `collectorid`,`cs`.`amount` AS `dr`,0.0 AS `cr`,`c`.`formno` AS `formno`,`c`.`formtype` AS `formtype`,`c`.`series` AS `series`,`c`.`controlid` AS `controlid`,`c`.`txndate` AS `sortdate`,`c`.`receiptdate` AS `receiptdate`,`c`.`objid` AS `receiptid`,`cs`.`refitem_objid` AS `refitemid`,`c`.`remittanceid` AS `remittanceid`,`r`.`controldate` AS `remittancedate`,`r`.`dtposted` AS `remittancedtposted` from ((((`cashreceipt` `c` join `collectiontype` `ct` on((`ct`.`objid` = `c`.`collectiontype_objid`))) join `cashreceipt_share` `cs` on((`cs`.`receiptid` = `c`.`objid`))) join `itemaccount` `ia` on((`ia`.`objid` = `cs`.`refitem_objid`))) left join `remittance` `r` on((`r`.`objid` = `c`.`remittanceid`))) */;
/*!50001 SET character_set_client      = @saved_cs_client */;
/*!50001 SET character_set_results     = @saved_cs_results */;
/*!50001 SET collation_connection      = @saved_col_connection */;

--
-- Final view structure for view `vw_cashbook_cashreceipt_share_payable`
--

/*!50001 DROP TABLE IF EXISTS `vw_cashbook_cashreceipt_share_payable`*/;
/*!50001 DROP VIEW IF EXISTS `vw_cashbook_cashreceipt_share_payable`*/;
/*!50001 SET @saved_cs_client          = @@character_set_client */;
/*!50001 SET @saved_cs_results         = @@character_set_results */;
/*!50001 SET @saved_col_connection     = @@collation_connection */;
/*!50001 SET character_set_client      = utf8mb4 */;
/*!50001 SET character_set_results     = utf8mb4 */;
/*!50001 SET collation_connection      = utf8mb4_general_ci */;
/*!50001 CREATE ALGORITHM=UNDEFINED */
/*!50013 DEFINER=`root`@`localhost` SQL SECURITY DEFINER */
/*!50001 VIEW `vw_cashbook_cashreceipt_share_payable` AS select `c`.`objid` AS `objid`,`c`.`txndate` AS `txndate`,cast(`c`.`receiptdate` as date) AS `refdate`,`c`.`objid` AS `refid`,`c`.`receiptno` AS `refno`,'cashreceipt' AS `reftype`,concat(`ct`.`name`,' (',`c`.`paidby`,')') AS `particulars`,`ia`.`fund_objid` AS `fundid`,`c`.`collector_objid` AS `collectorid`,`cs`.`amount` AS `dr`,0.0 AS `cr`,`c`.`formno` AS `formno`,`c`.`formtype` AS `formtype`,`c`.`series` AS `series`,`c`.`controlid` AS `controlid`,`c`.`txndate` AS `sortdate`,`c`.`receiptdate` AS `receiptdate`,`c`.`objid` AS `receiptid`,`cs`.`payableitem_objid` AS `payableitemid`,`c`.`remittanceid` AS `remittanceid`,`r`.`controldate` AS `remittancedate`,`r`.`dtposted` AS `remittancedtposted` from ((((`cashreceipt` `c` join `collectiontype` `ct` on((`ct`.`objid` = `c`.`collectiontype_objid`))) join `cashreceipt_share` `cs` on((`cs`.`receiptid` = `c`.`objid`))) join `itemaccount` `ia` on((`ia`.`objid` = `cs`.`payableitem_objid`))) left join `remittance` `r` on((`r`.`objid` = `c`.`remittanceid`))) */;
/*!50001 SET character_set_client      = @saved_cs_client */;
/*!50001 SET character_set_results     = @saved_cs_results */;
/*!50001 SET collation_connection      = @saved_col_connection */;

--
-- Final view structure for view `vw_cashbook_cashreceiptvoid`
--

/*!50001 DROP TABLE IF EXISTS `vw_cashbook_cashreceiptvoid`*/;
/*!50001 DROP VIEW IF EXISTS `vw_cashbook_cashreceiptvoid`*/;
/*!50001 SET @saved_cs_client          = @@character_set_client */;
/*!50001 SET @saved_cs_results         = @@character_set_results */;
/*!50001 SET @saved_col_connection     = @@collation_connection */;
/*!50001 SET character_set_client      = utf8mb4 */;
/*!50001 SET character_set_results     = utf8mb4 */;
/*!50001 SET collation_connection      = utf8mb4_general_ci */;
/*!50001 CREATE ALGORITHM=UNDEFINED */
/*!50013 DEFINER=`root`@`localhost` SQL SECURITY DEFINER */
/*!50001 VIEW `vw_cashbook_cashreceiptvoid` AS select `v`.`objid` AS `objid`,`v`.`txndate` AS `txndate`,cast(`v`.`txndate` as date) AS `refdate`,`v`.`objid` AS `refid`,`c`.`receiptno` AS `refno`,'cashreceipt:void' AS `reftype`,concat('VOID ',`v`.`reason`) AS `particulars`,`ci`.`item_fund_objid` AS `fundid`,`c`.`collector_objid` AS `collectorid`,`ci`.`amount` AS `dr`,(case when isnull(`r`.`liquidatingofficer_objid`) then 0.0 when (`v`.`txndate` > `r`.`dtposted`) then `ci`.`amount` else 0.0 end) AS `cr`,`c`.`formno` AS `formno`,`c`.`formtype` AS `formtype`,`c`.`series` AS `series`,`c`.`controlid` AS `controlid`,`v`.`txndate` AS `sortdate`,`c`.`receiptdate` AS `receiptdate`,`c`.`remittanceid` AS `remittanceid`,`r`.`controldate` AS `remittancedate`,`r`.`dtposted` AS `remittancedtposted` from ((((`cashreceipt_void` `v` join `cashreceipt` `c` on((`c`.`objid` = `v`.`receiptid`))) join `cashreceiptitem` `ci` on((`ci`.`receiptid` = `c`.`objid`))) join `collectiontype` `ct` on((`ct`.`objid` = `c`.`collectiontype_objid`))) left join `remittance` `r` on((`r`.`objid` = `c`.`remittanceid`))) */;
/*!50001 SET character_set_client      = @saved_cs_client */;
/*!50001 SET character_set_results     = @saved_cs_results */;
/*!50001 SET collation_connection      = @saved_col_connection */;

--
-- Final view structure for view `vw_cashbook_cashreceiptvoid_share`
--

/*!50001 DROP TABLE IF EXISTS `vw_cashbook_cashreceiptvoid_share`*/;
/*!50001 DROP VIEW IF EXISTS `vw_cashbook_cashreceiptvoid_share`*/;
/*!50001 SET @saved_cs_client          = @@character_set_client */;
/*!50001 SET @saved_cs_results         = @@character_set_results */;
/*!50001 SET @saved_col_connection     = @@collation_connection */;
/*!50001 SET character_set_client      = utf8mb4 */;
/*!50001 SET character_set_results     = utf8mb4 */;
/*!50001 SET collation_connection      = utf8mb4_general_ci */;
/*!50001 CREATE ALGORITHM=UNDEFINED */
/*!50013 DEFINER=`root`@`localhost` SQL SECURITY DEFINER */
/*!50001 VIEW `vw_cashbook_cashreceiptvoid_share` AS select `v`.`objid` AS `objid`,`v`.`txndate` AS `txndate`,cast(`v`.`txndate` as date) AS `refdate`,`v`.`objid` AS `refid`,`c`.`receiptno` AS `refno`,'cashreceipt:void' AS `reftype`,concat('VOID ',`v`.`reason`) AS `particulars`,`ia`.`fund_objid` AS `fundid`,`c`.`collector_objid` AS `collectorid`,`cs`.`amount` AS `dr`,(case when isnull(`r`.`liquidatingofficer_objid`) then 0.0 when (`v`.`txndate` > `r`.`dtposted`) then `cs`.`amount` else 0.0 end) AS `cr`,`c`.`formno` AS `formno`,`c`.`formtype` AS `formtype`,`c`.`series` AS `series`,`c`.`controlid` AS `controlid`,`v`.`txndate` AS `sortdate`,`c`.`receiptdate` AS `receiptdate`,`c`.`remittanceid` AS `remittanceid`,`r`.`controldate` AS `remittancedate`,`r`.`dtposted` AS `remittancedtposted` from (((((`cashreceipt_void` `v` join `cashreceipt` `c` on((`c`.`objid` = `v`.`receiptid`))) join `cashreceipt_share` `cs` on((`cs`.`receiptid` = `c`.`objid`))) join `itemaccount` `ia` on((`ia`.`objid` = `cs`.`refitem_objid`))) join `collectiontype` `ct` on((`ct`.`objid` = `c`.`collectiontype_objid`))) left join `remittance` `r` on((`r`.`objid` = `c`.`remittanceid`))) */;
/*!50001 SET character_set_client      = @saved_cs_client */;
/*!50001 SET character_set_results     = @saved_cs_results */;
/*!50001 SET collation_connection      = @saved_col_connection */;

--
-- Final view structure for view `vw_cashbook_cashreceiptvoid_share_payable`
--

/*!50001 DROP TABLE IF EXISTS `vw_cashbook_cashreceiptvoid_share_payable`*/;
/*!50001 DROP VIEW IF EXISTS `vw_cashbook_cashreceiptvoid_share_payable`*/;
/*!50001 SET @saved_cs_client          = @@character_set_client */;
/*!50001 SET @saved_cs_results         = @@character_set_results */;
/*!50001 SET @saved_col_connection     = @@collation_connection */;
/*!50001 SET character_set_client      = utf8mb4 */;
/*!50001 SET character_set_results     = utf8mb4 */;
/*!50001 SET collation_connection      = utf8mb4_general_ci */;
/*!50001 CREATE ALGORITHM=UNDEFINED */
/*!50013 DEFINER=`root`@`localhost` SQL SECURITY DEFINER */
/*!50001 VIEW `vw_cashbook_cashreceiptvoid_share_payable` AS select `v`.`objid` AS `objid`,`v`.`txndate` AS `txndate`,cast(`v`.`txndate` as date) AS `refdate`,`v`.`objid` AS `refid`,`c`.`receiptno` AS `refno`,'cashreceipt:void' AS `reftype`,concat('VOID ',`v`.`reason`) AS `particulars`,`ia`.`fund_objid` AS `fundid`,`c`.`collector_objid` AS `collectorid`,`cs`.`amount` AS `dr`,(case when isnull(`r`.`liquidatingofficer_objid`) then 0.0 when (`v`.`txndate` > `r`.`dtposted`) then `cs`.`amount` else 0.0 end) AS `cr`,`c`.`formno` AS `formno`,`c`.`formtype` AS `formtype`,`c`.`series` AS `series`,`c`.`controlid` AS `controlid`,`v`.`txndate` AS `sortdate`,`c`.`receiptdate` AS `receiptdate`,`c`.`remittanceid` AS `remittanceid`,`r`.`controldate` AS `remittancedate`,`r`.`dtposted` AS `remittancedtposted` from (((((`cashreceipt_void` `v` join `cashreceipt` `c` on((`c`.`objid` = `v`.`receiptid`))) join `cashreceipt_share` `cs` on((`cs`.`receiptid` = `c`.`objid`))) join `itemaccount` `ia` on((`ia`.`objid` = `cs`.`payableitem_objid`))) join `collectiontype` `ct` on((`ct`.`objid` = `c`.`collectiontype_objid`))) left join `remittance` `r` on((`r`.`objid` = `c`.`remittanceid`))) */;
/*!50001 SET character_set_client      = @saved_cs_client */;
/*!50001 SET character_set_results     = @saved_cs_results */;
/*!50001 SET collation_connection      = @saved_col_connection */;

--
-- Final view structure for view `vw_cashbook_remittance`
--

/*!50001 DROP TABLE IF EXISTS `vw_cashbook_remittance`*/;
/*!50001 DROP VIEW IF EXISTS `vw_cashbook_remittance`*/;
/*!50001 SET @saved_cs_client          = @@character_set_client */;
/*!50001 SET @saved_cs_results         = @@character_set_results */;
/*!50001 SET @saved_col_connection     = @@collation_connection */;
/*!50001 SET character_set_client      = utf8mb4 */;
/*!50001 SET character_set_results     = utf8mb4 */;
/*!50001 SET collation_connection      = utf8mb4_general_ci */;
/*!50001 CREATE ALGORITHM=UNDEFINED */
/*!50013 DEFINER=`root`@`localhost` SQL SECURITY DEFINER */
/*!50001 VIEW `vw_cashbook_remittance` AS select `r`.`objid` AS `objid`,`r`.`dtposted` AS `txndate`,`r`.`controldate` AS `refdate`,`r`.`objid` AS `refid`,`r`.`controlno` AS `refno`,'remittance' AS `reftype`,'REMITTANCE' AS `particulars`,`ci`.`item_fund_objid` AS `fundid`,`r`.`collector_objid` AS `collectorid`,0.0 AS `dr`,`ci`.`amount` AS `cr`,'remittance' AS `formno`,'remittance' AS `formtype`,NULL AS `series`,NULL AS `controlid`,`r`.`dtposted` AS `sortdate`,`r`.`liquidatingofficer_objid` AS `liquidatingofficer_objid`,`r`.`liquidatingofficer_name` AS `liquidatingofficer_name`,`v`.`objid` AS `voidid`,`v`.`txndate` AS `voiddate` from (((`remittance` `r` join `cashreceipt` `c` on((`c`.`remittanceid` = `r`.`objid`))) join `cashreceiptitem` `ci` on((`ci`.`receiptid` = `c`.`objid`))) left join `cashreceipt_void` `v` on((`v`.`receiptid` = `c`.`objid`))) */;
/*!50001 SET character_set_client      = @saved_cs_client */;
/*!50001 SET character_set_results     = @saved_cs_results */;
/*!50001 SET collation_connection      = @saved_col_connection */;

--
-- Final view structure for view `vw_cashbook_remittance_share`
--

/*!50001 DROP TABLE IF EXISTS `vw_cashbook_remittance_share`*/;
/*!50001 DROP VIEW IF EXISTS `vw_cashbook_remittance_share`*/;
/*!50001 SET @saved_cs_client          = @@character_set_client */;
/*!50001 SET @saved_cs_results         = @@character_set_results */;
/*!50001 SET @saved_col_connection     = @@collation_connection */;
/*!50001 SET character_set_client      = utf8mb4 */;
/*!50001 SET character_set_results     = utf8mb4 */;
/*!50001 SET collation_connection      = utf8mb4_general_ci */;
/*!50001 CREATE ALGORITHM=UNDEFINED */
/*!50013 DEFINER=`root`@`localhost` SQL SECURITY DEFINER */
/*!50001 VIEW `vw_cashbook_remittance_share` AS select `r`.`objid` AS `objid`,`r`.`dtposted` AS `txndate`,`r`.`controldate` AS `refdate`,`r`.`objid` AS `refid`,`r`.`controlno` AS `refno`,'remittance' AS `reftype`,'REMITTANCE' AS `particulars`,`ia`.`fund_objid` AS `fundid`,`r`.`collector_objid` AS `collectorid`,0.0 AS `dr`,`cs`.`amount` AS `cr`,'remittance' AS `formno`,'remittance' AS `formtype`,NULL AS `series`,NULL AS `controlid`,`r`.`dtposted` AS `sortdate`,`r`.`liquidatingofficer_objid` AS `liquidatingofficer_objid`,`r`.`liquidatingofficer_name` AS `liquidatingofficer_name`,`v`.`objid` AS `voidid`,`v`.`txndate` AS `voiddate` from ((((`remittance` `r` join `cashreceipt` `c` on((`c`.`remittanceid` = `r`.`objid`))) join `cashreceipt_share` `cs` on((`cs`.`receiptid` = `c`.`objid`))) join `itemaccount` `ia` on((`ia`.`objid` = `cs`.`refitem_objid`))) left join `cashreceipt_void` `v` on((`v`.`receiptid` = `c`.`objid`))) */;
/*!50001 SET character_set_client      = @saved_cs_client */;
/*!50001 SET character_set_results     = @saved_cs_results */;
/*!50001 SET collation_connection      = @saved_col_connection */;

--
-- Final view structure for view `vw_cashbook_remittance_share_payable`
--

/*!50001 DROP TABLE IF EXISTS `vw_cashbook_remittance_share_payable`*/;
/*!50001 DROP VIEW IF EXISTS `vw_cashbook_remittance_share_payable`*/;
/*!50001 SET @saved_cs_client          = @@character_set_client */;
/*!50001 SET @saved_cs_results         = @@character_set_results */;
/*!50001 SET @saved_col_connection     = @@collation_connection */;
/*!50001 SET character_set_client      = utf8mb4 */;
/*!50001 SET character_set_results     = utf8mb4 */;
/*!50001 SET collation_connection      = utf8mb4_general_ci */;
/*!50001 CREATE ALGORITHM=UNDEFINED */
/*!50013 DEFINER=`root`@`localhost` SQL SECURITY DEFINER */
/*!50001 VIEW `vw_cashbook_remittance_share_payable` AS select `r`.`objid` AS `objid`,`r`.`dtposted` AS `txndate`,`r`.`controldate` AS `refdate`,`r`.`objid` AS `refid`,`r`.`controlno` AS `refno`,'remittance' AS `reftype`,'REMITTANCE' AS `particulars`,`ia`.`fund_objid` AS `fundid`,`r`.`collector_objid` AS `collectorid`,0.0 AS `dr`,`cs`.`amount` AS `cr`,'remittance' AS `formno`,'remittance' AS `formtype`,NULL AS `series`,NULL AS `controlid`,`r`.`dtposted` AS `sortdate`,`r`.`liquidatingofficer_objid` AS `liquidatingofficer_objid`,`r`.`liquidatingofficer_name` AS `liquidatingofficer_name`,`v`.`objid` AS `voidid`,`v`.`txndate` AS `voiddate` from ((((`remittance` `r` join `cashreceipt` `c` on((`c`.`remittanceid` = `r`.`objid`))) join `cashreceipt_share` `cs` on((`cs`.`receiptid` = `c`.`objid`))) join `itemaccount` `ia` on((`ia`.`objid` = `cs`.`payableitem_objid`))) left join `cashreceipt_void` `v` on((`v`.`receiptid` = `c`.`objid`))) */;
/*!50001 SET character_set_client      = @saved_cs_client */;
/*!50001 SET character_set_results     = @saved_cs_results */;
/*!50001 SET collation_connection      = @saved_col_connection */;

--
-- Final view structure for view `vw_cashreceipt_itemaccount`
--

/*!50001 DROP TABLE IF EXISTS `vw_cashreceipt_itemaccount`*/;
/*!50001 DROP VIEW IF EXISTS `vw_cashreceipt_itemaccount`*/;
/*!50001 SET @saved_cs_client          = @@character_set_client */;
/*!50001 SET @saved_cs_results         = @@character_set_results */;
/*!50001 SET @saved_col_connection     = @@collation_connection */;
/*!50001 SET character_set_client      = utf8mb4 */;
/*!50001 SET character_set_results     = utf8mb4 */;
/*!50001 SET collation_connection      = utf8mb4_general_ci */;
/*!50001 CREATE ALGORITHM=UNDEFINED */
/*!50013 DEFINER=`root`@`localhost` SQL SECURITY DEFINER */
/*!50001 VIEW `vw_cashreceipt_itemaccount` AS select `itemaccount`.`objid` AS `objid`,`itemaccount`.`state` AS `state`,`itemaccount`.`code` AS `code`,`itemaccount`.`title` AS `title`,`itemaccount`.`description` AS `description`,`itemaccount`.`type` AS `type`,`itemaccount`.`fund_objid` AS `fund_objid`,`itemaccount`.`fund_code` AS `fund_code`,`itemaccount`.`fund_title` AS `fund_title`,`itemaccount`.`defaultvalue` AS `defaultvalue`,`itemaccount`.`valuetype` AS `valuetype`,`itemaccount`.`sortorder` AS `sortorder`,`itemaccount`.`org_objid` AS `orgid`,`itemaccount`.`hidefromlookup` AS `hidefromlookup` from `itemaccount` where ((`itemaccount`.`state` = 'ACTIVE') and (`itemaccount`.`type` in ('REVENUE','NONREVENUE','PAYABLE')) and (ifnull(`itemaccount`.`generic`,0) = 0)) */;
/*!50001 SET character_set_client      = @saved_cs_client */;
/*!50001 SET character_set_results     = @saved_cs_results */;
/*!50001 SET collation_connection      = @saved_col_connection */;

--
-- Final view structure for view `vw_cashreceipt_itemaccount_collectiongroup`
--

/*!50001 DROP TABLE IF EXISTS `vw_cashreceipt_itemaccount_collectiongroup`*/;
/*!50001 DROP VIEW IF EXISTS `vw_cashreceipt_itemaccount_collectiongroup`*/;
/*!50001 SET @saved_cs_client          = @@character_set_client */;
/*!50001 SET @saved_cs_results         = @@character_set_results */;
/*!50001 SET @saved_col_connection     = @@collation_connection */;
/*!50001 SET character_set_client      = utf8mb4 */;
/*!50001 SET character_set_results     = utf8mb4 */;
/*!50001 SET collation_connection      = utf8mb4_general_ci */;
/*!50001 CREATE ALGORITHM=UNDEFINED */
/*!50013 DEFINER=`root`@`localhost` SQL SECURITY DEFINER */
/*!50001 VIEW `vw_cashreceipt_itemaccount_collectiongroup` AS select `ia`.`objid` AS `objid`,`ia`.`state` AS `state`,`ia`.`code` AS `code`,`ia`.`title` AS `title`,`ia`.`description` AS `description`,`ia`.`type` AS `type`,`ia`.`fund_objid` AS `fund_objid`,`ia`.`fund_code` AS `fund_code`,`ia`.`fund_title` AS `fund_title`,(case when (`ca`.`defaultvalue` = 0) then `ia`.`defaultvalue` else `ca`.`defaultvalue` end) AS `defaultvalue`,(case when (`ca`.`defaultvalue` = 0) then `ia`.`valuetype` else `ca`.`valuetype` end) AS `valuetype`,`ca`.`sortorder` AS `sortorder`,`ia`.`org_objid` AS `orgid`,`ca`.`collectiongroupid` AS `collectiongroupid`,`ia`.`generic` AS `generic` from (`collectiongroup_account` `ca` join `itemaccount` `ia` on((`ia`.`objid` = `ca`.`account_objid`))) */;
/*!50001 SET character_set_client      = @saved_cs_client */;
/*!50001 SET character_set_results     = @saved_cs_results */;
/*!50001 SET collation_connection      = @saved_col_connection */;

--
-- Final view structure for view `vw_cashreceipt_itemaccount_collectiontype`
--

/*!50001 DROP TABLE IF EXISTS `vw_cashreceipt_itemaccount_collectiontype`*/;
/*!50001 DROP VIEW IF EXISTS `vw_cashreceipt_itemaccount_collectiontype`*/;
/*!50001 SET @saved_cs_client          = @@character_set_client */;
/*!50001 SET @saved_cs_results         = @@character_set_results */;
/*!50001 SET @saved_col_connection     = @@collation_connection */;
/*!50001 SET character_set_client      = utf8mb4 */;
/*!50001 SET character_set_results     = utf8mb4 */;
/*!50001 SET collation_connection      = utf8mb4_general_ci */;
/*!50001 CREATE ALGORITHM=UNDEFINED */
/*!50013 DEFINER=`root`@`localhost` SQL SECURITY DEFINER */
/*!50001 VIEW `vw_cashreceipt_itemaccount_collectiontype` AS select `ia`.`objid` AS `objid`,`ia`.`state` AS `state`,`ia`.`code` AS `code`,`ia`.`title` AS `title`,`ia`.`description` AS `description`,`ia`.`type` AS `type`,`ia`.`fund_objid` AS `fund_objid`,`ia`.`fund_code` AS `fund_code`,`ia`.`fund_title` AS `fund_title`,`ca`.`defaultvalue` AS `defaultvalue`,(case when isnull(`ca`.`valuetype`) then 'ANY' else `ca`.`valuetype` end) AS `valuetype`,(case when isnull(`ca`.`sortorder`) then 0 else `ca`.`sortorder` end) AS `sortorder`,NULL AS `orgid`,`ca`.`collectiontypeid` AS `collectiontypeid`,0 AS `hasorg`,`ia`.`hidefromlookup` AS `hidefromlookup` from (((`collectiontype` `ct` join `collectiontype_account` `ca` on((`ca`.`collectiontypeid` = `ct`.`objid`))) join `itemaccount` `ia` on((`ia`.`objid` = `ca`.`account_objid`))) left join `collectiontype_org` `o` on((`o`.`collectiontypeid` = convert(`ca`.`objid` using utf8)))) where (isnull(`o`.`objid`) and (`ia`.`state` = 'ACTIVE') and (`ia`.`type` in ('REVENUE','NONREVENUE','PAYABLE'))) union all select `ia`.`objid` AS `objid`,`ia`.`state` AS `state`,`ia`.`code` AS `code`,`ia`.`title` AS `title`,`ia`.`description` AS `description`,`ia`.`type` AS `type`,`ia`.`fund_objid` AS `fund_objid`,`ia`.`fund_code` AS `fund_code`,`ia`.`fund_title` AS `fund_title`,`ca`.`defaultvalue` AS `defaultvalue`,(case when isnull(`ca`.`valuetype`) then 'ANY' else `ca`.`valuetype` end) AS `valuetype`,(case when isnull(`ca`.`sortorder`) then 0 else `ca`.`sortorder` end) AS `sortorder`,`o`.`org_objid` AS `orgid`,`ca`.`collectiontypeid` AS `collectiontypeid`,1 AS `hasorg`,`ia`.`hidefromlookup` AS `hidefromlookup` from (((`collectiontype` `ct` join `collectiontype_org` `o` on((`o`.`collectiontypeid` = `ct`.`objid`))) join `collectiontype_account` `ca` on((`ca`.`collectiontypeid` = `ct`.`objid`))) join `itemaccount` `ia` on((`ia`.`objid` = `ca`.`account_objid`))) where ((`ia`.`state` = 'ACTIVE') and (`ia`.`type` in ('REVENUE','NONREVENUE','PAYABLE'))) */;
/*!50001 SET character_set_client      = @saved_cs_client */;
/*!50001 SET character_set_results     = @saved_cs_results */;
/*!50001 SET collation_connection      = @saved_col_connection */;

--
-- Final view structure for view `vw_cashreceiptpayment_noncash`
--

/*!50001 DROP TABLE IF EXISTS `vw_cashreceiptpayment_noncash`*/;
/*!50001 DROP VIEW IF EXISTS `vw_cashreceiptpayment_noncash`*/;
/*!50001 SET @saved_cs_client          = @@character_set_client */;
/*!50001 SET @saved_cs_results         = @@character_set_results */;
/*!50001 SET @saved_col_connection     = @@collation_connection */;
/*!50001 SET character_set_client      = utf8mb4 */;
/*!50001 SET character_set_results     = utf8mb4 */;
/*!50001 SET collation_connection      = utf8mb4_general_ci */;
/*!50001 CREATE ALGORITHM=UNDEFINED */
/*!50013 DEFINER=`root`@`localhost` SQL SECURITY DEFINER */
/*!50001 VIEW `vw_cashreceiptpayment_noncash` AS select `nc`.`objid` AS `objid`,`nc`.`receiptid` AS `receiptid`,`nc`.`refno` AS `refno`,`nc`.`refdate` AS `refdate`,`nc`.`reftype` AS `reftype`,`nc`.`amount` AS `amount`,`nc`.`particulars` AS `particulars`,`nc`.`account_objid` AS `account_objid`,`nc`.`account_code` AS `account_code`,`nc`.`account_name` AS `account_name`,`nc`.`account_fund_objid` AS `account_fund_objid`,`nc`.`account_fund_name` AS `account_fund_name`,`nc`.`account_bank` AS `account_bank`,`nc`.`fund_objid` AS `fund_objid`,`nc`.`refid` AS `refid`,`nc`.`checkid` AS `checkid`,`nc`.`voidamount` AS `voidamount`,`v`.`objid` AS `void_objid`,(case when isnull(`v`.`objid`) then 0 else 1 end) AS `voided`,`c`.`receiptno` AS `receipt_receiptno`,`c`.`receiptdate` AS `receipt_receiptdate`,`c`.`amount` AS `receipt_amount`,`c`.`collector_objid` AS `receipt_collector_objid`,`c`.`collector_name` AS `receipt_collector_name`,`c`.`remittanceid` AS `remittanceid`,`rem`.`objid` AS `remittance_objid`,`rem`.`controlno` AS `remittance_controlno`,`rem`.`controldate` AS `remittance_controldate` from (((`cashreceiptpayment_noncash` `nc` join `cashreceipt` `c` on((`c`.`objid` = `nc`.`receiptid`))) left join `cashreceipt_void` `v` on((`v`.`receiptid` = `c`.`objid`))) left join `remittance` `rem` on((`rem`.`objid` = `c`.`remittanceid`))) */;
/*!50001 SET character_set_client      = @saved_cs_client */;
/*!50001 SET character_set_results     = @saved_cs_results */;
/*!50001 SET collation_connection      = @saved_col_connection */;

--
-- Final view structure for view `vw_cashreceiptpayment_noncash_liquidated`
--

/*!50001 DROP TABLE IF EXISTS `vw_cashreceiptpayment_noncash_liquidated`*/;
/*!50001 DROP VIEW IF EXISTS `vw_cashreceiptpayment_noncash_liquidated`*/;
/*!50001 SET @saved_cs_client          = @@character_set_client */;
/*!50001 SET @saved_cs_results         = @@character_set_results */;
/*!50001 SET @saved_col_connection     = @@collation_connection */;
/*!50001 SET character_set_client      = utf8mb4 */;
/*!50001 SET character_set_results     = utf8mb4 */;
/*!50001 SET collation_connection      = utf8mb4_general_ci */;
/*!50001 CREATE ALGORITHM=UNDEFINED */
/*!50013 DEFINER=`root`@`localhost` SQL SECURITY DEFINER */
/*!50001 VIEW `vw_cashreceiptpayment_noncash_liquidated` AS select `nc`.`objid` AS `objid`,`nc`.`receiptid` AS `receiptid`,`nc`.`refno` AS `refno`,`nc`.`refdate` AS `refdate`,`nc`.`reftype` AS `reftype`,`nc`.`amount` AS `amount`,`nc`.`particulars` AS `particulars`,`nc`.`account_objid` AS `account_objid`,`nc`.`account_code` AS `account_code`,`nc`.`account_name` AS `account_name`,`nc`.`account_fund_objid` AS `account_fund_objid`,`nc`.`account_fund_name` AS `account_fund_name`,`nc`.`account_bank` AS `account_bank`,`nc`.`fund_objid` AS `fund_objid`,`nc`.`refid` AS `refid`,`nc`.`checkid` AS `checkid`,`nc`.`voidamount` AS `voidamount`,`v`.`objid` AS `void_objid`,(case when isnull(`v`.`objid`) then 0 else 1 end) AS `voided`,`c`.`receiptno` AS `receipt_receiptno`,`c`.`receiptdate` AS `receipt_receiptdate`,`c`.`amount` AS `receipt_amount`,`c`.`collector_objid` AS `receipt_collector_objid`,`c`.`collector_name` AS `receipt_collector_name`,`c`.`remittanceid` AS `remittanceid`,`r`.`objid` AS `remittance_objid`,`r`.`controlno` AS `remittance_controlno`,`r`.`controldate` AS `remittance_controldate`,`r`.`collectionvoucherid` AS `collectionvoucherid`,`cv`.`objid` AS `collectionvoucher_objid`,`cv`.`controlno` AS `collectionvoucher_controlno`,`cv`.`controldate` AS `collectionvoucher_controldate`,`cv`.`depositvoucherid` AS `depositvoucherid` from ((((`collectionvoucher` `cv` join `remittance` `r` on((`r`.`collectionvoucherid` = `cv`.`objid`))) join `cashreceipt` `c` on((`c`.`remittanceid` = `r`.`objid`))) join `cashreceiptpayment_noncash` `nc` on((`nc`.`receiptid` = `c`.`objid`))) left join `cashreceipt_void` `v` on((`v`.`receiptid` = `c`.`objid`))) */;
/*!50001 SET character_set_client      = @saved_cs_client */;
/*!50001 SET character_set_results     = @saved_cs_results */;
/*!50001 SET collation_connection      = @saved_col_connection */;

--
-- Final view structure for view `vw_collectiongroup`
--

/*!50001 DROP TABLE IF EXISTS `vw_collectiongroup`*/;
/*!50001 DROP VIEW IF EXISTS `vw_collectiongroup`*/;
/*!50001 SET @saved_cs_client          = @@character_set_client */;
/*!50001 SET @saved_cs_results         = @@character_set_results */;
/*!50001 SET @saved_col_connection     = @@collation_connection */;
/*!50001 SET character_set_client      = utf8mb4 */;
/*!50001 SET character_set_results     = utf8mb4 */;
/*!50001 SET collation_connection      = utf8mb4_general_ci */;
/*!50001 CREATE ALGORITHM=UNDEFINED */
/*!50013 DEFINER=`root`@`localhost` SQL SECURITY DEFINER */
/*!50001 VIEW `vw_collectiongroup` AS select `cg`.`objid` AS `objid`,`cg`.`name` AS `name`,`cg`.`sharing` AS `sharing`,NULL AS `orgid` from (`collectiongroup` `cg` left join `collectiongroup_org` `co` on((`co`.`collectiongroupid` = `cg`.`objid`))) where ((`cg`.`state` = 'ACTIVE') and isnull(`co`.`objid`)) union select `cg`.`objid` AS `objid`,`cg`.`name` AS `name`,`cg`.`sharing` AS `sharing`,`co`.`org_objid` AS `orgid` from (`collectiongroup` `cg` join `collectiongroup_org` `co` on((`co`.`collectiongroupid` = `cg`.`objid`))) where (`cg`.`state` = 'ACTIVE') */;
/*!50001 SET character_set_client      = @saved_cs_client */;
/*!50001 SET character_set_results     = @saved_cs_results */;
/*!50001 SET collation_connection      = @saved_col_connection */;

--
-- Final view structure for view `vw_collectiontype`
--

/*!50001 DROP TABLE IF EXISTS `vw_collectiontype`*/;
/*!50001 DROP VIEW IF EXISTS `vw_collectiontype`*/;
/*!50001 SET @saved_cs_client          = @@character_set_client */;
/*!50001 SET @saved_cs_results         = @@character_set_results */;
/*!50001 SET @saved_col_connection     = @@collation_connection */;
/*!50001 SET character_set_client      = utf8mb4 */;
/*!50001 SET character_set_results     = utf8mb4 */;
/*!50001 SET collation_connection      = utf8mb4_general_ci */;
/*!50001 CREATE ALGORITHM=UNDEFINED */
/*!50013 DEFINER=`root`@`localhost` SQL SECURITY DEFINER */
/*!50001 VIEW `vw_collectiontype` AS select `c`.`objid` AS `objid`,`c`.`state` AS `state`,`c`.`name` AS `name`,`c`.`title` AS `title`,`c`.`formno` AS `formno`,`c`.`handler` AS `handler`,`c`.`allowbatch` AS `allowbatch`,`c`.`barcodekey` AS `barcodekey`,`c`.`allowonline` AS `allowonline`,`c`.`allowoffline` AS `allowoffline`,`c`.`sortorder` AS `sortorder`,`o`.`org_objid` AS `orgid`,`c`.`fund_objid` AS `fund_objid`,`c`.`fund_title` AS `fund_title`,`c`.`category` AS `category`,`c`.`queuesection` AS `queuesection`,`c`.`system` AS `system`,`af`.`formtype` AS `af_formtype`,`af`.`serieslength` AS `af_serieslength`,`af`.`denomination` AS `af_denomination`,`af`.`baseunit` AS `af_baseunit`,`c`.`allowpaymentorder` AS `allowpaymentorder`,`c`.`allowkiosk` AS `allowkiosk`,`c`.`allowcreditmemo` AS `allowcreditmemo` from ((`collectiontype_org` `o` join `collectiontype` `c` on((`c`.`objid` = `o`.`collectiontypeid`))) join `af` on((convert(`af`.`objid` using utf8) = `c`.`formno`))) where (`c`.`state` = 'ACTIVE') union select `c`.`objid` AS `objid`,`c`.`state` AS `state`,`c`.`name` AS `name`,`c`.`title` AS `title`,`c`.`formno` AS `formno`,`c`.`handler` AS `handler`,`c`.`allowbatch` AS `allowbatch`,`c`.`barcodekey` AS `barcodekey`,`c`.`allowonline` AS `allowonline`,`c`.`allowoffline` AS `allowoffline`,`c`.`sortorder` AS `sortorder`,NULL AS `orgid`,`c`.`fund_objid` AS `fund_objid`,`c`.`fund_title` AS `fund_title`,`c`.`category` AS `category`,`c`.`queuesection` AS `queuesection`,`c`.`system` AS `system`,`af`.`formtype` AS `af_formtype`,`af`.`serieslength` AS `af_serieslength`,`af`.`denomination` AS `af_denomination`,`af`.`baseunit` AS `af_baseunit`,`c`.`allowpaymentorder` AS `allowpaymentorder`,`c`.`allowkiosk` AS `allowkiosk`,`c`.`allowcreditmemo` AS `allowcreditmemo` from ((`collectiontype` `c` join `af` on((convert(`af`.`objid` using utf8) = `c`.`formno`))) left join `collectiontype_org` `o` on((`c`.`objid` = `o`.`collectiontypeid`))) where ((`c`.`state` = 'ACTIVE') and isnull(`o`.`objid`)) */;
/*!50001 SET character_set_client      = @saved_cs_client */;
/*!50001 SET character_set_results     = @saved_cs_results */;
/*!50001 SET collation_connection      = @saved_col_connection */;

--
-- Final view structure for view `vw_collectiontype_account`
--

/*!50001 DROP TABLE IF EXISTS `vw_collectiontype_account`*/;
/*!50001 DROP VIEW IF EXISTS `vw_collectiontype_account`*/;
/*!50001 SET @saved_cs_client          = @@character_set_client */;
/*!50001 SET @saved_cs_results         = @@character_set_results */;
/*!50001 SET @saved_col_connection     = @@collation_connection */;
/*!50001 SET character_set_client      = utf8mb4 */;
/*!50001 SET character_set_results     = utf8mb4 */;
/*!50001 SET collation_connection      = utf8mb4_general_ci */;
/*!50001 CREATE ALGORITHM=UNDEFINED */
/*!50013 DEFINER=`root`@`localhost` SQL SECURITY DEFINER */
/*!50001 VIEW `vw_collectiontype_account` AS select `ia`.`objid` AS `objid`,`ia`.`code` AS `code`,`ia`.`title` AS `title`,`ia`.`fund_objid` AS `fund_objid`,`fund`.`code` AS `fund_code`,`fund`.`title` AS `fund_title`,`cta`.`collectiontypeid` AS `collectiontypeid`,`cta`.`tag` AS `tag`,`cta`.`valuetype` AS `valuetype`,`cta`.`defaultvalue` AS `defaultvalue` from ((`collectiontype_account` `cta` join `itemaccount` `ia` on((`ia`.`objid` = `cta`.`account_objid`))) join `fund` on((`fund`.`objid` = `ia`.`fund_objid`))) */;
/*!50001 SET character_set_client      = @saved_cs_client */;
/*!50001 SET character_set_results     = @saved_cs_results */;
/*!50001 SET collation_connection      = @saved_col_connection */;

--
-- Final view structure for view `vw_collectionvoucher_cashreceiptitem`
--

/*!50001 DROP TABLE IF EXISTS `vw_collectionvoucher_cashreceiptitem`*/;
/*!50001 DROP VIEW IF EXISTS `vw_collectionvoucher_cashreceiptitem`*/;
/*!50001 SET @saved_cs_client          = @@character_set_client */;
/*!50001 SET @saved_cs_results         = @@character_set_results */;
/*!50001 SET @saved_col_connection     = @@collation_connection */;
/*!50001 SET character_set_client      = utf8mb4 */;
/*!50001 SET character_set_results     = utf8mb4 */;
/*!50001 SET collation_connection      = utf8mb4_general_ci */;
/*!50001 CREATE ALGORITHM=UNDEFINED */
/*!50013 DEFINER=`root`@`localhost` SQL SECURITY DEFINER */
/*!50001 VIEW `vw_collectionvoucher_cashreceiptitem` AS select `cv`.`controldate` AS `collectionvoucher_controldate`,`cv`.`controlno` AS `collectionvoucher_controlno`,`v`.`remittanceid` AS `remittanceid`,`v`.`remittance_controldate` AS `remittance_controldate`,`v`.`remittance_controlno` AS `remittance_controlno`,`v`.`collectionvoucherid` AS `collectionvoucherid`,`v`.`collectiontype_objid` AS `collectiontype_objid`,`v`.`collectiontype_name` AS `collectiontype_name`,`v`.`org_objid` AS `org_objid`,`v`.`org_name` AS `org_name`,`v`.`formtype` AS `formtype`,`v`.`formno` AS `formno`,`v`.`receiptid` AS `receiptid`,`v`.`receiptdate` AS `receiptdate`,`v`.`receiptno` AS `receiptno`,`v`.`controlid` AS `controlid`,`v`.`series` AS `series`,`v`.`stubno` AS `stubno`,`v`.`paidby` AS `paidby`,`v`.`paidbyaddress` AS `paidbyaddress`,`v`.`collectorid` AS `collectorid`,`v`.`collectorname` AS `collectorname`,`v`.`collectortitle` AS `collectortitle`,`v`.`fundid` AS `fundid`,`v`.`acctid` AS `acctid`,`v`.`acctcode` AS `acctcode`,`v`.`acctname` AS `acctname`,`v`.`remarks` AS `remarks`,`v`.`amount` AS `amount`,`v`.`voided` AS `voided`,`v`.`voidamount` AS `voidamount`,`v`.`formtypeindex` AS `formtypeindex` from (`collectionvoucher` `cv` join `vw_remittance_cashreceiptitem` `v` on((`v`.`collectionvoucherid` = `cv`.`objid`))) */;
/*!50001 SET character_set_client      = @saved_cs_client */;
/*!50001 SET character_set_results     = @saved_cs_results */;
/*!50001 SET collation_connection      = @saved_col_connection */;

--
-- Final view structure for view `vw_collectionvoucher_cashreceiptshare`
--

/*!50001 DROP TABLE IF EXISTS `vw_collectionvoucher_cashreceiptshare`*/;
/*!50001 DROP VIEW IF EXISTS `vw_collectionvoucher_cashreceiptshare`*/;
/*!50001 SET @saved_cs_client          = @@character_set_client */;
/*!50001 SET @saved_cs_results         = @@character_set_results */;
/*!50001 SET @saved_col_connection     = @@collation_connection */;
/*!50001 SET character_set_client      = utf8mb4 */;
/*!50001 SET character_set_results     = utf8mb4 */;
/*!50001 SET collation_connection      = utf8mb4_general_ci */;
/*!50001 CREATE ALGORITHM=UNDEFINED */
/*!50013 DEFINER=`root`@`localhost` SQL SECURITY DEFINER */
/*!50001 VIEW `vw_collectionvoucher_cashreceiptshare` AS select `cv`.`controldate` AS `collectionvoucher_controldate`,`cv`.`controlno` AS `collectionvoucher_controlno`,`v`.`remittanceid` AS `remittanceid`,`v`.`remittance_controldate` AS `remittance_controldate`,`v`.`remittance_controlno` AS `remittance_controlno`,`v`.`collectionvoucherid` AS `collectionvoucherid`,`v`.`formno` AS `formno`,`v`.`formtype` AS `formtype`,`v`.`controlid` AS `controlid`,`v`.`series` AS `series`,`v`.`receiptid` AS `receiptid`,`v`.`receiptdate` AS `receiptdate`,`v`.`receiptno` AS `receiptno`,`v`.`paidby` AS `paidby`,`v`.`paidbyaddress` AS `paidbyaddress`,`v`.`org_objid` AS `org_objid`,`v`.`org_name` AS `org_name`,`v`.`collectiontype_objid` AS `collectiontype_objid`,`v`.`collectiontype_name` AS `collectiontype_name`,`v`.`collectorid` AS `collectorid`,`v`.`collectorname` AS `collectorname`,`v`.`collectortitle` AS `collectortitle`,`v`.`refacctid` AS `refacctid`,`v`.`fundid` AS `fundid`,`v`.`acctid` AS `acctid`,`v`.`acctcode` AS `acctcode`,`v`.`acctname` AS `acctname`,`v`.`amount` AS `amount`,`v`.`voided` AS `voided`,`v`.`voidamount` AS `voidamount`,`v`.`formtypeindex` AS `formtypeindex` from (`collectionvoucher` `cv` join `vw_remittance_cashreceiptshare` `v` on((`v`.`collectionvoucherid` = `cv`.`objid`))) */;
/*!50001 SET character_set_client      = @saved_cs_client */;
/*!50001 SET character_set_results     = @saved_cs_results */;
/*!50001 SET collation_connection      = @saved_col_connection */;

--
-- Final view structure for view `vw_deposit_fund_transfer`
--

/*!50001 DROP TABLE IF EXISTS `vw_deposit_fund_transfer`*/;
/*!50001 DROP VIEW IF EXISTS `vw_deposit_fund_transfer`*/;
/*!50001 SET @saved_cs_client          = @@character_set_client */;
/*!50001 SET @saved_cs_results         = @@character_set_results */;
/*!50001 SET @saved_col_connection     = @@collation_connection */;
/*!50001 SET character_set_client      = utf8mb4 */;
/*!50001 SET character_set_results     = utf8mb4 */;
/*!50001 SET collation_connection      = utf8mb4_general_ci */;
/*!50001 CREATE ALGORITHM=UNDEFINED */
/*!50013 DEFINER=`root`@`localhost` SQL SECURITY DEFINER */
/*!50001 VIEW `vw_deposit_fund_transfer` AS select `dft`.`objid` AS `objid`,`dft`.`amount` AS `amount`,`dft`.`todepositvoucherfundid` AS `todepositvoucherfundid`,`tof`.`objid` AS `todepositvoucherfund_fund_objid`,`tof`.`code` AS `todepositvoucherfund_fund_code`,`tof`.`title` AS `todepositvoucherfund_fund_title`,`dft`.`fromdepositvoucherfundid` AS `fromdepositvoucherfundid`,`fromf`.`objid` AS `fromdepositvoucherfund_fund_objid`,`fromf`.`code` AS `fromdepositvoucherfund_fund_code`,`fromf`.`title` AS `fromdepositvoucherfund_fund_title` from ((((`deposit_fund_transfer` `dft` join `depositvoucher_fund` `todv` on((`dft`.`todepositvoucherfundid` = `todv`.`objid`))) join `fund` `tof` on((`todv`.`fundid` = `tof`.`objid`))) join `depositvoucher_fund` `fromdv` on((`dft`.`fromdepositvoucherfundid` = `fromdv`.`objid`))) join `fund` `fromf` on((`fromdv`.`fundid` = `fromf`.`objid`))) */;
/*!50001 SET character_set_client      = @saved_cs_client */;
/*!50001 SET character_set_results     = @saved_cs_results */;
/*!50001 SET collation_connection      = @saved_col_connection */;

--
-- Final view structure for view `vw_entity_mapping`
--

/*!50001 DROP TABLE IF EXISTS `vw_entity_mapping`*/;
/*!50001 DROP VIEW IF EXISTS `vw_entity_mapping`*/;
/*!50001 SET @saved_cs_client          = @@character_set_client */;
/*!50001 SET @saved_cs_results         = @@character_set_results */;
/*!50001 SET @saved_col_connection     = @@collation_connection */;
/*!50001 SET character_set_client      = utf8mb4 */;
/*!50001 SET character_set_results     = utf8mb4 */;
/*!50001 SET collation_connection      = utf8mb4_general_ci */;
/*!50001 CREATE ALGORITHM=UNDEFINED */
/*!50013 DEFINER=`root`@`localhost` SQL SECURITY DEFINER */
/*!50001 VIEW `vw_entity_mapping` AS select `r`.`objid` AS `objid`,`r`.`parent_objid` AS `parent_objid`,`r`.`org_objid` AS `org_objid`,`e`.`entityno` AS `entityno`,`e`.`name` AS `name`,`e`.`address_text` AS `address_text`,`a`.`province` AS `address_province`,`a`.`municipality` AS `address_municipality` from ((((`entity_mapping` `r` join `entity` `e` on((`r`.`objid` = `e`.`objid`))) left join `entity_address` `a` on((`e`.`address_objid` = `a`.`objid`))) left join `sys_org` `b` on((`a`.`barangay_objid` = `b`.`objid`))) left join `sys_org` `m` on((`b`.`parent_objid` = `m`.`objid`))) */;
/*!50001 SET character_set_client      = @saved_cs_client */;
/*!50001 SET character_set_results     = @saved_cs_results */;
/*!50001 SET collation_connection      = @saved_col_connection */;

--
-- Final view structure for view `vw_entity_relation`
--

/*!50001 DROP TABLE IF EXISTS `vw_entity_relation`*/;
/*!50001 DROP VIEW IF EXISTS `vw_entity_relation`*/;
/*!50001 SET @saved_cs_client          = @@character_set_client */;
/*!50001 SET @saved_cs_results         = @@character_set_results */;
/*!50001 SET @saved_col_connection     = @@collation_connection */;
/*!50001 SET character_set_client      = utf8mb4 */;
/*!50001 SET character_set_results     = utf8mb4 */;
/*!50001 SET collation_connection      = utf8mb4_general_ci */;
/*!50001 CREATE ALGORITHM=UNDEFINED */
/*!50013 DEFINER=`root`@`localhost` SQL SECURITY DEFINER */
/*!50001 VIEW `vw_entity_relation` AS select `er`.`objid` AS `objid`,`er`.`entity_objid` AS `ownerid`,`ei`.`objid` AS `entityid`,`ei`.`entityno` AS `entityno`,`ei`.`name` AS `name`,`ei`.`firstname` AS `firstname`,`ei`.`lastname` AS `lastname`,`ei`.`middlename` AS `middlename`,`ei`.`birthdate` AS `birthdate`,`ei`.`gender` AS `gender`,`er`.`relation_objid` AS `relationship` from (`entity_relation` `er` join `vw_entityindividual` `ei` on((`er`.`relateto_objid` = `ei`.`objid`))) union all select `er`.`objid` AS `objid`,`er`.`relateto_objid` AS `ownerid`,`ei`.`objid` AS `entityid`,`ei`.`entityno` AS `entityno`,`ei`.`name` AS `name`,`ei`.`firstname` AS `firstname`,`ei`.`lastname` AS `lastname`,`ei`.`middlename` AS `middlename`,`ei`.`birthdate` AS `birthdate`,`ei`.`gender` AS `gender`,(case when (`ei`.`gender` = 'M') then `et`.`inverse_male` when (`ei`.`gender` = 'F') then `et`.`inverse_female` else `et`.`inverse_any` end) AS `relationship` from ((`entity_relation` `er` join `vw_entityindividual` `ei` on((`er`.`entity_objid` = `ei`.`objid`))) join `entity_relation_type` `et` on((`er`.`relation_objid` = `et`.`objid`))) */;
/*!50001 SET character_set_client      = @saved_cs_client */;
/*!50001 SET character_set_results     = @saved_cs_results */;
/*!50001 SET collation_connection      = @saved_col_connection */;

--
-- Final view structure for view `vw_entityindividual`
--

/*!50001 DROP TABLE IF EXISTS `vw_entityindividual`*/;
/*!50001 DROP VIEW IF EXISTS `vw_entityindividual`*/;
/*!50001 SET @saved_cs_client          = @@character_set_client */;
/*!50001 SET @saved_cs_results         = @@character_set_results */;
/*!50001 SET @saved_col_connection     = @@collation_connection */;
/*!50001 SET character_set_client      = utf8mb4 */;
/*!50001 SET character_set_results     = utf8mb4 */;
/*!50001 SET collation_connection      = utf8mb4_general_ci */;
/*!50001 CREATE ALGORITHM=UNDEFINED */
/*!50013 DEFINER=`root`@`localhost` SQL SECURITY DEFINER */
/*!50001 VIEW `vw_entityindividual` AS select `ei`.`objid` AS `objid`,`ei`.`lastname` AS `lastname`,`ei`.`firstname` AS `firstname`,`ei`.`middlename` AS `middlename`,`ei`.`birthdate` AS `birthdate`,`ei`.`birthplace` AS `birthplace`,`ei`.`citizenship` AS `citizenship`,`ei`.`gender` AS `gender`,`ei`.`civilstatus` AS `civilstatus`,`ei`.`profession` AS `profession`,`ei`.`tin` AS `tin`,`ei`.`sss` AS `sss`,`ei`.`height` AS `height`,`ei`.`weight` AS `weight`,`ei`.`acr` AS `acr`,`ei`.`religion` AS `religion`,`ei`.`photo` AS `photo`,`ei`.`thumbnail` AS `thumbnail`,`ei`.`profileid` AS `profileid`,`e`.`entityno` AS `entityno`,`e`.`type` AS `type`,`e`.`name` AS `name`,`e`.`entityname` AS `entityname`,`e`.`mobileno` AS `mobileno`,`e`.`phoneno` AS `phoneno`,`e`.`address_objid` AS `address_objid`,`e`.`address_text` AS `address_text` from (`entityindividual` `ei` join `entity` `e` on((`e`.`objid` = `ei`.`objid`))) */;
/*!50001 SET character_set_client      = @saved_cs_client */;
/*!50001 SET character_set_results     = @saved_cs_results */;
/*!50001 SET collation_connection      = @saved_col_connection */;

--
-- Final view structure for view `vw_entityindividual_lookup`
--

/*!50001 DROP TABLE IF EXISTS `vw_entityindividual_lookup`*/;
/*!50001 DROP VIEW IF EXISTS `vw_entityindividual_lookup`*/;
/*!50001 SET @saved_cs_client          = @@character_set_client */;
/*!50001 SET @saved_cs_results         = @@character_set_results */;
/*!50001 SET @saved_col_connection     = @@collation_connection */;
/*!50001 SET character_set_client      = utf8mb4 */;
/*!50001 SET character_set_results     = utf8mb4 */;
/*!50001 SET collation_connection      = utf8mb4_general_ci */;
/*!50001 CREATE ALGORITHM=UNDEFINED */
/*!50013 DEFINER=`root`@`localhost` SQL SECURITY DEFINER */
/*!50001 VIEW `vw_entityindividual_lookup` AS select `e`.`objid` AS `objid`,`e`.`entityno` AS `entityno`,`e`.`name` AS `name`,`e`.`address_text` AS `addresstext`,`e`.`type` AS `type`,`ei`.`lastname` AS `lastname`,`ei`.`firstname` AS `firstname`,`ei`.`middlename` AS `middlename`,`ei`.`gender` AS `gender`,`ei`.`birthdate` AS `birthdate`,`e`.`mobileno` AS `mobileno`,`e`.`phoneno` AS `phoneno` from (`entity` `e` join `entityindividual` `ei` on((`ei`.`objid` = `e`.`objid`))) */;
/*!50001 SET character_set_client      = @saved_cs_client */;
/*!50001 SET character_set_results     = @saved_cs_results */;
/*!50001 SET collation_connection      = @saved_col_connection */;

--
-- Final view structure for view `vw_entityrelation_lookup`
--

/*!50001 DROP TABLE IF EXISTS `vw_entityrelation_lookup`*/;
/*!50001 DROP VIEW IF EXISTS `vw_entityrelation_lookup`*/;
/*!50001 SET @saved_cs_client          = @@character_set_client */;
/*!50001 SET @saved_cs_results         = @@character_set_results */;
/*!50001 SET @saved_col_connection     = @@collation_connection */;
/*!50001 SET character_set_client      = utf8mb4 */;
/*!50001 SET character_set_results     = utf8mb4 */;
/*!50001 SET collation_connection      = utf8mb4_general_ci */;
/*!50001 CREATE ALGORITHM=UNDEFINED */
/*!50013 DEFINER=`root`@`localhost` SQL SECURITY DEFINER */
/*!50001 VIEW `vw_entityrelation_lookup` AS select `er`.`objid` AS `objid`,`er`.`entity_objid` AS `entity_objid`,`er`.`relateto_objid` AS `relateto_objid`,`er`.`relation_objid` AS `relation_objid`,`e`.`entityno` AS `entityno`,`e`.`name` AS `name`,`e`.`address_text` AS `addresstext`,`e`.`type` AS `type`,`ei`.`lastname` AS `lastname`,`ei`.`firstname` AS `firstname`,`ei`.`middlename` AS `middlename`,`ei`.`gender` AS `gender`,`ei`.`birthdate` AS `birthdate`,`e`.`mobileno` AS `mobileno`,`e`.`phoneno` AS `phoneno` from ((`entity_relation` `er` join `entityindividual` `ei` on((`ei`.`objid` = `er`.`relateto_objid`))) join `entity` `e` on((`e`.`objid` = `ei`.`objid`))) */;
/*!50001 SET character_set_client      = @saved_cs_client */;
/*!50001 SET character_set_results     = @saved_cs_results */;
/*!50001 SET collation_connection      = @saved_col_connection */;

--
-- Final view structure for view `vw_faas_lookup`
--

/*!50001 DROP TABLE IF EXISTS `vw_faas_lookup`*/;
/*!50001 DROP VIEW IF EXISTS `vw_faas_lookup`*/;
/*!50001 SET @saved_cs_client          = @@character_set_client */;
/*!50001 SET @saved_cs_results         = @@character_set_results */;
/*!50001 SET @saved_col_connection     = @@collation_connection */;
/*!50001 SET character_set_client      = utf8 */;
/*!50001 SET character_set_results     = utf8 */;
/*!50001 SET collation_connection      = utf8_general_ci */;
/*!50001 CREATE ALGORITHM=UNDEFINED */
/*!50013 DEFINER=`root`@`localhost` SQL SECURITY DEFINER */
/*!50001 VIEW `vw_faas_lookup` AS select `fl`.`objid` AS `objid`,`fl`.`state` AS `state`,`fl`.`rpuid` AS `rpuid`,`fl`.`utdno` AS `utdno`,`fl`.`tdno` AS `tdno`,`fl`.`txntype_objid` AS `txntype_objid`,`fl`.`effectivityyear` AS `effectivityyear`,`fl`.`effectivityqtr` AS `effectivityqtr`,`fl`.`taxpayer_objid` AS `taxpayer_objid`,`fl`.`owner_name` AS `owner_name`,`fl`.`owner_address` AS `owner_address`,`fl`.`prevtdno` AS `prevtdno`,`fl`.`cancelreason` AS `cancelreason`,`fl`.`cancelledbytdnos` AS `cancelledbytdnos`,`fl`.`lguid` AS `lguid`,`fl`.`realpropertyid` AS `realpropertyid`,`fl`.`displaypin` AS `fullpin`,`fl`.`originlguid` AS `originlguid`,`e`.`name` AS `taxpayer_name`,`e`.`address_text` AS `taxpayer_address`,`pc`.`code` AS `classification_code`,`pc`.`code` AS `classcode`,`pc`.`name` AS `classification_name`,`pc`.`name` AS `classname`,`fl`.`ry` AS `ry`,`fl`.`rputype` AS `rputype`,`fl`.`totalmv` AS `totalmv`,`fl`.`totalav` AS `totalav`,`fl`.`totalareasqm` AS `totalareasqm`,`fl`.`totalareaha` AS `totalareaha`,`fl`.`barangayid` AS `barangayid`,`fl`.`cadastrallotno` AS `cadastrallotno`,`fl`.`blockno` AS `blockno`,`fl`.`surveyno` AS `surveyno`,`fl`.`pin` AS `pin`,`fl`.`barangay` AS `barangay_name`,`fl`.`trackingno` AS `trackingno` from ((`faas_list` `fl` left join `propertyclassification` `pc` on((`fl`.`classification_objid` = `pc`.`objid`))) left join `entity` `e` on((`fl`.`taxpayer_objid` = `e`.`objid`))) */;
/*!50001 SET character_set_client      = @saved_cs_client */;
/*!50001 SET character_set_results     = @saved_cs_results */;
/*!50001 SET collation_connection      = @saved_col_connection */;

--
-- Final view structure for view `vw_fund`
--

/*!50001 DROP TABLE IF EXISTS `vw_fund`*/;
/*!50001 DROP VIEW IF EXISTS `vw_fund`*/;
/*!50001 SET @saved_cs_client          = @@character_set_client */;
/*!50001 SET @saved_cs_results         = @@character_set_results */;
/*!50001 SET @saved_col_connection     = @@collation_connection */;
/*!50001 SET character_set_client      = utf8mb4 */;
/*!50001 SET character_set_results     = utf8mb4 */;
/*!50001 SET collation_connection      = utf8mb4_general_ci */;
/*!50001 CREATE ALGORITHM=UNDEFINED */
/*!50013 DEFINER=`root`@`localhost` SQL SECURITY DEFINER */
/*!50001 VIEW `vw_fund` AS select `f`.`objid` AS `objid`,`f`.`parentid` AS `parentid`,`f`.`state` AS `state`,`f`.`code` AS `code`,`f`.`title` AS `title`,`f`.`type` AS `type`,`f`.`special` AS `special`,`f`.`system` AS `system`,`f`.`groupid` AS `groupid`,`f`.`depositoryfundid` AS `depositoryfundid`,`g`.`objid` AS `group_objid`,`g`.`title` AS `group_title`,`g`.`indexno` AS `group_indexno`,`d`.`objid` AS `depositoryfund_objid`,`d`.`state` AS `depositoryfund_state`,`d`.`code` AS `depositoryfund_code`,`d`.`title` AS `depositoryfund_title` from ((`fund` `f` left join `fundgroup` `g` on((`g`.`objid` = `f`.`groupid`))) left join `fund` `d` on((`d`.`objid` = `f`.`depositoryfundid`))) */;
/*!50001 SET character_set_client      = @saved_cs_client */;
/*!50001 SET character_set_results     = @saved_cs_results */;
/*!50001 SET collation_connection      = @saved_col_connection */;

--
-- Final view structure for view `vw_income_ledger`
--

/*!50001 DROP TABLE IF EXISTS `vw_income_ledger`*/;
/*!50001 DROP VIEW IF EXISTS `vw_income_ledger`*/;
/*!50001 SET @saved_cs_client          = @@character_set_client */;
/*!50001 SET @saved_cs_results         = @@character_set_results */;
/*!50001 SET @saved_col_connection     = @@collation_connection */;
/*!50001 SET character_set_client      = utf8mb4 */;
/*!50001 SET character_set_results     = utf8mb4 */;
/*!50001 SET collation_connection      = utf8mb4_general_ci */;
/*!50001 CREATE ALGORITHM=UNDEFINED */
/*!50013 DEFINER=`root`@`localhost` SQL SECURITY DEFINER */
/*!50001 VIEW `vw_income_ledger` AS select year(`jev`.`jevdate`) AS `year`,month(`jev`.`jevdate`) AS `month`,`jev`.`fundid` AS `fundid`,`l`.`itemacctid` AS `itemacctid`,`l`.`cr` AS `amount`,`l`.`jevid` AS `jevid`,`l`.`objid` AS `objid` from (`income_ledger` `l` join `jev` on((`jev`.`objid` = `l`.`jevid`))) union all select year(`jev`.`jevdate`) AS `year`,month(`jev`.`jevdate`) AS `month`,`jev`.`fundid` AS `fundid`,`l`.`refitemacctid` AS `itemacctid`,(`l`.`cr` - `l`.`dr`) AS `amount`,`l`.`jevid` AS `jevid`,`l`.`objid` AS `objid` from (`payable_ledger` `l` join `jev` on((`jev`.`objid` = `l`.`jevid`))) */;
/*!50001 SET character_set_client      = @saved_cs_client */;
/*!50001 SET character_set_results     = @saved_cs_results */;
/*!50001 SET collation_connection      = @saved_col_connection */;

--
-- Final view structure for view `vw_income_summary`
--

/*!50001 DROP TABLE IF EXISTS `vw_income_summary`*/;
/*!50001 DROP VIEW IF EXISTS `vw_income_summary`*/;
/*!50001 SET @saved_cs_client          = @@character_set_client */;
/*!50001 SET @saved_cs_results         = @@character_set_results */;
/*!50001 SET @saved_col_connection     = @@collation_connection */;
/*!50001 SET character_set_client      = utf8mb4 */;
/*!50001 SET character_set_results     = utf8mb4 */;
/*!50001 SET collation_connection      = utf8mb4_general_ci */;
/*!50001 CREATE ALGORITHM=UNDEFINED */
/*!50013 DEFINER=`root`@`localhost` SQL SECURITY DEFINER */
/*!50001 VIEW `vw_income_summary` AS select `inc`.`refid` AS `refid`,`inc`.`refdate` AS `refdate`,`inc`.`refno` AS `refno`,`inc`.`reftype` AS `reftype`,`inc`.`acctid` AS `acctid`,`inc`.`fundid` AS `fundid`,`inc`.`amount` AS `amount`,`inc`.`orgid` AS `orgid`,`inc`.`collectorid` AS `collectorid`,`inc`.`refyear` AS `refyear`,`inc`.`refmonth` AS `refmonth`,`inc`.`refqtr` AS `refqtr`,`inc`.`remittanceid` AS `remittanceid`,`inc`.`remittancedate` AS `remittancedate`,`inc`.`remittanceyear` AS `remittanceyear`,`inc`.`remittancemonth` AS `remittancemonth`,`inc`.`remittanceqtr` AS `remittanceqtr`,`inc`.`liquidationid` AS `liquidationid`,`inc`.`liquidationdate` AS `liquidationdate`,`inc`.`liquidationyear` AS `liquidationyear`,`inc`.`liquidationmonth` AS `liquidationmonth`,`inc`.`liquidationqtr` AS `liquidationqtr`,`fund`.`groupid` AS `fundgroupid`,`ia`.`objid` AS `itemid`,`ia`.`code` AS `itemcode`,`ia`.`title` AS `itemtitle`,`ia`.`type` AS `itemtype` from ((`income_summary` `inc` join `fund` on((`fund`.`objid` = `inc`.`fundid`))) join `itemaccount` `ia` on((`ia`.`objid` = `inc`.`acctid`))) */;
/*!50001 SET character_set_client      = @saved_cs_client */;
/*!50001 SET character_set_results     = @saved_cs_results */;
/*!50001 SET collation_connection      = @saved_col_connection */;

--
-- Final view structure for view `vw_landtax_lgu_account_mapping`
--

/*!50001 DROP TABLE IF EXISTS `vw_landtax_lgu_account_mapping`*/;
/*!50001 DROP VIEW IF EXISTS `vw_landtax_lgu_account_mapping`*/;
/*!50001 SET @saved_cs_client          = @@character_set_client */;
/*!50001 SET @saved_cs_results         = @@character_set_results */;
/*!50001 SET @saved_col_connection     = @@collation_connection */;
/*!50001 SET character_set_client      = utf8 */;
/*!50001 SET character_set_results     = utf8 */;
/*!50001 SET collation_connection      = utf8_general_ci */;
/*!50001 CREATE ALGORITHM=UNDEFINED */
/*!50013 DEFINER=`root`@`localhost` SQL SECURITY DEFINER */
/*!50001 VIEW `vw_landtax_lgu_account_mapping` AS select `ia`.`org_objid` AS `org_objid`,`ia`.`org_name` AS `org_name`,`o`.`orgclass` AS `org_class`,`p`.`objid` AS `parent_objid`,`p`.`code` AS `parent_code`,`p`.`title` AS `parent_title`,`ia`.`objid` AS `item_objid`,`ia`.`code` AS `item_code`,`ia`.`title` AS `item_title`,`ia`.`fund_objid` AS `item_fund_objid`,`ia`.`fund_code` AS `item_fund_code`,`ia`.`fund_title` AS `item_fund_title`,`ia`.`type` AS `item_type`,`pt`.`tag` AS `item_tag` from (((`itemaccount` `ia` join `itemaccount` `p` on((`ia`.`parentid` = `p`.`objid`))) join `itemaccount_tag` `pt` on((`p`.`objid` = `pt`.`acctid`))) join `sys_org` `o` on((`ia`.`org_objid` = `o`.`objid`))) where (`p`.`state` = 'ACTIVE') */;
/*!50001 SET character_set_client      = @saved_cs_client */;
/*!50001 SET character_set_results     = @saved_cs_results */;
/*!50001 SET collation_connection      = @saved_col_connection */;

--
-- Final view structure for view `vw_landtax_report_rptdelinquency`
--

/*!50001 DROP TABLE IF EXISTS `vw_landtax_report_rptdelinquency`*/;
/*!50001 DROP VIEW IF EXISTS `vw_landtax_report_rptdelinquency`*/;
/*!50001 SET @saved_cs_client          = @@character_set_client */;
/*!50001 SET @saved_cs_results         = @@character_set_results */;
/*!50001 SET @saved_col_connection     = @@collation_connection */;
/*!50001 SET character_set_client      = utf8 */;
/*!50001 SET character_set_results     = utf8 */;
/*!50001 SET collation_connection      = utf8_general_ci */;
/*!50001 CREATE ALGORITHM=UNDEFINED */
/*!50013 DEFINER=`root`@`localhost` SQL SECURITY DEFINER */
/*!50001 VIEW `vw_landtax_report_rptdelinquency` AS select `ri`.`objid` AS `objid`,`ri`.`rptledgerid` AS `rptledgerid`,`ri`.`barangayid` AS `barangayid`,`ri`.`year` AS `year`,`ri`.`qtr` AS `qtr`,`r`.`dtgenerated` AS `dtgenerated`,`r`.`dtcomputed` AS `dtcomputed`,`r`.`generatedby_name` AS `generatedby_name`,`r`.`generatedby_title` AS `generatedby_title`,(case when (`ri`.`revtype` = 'basic') then `ri`.`amount` else 0 end) AS `basic`,(case when (`ri`.`revtype` = 'basic') then `ri`.`interest` else 0 end) AS `basicint`,(case when (`ri`.`revtype` = 'basic') then `ri`.`discount` else 0 end) AS `basicdisc`,(case when (`ri`.`revtype` = 'basic') then (`ri`.`interest` - `ri`.`discount`) else 0 end) AS `basicdp`,(case when (`ri`.`revtype` = 'basic') then ((`ri`.`amount` + `ri`.`interest`) - `ri`.`discount`) else 0 end) AS `basicnet`,(case when (`ri`.`revtype` = 'basicidle') then `ri`.`amount` else 0 end) AS `basicidle`,(case when (`ri`.`revtype` = 'basicidle') then `ri`.`interest` else 0 end) AS `basicidleint`,(case when (`ri`.`revtype` = 'basicidle') then `ri`.`discount` else 0 end) AS `basicidledisc`,(case when (`ri`.`revtype` = 'basicidle') then (`ri`.`interest` - `ri`.`discount`) else 0 end) AS `basicidledp`,(case when (`ri`.`revtype` = 'basicidle') then ((`ri`.`amount` + `ri`.`interest`) - `ri`.`discount`) else 0 end) AS `basicidlenet`,(case when (`ri`.`revtype` = 'sef') then `ri`.`amount` else 0 end) AS `sef`,(case when (`ri`.`revtype` = 'sef') then `ri`.`interest` else 0 end) AS `sefint`,(case when (`ri`.`revtype` = 'sef') then `ri`.`discount` else 0 end) AS `sefdisc`,(case when (`ri`.`revtype` = 'sef') then (`ri`.`interest` - `ri`.`discount`) else 0 end) AS `sefdp`,(case when (`ri`.`revtype` = 'sef') then ((`ri`.`amount` + `ri`.`interest`) - `ri`.`discount`) else 0 end) AS `sefnet`,(case when (`ri`.`revtype` = 'firecode') then `ri`.`amount` else 0 end) AS `firecode`,(case when (`ri`.`revtype` = 'firecode') then `ri`.`interest` else 0 end) AS `firecodeint`,(case when (`ri`.`revtype` = 'firecode') then `ri`.`discount` else 0 end) AS `firecodedisc`,(case when (`ri`.`revtype` = 'firecode') then (`ri`.`interest` - `ri`.`discount`) else 0 end) AS `firecodedp`,(case when (`ri`.`revtype` = 'firecode') then ((`ri`.`amount` + `ri`.`interest`) - `ri`.`discount`) else 0 end) AS `firecodenet`,(case when (`ri`.`revtype` = 'sh') then `ri`.`amount` else 0 end) AS `sh`,(case when (`ri`.`revtype` = 'sh') then `ri`.`interest` else 0 end) AS `shint`,(case when (`ri`.`revtype` = 'sh') then `ri`.`discount` else 0 end) AS `shdisc`,(case when (`ri`.`revtype` = 'sh') then (`ri`.`interest` - `ri`.`discount`) else 0 end) AS `shdp`,(case when (`ri`.`revtype` = 'sh') then ((`ri`.`amount` + `ri`.`interest`) - `ri`.`discount`) else 0 end) AS `shnet`,((`ri`.`amount` + `ri`.`interest`) - `ri`.`discount`) AS `total` from (`report_rptdelinquency_item` `ri` join `report_rptdelinquency` `r` on((`ri`.`parentid` = `r`.`objid`))) */;
/*!50001 SET character_set_client      = @saved_cs_client */;
/*!50001 SET character_set_results     = @saved_cs_results */;
/*!50001 SET collation_connection      = @saved_col_connection */;

--
-- Final view structure for view `vw_landtax_report_rptdelinquency_detail`
--

/*!50001 DROP TABLE IF EXISTS `vw_landtax_report_rptdelinquency_detail`*/;
/*!50001 DROP VIEW IF EXISTS `vw_landtax_report_rptdelinquency_detail`*/;
/*!50001 SET @saved_cs_client          = @@character_set_client */;
/*!50001 SET @saved_cs_results         = @@character_set_results */;
/*!50001 SET @saved_col_connection     = @@collation_connection */;
/*!50001 SET character_set_client      = utf8 */;
/*!50001 SET character_set_results     = utf8 */;
/*!50001 SET collation_connection      = utf8_general_ci */;
/*!50001 CREATE ALGORITHM=UNDEFINED */
/*!50013 DEFINER=`root`@`localhost` SQL SECURITY DEFINER */
/*!50001 VIEW `vw_landtax_report_rptdelinquency_detail` AS select `ri`.`objid` AS `objid`,`ri`.`rptledgerid` AS `rptledgerid`,`ri`.`barangayid` AS `barangayid`,`ri`.`year` AS `year`,`ri`.`qtr` AS `qtr`,`r`.`dtgenerated` AS `dtgenerated`,`r`.`dtcomputed` AS `dtcomputed`,`r`.`generatedby_name` AS `generatedby_name`,`r`.`generatedby_title` AS `generatedby_title`,(case when (`ri`.`revtype` = 'basic') then `ri`.`amount` else 0 end) AS `basic`,(case when (`ri`.`revtype` = 'basic') then `ri`.`interest` else 0 end) AS `basicint`,(case when (`ri`.`revtype` = 'basic') then `ri`.`discount` else 0 end) AS `basicdisc`,(case when (`ri`.`revtype` = 'basic') then (`ri`.`interest` - `ri`.`discount`) else 0 end) AS `basicdp`,(case when (`ri`.`revtype` = 'basic') then ((`ri`.`amount` + `ri`.`interest`) - `ri`.`discount`) else 0 end) AS `basicnet`,(case when (`ri`.`revtype` = 'basicidle') then `ri`.`amount` else 0 end) AS `basicidle`,(case when (`ri`.`revtype` = 'basicidle') then `ri`.`interest` else 0 end) AS `basicidleint`,(case when (`ri`.`revtype` = 'basicidle') then `ri`.`discount` else 0 end) AS `basicidledisc`,(case when (`ri`.`revtype` = 'basicidle') then (`ri`.`interest` - `ri`.`discount`) else 0 end) AS `basicidledp`,(case when (`ri`.`revtype` = 'basicidle') then ((`ri`.`amount` + `ri`.`interest`) - `ri`.`discount`) else 0 end) AS `basicidlenet`,(case when (`ri`.`revtype` = 'sef') then `ri`.`amount` else 0 end) AS `sef`,(case when (`ri`.`revtype` = 'sef') then `ri`.`interest` else 0 end) AS `sefint`,(case when (`ri`.`revtype` = 'sef') then `ri`.`discount` else 0 end) AS `sefdisc`,(case when (`ri`.`revtype` = 'sef') then (`ri`.`interest` - `ri`.`discount`) else 0 end) AS `sefdp`,(case when (`ri`.`revtype` = 'sef') then ((`ri`.`amount` + `ri`.`interest`) - `ri`.`discount`) else 0 end) AS `sefnet`,(case when (`ri`.`revtype` = 'firecode') then `ri`.`amount` else 0 end) AS `firecode`,(case when (`ri`.`revtype` = 'firecode') then `ri`.`interest` else 0 end) AS `firecodeint`,(case when (`ri`.`revtype` = 'firecode') then `ri`.`discount` else 0 end) AS `firecodedisc`,(case when (`ri`.`revtype` = 'firecode') then (`ri`.`interest` - `ri`.`discount`) else 0 end) AS `firecodedp`,(case when (`ri`.`revtype` = 'firecode') then ((`ri`.`amount` + `ri`.`interest`) - `ri`.`discount`) else 0 end) AS `firecodenet`,(case when (`ri`.`revtype` = 'sh') then `ri`.`amount` else 0 end) AS `sh`,(case when (`ri`.`revtype` = 'sh') then `ri`.`interest` else 0 end) AS `shint`,(case when (`ri`.`revtype` = 'sh') then `ri`.`discount` else 0 end) AS `shdisc`,(case when (`ri`.`revtype` = 'sh') then (`ri`.`interest` - `ri`.`discount`) else 0 end) AS `shdp`,(case when (`ri`.`revtype` = 'sh') then ((`ri`.`amount` + `ri`.`interest`) - `ri`.`discount`) else 0 end) AS `shnet`,((`ri`.`amount` + `ri`.`interest`) - `ri`.`discount`) AS `total` from (`report_rptdelinquency_item` `ri` join `report_rptdelinquency` `r` on((`ri`.`parentid` = `r`.`objid`))) */;
/*!50001 SET character_set_client      = @saved_cs_client */;
/*!50001 SET character_set_results     = @saved_cs_results */;
/*!50001 SET collation_connection      = @saved_col_connection */;

--
-- Final view structure for view `vw_machine_smv`
--

/*!50001 DROP TABLE IF EXISTS `vw_machine_smv`*/;
/*!50001 DROP VIEW IF EXISTS `vw_machine_smv`*/;
/*!50001 SET @saved_cs_client          = @@character_set_client */;
/*!50001 SET @saved_cs_results         = @@character_set_results */;
/*!50001 SET @saved_col_connection     = @@collation_connection */;
/*!50001 SET character_set_client      = utf8mb4 */;
/*!50001 SET character_set_results     = utf8mb4 */;
/*!50001 SET collation_connection      = utf8mb4_general_ci */;
/*!50001 CREATE ALGORITHM=UNDEFINED */
/*!50013 DEFINER=`root`@`localhost` SQL SECURITY DEFINER */
/*!50001 VIEW `vw_machine_smv` AS select `ms`.`objid` AS `objid`,`ms`.`parent_objid` AS `parent_objid`,`ms`.`machine_objid` AS `machine_objid`,`ms`.`expr` AS `expr`,`ms`.`previd` AS `previd`,`m`.`code` AS `code`,`m`.`name` AS `name` from (`machine_smv` `ms` join `machine` `m` on((`ms`.`machine_objid` = `m`.`objid`))) */;
/*!50001 SET character_set_client      = @saved_cs_client */;
/*!50001 SET character_set_results     = @saved_cs_results */;
/*!50001 SET collation_connection      = @saved_col_connection */;

--
-- Final view structure for view `vw_newly_assessed_property`
--

/*!50001 DROP TABLE IF EXISTS `vw_newly_assessed_property`*/;
/*!50001 DROP VIEW IF EXISTS `vw_newly_assessed_property`*/;
/*!50001 SET @saved_cs_client          = @@character_set_client */;
/*!50001 SET @saved_cs_results         = @@character_set_results */;
/*!50001 SET @saved_col_connection     = @@collation_connection */;
/*!50001 SET character_set_client      = utf8 */;
/*!50001 SET character_set_results     = utf8 */;
/*!50001 SET collation_connection      = utf8_general_ci */;
/*!50001 CREATE ALGORITHM=UNDEFINED */
/*!50013 DEFINER=`root`@`localhost` SQL SECURITY DEFINER */
/*!50001 VIEW `vw_newly_assessed_property` AS select `f`.`objid` AS `objid`,`f`.`owner_name` AS `owner_name`,`f`.`tdno` AS `tdno`,`b`.`name` AS `barangay`,(case when (`f`.`rputype` = 'land') then 'LAND' when (`f`.`rputype` = 'bldg') then 'BUILDING' when (`f`.`rputype` = 'mach') then 'MACHINERY' when (`f`.`rputype` = 'planttree') then 'PLANT/TREE' else 'MISCELLANEOUS' end) AS `rputype`,`f`.`totalav` AS `totalav`,`f`.`effectivityyear` AS `effectivityyear` from (`faas_list` `f` join `barangay` `b` on((`f`.`barangayid` = `b`.`objid`))) where ((`f`.`state` in ('CURRENT','CANCELLED')) and (`f`.`txntype_objid` = 'ND')) */;
/*!50001 SET character_set_client      = @saved_cs_client */;
/*!50001 SET character_set_results     = @saved_cs_results */;
/*!50001 SET collation_connection      = @saved_col_connection */;

--
-- Final view structure for view `vw_online_business_application`
--

/*!50001 DROP TABLE IF EXISTS `vw_online_business_application`*/;
/*!50001 DROP VIEW IF EXISTS `vw_online_business_application`*/;
/*!50001 SET @saved_cs_client          = @@character_set_client */;
/*!50001 SET @saved_cs_results         = @@character_set_results */;
/*!50001 SET @saved_col_connection     = @@collation_connection */;
/*!50001 SET character_set_client      = utf8mb4 */;
/*!50001 SET character_set_results     = utf8mb4 */;
/*!50001 SET collation_connection      = utf8mb4_general_ci */;
/*!50001 CREATE ALGORITHM=UNDEFINED */
/*!50013 DEFINER=`root`@`localhost` SQL SECURITY DEFINER */
/*!50001 VIEW `vw_online_business_application` AS select `oa`.`objid` AS `objid`,`oa`.`state` AS `state`,`oa`.`dtcreated` AS `dtcreated`,`oa`.`createdby_objid` AS `createdby_objid`,`oa`.`createdby_name` AS `createdby_name`,`oa`.`controlno` AS `controlno`,`oa`.`apptype` AS `apptype`,`oa`.`appyear` AS `appyear`,`oa`.`appdate` AS `appdate`,`oa`.`prevapplicationid` AS `prevapplicationid`,`oa`.`business_objid` AS `business_objid`,`b`.`bin` AS `bin`,`b`.`tradename` AS `tradename`,`b`.`businessname` AS `businessname`,`b`.`address_text` AS `address_text`,`b`.`address_objid` AS `address_objid`,`b`.`owner_name` AS `owner_name`,`b`.`owner_address_text` AS `owner_address_text`,`b`.`owner_address_objid` AS `owner_address_objid`,`b`.`yearstarted` AS `yearstarted`,`b`.`orgtype` AS `orgtype`,`b`.`permittype` AS `permittype`,`b`.`officetype` AS `officetype`,`oa`.`step` AS `step` from ((`online_business_application` `oa` join `business_application` `a` on((`a`.`objid` = `oa`.`prevapplicationid`))) join `business` `b` on((`b`.`objid` = `a`.`business_objid`))) */;
/*!50001 SET character_set_client      = @saved_cs_client */;
/*!50001 SET character_set_results     = @saved_cs_results */;
/*!50001 SET collation_connection      = @saved_col_connection */;

--
-- Final view structure for view `vw_real_property_payment`
--

/*!50001 DROP TABLE IF EXISTS `vw_real_property_payment`*/;
/*!50001 DROP VIEW IF EXISTS `vw_real_property_payment`*/;
/*!50001 SET @saved_cs_client          = @@character_set_client */;
/*!50001 SET @saved_cs_results         = @@character_set_results */;
/*!50001 SET @saved_col_connection     = @@collation_connection */;
/*!50001 SET character_set_client      = utf8 */;
/*!50001 SET character_set_results     = utf8 */;
/*!50001 SET collation_connection      = utf8_general_ci */;
/*!50001 CREATE ALGORITHM=UNDEFINED */
/*!50013 DEFINER=`root`@`localhost` SQL SECURITY DEFINER */
/*!50001 VIEW `vw_real_property_payment` AS select `cv`.`controldate` AS `cv_controldate`,`rem`.`controldate` AS `rem_controldate`,`rl`.`owner_name` AS `owner_name`,`rl`.`tdno` AS `tdno`,`pc`.`name` AS `classification`,(case when (`rl`.`rputype` = 'land') then 'LAND' when (`rl`.`rputype` = 'bldg') then 'BUILDING' when (`rl`.`rputype` = 'mach') then 'MACHINERY' when (`rl`.`rputype` = 'planttree') then 'PLANT/TREE' else 'MISCELLANEOUS' end) AS `rputype`,`b`.`name` AS `barangay`,((`rpi`.`amount` + `rpi`.`interest`) - `rpi`.`discount`) AS `amount`,(case when isnull(`v`.`objid`) then 0 else 1 end) AS `voided` from ((((((((`collectionvoucher` `cv` join `remittance` `rem` on((`cv`.`objid` = `rem`.`collectionvoucherid`))) join `cashreceipt` `cr` on((`rem`.`objid` = `cr`.`remittanceid`))) join `rptpayment` `rp` on((`cr`.`objid` = `rp`.`receiptid`))) join `rptpayment_item` `rpi` on((`rp`.`objid` = `rpi`.`parentid`))) join `rptledger` `rl` on((`rp`.`refid` = `rl`.`objid`))) join `barangay` `b` on((`rl`.`barangayid` = `b`.`objid`))) join `propertyclassification` `pc` on((`rl`.`classification_objid` = `pc`.`objid`))) left join `cashreceipt_void` `v` on((`cr`.`objid` = `v`.`receiptid`))) */;
/*!50001 SET character_set_client      = @saved_cs_client */;
/*!50001 SET character_set_results     = @saved_cs_results */;
/*!50001 SET collation_connection      = @saved_col_connection */;

--
-- Final view structure for view `vw_remittance_cashreceipt`
--

/*!50001 DROP TABLE IF EXISTS `vw_remittance_cashreceipt`*/;
/*!50001 DROP VIEW IF EXISTS `vw_remittance_cashreceipt`*/;
/*!50001 SET @saved_cs_client          = @@character_set_client */;
/*!50001 SET @saved_cs_results         = @@character_set_results */;
/*!50001 SET @saved_col_connection     = @@collation_connection */;
/*!50001 SET character_set_client      = utf8mb4 */;
/*!50001 SET character_set_results     = utf8mb4 */;
/*!50001 SET collation_connection      = utf8mb4_general_ci */;
/*!50001 CREATE ALGORITHM=UNDEFINED */
/*!50013 DEFINER=`root`@`localhost` SQL SECURITY DEFINER */
/*!50001 VIEW `vw_remittance_cashreceipt` AS select `r`.`objid` AS `remittance_objid`,`r`.`controldate` AS `remittance_controldate`,`r`.`controlno` AS `remittance_controlno`,`c`.`remittanceid` AS `remittanceid`,`r`.`collectionvoucherid` AS `collectionvoucherid`,`c`.`controlid` AS `controlid`,`af`.`formtype` AS `formtype`,(case when (`af`.`formtype` = 'serial') then 0 else 1 end) AS `formtypeindexno`,`c`.`formno` AS `formno`,`c`.`stub` AS `stubno`,`c`.`series` AS `series`,`c`.`receiptno` AS `receiptno`,`c`.`receiptdate` AS `receiptdate`,`c`.`amount` AS `amount`,`c`.`totalnoncash` AS `totalnoncash`,(`c`.`amount` - `c`.`totalnoncash`) AS `totalcash`,(case when isnull(`v`.`objid`) then 0 else 1 end) AS `voided`,(case when isnull(`v`.`objid`) then 0 else `c`.`amount` end) AS `voidamount`,`c`.`paidby` AS `paidby`,`c`.`paidbyaddress` AS `paidbyaddress`,`c`.`payer_objid` AS `payer_objid`,`c`.`payer_name` AS `payer_name`,`c`.`collector_objid` AS `collector_objid`,`c`.`collector_name` AS `collector_name`,`c`.`collector_title` AS `collector_title`,`c`.`objid` AS `receiptid`,`c`.`collectiontype_objid` AS `collectiontype_objid`,`c`.`org_objid` AS `org_objid` from (((`remittance` `r` join `cashreceipt` `c` on((`c`.`remittanceid` = `r`.`objid`))) join `af` on((convert(`af`.`objid` using utf8) = `c`.`formno`))) left join `cashreceipt_void` `v` on((`v`.`receiptid` = `c`.`objid`))) */;
/*!50001 SET character_set_client      = @saved_cs_client */;
/*!50001 SET character_set_results     = @saved_cs_results */;
/*!50001 SET collation_connection      = @saved_col_connection */;

--
-- Final view structure for view `vw_remittance_cashreceipt_af`
--

/*!50001 DROP TABLE IF EXISTS `vw_remittance_cashreceipt_af`*/;
/*!50001 DROP VIEW IF EXISTS `vw_remittance_cashreceipt_af`*/;
/*!50001 SET @saved_cs_client          = @@character_set_client */;
/*!50001 SET @saved_cs_results         = @@character_set_results */;
/*!50001 SET @saved_col_connection     = @@collation_connection */;
/*!50001 SET character_set_client      = utf8mb4 */;
/*!50001 SET character_set_results     = utf8mb4 */;
/*!50001 SET collation_connection      = utf8mb4_general_ci */;
/*!50001 CREATE ALGORITHM=UNDEFINED */
/*!50013 DEFINER=`root`@`localhost` SQL SECURITY DEFINER */
/*!50001 VIEW `vw_remittance_cashreceipt_af` AS select `cr`.`remittanceid` AS `remittanceid`,`cr`.`collector_objid` AS `collector_objid`,`cr`.`controlid` AS `controlid`,min(`cr`.`receiptno`) AS `fromreceiptno`,max(`cr`.`receiptno`) AS `toreceiptno`,min(`cr`.`series`) AS `fromseries`,max(`cr`.`series`) AS `toseries`,count(`cr`.`objid`) AS `qty`,sum(`cr`.`amount`) AS `amount`,0 AS `qtyvoided`,0.0 AS `voidamt`,0 AS `qtycancelled`,0.0 AS `cancelledamt`,`af`.`formtype` AS `formtype`,`af`.`serieslength` AS `serieslength`,`af`.`denomination` AS `denomination`,`cr`.`formno` AS `formno`,`afc`.`stubno` AS `stubno`,`afc`.`startseries` AS `startseries`,`afc`.`endseries` AS `endseries`,`afc`.`prefix` AS `prefix`,`afc`.`suffix` AS `suffix` from (((`cashreceipt` `cr` join `remittance` `rem` on((`rem`.`objid` = `cr`.`remittanceid`))) join `af_control` `afc` on((`cr`.`controlid` = convert(`afc`.`objid` using utf8)))) join `af` on((`afc`.`afid` = `af`.`objid`))) group by `cr`.`remittanceid`,`cr`.`collector_objid`,`cr`.`controlid`,`af`.`formtype`,`af`.`serieslength`,`af`.`denomination`,`cr`.`formno`,`afc`.`stubno`,`afc`.`startseries`,`afc`.`endseries`,`afc`.`prefix`,`afc`.`suffix` union all select `cr`.`remittanceid` AS `remittanceid`,`cr`.`collector_objid` AS `collector_objid`,`cr`.`controlid` AS `controlid`,NULL AS `fromreceiptno`,NULL AS `toreceiptno`,NULL AS `fromseries`,NULL AS `toseries`,0 AS `qty`,0.0 AS `amount`,count(`cr`.`objid`) AS `qtyvoided`,sum(`cr`.`amount`) AS `voidamt`,0 AS `qtycancelled`,0.0 AS `cancelledamt`,`af`.`formtype` AS `formtype`,`af`.`serieslength` AS `serieslength`,`af`.`denomination` AS `denomination`,`cr`.`formno` AS `formno`,`afc`.`stubno` AS `stubno`,`afc`.`startseries` AS `startseries`,`afc`.`endseries` AS `endseries`,`afc`.`prefix` AS `prefix`,`afc`.`suffix` AS `suffix` from ((((`cashreceipt` `cr` join `cashreceipt_void` `cv` on((`cv`.`receiptid` = `cr`.`objid`))) join `remittance` `rem` on((`rem`.`objid` = `cr`.`remittanceid`))) join `af_control` `afc` on((`cr`.`controlid` = convert(`afc`.`objid` using utf8)))) join `af` on((`afc`.`afid` = `af`.`objid`))) group by `cr`.`remittanceid`,`cr`.`collector_objid`,`cr`.`controlid`,`af`.`formtype`,`af`.`serieslength`,`af`.`denomination`,`cr`.`formno`,`afc`.`stubno`,`afc`.`startseries`,`afc`.`endseries`,`afc`.`prefix`,`afc`.`suffix` union all select `cr`.`remittanceid` AS `remittanceid`,`cr`.`collector_objid` AS `collector_objid`,`cr`.`controlid` AS `controlid`,NULL AS `fromreceiptno`,NULL AS `toreceiptno`,NULL AS `fromseries`,NULL AS `toseries`,0 AS `qty`,0.0 AS `amount`,0 AS `qtyvoided`,0.0 AS `voidamt`,count(`cr`.`objid`) AS `qtycancelled`,sum(`cr`.`amount`) AS `cancelledamt`,`af`.`formtype` AS `formtype`,`af`.`serieslength` AS `serieslength`,`af`.`denomination` AS `denomination`,`cr`.`formno` AS `formno`,`afc`.`stubno` AS `stubno`,`afc`.`startseries` AS `startseries`,`afc`.`endseries` AS `endseries`,`afc`.`prefix` AS `prefix`,`afc`.`suffix` AS `suffix` from (((`cashreceipt` `cr` join `remittance` `rem` on((`rem`.`objid` = `cr`.`remittanceid`))) join `af_control` `afc` on((`cr`.`controlid` = convert(`afc`.`objid` using utf8)))) join `af` on((`afc`.`afid` = `af`.`objid`))) where (`cr`.`state` = 'CANCELLED') group by `cr`.`remittanceid`,`cr`.`collector_objid`,`cr`.`controlid`,`af`.`formtype`,`af`.`serieslength`,`af`.`denomination`,`cr`.`formno`,`afc`.`stubno`,`afc`.`startseries`,`afc`.`endseries`,`afc`.`prefix`,`afc`.`suffix` */;
/*!50001 SET character_set_client      = @saved_cs_client */;
/*!50001 SET character_set_results     = @saved_cs_results */;
/*!50001 SET collation_connection      = @saved_col_connection */;

--
-- Final view structure for view `vw_remittance_cashreceipt_afsummary`
--

/*!50001 DROP TABLE IF EXISTS `vw_remittance_cashreceipt_afsummary`*/;
/*!50001 DROP VIEW IF EXISTS `vw_remittance_cashreceipt_afsummary`*/;
/*!50001 SET @saved_cs_client          = @@character_set_client */;
/*!50001 SET @saved_cs_results         = @@character_set_results */;
/*!50001 SET @saved_col_connection     = @@collation_connection */;
/*!50001 SET character_set_client      = utf8mb4 */;
/*!50001 SET character_set_results     = utf8mb4 */;
/*!50001 SET collation_connection      = utf8mb4_general_ci */;
/*!50001 CREATE ALGORITHM=UNDEFINED */
/*!50013 DEFINER=`root`@`localhost` SQL SECURITY DEFINER */
/*!50001 VIEW `vw_remittance_cashreceipt_afsummary` AS select concat(`v`.`remittanceid`,'|',`v`.`collector_objid`,'|',`v`.`controlid`) AS `objid`,`v`.`remittanceid` AS `remittanceid`,`v`.`collector_objid` AS `collector_objid`,`v`.`controlid` AS `controlid`,min(`v`.`fromreceiptno`) AS `fromreceiptno`,max(`v`.`toreceiptno`) AS `toreceiptno`,min(`v`.`fromseries`) AS `fromseries`,max(`v`.`toseries`) AS `toseries`,sum(`v`.`qty`) AS `qty`,sum(`v`.`amount`) AS `amount`,sum(`v`.`qtyvoided`) AS `qtyvoided`,sum(`v`.`voidamt`) AS `voidamt`,sum(`v`.`qtycancelled`) AS `qtycancelled`,sum(`v`.`cancelledamt`) AS `cancelledamt`,`v`.`formtype` AS `formtype`,`v`.`serieslength` AS `serieslength`,`v`.`denomination` AS `denomination`,`v`.`formno` AS `formno`,`v`.`stubno` AS `stubno`,`v`.`startseries` AS `startseries`,`v`.`endseries` AS `endseries`,`v`.`prefix` AS `prefix`,`v`.`suffix` AS `suffix` from `vw_remittance_cashreceipt_af` `v` group by `v`.`remittanceid`,`v`.`collector_objid`,`v`.`controlid`,`v`.`formtype`,`v`.`serieslength`,`v`.`denomination`,`v`.`formno`,`v`.`stubno`,`v`.`startseries`,`v`.`endseries`,`v`.`prefix`,`v`.`suffix` */;
/*!50001 SET character_set_client      = @saved_cs_client */;
/*!50001 SET character_set_results     = @saved_cs_results */;
/*!50001 SET collation_connection      = @saved_col_connection */;

--
-- Final view structure for view `vw_remittance_cashreceiptitem`
--

/*!50001 DROP TABLE IF EXISTS `vw_remittance_cashreceiptitem`*/;
/*!50001 DROP VIEW IF EXISTS `vw_remittance_cashreceiptitem`*/;
/*!50001 SET @saved_cs_client          = @@character_set_client */;
/*!50001 SET @saved_cs_results         = @@character_set_results */;
/*!50001 SET @saved_col_connection     = @@collation_connection */;
/*!50001 SET character_set_client      = utf8mb4 */;
/*!50001 SET character_set_results     = utf8mb4 */;
/*!50001 SET collation_connection      = utf8mb4_general_ci */;
/*!50001 CREATE ALGORITHM=UNDEFINED */
/*!50013 DEFINER=`root`@`localhost` SQL SECURITY DEFINER */
/*!50001 VIEW `vw_remittance_cashreceiptitem` AS select `c`.`remittanceid` AS `remittanceid`,`r`.`controldate` AS `remittance_controldate`,`r`.`controlno` AS `remittance_controlno`,`r`.`collectionvoucherid` AS `collectionvoucherid`,`c`.`collectiontype_objid` AS `collectiontype_objid`,`c`.`collectiontype_name` AS `collectiontype_name`,`c`.`org_objid` AS `org_objid`,`c`.`org_name` AS `org_name`,`c`.`formtype` AS `formtype`,`c`.`formno` AS `formno`,`cri`.`receiptid` AS `receiptid`,`c`.`receiptdate` AS `receiptdate`,`c`.`receiptno` AS `receiptno`,`c`.`controlid` AS `controlid`,`c`.`series` AS `series`,`c`.`stub` AS `stubno`,`c`.`paidby` AS `paidby`,`c`.`paidbyaddress` AS `paidbyaddress`,`c`.`collector_objid` AS `collectorid`,`c`.`collector_name` AS `collectorname`,`c`.`collector_title` AS `collectortitle`,`cri`.`item_fund_objid` AS `fundid`,`cri`.`item_objid` AS `acctid`,`cri`.`item_code` AS `acctcode`,`cri`.`item_title` AS `acctname`,`cri`.`remarks` AS `remarks`,(case when isnull(`v`.`objid`) then `cri`.`amount` else 0.0 end) AS `amount`,(case when isnull(`v`.`objid`) then 0 else 1 end) AS `voided`,(case when isnull(`v`.`objid`) then 0.0 else `cri`.`amount` end) AS `voidamount`,(case when (`c`.`formtype` = 'serial') then 0 else 1 end) AS `formtypeindex` from (((`remittance` `r` join `cashreceipt` `c` on((`c`.`remittanceid` = `r`.`objid`))) join `cashreceiptitem` `cri` on((`cri`.`receiptid` = `c`.`objid`))) left join `cashreceipt_void` `v` on((`v`.`receiptid` = `c`.`objid`))) */;
/*!50001 SET character_set_client      = @saved_cs_client */;
/*!50001 SET character_set_results     = @saved_cs_results */;
/*!50001 SET collation_connection      = @saved_col_connection */;

--
-- Final view structure for view `vw_remittance_cashreceiptpayment_noncash`
--

/*!50001 DROP TABLE IF EXISTS `vw_remittance_cashreceiptpayment_noncash`*/;
/*!50001 DROP VIEW IF EXISTS `vw_remittance_cashreceiptpayment_noncash`*/;
/*!50001 SET @saved_cs_client          = @@character_set_client */;
/*!50001 SET @saved_cs_results         = @@character_set_results */;
/*!50001 SET @saved_col_connection     = @@collation_connection */;
/*!50001 SET character_set_client      = utf8mb4 */;
/*!50001 SET character_set_results     = utf8mb4 */;
/*!50001 SET collation_connection      = utf8mb4_general_ci */;
/*!50001 CREATE ALGORITHM=UNDEFINED */
/*!50013 DEFINER=`root`@`localhost` SQL SECURITY DEFINER */
/*!50001 VIEW `vw_remittance_cashreceiptpayment_noncash` AS select `nc`.`objid` AS `objid`,`nc`.`receiptid` AS `receiptid`,`nc`.`refno` AS `refno`,`nc`.`refdate` AS `refdate`,`nc`.`reftype` AS `reftype`,`nc`.`particulars` AS `particulars`,`nc`.`fund_objid` AS `fundid`,`nc`.`refid` AS `refid`,`nc`.`amount` AS `amount`,(case when isnull(`v`.`objid`) then 0 else 1 end) AS `voided`,(case when isnull(`v`.`objid`) then 0.0 else `nc`.`amount` end) AS `voidamount`,`cp`.`bankid` AS `bankid`,`cp`.`bank_name` AS `bank_name`,`c`.`remittanceid` AS `remittanceid`,`r`.`collectionvoucherid` AS `collectionvoucherid` from ((((`remittance` `r` join `cashreceipt` `c` on((`c`.`remittanceid` = `r`.`objid`))) join `cashreceiptpayment_noncash` `nc` on(((`nc`.`receiptid` = `c`.`objid`) and (`nc`.`reftype` = 'CHECK')))) join `checkpayment` `cp` on((`cp`.`objid` = convert(`nc`.`refid` using utf8)))) left join `cashreceipt_void` `v` on((`v`.`receiptid` = `c`.`objid`))) union all select `nc`.`objid` AS `objid`,`nc`.`receiptid` AS `receiptid`,`nc`.`refno` AS `refno`,`nc`.`refdate` AS `refdate`,'EFT' AS `reftype`,`nc`.`particulars` AS `particulars`,`nc`.`fund_objid` AS `fundid`,`nc`.`refid` AS `refid`,`nc`.`amount` AS `amount`,(case when isnull(`v`.`objid`) then 0 else 1 end) AS `voided`,(case when isnull(`v`.`objid`) then 0.0 else `nc`.`amount` end) AS `voidamount`,`ba`.`bank_objid` AS `bankid`,`ba`.`bank_name` AS `bank_name`,`c`.`remittanceid` AS `remittanceid`,`r`.`collectionvoucherid` AS `collectionvoucherid` from (((((`remittance` `r` join `cashreceipt` `c` on((`c`.`remittanceid` = `r`.`objid`))) join `cashreceiptpayment_noncash` `nc` on(((`nc`.`receiptid` = `c`.`objid`) and (`nc`.`reftype` = 'EFT')))) join `eftpayment` `eft` on((`eft`.`objid` = convert(`nc`.`refid` using utf8)))) join `bankaccount` `ba` on((`ba`.`objid` = `eft`.`bankacctid`))) left join `cashreceipt_void` `v` on((`v`.`receiptid` = `c`.`objid`))) */;
/*!50001 SET character_set_client      = @saved_cs_client */;
/*!50001 SET character_set_results     = @saved_cs_results */;
/*!50001 SET collation_connection      = @saved_col_connection */;

--
-- Final view structure for view `vw_remittance_cashreceiptshare`
--

/*!50001 DROP TABLE IF EXISTS `vw_remittance_cashreceiptshare`*/;
/*!50001 DROP VIEW IF EXISTS `vw_remittance_cashreceiptshare`*/;
/*!50001 SET @saved_cs_client          = @@character_set_client */;
/*!50001 SET @saved_cs_results         = @@character_set_results */;
/*!50001 SET @saved_col_connection     = @@collation_connection */;
/*!50001 SET character_set_client      = utf8mb4 */;
/*!50001 SET character_set_results     = utf8mb4 */;
/*!50001 SET collation_connection      = utf8mb4_general_ci */;
/*!50001 CREATE ALGORITHM=UNDEFINED */
/*!50013 DEFINER=`root`@`localhost` SQL SECURITY DEFINER */
/*!50001 VIEW `vw_remittance_cashreceiptshare` AS select `c`.`remittanceid` AS `remittanceid`,`r`.`controldate` AS `remittance_controldate`,`r`.`controlno` AS `remittance_controlno`,`r`.`collectionvoucherid` AS `collectionvoucherid`,`c`.`formno` AS `formno`,`c`.`formtype` AS `formtype`,`c`.`controlid` AS `controlid`,`c`.`series` AS `series`,`cs`.`receiptid` AS `receiptid`,`c`.`receiptdate` AS `receiptdate`,`c`.`receiptno` AS `receiptno`,`c`.`paidby` AS `paidby`,`c`.`paidbyaddress` AS `paidbyaddress`,`c`.`org_objid` AS `org_objid`,`c`.`org_name` AS `org_name`,`c`.`collectiontype_objid` AS `collectiontype_objid`,`c`.`collectiontype_name` AS `collectiontype_name`,`c`.`collector_objid` AS `collectorid`,`c`.`collector_name` AS `collectorname`,`c`.`collector_title` AS `collectortitle`,`cs`.`refitem_objid` AS `refacctid`,`ia`.`fund_objid` AS `fundid`,`ia`.`objid` AS `acctid`,`ia`.`code` AS `acctcode`,`ia`.`title` AS `acctname`,(case when isnull(`v`.`objid`) then `cs`.`amount` else 0.0 end) AS `amount`,(case when isnull(`v`.`objid`) then 0 else 1 end) AS `voided`,(case when isnull(`v`.`objid`) then 0.0 else `cs`.`amount` end) AS `voidamount`,(case when (`c`.`formtype` = 'serial') then 0 else 1 end) AS `formtypeindex` from ((((`remittance` `r` join `cashreceipt` `c` on((`c`.`remittanceid` = `r`.`objid`))) join `cashreceipt_share` `cs` on((`cs`.`receiptid` = `c`.`objid`))) join `itemaccount` `ia` on((`ia`.`objid` = `cs`.`payableitem_objid`))) left join `cashreceipt_void` `v` on((`v`.`receiptid` = `c`.`objid`))) */;
/*!50001 SET character_set_client      = @saved_cs_client */;
/*!50001 SET character_set_results     = @saved_cs_results */;
/*!50001 SET collation_connection      = @saved_col_connection */;

--
-- Final view structure for view `vw_report_orc`
--

/*!50001 DROP TABLE IF EXISTS `vw_report_orc`*/;
/*!50001 DROP VIEW IF EXISTS `vw_report_orc`*/;
/*!50001 SET @saved_cs_client          = @@character_set_client */;
/*!50001 SET @saved_cs_results         = @@character_set_results */;
/*!50001 SET @saved_col_connection     = @@collation_connection */;
/*!50001 SET character_set_client      = utf8 */;
/*!50001 SET character_set_results     = utf8 */;
/*!50001 SET collation_connection      = utf8_general_ci */;
/*!50001 CREATE ALGORITHM=UNDEFINED */
/*!50013 DEFINER=`root`@`localhost` SQL SECURITY DEFINER */
/*!50001 VIEW `vw_report_orc` AS select `f`.`objid` AS `objid`,`f`.`state` AS `state`,`e`.`objid` AS `taxpayerid`,`e`.`name` AS `taxpayer_name`,`e`.`address_text` AS `taxpayer_address`,`o`.`name` AS `lgu_name`,`o`.`code` AS `lgu_indexno`,`f`.`dtapproved` AS `dtapproved`,`r`.`rputype` AS `rputype`,`pc`.`code` AS `classcode`,`pc`.`name` AS `classification`,`f`.`fullpin` AS `pin`,`f`.`titleno` AS `titleno`,`rp`.`cadastrallotno` AS `cadastrallotno`,`f`.`tdno` AS `tdno`,'' AS `arpno`,`f`.`prevowner` AS `prevowner`,`b`.`name` AS `location`,`r`.`totalareaha` AS `totalareaha`,`r`.`totalareasqm` AS `totalareasqm`,`r`.`totalmv` AS `totalmv`,`r`.`totalav` AS `totalav`,(case when (`f`.`state` = 'CURRENT') then '' else 'CANCELLED' end) AS `remarks` from ((((((`faas` `f` join `rpu` `r` on((`f`.`rpuid` = `r`.`objid`))) join `realproperty` `rp` on((`f`.`realpropertyid` = `rp`.`objid`))) join `propertyclassification` `pc` on((`r`.`classification_objid` = `pc`.`objid`))) join `entity` `e` on((`f`.`taxpayer_objid` = `e`.`objid`))) join `sys_org` `o` on((`rp`.`lguid` = `o`.`objid`))) join `barangay` `b` on((`rp`.`barangayid` = `b`.`objid`))) where (`f`.`state` in ('CURRENT','CANCELLED')) */;
/*!50001 SET character_set_client      = @saved_cs_client */;
/*!50001 SET character_set_results     = @saved_cs_results */;
/*!50001 SET collation_connection      = @saved_col_connection */;

--
-- Final view structure for view `vw_rptcertification_item`
--

/*!50001 DROP TABLE IF EXISTS `vw_rptcertification_item`*/;
/*!50001 DROP VIEW IF EXISTS `vw_rptcertification_item`*/;
/*!50001 SET @saved_cs_client          = @@character_set_client */;
/*!50001 SET @saved_cs_results         = @@character_set_results */;
/*!50001 SET @saved_col_connection     = @@collation_connection */;
/*!50001 SET character_set_client      = utf8mb4 */;
/*!50001 SET character_set_results     = utf8mb4 */;
/*!50001 SET collation_connection      = utf8mb4_general_ci */;
/*!50001 CREATE ALGORITHM=UNDEFINED */
/*!50013 DEFINER=`root`@`localhost` SQL SECURITY DEFINER */
/*!50001 VIEW `vw_rptcertification_item` AS select `rci`.`rptcertificationid` AS `rptcertificationid`,`f`.`objid` AS `faasid`,`f`.`fullpin` AS `fullpin`,`f`.`tdno` AS `tdno`,`e`.`objid` AS `taxpayerid`,`e`.`name` AS `taxpayer_name`,`f`.`owner_name` AS `owner_name`,`f`.`administrator_name` AS `administrator_name`,`f`.`titleno` AS `titleno`,`f`.`rpuid` AS `rpuid`,`pc`.`code` AS `classcode`,`pc`.`name` AS `classname`,`so`.`name` AS `lguname`,`b`.`name` AS `barangay`,`r`.`rputype` AS `rputype`,`r`.`suffix` AS `suffix`,`r`.`totalareaha` AS `totalareaha`,`r`.`totalareasqm` AS `totalareasqm`,`r`.`totalav` AS `totalav`,`r`.`totalmv` AS `totalmv`,`rp`.`street` AS `street`,`rp`.`blockno` AS `blockno`,`rp`.`cadastrallotno` AS `cadastrallotno`,`rp`.`surveyno` AS `surveyno`,`r`.`taxable` AS `taxable`,`f`.`effectivityyear` AS `effectivityyear`,`f`.`effectivityqtr` AS `effectivityqtr` from (((((((`rptcertificationitem` `rci` join `faas` `f` on((`rci`.`refid` = `f`.`objid`))) join `rpu` `r` on((`f`.`rpuid` = `r`.`objid`))) join `propertyclassification` `pc` on((`r`.`classification_objid` = `pc`.`objid`))) join `realproperty` `rp` on((`f`.`realpropertyid` = `rp`.`objid`))) join `barangay` `b` on((`rp`.`barangayid` = `b`.`objid`))) join `sys_org` `so` on((`f`.`lguid` = `so`.`objid`))) join `entity` `e` on((`f`.`taxpayer_objid` = `e`.`objid`))) */;
/*!50001 SET character_set_client      = @saved_cs_client */;
/*!50001 SET character_set_results     = @saved_cs_results */;
/*!50001 SET collation_connection      = @saved_col_connection */;

--
-- Final view structure for view `vw_rptledger_avdifference`
--

/*!50001 DROP TABLE IF EXISTS `vw_rptledger_avdifference`*/;
/*!50001 DROP VIEW IF EXISTS `vw_rptledger_avdifference`*/;
/*!50001 SET @saved_cs_client          = @@character_set_client */;
/*!50001 SET @saved_cs_results         = @@character_set_results */;
/*!50001 SET @saved_col_connection     = @@collation_connection */;
/*!50001 SET character_set_client      = utf8 */;
/*!50001 SET character_set_results     = utf8 */;
/*!50001 SET collation_connection      = utf8_general_ci */;
/*!50001 CREATE ALGORITHM=UNDEFINED */
/*!50013 DEFINER=`root`@`localhost` SQL SECURITY DEFINER */
/*!50001 VIEW `vw_rptledger_avdifference` AS select `rlf`.`objid` AS `objid`,'APPROVED' AS `state`,`d`.`parent_objid` AS `rptledgerid`,`rl`.`faasid` AS `faasid`,`rl`.`tdno` AS `tdno`,`rlf`.`txntype_objid` AS `txntype_objid`,`rlf`.`classification_objid` AS `classification_objid`,`rlf`.`actualuse_objid` AS `actualuse_objid`,`rlf`.`taxable` AS `taxable`,`rlf`.`backtax` AS `backtax`,`d`.`year` AS `fromyear`,1 AS `fromqtr`,`d`.`year` AS `toyear`,4 AS `toqtr`,`d`.`av` AS `assessedvalue`,1 AS `systemcreated`,`rlf`.`reclassed` AS `reclassed`,`rlf`.`idleland` AS `idleland`,1 AS `taxdifference` from ((`rptledger_avdifference` `d` join `rptledgerfaas` `rlf` on((`d`.`rptledgerfaas_objid` = `rlf`.`objid`))) join `rptledger` `rl` on((`d`.`parent_objid` = `rl`.`objid`))) */;
/*!50001 SET character_set_client      = @saved_cs_client */;
/*!50001 SET character_set_results     = @saved_cs_results */;
/*!50001 SET collation_connection      = @saved_col_connection */;

--
-- Final view structure for view `vw_rptpayment_item`
--

/*!50001 DROP TABLE IF EXISTS `vw_rptpayment_item`*/;
/*!50001 DROP VIEW IF EXISTS `vw_rptpayment_item`*/;
/*!50001 SET @saved_cs_client          = @@character_set_client */;
/*!50001 SET @saved_cs_results         = @@character_set_results */;
/*!50001 SET @saved_col_connection     = @@collation_connection */;
/*!50001 SET character_set_client      = utf8 */;
/*!50001 SET character_set_results     = utf8 */;
/*!50001 SET collation_connection      = utf8_general_ci */;
/*!50001 CREATE ALGORITHM=UNDEFINED */
/*!50013 DEFINER=`root`@`localhost` SQL SECURITY DEFINER */
/*!50001 VIEW `vw_rptpayment_item` AS select `x`.`parentid` AS `parentid`,`x`.`rptledgerfaasid` AS `rptledgerfaasid`,`x`.`year` AS `year`,`x`.`qtr` AS `qtr`,`x`.`revperiod` AS `revperiod`,sum(`x`.`basic`) AS `basic`,sum(`x`.`basicint`) AS `basicint`,sum(`x`.`basicdisc`) AS `basicdisc`,sum(`x`.`basicdp`) AS `basicdp`,sum(`x`.`basicnet`) AS `basicnet`,sum(`x`.`basicidle`) AS `basicidle`,sum(`x`.`basicidleint`) AS `basicidleint`,sum(`x`.`basicidledisc`) AS `basicidledisc`,sum(`x`.`basicidledp`) AS `basicidledp`,sum(`x`.`sef`) AS `sef`,sum(`x`.`sefint`) AS `sefint`,sum(`x`.`sefdisc`) AS `sefdisc`,sum(`x`.`sefdp`) AS `sefdp`,sum(`x`.`sefnet`) AS `sefnet`,sum(`x`.`firecode`) AS `firecode`,sum(`x`.`sh`) AS `sh`,sum(`x`.`shint`) AS `shint`,sum(`x`.`shdisc`) AS `shdisc`,sum(`x`.`shdp`) AS `shdp`,sum(`x`.`amount`) AS `amount`,max(`x`.`partialled`) AS `partialled` from `vw_rptpayment_item_detail` `x` group by `x`.`parentid`,`x`.`rptledgerfaasid`,`x`.`year`,`x`.`qtr`,`x`.`revperiod` */;
/*!50001 SET character_set_client      = @saved_cs_client */;
/*!50001 SET character_set_results     = @saved_cs_results */;
/*!50001 SET collation_connection      = @saved_col_connection */;

--
-- Final view structure for view `vw_rptpayment_item_detail`
--

/*!50001 DROP TABLE IF EXISTS `vw_rptpayment_item_detail`*/;
/*!50001 DROP VIEW IF EXISTS `vw_rptpayment_item_detail`*/;
/*!50001 SET @saved_cs_client          = @@character_set_client */;
/*!50001 SET @saved_cs_results         = @@character_set_results */;
/*!50001 SET @saved_col_connection     = @@collation_connection */;
/*!50001 SET character_set_client      = utf8 */;
/*!50001 SET character_set_results     = utf8 */;
/*!50001 SET collation_connection      = utf8_general_ci */;
/*!50001 CREATE ALGORITHM=UNDEFINED */
/*!50013 DEFINER=`root`@`localhost` SQL SECURITY DEFINER */
/*!50001 VIEW `vw_rptpayment_item_detail` AS select `rpi`.`objid` AS `objid`,`rpi`.`parentid` AS `parentid`,`rpi`.`rptledgerfaasid` AS `rptledgerfaasid`,`rpi`.`year` AS `year`,`rpi`.`qtr` AS `qtr`,`rpi`.`revperiod` AS `revperiod`,(case when (`rpi`.`revtype` = 'basic') then `rpi`.`amount` else 0 end) AS `basic`,(case when (`rpi`.`revtype` = 'basic') then `rpi`.`interest` else 0 end) AS `basicint`,(case when (`rpi`.`revtype` = 'basic') then `rpi`.`discount` else 0 end) AS `basicdisc`,(case when (`rpi`.`revtype` = 'basic') then (`rpi`.`interest` - `rpi`.`discount`) else 0 end) AS `basicdp`,(case when (`rpi`.`revtype` = 'basic') then ((`rpi`.`amount` + `rpi`.`interest`) - `rpi`.`discount`) else 0 end) AS `basicnet`,(case when (`rpi`.`revtype` = 'basicidle') then ((`rpi`.`amount` + `rpi`.`interest`) - `rpi`.`discount`) else 0 end) AS `basicidle`,(case when (`rpi`.`revtype` = 'basicidle') then `rpi`.`interest` else 0 end) AS `basicidleint`,(case when (`rpi`.`revtype` = 'basicidle') then `rpi`.`discount` else 0 end) AS `basicidledisc`,(case when (`rpi`.`revtype` = 'basicidle') then (`rpi`.`interest` - `rpi`.`discount`) else 0 end) AS `basicidledp`,(case when (`rpi`.`revtype` = 'sef') then `rpi`.`amount` else 0 end) AS `sef`,(case when (`rpi`.`revtype` = 'sef') then `rpi`.`interest` else 0 end) AS `sefint`,(case when (`rpi`.`revtype` = 'sef') then `rpi`.`discount` else 0 end) AS `sefdisc`,(case when (`rpi`.`revtype` = 'sef') then (`rpi`.`interest` - `rpi`.`discount`) else 0 end) AS `sefdp`,(case when (`rpi`.`revtype` = 'sef') then ((`rpi`.`amount` + `rpi`.`interest`) - `rpi`.`discount`) else 0 end) AS `sefnet`,(case when (`rpi`.`revtype` = 'firecode') then ((`rpi`.`amount` + `rpi`.`interest`) - `rpi`.`discount`) else 0 end) AS `firecode`,(case when (`rpi`.`revtype` = 'sh') then `rpi`.`amount` else 0 end) AS `sh`,(case when (`rpi`.`revtype` = 'sh') then `rpi`.`interest` else 0 end) AS `shint`,(case when (`rpi`.`revtype` = 'sh') then `rpi`.`discount` else 0 end) AS `shdisc`,(case when (`rpi`.`revtype` = 'sh') then (`rpi`.`interest` - `rpi`.`discount`) else 0 end) AS `shdp`,(case when (`rpi`.`revtype` = 'sh') then ((`rpi`.`amount` + `rpi`.`interest`) - `rpi`.`discount`) else 0 end) AS `shnet`,((`rpi`.`amount` + `rpi`.`interest`) - `rpi`.`discount`) AS `amount`,`rpi`.`partialled` AS `partialled` from `rptpayment_item` `rpi` */;
/*!50001 SET character_set_client      = @saved_cs_client */;
/*!50001 SET character_set_results     = @saved_cs_results */;
/*!50001 SET collation_connection      = @saved_col_connection */;

--
-- Final view structure for view `vw_rpu_assessment`
--

/*!50001 DROP TABLE IF EXISTS `vw_rpu_assessment`*/;
/*!50001 DROP VIEW IF EXISTS `vw_rpu_assessment`*/;
/*!50001 SET @saved_cs_client          = @@character_set_client */;
/*!50001 SET @saved_cs_results         = @@character_set_results */;
/*!50001 SET @saved_col_connection     = @@collation_connection */;
/*!50001 SET character_set_client      = utf8mb4 */;
/*!50001 SET character_set_results     = utf8mb4 */;
/*!50001 SET collation_connection      = utf8mb4_general_ci */;
/*!50001 CREATE ALGORITHM=UNDEFINED */
/*!50013 DEFINER=`root`@`localhost` SQL SECURITY DEFINER */
/*!50001 VIEW `vw_rpu_assessment` AS select `r`.`objid` AS `objid`,`r`.`rputype` AS `rputype`,`dpc`.`objid` AS `dominantclass_objid`,`dpc`.`code` AS `dominantclass_code`,`dpc`.`name` AS `dominantclass_name`,`dpc`.`orderno` AS `dominantclass_orderno`,`ra`.`areasqm` AS `areasqm`,`ra`.`areaha` AS `areaha`,`ra`.`marketvalue` AS `marketvalue`,`ra`.`assesslevel` AS `assesslevel`,`ra`.`assessedvalue` AS `assessedvalue`,`ra`.`taxable` AS `taxable`,`au`.`code` AS `actualuse_code`,`au`.`name` AS `actualuse_name`,`auc`.`objid` AS `actualuse_objid`,`auc`.`code` AS `actualuse_classcode`,`auc`.`name` AS `actualuse_classname`,`auc`.`orderno` AS `actualuse_orderno` from ((((`rpu` `r` join `propertyclassification` `dpc` on((`r`.`classification_objid` = `dpc`.`objid`))) join `rpu_assessment` `ra` on((`r`.`objid` = `ra`.`rpuid`))) join `landassesslevel` `au` on((`ra`.`actualuse_objid` = `au`.`objid`))) left join `propertyclassification` `auc` on((`au`.`classification_objid` = `auc`.`objid`))) union select `r`.`objid` AS `objid`,`r`.`rputype` AS `rputype`,`dpc`.`objid` AS `dominantclass_objid`,`dpc`.`code` AS `dominantclass_code`,`dpc`.`name` AS `dominantclass_name`,`dpc`.`orderno` AS `dominantclass_orderno`,`ra`.`areasqm` AS `areasqm`,`ra`.`areaha` AS `areaha`,`ra`.`marketvalue` AS `marketvalue`,`ra`.`assesslevel` AS `assesslevel`,`ra`.`assessedvalue` AS `assessedvalue`,`ra`.`taxable` AS `taxable`,`au`.`code` AS `actualuse_code`,`au`.`name` AS `actualuse_name`,`auc`.`objid` AS `actualuse_objid`,`auc`.`code` AS `actualuse_classcode`,`auc`.`name` AS `actualuse_classname`,`auc`.`orderno` AS `actualuse_orderno` from ((((`rpu` `r` join `propertyclassification` `dpc` on((`r`.`classification_objid` = `dpc`.`objid`))) join `rpu_assessment` `ra` on((`r`.`objid` = `ra`.`rpuid`))) join `bldgassesslevel` `au` on((`ra`.`actualuse_objid` = `au`.`objid`))) left join `propertyclassification` `auc` on((`au`.`classification_objid` = `auc`.`objid`))) union select `r`.`objid` AS `objid`,`r`.`rputype` AS `rputype`,`dpc`.`objid` AS `dominantclass_objid`,`dpc`.`code` AS `dominantclass_code`,`dpc`.`name` AS `dominantclass_name`,`dpc`.`orderno` AS `dominantclass_orderno`,`ra`.`areasqm` AS `areasqm`,`ra`.`areaha` AS `areaha`,`ra`.`marketvalue` AS `marketvalue`,`ra`.`assesslevel` AS `assesslevel`,`ra`.`assessedvalue` AS `assessedvalue`,`ra`.`taxable` AS `taxable`,`au`.`code` AS `actualuse_code`,`au`.`name` AS `actualuse_name`,`auc`.`objid` AS `actualuse_objid`,`auc`.`code` AS `actualuse_classcode`,`auc`.`name` AS `actualuse_classname`,`auc`.`orderno` AS `actualuse_orderno` from ((((`rpu` `r` join `propertyclassification` `dpc` on((`r`.`classification_objid` = `dpc`.`objid`))) join `rpu_assessment` `ra` on((`r`.`objid` = `ra`.`rpuid`))) join `machassesslevel` `au` on((`ra`.`actualuse_objid` = `au`.`objid`))) left join `propertyclassification` `auc` on((`au`.`classification_objid` = `auc`.`objid`))) union select `r`.`objid` AS `objid`,`r`.`rputype` AS `rputype`,`dpc`.`objid` AS `dominantclass_objid`,`dpc`.`code` AS `dominantclass_code`,`dpc`.`name` AS `dominantclass_name`,`dpc`.`orderno` AS `dominantclass_orderno`,`ra`.`areasqm` AS `areasqm`,`ra`.`areaha` AS `areaha`,`ra`.`marketvalue` AS `marketvalue`,`ra`.`assesslevel` AS `assesslevel`,`ra`.`assessedvalue` AS `assessedvalue`,`ra`.`taxable` AS `taxable`,`au`.`code` AS `actualuse_code`,`au`.`name` AS `actualuse_name`,`auc`.`objid` AS `actualuse_objid`,`auc`.`code` AS `actualuse_classcode`,`auc`.`name` AS `actualuse_classname`,`auc`.`orderno` AS `actualuse_orderno` from ((((`rpu` `r` join `propertyclassification` `dpc` on((`r`.`classification_objid` = `dpc`.`objid`))) join `rpu_assessment` `ra` on((`r`.`objid` = `ra`.`rpuid`))) join `planttreeassesslevel` `au` on((`ra`.`actualuse_objid` = `au`.`objid`))) left join `propertyclassification` `auc` on((`au`.`classification_objid` = `auc`.`objid`))) union select `r`.`objid` AS `objid`,`r`.`rputype` AS `rputype`,`dpc`.`objid` AS `dominantclass_objid`,`dpc`.`code` AS `dominantclass_code`,`dpc`.`name` AS `dominantclass_name`,`dpc`.`orderno` AS `dominantclass_orderno`,`ra`.`areasqm` AS `areasqm`,`ra`.`areaha` AS `areaha`,`ra`.`marketvalue` AS `marketvalue`,`ra`.`assesslevel` AS `assesslevel`,`ra`.`assessedvalue` AS `assessedvalue`,`ra`.`taxable` AS `taxable`,`au`.`code` AS `actualuse_code`,`au`.`name` AS `actualuse_name`,`auc`.`objid` AS `actualuse_objid`,`auc`.`code` AS `actualuse_classcode`,`auc`.`name` AS `actualuse_classname`,`auc`.`orderno` AS `actualuse_orderno` from ((((`rpu` `r` join `propertyclassification` `dpc` on((`r`.`classification_objid` = `dpc`.`objid`))) join `rpu_assessment` `ra` on((`r`.`objid` = `ra`.`rpuid`))) join `miscassesslevel` `au` on((`ra`.`actualuse_objid` = `au`.`objid`))) left join `propertyclassification` `auc` on((`au`.`classification_objid` = `auc`.`objid`))) */;
/*!50001 SET character_set_client      = @saved_cs_client */;
/*!50001 SET character_set_results     = @saved_cs_results */;
/*!50001 SET collation_connection      = @saved_col_connection */;

--
-- Final view structure for view `vw_txn_log`
--

/*!50001 DROP TABLE IF EXISTS `vw_txn_log`*/;
/*!50001 DROP VIEW IF EXISTS `vw_txn_log`*/;
/*!50001 SET @saved_cs_client          = @@character_set_client */;
/*!50001 SET @saved_cs_results         = @@character_set_results */;
/*!50001 SET @saved_col_connection     = @@collation_connection */;
/*!50001 SET character_set_client      = utf8 */;
/*!50001 SET character_set_results     = utf8 */;
/*!50001 SET collation_connection      = utf8_general_ci */;
/*!50001 CREATE ALGORITHM=UNDEFINED */
/*!50013 DEFINER=`root`@`localhost` SQL SECURITY DEFINER */
/*!50001 VIEW `vw_txn_log` AS select distinct `u`.`objid` AS `userid`,`u`.`name` AS `username`,`t`.`txndate` AS `txndate`,`t`.`ref` AS `ref`,`t`.`action` AS `action`,1 AS `cnt` from (`txnlog` `t` join `sys_user` `u` on((`t`.`userid` = `u`.`objid`))) union select `u`.`objid` AS `userid`,`u`.`name` AS `username`,`t`.`enddate` AS `txndate`,'faas' AS `ref`,(case when (`t`.`state` like '%receiver%') then 'receive' when (`t`.`state` like '%examiner%') then 'examine' when (`t`.`state` like '%taxmapper_chief%') then 'approve taxmap' when (`t`.`state` like '%taxmapper%') then 'taxmap' when (`t`.`state` like '%appraiser%') then 'appraise' when (`t`.`state` like '%appraiser_chief%') then 'approve appraisal' when (`t`.`state` like '%recommender%') then 'recommend' when (`t`.`state` like '%approver%') then 'approve' else `t`.`state` end) AS `action`,1 AS `cnt` from (`faas_task` `t` join `sys_user` `u` on((`t`.`actor_objid` = `u`.`objid`))) where (not((`t`.`state` like '%assign%'))) union select `u`.`objid` AS `userid`,`u`.`name` AS `username`,`t`.`enddate` AS `txndate`,'subdivision' AS `ref`,(case when (`t`.`state` like '%receiver%') then 'receive' when (`t`.`state` like '%examiner%') then 'examine' when (`t`.`state` like '%taxmapper_chief%') then 'approve taxmap' when (`t`.`state` like '%taxmapper%') then 'taxmap' when (`t`.`state` like '%appraiser%') then 'appraise' when (`t`.`state` like '%appraiser_chief%') then 'approve appraisal' when (`t`.`state` like '%recommender%') then 'recommend' when (`t`.`state` like '%approver%') then 'approve' else `t`.`state` end) AS `action`,1 AS `cnt` from (`subdivision_task` `t` join `sys_user` `u` on((`t`.`actor_objid` = `u`.`objid`))) where (not((`t`.`state` like '%assign%'))) union select `u`.`objid` AS `userid`,`u`.`name` AS `username`,`t`.`enddate` AS `txndate`,'consolidation' AS `ref`,(case when (`t`.`state` like '%receiver%') then 'receive' when (`t`.`state` like '%examiner%') then 'examine' when (`t`.`state` like '%taxmapper_chief%') then 'approve taxmap' when (`t`.`state` like '%taxmapper%') then 'taxmap' when (`t`.`state` like '%appraiser%') then 'appraise' when (`t`.`state` like '%appraiser_chief%') then 'approve appraisal' when (`t`.`state` like '%recommender%') then 'recommend' when (`t`.`state` like '%approver%') then 'approve' else `t`.`state` end) AS `action`,1 AS `cnt` from (`subdivision_task` `t` join `sys_user` `u` on((`t`.`actor_objid` = `u`.`objid`))) where (not((`t`.`state` like '%consolidation%'))) union select `u`.`objid` AS `userid`,`u`.`name` AS `username`,`t`.`enddate` AS `txndate`,'cancelledfaas' AS `ref`,(case when (`t`.`state` like '%receiver%') then 'receive' when (`t`.`state` like '%examiner%') then 'examine' when (`t`.`state` like '%taxmapper_chief%') then 'approve taxmap' when (`t`.`state` like '%taxmapper%') then 'taxmap' when (`t`.`state` like '%appraiser%') then 'appraise' when (`t`.`state` like '%appraiser_chief%') then 'approve appraisal' when (`t`.`state` like '%recommender%') then 'recommend' when (`t`.`state` like '%approver%') then 'approve' else `t`.`state` end) AS `action`,1 AS `cnt` from (`subdivision_task` `t` join `sys_user` `u` on((`t`.`actor_objid` = `u`.`objid`))) where (not((`t`.`state` like '%cancelledfaas%'))) */;
/*!50001 SET character_set_client      = @saved_cs_client */;
/*!50001 SET character_set_results     = @saved_cs_results */;
/*!50001 SET collation_connection      = @saved_col_connection */;
/*!40103 SET TIME_ZONE=@OLD_TIME_ZONE */;

/*!40101 SET SQL_MODE=@OLD_SQL_MODE */;
/*!40014 SET FOREIGN_KEY_CHECKS=@OLD_FOREIGN_KEY_CHECKS */;
/*!40014 SET UNIQUE_CHECKS=@OLD_UNIQUE_CHECKS */;
/*!40101 SET CHARACTER_SET_CLIENT=@OLD_CHARACTER_SET_CLIENT */;
/*!40101 SET CHARACTER_SET_RESULTS=@OLD_CHARACTER_SET_RESULTS */;
/*!40101 SET COLLATION_CONNECTION=@OLD_COLLATION_CONNECTION */;
/*!40111 SET SQL_NOTES=@OLD_SQL_NOTES */;

-- Dump completed on 2022-04-24 15:25:23
