-- MySQL dump 10.13  Distrib 5.5.59, for Win64 (AMD64)
--
-- Host: localhost    Database: etracs255_kiamba
-- ------------------------------------------------------
-- Server version	5.5.59

/*!40101 SET @OLD_CHARACTER_SET_CLIENT=@@CHARACTER_SET_CLIENT */;
/*!40101 SET @OLD_CHARACTER_SET_RESULTS=@@CHARACTER_SET_RESULTS */;
/*!40101 SET @OLD_COLLATION_CONNECTION=@@COLLATION_CONNECTION */;
/*!40101 SET NAMES utf8 */;
/*!40103 SET @OLD_TIME_ZONE=@@TIME_ZONE */;
/*!40103 SET TIME_ZONE='+00:00' */;
/*!40014 SET @OLD_UNIQUE_CHECKS=@@UNIQUE_CHECKS, UNIQUE_CHECKS=0 */;
/*!40014 SET @OLD_FOREIGN_KEY_CHECKS=@@FOREIGN_KEY_CHECKS, FOREIGN_KEY_CHECKS=0 */;
/*!40101 SET @OLD_SQL_MODE=@@SQL_MODE, SQL_MODE='NO_AUTO_VALUE_ON_ZERO' */;
/*!40111 SET @OLD_SQL_NOTES=@@SQL_NOTES, SQL_NOTES=0 */;

--
-- Current Database: `etracs255_kiamba`
--

CREATE DATABASE /*!32312 IF NOT EXISTS*/ `etracs255_kiamba` /*!40100 DEFAULT CHARACTER SET utf8 */;

USE `etracs255_kiamba`;

--
-- Table structure for table `account`
--

DROP TABLE IF EXISTS `account`;
/*!40101 SET @saved_cs_client     = @@character_set_client */;
/*!40101 SET character_set_client = utf8 */;
CREATE TABLE `account` (
  `objid` varchar(50) NOT NULL,
  `maingroupid` varchar(50) DEFAULT NULL,
  `code` varchar(100) DEFAULT NULL,
  `title` varchar(255) DEFAULT NULL,
  `groupid` varchar(50) DEFAULT NULL,
  `type` varchar(50) DEFAULT NULL,
  `leftindex` int(11) DEFAULT NULL,
  `rightindex` int(11) DEFAULT NULL,
  `level` int(11) DEFAULT NULL,
  PRIMARY KEY (`objid`),
  KEY `ix_code` (`code`),
  KEY `ix_groupid` (`groupid`),
  KEY `ix_maingroupid` (`maingroupid`),
  KEY `ix_title` (`title`),
  KEY `uix_account_code` (`maingroupid`,`code`),
  CONSTRAINT `fk_account_maingroupid` FOREIGN KEY (`maingroupid`) REFERENCES `account_maingroup` (`objid`),
  CONSTRAINT `fk_account_groupid` FOREIGN KEY (`groupid`) REFERENCES `account` (`objid`)
) ENGINE=InnoDB DEFAULT CHARSET=utf8;
/*!40101 SET character_set_client = @saved_cs_client */;

--
-- Dumping data for table `account`
--

LOCK TABLES `account` WRITE;
/*!40000 ALTER TABLE `account` DISABLE KEYS */;
/*!40000 ALTER TABLE `account` ENABLE KEYS */;
UNLOCK TABLES;

--
-- Table structure for table `account_incometarget`
--

DROP TABLE IF EXISTS `account_incometarget`;
/*!40101 SET @saved_cs_client     = @@character_set_client */;
/*!40101 SET character_set_client = utf8 */;
CREATE TABLE `account_incometarget` (
  `objid` varchar(50) NOT NULL,
  `itemid` varchar(50) NOT NULL,
  `year` int(11) NOT NULL,
  `target` decimal(16,2) NOT NULL,
  PRIMARY KEY (`objid`),
  KEY `ix_itemid` (`itemid`),
  KEY `ix_year` (`year`),
  CONSTRAINT `fk_account_incometarget_itemid` FOREIGN KEY (`itemid`) REFERENCES `account` (`objid`)
) ENGINE=InnoDB DEFAULT CHARSET=utf8;
/*!40101 SET character_set_client = @saved_cs_client */;

--
-- Dumping data for table `account_incometarget`
--

LOCK TABLES `account_incometarget` WRITE;
/*!40000 ALTER TABLE `account_incometarget` DISABLE KEYS */;
/*!40000 ALTER TABLE `account_incometarget` ENABLE KEYS */;
UNLOCK TABLES;

--
-- Table structure for table `account_item_mapping`
--

DROP TABLE IF EXISTS `account_item_mapping`;
/*!40101 SET @saved_cs_client     = @@character_set_client */;
/*!40101 SET character_set_client = utf8 */;
CREATE TABLE `account_item_mapping` (
  `objid` varchar(50) NOT NULL,
  `maingroupid` varchar(50) DEFAULT NULL,
  `acctid` varchar(50) DEFAULT NULL,
  `itemid` varchar(50) DEFAULT NULL,
  PRIMARY KEY (`objid`),
  KEY `ix_acctid` (`acctid`),
  KEY `ix_itemid` (`itemid`),
  KEY `ix_maingroupid` (`maingroupid`),
  CONSTRAINT `fk_account_item_mapping_maingroupid` FOREIGN KEY (`maingroupid`) REFERENCES `account_maingroup` (`objid`),
  CONSTRAINT `fk_account_item_mapping_acctid` FOREIGN KEY (`acctid`) REFERENCES `account` (`objid`),
  CONSTRAINT `fk_account_item_mapping_itemid` FOREIGN KEY (`itemid`) REFERENCES `itemaccount` (`objid`)
) ENGINE=InnoDB DEFAULT CHARSET=utf8;
/*!40101 SET character_set_client = @saved_cs_client */;

--
-- Dumping data for table `account_item_mapping`
--

LOCK TABLES `account_item_mapping` WRITE;
/*!40000 ALTER TABLE `account_item_mapping` DISABLE KEYS */;
/*!40000 ALTER TABLE `account_item_mapping` ENABLE KEYS */;
UNLOCK TABLES;

--
-- Table structure for table `account_maingroup`
--

DROP TABLE IF EXISTS `account_maingroup`;
/*!40101 SET @saved_cs_client     = @@character_set_client */;
/*!40101 SET character_set_client = utf8 */;
CREATE TABLE `account_maingroup` (
  `objid` varchar(50) NOT NULL,
  `title` varchar(255) NOT NULL,
  `version` int(11) NOT NULL,
  `reporttype` varchar(50) DEFAULT NULL,
  `role` varchar(50) DEFAULT NULL,
  `domain` varchar(50) DEFAULT NULL,
  `system` int(11) DEFAULT NULL,
  PRIMARY KEY (`objid`)
) ENGINE=InnoDB DEFAULT CHARSET=utf8;
/*!40101 SET character_set_client = @saved_cs_client */;

--
-- Dumping data for table `account_maingroup`
--

LOCK TABLES `account_maingroup` WRITE;
/*!40000 ALTER TABLE `account_maingroup` DISABLE KEYS */;
INSERT INTO `account_maingroup` VALUES ('NGAS','NGAS',1,'NGAS',NULL,NULL,NULL),('PPSAS','PPSAS',1,'PPSAS',NULL,NULL,0),('SRE','SRE',0,'SRE',NULL,NULL,NULL);
/*!40000 ALTER TABLE `account_maingroup` ENABLE KEYS */;
UNLOCK TABLES;

--
-- Table structure for table `af`
--

DROP TABLE IF EXISTS `af`;
/*!40101 SET @saved_cs_client     = @@character_set_client */;
/*!40101 SET character_set_client = utf8 */;
CREATE TABLE `af` (
  `objid` varchar(50) NOT NULL,
  `title` varchar(255) DEFAULT NULL,
  `usetype` varchar(50) DEFAULT NULL,
  `serieslength` int(11) DEFAULT NULL,
  `system` int(11) DEFAULT NULL,
  `denomination` decimal(10,2) DEFAULT NULL,
  `formtype` varchar(50) DEFAULT NULL,
  `baseunit` varchar(10) DEFAULT NULL,
  `defaultunit` varchar(10) DEFAULT NULL,
  PRIMARY KEY (`objid`)
) ENGINE=InnoDB DEFAULT CHARSET=utf8;
/*!40101 SET character_set_client = @saved_cs_client */;

--
-- Dumping data for table `af`
--

LOCK TABLES `af` WRITE;
/*!40000 ALTER TABLE `af` DISABLE KEYS */;
INSERT INTO `af` VALUES ('0016','COMMUNITY TAX CERTIFICATE (INDIVIDUAL)','collection',8,1,0.00,'serial',NULL,NULL),('51','ACCOUNTABLE FORM #51','collection',7,1,0.00,'serial',NULL,NULL),('52','LARGE CATTLE TRANSFER','collection',7,1,0.00,'serial',NULL,NULL),('53','LARGE CATTLE OWNERSHIP','collection',7,1,0.00,'serial',NULL,NULL),('54','MARRIAGE LICENSE FEE','collection',7,1,0.00,'serial',NULL,NULL),('56','REAL PROPERTY TAX RECEIPT','collection',7,1,0.00,'serial',NULL,NULL),('57','SLAUGHTER PERMIT','collection',7,1,0.00,'serial',NULL,NULL),('58','BURIAL PERMIT FEE','collection',7,1,0.00,'serial',NULL,NULL),('907','COMMUNITY TAX(CORPORATE)','collection',8,1,0.00,'serial',NULL,NULL),('CT1','CASH TICKETS P1.00','collection',0,1,1.00,'cashticket',NULL,NULL),('CT10','CASH TICKET P10.00','collection',0,1,10.00,'cashticket',NULL,NULL),('CT2','CASH TICKETS P2.00','collection',0,1,2.00,'cashticket',NULL,NULL),('CT5','CASH TICKETS P 5.00','collection',0,1,5.00,'cashticket',NULL,NULL);
/*!40000 ALTER TABLE `af` ENABLE KEYS */;
UNLOCK TABLES;

--
-- Table structure for table `af_allocation`
--

DROP TABLE IF EXISTS `af_allocation`;
/*!40101 SET @saved_cs_client     = @@character_set_client */;
/*!40101 SET character_set_client = utf8 */;
CREATE TABLE `af_allocation` (
  `objid` varchar(50) NOT NULL,
  `name` varchar(100) NOT NULL,
  `respcenter_objid` varchar(50) DEFAULT NULL,
  `respcenter_name` varchar(100) DEFAULT NULL,
  PRIMARY KEY (`objid`),
  KEY `ix_name` (`name`),
  KEY `ix_respcenter_name` (`respcenter_name`),
  KEY `ix_respcenter_objid` (`respcenter_objid`)
) ENGINE=InnoDB DEFAULT CHARSET=utf8;
/*!40101 SET character_set_client = @saved_cs_client */;

--
-- Dumping data for table `af_allocation`
--

LOCK TABLES `af_allocation` WRITE;
/*!40000 ALTER TABLE `af_allocation` DISABLE KEYS */;
/*!40000 ALTER TABLE `af_allocation` ENABLE KEYS */;
UNLOCK TABLES;

--
-- Table structure for table `af_control`
--

DROP TABLE IF EXISTS `af_control`;
/*!40101 SET @saved_cs_client     = @@character_set_client */;
/*!40101 SET character_set_client = utf8 */;
CREATE TABLE `af_control` (
  `objid` varchar(50) NOT NULL,
  `afid` varchar(50) NOT NULL,
  `txnmode` varchar(10) DEFAULT NULL,
  `assignee_objid` varchar(50) DEFAULT NULL,
  `assignee_name` varchar(50) DEFAULT NULL,
  `startseries` int(11) NOT NULL,
  `currentseries` int(11) NOT NULL,
  `endseries` int(11) NOT NULL,
  `active` int(11) DEFAULT NULL,
  `org_objid` varchar(50) DEFAULT NULL,
  `org_name` varchar(50) DEFAULT NULL,
  `fund_objid` varchar(100) DEFAULT NULL,
  `fund_title` varchar(200) DEFAULT NULL,
  `stubno` int(11) DEFAULT NULL,
  `owner_objid` varchar(50) DEFAULT NULL,
  `owner_name` varchar(255) DEFAULT NULL,
  `prefix` varchar(10) NOT NULL DEFAULT '',
  `suffix` varchar(10) NOT NULL DEFAULT '',
  `dtfiled` date NOT NULL,
  `state` varchar(50) NOT NULL,
  `unit` varchar(25) NOT NULL,
  `batchno` int(11) DEFAULT NULL,
  `respcenter_objid` varchar(50) DEFAULT NULL,
  `respcenter_name` varchar(100) DEFAULT NULL,
  `cost` decimal(16,2) DEFAULT NULL,
  `currentindexno` int(11) DEFAULT NULL,
  `currentdetailid` varchar(150) DEFAULT NULL,
  `batchref` varchar(50) DEFAULT NULL,
  `lockid` varchar(50) DEFAULT NULL,
  `allocid` varchar(50) DEFAULT NULL,
  `ukey` varchar(50) NOT NULL DEFAULT '',
  `salecost` decimal(16,2) NOT NULL DEFAULT '0.00',
  PRIMARY KEY (`objid`),
  UNIQUE KEY `uix_af_control` (`afid`,`startseries`,`prefix`,`suffix`,`ukey`),
  KEY `ix_afid` (`afid`),
  KEY `ix_allocid` (`allocid`),
  KEY `ix_assignee_objid` (`assignee_objid`),
  KEY `ix_batchno` (`batchno`),
  KEY `ix_currentdetailid` (`currentdetailid`),
  KEY `ix_dtfiled` (`dtfiled`),
  KEY `ix_fund_objid` (`fund_objid`),
  KEY `ix_org_name` (`org_name`),
  KEY `ix_org_objid` (`org_objid`),
  KEY `ix_owner_objid` (`owner_objid`),
  KEY `ix_respcenter_name` (`respcenter_name`),
  KEY `ix_respcenter_objid` (`respcenter_objid`),
  KEY `ix_state` (`state`),
  KEY `ix_ukey` (`ukey`),
  CONSTRAINT `fk_af_control_allocid` FOREIGN KEY (`allocid`) REFERENCES `af_allocation` (`objid`),
  CONSTRAINT `fk_af_control_afid` FOREIGN KEY (`afid`) REFERENCES `af` (`objid`)
) ENGINE=InnoDB DEFAULT CHARSET=utf8;
/*!40101 SET character_set_client = @saved_cs_client */;

--
-- Dumping data for table `af_control`
--

LOCK TABLES `af_control` WRITE;
/*!40000 ALTER TABLE `af_control` DISABLE KEYS */;
/*!40000 ALTER TABLE `af_control` ENABLE KEYS */;
UNLOCK TABLES;

--
-- Table structure for table `af_control_detail`
--

DROP TABLE IF EXISTS `af_control_detail`;
/*!40101 SET @saved_cs_client     = @@character_set_client */;
/*!40101 SET character_set_client = utf8 */;
CREATE TABLE `af_control_detail` (
  `objid` varchar(150) NOT NULL,
  `state` int(11) DEFAULT NULL,
  `controlid` varchar(50) NOT NULL,
  `indexno` int(11) NOT NULL,
  `refid` varchar(50) NOT NULL,
  `aftxnitemid` varchar(50) DEFAULT NULL,
  `refno` varchar(50) NOT NULL,
  `reftype` varchar(32) NOT NULL,
  `refdate` datetime NOT NULL,
  `txndate` datetime NOT NULL,
  `txntype` varchar(32) NOT NULL,
  `receivedstartseries` int(11) DEFAULT NULL,
  `receivedendseries` int(11) DEFAULT NULL,
  `beginstartseries` int(11) DEFAULT NULL,
  `beginendseries` int(11) DEFAULT NULL,
  `issuedstartseries` int(11) DEFAULT NULL,
  `issuedendseries` int(11) DEFAULT NULL,
  `endingstartseries` int(11) DEFAULT NULL,
  `endingendseries` int(11) DEFAULT NULL,
  `qtyreceived` int(11) NOT NULL,
  `qtybegin` int(11) NOT NULL,
  `qtyissued` int(11) NOT NULL,
  `qtyending` int(11) NOT NULL,
  `qtycancelled` int(11) NOT NULL,
  `remarks` varchar(255) DEFAULT NULL,
  `issuedto_objid` varchar(50) DEFAULT NULL,
  `issuedto_name` varchar(255) DEFAULT NULL,
  `respcenter_objid` varchar(50) DEFAULT NULL,
  `respcenter_name` varchar(255) DEFAULT NULL,
  `prevdetailid` varchar(150) DEFAULT NULL,
  `aftxnid` varchar(100) DEFAULT NULL,
  PRIMARY KEY (`objid`),
  KEY `ix_aftxnid` (`aftxnid`),
  KEY `ix_aftxnitemid` (`aftxnitemid`),
  KEY `ix_controlid` (`controlid`),
  KEY `ix_issuedto_name` (`issuedto_name`),
  KEY `ix_issuedto_objid` (`issuedto_objid`),
  KEY `ix_prevdetailid` (`prevdetailid`),
  KEY `ix_refdate` (`refdate`),
  KEY `ix_refid` (`refid`),
  KEY `ix_refitemid` (`aftxnitemid`),
  KEY `ix_refno` (`refno`),
  KEY `ix_reftype` (`reftype`),
  KEY `ix_respcenter_name` (`respcenter_name`),
  KEY `ix_respcenter_objid` (`respcenter_objid`),
  KEY `ix_txndate` (`txndate`),
  KEY `ix_txntype` (`txntype`),
  CONSTRAINT `fk_af_control_detail_controlid` FOREIGN KEY (`controlid`) REFERENCES `af_control` (`objid`),
  CONSTRAINT `fk_af_control_detail_aftxnid` FOREIGN KEY (`aftxnid`) REFERENCES `aftxn` (`objid`)
) ENGINE=InnoDB DEFAULT CHARSET=utf8;
/*!40101 SET character_set_client = @saved_cs_client */;

--
-- Dumping data for table `af_control_detail`
--

LOCK TABLES `af_control_detail` WRITE;
/*!40000 ALTER TABLE `af_control_detail` DISABLE KEYS */;
/*!40000 ALTER TABLE `af_control_detail` ENABLE KEYS */;
UNLOCK TABLES;

--
-- Table structure for table `afrequest`
--

DROP TABLE IF EXISTS `afrequest`;
/*!40101 SET @saved_cs_client     = @@character_set_client */;
/*!40101 SET character_set_client = utf8 */;
CREATE TABLE `afrequest` (
  `objid` varchar(50) NOT NULL,
  `reqno` varchar(20) DEFAULT NULL,
  `state` varchar(25) NOT NULL,
  `dtfiled` datetime DEFAULT NULL,
  `reqtype` varchar(10) DEFAULT NULL,
  `itemclass` varchar(50) DEFAULT NULL,
  `requester_objid` varchar(50) DEFAULT NULL,
  `requester_name` varchar(50) DEFAULT NULL,
  `requester_title` varchar(50) DEFAULT NULL,
  `org_objid` varchar(50) DEFAULT NULL,
  `org_name` varchar(50) DEFAULT NULL,
  `vendor` varchar(100) DEFAULT NULL,
  `respcenter_objid` varchar(50) DEFAULT NULL,
  `respcenter_name` varchar(100) DEFAULT NULL,
  `dtapproved` datetime DEFAULT NULL,
  `approvedby_objid` varchar(50) DEFAULT NULL,
  `approvedby_name` varchar(160) DEFAULT NULL,
  PRIMARY KEY (`objid`),
  UNIQUE KEY `uix_reqno` (`reqno`),
  KEY `ix_approvedby_name` (`approvedby_name`),
  KEY `ix_approvedby_objid` (`approvedby_objid`),
  KEY `ix_dtapproved` (`dtapproved`),
  KEY `ix_dtfiled` (`dtfiled`),
  KEY `ix_org_objid` (`org_objid`),
  KEY `ix_requester_name` (`requester_name`),
  KEY `ix_requester_objid` (`requester_objid`),
  KEY `ix_state` (`state`)
) ENGINE=InnoDB DEFAULT CHARSET=utf8;
/*!40101 SET character_set_client = @saved_cs_client */;

--
-- Dumping data for table `afrequest`
--

LOCK TABLES `afrequest` WRITE;
/*!40000 ALTER TABLE `afrequest` DISABLE KEYS */;
/*!40000 ALTER TABLE `afrequest` ENABLE KEYS */;
UNLOCK TABLES;

--
-- Table structure for table `afrequestitem`
--

DROP TABLE IF EXISTS `afrequestitem`;
/*!40101 SET @saved_cs_client     = @@character_set_client */;
/*!40101 SET character_set_client = utf8 */;
CREATE TABLE `afrequestitem` (
  `objid` varchar(50) NOT NULL,
  `parentid` varchar(50) DEFAULT NULL,
  `item_objid` varchar(50) DEFAULT NULL,
  `item_code` varchar(50) DEFAULT NULL,
  `item_title` varchar(255) DEFAULT NULL,
  `unit` varchar(10) DEFAULT NULL,
  `qty` int(11) DEFAULT NULL,
  `qtyreceived` int(11) DEFAULT NULL,
  PRIMARY KEY (`objid`),
  KEY `ix_item_objid` (`item_objid`),
  KEY `ix_parentid` (`parentid`),
  CONSTRAINT `fk_afrequestitem_parentid` FOREIGN KEY (`parentid`) REFERENCES `afrequest` (`objid`)
) ENGINE=InnoDB DEFAULT CHARSET=utf8;
/*!40101 SET character_set_client = @saved_cs_client */;

--
-- Dumping data for table `afrequestitem`
--

LOCK TABLES `afrequestitem` WRITE;
/*!40000 ALTER TABLE `afrequestitem` DISABLE KEYS */;
/*!40000 ALTER TABLE `afrequestitem` ENABLE KEYS */;
UNLOCK TABLES;

--
-- Table structure for table `aftxn`
--

DROP TABLE IF EXISTS `aftxn`;
/*!40101 SET @saved_cs_client     = @@character_set_client */;
/*!40101 SET character_set_client = utf8 */;
CREATE TABLE `aftxn` (
  `objid` varchar(100) NOT NULL,
  `state` varchar(50) DEFAULT NULL,
  `request_objid` varchar(50) DEFAULT NULL,
  `request_reqno` varchar(50) DEFAULT NULL,
  `controlno` varchar(50) DEFAULT NULL,
  `dtfiled` datetime DEFAULT NULL,
  `user_objid` varchar(50) DEFAULT NULL,
  `user_name` varchar(100) DEFAULT NULL,
  `issueto_objid` varchar(50) DEFAULT NULL,
  `issueto_name` varchar(100) DEFAULT NULL,
  `issueto_title` varchar(50) DEFAULT NULL,
  `org_objid` varchar(50) DEFAULT NULL,
  `org_name` varchar(50) DEFAULT NULL,
  `respcenter_objid` varchar(50) DEFAULT NULL,
  `respcenter_name` varchar(100) DEFAULT NULL,
  `txndate` datetime NOT NULL,
  `cost` decimal(16,2) DEFAULT NULL,
  `txntype` varchar(50) DEFAULT NULL,
  `particulars` varchar(255) DEFAULT NULL,
  `issuefrom_objid` varchar(50) DEFAULT NULL,
  `issuefrom_name` varchar(150) DEFAULT NULL,
  `issuefrom_title` varchar(150) DEFAULT NULL,
  `lockid` varchar(50) DEFAULT NULL,
  PRIMARY KEY (`objid`),
  UNIQUE KEY `uix_issueno` (`controlno`),
  KEY `ix_dtfiled` (`dtfiled`),
  KEY `ix_issuefrom_name` (`issuefrom_name`),
  KEY `ix_issuefrom_objid` (`issuefrom_objid`),
  KEY `ix_issueto_objid` (`issueto_objid`),
  KEY `ix_org_objid` (`org_objid`),
  KEY `ix_request_objid` (`request_objid`),
  KEY `ix_request_reqno` (`request_reqno`),
  KEY `ix_user_objid` (`user_objid`)
) ENGINE=InnoDB DEFAULT CHARSET=utf8;
/*!40101 SET character_set_client = @saved_cs_client */;

--
-- Dumping data for table `aftxn`
--

LOCK TABLES `aftxn` WRITE;
/*!40000 ALTER TABLE `aftxn` DISABLE KEYS */;
/*!40000 ALTER TABLE `aftxn` ENABLE KEYS */;
UNLOCK TABLES;

--
-- Table structure for table `aftxn_type`
--

DROP TABLE IF EXISTS `aftxn_type`;
/*!40101 SET @saved_cs_client     = @@character_set_client */;
/*!40101 SET character_set_client = utf8 */;
CREATE TABLE `aftxn_type` (
  `txntype` varchar(50) NOT NULL,
  `formtype` varchar(50) DEFAULT NULL,
  `poststate` varchar(50) DEFAULT NULL,
  `sortorder` int(11) DEFAULT NULL,
  PRIMARY KEY (`txntype`)
) ENGINE=InnoDB DEFAULT CHARSET=utf8;
/*!40101 SET character_set_client = @saved_cs_client */;

--
-- Dumping data for table `aftxn_type`
--

LOCK TABLES `aftxn_type` WRITE;
/*!40000 ALTER TABLE `aftxn_type` DISABLE KEYS */;
INSERT INTO `aftxn_type` VALUES ('BEGIN','BEGIN_BALANCE','OPEN',1),('COLLECTION','ISSUE','ISSUED',3),('FORWARD','FORWARD','ISSUED',2),('PURCHASE','PURCHASE_RECEIPT','OPEN',0),('RETURN_COLLECTION','RETURN','OPEN',7),('RETURN_SALE','RETURN','OPEN',8),('SALE','ISSUE','SOLD',4),('TRANSFER_COLLECTION','TRANSFER','ISSUED',5),('TRANSFER_SALE','TRANSFER','ISSUED',6);
/*!40000 ALTER TABLE `aftxn_type` ENABLE KEYS */;
UNLOCK TABLES;

--
-- Table structure for table `aftxnitem`
--

DROP TABLE IF EXISTS `aftxnitem`;
/*!40101 SET @saved_cs_client     = @@character_set_client */;
/*!40101 SET character_set_client = utf8 */;
CREATE TABLE `aftxnitem` (
  `objid` varchar(50) NOT NULL,
  `parentid` varchar(100) NOT NULL,
  `item_objid` varchar(50) DEFAULT NULL,
  `item_code` varchar(50) DEFAULT NULL,
  `item_title` varchar(255) DEFAULT NULL,
  `unit` varchar(20) DEFAULT NULL,
  `qty` int(11) DEFAULT NULL,
  `qtyserved` int(11) DEFAULT NULL,
  `remarks` varchar(255) DEFAULT NULL,
  `txntype` varchar(50) DEFAULT NULL,
  `cost` decimal(16,2) DEFAULT NULL,
  PRIMARY KEY (`objid`),
  KEY `ix_item_objid` (`item_objid`),
  KEY `ix_parentid` (`parentid`),
  CONSTRAINT `fk_aftxnitem_parentid` FOREIGN KEY (`parentid`) REFERENCES `aftxn` (`objid`)
) ENGINE=InnoDB DEFAULT CHARSET=utf8;
/*!40101 SET character_set_client = @saved_cs_client */;

--
-- Dumping data for table `aftxnitem`
--

LOCK TABLES `aftxnitem` WRITE;
/*!40000 ALTER TABLE `aftxnitem` DISABLE KEYS */;
/*!40000 ALTER TABLE `aftxnitem` ENABLE KEYS */;
UNLOCK TABLES;

--
-- Table structure for table `afunit`
--

DROP TABLE IF EXISTS `afunit`;
/*!40101 SET @saved_cs_client     = @@character_set_client */;
/*!40101 SET character_set_client = utf8 */;
CREATE TABLE `afunit` (
  `objid` varchar(50) NOT NULL,
  `itemid` varchar(50) NOT NULL,
  `unit` varchar(10) NOT NULL,
  `qty` int(11) DEFAULT NULL,
  `saleprice` decimal(16,2) NOT NULL,
  `interval` int(11) DEFAULT '1',
  `cashreceiptprintout` varchar(255) DEFAULT NULL,
  `cashreceiptdetailprintout` varchar(255) DEFAULT NULL,
  PRIMARY KEY (`objid`),
  UNIQUE KEY `uix_itemid_unit` (`itemid`,`unit`),
  KEY `ix_itemid` (`itemid`),
  CONSTRAINT `fk_afunit_itemid` FOREIGN KEY (`itemid`) REFERENCES `af` (`objid`)
) ENGINE=InnoDB DEFAULT CHARSET=utf8;
/*!40101 SET character_set_client = @saved_cs_client */;

--
-- Dumping data for table `afunit`
--

LOCK TABLES `afunit` WRITE;
/*!40000 ALTER TABLE `afunit` DISABLE KEYS */;
INSERT INTO `afunit` VALUES ('0016-STUB','0016','STUB',50,0.00,1,'cashreceipt-form:0016',NULL),('51-STUB','51','STUB',50,0.00,1,'cashreceipt:printout:51','cashreceiptdetail:printout:51'),('52-STUB','52','STUB',50,0.00,1,'cashreceipt-form:52',NULL),('53-STUB','53','STUB',50,0.00,1,'cashreceipt-form:53',NULL),('54-STUB','54','STUB',50,0.00,1,'cashreceipt-form:54',NULL),('56-STUB','56','STUB',50,0.00,1,'cashreceipt-form:56','cashreceiptdetail:printout:56'),('57-STUB','57','STUB',50,0.00,1,'cashreceipt-form:57',NULL),('58-STUB','58','STUB',50,0.00,1,'cashreceipt-form:58',NULL),('907-STUB','907','STUB',50,0.00,1,'cashreceipt-form:907',NULL),('CT1-PAD','CT1','PAD',2000,0.00,1,NULL,NULL),('CT10-PAD','CT10','PAD',2000,0.00,1,NULL,NULL),('CT2-PAD','CT2','PAD',2000,0.00,1,NULL,NULL),('CT5-PAD','CT5','PAD',2000,0.00,1,NULL,NULL);
/*!40000 ALTER TABLE `afunit` ENABLE KEYS */;
UNLOCK TABLES;

--
-- Table structure for table `assessmentnotice`
--

DROP TABLE IF EXISTS `assessmentnotice`;
/*!40101 SET @saved_cs_client     = @@character_set_client */;
/*!40101 SET character_set_client = utf8 */;
CREATE TABLE `assessmentnotice` (
  `objid` varchar(50) NOT NULL,
  `state` varchar(15) NOT NULL,
  `txnno` varchar(25) NOT NULL,
  `txndate` datetime DEFAULT NULL,
  `taxpayerid` varchar(50) NOT NULL,
  `taxpayername` text NOT NULL,
  `taxpayeraddress` varchar(150) NOT NULL,
  `createdbyid` varchar(50) DEFAULT NULL,
  `createdbyname` varchar(100) NOT NULL,
  `createdbytitle` varchar(50) NOT NULL,
  `approvedbyid` varchar(50) DEFAULT NULL,
  `approvedbyname` varchar(100) DEFAULT NULL,
  `approvedbytitle` varchar(50) DEFAULT NULL,
  `dtdelivered` date DEFAULT NULL,
  `receivedby` varchar(150) DEFAULT NULL,
  `remarks` text,
  `assessmentyear` int(11) DEFAULT NULL,
  `administrator_name` varchar(150) DEFAULT NULL,
  `administrator_address` varchar(150) DEFAULT NULL,
  `deliverytype_objid` varchar(50) DEFAULT NULL,
  PRIMARY KEY (`objid`),
  KEY `ix_assessmentnotice_receivedby` (`receivedby`),
  KEY `ix_assessmentnotice_state` (`state`),
  KEY `ix_assessmentnotice_taxpayerid` (`taxpayerid`),
  KEY `ix_assessmentnotice_txnno` (`txnno`)
) ENGINE=InnoDB DEFAULT CHARSET=utf8;
/*!40101 SET character_set_client = @saved_cs_client */;

--
-- Dumping data for table `assessmentnotice`
--

LOCK TABLES `assessmentnotice` WRITE;
/*!40000 ALTER TABLE `assessmentnotice` DISABLE KEYS */;
/*!40000 ALTER TABLE `assessmentnotice` ENABLE KEYS */;
UNLOCK TABLES;

--
-- Table structure for table `assessmentnotice_online`
--

DROP TABLE IF EXISTS `assessmentnotice_online`;
/*!40101 SET @saved_cs_client     = @@character_set_client */;
/*!40101 SET character_set_client = utf8 */;
CREATE TABLE `assessmentnotice_online` (
  `objid` varchar(50) NOT NULL,
  `state` varchar(25) NOT NULL,
  `reftype` varchar(25) NOT NULL,
  `refid` varchar(50) NOT NULL,
  `refno` varchar(50) NOT NULL,
  `refdate` date NOT NULL,
  `orno` varchar(25) DEFAULT NULL,
  `ordate` date DEFAULT NULL,
  `oramount` decimal(16,2) DEFAULT NULL,
  PRIMARY KEY (`objid`),
  KEY `ix_orno` (`orno`),
  KEY `ix_refid` (`refid`),
  KEY `ix_refno` (`refno`),
  KEY `ix_state` (`state`),
  CONSTRAINT `fk_assessmentnotice_online_assessmentnotice` FOREIGN KEY (`objid`) REFERENCES `assessmentnotice` (`objid`)
) ENGINE=InnoDB DEFAULT CHARSET=utf8;
/*!40101 SET character_set_client = @saved_cs_client */;

--
-- Dumping data for table `assessmentnotice_online`
--

LOCK TABLES `assessmentnotice_online` WRITE;
/*!40000 ALTER TABLE `assessmentnotice_online` DISABLE KEYS */;
/*!40000 ALTER TABLE `assessmentnotice_online` ENABLE KEYS */;
UNLOCK TABLES;

--
-- Table structure for table `assessmentnoticeitem`
--

DROP TABLE IF EXISTS `assessmentnoticeitem`;
/*!40101 SET @saved_cs_client     = @@character_set_client */;
/*!40101 SET character_set_client = utf8 */;
CREATE TABLE `assessmentnoticeitem` (
  `objid` varchar(50) NOT NULL,
  `assessmentnoticeid` varchar(50) NOT NULL,
  `faasid` varchar(50) NOT NULL,
  PRIMARY KEY (`objid`),
  KEY `FK_assessmentnoticeitem_assessmentnotice` (`assessmentnoticeid`),
  KEY `FK_assessmentnoticeitem_faas` (`faasid`),
  CONSTRAINT `assessmentnoticeitem_ibfk_2` FOREIGN KEY (`faasid`) REFERENCES `faas` (`objid`),
  CONSTRAINT `assessmentnoticeitem_ibfk_1` FOREIGN KEY (`assessmentnoticeid`) REFERENCES `assessmentnotice` (`objid`)
) ENGINE=InnoDB DEFAULT CHARSET=utf8;
/*!40101 SET character_set_client = @saved_cs_client */;

--
-- Dumping data for table `assessmentnoticeitem`
--

LOCK TABLES `assessmentnoticeitem` WRITE;
/*!40000 ALTER TABLE `assessmentnoticeitem` DISABLE KEYS */;
/*!40000 ALTER TABLE `assessmentnoticeitem` ENABLE KEYS */;
UNLOCK TABLES;

--
-- Table structure for table `bank`
--

DROP TABLE IF EXISTS `bank`;
/*!40101 SET @saved_cs_client     = @@character_set_client */;
/*!40101 SET character_set_client = utf8 */;
CREATE TABLE `bank` (
  `objid` varchar(50) NOT NULL,
  `state` varchar(10) DEFAULT NULL,
  `code` varchar(50) NOT NULL,
  `name` varchar(100) NOT NULL,
  `branchname` varchar(50) NOT NULL,
  `address` varchar(255) DEFAULT NULL,
  `manager` varchar(50) DEFAULT NULL,
  `deposittype` varchar(50) DEFAULT NULL,
  `depository` int(11) DEFAULT NULL,
  `depositsliphandler` varchar(50) DEFAULT NULL,
  `cashreport` varchar(255) DEFAULT NULL,
  `checkreport` varchar(255) DEFAULT NULL,
  PRIMARY KEY (`objid`),
  UNIQUE KEY `ux_bank_name_branch` (`name`,`branchname`),
  KEY `ix_code` (`code`),
  KEY `ix_name` (`name`),
  KEY `ix_state` (`state`)
) ENGINE=InnoDB DEFAULT CHARSET=utf8;
/*!40101 SET character_set_client = @saved_cs_client */;

--
-- Dumping data for table `bank`
--

LOCK TABLES `bank` WRITE;
/*!40000 ALTER TABLE `bank` DISABLE KEYS */;
/*!40000 ALTER TABLE `bank` ENABLE KEYS */;
UNLOCK TABLES;

--
-- Table structure for table `bankaccount`
--

DROP TABLE IF EXISTS `bankaccount`;
/*!40101 SET @saved_cs_client     = @@character_set_client */;
/*!40101 SET character_set_client = utf8 */;
CREATE TABLE `bankaccount` (
  `objid` varchar(50) NOT NULL,
  `state` varchar(10) NOT NULL,
  `code` varchar(50) NOT NULL,
  `title` varchar(100) NOT NULL,
  `description` varchar(255) DEFAULT NULL,
  `accttype` varchar(50) NOT NULL,
  `bank_objid` varchar(50) NOT NULL,
  `bank_code` varchar(50) NOT NULL,
  `bank_name` varchar(100) NOT NULL,
  `fund_objid` varchar(100) NOT NULL,
  `fund_code` varchar(50) NOT NULL,
  `fund_title` varchar(50) NOT NULL,
  `currency` varchar(10) NOT NULL,
  `cashreport` varchar(50) DEFAULT NULL,
  `cashbreakdownreport` varchar(50) DEFAULT NULL,
  `checkreport` varchar(50) DEFAULT NULL,
  `forwardbalance` decimal(16,2) DEFAULT NULL,
  `beginbalance` decimal(16,2) DEFAULT NULL,
  `totaldr` decimal(16,2) DEFAULT NULL,
  `totalcr` decimal(16,2) DEFAULT NULL,
  `endbalance` decimal(16,2) DEFAULT NULL,
  `currentlineno` int(11) DEFAULT NULL,
  `checkbreakdownreport` varchar(50) DEFAULT NULL,
  `acctid` varchar(50) DEFAULT NULL,
  PRIMARY KEY (`objid`),
  KEY `ix_acctid` (`acctid`),
  KEY `ix_bank_objid` (`bank_objid`),
  KEY `ix_code` (`code`),
  KEY `ix_fund_objid` (`fund_objid`),
  CONSTRAINT `fk_bankaccount_fund_objid` FOREIGN KEY (`fund_objid`) REFERENCES `fund` (`objid`),
  CONSTRAINT `fk_bankaccount_acctid` FOREIGN KEY (`acctid`) REFERENCES `itemaccount` (`objid`),
  CONSTRAINT `fk_bankaccount_bank_objid` FOREIGN KEY (`bank_objid`) REFERENCES `bank` (`objid`)
) ENGINE=InnoDB DEFAULT CHARSET=utf8;
/*!40101 SET character_set_client = @saved_cs_client */;

--
-- Dumping data for table `bankaccount`
--

LOCK TABLES `bankaccount` WRITE;
/*!40000 ALTER TABLE `bankaccount` DISABLE KEYS */;
/*!40000 ALTER TABLE `bankaccount` ENABLE KEYS */;
UNLOCK TABLES;

--
-- Table structure for table `bankaccount_ledger`
--

DROP TABLE IF EXISTS `bankaccount_ledger`;
/*!40101 SET @saved_cs_client     = @@character_set_client */;
/*!40101 SET character_set_client = utf8 */;
CREATE TABLE `bankaccount_ledger` (
  `objid` varchar(150) NOT NULL,
  `jevid` varchar(150) NOT NULL,
  `bankacctid` varchar(50) NOT NULL,
  `itemacctid` varchar(50) NOT NULL,
  `dr` decimal(16,4) NOT NULL,
  `cr` decimal(16,4) NOT NULL,
  PRIMARY KEY (`objid`),
  KEY `ix_bankacctid` (`bankacctid`),
  KEY `ix_itemacctid` (`itemacctid`),
  KEY `ix_jevid` (`jevid`),
  CONSTRAINT `fk_bankaccount_ledger_jevid` FOREIGN KEY (`jevid`) REFERENCES `jev` (`objid`)
) ENGINE=InnoDB DEFAULT CHARSET=utf8;
/*!40101 SET character_set_client = @saved_cs_client */;

--
-- Dumping data for table `bankaccount_ledger`
--

LOCK TABLES `bankaccount_ledger` WRITE;
/*!40000 ALTER TABLE `bankaccount_ledger` DISABLE KEYS */;
/*!40000 ALTER TABLE `bankaccount_ledger` ENABLE KEYS */;
UNLOCK TABLES;

--
-- Table structure for table `barangay`
--

DROP TABLE IF EXISTS `barangay`;
/*!40101 SET @saved_cs_client     = @@character_set_client */;
/*!40101 SET character_set_client = utf8 */;
CREATE TABLE `barangay` (
  `objid` varchar(50) NOT NULL,
  `state` varchar(10) DEFAULT NULL,
  `indexno` varchar(15) DEFAULT NULL,
  `pin` varchar(15) DEFAULT NULL,
  `name` varchar(50) DEFAULT NULL,
  `previd` varchar(50) DEFAULT NULL,
  `parentid` varchar(50) DEFAULT NULL,
  `captain_name` varchar(100) DEFAULT NULL,
  `captain_title` varchar(50) DEFAULT NULL,
  `captain_office` varchar(50) DEFAULT NULL,
  `treasurer_name` varchar(100) DEFAULT NULL,
  `treasurer_title` varchar(50) DEFAULT NULL,
  `treasurer_office` varchar(50) DEFAULT NULL,
  `oldindexno` varchar(15) DEFAULT NULL,
  `oldpin` varchar(15) DEFAULT NULL,
  `fullname` varchar(250) DEFAULT NULL,
  `address` varchar(250) DEFAULT NULL,
  PRIMARY KEY (`objid`),
  KEY `ix_indexno` (`indexno`),
  KEY `ix_parentid` (`parentid`),
  KEY `ix_pin` (`pin`),
  KEY `ix_previd` (`previd`),
  CONSTRAINT `fk_barangay_objid` FOREIGN KEY (`objid`) REFERENCES `sys_org` (`objid`)
) ENGINE=InnoDB DEFAULT CHARSET=utf8;
/*!40101 SET character_set_client = @saved_cs_client */;

--
-- Dumping data for table `barangay`
--

LOCK TABLES `barangay` WRITE;
/*!40000 ALTER TABLE `barangay` DISABLE KEYS */;
/*!40000 ALTER TABLE `barangay` ENABLE KEYS */;
UNLOCK TABLES;

--
-- Table structure for table `batch_rpttaxcredit`
--

DROP TABLE IF EXISTS `batch_rpttaxcredit`;
/*!40101 SET @saved_cs_client     = @@character_set_client */;
/*!40101 SET character_set_client = utf8 */;
CREATE TABLE `batch_rpttaxcredit` (
  `objid` varchar(50) NOT NULL,
  `state` varchar(25) NOT NULL,
  `txndate` date NOT NULL,
  `txnno` varchar(25) NOT NULL,
  `rate` decimal(10,2) NOT NULL,
  `paymentfrom` date DEFAULT NULL,
  `paymentto` varchar(255) DEFAULT NULL,
  `creditedyear` int(11) NOT NULL,
  `reason` varchar(255) NOT NULL,
  `validity` date DEFAULT NULL,
  PRIMARY KEY (`objid`),
  KEY `ix_state` (`state`),
  KEY `ix_txnno` (`txnno`)
) ENGINE=InnoDB DEFAULT CHARSET=utf8;
/*!40101 SET character_set_client = @saved_cs_client */;

--
-- Dumping data for table `batch_rpttaxcredit`
--

LOCK TABLES `batch_rpttaxcredit` WRITE;
/*!40000 ALTER TABLE `batch_rpttaxcredit` DISABLE KEYS */;
/*!40000 ALTER TABLE `batch_rpttaxcredit` ENABLE KEYS */;
UNLOCK TABLES;

--
-- Table structure for table `batch_rpttaxcredit_ledger`
--

DROP TABLE IF EXISTS `batch_rpttaxcredit_ledger`;
/*!40101 SET @saved_cs_client     = @@character_set_client */;
/*!40101 SET character_set_client = utf8 */;
CREATE TABLE `batch_rpttaxcredit_ledger` (
  `objid` varchar(50) NOT NULL,
  `parentid` varchar(50) NOT NULL,
  `state` varchar(25) NOT NULL,
  `error` varchar(255) DEFAULT NULL,
  `barangayid` varchar(50) NOT NULL,
  PRIMARY KEY (`objid`),
  KEY `ix_barangayid` (`barangayid`),
  KEY `ix_parentid` (`parentid`),
  KEY `ix_state` (`state`),
  CONSTRAINT `fk_rpttaxcredit_rptledger_rptledger` FOREIGN KEY (`objid`) REFERENCES `rptledger` (`objid`),
  CONSTRAINT `fk_rpttaxcredit_rptledger_parent` FOREIGN KEY (`parentid`) REFERENCES `batch_rpttaxcredit` (`objid`)
) ENGINE=InnoDB DEFAULT CHARSET=utf8;
/*!40101 SET character_set_client = @saved_cs_client */;

--
-- Dumping data for table `batch_rpttaxcredit_ledger`
--

LOCK TABLES `batch_rpttaxcredit_ledger` WRITE;
/*!40000 ALTER TABLE `batch_rpttaxcredit_ledger` DISABLE KEYS */;
/*!40000 ALTER TABLE `batch_rpttaxcredit_ledger` ENABLE KEYS */;
UNLOCK TABLES;

--
-- Table structure for table `batch_rpttaxcredit_ledger_posted`
--

DROP TABLE IF EXISTS `batch_rpttaxcredit_ledger_posted`;
/*!40101 SET @saved_cs_client     = @@character_set_client */;
/*!40101 SET character_set_client = utf8 */;
CREATE TABLE `batch_rpttaxcredit_ledger_posted` (
  `objid` varchar(50) NOT NULL,
  `parentid` varchar(50) NOT NULL,
  `barangayid` varchar(50) NOT NULL,
  PRIMARY KEY (`objid`),
  KEY `ix_barangayid` (`barangayid`),
  KEY `ix_parentid` (`parentid`),
  CONSTRAINT `fk_rpttaxcredit_rptledger_posted_rptledger` FOREIGN KEY (`objid`) REFERENCES `rptledger` (`objid`),
  CONSTRAINT `fk_rpttaxcredit_rptledger_posted_parent` FOREIGN KEY (`parentid`) REFERENCES `batch_rpttaxcredit` (`objid`)
) ENGINE=InnoDB DEFAULT CHARSET=utf8;
/*!40101 SET character_set_client = @saved_cs_client */;

--
-- Dumping data for table `batch_rpttaxcredit_ledger_posted`
--

LOCK TABLES `batch_rpttaxcredit_ledger_posted` WRITE;
/*!40000 ALTER TABLE `batch_rpttaxcredit_ledger_posted` DISABLE KEYS */;
/*!40000 ALTER TABLE `batch_rpttaxcredit_ledger_posted` ENABLE KEYS */;
UNLOCK TABLES;

--
-- Table structure for table `batchcapture_collection`
--

DROP TABLE IF EXISTS `batchcapture_collection`;
/*!40101 SET @saved_cs_client     = @@character_set_client */;
/*!40101 SET character_set_client = utf8 */;
CREATE TABLE `batchcapture_collection` (
  `objid` varchar(50) NOT NULL,
  `state` varchar(20) NOT NULL,
  `txndate` datetime NOT NULL,
  `defaultreceiptdate` datetime NOT NULL,
  `txnmode` varchar(10) NOT NULL,
  `stub` int(11) NOT NULL,
  `formno` varchar(50) NOT NULL,
  `formtype` varchar(10) NOT NULL,
  `controlid` varchar(50) NOT NULL,
  `serieslength` int(11) NOT NULL,
  `prefix` varchar(10) DEFAULT NULL,
  `suffix` varchar(10) DEFAULT NULL,
  `startseries` int(11) NOT NULL,
  `endseries` int(11) NOT NULL,
  `totalamount` decimal(16,2) NOT NULL,
  `totalcash` decimal(16,2) NOT NULL,
  `totalnoncash` decimal(16,2) NOT NULL,
  `collectiontype_objid` varchar(50) DEFAULT NULL,
  `collectiontype_name` varchar(100) DEFAULT NULL,
  `collector_objid` varchar(50) DEFAULT NULL,
  `collector_name` varchar(100) DEFAULT NULL,
  `collector_title` varchar(50) DEFAULT NULL,
  `capturedby_objid` varchar(50) DEFAULT NULL,
  `capturedby_name` varchar(100) DEFAULT NULL,
  `capturedby_title` varchar(50) DEFAULT NULL,
  `org_objid` varchar(50) NOT NULL,
  `org_name` varchar(50) NOT NULL,
  `postedby_objid` varchar(50) DEFAULT NULL,
  `postedby_name` varchar(100) DEFAULT NULL,
  `postedby_date` datetime DEFAULT NULL,
  PRIMARY KEY (`objid`),
  KEY `ix_capturedby_objid` (`capturedby_objid`),
  KEY `ix_collectiontype_objid` (`collectiontype_objid`),
  KEY `ix_collector_name` (`collector_name`),
  KEY `ix_collector_objid` (`collector_objid`),
  KEY `ix_controlid` (`controlid`),
  KEY `ix_defaultreceiptdate` (`defaultreceiptdate`),
  KEY `ix_formno` (`formno`),
  KEY `ix_org_objid` (`org_objid`),
  KEY `ix_postedby_objid` (`postedby_objid`),
  KEY `ix_state` (`state`),
  KEY `ix_txndate` (`txndate`),
  CONSTRAINT `fk_batchcapture_collection_collector_objid` FOREIGN KEY (`collector_objid`) REFERENCES `sys_user` (`objid`)
) ENGINE=InnoDB DEFAULT CHARSET=utf8;
/*!40101 SET character_set_client = @saved_cs_client */;

--
-- Dumping data for table `batchcapture_collection`
--

LOCK TABLES `batchcapture_collection` WRITE;
/*!40000 ALTER TABLE `batchcapture_collection` DISABLE KEYS */;
/*!40000 ALTER TABLE `batchcapture_collection` ENABLE KEYS */;
UNLOCK TABLES;

--
-- Table structure for table `batchcapture_collection_entry`
--

DROP TABLE IF EXISTS `batchcapture_collection_entry`;
/*!40101 SET @saved_cs_client     = @@character_set_client */;
/*!40101 SET character_set_client = utf8 */;
CREATE TABLE `batchcapture_collection_entry` (
  `objid` varchar(50) NOT NULL,
  `parentid` varchar(50) DEFAULT NULL,
  `receiptno` varchar(50) NOT NULL,
  `receiptdate` datetime NOT NULL,
  `paidby` varchar(100) NOT NULL,
  `paidbyaddress` varchar(255) NOT NULL,
  `amount` decimal(16,2) NOT NULL,
  `totalcash` decimal(16,2) NOT NULL,
  `totalnoncash` decimal(16,2) NOT NULL,
  `series` int(11) NOT NULL,
  `collectiontype_objid` varchar(50) DEFAULT NULL,
  `collectiontype_name` varchar(100) DEFAULT NULL,
  `remarks` varchar(255) DEFAULT NULL,
  `particulars` longtext,
  `voided` int(11) DEFAULT NULL,
  `paymentitems` longtext,
  PRIMARY KEY (`objid`),
  KEY `ix_collectiontype_objid` (`collectiontype_objid`),
  KEY `ix_parentid` (`parentid`),
  KEY `ix_receiptdate` (`receiptdate`),
  KEY `ix_receiptno` (`receiptno`),
  CONSTRAINT `fk_batchcapture_collection_entry_parentid` FOREIGN KEY (`parentid`) REFERENCES `batchcapture_collection` (`objid`),
  CONSTRAINT `fk_batchcapture_collection_entry_collectiontype_objid` FOREIGN KEY (`collectiontype_objid`) REFERENCES `collectiontype` (`objid`)
) ENGINE=InnoDB DEFAULT CHARSET=utf8;
/*!40101 SET character_set_client = @saved_cs_client */;

--
-- Dumping data for table `batchcapture_collection_entry`
--

LOCK TABLES `batchcapture_collection_entry` WRITE;
/*!40000 ALTER TABLE `batchcapture_collection_entry` DISABLE KEYS */;
/*!40000 ALTER TABLE `batchcapture_collection_entry` ENABLE KEYS */;
UNLOCK TABLES;

--
-- Table structure for table `batchcapture_collection_entry_item`
--

DROP TABLE IF EXISTS `batchcapture_collection_entry_item`;
/*!40101 SET @saved_cs_client     = @@character_set_client */;
/*!40101 SET character_set_client = utf8 */;
CREATE TABLE `batchcapture_collection_entry_item` (
  `objid` varchar(50) NOT NULL,
  `parentid` varchar(50) DEFAULT NULL,
  `item_objid` varchar(50) DEFAULT NULL,
  `item_code` varchar(50) DEFAULT NULL,
  `item_title` varchar(255) DEFAULT NULL,
  `fund_objid` varchar(100) DEFAULT NULL,
  `fund_code` varchar(50) DEFAULT NULL,
  `fund_title` varchar(50) DEFAULT NULL,
  `amount` decimal(16,2) DEFAULT NULL,
  PRIMARY KEY (`objid`),
  KEY `ix_fund_objid` (`fund_objid`),
  KEY `ix_item_objid` (`item_objid`),
  KEY `ix_parentid` (`parentid`),
  CONSTRAINT `fk_batchcapture_collection_entry_item_parentid` FOREIGN KEY (`parentid`) REFERENCES `batchcapture_collection_entry` (`objid`),
  CONSTRAINT `fk_batchcapture_collection_entry_item_fund` FOREIGN KEY (`fund_objid`) REFERENCES `fund` (`objid`),
  CONSTRAINT `fk_batchcapture_collection_entry_item_itemaccount` FOREIGN KEY (`item_objid`) REFERENCES `itemaccount` (`objid`)
) ENGINE=InnoDB DEFAULT CHARSET=utf8;
/*!40101 SET character_set_client = @saved_cs_client */;

--
-- Dumping data for table `batchcapture_collection_entry_item`
--

LOCK TABLES `batchcapture_collection_entry_item` WRITE;
/*!40000 ALTER TABLE `batchcapture_collection_entry_item` DISABLE KEYS */;
/*!40000 ALTER TABLE `batchcapture_collection_entry_item` ENABLE KEYS */;
UNLOCK TABLES;

--
-- Table structure for table `batchgr`
--

DROP TABLE IF EXISTS `batchgr`;
/*!40101 SET @saved_cs_client     = @@character_set_client */;
/*!40101 SET character_set_client = utf8 */;
CREATE TABLE `batchgr` (
  `objid` varchar(50) NOT NULL,
  `state` varchar(25) NOT NULL,
  `ry` int(11) NOT NULL,
  `lgu_objid` varchar(50) NOT NULL,
  `barangay_objid` varchar(50) NOT NULL,
  `rputype` varchar(15) DEFAULT NULL,
  `classification_objid` varchar(50) DEFAULT NULL,
  `section` varchar(10) DEFAULT NULL,
  `memoranda` varchar(100) DEFAULT NULL,
  `txntype_objid` varchar(50) DEFAULT NULL,
  `txnno` varchar(25) DEFAULT NULL,
  `txndate` datetime DEFAULT NULL,
  `effectivityyear` int(11) DEFAULT NULL,
  `effectivityqtr` int(11) DEFAULT NULL,
  `originlgu_objid` varchar(50) DEFAULT NULL,
  PRIMARY KEY (`objid`),
  KEY `fk_lgu_objid` (`lgu_objid`),
  KEY `ix_barangay_objid` (`barangay_objid`),
  KEY `ix_classificationid` (`classification_objid`),
  KEY `ix_ry` (`ry`),
  KEY `ix_section` (`section`),
  KEY `ix_state` (`state`),
  KEY `ix_txnno` (`txnno`),
  CONSTRAINT `fk_batchgr_lguid` FOREIGN KEY (`lgu_objid`) REFERENCES `sys_org` (`objid`),
  CONSTRAINT `batchgr_ibfk_1` FOREIGN KEY (`barangay_objid`) REFERENCES `sys_org` (`objid`),
  CONSTRAINT `batchgr_ibfk_2` FOREIGN KEY (`classification_objid`) REFERENCES `propertyclassification` (`objid`),
  CONSTRAINT `batchgr_ibfk_3` FOREIGN KEY (`lgu_objid`) REFERENCES `sys_org` (`objid`),
  CONSTRAINT `fk_batchgr_barangayid` FOREIGN KEY (`barangay_objid`) REFERENCES `sys_org` (`objid`),
  CONSTRAINT `fk_batchgr_classificationid` FOREIGN KEY (`classification_objid`) REFERENCES `propertyclassification` (`objid`)
) ENGINE=InnoDB DEFAULT CHARSET=utf8;
/*!40101 SET character_set_client = @saved_cs_client */;

--
-- Dumping data for table `batchgr`
--

LOCK TABLES `batchgr` WRITE;
/*!40000 ALTER TABLE `batchgr` DISABLE KEYS */;
/*!40000 ALTER TABLE `batchgr` ENABLE KEYS */;
UNLOCK TABLES;

--
-- Table structure for table `batchgr_item`
--

DROP TABLE IF EXISTS `batchgr_item`;
/*!40101 SET @saved_cs_client     = @@character_set_client */;
/*!40101 SET character_set_client = utf8 */;
CREATE TABLE `batchgr_item` (
  `objid` varchar(50) NOT NULL,
  `parent_objid` varchar(50) NOT NULL,
  `state` varchar(50) NOT NULL,
  `rputype` varchar(15) NOT NULL,
  `tdno` varchar(50) NOT NULL,
  `fullpin` varchar(50) NOT NULL,
  `pin` varchar(50) NOT NULL,
  `suffix` int(11) NOT NULL,
  `newfaasid` varchar(50) DEFAULT NULL,
  `error` text,
  `subsuffix` int(11) DEFAULT NULL,
  PRIMARY KEY (`objid`),
  KEY `fk_batchgr_item_batchgr` (`parent_objid`),
  KEY `fk_batchgr_item_newfaasid` (`newfaasid`),
  KEY `fk_batchgr_item_pin` (`pin`),
  KEY `fk_batchgr_item_tdno` (`tdno`),
  CONSTRAINT `fk_batchgr_item_faas` FOREIGN KEY (`objid`) REFERENCES `faas` (`objid`),
  CONSTRAINT `batchgr_item_ibfk_1` FOREIGN KEY (`parent_objid`) REFERENCES `batchgr` (`objid`),
  CONSTRAINT `batchgr_item_ibfk_2` FOREIGN KEY (`objid`) REFERENCES `faas` (`objid`),
  CONSTRAINT `batchgr_item_ibfk_3` FOREIGN KEY (`newfaasid`) REFERENCES `faas` (`objid`),
  CONSTRAINT `batchgr_item_ibfk_4` FOREIGN KEY (`objid`) REFERENCES `faas` (`objid`)
) ENGINE=InnoDB DEFAULT CHARSET=utf8;
/*!40101 SET character_set_client = @saved_cs_client */;

--
-- Dumping data for table `batchgr_item`
--

LOCK TABLES `batchgr_item` WRITE;
/*!40000 ALTER TABLE `batchgr_item` DISABLE KEYS */;
/*!40000 ALTER TABLE `batchgr_item` ENABLE KEYS */;
UNLOCK TABLES;

--
-- Table structure for table `batchgr_task`
--

DROP TABLE IF EXISTS `batchgr_task`;
/*!40101 SET @saved_cs_client     = @@character_set_client */;
/*!40101 SET character_set_client = utf8 */;
CREATE TABLE `batchgr_task` (
  `objid` varchar(50) NOT NULL,
  `refid` varchar(50) DEFAULT NULL,
  `parentprocessid` varchar(50) DEFAULT NULL,
  `state` varchar(50) DEFAULT NULL,
  `startdate` datetime DEFAULT NULL,
  `enddate` datetime DEFAULT NULL,
  `assignee_objid` varchar(50) DEFAULT NULL,
  `assignee_name` varchar(100) DEFAULT NULL,
  `assignee_title` varchar(80) DEFAULT NULL,
  `actor_objid` varchar(50) DEFAULT NULL,
  `actor_name` varchar(100) DEFAULT NULL,
  `actor_title` varchar(80) DEFAULT NULL,
  `message` varchar(255) DEFAULT NULL,
  `signature` longtext,
  `returnedby` varchar(100) DEFAULT NULL,
  PRIMARY KEY (`objid`),
  KEY `ix_assignee_objid` (`assignee_objid`),
  KEY `ix_refid` (`refid`),
  CONSTRAINT `fk_batchgr_task_batchgr` FOREIGN KEY (`refid`) REFERENCES `batchgr` (`objid`)
) ENGINE=InnoDB DEFAULT CHARSET=utf8;
/*!40101 SET character_set_client = @saved_cs_client */;

--
-- Dumping data for table `batchgr_task`
--

LOCK TABLES `batchgr_task` WRITE;
/*!40000 ALTER TABLE `batchgr_task` DISABLE KEYS */;
/*!40000 ALTER TABLE `batchgr_task` ENABLE KEYS */;
UNLOCK TABLES;

--
-- Table structure for table `billitem_txntype`
--

DROP TABLE IF EXISTS `billitem_txntype`;
/*!40101 SET @saved_cs_client     = @@character_set_client */;
/*!40101 SET character_set_client = utf8 */;
CREATE TABLE `billitem_txntype` (
  `objid` varchar(50) NOT NULL,
  `title` varchar(150) DEFAULT NULL,
  `category` varchar(100) DEFAULT NULL,
  PRIMARY KEY (`objid`),
  KEY `ix_category` (`category`),
  KEY `ix_title` (`title`)
) ENGINE=InnoDB DEFAULT CHARSET=utf8;
/*!40101 SET character_set_client = @saved_cs_client */;

--
-- Dumping data for table `billitem_txntype`
--

LOCK TABLES `billitem_txntype` WRITE;
/*!40000 ALTER TABLE `billitem_txntype` DISABLE KEYS */;
/*!40000 ALTER TABLE `billitem_txntype` ENABLE KEYS */;
UNLOCK TABLES;

--
-- Table structure for table `bldgadditionalitem`
--

DROP TABLE IF EXISTS `bldgadditionalitem`;
/*!40101 SET @saved_cs_client     = @@character_set_client */;
/*!40101 SET character_set_client = utf8 */;
CREATE TABLE `bldgadditionalitem` (
  `objid` varchar(50) NOT NULL,
  `bldgrysettingid` varchar(50) NOT NULL,
  `code` varchar(10) NOT NULL,
  `name` varchar(100) NOT NULL,
  `unit` varchar(25) NOT NULL,
  `expr` varchar(100) NOT NULL,
  `previd` varchar(50) DEFAULT NULL,
  `type` varchar(50) DEFAULT NULL,
  `addareatobldgtotalarea` int(11) DEFAULT NULL,
  `idx` int(11) DEFAULT NULL,
  PRIMARY KEY (`objid`),
  UNIQUE KEY `UQ_settingid_code` (`bldgrysettingid`,`code`),
  UNIQUE KEY `UQ_settingid_name` (`bldgrysettingid`,`name`),
  KEY `bldgrysettingid` (`bldgrysettingid`),
  KEY `ix_previd` (`previd`),
  CONSTRAINT `bldgadditionalitem_ibfk_2` FOREIGN KEY (`bldgrysettingid`) REFERENCES `bldgrysetting` (`objid`),
  CONSTRAINT `bldgadditionalitem_ibfk_1` FOREIGN KEY (`previd`) REFERENCES `bldgadditionalitem` (`objid`)
) ENGINE=InnoDB DEFAULT CHARSET=utf8;
/*!40101 SET character_set_client = @saved_cs_client */;

--
-- Dumping data for table `bldgadditionalitem`
--

LOCK TABLES `bldgadditionalitem` WRITE;
/*!40000 ALTER TABLE `bldgadditionalitem` DISABLE KEYS */;
/*!40000 ALTER TABLE `bldgadditionalitem` ENABLE KEYS */;
UNLOCK TABLES;

--
-- Table structure for table `bldgassesslevel`
--

DROP TABLE IF EXISTS `bldgassesslevel`;
/*!40101 SET @saved_cs_client     = @@character_set_client */;
/*!40101 SET character_set_client = utf8 */;
CREATE TABLE `bldgassesslevel` (
  `objid` varchar(50) NOT NULL,
  `bldgrysettingid` varchar(50) NOT NULL,
  `classification_objid` varchar(50) DEFAULT NULL,
  `code` varchar(10) NOT NULL,
  `name` varchar(50) NOT NULL,
  `fixrate` int(11) NOT NULL,
  `rate` decimal(10,2) NOT NULL,
  `previd` varchar(50) DEFAULT NULL,
  PRIMARY KEY (`objid`),
  UNIQUE KEY `ux_bldgassesslevel_code` (`bldgrysettingid`,`code`),
  UNIQUE KEY `ux_bldgassesslevel_name` (`bldgrysettingid`,`name`),
  KEY `FK_bldgassesslevel_bldgrysettingid` (`bldgrysettingid`),
  KEY `FK_bldgassesslevel_propertyclassification` (`classification_objid`),
  KEY `ix_previd` (`previd`),
  CONSTRAINT `bldgassesslevel_ibfk_2` FOREIGN KEY (`classification_objid`) REFERENCES `propertyclassification` (`objid`),
  CONSTRAINT `bldgassesslevel_ibfk_1` FOREIGN KEY (`bldgrysettingid`) REFERENCES `bldgrysetting` (`objid`)
) ENGINE=InnoDB DEFAULT CHARSET=utf8;
/*!40101 SET character_set_client = @saved_cs_client */;

--
-- Dumping data for table `bldgassesslevel`
--

LOCK TABLES `bldgassesslevel` WRITE;
/*!40000 ALTER TABLE `bldgassesslevel` DISABLE KEYS */;
/*!40000 ALTER TABLE `bldgassesslevel` ENABLE KEYS */;
UNLOCK TABLES;

--
-- Table structure for table `bldgassesslevelrange`
--

DROP TABLE IF EXISTS `bldgassesslevelrange`;
/*!40101 SET @saved_cs_client     = @@character_set_client */;
/*!40101 SET character_set_client = utf8 */;
CREATE TABLE `bldgassesslevelrange` (
  `objid` varchar(50) NOT NULL,
  `bldgassesslevelid` varchar(50) NOT NULL,
  `bldgrysettingid` varchar(50) NOT NULL,
  `mvfrom` decimal(16,2) NOT NULL,
  `mvto` decimal(16,2) NOT NULL,
  `rate` decimal(16,2) NOT NULL,
  PRIMARY KEY (`objid`),
  UNIQUE KEY `ux_bldgassesslevelrange_mvfrom` (`bldgassesslevelid`,`mvfrom`),
  KEY `bldgassesslevelid` (`bldgassesslevelid`),
  KEY `FK_bldgassesslevelrange_bldgrysetting` (`bldgrysettingid`),
  CONSTRAINT `bldgassesslevelrange_ibfk_2` FOREIGN KEY (`bldgrysettingid`) REFERENCES `bldgrysetting` (`objid`),
  CONSTRAINT `bldgassesslevelrange_ibfk_1` FOREIGN KEY (`bldgassesslevelid`) REFERENCES `bldgassesslevel` (`objid`)
) ENGINE=InnoDB DEFAULT CHARSET=utf8;
/*!40101 SET character_set_client = @saved_cs_client */;

--
-- Dumping data for table `bldgassesslevelrange`
--

LOCK TABLES `bldgassesslevelrange` WRITE;
/*!40000 ALTER TABLE `bldgassesslevelrange` DISABLE KEYS */;
/*!40000 ALTER TABLE `bldgassesslevelrange` ENABLE KEYS */;
UNLOCK TABLES;

--
-- Table structure for table `bldgfloor`
--

DROP TABLE IF EXISTS `bldgfloor`;
/*!40101 SET @saved_cs_client     = @@character_set_client */;
/*!40101 SET character_set_client = utf8 */;
CREATE TABLE `bldgfloor` (
  `objid` varchar(50) NOT NULL,
  `bldguseid` varchar(50) NOT NULL,
  `bldgrpuid` varchar(50) NOT NULL,
  `floorno` varchar(5) NOT NULL,
  `area` decimal(16,2) NOT NULL,
  `storeyrate` decimal(16,2) NOT NULL,
  `basevalue` decimal(16,2) NOT NULL,
  `unitvalue` decimal(16,2) NOT NULL,
  `basemarketvalue` decimal(16,2) NOT NULL,
  `adjustment` decimal(16,2) NOT NULL,
  `marketvalue` decimal(16,2) NOT NULL,
  PRIMARY KEY (`objid`),
  KEY `FK_bldgfloor_bldgrpu` (`bldgrpuid`),
  KEY `FK_bldgfloor_bldguse` (`bldguseid`),
  CONSTRAINT `bldgfloor_ibfk_2` FOREIGN KEY (`bldguseid`) REFERENCES `bldguse` (`objid`),
  CONSTRAINT `bldgfloor_ibfk_1` FOREIGN KEY (`bldgrpuid`) REFERENCES `bldgrpu` (`objid`)
) ENGINE=InnoDB DEFAULT CHARSET=utf8;
/*!40101 SET character_set_client = @saved_cs_client */;

--
-- Dumping data for table `bldgfloor`
--

LOCK TABLES `bldgfloor` WRITE;
/*!40000 ALTER TABLE `bldgfloor` DISABLE KEYS */;
/*!40000 ALTER TABLE `bldgfloor` ENABLE KEYS */;
UNLOCK TABLES;

--
-- Table structure for table `bldgflooradditional`
--

DROP TABLE IF EXISTS `bldgflooradditional`;
/*!40101 SET @saved_cs_client     = @@character_set_client */;
/*!40101 SET character_set_client = utf8 */;
CREATE TABLE `bldgflooradditional` (
  `objid` varchar(50) NOT NULL,
  `bldgfloorid` varchar(50) NOT NULL,
  `bldgrpuid` varchar(50) NOT NULL,
  `additionalitem_objid` varchar(50) NOT NULL,
  `amount` decimal(16,2) NOT NULL,
  `expr` text NOT NULL,
  `depreciate` int(11) DEFAULT NULL,
  PRIMARY KEY (`objid`),
  KEY `FK_bldgflooradditional_additionalitem` (`additionalitem_objid`),
  KEY `FK_bldgflooradditional_bldgfloor` (`bldgfloorid`),
  KEY `FK_bldgflooradditional_bldgrpu` (`bldgrpuid`),
  CONSTRAINT `bldgflooradditional_ibfk_3` FOREIGN KEY (`bldgrpuid`) REFERENCES `bldgrpu` (`objid`),
  CONSTRAINT `bldgflooradditional_ibfk_1` FOREIGN KEY (`additionalitem_objid`) REFERENCES `bldgadditionalitem` (`objid`),
  CONSTRAINT `bldgflooradditional_ibfk_2` FOREIGN KEY (`bldgfloorid`) REFERENCES `bldgfloor` (`objid`)
) ENGINE=InnoDB DEFAULT CHARSET=utf8;
/*!40101 SET character_set_client = @saved_cs_client */;

--
-- Dumping data for table `bldgflooradditional`
--

LOCK TABLES `bldgflooradditional` WRITE;
/*!40000 ALTER TABLE `bldgflooradditional` DISABLE KEYS */;
/*!40000 ALTER TABLE `bldgflooradditional` ENABLE KEYS */;
UNLOCK TABLES;

--
-- Table structure for table `bldgflooradditionalparam`
--

DROP TABLE IF EXISTS `bldgflooradditionalparam`;
/*!40101 SET @saved_cs_client     = @@character_set_client */;
/*!40101 SET character_set_client = utf8 */;
CREATE TABLE `bldgflooradditionalparam` (
  `objid` varchar(50) NOT NULL,
  `bldgflooradditionalid` varchar(50) NOT NULL,
  `bldgrpuid` varchar(50) NOT NULL,
  `param_objid` varchar(50) NOT NULL,
  `intvalue` int(11) DEFAULT NULL,
  `decimalvalue` decimal(16,2) DEFAULT NULL,
  PRIMARY KEY (`objid`),
  KEY `FK_bldgflooradditionalparam_bldgflooradditional` (`bldgflooradditionalid`),
  KEY `FK_bldgflooradditionalparam_bldgrpu` (`bldgrpuid`),
  KEY `FK_bldgflooradditionalparam_param` (`param_objid`),
  CONSTRAINT `bldgflooradditionalparam_ibfk_3` FOREIGN KEY (`param_objid`) REFERENCES `rptparameter` (`objid`),
  CONSTRAINT `bldgflooradditionalparam_ibfk_1` FOREIGN KEY (`bldgflooradditionalid`) REFERENCES `bldgflooradditional` (`objid`),
  CONSTRAINT `bldgflooradditionalparam_ibfk_2` FOREIGN KEY (`bldgrpuid`) REFERENCES `bldgrpu` (`objid`)
) ENGINE=InnoDB DEFAULT CHARSET=utf8;
/*!40101 SET character_set_client = @saved_cs_client */;

--
-- Dumping data for table `bldgflooradditionalparam`
--

LOCK TABLES `bldgflooradditionalparam` WRITE;
/*!40000 ALTER TABLE `bldgflooradditionalparam` DISABLE KEYS */;
/*!40000 ALTER TABLE `bldgflooradditionalparam` ENABLE KEYS */;
UNLOCK TABLES;

--
-- Table structure for table `bldgkind`
--

DROP TABLE IF EXISTS `bldgkind`;
/*!40101 SET @saved_cs_client     = @@character_set_client */;
/*!40101 SET character_set_client = utf8 */;
CREATE TABLE `bldgkind` (
  `objid` varchar(50) NOT NULL,
  `state` varchar(10) NOT NULL,
  `code` varchar(20) NOT NULL,
  `name` varchar(100) NOT NULL,
  PRIMARY KEY (`objid`),
  UNIQUE KEY `ux_bldgkind_code` (`code`),
  UNIQUE KEY `ux_bldgkind_name` (`name`),
  KEY `ix_bldgkind_state` (`state`)
) ENGINE=InnoDB DEFAULT CHARSET=utf8;
/*!40101 SET character_set_client = @saved_cs_client */;

--
-- Dumping data for table `bldgkind`
--

LOCK TABLES `bldgkind` WRITE;
/*!40000 ALTER TABLE `bldgkind` DISABLE KEYS */;
INSERT INTO `bldgkind` VALUES ('BK-1b32f87f:14ae618a9de:-6e52','APPROVED','MART','MINI MART'),('BK-26e87806:14cd5a1d0d9:-72a','APPROVED','DORM','DORMITORY'),('BK-2a3f1c65:14d4c9f3863:-6bd3','APPROVED','FURN','FURNITURE ROOM'),('BK-2a3f1c65:14d4c9f3863:-7fc0','APPROVED','FEED','FEED MILL'),('BK-2fb172f9:157d01141ac:-76b1','APPROVED','CSHP','COMPUTER SHOP'),('BK-2fb172f9:157d01141ac:-76c2','APPROVED','SVAN','SHELTER VAN'),('BK-2fb172f9:157d01141ac:-76eb','APPROVED','RSHP','REFRIGERATION SHOP'),('BK-2fb172f9:157d01141ac:-76fc','APPROVED','PRSN','PARSONAGE'),('BK-2fc47da5:147dad8b0c1:-72f4','APPROVED','GRAN','GRANDSTAND'),('BK-2fc47da5:147dad8b0c1:-72fd','APPROVED','COLI','COLISEUM'),('BK-2fc47da5:147dad8b0c1:-7306','APPROVED','GYMN','GYMNASIUM'),('BK-2fc47da5:147dad8b0c1:-730f','APPROVED','BLAS','BLACK SMITH SHED'),('BK-2fc47da5:147dad8b0c1:-7318','APPROVED','WELS','WELDING SHOP'),('BK-2fc47da5:147dad8b0c1:-7321','APPROVED','LUMY','LUMBER YARD'),('BK-2fc47da5:147dad8b0c1:-732a','APPROVED','SAWM','SAWMILL BUILDING'),('BK-2fc47da5:147dad8b0c1:-7345','APPROVED','FUNH','FUNERAL HOME'),('BK-2fc47da5:147dad8b0c1:-734e','APPROVED','INRE','INLAND RESORT'),('BK-2fc47da5:147dad8b0c1:-7357','APPROVED','SWIP','SWIMMING POOL'),('BK-2fc47da5:147dad8b0c1:-7360','APPROVED','GASP','GAS PLANT'),('BK-2fc47da5:147dad8b0c1:-7369','APPROVED','DISR','DISPLAY ROOM'),('BK-2fc47da5:147dad8b0c1:-7372','APPROVED','GASS','GASOLINE STATION'),('BK-2fc47da5:147dad8b0c1:-7447','APPROVED','OPES','OPEN SHED'),('BK-2fc47da5:147dad8b0c1:-7450','APPROVED','MULS','MULTIPURPOSE SHED'),('BK-2fc47da5:147dad8b0c1:-746d','APPROVED','TENC','TENNIS COURT'),('BK-2fc47da5:147dad8b0c1:-747f','APPROVED','BASC','BASKETBALL COURT'),('BK-2fc47da5:147dad8b0c1:-7488','APPROVED','COCK','COCKPIT'),('BK-2fc47da5:147dad8b0c1:-7491','APPROVED','AREN','ARENA'),('BK-2fc47da5:147dad8b0c1:-749a','APPROVED','BHAC','BILLIARD HALL'),('BK-2fc47da5:147dad8b0c1:-74a3','APPROVED','CLHC','CLUB HOUSE'),('BK-2fc47da5:147dad8b0c1:-74ac','APPROVED','PLCC','PILOTA COURT'),('BK-2fc47da5:147dad8b0c1:-74b5','APPROVED','BOWL','BOWLING LANE'),('BK-2fc47da5:147dad8b0c1:-74be','APPROVED','RHAC','RECREATIONAL HALL'),('BK-2fc47da5:147dad8b0c1:-74c7','APPROVED','HATC','HATCHERY'),('BK-2fc47da5:147dad8b0c1:-74d0','APPROVED','FENC','FENCE'),('BK-2fc47da5:147dad8b0c1:-74d9','APPROVED','CROC','CROCODILE CAGE'),('BK-2fc47da5:147dad8b0c1:-74e2','APPROVED','GREH','GREEN HOUSE'),('BK-2fc47da5:147dad8b0c1:-74eb','APPROVED','PIGH','PIGGERY HOUSE'),('BK-2fc47da5:147dad8b0c1:-74f4','APPROVED','HOGH','HOG HOUSE'),('BK-2fc47da5:147dad8b0c1:-74fd','APPROVED','STAB','STABLE'),('BK-2fc47da5:147dad8b0c1:-7506','APPROVED','POUH','POULTRY HOUSE'),('BK-2fc47da5:147dad8b0c1:-750f','APPROVED','BARH','BARN HOUSE'),('BK-2fc47da5:147dad8b0c1:-7518','APPROVED','STAL','STALL'),('BK-2fc47da5:147dad8b0c1:-7521','APPROVED','SARI','SARI SARI STORE'),('BK-2fc47da5:147dad8b0c1:-752a','APPROVED','INDB','INDUSTRIAL BUILDING'),('BK-2fc47da5:147dad8b0c1:-7533','APPROVED','BAKE','BAKERY'),('BK-2fc47da5:147dad8b0c1:-753c','APPROVED','RICM','RICE MILL'),('BK-2fc47da5:147dad8b0c1:-7545','APPROVED','STOR','STORAGE'),('BK-2fc47da5:147dad8b0c1:-754e','APPROVED','BODE','BODEGA'),('BK-2fc47da5:147dad8b0c1:-7557','APPROVED','WARH','WAREHOUSE'),('BK-2fc47da5:147dad8b0c1:-7560','APPROVED','FACT','FACTORY'),('BK-2fc47da5:147dad8b0c1:-7569','APPROVED','REST','RESTAURANT'),('BK-2fc47da5:147dad8b0c1:-7572','APPROVED','MALL','MALL'),('BK-2fc47da5:147dad8b0c1:-757b','APPROVED','SHOP','SHOPPING CENTER'),('BK-2fc47da5:147dad8b0c1:-7584','APPROVED','MARK','MARKET'),('BK-2fc47da5:147dad8b0c1:-758d','APPROVED','THEA','THEATER'),('BK-2fc47da5:147dad8b0c1:-7596','APPROVED','COND','CONDOMINIUM'),('BK-2fc47da5:147dad8b0c1:-759f','APPROVED','BANK','BANK'),('BK-2fc47da5:147dad8b0c1:-75a8','APPROVED','PARB','PARKING BUILDING'),('BK-2fc47da5:147dad8b0c1:-75ba','APPROVED','HOSP','HOSPITAL'),('BK-2fc47da5:147dad8b0c1:-75c3','APPROVED','ASSH','ASSEMBLY HOUSE'),('BK-2fc47da5:147dad8b0c1:-75db','APPROVED','CHUR','CHURCH'),('BK-2fc47da5:147dad8b0c1:-75ed','APPROVED','GUAH','GUARD HOUSE'),('BK-2fc47da5:147dad8b0c1:-75f6','APPROVED','LAUH','LAUNDRY HOUSE'),('BK-2fc47da5:147dad8b0c1:-75ff','APPROVED','QUAR','QUARTER'),('BK-2fc47da5:147dad8b0c1:-7608','APPROVED','GARA','GARAGE'),('BK-2fc47da5:147dad8b0c1:-7611','APPROVED','ACCE','ACCESSORY BUILDING'),('BK-2fc47da5:147dad8b0c1:-761a','APPROVED','MINH','MINI HOSPITAL'),('BK-2fc47da5:147dad8b0c1:-7623','APPROVED','LYIN','LYING INN'),('BK-2fc47da5:147dad8b0c1:-762c','APPROVED','CLIN','CLINIC'),('BK-2fc47da5:147dad8b0c1:-7635','APPROVED','MOTE','MOTEL'),('BK-2fc47da5:147dad8b0c1:-763e','APPROVED','HOTE','HOTEL'),('BK-2fc47da5:147dad8b0c1:-7647','APPROVED','LODH','LODGING HOUSE'),('BK-2fc47da5:147dad8b0c1:-7650','APPROVED','BORH','BOARDING HOUSE'),('BK-2fc47da5:147dad8b0c1:-7659','APPROVED','APA2','APARTMENT'),('BK-2fc47da5:147dad8b0c1:-7662','APPROVED','APA1','DUPLEX APARTELLE'),('BK-2fc47da5:147dad8b0c1:-766b','APPROVED','TOWH','TOWN HOUSE'),('BK-2fc47da5:147dad8b0c1:-7674','APPROVED','ROWH','ROW HOUSE'),('BK-2fc47da5:147dad8b0c1:-767d','APPROVED','MUFD','MULTIPLE DWELLING'),('BK-2fc47da5:147dad8b0c1:-7688','APPROVED','TWFD','TWO FAMILY DWELLING'),('BK-2fc47da5:147dad8b0c1:-7691','APPROVED','ONFD','ONE FAMILY DWELLING'),('BK-38f70c63:14c69d45960:-757d','APPROVED','TINS','TIN SMITH SHED'),('BK-38f70c63:14c69d45960:-7a4a','APPROVED','LHOU','LABOR HOUSE'),('BK-38f70c63:14c69d45960:-7a56','APPROVED','PHOU','PUMP HOUSE'),('BK-38f70c63:14c69d45960:-7a62','APPROVED','HALL','HALL'),('BK-38f70c63:14c69d45960:-7a6e','APPROVED','WPSH','WATER PUMP SHED'),('BK-38f70c63:14c69d45960:-7a7a','APPROVED','BUNK','BUNK HOUSE'),('BK-38f70c63:14c69d45960:658','APPROVED','TARI','TARIMA MILL'),('BK-45a7cbe9:14c49ff9de2:-73b8','APPROVED','CHAP','CHAPEL'),('BK-45a7cbe9:14c4a43c968:-604d','APPROVED','PRKC','PUROK CENTER'),('BK-4b897e71:14cc1252d2c:-25d8','APPROVED','COPR','COPRA DRYER'),('BK-4d44203a:14bc865709b:-7a1c','APPROVED','HEAL','HEALTH CENTER'),('BK-4d44203a:14bc865709b:-7a25','APPROVED','STAG','STAGE'),('BK-4d44203a:14bc865709b:-7a4d','APPROVED','DAYC','DAY CARE CENTER'),('BK-4d44203a:14bc865709b:1711','APPROVED','BARB','BARBER SHOP'),('BK-4d44203a:14bc865709b:171d','APPROVED','BEAU','BEAUTY SALON'),('BK-4d44203a:14bc865709b:1729','APPROVED','MASS','MASSAGE SPA'),('BK-504cb43c:150262044c4:-538','APPROVED','PHAL','PRAYER HALL'),('BK-504cb43c:150262044c4:-541','APPROVED','MOSQ','MOSQUE'),('BK-504cb43c:150262044c4:-5977','APPROVED','CABO','CARTON BODEGA'),('BK-504cb43c:150262044c4:-5c2c','APPROVED','EVAC','EVACUATION CENTER'),('BK-504cb43c:150262044c4:-7527','APPROVED','WTRS','WATER REFILLING STATION'),('BK-53a6d50d:14c34ba226f:-54c1','APPROVED','SING','SINGLE DETACHED'),('BK-53a6d50d:14c34ba226f:6f62','APPROVED','CANC','CANTEEN'),('BK-53a6d50d:14c3573ab1a:-7be4','APPROVED','GARB','GARBAGE SHED'),('BK-563603b7:1508e22e147:-7fa6','APPROVED','DSHD','DRIP IRRIGATION SHED'),('BK-563603b7:1508e22e147:-7fb2','APPROVED','MSHD','MACHINE SHED'),('BK-5cbfcb41:14f008edf1c:-edb','APPROVED','UPSH','UPHOLSTERY SHOP'),('BK-68032f15:14b84d8b0da:-43a5','APPROVED','MOTO','MOTOR PARTS STORE'),('BK-68032f15:14b84d8b0da:-43ae','APPROVED','DRUG','DRUGSTORE'),('BK-6ef7ba72:15087a4f1a6:-3f38','APPROVED','FERM','FERMENTARY SHED'),('BK-6ef7ba72:15087a4f1a6:-7e6a','APPROVED','BDHS','BEAN DRYING HOUSE'),('BK-7f011244:14b94d22ccb:-7cc3','APPROVED','MHAC','MESS HALL'),('BK-d6e7bae:150115b8403:-7fc5','APPROVED','VULC','VULCANIZING SHOP'),('BK1f27a3d:1507d6ed654:-1e09','APPROVED','MIXP','MIXING PLANT'),('BK1f27a3d:1507d6ed654:-32a8','APPROVED','MHRD','MINI HARDWARE'),('BK1f27a3d:1507d6ed654:-4f7c','APPROVED','SHED','SHED'),('BK431e49c0:14b0a2d917e:-6e3a','APPROVED','EATE','EATERY'),('BK431e49c0:14b0a2d917e:-6e43','APPROVED','CARI','CARINDERIA'),('BK431e49c0:14b0a2d917e:-6e5e','APPROVED','HARD','HARDWARE'),('BK43b7ada6:14fb5f2faab:-762f','APPROVED','GUES','GUEST HOUSE'),('BK4b37a27a:16435324a2d:-73bd','APPROVED','CMIL','CORN MILL'),('BK4dcc87e9:14ca658ced7:-5ab1','APPROVED','GOLD','GOLDSMITH'),('BK4dcc87e9:14ca658ced7:-5abd','APPROVED','ARCA','ARCADE'),('BK50bc78f6:14b83f170f5:9af','APPROVED','CONV','CONVENIENCE STORE'),('BK50bc78f6:14b83f170f5:9da','APPROVED','GSTR','GROCERY STORE'),('BK5778ab17:150373c1c75:-7fce','APPROVED','MHAL','MUNICIPAL HALL'),('BK5778ab17:150373c1c75:-7fd7','APPROVED','BHAL','BARANGAY HALL'),('BK612a2c85:15f2dfc3439:-4adf','APPROVED','HMIL','HAMMER MILL'),('BK65bd4b24:147eee7380d:-1297','APPROVED','TERM','TERMINAL'),('BK65bd4b24:147eee7380d:-1680','APPROVED','OFFI','OFFICE'),('BK65bd4b24:147eee7380d:-26b8','APPROVED','SCHB','SCHOOL BUILDING'),('BK68284263:14ed7d6c3ba:-554c','APPROVED','STAFF','STAFF HOUSE'),('BK68284263:14ed7d6c3ba:-6784','APPROVED','ICFE','INTERNET CAF'),('BK68284263:14ed7d6c3ba:-6790','APPROVED','POWH','POWER HOUSE'),('BK68284263:14ed7d6c3ba:-679c','APPROVED','MGRH','MANAGER\'S HOUSE'),('BK68284263:14ed7d6c3ba:-67a8','APPROVED','SLHZ','SLAUGHTER HOUSE'),('BK68284263:14ed7d6c3ba:-67be','APPROVED','CROM','COMFORT ROOM'),('BK68284263:14ed7d6c3ba:-67ca','APPROVED','PAWN','PAWNSHOP');
/*!40000 ALTER TABLE `bldgkind` ENABLE KEYS */;
UNLOCK TABLES;

--
-- Table structure for table `bldgkindbucc`
--

DROP TABLE IF EXISTS `bldgkindbucc`;
/*!40101 SET @saved_cs_client     = @@character_set_client */;
/*!40101 SET character_set_client = utf8 */;
CREATE TABLE `bldgkindbucc` (
  `objid` varchar(50) NOT NULL,
  `bldgrysettingid` varchar(50) NOT NULL,
  `bldgtypeid` varchar(50) NOT NULL,
  `bldgkind_objid` varchar(50) NOT NULL,
  `basevaluetype` varchar(25) NOT NULL,
  `basevalue` decimal(10,2) NOT NULL,
  `minbasevalue` decimal(10,2) NOT NULL,
  `maxbasevalue` decimal(10,2) NOT NULL,
  `gapvalue` int(11) NOT NULL,
  `minarea` decimal(10,2) NOT NULL,
  `maxarea` decimal(10,2) NOT NULL,
  `bldgclass` varchar(50) DEFAULT NULL,
  `previd` varchar(50) DEFAULT NULL,
  PRIMARY KEY (`objid`),
  KEY `bldgrysettingid` (`bldgrysettingid`),
  KEY `FK_bldgkindbucc_bldgkind` (`bldgkind_objid`),
  KEY `FK_bldgkindbucc_bldgtype` (`bldgtypeid`),
  KEY `ix_previd` (`previd`),
  CONSTRAINT `bldgkindbucc_ibfk_3` FOREIGN KEY (`bldgtypeid`) REFERENCES `bldgtype` (`objid`),
  CONSTRAINT `bldgkindbucc_ibfk_1` FOREIGN KEY (`bldgkind_objid`) REFERENCES `bldgkind` (`objid`),
  CONSTRAINT `bldgkindbucc_ibfk_2` FOREIGN KEY (`bldgrysettingid`) REFERENCES `bldgrysetting` (`objid`)
) ENGINE=InnoDB DEFAULT CHARSET=utf8;
/*!40101 SET character_set_client = @saved_cs_client */;

--
-- Dumping data for table `bldgkindbucc`
--

LOCK TABLES `bldgkindbucc` WRITE;
/*!40000 ALTER TABLE `bldgkindbucc` DISABLE KEYS */;
/*!40000 ALTER TABLE `bldgkindbucc` ENABLE KEYS */;
UNLOCK TABLES;

--
-- Table structure for table `bldgrpu`
--

DROP TABLE IF EXISTS `bldgrpu`;
/*!40101 SET @saved_cs_client     = @@character_set_client */;
/*!40101 SET character_set_client = utf8 */;
CREATE TABLE `bldgrpu` (
  `objid` varchar(50) NOT NULL,
  `landrpuid` varchar(50) DEFAULT NULL,
  `houseno` varchar(25) DEFAULT NULL,
  `psic` varchar(255) DEFAULT NULL,
  `permitno` varchar(255) DEFAULT NULL,
  `permitdate` datetime DEFAULT NULL,
  `permitissuedby` varchar(255) DEFAULT NULL,
  `bldgtype_objid` varchar(50) DEFAULT NULL,
  `bldgkindbucc_objid` varchar(50) DEFAULT NULL,
  `basevalue` decimal(16,2) NOT NULL,
  `dtcompleted` datetime DEFAULT NULL,
  `dtoccupied` datetime DEFAULT NULL,
  `floorcount` int(11) NOT NULL,
  `depreciation` decimal(16,2) NOT NULL,
  `depreciationvalue` decimal(16,2) NOT NULL,
  `totaladjustment` decimal(16,2) NOT NULL,
  `additionalinfo` text,
  `bldgage` int(11) NOT NULL,
  `percentcompleted` int(11) NOT NULL,
  `bldgassesslevel_objid` varchar(50) DEFAULT NULL,
  `assesslevel` decimal(16,2) NOT NULL,
  `condominium` int(11) NOT NULL,
  `bldgclass` varchar(15) DEFAULT NULL,
  `predominant` int(11) DEFAULT NULL,
  `effectiveage` int(11) NOT NULL,
  `condocerttitle` varchar(50) DEFAULT NULL,
  `dtcertcompletion` date DEFAULT NULL,
  `dtcertoccupancy` date DEFAULT NULL,
  `cdurating` varchar(15) DEFAULT NULL,
  `dtconstructed` date DEFAULT NULL,
  `occpermitno` varchar(25) DEFAULT NULL,
  PRIMARY KEY (`objid`),
  KEY `FK_bldgrpu_bldgassesslevel` (`bldgassesslevel_objid`),
  KEY `FK_bldgrpu_bldgkindbucc` (`bldgkindbucc_objid`),
  KEY `FK_bldgrpu_bldgtype` (`bldgtype_objid`),
  KEY `FK_bldgrpu_landrpu` (`landrpuid`),
  CONSTRAINT `bldgrpu_ibfk_5` FOREIGN KEY (`objid`) REFERENCES `rpu` (`objid`),
  CONSTRAINT `bldgrpu_ibfk_1` FOREIGN KEY (`bldgassesslevel_objid`) REFERENCES `bldgassesslevel` (`objid`),
  CONSTRAINT `bldgrpu_ibfk_2` FOREIGN KEY (`bldgkindbucc_objid`) REFERENCES `bldgkindbucc` (`objid`),
  CONSTRAINT `bldgrpu_ibfk_3` FOREIGN KEY (`bldgtype_objid`) REFERENCES `bldgtype` (`objid`),
  CONSTRAINT `bldgrpu_ibfk_4` FOREIGN KEY (`landrpuid`) REFERENCES `landrpu` (`objid`)
) ENGINE=InnoDB DEFAULT CHARSET=utf8;
/*!40101 SET character_set_client = @saved_cs_client */;

--
-- Dumping data for table `bldgrpu`
--

LOCK TABLES `bldgrpu` WRITE;
/*!40000 ALTER TABLE `bldgrpu` DISABLE KEYS */;
/*!40000 ALTER TABLE `bldgrpu` ENABLE KEYS */;
UNLOCK TABLES;

--
-- Table structure for table `bldgrpu_land`
--

DROP TABLE IF EXISTS `bldgrpu_land`;
/*!40101 SET @saved_cs_client     = @@character_set_client */;
/*!40101 SET character_set_client = utf8 */;
CREATE TABLE `bldgrpu_land` (
  `objid` varchar(50) NOT NULL DEFAULT '',
  `rpu_objid` varchar(50) NOT NULL DEFAULT '',
  `landfaas_objid` varchar(50) DEFAULT NULL,
  `landrpumaster_objid` varchar(50) DEFAULT NULL,
  PRIMARY KEY (`objid`),
  KEY `ix_bldgrpu_land_bldgrpuid` (`rpu_objid`),
  KEY `ix_bldgrpu_land_landfaasid` (`landfaas_objid`),
  KEY `ix_bldgrpu_land_landrpumasterid` (`landrpumaster_objid`),
  CONSTRAINT `FK_bldgrpu_land_rpumaster` FOREIGN KEY (`landrpumaster_objid`) REFERENCES `rpumaster` (`objid`),
  CONSTRAINT `FK_bldgrpu_land_bldgrpu` FOREIGN KEY (`rpu_objid`) REFERENCES `bldgrpu` (`objid`),
  CONSTRAINT `FK_bldgrpu_land_landfaas` FOREIGN KEY (`landfaas_objid`) REFERENCES `faas` (`objid`)
) ENGINE=InnoDB DEFAULT CHARSET=utf8;
/*!40101 SET character_set_client = @saved_cs_client */;

--
-- Dumping data for table `bldgrpu_land`
--

LOCK TABLES `bldgrpu_land` WRITE;
/*!40000 ALTER TABLE `bldgrpu_land` DISABLE KEYS */;
/*!40000 ALTER TABLE `bldgrpu_land` ENABLE KEYS */;
UNLOCK TABLES;

--
-- Table structure for table `bldgrpu_structuraltype`
--

DROP TABLE IF EXISTS `bldgrpu_structuraltype`;
/*!40101 SET @saved_cs_client     = @@character_set_client */;
/*!40101 SET character_set_client = utf8 */;
CREATE TABLE `bldgrpu_structuraltype` (
  `objid` varchar(50) NOT NULL,
  `bldgrpuid` varchar(50) NOT NULL,
  `bldgtype_objid` varchar(50) NOT NULL,
  `bldgkindbucc_objid` varchar(50) DEFAULT NULL,
  `floorcount` int(11) NOT NULL,
  `basefloorarea` decimal(16,2) NOT NULL,
  `totalfloorarea` decimal(16,2) NOT NULL,
  `basevalue` decimal(16,2) NOT NULL,
  `unitvalue` decimal(16,2) NOT NULL,
  `classification_objid` varchar(50) DEFAULT NULL,
  PRIMARY KEY (`objid`),
  KEY `FK_bldgrpu_structuraltype` (`classification_objid`),
  KEY `FK_bldgrpu_structuraltype_bldgkindbucc` (`bldgkindbucc_objid`),
  KEY `FK_bldgrpu_structuraltype_bldgrpu` (`bldgrpuid`),
  KEY `FK_bldgrpu_structuraltype_bldgtype` (`bldgtype_objid`),
  CONSTRAINT `FK_bldgrpu_structuraltype_bldgtype` FOREIGN KEY (`bldgtype_objid`) REFERENCES `bldgtype` (`objid`),
  CONSTRAINT `FK_bldgrpu_structuraltype` FOREIGN KEY (`classification_objid`) REFERENCES `propertyclassification` (`objid`),
  CONSTRAINT `FK_bldgrpu_structuraltype_bldgkindbucc` FOREIGN KEY (`bldgkindbucc_objid`) REFERENCES `bldgkindbucc` (`objid`),
  CONSTRAINT `FK_bldgrpu_structuraltype_bldgrpu` FOREIGN KEY (`bldgrpuid`) REFERENCES `bldgrpu` (`objid`)
) ENGINE=InnoDB DEFAULT CHARSET=utf8;
/*!40101 SET character_set_client = @saved_cs_client */;

--
-- Dumping data for table `bldgrpu_structuraltype`
--

LOCK TABLES `bldgrpu_structuraltype` WRITE;
/*!40000 ALTER TABLE `bldgrpu_structuraltype` DISABLE KEYS */;
/*!40000 ALTER TABLE `bldgrpu_structuraltype` ENABLE KEYS */;
UNLOCK TABLES;

--
-- Table structure for table `bldgrysetting`
--

DROP TABLE IF EXISTS `bldgrysetting`;
/*!40101 SET @saved_cs_client     = @@character_set_client */;
/*!40101 SET character_set_client = utf8 */;
CREATE TABLE `bldgrysetting` (
  `objid` varchar(50) NOT NULL,
  `state` varchar(10) NOT NULL,
  `ry` int(11) NOT NULL,
  `predominant` int(11) DEFAULT NULL,
  `depreciatecoreanditemseparately` int(11) DEFAULT NULL,
  `computedepreciationbasedonschedule` int(11) DEFAULT NULL,
  `straightdepreciation` int(11) DEFAULT NULL,
  `calcbldgagebasedondtoccupied` int(11) DEFAULT NULL,
  `appliedto` longtext,
  `previd` varchar(50) DEFAULT NULL,
  `remarks` varchar(200) DEFAULT NULL,
  `ordinanceno` varchar(25) DEFAULT NULL,
  `ordinancedate` date DEFAULT NULL,
  PRIMARY KEY (`objid`),
  KEY `ix_bldgrysetting_previd` (`previd`),
  KEY `ix_bldgrysetting_state` (`state`)
) ENGINE=InnoDB DEFAULT CHARSET=utf8;
/*!40101 SET character_set_client = @saved_cs_client */;

--
-- Dumping data for table `bldgrysetting`
--

LOCK TABLES `bldgrysetting` WRITE;
/*!40000 ALTER TABLE `bldgrysetting` DISABLE KEYS */;
/*!40000 ALTER TABLE `bldgrysetting` ENABLE KEYS */;
UNLOCK TABLES;

--
-- Table structure for table `bldgstructure`
--

DROP TABLE IF EXISTS `bldgstructure`;
/*!40101 SET @saved_cs_client     = @@character_set_client */;
/*!40101 SET character_set_client = utf8 */;
CREATE TABLE `bldgstructure` (
  `objid` varchar(50) NOT NULL,
  `bldgrpuid` varchar(50) NOT NULL,
  `structure_objid` varchar(50) NOT NULL,
  `material_objid` varchar(50) DEFAULT NULL,
  `floor` int(11) NOT NULL,
  PRIMARY KEY (`objid`),
  UNIQUE KEY `ux_bldgstructure` (`bldgrpuid`,`floor`,`structure_objid`,`material_objid`),
  KEY `FK_bldgstructure_bldgrpu` (`bldgrpuid`),
  KEY `FK_bldgstructure_material` (`material_objid`),
  KEY `FK_bldgstructure_structure` (`structure_objid`),
  CONSTRAINT `bldgstructure_ibfk_3` FOREIGN KEY (`structure_objid`) REFERENCES `structure` (`objid`),
  CONSTRAINT `bldgstructure_ibfk_1` FOREIGN KEY (`bldgrpuid`) REFERENCES `bldgrpu` (`objid`),
  CONSTRAINT `bldgstructure_ibfk_2` FOREIGN KEY (`material_objid`) REFERENCES `material` (`objid`)
) ENGINE=InnoDB DEFAULT CHARSET=utf8;
/*!40101 SET character_set_client = @saved_cs_client */;

--
-- Dumping data for table `bldgstructure`
--

LOCK TABLES `bldgstructure` WRITE;
/*!40000 ALTER TABLE `bldgstructure` DISABLE KEYS */;
/*!40000 ALTER TABLE `bldgstructure` ENABLE KEYS */;
UNLOCK TABLES;

--
-- Table structure for table `bldgtype`
--

DROP TABLE IF EXISTS `bldgtype`;
/*!40101 SET @saved_cs_client     = @@character_set_client */;
/*!40101 SET character_set_client = utf8 */;
CREATE TABLE `bldgtype` (
  `objid` varchar(50) NOT NULL,
  `bldgrysettingid` varchar(50) NOT NULL,
  `code` varchar(10) NOT NULL,
  `name` varchar(50) NOT NULL,
  `basevaluetype` varchar(10) NOT NULL,
  `residualrate` decimal(10,2) NOT NULL,
  `previd` varchar(50) DEFAULT NULL,
  `usecdu` int(11) DEFAULT NULL,
  PRIMARY KEY (`objid`),
  KEY `bldgrysettingid` (`bldgrysettingid`),
  KEY `ix_previd` (`previd`),
  CONSTRAINT `bldgtype_ibfk_2` FOREIGN KEY (`previd`) REFERENCES `bldgtype` (`objid`),
  CONSTRAINT `bldgtype_ibfk_1` FOREIGN KEY (`bldgrysettingid`) REFERENCES `bldgrysetting` (`objid`)
) ENGINE=InnoDB DEFAULT CHARSET=utf8;
/*!40101 SET character_set_client = @saved_cs_client */;

--
-- Dumping data for table `bldgtype`
--

LOCK TABLES `bldgtype` WRITE;
/*!40000 ALTER TABLE `bldgtype` DISABLE KEYS */;
/*!40000 ALTER TABLE `bldgtype` ENABLE KEYS */;
UNLOCK TABLES;

--
-- Table structure for table `bldgtype_depreciation`
--

DROP TABLE IF EXISTS `bldgtype_depreciation`;
/*!40101 SET @saved_cs_client     = @@character_set_client */;
/*!40101 SET character_set_client = utf8 */;
CREATE TABLE `bldgtype_depreciation` (
  `objid` varchar(50) NOT NULL,
  `bldgtypeid` varchar(50) NOT NULL,
  `bldgrysettingid` varchar(50) NOT NULL,
  `agefrom` int(11) NOT NULL,
  `ageto` int(11) NOT NULL,
  `rate` decimal(16,2) NOT NULL,
  `excellent` decimal(16,2) DEFAULT NULL,
  `verygood` decimal(16,2) DEFAULT NULL,
  `good` decimal(16,2) DEFAULT NULL,
  `average` decimal(16,2) DEFAULT NULL,
  `fair` decimal(16,2) DEFAULT NULL,
  `poor` decimal(16,2) DEFAULT NULL,
  `verypoor` decimal(16,2) DEFAULT NULL,
  `unsound` decimal(16,2) DEFAULT NULL,
  PRIMARY KEY (`objid`),
  KEY `FK_bldgtype_depreciation_bldgrysetting` (`bldgrysettingid`),
  KEY `ix_bldgtypeid` (`bldgtypeid`),
  CONSTRAINT `bldgtype_depreciation_ibfk_2` FOREIGN KEY (`bldgtypeid`) REFERENCES `bldgtype` (`objid`),
  CONSTRAINT `bldgtype_depreciation_ibfk_1` FOREIGN KEY (`bldgrysettingid`) REFERENCES `bldgrysetting` (`objid`)
) ENGINE=InnoDB DEFAULT CHARSET=utf8;
/*!40101 SET character_set_client = @saved_cs_client */;

--
-- Dumping data for table `bldgtype_depreciation`
--

LOCK TABLES `bldgtype_depreciation` WRITE;
/*!40000 ALTER TABLE `bldgtype_depreciation` DISABLE KEYS */;
/*!40000 ALTER TABLE `bldgtype_depreciation` ENABLE KEYS */;
UNLOCK TABLES;

--
-- Table structure for table `bldgtype_storeyadjustment`
--

DROP TABLE IF EXISTS `bldgtype_storeyadjustment`;
/*!40101 SET @saved_cs_client     = @@character_set_client */;
/*!40101 SET character_set_client = utf8 */;
CREATE TABLE `bldgtype_storeyadjustment` (
  `objid` varchar(50) NOT NULL,
  `bldgtypeid` varchar(50) NOT NULL,
  `bldgrysettingid` varchar(50) NOT NULL,
  `floorno` varchar(10) NOT NULL,
  `rate` decimal(16,2) NOT NULL,
  `previd` varchar(50) DEFAULT NULL,
  PRIMARY KEY (`objid`),
  KEY `bldgtypeid` (`bldgtypeid`),
  KEY `FK_bldgtype_storeyadjustment` (`previd`),
  KEY `FK_bldgtype_storeyadjustment_bldgrysetting` (`bldgrysettingid`),
  CONSTRAINT `bldgtype_storeyadjustment_ibfk_3` FOREIGN KEY (`bldgtypeid`) REFERENCES `bldgtype` (`objid`),
  CONSTRAINT `bldgtype_storeyadjustment_ibfk_1` FOREIGN KEY (`previd`) REFERENCES `bldgtype_storeyadjustment` (`objid`),
  CONSTRAINT `bldgtype_storeyadjustment_ibfk_2` FOREIGN KEY (`bldgrysettingid`) REFERENCES `bldgrysetting` (`objid`)
) ENGINE=InnoDB DEFAULT CHARSET=utf8;
/*!40101 SET character_set_client = @saved_cs_client */;

--
-- Dumping data for table `bldgtype_storeyadjustment`
--

LOCK TABLES `bldgtype_storeyadjustment` WRITE;
/*!40000 ALTER TABLE `bldgtype_storeyadjustment` DISABLE KEYS */;
/*!40000 ALTER TABLE `bldgtype_storeyadjustment` ENABLE KEYS */;
UNLOCK TABLES;

--
-- Table structure for table `bldguse`
--

DROP TABLE IF EXISTS `bldguse`;
/*!40101 SET @saved_cs_client     = @@character_set_client */;
/*!40101 SET character_set_client = utf8 */;
CREATE TABLE `bldguse` (
  `objid` varchar(50) NOT NULL,
  `bldgrpuid` varchar(50) NOT NULL,
  `structuraltype_objid` varchar(50) DEFAULT NULL,
  `actualuse_objid` varchar(50) NOT NULL,
  `basevalue` decimal(16,2) NOT NULL,
  `area` decimal(16,2) NOT NULL,
  `basemarketvalue` decimal(16,2) NOT NULL,
  `depreciationvalue` decimal(16,2) NOT NULL,
  `adjustment` decimal(16,2) NOT NULL,
  `marketvalue` decimal(16,2) NOT NULL,
  `assesslevel` decimal(16,2) DEFAULT NULL,
  `assessedvalue` decimal(16,2) DEFAULT NULL,
  `addlinfo` varchar(255) DEFAULT NULL,
  `adjfordepreciation` decimal(16,2) DEFAULT NULL,
  `taxable` int(11) DEFAULT NULL,
  PRIMARY KEY (`objid`),
  KEY `FK_bldguse_bldgassesslevel` (`actualuse_objid`),
  KEY `FK_bldguse_bldgrpu` (`bldgrpuid`),
  KEY `FK_bldguse_structuraltype` (`structuraltype_objid`),
  CONSTRAINT `FK_bldguse_structuraltype` FOREIGN KEY (`structuraltype_objid`) REFERENCES `bldgrpu_structuraltype` (`objid`),
  CONSTRAINT `bldguse_ibfk_1` FOREIGN KEY (`actualuse_objid`) REFERENCES `bldgassesslevel` (`objid`),
  CONSTRAINT `bldguse_ibfk_2` FOREIGN KEY (`bldgrpuid`) REFERENCES `bldgrpu` (`objid`)
) ENGINE=InnoDB DEFAULT CHARSET=utf8;
/*!40101 SET character_set_client = @saved_cs_client */;

--
-- Dumping data for table `bldguse`
--

LOCK TABLES `bldguse` WRITE;
/*!40000 ALTER TABLE `bldguse` DISABLE KEYS */;
/*!40000 ALTER TABLE `bldguse` ENABLE KEYS */;
UNLOCK TABLES;

--
-- Table structure for table `bpexpirydate`
--

DROP TABLE IF EXISTS `bpexpirydate`;
/*!40101 SET @saved_cs_client     = @@character_set_client */;
/*!40101 SET character_set_client = utf8 */;
CREATE TABLE `bpexpirydate` (
  `year` int(11) NOT NULL,
  `qtr` int(11) NOT NULL,
  `expirydate` date DEFAULT NULL,
  `reason` text,
  PRIMARY KEY (`qtr`,`year`)
) ENGINE=InnoDB DEFAULT CHARSET=utf8;
/*!40101 SET character_set_client = @saved_cs_client */;

--
-- Dumping data for table `bpexpirydate`
--

LOCK TABLES `bpexpirydate` WRITE;
/*!40000 ALTER TABLE `bpexpirydate` DISABLE KEYS */;
/*!40000 ALTER TABLE `bpexpirydate` ENABLE KEYS */;
UNLOCK TABLES;

--
-- Table structure for table `brgy_taxaccount_mapping`
--

DROP TABLE IF EXISTS `brgy_taxaccount_mapping`;
/*!40101 SET @saved_cs_client     = @@character_set_client */;
/*!40101 SET character_set_client = utf8 */;
CREATE TABLE `brgy_taxaccount_mapping` (
  `barangayid` varchar(50) NOT NULL,
  `basicadvacct_objid` varchar(50) DEFAULT NULL,
  `basicprevacct_objid` varchar(50) DEFAULT NULL,
  `basicprevintacct_objid` varchar(50) DEFAULT NULL,
  `basicprioracct_objid` varchar(50) DEFAULT NULL,
  `basicpriorintacct_objid` varchar(50) DEFAULT NULL,
  `basiccurracct_objid` varchar(50) DEFAULT NULL,
  `basiccurrintacct_objid` varchar(50) DEFAULT NULL,
  PRIMARY KEY (`barangayid`)
) ENGINE=InnoDB DEFAULT CHARSET=utf8;
/*!40101 SET character_set_client = @saved_cs_client */;

--
-- Dumping data for table `brgy_taxaccount_mapping`
--

LOCK TABLES `brgy_taxaccount_mapping` WRITE;
/*!40000 ALTER TABLE `brgy_taxaccount_mapping` DISABLE KEYS */;
/*!40000 ALTER TABLE `brgy_taxaccount_mapping` ENABLE KEYS */;
UNLOCK TABLES;

--
-- Table structure for table `brgyshare`
--

DROP TABLE IF EXISTS `brgyshare`;
/*!40101 SET @saved_cs_client     = @@character_set_client */;
/*!40101 SET character_set_client = utf8 */;
CREATE TABLE `brgyshare` (
  `objid` varchar(50) NOT NULL,
  `state` varchar(25) NOT NULL,
  `txnno` varchar(15) DEFAULT NULL,
  `txndate` datetime DEFAULT NULL,
  `year` int(11) DEFAULT NULL,
  `month` int(11) DEFAULT NULL,
  `totalshare` decimal(16,2) NOT NULL,
  `createdbyid` varchar(50) DEFAULT NULL,
  `createdby` varchar(150) NOT NULL,
  `createdbytitle` varchar(50) NOT NULL,
  `postedbyid` varchar(50) DEFAULT NULL,
  `postedby` varchar(150) DEFAULT NULL,
  `postedbytitle` varchar(50) DEFAULT NULL,
  `sharetype` varchar(50) DEFAULT NULL,
  PRIMARY KEY (`objid`),
  KEY `ix_brgyshare_state` (`state`),
  KEY `ix_brgyshare_yq` (`year`),
  KEY `ix_brgyshare_yqm` (`year`,`month`),
  KEY `ix_brgyshare_yr` (`year`)
) ENGINE=InnoDB DEFAULT CHARSET=utf8;
/*!40101 SET character_set_client = @saved_cs_client */;

--
-- Dumping data for table `brgyshare`
--

LOCK TABLES `brgyshare` WRITE;
/*!40000 ALTER TABLE `brgyshare` DISABLE KEYS */;
/*!40000 ALTER TABLE `brgyshare` ENABLE KEYS */;
UNLOCK TABLES;

--
-- Table structure for table `brgyshare_account_mapping`
--

DROP TABLE IF EXISTS `brgyshare_account_mapping`;
/*!40101 SET @saved_cs_client     = @@character_set_client */;
/*!40101 SET character_set_client = utf8 */;
CREATE TABLE `brgyshare_account_mapping` (
  `barangayid` varchar(50) NOT NULL,
  `acct_objid` varchar(50) NOT NULL,
  `penaltyacct_objid` varchar(50) DEFAULT NULL,
  PRIMARY KEY (`barangayid`)
) ENGINE=InnoDB DEFAULT CHARSET=utf8;
/*!40101 SET character_set_client = @saved_cs_client */;

--
-- Dumping data for table `brgyshare_account_mapping`
--

LOCK TABLES `brgyshare_account_mapping` WRITE;
/*!40000 ALTER TABLE `brgyshare_account_mapping` DISABLE KEYS */;
/*!40000 ALTER TABLE `brgyshare_account_mapping` ENABLE KEYS */;
UNLOCK TABLES;

--
-- Table structure for table `brgyshareitem`
--

DROP TABLE IF EXISTS `brgyshareitem`;
/*!40101 SET @saved_cs_client     = @@character_set_client */;
/*!40101 SET character_set_client = utf8 */;
CREATE TABLE `brgyshareitem` (
  `objid` varchar(50) NOT NULL,
  `brgyshareid` varchar(50) NOT NULL,
  `barangayid` varchar(50) NOT NULL,
  `basic` decimal(16,2) NOT NULL,
  `basicint` decimal(16,2) NOT NULL,
  `basicdisc` decimal(16,2) NOT NULL,
  `basicshare` decimal(16,2) NOT NULL,
  `basicintshare` decimal(16,2) NOT NULL,
  `commonshare` decimal(16,2) DEFAULT NULL,
  `basiccurrent` decimal(16,2) DEFAULT NULL,
  `basicprevious` decimal(16,2) DEFAULT NULL,
  `basiccollection` decimal(16,2) DEFAULT NULL,
  `basicintcollection` decimal(16,2) DEFAULT NULL,
  PRIMARY KEY (`objid`),
  KEY `brgyshareid` (`brgyshareid`),
  CONSTRAINT `brgyshareitem_ibfk_1` FOREIGN KEY (`brgyshareid`) REFERENCES `brgyshare` (`objid`)
) ENGINE=InnoDB DEFAULT CHARSET=utf8;
/*!40101 SET character_set_client = @saved_cs_client */;

--
-- Dumping data for table `brgyshareitem`
--

LOCK TABLES `brgyshareitem` WRITE;
/*!40000 ALTER TABLE `brgyshareitem` DISABLE KEYS */;
/*!40000 ALTER TABLE `brgyshareitem` ENABLE KEYS */;
UNLOCK TABLES;

--
-- Table structure for table `business`
--

DROP TABLE IF EXISTS `business`;
/*!40101 SET @saved_cs_client     = @@character_set_client */;
/*!40101 SET character_set_client = utf8 */;
CREATE TABLE `business` (
  `objid` varchar(50) NOT NULL,
  `state` varchar(15) NOT NULL,
  `owner_name` varchar(255) NOT NULL,
  `owner_objid` varchar(50) NOT NULL,
  `owner_address_text` varchar(255) DEFAULT NULL,
  `owner_address_objid` varchar(50) DEFAULT NULL,
  `businessname` varchar(255) DEFAULT NULL,
  `tradename` varchar(255) NOT NULL,
  `address_text` varchar(255) DEFAULT NULL,
  `address_objid` varchar(50) DEFAULT NULL,
  `orgtype` varchar(50) DEFAULT NULL,
  `yearstarted` int(11) DEFAULT NULL,
  `activeyear` int(11) DEFAULT NULL,
  `pin` varchar(50) DEFAULT NULL,
  `taxcredit` decimal(18,2) DEFAULT NULL,
  `currentapplicationid` varchar(50) DEFAULT NULL,
  `currentpermitid` varchar(50) DEFAULT NULL,
  `bin` varchar(50) DEFAULT NULL,
  `activeqtr` int(11) DEFAULT NULL,
  `appcount` int(11) DEFAULT NULL,
  `mobileno` varchar(50) DEFAULT NULL,
  `phoneno` varchar(50) DEFAULT NULL,
  `email` varchar(50) DEFAULT NULL,
  `apptype` varchar(50) DEFAULT NULL,
  `oldbin` varchar(50) DEFAULT NULL,
  `permit_objid` varchar(50) DEFAULT NULL,
  `permittype` varchar(50) DEFAULT NULL,
  `expirydate` date DEFAULT NULL,
  `officetype` varchar(25) DEFAULT NULL,
  `purpose` varchar(50) DEFAULT NULL,
  `nextrenewaldate` date DEFAULT NULL,
  `lockid` varchar(50) DEFAULT NULL,
  PRIMARY KEY (`objid`),
  UNIQUE KEY `uix_bin` (`bin`),
  UNIQUE KEY `uix_businessname` (`businessname`),
  KEY `ix_activeyear` (`activeyear`),
  KEY `ix_address_objid` (`address_objid`),
  KEY `ix_bin` (`bin`),
  KEY `ix_currentapplicationid` (`currentapplicationid`),
  KEY `ix_currentpermitid` (`currentpermitid`),
  KEY `ix_owner_address_objid` (`owner_address_objid`),
  KEY `ix_owner_name` (`owner_name`),
  KEY `ix_owner_objid` (`owner_objid`),
  KEY `ix_state` (`state`),
  KEY `ix_tradename` (`tradename`),
  KEY `ix_yearstarted` (`yearstarted`),
  CONSTRAINT `FK_business_business_application` FOREIGN KEY (`currentapplicationid`) REFERENCES `business_application` (`objid`),
  CONSTRAINT `FK_business_business_address` FOREIGN KEY (`address_objid`) REFERENCES `business_address` (`objid`)
) ENGINE=InnoDB DEFAULT CHARSET=utf8;
/*!40101 SET character_set_client = @saved_cs_client */;

--
-- Dumping data for table `business`
--

LOCK TABLES `business` WRITE;
/*!40000 ALTER TABLE `business` DISABLE KEYS */;
/*!40000 ALTER TABLE `business` ENABLE KEYS */;
UNLOCK TABLES;

--
-- Table structure for table `business_active_info`
--

DROP TABLE IF EXISTS `business_active_info`;
/*!40101 SET @saved_cs_client     = @@character_set_client */;
/*!40101 SET character_set_client = utf8 */;
CREATE TABLE `business_active_info` (
  `objid` varchar(50) NOT NULL DEFAULT '',
  `businessid` varchar(50) NOT NULL,
  `type` varchar(50) DEFAULT NULL,
  `attribute_objid` varchar(50) NOT NULL,
  `attribute_name` varchar(50) NOT NULL,
  `lob_objid` varchar(50) DEFAULT NULL,
  `lob_name` varchar(100) DEFAULT NULL,
  `decimalvalue` decimal(16,2) DEFAULT NULL,
  `intvalue` int(11) DEFAULT NULL,
  `stringvalue` varchar(255) DEFAULT NULL,
  `boolvalue` int(11) DEFAULT NULL,
  `phase` int(11) DEFAULT NULL,
  `level` int(11) DEFAULT NULL,
  PRIMARY KEY (`objid`),
  KEY `ix_attribute_name` (`attribute_name`),
  KEY `ix_attribute_objid` (`attribute_objid`),
  KEY `ix_businessid` (`businessid`),
  KEY `ix_lob_name` (`lob_name`),
  KEY `ix_lob_objid` (`lob_objid`),
  CONSTRAINT `FK_business_active_info_lob` FOREIGN KEY (`lob_objid`) REFERENCES `lob` (`objid`),
  CONSTRAINT `FK_business_active_info_business` FOREIGN KEY (`businessid`) REFERENCES `business` (`objid`)
) ENGINE=InnoDB DEFAULT CHARSET=utf8;
/*!40101 SET character_set_client = @saved_cs_client */;

--
-- Dumping data for table `business_active_info`
--

LOCK TABLES `business_active_info` WRITE;
/*!40000 ALTER TABLE `business_active_info` DISABLE KEYS */;
/*!40000 ALTER TABLE `business_active_info` ENABLE KEYS */;
UNLOCK TABLES;

--
-- Table structure for table `business_active_lob`
--

DROP TABLE IF EXISTS `business_active_lob`;
/*!40101 SET @saved_cs_client     = @@character_set_client */;
/*!40101 SET character_set_client = utf8 */;
CREATE TABLE `business_active_lob` (
  `objid` varchar(50) NOT NULL,
  `businessid` varchar(50) NOT NULL,
  `lobid` varchar(50) NOT NULL,
  `name` varchar(100) NOT NULL,
  PRIMARY KEY (`objid`),
  KEY `ix_businessid` (`businessid`),
  KEY `ix_lobid` (`lobid`),
  CONSTRAINT `FK_business_active_lob_lob` FOREIGN KEY (`lobid`) REFERENCES `lob` (`objid`),
  CONSTRAINT `FK_business_active_lob_business` FOREIGN KEY (`businessid`) REFERENCES `business` (`objid`)
) ENGINE=InnoDB DEFAULT CHARSET=utf8;
/*!40101 SET character_set_client = @saved_cs_client */;

--
-- Dumping data for table `business_active_lob`
--

LOCK TABLES `business_active_lob` WRITE;
/*!40000 ALTER TABLE `business_active_lob` DISABLE KEYS */;
/*!40000 ALTER TABLE `business_active_lob` ENABLE KEYS */;
UNLOCK TABLES;

--
-- Table structure for table `business_active_lob_history`
--

DROP TABLE IF EXISTS `business_active_lob_history`;
/*!40101 SET @saved_cs_client     = @@character_set_client */;
/*!40101 SET character_set_client = utf8 */;
CREATE TABLE `business_active_lob_history` (
  `objid` varchar(50) NOT NULL,
  `businessid` varchar(50) DEFAULT NULL,
  `activeyear` int(11) DEFAULT NULL,
  `lobid` varchar(50) DEFAULT NULL,
  `name` varchar(255) DEFAULT NULL,
  PRIMARY KEY (`objid`),
  KEY `ix_activeyear` (`activeyear`),
  KEY `ix_businessid` (`businessid`),
  KEY `ix_lobid` (`lobid`),
  CONSTRAINT `fk_business_active_lob_history_lobid` FOREIGN KEY (`lobid`) REFERENCES `lob` (`objid`),
  CONSTRAINT `fk_business_active_lob_history_businessid` FOREIGN KEY (`businessid`) REFERENCES `business` (`objid`)
) ENGINE=InnoDB DEFAULT CHARSET=utf8;
/*!40101 SET character_set_client = @saved_cs_client */;

--
-- Dumping data for table `business_active_lob_history`
--

LOCK TABLES `business_active_lob_history` WRITE;
/*!40000 ALTER TABLE `business_active_lob_history` DISABLE KEYS */;
/*!40000 ALTER TABLE `business_active_lob_history` ENABLE KEYS */;
UNLOCK TABLES;

--
-- Table structure for table `business_active_lob_history_forprocess`
--

DROP TABLE IF EXISTS `business_active_lob_history_forprocess`;
/*!40101 SET @saved_cs_client     = @@character_set_client */;
/*!40101 SET character_set_client = utf8 */;
CREATE TABLE `business_active_lob_history_forprocess` (
  `businessid` varchar(50) NOT NULL,
  PRIMARY KEY (`businessid`)
) ENGINE=InnoDB DEFAULT CHARSET=utf8;
/*!40101 SET character_set_client = @saved_cs_client */;

--
-- Dumping data for table `business_active_lob_history_forprocess`
--

LOCK TABLES `business_active_lob_history_forprocess` WRITE;
/*!40000 ALTER TABLE `business_active_lob_history_forprocess` DISABLE KEYS */;
/*!40000 ALTER TABLE `business_active_lob_history_forprocess` ENABLE KEYS */;
UNLOCK TABLES;

--
-- Table structure for table `business_address`
--

DROP TABLE IF EXISTS `business_address`;
/*!40101 SET @saved_cs_client     = @@character_set_client */;
/*!40101 SET character_set_client = utf8 */;
CREATE TABLE `business_address` (
  `objid` varchar(50) NOT NULL DEFAULT '',
  `businessid` varchar(50) DEFAULT NULL,
  `type` varchar(50) DEFAULT NULL,
  `addresstype` varchar(50) DEFAULT NULL,
  `barangay_objid` varchar(50) DEFAULT NULL,
  `barangay_name` varchar(100) DEFAULT NULL,
  `city` varchar(50) DEFAULT NULL,
  `province` varchar(50) DEFAULT NULL,
  `municipality` varchar(50) DEFAULT NULL,
  `bldgno` varchar(50) DEFAULT NULL,
  `bldgname` varchar(50) DEFAULT NULL,
  `unitno` varchar(50) DEFAULT NULL,
  `street` varchar(100) DEFAULT NULL,
  `subdivision` varchar(100) DEFAULT NULL,
  `pin` varchar(50) DEFAULT NULL,
  `monthlyrent` decimal(18,2) DEFAULT NULL,
  `lessor_objid` varchar(50) DEFAULT NULL,
  `lessor_name` varchar(255) DEFAULT NULL,
  `lessor_address_text` varchar(255) DEFAULT NULL,
  `rentedaddressid` varchar(50) DEFAULT NULL,
  `ownedaddressid` varchar(50) DEFAULT NULL,
  `lessor_address_objid` varchar(50) DEFAULT NULL,
  PRIMARY KEY (`objid`),
  KEY `ix_barangay_objid` (`barangay_objid`),
  KEY `ix_businessid` (`businessid`),
  KEY `ix_lessor_address_objid` (`lessor_address_objid`),
  KEY `ix_lessor_objid` (`lessor_objid`),
  KEY `ix_ownedaddressid` (`ownedaddressid`),
  KEY `ix_rentedaddressid` (`rentedaddressid`),
  CONSTRAINT `FK_business_address_rentedaddressid` FOREIGN KEY (`rentedaddressid`) REFERENCES `business_lessor` (`objid`),
  CONSTRAINT `FK_business_address_ownerid` FOREIGN KEY (`ownedaddressid`) REFERENCES `business_lessor` (`objid`)
) ENGINE=InnoDB DEFAULT CHARSET=utf8;
/*!40101 SET character_set_client = @saved_cs_client */;

--
-- Dumping data for table `business_address`
--

LOCK TABLES `business_address` WRITE;
/*!40000 ALTER TABLE `business_address` DISABLE KEYS */;
/*!40000 ALTER TABLE `business_address` ENABLE KEYS */;
UNLOCK TABLES;

--
-- Table structure for table `business_application`
--

DROP TABLE IF EXISTS `business_application`;
/*!40101 SET @saved_cs_client     = @@character_set_client */;
/*!40101 SET character_set_client = utf8 */;
CREATE TABLE `business_application` (
  `objid` varchar(50) NOT NULL,
  `business_objid` varchar(50) DEFAULT NULL,
  `state` varchar(50) DEFAULT NULL,
  `appno` varchar(50) DEFAULT NULL,
  `apptype` varchar(25) DEFAULT NULL,
  `dtfiled` date DEFAULT NULL,
  `ownername` varchar(255) DEFAULT NULL,
  `owneraddress` varchar(255) DEFAULT NULL,
  `tradename` varchar(255) DEFAULT NULL,
  `businessaddress` varchar(255) DEFAULT NULL,
  `txndate` datetime DEFAULT NULL,
  `yearstarted` int(11) DEFAULT NULL,
  `appyear` int(11) DEFAULT NULL,
  `appqtr` int(11) DEFAULT NULL,
  `txnmode` varchar(25) DEFAULT NULL,
  `assessor_objid` varchar(50) DEFAULT NULL,
  `assessor_name` varchar(255) DEFAULT NULL,
  `assessor_title` varchar(50) DEFAULT NULL,
  `createdby_objid` varchar(50) DEFAULT NULL,
  `createdby_name` varchar(255) DEFAULT NULL,
  `approver_objid` varchar(50) DEFAULT NULL,
  `approver_name` varchar(255) DEFAULT NULL,
  `approver_title` varchar(50) DEFAULT NULL,
  `dtreleased` datetime DEFAULT NULL,
  `totals_tax` decimal(18,2) DEFAULT NULL,
  `totals_regfee` decimal(18,2) DEFAULT NULL,
  `totals_othercharge` decimal(18,2) DEFAULT NULL,
  `totals_total` decimal(18,2) DEFAULT NULL,
  `remarks` varchar(255) DEFAULT NULL,
  `permit_objid` varchar(50) DEFAULT NULL,
  `parentapplicationid` varchar(50) DEFAULT NULL,
  `nextbilldate` date DEFAULT NULL,
  PRIMARY KEY (`objid`),
  UNIQUE KEY `uix_appno` (`appno`),
  KEY `ix_approver_objid` (`approver_objid`),
  KEY `ix_appyear` (`appyear`),
  KEY `ix_assessor_objid` (`assessor_objid`),
  KEY `ix_business_objid` (`business_objid`),
  KEY `ix_businessaddress` (`businessaddress`),
  KEY `ix_createdby_objid` (`createdby_objid`),
  KEY `ix_dtfiled` (`dtfiled`),
  KEY `ix_dtreleased` (`dtreleased`),
  KEY `ix_nextbilldate` (`nextbilldate`),
  KEY `ix_owneraddress` (`owneraddress`),
  KEY `ix_ownername` (`ownername`),
  KEY `ix_parentapplicationid` (`parentapplicationid`),
  KEY `ix_permit_objid` (`permit_objid`),
  KEY `ix_state` (`state`),
  KEY `ix_tradename` (`tradename`),
  KEY `ix_txndate` (`txndate`),
  CONSTRAINT `FK_business_application_parent` FOREIGN KEY (`parentapplicationid`) REFERENCES `business_application` (`objid`),
  CONSTRAINT `FK_business_application_business` FOREIGN KEY (`business_objid`) REFERENCES `business` (`objid`)
) ENGINE=InnoDB DEFAULT CHARSET=utf8;
/*!40101 SET character_set_client = @saved_cs_client */;

--
-- Dumping data for table `business_application`
--

LOCK TABLES `business_application` WRITE;
/*!40000 ALTER TABLE `business_application` DISABLE KEYS */;
/*!40000 ALTER TABLE `business_application` ENABLE KEYS */;
UNLOCK TABLES;

--
-- Table structure for table `business_application_info`
--

DROP TABLE IF EXISTS `business_application_info`;
/*!40101 SET @saved_cs_client     = @@character_set_client */;
/*!40101 SET character_set_client = utf8 */;
CREATE TABLE `business_application_info` (
  `objid` varchar(50) NOT NULL DEFAULT '',
  `businessid` varchar(50) NOT NULL,
  `applicationid` varchar(50) DEFAULT NULL,
  `activeyear` int(11) DEFAULT NULL,
  `type` varchar(50) DEFAULT NULL,
  `attribute_objid` varchar(50) NOT NULL,
  `attribute_name` varchar(50) NOT NULL,
  `lob_objid` varchar(50) DEFAULT NULL,
  `lob_name` varchar(100) DEFAULT NULL,
  `decimalvalue` decimal(16,2) DEFAULT NULL,
  `intvalue` int(11) DEFAULT NULL,
  `stringvalue` varchar(255) DEFAULT NULL,
  `boolvalue` int(11) DEFAULT NULL,
  `phase` int(11) DEFAULT NULL,
  `level` int(11) DEFAULT NULL,
  PRIMARY KEY (`objid`),
  KEY `ix_activeyear` (`activeyear`),
  KEY `ix_applicationid` (`applicationid`),
  KEY `ix_attribute_objid` (`attribute_objid`),
  KEY `ix_businessid` (`businessid`),
  KEY `ix_lob_objid` (`lob_objid`),
  CONSTRAINT `FK_business_info_business_lob` FOREIGN KEY (`lob_objid`) REFERENCES `lob` (`objid`),
  CONSTRAINT `FK_business_info_business` FOREIGN KEY (`businessid`) REFERENCES `business` (`objid`),
  CONSTRAINT `FK_business_info_business_application` FOREIGN KEY (`applicationid`) REFERENCES `business_application` (`objid`)
) ENGINE=InnoDB DEFAULT CHARSET=utf8;
/*!40101 SET character_set_client = @saved_cs_client */;

--
-- Dumping data for table `business_application_info`
--

LOCK TABLES `business_application_info` WRITE;
/*!40000 ALTER TABLE `business_application_info` DISABLE KEYS */;
/*!40000 ALTER TABLE `business_application_info` ENABLE KEYS */;
UNLOCK TABLES;

--
-- Table structure for table `business_application_lob`
--

DROP TABLE IF EXISTS `business_application_lob`;
/*!40101 SET @saved_cs_client     = @@character_set_client */;
/*!40101 SET character_set_client = utf8 */;
CREATE TABLE `business_application_lob` (
  `objid` varchar(50) NOT NULL,
  `businessid` varchar(50) NOT NULL,
  `applicationid` varchar(50) DEFAULT NULL,
  `activeyear` int(11) NOT NULL,
  `lobid` varchar(50) NOT NULL,
  `name` varchar(100) NOT NULL,
  `assessmenttype` varchar(50) NOT NULL,
  PRIMARY KEY (`objid`),
  KEY `ix_activeyear` (`activeyear`),
  KEY `ix_applicationid` (`applicationid`),
  KEY `ix_businessid` (`businessid`),
  KEY `ix_lobid` (`lobid`),
  KEY `ix_name` (`name`),
  CONSTRAINT `fk_business_application_lob_lob` FOREIGN KEY (`lobid`) REFERENCES `lob` (`objid`),
  CONSTRAINT `fk_business_application_lob_application` FOREIGN KEY (`applicationid`) REFERENCES `business_application` (`objid`),
  CONSTRAINT `fk_business_application_lob_business` FOREIGN KEY (`businessid`) REFERENCES `business` (`objid`)
) ENGINE=InnoDB DEFAULT CHARSET=utf8;
/*!40101 SET character_set_client = @saved_cs_client */;

--
-- Dumping data for table `business_application_lob`
--

LOCK TABLES `business_application_lob` WRITE;
/*!40000 ALTER TABLE `business_application_lob` DISABLE KEYS */;
/*!40000 ALTER TABLE `business_application_lob` ENABLE KEYS */;
UNLOCK TABLES;

--
-- Table structure for table `business_application_task`
--

DROP TABLE IF EXISTS `business_application_task`;
/*!40101 SET @saved_cs_client     = @@character_set_client */;
/*!40101 SET character_set_client = utf8 */;
CREATE TABLE `business_application_task` (
  `objid` varchar(50) NOT NULL DEFAULT '',
  `refid` varchar(50) DEFAULT NULL,
  `parentprocessid` varchar(50) DEFAULT NULL,
  `state` varchar(50) DEFAULT NULL,
  `startdate` datetime DEFAULT NULL,
  `enddate` datetime DEFAULT NULL,
  `assignee_objid` varchar(50) DEFAULT NULL,
  `assignee_name` varchar(100) DEFAULT NULL,
  `actor_objid` varchar(50) DEFAULT NULL,
  `actor_name` varchar(100) DEFAULT NULL,
  `message` varchar(255) DEFAULT NULL,
  PRIMARY KEY (`objid`),
  KEY `ix_actor_objid` (`actor_objid`),
  KEY `ix_assignee_objid` (`assignee_objid`),
  KEY `ix_enddate` (`enddate`),
  KEY `ix_parentprocessid` (`parentprocessid`),
  KEY `ix_refid` (`refid`),
  KEY `ix_startdate` (`startdate`),
  CONSTRAINT `fk_business_application_task_application` FOREIGN KEY (`refid`) REFERENCES `business_application` (`objid`)
) ENGINE=InnoDB DEFAULT CHARSET=utf8;
/*!40101 SET character_set_client = @saved_cs_client */;

--
-- Dumping data for table `business_application_task`
--

LOCK TABLES `business_application_task` WRITE;
/*!40000 ALTER TABLE `business_application_task` DISABLE KEYS */;
/*!40000 ALTER TABLE `business_application_task` ENABLE KEYS */;
UNLOCK TABLES;

--
-- Table structure for table `business_application_task_lock`
--

DROP TABLE IF EXISTS `business_application_task_lock`;
/*!40101 SET @saved_cs_client     = @@character_set_client */;
/*!40101 SET character_set_client = utf8 */;
CREATE TABLE `business_application_task_lock` (
  `refid` varchar(50) NOT NULL,
  `state` varchar(50) NOT NULL,
  PRIMARY KEY (`refid`,`state`),
  KEY `ix_refid` (`refid`),
  CONSTRAINT `fk_business_application_task_lock_refid` FOREIGN KEY (`refid`) REFERENCES `business_application` (`objid`)
) ENGINE=InnoDB DEFAULT CHARSET=utf8;
/*!40101 SET character_set_client = @saved_cs_client */;

--
-- Dumping data for table `business_application_task_lock`
--

LOCK TABLES `business_application_task_lock` WRITE;
/*!40000 ALTER TABLE `business_application_task_lock` DISABLE KEYS */;
/*!40000 ALTER TABLE `business_application_task_lock` ENABLE KEYS */;
UNLOCK TABLES;

--
-- Table structure for table `business_application_workitem`
--

DROP TABLE IF EXISTS `business_application_workitem`;
/*!40101 SET @saved_cs_client     = @@character_set_client */;
/*!40101 SET character_set_client = utf8 */;
CREATE TABLE `business_application_workitem` (
  `objid` varchar(50) NOT NULL DEFAULT '',
  `refid` varchar(50) DEFAULT NULL,
  `taskid` varchar(50) DEFAULT NULL,
  `workitemid` varchar(50) DEFAULT NULL,
  `startdate` datetime DEFAULT NULL,
  `enddate` datetime DEFAULT NULL,
  `assignee_objid` varchar(50) DEFAULT NULL,
  `assignee_name` varchar(100) DEFAULT NULL,
  `actor_objid` varchar(50) DEFAULT NULL,
  `actor_name` varchar(100) DEFAULT NULL,
  `remarks` varchar(255) DEFAULT NULL,
  `message` varchar(255) DEFAULT NULL,
  `action` varchar(50) DEFAULT NULL,
  PRIMARY KEY (`objid`),
  KEY `ix_actor_objid` (`actor_objid`),
  KEY `ix_assignee_objid` (`assignee_objid`),
  KEY `ix_enddate` (`enddate`),
  KEY `ix_refid` (`refid`),
  KEY `ix_startdate` (`startdate`),
  KEY `ix_taskid` (`taskid`),
  KEY `ix_workitemid` (`workitemid`),
  CONSTRAINT `fk_business_application_workitem_task` FOREIGN KEY (`taskid`) REFERENCES `business_application_task` (`objid`)
) ENGINE=InnoDB DEFAULT CHARSET=utf8;
/*!40101 SET character_set_client = @saved_cs_client */;

--
-- Dumping data for table `business_application_workitem`
--

LOCK TABLES `business_application_workitem` WRITE;
/*!40000 ALTER TABLE `business_application_workitem` DISABLE KEYS */;
/*!40000 ALTER TABLE `business_application_workitem` ENABLE KEYS */;
UNLOCK TABLES;

--
-- Table structure for table `business_billing`
--

DROP TABLE IF EXISTS `business_billing`;
/*!40101 SET @saved_cs_client     = @@character_set_client */;
/*!40101 SET character_set_client = utf8 */;
CREATE TABLE `business_billing` (
  `objid` varchar(50) NOT NULL,
  `applicationid` varchar(50) DEFAULT NULL,
  `businessid` varchar(50) DEFAULT NULL,
  `billdate` datetime DEFAULT NULL,
  `apptype` varchar(50) DEFAULT NULL,
  `appyear` int(11) DEFAULT NULL,
  `expirydate` datetime DEFAULT NULL,
  `amount` decimal(18,2) DEFAULT NULL,
  `surcharge` decimal(18,2) DEFAULT NULL,
  `interest` decimal(18,2) DEFAULT NULL,
  PRIMARY KEY (`objid`),
  UNIQUE KEY `ix_applicationid` (`applicationid`),
  KEY `ix_appyear` (`appyear`),
  KEY `ix_billdate` (`billdate`),
  KEY `ix_businessid` (`businessid`),
  KEY `ix_expirydate` (`expirydate`),
  CONSTRAINT `FK_business_billing_businessid` FOREIGN KEY (`businessid`) REFERENCES `business` (`objid`),
  CONSTRAINT `FK_business_billing_applicationid` FOREIGN KEY (`applicationid`) REFERENCES `business_application` (`objid`)
) ENGINE=InnoDB DEFAULT CHARSET=utf8;
/*!40101 SET character_set_client = @saved_cs_client */;

--
-- Dumping data for table `business_billing`
--

LOCK TABLES `business_billing` WRITE;
/*!40000 ALTER TABLE `business_billing` DISABLE KEYS */;
/*!40000 ALTER TABLE `business_billing` ENABLE KEYS */;
UNLOCK TABLES;

--
-- Table structure for table `business_billing_item`
--

DROP TABLE IF EXISTS `business_billing_item`;
/*!40101 SET @saved_cs_client     = @@character_set_client */;
/*!40101 SET character_set_client = utf8 */;
CREATE TABLE `business_billing_item` (
  `objid` varchar(50) NOT NULL,
  `parentid` varchar(50) DEFAULT NULL,
  `receivableid` varchar(50) DEFAULT NULL,
  `account_objid` varchar(50) DEFAULT NULL,
  `account_title` varchar(255) DEFAULT NULL,
  `qtr` int(11) DEFAULT NULL,
  `duedate` datetime DEFAULT NULL,
  `amount` decimal(18,2) DEFAULT NULL,
  `surcharge` decimal(18,2) DEFAULT NULL,
  `interest` decimal(18,2) DEFAULT NULL,
  `discount` decimal(18,2) DEFAULT NULL,
  `lob_objid` varchar(50) DEFAULT NULL,
  `lob_assessmenttype` varchar(50) DEFAULT NULL,
  `taxfeetype` varchar(50) DEFAULT NULL,
  `paypriority` int(11) DEFAULT NULL,
  `sortorder` int(11) DEFAULT NULL,
  PRIMARY KEY (`objid`),
  KEY `ix_account_objid` (`account_objid`),
  KEY `ix_duedate` (`duedate`),
  KEY `ix_lob_objid` (`lob_objid`),
  KEY `ix_parentid` (`parentid`),
  KEY `ix_receivableid` (`receivableid`),
  CONSTRAINT `fk_business_billing_item_parent` FOREIGN KEY (`parentid`) REFERENCES `business_billing` (`objid`)
) ENGINE=InnoDB DEFAULT CHARSET=utf8;
/*!40101 SET character_set_client = @saved_cs_client */;

--
-- Dumping data for table `business_billing_item`
--

LOCK TABLES `business_billing_item` WRITE;
/*!40000 ALTER TABLE `business_billing_item` DISABLE KEYS */;
/*!40000 ALTER TABLE `business_billing_item` ENABLE KEYS */;
UNLOCK TABLES;

--
-- Table structure for table `business_billitem_txntype`
--

DROP TABLE IF EXISTS `business_billitem_txntype`;
/*!40101 SET @saved_cs_client     = @@character_set_client */;
/*!40101 SET character_set_client = utf8 */;
CREATE TABLE `business_billitem_txntype` (
  `objid` varchar(50) NOT NULL,
  `title` varchar(255) DEFAULT NULL,
  `category` varchar(50) DEFAULT NULL,
  `acctid` varchar(50) DEFAULT NULL,
  `feetype` varchar(50) DEFAULT NULL,
  `domain` varchar(100) DEFAULT NULL,
  `role` varchar(100) DEFAULT NULL,
  PRIMARY KEY (`objid`),
  KEY `ix_acctid` (`acctid`)
) ENGINE=InnoDB DEFAULT CHARSET=utf8;
/*!40101 SET character_set_client = @saved_cs_client */;

--
-- Dumping data for table `business_billitem_txntype`
--

LOCK TABLES `business_billitem_txntype` WRITE;
/*!40000 ALTER TABLE `business_billitem_txntype` DISABLE KEYS */;
/*!40000 ALTER TABLE `business_billitem_txntype` ENABLE KEYS */;
UNLOCK TABLES;

--
-- Table structure for table `business_change_log`
--

DROP TABLE IF EXISTS `business_change_log`;
/*!40101 SET @saved_cs_client     = @@character_set_client */;
/*!40101 SET character_set_client = utf8 */;
CREATE TABLE `business_change_log` (
  `objid` varchar(50) NOT NULL,
  `businessid` varchar(50) NOT NULL,
  `applicationid` varchar(50) NOT NULL,
  `entryno` varchar(50) NOT NULL,
  `dtfiled` datetime NOT NULL,
  `filedby_objid` varchar(50) NOT NULL,
  `filedby_name` varchar(100) NOT NULL,
  `changetype` varchar(50) NOT NULL,
  `reason` varchar(255) NOT NULL,
  `particulars` text,
  PRIMARY KEY (`objid`),
  KEY `ix_applicationid` (`applicationid`),
  KEY `ix_businessid` (`businessid`),
  KEY `ix_dtfiled` (`dtfiled`),
  KEY `ix_entryno` (`entryno`),
  KEY `ix_filedby_objid` (`filedby_objid`),
  CONSTRAINT `FK_business_change_log_businessid` FOREIGN KEY (`businessid`) REFERENCES `business` (`objid`),
  CONSTRAINT `FK_business_change_log_applicationid` FOREIGN KEY (`applicationid`) REFERENCES `business_application` (`objid`)
) ENGINE=InnoDB DEFAULT CHARSET=utf8;
/*!40101 SET character_set_client = @saved_cs_client */;

--
-- Dumping data for table `business_change_log`
--

LOCK TABLES `business_change_log` WRITE;
/*!40000 ALTER TABLE `business_change_log` DISABLE KEYS */;
/*!40000 ALTER TABLE `business_change_log` ENABLE KEYS */;
UNLOCK TABLES;

--
-- Table structure for table `business_closure`
--

DROP TABLE IF EXISTS `business_closure`;
/*!40101 SET @saved_cs_client     = @@character_set_client */;
/*!40101 SET character_set_client = utf8 */;
CREATE TABLE `business_closure` (
  `objid` varchar(50) NOT NULL,
  `businessid` varchar(50) NOT NULL,
  `dtcreated` datetime NOT NULL,
  `createdby_objid` varchar(50) NOT NULL,
  `createdby_name` varchar(150) NOT NULL,
  `dtceased` date NOT NULL,
  `dtissued` datetime NOT NULL,
  `remarks` text,
  PRIMARY KEY (`objid`),
  UNIQUE KEY `uix_businessid` (`businessid`),
  KEY `ix_createdby_objid` (`createdby_objid`),
  KEY `ix_dtceased` (`dtceased`),
  KEY `ix_dtcreated` (`dtcreated`),
  KEY `ix_dtissued` (`dtissued`),
  CONSTRAINT `fk_business_closure_businessid` FOREIGN KEY (`businessid`) REFERENCES `business` (`objid`)
) ENGINE=InnoDB DEFAULT CHARSET=utf8;
/*!40101 SET character_set_client = @saved_cs_client */;

--
-- Dumping data for table `business_closure`
--

LOCK TABLES `business_closure` WRITE;
/*!40000 ALTER TABLE `business_closure` DISABLE KEYS */;
/*!40000 ALTER TABLE `business_closure` ENABLE KEYS */;
UNLOCK TABLES;

--
-- Table structure for table `business_compromise`
--

DROP TABLE IF EXISTS `business_compromise`;
/*!40101 SET @saved_cs_client     = @@character_set_client */;
/*!40101 SET character_set_client = utf8 */;
CREATE TABLE `business_compromise` (
  `objid` varchar(50) NOT NULL,
  `businessid` varchar(50) DEFAULT NULL,
  `txntype` varchar(50) DEFAULT NULL,
  `dtfiled` datetime DEFAULT NULL,
  `dtexpiry` datetime DEFAULT NULL,
  `description` varchar(255) DEFAULT NULL,
  `createdby_objid` varchar(50) DEFAULT NULL,
  `createdby_name` varchar(255) DEFAULT NULL,
  `approver_objid` varchar(50) DEFAULT NULL,
  `approver_name` varchar(255) DEFAULT NULL,
  PRIMARY KEY (`objid`),
  KEY `ix_approver_objid` (`approver_objid`),
  KEY `ix_businessid` (`businessid`),
  KEY `ix_createdby_objid` (`createdby_objid`),
  KEY `ix_dtexpiry` (`dtexpiry`),
  KEY `ix_dtfiled` (`dtfiled`),
  KEY `ix_txntype` (`txntype`),
  CONSTRAINT `fk_business_compromise_business` FOREIGN KEY (`businessid`) REFERENCES `business` (`objid`)
) ENGINE=InnoDB DEFAULT CHARSET=utf8;
/*!40101 SET character_set_client = @saved_cs_client */;

--
-- Dumping data for table `business_compromise`
--

LOCK TABLES `business_compromise` WRITE;
/*!40000 ALTER TABLE `business_compromise` DISABLE KEYS */;
/*!40000 ALTER TABLE `business_compromise` ENABLE KEYS */;
UNLOCK TABLES;

--
-- Table structure for table `business_lessor`
--

DROP TABLE IF EXISTS `business_lessor`;
/*!40101 SET @saved_cs_client     = @@character_set_client */;
/*!40101 SET character_set_client = utf8 */;
CREATE TABLE `business_lessor` (
  `objid` varchar(50) NOT NULL,
  `government` int(11) DEFAULT NULL,
  `lessor_orgtype` varchar(50) DEFAULT NULL,
  `lessor_objid` varchar(50) DEFAULT NULL,
  `lessor_name` varchar(100) DEFAULT NULL,
  `lessor_address_text` varchar(255) DEFAULT NULL,
  `lessor_address_objid` varchar(50) DEFAULT NULL,
  `bldgno` varchar(50) DEFAULT NULL,
  `bldgname` varchar(50) DEFAULT NULL,
  `street` varchar(100) DEFAULT NULL,
  `subdivision` varchar(100) DEFAULT NULL,
  `barangay_objid` varchar(50) DEFAULT NULL,
  `barangay_name` varchar(100) DEFAULT NULL,
  `pin` varchar(50) DEFAULT NULL,
  PRIMARY KEY (`objid`),
  KEY `ix_barangay_objid` (`barangay_objid`),
  KEY `ix_bldgname` (`bldgname`),
  KEY `ix_bldgno` (`bldgno`),
  KEY `ix_lessor_address_objid` (`lessor_address_objid`),
  KEY `ix_lessor_objid` (`lessor_objid`)
) ENGINE=InnoDB DEFAULT CHARSET=utf8;
/*!40101 SET character_set_client = @saved_cs_client */;

--
-- Dumping data for table `business_lessor`
--

LOCK TABLES `business_lessor` WRITE;
/*!40000 ALTER TABLE `business_lessor` DISABLE KEYS */;
/*!40000 ALTER TABLE `business_lessor` ENABLE KEYS */;
UNLOCK TABLES;

--
-- Table structure for table `business_payment`
--

DROP TABLE IF EXISTS `business_payment`;
/*!40101 SET @saved_cs_client     = @@character_set_client */;
/*!40101 SET character_set_client = utf8 */;
CREATE TABLE `business_payment` (
  `objid` varchar(50) NOT NULL,
  `businessid` varchar(50) DEFAULT NULL,
  `appyear` int(11) DEFAULT NULL,
  `applicationid` varchar(50) DEFAULT NULL,
  `refid` varchar(50) DEFAULT NULL,
  `reftype` varchar(50) DEFAULT NULL,
  `refno` varchar(50) DEFAULT NULL,
  `refdate` date DEFAULT NULL,
  `amount` decimal(18,2) DEFAULT NULL,
  `remarks` varchar(255) DEFAULT NULL,
  `voided` int(11) DEFAULT NULL,
  `paymentmode` varchar(50) DEFAULT NULL,
  `taxcredit` decimal(16,2) DEFAULT NULL,
  PRIMARY KEY (`objid`),
  KEY `ix_applicationid` (`applicationid`),
  KEY `ix_appyear` (`appyear`),
  KEY `ix_businessid` (`businessid`),
  KEY `ix_refdate` (`refdate`),
  KEY `ix_refid` (`refid`),
  KEY `ix_refno` (`refno`),
  CONSTRAINT `fk_business_payment_business` FOREIGN KEY (`businessid`) REFERENCES `business` (`objid`),
  CONSTRAINT `fk_business_payment_application` FOREIGN KEY (`applicationid`) REFERENCES `business_application` (`objid`)
) ENGINE=InnoDB DEFAULT CHARSET=utf8;
/*!40101 SET character_set_client = @saved_cs_client */;

--
-- Dumping data for table `business_payment`
--

LOCK TABLES `business_payment` WRITE;
/*!40000 ALTER TABLE `business_payment` DISABLE KEYS */;
/*!40000 ALTER TABLE `business_payment` ENABLE KEYS */;
UNLOCK TABLES;

--
-- Table structure for table `business_payment_item`
--

DROP TABLE IF EXISTS `business_payment_item`;
/*!40101 SET @saved_cs_client     = @@character_set_client */;
/*!40101 SET character_set_client = utf8 */;
CREATE TABLE `business_payment_item` (
  `objid` varchar(50) NOT NULL,
  `parentid` varchar(50) DEFAULT NULL,
  `receivableid` varchar(50) DEFAULT NULL,
  `amount` decimal(16,2) DEFAULT NULL,
  `discount` decimal(16,2) DEFAULT NULL,
  `account_objid` varchar(50) DEFAULT NULL,
  `account_code` varchar(50) DEFAULT NULL,
  `account_title` varchar(100) DEFAULT NULL,
  `lob_objid` varchar(50) DEFAULT NULL,
  `lob_name` varchar(255) DEFAULT NULL,
  `remarks` varchar(255) DEFAULT NULL,
  `txntype` varchar(50) DEFAULT NULL,
  `sortorder` int(11) DEFAULT NULL,
  `surcharge` decimal(16,2) DEFAULT NULL,
  `interest` decimal(16,2) DEFAULT NULL,
  `qtr` int(11) DEFAULT NULL,
  `partial` int(11) DEFAULT NULL,
  PRIMARY KEY (`objid`),
  KEY `ix_account_objid` (`account_objid`),
  KEY `ix_lob_objid` (`lob_objid`),
  KEY `ix_parentid` (`parentid`),
  KEY `ix_receivableid` (`receivableid`),
  CONSTRAINT `fk_business_payment_item_parent` FOREIGN KEY (`parentid`) REFERENCES `business_payment` (`objid`)
) ENGINE=InnoDB DEFAULT CHARSET=utf8;
/*!40101 SET character_set_client = @saved_cs_client */;

--
-- Dumping data for table `business_payment_item`
--

LOCK TABLES `business_payment_item` WRITE;
/*!40000 ALTER TABLE `business_payment_item` DISABLE KEYS */;
/*!40000 ALTER TABLE `business_payment_item` ENABLE KEYS */;
UNLOCK TABLES;

--
-- Table structure for table `business_permit`
--

DROP TABLE IF EXISTS `business_permit`;
/*!40101 SET @saved_cs_client     = @@character_set_client */;
/*!40101 SET character_set_client = utf8 */;
CREATE TABLE `business_permit` (
  `objid` varchar(50) NOT NULL,
  `businessid` varchar(50) DEFAULT NULL,
  `applicationid` varchar(50) DEFAULT NULL,
  `state` varchar(20) DEFAULT NULL,
  `permitno` varchar(20) DEFAULT NULL,
  `activeyear` int(11) DEFAULT NULL,
  `version` int(11) DEFAULT NULL,
  `permittype` varchar(20) DEFAULT NULL,
  `dtissued` date DEFAULT NULL,
  `issuedby_objid` varchar(50) DEFAULT NULL,
  `issuedby_name` varchar(255) DEFAULT NULL,
  `expirydate` date DEFAULT NULL,
  `remarks` varchar(255) DEFAULT NULL,
  `plateno` varchar(50) DEFAULT NULL,
  PRIMARY KEY (`objid`),
  UNIQUE KEY `uix_businessid_activeyear_version` (`businessid`,`activeyear`,`version`),
  UNIQUE KEY `uix_permitno` (`permitno`),
  KEY `ix_activeyear` (`activeyear`),
  KEY `ix_applicationid` (`applicationid`),
  KEY `ix_businessid` (`businessid`),
  KEY `ix_dtissued` (`dtissued`),
  KEY `ix_expirydate` (`expirydate`),
  KEY `ix_issuedby_objid` (`issuedby_objid`),
  KEY `ix_plateno` (`plateno`),
  CONSTRAINT `fk_business_permit_business` FOREIGN KEY (`businessid`) REFERENCES `business` (`objid`),
  CONSTRAINT `fk_business_permit_application` FOREIGN KEY (`applicationid`) REFERENCES `business_application` (`objid`)
) ENGINE=InnoDB DEFAULT CHARSET=utf8;
/*!40101 SET character_set_client = @saved_cs_client */;

--
-- Dumping data for table `business_permit`
--

LOCK TABLES `business_permit` WRITE;
/*!40000 ALTER TABLE `business_permit` DISABLE KEYS */;
/*!40000 ALTER TABLE `business_permit` ENABLE KEYS */;
UNLOCK TABLES;

--
-- Table structure for table `business_permit_lob`
--

DROP TABLE IF EXISTS `business_permit_lob`;
/*!40101 SET @saved_cs_client     = @@character_set_client */;
/*!40101 SET character_set_client = utf8 */;
CREATE TABLE `business_permit_lob` (
  `objid` varchar(50) NOT NULL,
  `parentid` varchar(50) DEFAULT NULL,
  `lobid` varchar(50) DEFAULT NULL,
  `name` varchar(255) NOT NULL,
  `txndate` datetime DEFAULT NULL,
  PRIMARY KEY (`objid`),
  KEY `ix_lobid` (`lobid`),
  KEY `ix_name` (`name`),
  KEY `ix_parentid` (`parentid`),
  CONSTRAINT `fk_business_permit_lob_parentid` FOREIGN KEY (`parentid`) REFERENCES `business_permit` (`objid`),
  CONSTRAINT `fk_business_permit_lob_lobid` FOREIGN KEY (`lobid`) REFERENCES `lob` (`objid`)
) ENGINE=InnoDB DEFAULT CHARSET=utf8;
/*!40101 SET character_set_client = @saved_cs_client */;

--
-- Dumping data for table `business_permit_lob`
--

LOCK TABLES `business_permit_lob` WRITE;
/*!40000 ALTER TABLE `business_permit_lob` DISABLE KEYS */;
/*!40000 ALTER TABLE `business_permit_lob` ENABLE KEYS */;
UNLOCK TABLES;

--
-- Table structure for table `business_permit_type`
--

DROP TABLE IF EXISTS `business_permit_type`;
/*!40101 SET @saved_cs_client     = @@character_set_client */;
/*!40101 SET character_set_client = utf8 */;
CREATE TABLE `business_permit_type` (
  `objid` varchar(10) NOT NULL,
  `title` varchar(100) DEFAULT NULL,
  `options` varchar(255) DEFAULT NULL,
  `indexno` int(11) DEFAULT NULL,
  `handler` varchar(50) DEFAULT NULL,
  PRIMARY KEY (`objid`)
) ENGINE=InnoDB DEFAULT CHARSET=utf8;
/*!40101 SET character_set_client = @saved_cs_client */;

--
-- Dumping data for table `business_permit_type`
--

LOCK TABLES `business_permit_type` WRITE;
/*!40000 ALTER TABLE `business_permit_type` DISABLE KEYS */;
/*!40000 ALTER TABLE `business_permit_type` ENABLE KEYS */;
UNLOCK TABLES;

--
-- Table structure for table `business_receivable`
--

DROP TABLE IF EXISTS `business_receivable`;
/*!40101 SET @saved_cs_client     = @@character_set_client */;
/*!40101 SET character_set_client = utf8 */;
CREATE TABLE `business_receivable` (
  `objid` varchar(50) NOT NULL,
  `businessid` varchar(50) DEFAULT NULL,
  `applicationid` varchar(50) DEFAULT NULL,
  `iyear` int(11) DEFAULT NULL,
  `account_objid` varchar(50) DEFAULT NULL,
  `account_title` varchar(100) DEFAULT NULL,
  `lob_objid` varchar(50) DEFAULT NULL,
  `lob_name` varchar(100) DEFAULT NULL,
  `amount` decimal(16,2) NOT NULL,
  `amtpaid` decimal(16,2) NOT NULL,
  `discount` decimal(16,2) NOT NULL,
  `taxcredit` decimal(16,2) DEFAULT NULL,
  `refid` varchar(50) DEFAULT NULL,
  `reftype` varchar(50) DEFAULT NULL,
  `remarks` varchar(255) DEFAULT NULL,
  `department` varchar(50) DEFAULT NULL,
  `taxfeetype` varchar(50) DEFAULT NULL,
  `qtr` int(11) DEFAULT NULL,
  `surcharge` decimal(16,2) DEFAULT NULL,
  `interest` decimal(16,2) DEFAULT NULL,
  `assessmenttype` varchar(50) DEFAULT NULL,
  `lastqtrpaid` int(11) DEFAULT NULL,
  `partial` int(11) DEFAULT NULL,
  PRIMARY KEY (`objid`),
  KEY `ix_account_objid` (`account_objid`),
  KEY `ix_applicationid` (`applicationid`),
  KEY `ix_businessid` (`businessid`),
  KEY `ix_lob_objid` (`lob_objid`),
  CONSTRAINT `fk_business_receivable_lob_objid` FOREIGN KEY (`lob_objid`) REFERENCES `lob` (`objid`),
  CONSTRAINT `fk_business_receivable_application` FOREIGN KEY (`applicationid`) REFERENCES `business_application` (`objid`),
  CONSTRAINT `fk_business_receivable_business` FOREIGN KEY (`businessid`) REFERENCES `business` (`objid`)
) ENGINE=InnoDB DEFAULT CHARSET=utf8;
/*!40101 SET character_set_client = @saved_cs_client */;

--
-- Dumping data for table `business_receivable`
--

LOCK TABLES `business_receivable` WRITE;
/*!40000 ALTER TABLE `business_receivable` DISABLE KEYS */;
/*!40000 ALTER TABLE `business_receivable` ENABLE KEYS */;
UNLOCK TABLES;

--
-- Table structure for table `business_receivable_detail`
--

DROP TABLE IF EXISTS `business_receivable_detail`;
/*!40101 SET @saved_cs_client     = @@character_set_client */;
/*!40101 SET character_set_client = utf8 */;
CREATE TABLE `business_receivable_detail` (
  `objid` varchar(50) NOT NULL,
  `receivableid` varchar(50) DEFAULT NULL,
  `qtr` int(11) DEFAULT NULL,
  `duedate` datetime DEFAULT NULL,
  `amount` decimal(18,2) DEFAULT NULL,
  `surcharge` decimal(18,2) DEFAULT NULL,
  `interest` decimal(18,2) DEFAULT NULL,
  `discount` decimal(18,2) DEFAULT NULL,
  `paypriority` int(11) DEFAULT NULL,
  `sortorder` int(11) DEFAULT NULL,
  PRIMARY KEY (`objid`),
  KEY `ix_duedate` (`duedate`),
  KEY `ix_receivableid` (`receivableid`)
) ENGINE=InnoDB DEFAULT CHARSET=utf8;
/*!40101 SET character_set_client = @saved_cs_client */;

--
-- Dumping data for table `business_receivable_detail`
--

LOCK TABLES `business_receivable_detail` WRITE;
/*!40000 ALTER TABLE `business_receivable_detail` DISABLE KEYS */;
/*!40000 ALTER TABLE `business_receivable_detail` ENABLE KEYS */;
UNLOCK TABLES;

--
-- Table structure for table `business_recurringfee`
--

DROP TABLE IF EXISTS `business_recurringfee`;
/*!40101 SET @saved_cs_client     = @@character_set_client */;
/*!40101 SET character_set_client = utf8 */;
CREATE TABLE `business_recurringfee` (
  `objid` varchar(50) NOT NULL DEFAULT '',
  `businessid` varchar(50) DEFAULT NULL,
  `state` varchar(20) DEFAULT NULL,
  `account_objid` varchar(50) DEFAULT NULL,
  `account_title` varchar(100) DEFAULT NULL,
  `amount` decimal(16,2) NOT NULL,
  `remarks` varchar(255) DEFAULT NULL,
  `department` varchar(50) DEFAULT NULL,
  `user_objid` varchar(50) DEFAULT NULL,
  `user_name` varchar(150) DEFAULT NULL,
  `txntype_objid` varchar(50) DEFAULT NULL,
  PRIMARY KEY (`objid`),
  UNIQUE KEY `uix_businessid_acctid` (`businessid`,`account_objid`),
  KEY `ix_account_objid` (`account_objid`),
  KEY `ix_businessid` (`businessid`),
  KEY `ix_txntype_objid` (`txntype_objid`),
  CONSTRAINT `fk_business_recurringfee_txntype_objid` FOREIGN KEY (`txntype_objid`) REFERENCES `business_billitem_txntype` (`objid`),
  CONSTRAINT `fk_business_recurringfee_business` FOREIGN KEY (`businessid`) REFERENCES `business` (`objid`)
) ENGINE=InnoDB DEFAULT CHARSET=utf8;
/*!40101 SET character_set_client = @saved_cs_client */;

--
-- Dumping data for table `business_recurringfee`
--

LOCK TABLES `business_recurringfee` WRITE;
/*!40000 ALTER TABLE `business_recurringfee` DISABLE KEYS */;
/*!40000 ALTER TABLE `business_recurringfee` ENABLE KEYS */;
UNLOCK TABLES;

--
-- Table structure for table `business_redflag`
--

DROP TABLE IF EXISTS `business_redflag`;
/*!40101 SET @saved_cs_client     = @@character_set_client */;
/*!40101 SET character_set_client = utf8 */;
CREATE TABLE `business_redflag` (
  `objid` varchar(50) NOT NULL,
  `businessid` varchar(50) DEFAULT NULL,
  `message` varchar(255) DEFAULT NULL,
  `dtfiled` datetime DEFAULT NULL,
  `filedby_objid` varchar(50) DEFAULT NULL,
  `filedby_name` varchar(255) DEFAULT NULL,
  `resolved` int(11) DEFAULT NULL,
  `remarks` varchar(255) DEFAULT NULL,
  `blockaction` varchar(50) DEFAULT NULL,
  `effectivedate` date DEFAULT NULL,
  `resolvedby_objid` varchar(50) DEFAULT NULL,
  `resolvedby_name` varchar(100) DEFAULT NULL,
  `caseno` varchar(50) DEFAULT NULL,
  PRIMARY KEY (`objid`),
  KEY `ix_businessid` (`businessid`),
  KEY `ix_dtfiled` (`dtfiled`),
  KEY `ix_effectivedate` (`effectivedate`),
  KEY `ix_filedby_objid` (`filedby_objid`),
  KEY `ix_resolvedby_objid` (`resolvedby_objid`),
  CONSTRAINT `fk_business_redflag_business` FOREIGN KEY (`businessid`) REFERENCES `business` (`objid`)
) ENGINE=InnoDB DEFAULT CHARSET=utf8;
/*!40101 SET character_set_client = @saved_cs_client */;

--
-- Dumping data for table `business_redflag`
--

LOCK TABLES `business_redflag` WRITE;
/*!40000 ALTER TABLE `business_redflag` DISABLE KEYS */;
/*!40000 ALTER TABLE `business_redflag` ENABLE KEYS */;
UNLOCK TABLES;

--
-- Table structure for table `business_requirement`
--

DROP TABLE IF EXISTS `business_requirement`;
/*!40101 SET @saved_cs_client     = @@character_set_client */;
/*!40101 SET character_set_client = utf8 */;
CREATE TABLE `business_requirement` (
  `objid` varchar(50) NOT NULL,
  `businessid` varchar(50) DEFAULT NULL,
  `applicationid` varchar(50) DEFAULT NULL,
  `refid` varchar(50) DEFAULT NULL,
  `reftype` varchar(50) DEFAULT NULL,
  `refno` varchar(50) DEFAULT NULL,
  `issuedby` varchar(100) DEFAULT NULL,
  `dtissued` date DEFAULT NULL,
  `placeissued` varchar(100) DEFAULT NULL,
  `title` varchar(50) DEFAULT NULL,
  `remarks` varchar(255) DEFAULT NULL,
  `status` varchar(25) DEFAULT NULL,
  `step` varchar(50) DEFAULT NULL,
  `completedby_objid` varchar(50) DEFAULT NULL,
  `completedby_name` varchar(50) DEFAULT NULL,
  `dtcompleted` datetime DEFAULT NULL,
  `completed` int(11) DEFAULT NULL,
  `expirydate` date DEFAULT NULL,
  PRIMARY KEY (`objid`),
  KEY `ix_applicationid` (`applicationid`),
  KEY `ix_businessid` (`businessid`),
  KEY `ix_completedby_objid` (`completedby_objid`),
  KEY `ix_dtcompleted` (`dtcompleted`),
  KEY `ix_dtissued` (`dtissued`),
  KEY `ix_refid` (`refid`),
  KEY `ix_refno` (`refno`),
  CONSTRAINT `fk_business_requirement_business` FOREIGN KEY (`businessid`) REFERENCES `business` (`objid`),
  CONSTRAINT `fk_business_requirement_application` FOREIGN KEY (`applicationid`) REFERENCES `business_application` (`objid`)
) ENGINE=InnoDB DEFAULT CHARSET=utf8;
/*!40101 SET character_set_client = @saved_cs_client */;

--
-- Dumping data for table `business_requirement`
--

LOCK TABLES `business_requirement` WRITE;
/*!40000 ALTER TABLE `business_requirement` DISABLE KEYS */;
/*!40000 ALTER TABLE `business_requirement` ENABLE KEYS */;
UNLOCK TABLES;

--
-- Table structure for table `business_sms`
--

DROP TABLE IF EXISTS `business_sms`;
/*!40101 SET @saved_cs_client     = @@character_set_client */;
/*!40101 SET character_set_client = utf8 */;
CREATE TABLE `business_sms` (
  `objid` varchar(50) NOT NULL,
  `businessid` varchar(50) DEFAULT NULL,
  `traceid` varchar(50) DEFAULT NULL,
  `phoneno` varchar(50) DEFAULT NULL,
  `logdate` datetime DEFAULT NULL,
  `message` varchar(255) DEFAULT NULL,
  `amount` decimal(10,2) DEFAULT NULL,
  `amtpaid` decimal(10,2) DEFAULT NULL,
  `action` varchar(50) DEFAULT NULL,
  PRIMARY KEY (`objid`)
) ENGINE=InnoDB DEFAULT CHARSET=utf8;
/*!40101 SET character_set_client = @saved_cs_client */;

--
-- Dumping data for table `business_sms`
--

LOCK TABLES `business_sms` WRITE;
/*!40000 ALTER TABLE `business_sms` DISABLE KEYS */;
/*!40000 ALTER TABLE `business_sms` ENABLE KEYS */;
UNLOCK TABLES;

--
-- Table structure for table `business_taxcredit`
--

DROP TABLE IF EXISTS `business_taxcredit`;
/*!40101 SET @saved_cs_client     = @@character_set_client */;
/*!40101 SET character_set_client = utf8 */;
CREATE TABLE `business_taxcredit` (
  `objid` varchar(50) NOT NULL DEFAULT '',
  `businessid` varchar(50) DEFAULT NULL,
  `currentlineno` int(11) DEFAULT NULL,
  `totaldr` decimal(18,2) DEFAULT NULL,
  `totalcr` decimal(18,2) DEFAULT NULL,
  `balance` decimal(18,2) DEFAULT NULL,
  PRIMARY KEY (`objid`)
) ENGINE=InnoDB DEFAULT CHARSET=utf8;
/*!40101 SET character_set_client = @saved_cs_client */;

--
-- Dumping data for table `business_taxcredit`
--

LOCK TABLES `business_taxcredit` WRITE;
/*!40000 ALTER TABLE `business_taxcredit` DISABLE KEYS */;
/*!40000 ALTER TABLE `business_taxcredit` ENABLE KEYS */;
UNLOCK TABLES;

--
-- Table structure for table `business_taxcredit_item`
--

DROP TABLE IF EXISTS `business_taxcredit_item`;
/*!40101 SET @saved_cs_client     = @@character_set_client */;
/*!40101 SET character_set_client = utf8 */;
CREATE TABLE `business_taxcredit_item` (
  `objid` varchar(50) NOT NULL,
  `parentid` varchar(50) DEFAULT NULL,
  `lineno` int(11) DEFAULT NULL,
  `particulars` varchar(100) DEFAULT NULL,
  `refid` varchar(50) DEFAULT NULL,
  `refdate` date DEFAULT NULL,
  `refno` varchar(50) DEFAULT NULL,
  `reftype` varchar(20) DEFAULT NULL,
  `dr` decimal(18,2) DEFAULT NULL,
  `cr` decimal(18,2) DEFAULT NULL,
  PRIMARY KEY (`objid`),
  KEY `parentid` (`parentid`),
  CONSTRAINT `FK_business_taxcredit_detail_business_taxcredit` FOREIGN KEY (`parentid`) REFERENCES `business_taxcredit` (`objid`)
) ENGINE=InnoDB DEFAULT CHARSET=utf8;
/*!40101 SET character_set_client = @saved_cs_client */;

--
-- Dumping data for table `business_taxcredit_item`
--

LOCK TABLES `business_taxcredit_item` WRITE;
/*!40000 ALTER TABLE `business_taxcredit_item` DISABLE KEYS */;
/*!40000 ALTER TABLE `business_taxcredit_item` ENABLE KEYS */;
UNLOCK TABLES;

--
-- Table structure for table `business_taxincentive`
--

DROP TABLE IF EXISTS `business_taxincentive`;
/*!40101 SET @saved_cs_client     = @@character_set_client */;
/*!40101 SET character_set_client = utf8 */;
CREATE TABLE `business_taxincentive` (
  `objid` varchar(50) NOT NULL,
  `businessid` varchar(50) DEFAULT NULL,
  `txntype` varchar(50) DEFAULT NULL,
  `dtfiled` datetime DEFAULT NULL,
  `dtexpiry` datetime DEFAULT NULL,
  `title` varchar(50) DEFAULT NULL,
  `description` varchar(255) DEFAULT NULL,
  `approver_objid` varchar(50) DEFAULT NULL,
  `approver_name` varchar(255) DEFAULT NULL,
  `createdby_objid` varchar(50) DEFAULT NULL,
  `createdby_name` varchar(255) DEFAULT NULL,
  PRIMARY KEY (`objid`)
) ENGINE=InnoDB DEFAULT CHARSET=utf8;
/*!40101 SET character_set_client = @saved_cs_client */;

--
-- Dumping data for table `business_taxincentive`
--

LOCK TABLES `business_taxincentive` WRITE;
/*!40000 ALTER TABLE `business_taxincentive` DISABLE KEYS */;
/*!40000 ALTER TABLE `business_taxincentive` ENABLE KEYS */;
UNLOCK TABLES;

--
-- Table structure for table `businessrequirementtype`
--

DROP TABLE IF EXISTS `businessrequirementtype`;
/*!40101 SET @saved_cs_client     = @@character_set_client */;
/*!40101 SET character_set_client = utf8 */;
CREATE TABLE `businessrequirementtype` (
  `objid` varchar(50) NOT NULL,
  `code` varchar(50) DEFAULT NULL,
  `title` varchar(255) DEFAULT NULL,
  `type` varchar(50) DEFAULT NULL,
  `handler` varchar(50) DEFAULT NULL,
  `system` int(11) DEFAULT NULL,
  `agency` varchar(50) DEFAULT NULL,
  `sortindex` int(11) DEFAULT NULL,
  `verifier` varchar(255) DEFAULT NULL,
  PRIMARY KEY (`objid`),
  UNIQUE KEY `uix_code` (`code`),
  UNIQUE KEY `uix_title` (`title`)
) ENGINE=InnoDB DEFAULT CHARSET=utf8;
/*!40101 SET character_set_client = @saved_cs_client */;

--
-- Dumping data for table `businessrequirementtype`
--

LOCK TABLES `businessrequirementtype` WRITE;
/*!40000 ALTER TABLE `businessrequirementtype` DISABLE KEYS */;
INSERT INTO `businessrequirementtype` VALUES ('BC','BC','BARANGAY CLEARANCE',NULL,NULL,NULL,'BARANGAY',NULL,NULL),('BIR','BIR','BIR CLEARANCE',NULL,NULL,NULL,'BIR',NULL,NULL),('CDA','CDA','CDA',NULL,NULL,NULL,'CDA',NULL,NULL),('CTC','CTC','COMMUNITY TAX CERTIFICATE',NULL,NULL,NULL,'TREASURY OFFICE',NULL,NULL),('DTI','DTI','DEPARTMENT OF TRADE & INDUSTRY','DOC',NULL,NULL,'DEPARTMENT OF TRADE & INDUSTRY',0,NULL),('FSIC','FSIC','FIRE SAFETY INSPECTION CLEARANCE',NULL,NULL,NULL,'BFP',NULL,NULL),('HDMF','HDMF','HDMF CLEARANCE',NULL,NULL,NULL,'PAG-IBIG',NULL,NULL),('OP','OP','OCCUPANCY PERMIT',NULL,NULL,NULL,'ENGINEERING',NULL,NULL),('PC','PC','POLICE CLEARANCE',NULL,NULL,NULL,'PNP',NULL,NULL),('PH','PH','PHILHEALTH CLEARANCE',NULL,NULL,NULL,'PHILHEALTH',NULL,NULL),('RPT','RPT','RPT CLEARANCE',NULL,NULL,NULL,'ASSESSOR\'S OFFICE',NULL,NULL),('SEC','SEC','SECURITY AND EXCHANGE COMMISION',NULL,NULL,NULL,'SECURITY AND EXCHANGE COMMISION',0,NULL),('SP','SP','SANITARY PERMIT',NULL,NULL,NULL,'HEALTH',NULL,NULL),('SSS','SSS','SSS CLEARANCE',NULL,NULL,NULL,'SSS',NULL,NULL),('TIN','TIN','TAX IDENTIFICATION NUMBER',NULL,NULL,NULL,'BIR',0,NULL),('ZC','ZC','ZONING CLEARANCE',NULL,NULL,NULL,'MPDC',NULL,NULL);
/*!40000 ALTER TABLE `businessrequirementtype` ENABLE KEYS */;
UNLOCK TABLES;

--
-- Table structure for table `businessvariable`
--

DROP TABLE IF EXISTS `businessvariable`;
/*!40101 SET @saved_cs_client     = @@character_set_client */;
/*!40101 SET character_set_client = utf8 */;
CREATE TABLE `businessvariable` (
  `objid` varchar(50) NOT NULL,
  `state` varchar(10) NOT NULL,
  `name` varchar(50) NOT NULL,
  `datatype` varchar(20) NOT NULL,
  `caption` varchar(50) NOT NULL,
  `description` varchar(100) DEFAULT NULL,
  `arrayvalues` longtext,
  `system` int(11) DEFAULT NULL,
  `sortorder` int(11) DEFAULT NULL,
  `category` varchar(100) DEFAULT NULL,
  `handler` varchar(50) DEFAULT NULL,
  PRIMARY KEY (`objid`),
  UNIQUE KEY `uix_name` (`name`)
) ENGINE=InnoDB DEFAULT CHARSET=utf8;
/*!40101 SET character_set_client = @saved_cs_client */;

--
-- Dumping data for table `businessvariable`
--

LOCK TABLES `businessvariable` WRITE;
/*!40000 ALTER TABLE `businessvariable` DISABLE KEYS */;
INSERT INTO `businessvariable` VALUES ('AREA_SQM','DRAFT','AREA_SQM','decimal','BUSINESS AREA IN SQ METERS',NULL,NULL,1,0,'BUSINESS AREA',NULL),('ASSET_SIZE','DRAFT','ASSET_SIZE','decimal','ASSET SIZE',NULL,NULL,1,0,NULL,NULL),('BUSINESS_CHARACTERISTIC','DRAFT','BUSINESS_CHARACTERISTIC','string','BUSINESS CHARACTERISTIC',NULL,NULL,1,0,NULL,NULL),('CAPITAL','DRAFT','CAPITAL','decimal','CAPITAL',NULL,NULL,1,0,NULL,NULL),('DECLARED_CAPITAL','DRAFT','DECLARED_CAPITAL','decimal','DECLARED CAPITAL',NULL,NULL,1,0,NULL,NULL),('DECLARED_GROSS','DRAFT','DECLARED_GROSS','decimal','DECLARED GROSS',NULL,NULL,1,0,NULL,NULL),('GROSS','DRAFT','GROSS','decimal','GROSS',NULL,NULL,1,0,NULL,NULL),('HAS_WEIGHT_AND_MEASURE','DRAFT','HAS_WEIGHT_AND_MEASURE','boolean','HAS WEIGHT AND MEASURE','HAS WEIGHT AND MEASURE',NULL,0,1,NULL,NULL),('NUM_EMPLOYEE','DRAFT','NUM_EMPLOYEE','integer','NO. OF EMPLOYEES',NULL,NULL,1,0,'EMPLOYEE INFO',NULL),('NUM_EMPLOYEE_FEMALE','DRAFT','NUM_EMPLOYEE_FEMALE','integer','NO. OF FEMALE EMPLOYEES',NULL,NULL,1,0,'EMPLOYEE INFO',NULL),('NUM_EMPLOYEE_MALE','DRAFT','NUM_EMPLOYEE_MALE','integer','NO. OF MALE EMPLOYEES',NULL,NULL,1,0,'EMPLOYEE INFO',NULL),('NUM_EMPLOYEE_RESIDENT','DRAFT','NUM_EMPLOYEE_RESIDENT','integer','NO. OF RESIDENT EMPLOYEES',NULL,NULL,1,0,'EMPLOYEE RESIDING IN LGU',NULL),('NUM_UNIT','DRAFT','NUM_UNIT','integer','NO. OF UNITS',NULL,NULL,1,0,NULL,NULL),('WT_CAPACITY_NOT_MORE_THAN_30KG','DRAFT','WT_CAPACITY_NOT_MORE_THAN_30KG','integer','WT CAPACITY NOT MORE THAN 30KG','WT CAPACITY NOT MORE THAN 30KG',NULL,0,11,'Weight and Measure',NULL),('WT_MORE_THAN_3000KG','DRAFT','WT_MORE_THAN_3000KG','integer','CAP. MORE THAN 3000KG','CAP. MORE THAN 3000KG',NULL,0,14,'Weight and Measure',NULL),('WT_MORE_THAN_300KG_LESS_THAN_3000KG','DRAFT','WT_MORE_THAN_300KG_LESS_THAN_3000KG','integer','CAP. MORE THAN 300KG BUT LESS THAN 3000KG','CAP. MORE THAN 300KG BUT LESS THAN 3000KG',NULL,0,13,'Weight and Measure',NULL),('WT_MORE_THAN_30KG_LESS_THAN_300KG','DRAFT','WT_MORE_THAN_30KG_LESS_THAN_300KG','integer','CAP. MORE THAN 30KG BUT LESS THAN 300KG','CAP. MORE THAN 30KG BUT LESS THAN 300KG',NULL,0,12,'Weight and Measure',NULL);
/*!40000 ALTER TABLE `businessvariable` ENABLE KEYS */;
UNLOCK TABLES;

--
-- Table structure for table `cancelannotation`
--

DROP TABLE IF EXISTS `cancelannotation`;
/*!40101 SET @saved_cs_client     = @@character_set_client */;
/*!40101 SET character_set_client = utf8 */;
CREATE TABLE `cancelannotation` (
  `objid` varchar(50) NOT NULL,
  `state` varchar(15) NOT NULL,
  `txnno` varchar(10) DEFAULT NULL,
  `txndate` datetime DEFAULT NULL,
  `annotationid` varchar(50) NOT NULL,
  `fileno` varchar(20) NOT NULL,
  `remarks` text NOT NULL,
  `orno` varchar(10) DEFAULT NULL,
  `ordate` datetime DEFAULT NULL,
  `oramount` decimal(16,2) NOT NULL,
  `signedby` varchar(150) NOT NULL,
  `signedbytitle` varchar(50) NOT NULL,
  `dtsigned` datetime DEFAULT NULL,
  PRIMARY KEY (`objid`),
  KEY `FK_cancelannotation_faasannotation` (`annotationid`),
  KEY `ix_cancelannotation_fileno` (`fileno`),
  KEY `ix_cancelannotation_txnno` (`txnno`),
  CONSTRAINT `cancelannotation_ibfk_1` FOREIGN KEY (`annotationid`) REFERENCES `faasannotation` (`objid`)
) ENGINE=InnoDB DEFAULT CHARSET=utf8;
/*!40101 SET character_set_client = @saved_cs_client */;

--
-- Dumping data for table `cancelannotation`
--

LOCK TABLES `cancelannotation` WRITE;
/*!40000 ALTER TABLE `cancelannotation` DISABLE KEYS */;
/*!40000 ALTER TABLE `cancelannotation` ENABLE KEYS */;
UNLOCK TABLES;

--
-- Table structure for table `cancelledfaas`
--

DROP TABLE IF EXISTS `cancelledfaas`;
/*!40101 SET @saved_cs_client     = @@character_set_client */;
/*!40101 SET character_set_client = utf8 */;
CREATE TABLE `cancelledfaas` (
  `objid` varchar(50) NOT NULL,
  `state` varchar(15) NOT NULL,
  `txndate` datetime NOT NULL,
  `faasid` varchar(50) NOT NULL,
  `reason_objid` varchar(50) DEFAULT NULL,
  `remarks` text,
  `online` int(11) DEFAULT NULL,
  `lguid` varchar(50) DEFAULT NULL,
  `lasttaxyear` int(11) DEFAULT NULL,
  `txnno` varchar(25) DEFAULT NULL,
  `originlguid` varchar(50) DEFAULT NULL,
  `cancelledbytdnos` varchar(500) DEFAULT NULL,
  `cancelledbypins` varchar(500) DEFAULT NULL,
  PRIMARY KEY (`objid`),
  KEY `FK_cancelledfaas_faas` (`faasid`),
  KEY `FK_cancelledfaas_reason` (`reason_objid`),
  KEY `ix_cancelledfaas_txnno` (`txnno`),
  CONSTRAINT `cancelledfaas_ibfk_2` FOREIGN KEY (`reason_objid`) REFERENCES `canceltdreason` (`objid`),
  CONSTRAINT `cancelledfaas_ibfk_1` FOREIGN KEY (`faasid`) REFERENCES `faas` (`objid`)
) ENGINE=InnoDB DEFAULT CHARSET=utf8;
/*!40101 SET character_set_client = @saved_cs_client */;

--
-- Dumping data for table `cancelledfaas`
--

LOCK TABLES `cancelledfaas` WRITE;
/*!40000 ALTER TABLE `cancelledfaas` DISABLE KEYS */;
/*!40000 ALTER TABLE `cancelledfaas` ENABLE KEYS */;
UNLOCK TABLES;

--
-- Table structure for table `cancelledfaas_signatory`
--

DROP TABLE IF EXISTS `cancelledfaas_signatory`;
/*!40101 SET @saved_cs_client     = @@character_set_client */;
/*!40101 SET character_set_client = utf8 */;
CREATE TABLE `cancelledfaas_signatory` (
  `objid` varchar(50) NOT NULL,
  `taxmapper_objid` varchar(50) DEFAULT NULL,
  `taxmapper_name` varchar(100) DEFAULT NULL,
  `taxmapper_title` varchar(50) DEFAULT NULL,
  `taxmapper_dtsigned` datetime DEFAULT NULL,
  `taxmapper_taskid` varchar(50) DEFAULT NULL,
  `taxmapperchief_objid` varchar(50) DEFAULT NULL,
  `taxmapperchief_name` varchar(100) DEFAULT NULL,
  `taxmapperchief_title` varchar(50) DEFAULT NULL,
  `taxmapperchief_dtsigned` datetime DEFAULT NULL,
  `taxmapperchief_taskid` varchar(50) DEFAULT NULL,
  `appraiser_objid` varchar(50) DEFAULT NULL,
  `appraiser_name` varchar(150) DEFAULT NULL,
  `appraiser_title` varchar(50) DEFAULT NULL,
  `appraiser_dtsigned` datetime DEFAULT NULL,
  `appraiser_taskid` varchar(50) DEFAULT NULL,
  `appraiserchief_objid` varchar(50) DEFAULT NULL,
  `appraiserchief_name` varchar(100) DEFAULT NULL,
  `appraiserchief_title` varchar(50) DEFAULT NULL,
  `appraiserchief_dtsigned` datetime DEFAULT NULL,
  `appraiserchief_taskid` varchar(50) DEFAULT NULL,
  `recommender_objid` varchar(50) DEFAULT NULL,
  `recommender_name` varchar(100) DEFAULT NULL,
  `recommender_title` varchar(50) DEFAULT NULL,
  `recommender_dtsigned` datetime DEFAULT NULL,
  `recommender_taskid` varchar(50) DEFAULT NULL,
  `provtaxmapper_objid` varchar(50) DEFAULT NULL,
  `provtaxmapper_name` varchar(100) DEFAULT NULL,
  `provtaxmapper_title` varchar(50) DEFAULT NULL,
  `provtaxmapper_dtsigned` datetime DEFAULT NULL,
  `provtaxmapper_taskid` varchar(50) DEFAULT NULL,
  `provtaxmapperchief_objid` varchar(50) DEFAULT NULL,
  `provtaxmapperchief_name` varchar(100) DEFAULT NULL,
  `provtaxmapperchief_title` varchar(50) DEFAULT NULL,
  `provtaxmapperchief_dtsigned` datetime DEFAULT NULL,
  `provtaxmapperchief_taskid` varchar(50) DEFAULT NULL,
  `provappraiser_objid` varchar(50) DEFAULT NULL,
  `provappraiser_name` varchar(100) DEFAULT NULL,
  `provappraiser_title` varchar(50) DEFAULT NULL,
  `provappraiser_dtsigned` datetime DEFAULT NULL,
  `provappraiser_taskid` varchar(50) DEFAULT NULL,
  `provappraiserchief_objid` varchar(50) DEFAULT NULL,
  `provappraiserchief_name` varchar(100) DEFAULT NULL,
  `provappraiserchief_title` varchar(50) DEFAULT NULL,
  `provappraiserchief_dtsigned` datetime DEFAULT NULL,
  `provappraiserchief_taskid` varchar(50) DEFAULT NULL,
  `approver_objid` varchar(50) DEFAULT NULL,
  `approver_name` varchar(100) DEFAULT NULL,
  `approver_title` varchar(50) DEFAULT NULL,
  `approver_dtsigned` datetime DEFAULT NULL,
  `approver_taskid` varchar(50) DEFAULT NULL,
  `provapprover_objid` varchar(50) DEFAULT NULL,
  `provapprover_name` varchar(100) DEFAULT NULL,
  `provapprover_title` varchar(50) DEFAULT NULL,
  `provapprover_dtsigned` datetime DEFAULT NULL,
  `provapprover_taskid` varchar(50) DEFAULT NULL,
  `provrecommender_objid` varchar(50) DEFAULT NULL,
  `provrecommender_name` varchar(100) DEFAULT NULL,
  `provrecommender_title` varchar(50) DEFAULT NULL,
  `provrecommender_dtsigned` datetime DEFAULT NULL,
  `provrecommender_taskid` varchar(50) DEFAULT NULL,
  `reviewer_objid` varchar(50) DEFAULT NULL,
  `reviewer_name` varchar(100) DEFAULT NULL,
  `reviewer_title` varchar(75) DEFAULT NULL,
  `reviewer_dtsigned` datetime DEFAULT NULL,
  `reviewer_taskid` varchar(50) DEFAULT NULL,
  `assessor_name` varchar(100) DEFAULT NULL,
  `assessor_title` varchar(100) DEFAULT NULL,
  PRIMARY KEY (`objid`),
  CONSTRAINT `FK_cancelledfaas_signatory_cancelled_faas` FOREIGN KEY (`objid`) REFERENCES `cancelledfaas` (`objid`)
) ENGINE=InnoDB DEFAULT CHARSET=utf8;
/*!40101 SET character_set_client = @saved_cs_client */;

--
-- Dumping data for table `cancelledfaas_signatory`
--

LOCK TABLES `cancelledfaas_signatory` WRITE;
/*!40000 ALTER TABLE `cancelledfaas_signatory` DISABLE KEYS */;
/*!40000 ALTER TABLE `cancelledfaas_signatory` ENABLE KEYS */;
UNLOCK TABLES;

--
-- Table structure for table `cancelledfaas_task`
--

DROP TABLE IF EXISTS `cancelledfaas_task`;
/*!40101 SET @saved_cs_client     = @@character_set_client */;
/*!40101 SET character_set_client = utf8 */;
CREATE TABLE `cancelledfaas_task` (
  `objid` varchar(50) NOT NULL DEFAULT '',
  `refid` varchar(50) DEFAULT NULL,
  `parentprocessid` varchar(50) DEFAULT NULL,
  `state` varchar(50) DEFAULT NULL,
  `startdate` datetime DEFAULT NULL,
  `enddate` datetime DEFAULT NULL,
  `assignee_objid` varchar(50) DEFAULT NULL,
  `assignee_name` varchar(100) DEFAULT NULL,
  `assignee_title` varchar(80) DEFAULT NULL,
  `actor_objid` varchar(50) DEFAULT NULL,
  `actor_name` varchar(100) DEFAULT NULL,
  `actor_title` varchar(80) DEFAULT NULL,
  `message` varchar(255) DEFAULT NULL,
  `signature` text,
  `returnedby` varchar(100) DEFAULT NULL,
  PRIMARY KEY (`objid`),
  KEY `ix_assignee_objid` (`assignee_objid`),
  KEY `ix_refid` (`refid`),
  CONSTRAINT `FK_cancelledfaas_task_cancelledfaas` FOREIGN KEY (`refid`) REFERENCES `cancelledfaas` (`objid`)
) ENGINE=InnoDB DEFAULT CHARSET=utf8;
/*!40101 SET character_set_client = @saved_cs_client */;

--
-- Dumping data for table `cancelledfaas_task`
--

LOCK TABLES `cancelledfaas_task` WRITE;
/*!40000 ALTER TABLE `cancelledfaas_task` DISABLE KEYS */;
/*!40000 ALTER TABLE `cancelledfaas_task` ENABLE KEYS */;
UNLOCK TABLES;

--
-- Table structure for table `canceltdreason`
--

DROP TABLE IF EXISTS `canceltdreason`;
/*!40101 SET @saved_cs_client     = @@character_set_client */;
/*!40101 SET character_set_client = utf8 */;
CREATE TABLE `canceltdreason` (
  `objid` varchar(50) NOT NULL,
  `state` varchar(10) NOT NULL,
  `code` varchar(20) NOT NULL,
  `name` varchar(100) NOT NULL,
  `description` varchar(150) DEFAULT NULL,
  PRIMARY KEY (`objid`),
  UNIQUE KEY `ux_canceltdreason_code` (`code`),
  UNIQUE KEY `ux_canceltdreason_name` (`name`),
  KEY `ix_canceltdreason_state` (`state`)
) ENGINE=InnoDB DEFAULT CHARSET=utf8;
/*!40101 SET character_set_client = @saved_cs_client */;

--
-- Dumping data for table `canceltdreason`
--

LOCK TABLES `canceltdreason` WRITE;
/*!40000 ALTER TABLE `canceltdreason` DISABLE KEYS */;
INSERT INTO `canceltdreason` VALUES ('CFD-1cb79597:16283a77e00:-1bef','APPROVED','GR','GENERAL REVISION',NULL),('CFD18633ed3:162ebca4c1e:5937','APPROVED','CST','CONSOLIDATED, SEGREGATED AND TRANSFERRED',NULL),('CTDR-358514c9:151c4082b82:-d28','APPROVED','RE','RE-ASSESSMENT',NULL),('CTDR-358514c9:151c4082b82:-d33','APPROVED','SG','SEGREGATED',NULL),('CTDR-358514c9:151c4082b82:-d3e','APPROVED','TR','TRANSFERRED',NULL),('CTDR-358514c9:151c4082b82:-d49','APPROVED','SAT','SEGREGATED AND TRANSFERRED',NULL),('CTDR-5288b48:1473337046c:-7de4','APPROVED','TDE','TOTAL DESTRUCTION',NULL),('CTDR-5288b48:1473337046c:-7df3','APPROVED','TD','TOTAL DEMOLITION',NULL),('CTDR-5288b48:1473337046c:-7e02','APPROVED','PD','PARTIAL DEMOLITION',NULL),('CTDR-621617ef:1533ba86730:-7f9d','APPROVED','CSN','CONSOLIDATED',NULL),('CTDR-6747af2c:14733405d23:-7fcb','APPROVED','CRE','COURT RESOLUTION','COURT ORDERS'),('CTDR4c59183a:14732e0c079:-7903','APPROVED','DU','DUPLICATION OF RECORDS',NULL);
/*!40000 ALTER TABLE `canceltdreason` ENABLE KEYS */;
UNLOCK TABLES;

--
-- Table structure for table `cash_treasury_ledger`
--

DROP TABLE IF EXISTS `cash_treasury_ledger`;
/*!40101 SET @saved_cs_client     = @@character_set_client */;
/*!40101 SET character_set_client = utf8 */;
CREATE TABLE `cash_treasury_ledger` (
  `objid` varchar(150) NOT NULL,
  `jevid` varchar(150) DEFAULT NULL,
  `itemacctid` varchar(50) DEFAULT NULL,
  `dr` decimal(16,4) DEFAULT NULL,
  `cr` decimal(16,4) DEFAULT NULL,
  PRIMARY KEY (`objid`),
  KEY `ix_itemacctid` (`itemacctid`),
  KEY `ix_jevid` (`jevid`),
  CONSTRAINT `cash_treasury_ledger_jevid` FOREIGN KEY (`jevid`) REFERENCES `jev` (`objid`)
) ENGINE=InnoDB DEFAULT CHARSET=utf8;
/*!40101 SET character_set_client = @saved_cs_client */;

--
-- Dumping data for table `cash_treasury_ledger`
--

LOCK TABLES `cash_treasury_ledger` WRITE;
/*!40000 ALTER TABLE `cash_treasury_ledger` DISABLE KEYS */;
/*!40000 ALTER TABLE `cash_treasury_ledger` ENABLE KEYS */;
UNLOCK TABLES;

--
-- Table structure for table `cashbook_revolving_fund`
--

DROP TABLE IF EXISTS `cashbook_revolving_fund`;
/*!40101 SET @saved_cs_client     = @@character_set_client */;
/*!40101 SET character_set_client = utf8 */;
CREATE TABLE `cashbook_revolving_fund` (
  `objid` varchar(50) NOT NULL,
  `state` varchar(25) NOT NULL,
  `dtfiled` datetime NOT NULL,
  `filedby_objid` varchar(50) NOT NULL,
  `filedby_name` varchar(150) NOT NULL,
  `issueto_objid` varchar(50) NOT NULL,
  `issueto_name` varchar(150) NOT NULL,
  `controldate` date NOT NULL,
  `amount` decimal(16,2) NOT NULL,
  `remarks` varchar(255) NOT NULL,
  `fund_objid` varchar(100) NOT NULL,
  `fund_title` varchar(255) NOT NULL,
  PRIMARY KEY (`objid`),
  KEY `ix_controldate` (`controldate`),
  KEY `ix_dtfiled` (`dtfiled`),
  KEY `ix_filedby_name` (`filedby_name`),
  KEY `ix_filedby_objid` (`filedby_objid`),
  KEY `ix_fund_objid` (`fund_objid`),
  KEY `ix_fund_title` (`fund_title`),
  KEY `ix_issueto_name` (`issueto_name`),
  KEY `ix_issueto_objid` (`issueto_objid`),
  KEY `ix_state` (`state`)
) ENGINE=InnoDB DEFAULT CHARSET=utf8;
/*!40101 SET character_set_client = @saved_cs_client */;

--
-- Dumping data for table `cashbook_revolving_fund`
--

LOCK TABLES `cashbook_revolving_fund` WRITE;
/*!40000 ALTER TABLE `cashbook_revolving_fund` DISABLE KEYS */;
/*!40000 ALTER TABLE `cashbook_revolving_fund` ENABLE KEYS */;
UNLOCK TABLES;

--
-- Table structure for table `cashreceipt`
--

DROP TABLE IF EXISTS `cashreceipt`;
/*!40101 SET @saved_cs_client     = @@character_set_client */;
/*!40101 SET character_set_client = utf8 */;
CREATE TABLE `cashreceipt` (
  `objid` varchar(50) NOT NULL,
  `state` varchar(10) NOT NULL,
  `txndate` datetime NOT NULL,
  `receiptno` varchar(50) NOT NULL,
  `receiptdate` datetime NOT NULL,
  `txnmode` varchar(10) NOT NULL,
  `payer_objid` varchar(50) DEFAULT NULL,
  `payer_name` varchar(800) DEFAULT NULL,
  `paidby` varchar(800) NOT NULL,
  `paidbyaddress` varchar(800) NOT NULL,
  `amount` decimal(16,4) DEFAULT NULL,
  `collector_objid` varchar(50) NOT NULL,
  `collector_name` varchar(100) NOT NULL,
  `collector_title` varchar(50) NOT NULL,
  `totalcash` decimal(16,4) DEFAULT NULL,
  `totalnoncash` decimal(16,4) DEFAULT NULL,
  `cashchange` decimal(16,2) NOT NULL,
  `totalcredit` decimal(16,2) NOT NULL,
  `org_objid` varchar(50) NOT NULL,
  `org_name` varchar(50) NOT NULL,
  `formno` varchar(50) NOT NULL,
  `series` int(11) NOT NULL,
  `controlid` varchar(50) NOT NULL,
  `collectiontype_objid` varchar(50) DEFAULT NULL,
  `collectiontype_name` varchar(100) DEFAULT NULL,
  `user_objid` varchar(50) DEFAULT NULL,
  `user_name` varchar(100) DEFAULT NULL,
  `remarks` varchar(200) DEFAULT NULL,
  `subcollector_objid` varchar(50) DEFAULT NULL,
  `subcollector_name` varchar(100) DEFAULT NULL,
  `subcollector_title` varchar(50) DEFAULT NULL,
  `formtype` varchar(25) DEFAULT NULL,
  `stub` varchar(25) DEFAULT NULL,
  `remittanceid` varchar(50) DEFAULT NULL,
  `subcollector_remittanceid` varchar(50) DEFAULT NULL,
  PRIMARY KEY (`objid`),
  UNIQUE KEY `uix_receiptno` (`receiptno`),
  KEY `ix_collectiontype_objid` (`collectiontype_objid`),
  KEY `ix_collectorid` (`collector_objid`),
  KEY `ix_collectorname` (`collector_name`),
  KEY `ix_controlid` (`controlid`),
  KEY `ix_formno` (`formno`),
  KEY `ix_formtype` (`formtype`),
  KEY `ix_org_objid` (`org_objid`),
  KEY `ix_paidby` (`paidby`(255)),
  KEY `ix_payer_name` (`payer_name`(255)),
  KEY `ix_payer_objid` (`payer_objid`),
  KEY `ix_receiptdate` (`receiptdate`),
  KEY `ix_remittanceid` (`remittanceid`),
  KEY `ix_state` (`state`),
  KEY `ix_subcollector_objid` (`subcollector_objid`),
  KEY `ix_subcollector_remittanceid` (`subcollector_remittanceid`),
  KEY `ix_txndate` (`txndate`),
  KEY `ix_user_objid` (`user_objid`),
  CONSTRAINT `fk_cashreceipt_subcollector_remittanceid` FOREIGN KEY (`subcollector_remittanceid`) REFERENCES `subcollector_remittance` (`objid`),
  CONSTRAINT `fk_cashreceipt_collectiontype` FOREIGN KEY (`collectiontype_objid`) REFERENCES `collectiontype` (`objid`),
  CONSTRAINT `fk_cashreceipt_collector` FOREIGN KEY (`collector_objid`) REFERENCES `sys_user` (`objid`),
  CONSTRAINT `fk_cashreceipt_remittanceid` FOREIGN KEY (`remittanceid`) REFERENCES `remittance` (`objid`)
) ENGINE=InnoDB DEFAULT CHARSET=utf8;
/*!40101 SET character_set_client = @saved_cs_client */;

--
-- Dumping data for table `cashreceipt`
--

LOCK TABLES `cashreceipt` WRITE;
/*!40000 ALTER TABLE `cashreceipt` DISABLE KEYS */;
/*!40000 ALTER TABLE `cashreceipt` ENABLE KEYS */;
UNLOCK TABLES;

--
-- Table structure for table `cashreceipt_burial`
--

DROP TABLE IF EXISTS `cashreceipt_burial`;
/*!40101 SET @saved_cs_client     = @@character_set_client */;
/*!40101 SET character_set_client = utf8 */;
CREATE TABLE `cashreceipt_burial` (
  `objid` varchar(50) NOT NULL,
  `tocitymuni` varchar(100) DEFAULT NULL,
  `toprovince` varchar(100) DEFAULT NULL,
  `permissiontype` varchar(15) DEFAULT NULL,
  `name` varchar(100) DEFAULT NULL,
  `nationality` varchar(15) DEFAULT NULL,
  `age` int(11) DEFAULT NULL,
  `sex` varchar(10) DEFAULT NULL,
  `dtdeath` varchar(15) DEFAULT NULL,
  `deathcause` varchar(50) DEFAULT NULL,
  `cemetery` varchar(50) DEFAULT NULL,
  `infectious` varchar(50) DEFAULT NULL,
  `embalmed` varchar(50) DEFAULT NULL,
  `disposition` varchar(50) DEFAULT NULL,
  PRIMARY KEY (`objid`)
) ENGINE=InnoDB DEFAULT CHARSET=utf8;
/*!40101 SET character_set_client = @saved_cs_client */;

--
-- Dumping data for table `cashreceipt_burial`
--

LOCK TABLES `cashreceipt_burial` WRITE;
/*!40000 ALTER TABLE `cashreceipt_burial` DISABLE KEYS */;
/*!40000 ALTER TABLE `cashreceipt_burial` ENABLE KEYS */;
UNLOCK TABLES;

--
-- Table structure for table `cashreceipt_cancelseries`
--

DROP TABLE IF EXISTS `cashreceipt_cancelseries`;
/*!40101 SET @saved_cs_client     = @@character_set_client */;
/*!40101 SET character_set_client = utf8 */;
CREATE TABLE `cashreceipt_cancelseries` (
  `objid` varchar(50) NOT NULL,
  `receiptid` varchar(50) NOT NULL,
  `txndate` datetime NOT NULL,
  `postedby_objid` varchar(50) DEFAULT NULL,
  `postedby_name` varchar(100) DEFAULT NULL,
  `reason` varchar(255) DEFAULT NULL,
  `controlid` varchar(50) DEFAULT NULL,
  PRIMARY KEY (`objid`),
  UNIQUE KEY `uix_receiptid` (`receiptid`),
  KEY `ix_controlid` (`controlid`),
  KEY `ix_postedby_objid` (`postedby_objid`),
  KEY `ix_receiptid` (`receiptid`),
  KEY `ix_txndate` (`txndate`),
  CONSTRAINT `fk_cashreceipt_cancelseries_receiptid` FOREIGN KEY (`receiptid`) REFERENCES `cashreceipt` (`objid`)
) ENGINE=InnoDB DEFAULT CHARSET=utf8;
/*!40101 SET character_set_client = @saved_cs_client */;

--
-- Dumping data for table `cashreceipt_cancelseries`
--

LOCK TABLES `cashreceipt_cancelseries` WRITE;
/*!40000 ALTER TABLE `cashreceipt_cancelseries` DISABLE KEYS */;
/*!40000 ALTER TABLE `cashreceipt_cancelseries` ENABLE KEYS */;
UNLOCK TABLES;

--
-- Table structure for table `cashreceipt_cashticket`
--

DROP TABLE IF EXISTS `cashreceipt_cashticket`;
/*!40101 SET @saved_cs_client     = @@character_set_client */;
/*!40101 SET character_set_client = utf8 */;
CREATE TABLE `cashreceipt_cashticket` (
  `objid` varchar(50) NOT NULL,
  `qtyissued` int(11) DEFAULT NULL,
  PRIMARY KEY (`objid`),
  CONSTRAINT `fk_cashreceipt_cashticket_objid` FOREIGN KEY (`objid`) REFERENCES `cashreceipt` (`objid`)
) ENGINE=InnoDB DEFAULT CHARSET=utf8;
/*!40101 SET character_set_client = @saved_cs_client */;

--
-- Dumping data for table `cashreceipt_cashticket`
--

LOCK TABLES `cashreceipt_cashticket` WRITE;
/*!40000 ALTER TABLE `cashreceipt_cashticket` DISABLE KEYS */;
/*!40000 ALTER TABLE `cashreceipt_cashticket` ENABLE KEYS */;
UNLOCK TABLES;

--
-- Table structure for table `cashreceipt_changelog`
--

DROP TABLE IF EXISTS `cashreceipt_changelog`;
/*!40101 SET @saved_cs_client     = @@character_set_client */;
/*!40101 SET character_set_client = utf8 */;
CREATE TABLE `cashreceipt_changelog` (
  `objid` varchar(50) NOT NULL,
  `receiptid` varchar(50) NOT NULL,
  `dtfiled` datetime NOT NULL,
  `filedby_objid` varchar(50) NOT NULL,
  `filedby_name` varchar(150) NOT NULL,
  `action` varchar(255) NOT NULL,
  `remarks` varchar(255) NOT NULL,
  `oldvalue` text NOT NULL,
  `newvalue` text NOT NULL,
  PRIMARY KEY (`objid`),
  KEY `ix_action` (`action`),
  KEY `ix_dtfiled` (`dtfiled`),
  KEY `ix_filedby_name` (`filedby_name`),
  KEY `ix_filedby_objid` (`filedby_objid`),
  KEY `ix_receiptid` (`receiptid`),
  CONSTRAINT `fk_cashreceipt_changelog_receiptid` FOREIGN KEY (`receiptid`) REFERENCES `cashreceipt` (`objid`)
) ENGINE=InnoDB DEFAULT CHARSET=utf8;
/*!40101 SET character_set_client = @saved_cs_client */;

--
-- Dumping data for table `cashreceipt_changelog`
--

LOCK TABLES `cashreceipt_changelog` WRITE;
/*!40000 ALTER TABLE `cashreceipt_changelog` DISABLE KEYS */;
/*!40000 ALTER TABLE `cashreceipt_changelog` ENABLE KEYS */;
UNLOCK TABLES;

--
-- Table structure for table `cashreceipt_ctc_corporate`
--

DROP TABLE IF EXISTS `cashreceipt_ctc_corporate`;
/*!40101 SET @saved_cs_client     = @@character_set_client */;
/*!40101 SET character_set_client = utf8 */;
CREATE TABLE `cashreceipt_ctc_corporate` (
  `objid` varchar(50) NOT NULL,
  `payer_tin` varchar(50) DEFAULT NULL,
  `payer_orgtype` varchar(50) DEFAULT NULL,
  `payer_nature` varchar(50) DEFAULT NULL,
  `payer_dtregistered` datetime DEFAULT NULL,
  `payer_placeregistered` varchar(100) DEFAULT NULL,
  `additional_remarks` varchar(100) DEFAULT NULL,
  `realpropertyav` decimal(16,2) NOT NULL,
  `businessgross` decimal(16,2) NOT NULL,
  `basictax` decimal(16,2) NOT NULL,
  `propertyavtax` decimal(16,2) NOT NULL,
  `businessgrosstax` decimal(16,2) NOT NULL,
  `totaltax` decimal(16,2) NOT NULL,
  `interest` decimal(16,2) NOT NULL,
  `amountdue` decimal(16,2) NOT NULL,
  PRIMARY KEY (`objid`),
  CONSTRAINT `fk_cashreceipt_ctc_corporate_cashreceipt` FOREIGN KEY (`objid`) REFERENCES `cashreceipt` (`objid`)
) ENGINE=InnoDB DEFAULT CHARSET=utf8;
/*!40101 SET character_set_client = @saved_cs_client */;

--
-- Dumping data for table `cashreceipt_ctc_corporate`
--

LOCK TABLES `cashreceipt_ctc_corporate` WRITE;
/*!40000 ALTER TABLE `cashreceipt_ctc_corporate` DISABLE KEYS */;
/*!40000 ALTER TABLE `cashreceipt_ctc_corporate` ENABLE KEYS */;
UNLOCK TABLES;

--
-- Table structure for table `cashreceipt_ctc_individual`
--

DROP TABLE IF EXISTS `cashreceipt_ctc_individual`;
/*!40101 SET @saved_cs_client     = @@character_set_client */;
/*!40101 SET character_set_client = utf8 */;
CREATE TABLE `cashreceipt_ctc_individual` (
  `objid` varchar(50) NOT NULL,
  `payer_profession` varchar(50) DEFAULT NULL,
  `payer_citizenship` varchar(50) DEFAULT NULL,
  `payer_civilstatus` varchar(25) DEFAULT NULL,
  `payer_height` varchar(25) DEFAULT NULL,
  `payer_weight` varchar(25) DEFAULT NULL,
  `additional_remarks` varchar(100) DEFAULT NULL,
  `businessgross` decimal(16,2) NOT NULL,
  `annualsalary` decimal(16,2) NOT NULL,
  `propertyincome` decimal(16,2) NOT NULL,
  `basictax` decimal(16,2) NOT NULL,
  `salarytax` decimal(16,2) NOT NULL,
  `businessgrosstax` decimal(16,2) NOT NULL,
  `propertyincometax` decimal(16,2) NOT NULL,
  `additionaltax` decimal(16,2) NOT NULL,
  `totaltax` decimal(16,2) NOT NULL,
  `interest` decimal(16,2) NOT NULL,
  `amountdue` decimal(16,2) NOT NULL,
  `interestdue` decimal(16,2) NOT NULL,
  `barangay_objid` varchar(50) DEFAULT NULL,
  `barangay_name` varchar(50) DEFAULT NULL,
  `brgytaxshare` decimal(16,2) NOT NULL,
  `brgyinterestshare` decimal(16,2) NOT NULL,
  PRIMARY KEY (`objid`),
  CONSTRAINT `fk_cashreceipt_ctc_individual_cashreceipt` FOREIGN KEY (`objid`) REFERENCES `cashreceipt` (`objid`)
) ENGINE=InnoDB DEFAULT CHARSET=utf8;
/*!40101 SET character_set_client = @saved_cs_client */;

--
-- Dumping data for table `cashreceipt_ctc_individual`
--

LOCK TABLES `cashreceipt_ctc_individual` WRITE;
/*!40000 ALTER TABLE `cashreceipt_ctc_individual` DISABLE KEYS */;
/*!40000 ALTER TABLE `cashreceipt_ctc_individual` ENABLE KEYS */;
UNLOCK TABLES;

--
-- Table structure for table `cashreceipt_group`
--

DROP TABLE IF EXISTS `cashreceipt_group`;
/*!40101 SET @saved_cs_client     = @@character_set_client */;
/*!40101 SET character_set_client = utf8 */;
CREATE TABLE `cashreceipt_group` (
  `objid` varchar(50) NOT NULL,
  `txndate` datetime NOT NULL,
  `controlid` varchar(50) NOT NULL,
  `amount` decimal(16,2) NOT NULL,
  `totalcash` decimal(16,2) NOT NULL,
  `totalnoncash` decimal(16,2) NOT NULL,
  `cashchange` decimal(16,2) NOT NULL,
  PRIMARY KEY (`objid`),
  KEY `ix_controlid` (`controlid`),
  KEY `ix_txndate` (`txndate`)
) ENGINE=InnoDB DEFAULT CHARSET=utf8;
/*!40101 SET character_set_client = @saved_cs_client */;

--
-- Dumping data for table `cashreceipt_group`
--

LOCK TABLES `cashreceipt_group` WRITE;
/*!40000 ALTER TABLE `cashreceipt_group` DISABLE KEYS */;
/*!40000 ALTER TABLE `cashreceipt_group` ENABLE KEYS */;
UNLOCK TABLES;

--
-- Table structure for table `cashreceipt_groupitem`
--

DROP TABLE IF EXISTS `cashreceipt_groupitem`;
/*!40101 SET @saved_cs_client     = @@character_set_client */;
/*!40101 SET character_set_client = utf8 */;
CREATE TABLE `cashreceipt_groupitem` (
  `objid` varchar(50) NOT NULL,
  `parentid` varchar(50) NOT NULL,
  PRIMARY KEY (`objid`),
  KEY `ix_parentid` (`parentid`),
  CONSTRAINT `fk_cashreceipt_groupitem_parentid` FOREIGN KEY (`parentid`) REFERENCES `cashreceipt_group` (`objid`),
  CONSTRAINT `fk_cashreceipt_groupitem_objid` FOREIGN KEY (`objid`) REFERENCES `cashreceipt` (`objid`)
) ENGINE=InnoDB DEFAULT CHARSET=utf8;
/*!40101 SET character_set_client = @saved_cs_client */;

--
-- Dumping data for table `cashreceipt_groupitem`
--

LOCK TABLES `cashreceipt_groupitem` WRITE;
/*!40000 ALTER TABLE `cashreceipt_groupitem` DISABLE KEYS */;
/*!40000 ALTER TABLE `cashreceipt_groupitem` ENABLE KEYS */;
UNLOCK TABLES;

--
-- Table structure for table `cashreceipt_largecattleownership`
--

DROP TABLE IF EXISTS `cashreceipt_largecattleownership`;
/*!40101 SET @saved_cs_client     = @@character_set_client */;
/*!40101 SET character_set_client = utf8 */;
CREATE TABLE `cashreceipt_largecattleownership` (
  `objid` varchar(50) NOT NULL,
  `ownerof` varchar(200) DEFAULT NULL,
  `sex` varchar(10) DEFAULT NULL,
  `age` int(11) DEFAULT NULL,
  `municipalitybrand` varchar(20) DEFAULT NULL,
  `ownerbrand` varchar(20) DEFAULT NULL,
  PRIMARY KEY (`objid`),
  CONSTRAINT `fk_cashreceipt_largecattleownership_cashreceipt` FOREIGN KEY (`objid`) REFERENCES `cashreceipt` (`objid`)
) ENGINE=InnoDB DEFAULT CHARSET=utf8;
/*!40101 SET character_set_client = @saved_cs_client */;

--
-- Dumping data for table `cashreceipt_largecattleownership`
--

LOCK TABLES `cashreceipt_largecattleownership` WRITE;
/*!40000 ALTER TABLE `cashreceipt_largecattleownership` DISABLE KEYS */;
/*!40000 ALTER TABLE `cashreceipt_largecattleownership` ENABLE KEYS */;
UNLOCK TABLES;

--
-- Table structure for table `cashreceipt_largecattletransfer`
--

DROP TABLE IF EXISTS `cashreceipt_largecattletransfer`;
/*!40101 SET @saved_cs_client     = @@character_set_client */;
/*!40101 SET character_set_client = utf8 */;
CREATE TABLE `cashreceipt_largecattletransfer` (
  `objid` varchar(50) NOT NULL DEFAULT '',
  `purchasedby` varchar(200) DEFAULT NULL,
  `price` decimal(16,2) DEFAULT NULL,
  `citymuni` varchar(100) DEFAULT NULL,
  `province` varchar(100) DEFAULT NULL,
  `sex` varchar(10) DEFAULT NULL,
  `age` int(11) DEFAULT NULL,
  `municipalitybrand` varchar(20) DEFAULT NULL,
  `ownerbrand` varchar(20) DEFAULT NULL,
  `certificateno` varchar(30) DEFAULT NULL,
  `issuedate` date DEFAULT NULL,
  `issuedcitymuni` varchar(100) DEFAULT NULL,
  `issuedprovince` varchar(100) DEFAULT NULL,
  `attestedby` varchar(100) DEFAULT NULL,
  `treasurer` varchar(100) DEFAULT NULL,
  PRIMARY KEY (`objid`),
  CONSTRAINT `fk_cashreceipt_largecattletransfer_cashreceipt` FOREIGN KEY (`objid`) REFERENCES `cashreceipt` (`objid`)
) ENGINE=InnoDB DEFAULT CHARSET=utf8;
/*!40101 SET character_set_client = @saved_cs_client */;

--
-- Dumping data for table `cashreceipt_largecattletransfer`
--

LOCK TABLES `cashreceipt_largecattletransfer` WRITE;
/*!40000 ALTER TABLE `cashreceipt_largecattletransfer` DISABLE KEYS */;
/*!40000 ALTER TABLE `cashreceipt_largecattletransfer` ENABLE KEYS */;
UNLOCK TABLES;

--
-- Table structure for table `cashreceipt_marriage`
--

DROP TABLE IF EXISTS `cashreceipt_marriage`;
/*!40101 SET @saved_cs_client     = @@character_set_client */;
/*!40101 SET character_set_client = utf8 */;
CREATE TABLE `cashreceipt_marriage` (
  `objid` varchar(50) NOT NULL,
  `groomname` varchar(100) DEFAULT NULL,
  `groomaddress` varchar(100) DEFAULT NULL,
  `groomageyear` int(11) DEFAULT NULL,
  `groomagemonth` int(11) DEFAULT NULL,
  `bridename` varchar(100) DEFAULT NULL,
  `brideaddress` varchar(100) DEFAULT NULL,
  `brideageyear` int(11) DEFAULT NULL,
  `brideagemonth` int(11) DEFAULT NULL,
  `registerno` varchar(30) DEFAULT NULL,
  `attachments` varchar(200) DEFAULT NULL,
  `lcrofficer` varchar(100) DEFAULT NULL,
  `lcrofficertitle` varchar(50) DEFAULT NULL,
  PRIMARY KEY (`objid`),
  CONSTRAINT `fk_cashreceipt_marriage_cashreceipt` FOREIGN KEY (`objid`) REFERENCES `cashreceipt` (`objid`)
) ENGINE=InnoDB DEFAULT CHARSET=utf8;
/*!40101 SET character_set_client = @saved_cs_client */;

--
-- Dumping data for table `cashreceipt_marriage`
--

LOCK TABLES `cashreceipt_marriage` WRITE;
/*!40000 ALTER TABLE `cashreceipt_marriage` DISABLE KEYS */;
/*!40000 ALTER TABLE `cashreceipt_marriage` ENABLE KEYS */;
UNLOCK TABLES;

--
-- Table structure for table `cashreceipt_plugin`
--

DROP TABLE IF EXISTS `cashreceipt_plugin`;
/*!40101 SET @saved_cs_client     = @@character_set_client */;
/*!40101 SET character_set_client = utf8 */;
CREATE TABLE `cashreceipt_plugin` (
  `objid` varchar(50) NOT NULL,
  `connection` varchar(255) NOT NULL,
  `servicename` varchar(255) NOT NULL,
  PRIMARY KEY (`objid`),
  UNIQUE KEY `uix_connection` (`connection`)
) ENGINE=InnoDB DEFAULT CHARSET=utf8;
/*!40101 SET character_set_client = @saved_cs_client */;

--
-- Dumping data for table `cashreceipt_plugin`
--

LOCK TABLES `cashreceipt_plugin` WRITE;
/*!40000 ALTER TABLE `cashreceipt_plugin` DISABLE KEYS */;
/*!40000 ALTER TABLE `cashreceipt_plugin` ENABLE KEYS */;
UNLOCK TABLES;

--
-- Table structure for table `cashreceipt_reprint_log`
--

DROP TABLE IF EXISTS `cashreceipt_reprint_log`;
/*!40101 SET @saved_cs_client     = @@character_set_client */;
/*!40101 SET character_set_client = utf8 */;
CREATE TABLE `cashreceipt_reprint_log` (
  `objid` varchar(50) NOT NULL,
  `receiptid` varchar(50) NOT NULL,
  `approvedby_objid` varchar(50) NOT NULL,
  `approvedby_name` varchar(150) NOT NULL,
  `dtapproved` datetime NOT NULL,
  `reason` varchar(255) NOT NULL,
  PRIMARY KEY (`objid`),
  KEY `ix_approvedby_name` (`approvedby_name`),
  KEY `ix_approvedby_objid` (`approvedby_objid`),
  KEY `ix_dtapproved` (`dtapproved`),
  KEY `ix_receiptid` (`receiptid`),
  CONSTRAINT `fk_cashreceipt_reprint_log_receiptid` FOREIGN KEY (`receiptid`) REFERENCES `cashreceipt` (`objid`)
) ENGINE=InnoDB DEFAULT CHARSET=utf8;
/*!40101 SET character_set_client = @saved_cs_client */;

--
-- Dumping data for table `cashreceipt_reprint_log`
--

LOCK TABLES `cashreceipt_reprint_log` WRITE;
/*!40000 ALTER TABLE `cashreceipt_reprint_log` DISABLE KEYS */;
/*!40000 ALTER TABLE `cashreceipt_reprint_log` ENABLE KEYS */;
UNLOCK TABLES;

--
-- Table structure for table `cashreceipt_rpt`
--

DROP TABLE IF EXISTS `cashreceipt_rpt`;
/*!40101 SET @saved_cs_client     = @@character_set_client */;
/*!40101 SET character_set_client = utf8 */;
CREATE TABLE `cashreceipt_rpt` (
  `objid` varchar(50) NOT NULL,
  `year` int(11) NOT NULL,
  `qtr` int(11) NOT NULL,
  `month` int(11) NOT NULL,
  `day` int(11) NOT NULL,
  `txntype` varchar(50) DEFAULT NULL,
  PRIMARY KEY (`objid`),
  CONSTRAINT `cashreceipt_rpt_ibfk_1` FOREIGN KEY (`objid`) REFERENCES `cashreceipt` (`objid`)
) ENGINE=InnoDB DEFAULT CHARSET=utf8;
/*!40101 SET character_set_client = @saved_cs_client */;

--
-- Dumping data for table `cashreceipt_rpt`
--

LOCK TABLES `cashreceipt_rpt` WRITE;
/*!40000 ALTER TABLE `cashreceipt_rpt` DISABLE KEYS */;
/*!40000 ALTER TABLE `cashreceipt_rpt` ENABLE KEYS */;
UNLOCK TABLES;

--
-- Table structure for table `cashreceipt_rpt_share_forposting`
--

DROP TABLE IF EXISTS `cashreceipt_rpt_share_forposting`;
/*!40101 SET @saved_cs_client     = @@character_set_client */;
/*!40101 SET character_set_client = utf8 */;
CREATE TABLE `cashreceipt_rpt_share_forposting` (
  `objid` varchar(50) NOT NULL,
  `receiptid` varchar(50) NOT NULL,
  `rptledgerid` varchar(50) NOT NULL,
  `txndate` datetime NOT NULL,
  `error` int(11) NOT NULL,
  `msg` text,
  PRIMARY KEY (`objid`),
  UNIQUE KEY `ux_receiptid_rptledgerid` (`receiptid`,`rptledgerid`),
  KEY `fk_cashreceipt_rpt_share_forposing_cashreceipt` (`receiptid`),
  KEY `fk_cashreceipt_rpt_share_forposing_rptledger` (`rptledgerid`),
  CONSTRAINT `fk_cashreceipt_rpt_share_forposing_rptledger` FOREIGN KEY (`rptledgerid`) REFERENCES `rptledger` (`objid`),
  CONSTRAINT `fk_cashreceipt_rpt_share_forposing_cashreceipt` FOREIGN KEY (`receiptid`) REFERENCES `cashreceipt` (`objid`)
) ENGINE=InnoDB DEFAULT CHARSET=utf8;
/*!40101 SET character_set_client = @saved_cs_client */;

--
-- Dumping data for table `cashreceipt_rpt_share_forposting`
--

LOCK TABLES `cashreceipt_rpt_share_forposting` WRITE;
/*!40000 ALTER TABLE `cashreceipt_rpt_share_forposting` DISABLE KEYS */;
/*!40000 ALTER TABLE `cashreceipt_rpt_share_forposting` ENABLE KEYS */;
UNLOCK TABLES;

--
-- Table structure for table `cashreceipt_share`
--

DROP TABLE IF EXISTS `cashreceipt_share`;
/*!40101 SET @saved_cs_client     = @@character_set_client */;
/*!40101 SET character_set_client = utf8 */;
CREATE TABLE `cashreceipt_share` (
  `objid` varchar(50) NOT NULL,
  `receiptid` varchar(50) NOT NULL,
  `refitem_objid` varchar(50) NOT NULL,
  `payableitem_objid` varchar(50) NOT NULL,
  `amount` decimal(16,4) NOT NULL,
  `share` decimal(16,2) DEFAULT NULL,
  `receiptitemid` varchar(50) DEFAULT NULL,
  PRIMARY KEY (`objid`),
  KEY `ix_payableitem_objid` (`payableitem_objid`),
  KEY `ix_receiptid` (`receiptid`),
  KEY `ix_receiptitemid` (`receiptitemid`),
  KEY `ix_refitem_objid` (`refitem_objid`),
  CONSTRAINT `fk_cashreceipt_share_refitem_objid` FOREIGN KEY (`refitem_objid`) REFERENCES `itemaccount` (`objid`),
  CONSTRAINT `fk_cashreceipt_share_payableitem_objid` FOREIGN KEY (`payableitem_objid`) REFERENCES `itemaccount` (`objid`),
  CONSTRAINT `fk_cashreceipt_share_receiptid` FOREIGN KEY (`receiptid`) REFERENCES `cashreceipt` (`objid`)
) ENGINE=InnoDB DEFAULT CHARSET=utf8;
/*!40101 SET character_set_client = @saved_cs_client */;

--
-- Dumping data for table `cashreceipt_share`
--

LOCK TABLES `cashreceipt_share` WRITE;
/*!40000 ALTER TABLE `cashreceipt_share` DISABLE KEYS */;
/*!40000 ALTER TABLE `cashreceipt_share` ENABLE KEYS */;
UNLOCK TABLES;

--
-- Table structure for table `cashreceipt_slaughter`
--

DROP TABLE IF EXISTS `cashreceipt_slaughter`;
/*!40101 SET @saved_cs_client     = @@character_set_client */;
/*!40101 SET character_set_client = utf8 */;
CREATE TABLE `cashreceipt_slaughter` (
  `objid` varchar(50) NOT NULL,
  `acctid` varchar(50) DEFAULT NULL,
  `acctno` varchar(50) DEFAULT NULL,
  `acctitle` varchar(100) DEFAULT NULL,
  `permitamount` decimal(18,2) DEFAULT NULL,
  `slaughterof` varchar(25) DEFAULT NULL,
  `weight` decimal(18,2) DEFAULT NULL,
  `ordinanceno` varchar(50) DEFAULT NULL,
  `ordinancedate` varchar(50) DEFAULT NULL,
  PRIMARY KEY (`objid`),
  KEY `ix_acctid` (`acctid`),
  KEY `ix_acctno` (`acctno`),
  CONSTRAINT `fk_cashreceipt_slaughter_cashreceipt` FOREIGN KEY (`objid`) REFERENCES `cashreceipt` (`objid`)
) ENGINE=InnoDB DEFAULT CHARSET=utf8;
/*!40101 SET character_set_client = @saved_cs_client */;

--
-- Dumping data for table `cashreceipt_slaughter`
--

LOCK TABLES `cashreceipt_slaughter` WRITE;
/*!40000 ALTER TABLE `cashreceipt_slaughter` DISABLE KEYS */;
/*!40000 ALTER TABLE `cashreceipt_slaughter` ENABLE KEYS */;
UNLOCK TABLES;

--
-- Table structure for table `cashreceipt_void`
--

DROP TABLE IF EXISTS `cashreceipt_void`;
/*!40101 SET @saved_cs_client     = @@character_set_client */;
/*!40101 SET character_set_client = utf8 */;
CREATE TABLE `cashreceipt_void` (
  `objid` varchar(50) NOT NULL,
  `receiptid` varchar(50) NOT NULL,
  `txndate` datetime NOT NULL,
  `postedby_objid` varchar(50) NOT NULL,
  `postedby_name` varchar(100) NOT NULL,
  `reason` varchar(255) NOT NULL,
  PRIMARY KEY (`objid`),
  UNIQUE KEY `uix_receiptid` (`receiptid`),
  KEY `ix_postedby_objid` (`postedby_objid`),
  KEY `ix_receiptid` (`receiptid`),
  KEY `ix_txndate` (`txndate`),
  CONSTRAINT `fk_cashreceipt_void_cashreceipt` FOREIGN KEY (`receiptid`) REFERENCES `cashreceipt` (`objid`)
) ENGINE=InnoDB DEFAULT CHARSET=utf8;
/*!40101 SET character_set_client = @saved_cs_client */;

--
-- Dumping data for table `cashreceipt_void`
--

LOCK TABLES `cashreceipt_void` WRITE;
/*!40000 ALTER TABLE `cashreceipt_void` DISABLE KEYS */;
/*!40000 ALTER TABLE `cashreceipt_void` ENABLE KEYS */;
UNLOCK TABLES;

--
-- Table structure for table `cashreceiptitem`
--

DROP TABLE IF EXISTS `cashreceiptitem`;
/*!40101 SET @saved_cs_client     = @@character_set_client */;
/*!40101 SET character_set_client = utf8 */;
CREATE TABLE `cashreceiptitem` (
  `objid` varchar(50) NOT NULL,
  `receiptid` varchar(50) NOT NULL,
  `item_objid` varchar(50) NOT NULL,
  `item_code` varchar(100) NOT NULL,
  `item_title` varchar(255) NOT NULL,
  `amount` decimal(16,4) NOT NULL,
  `remarks` varchar(255) DEFAULT NULL,
  `sortorder` int(11) DEFAULT '0',
  `item_fund_objid` varchar(100) NOT NULL,
  PRIMARY KEY (`objid`),
  KEY `ix_item_code` (`item_code`),
  KEY `ix_item_fund_objid` (`item_fund_objid`),
  KEY `ix_item_objid` (`item_objid`),
  KEY `ix_item_title` (`item_title`),
  KEY `ix_receiptid` (`receiptid`),
  CONSTRAINT `fk_cashreceiptitem_item_fund_objid` FOREIGN KEY (`item_fund_objid`) REFERENCES `fund` (`objid`),
  CONSTRAINT `fk_cashreceiptitem_cashreceipt` FOREIGN KEY (`receiptid`) REFERENCES `cashreceipt` (`objid`),
  CONSTRAINT `fk_cashreceiptitem_itemaccount` FOREIGN KEY (`item_objid`) REFERENCES `itemaccount` (`objid`)
) ENGINE=InnoDB DEFAULT CHARSET=utf8;
/*!40101 SET character_set_client = @saved_cs_client */;

--
-- Dumping data for table `cashreceiptitem`
--

LOCK TABLES `cashreceiptitem` WRITE;
/*!40000 ALTER TABLE `cashreceiptitem` DISABLE KEYS */;
/*!40000 ALTER TABLE `cashreceiptitem` ENABLE KEYS */;
UNLOCK TABLES;

--
-- Table structure for table `cashreceiptitem_discount`
--

DROP TABLE IF EXISTS `cashreceiptitem_discount`;
/*!40101 SET @saved_cs_client     = @@character_set_client */;
/*!40101 SET character_set_client = utf8 */;
CREATE TABLE `cashreceiptitem_discount` (
  `objid` varchar(50) NOT NULL,
  `receiptid` varchar(50) DEFAULT NULL,
  `receiptitemid` varchar(50) DEFAULT NULL,
  `acctid` varchar(50) DEFAULT NULL,
  `amount` decimal(16,2) DEFAULT NULL,
  `title` varchar(50) DEFAULT NULL,
  PRIMARY KEY (`objid`),
  KEY `ix_acctid` (`acctid`),
  KEY `ix_receiptid` (`receiptid`),
  KEY `ix_receiptitemid` (`receiptitemid`),
  CONSTRAINT `fk_cashreceiptitem_discount_cashreceipt` FOREIGN KEY (`receiptid`) REFERENCES `cashreceipt` (`objid`)
) ENGINE=InnoDB DEFAULT CHARSET=utf8;
/*!40101 SET character_set_client = @saved_cs_client */;

--
-- Dumping data for table `cashreceiptitem_discount`
--

LOCK TABLES `cashreceiptitem_discount` WRITE;
/*!40000 ALTER TABLE `cashreceiptitem_discount` DISABLE KEYS */;
/*!40000 ALTER TABLE `cashreceiptitem_discount` ENABLE KEYS */;
UNLOCK TABLES;

--
-- Table structure for table `cashreceiptitem_rpt_account`
--

DROP TABLE IF EXISTS `cashreceiptitem_rpt_account`;
/*!40101 SET @saved_cs_client     = @@character_set_client */;
/*!40101 SET character_set_client = utf8 */;
CREATE TABLE `cashreceiptitem_rpt_account` (
  `objid` varchar(50) NOT NULL,
  `rptledgerid` varchar(50) DEFAULT NULL,
  `revperiod` varchar(25) NOT NULL,
  `revtype` varchar(25) NOT NULL,
  `item_objid` varchar(50) NOT NULL,
  `amount` decimal(16,4) NOT NULL,
  `rptreceiptid` varchar(50) DEFAULT NULL,
  `sharetype` varchar(25) NOT NULL,
  `discount` decimal(16,4) DEFAULT NULL,
  PRIMARY KEY (`objid`),
  KEY `fk_cashreceiptitemrptaccount_cashreceiptrpt` (`rptreceiptid`),
  KEY `ix_cashreceiptitem_rpt_account_rptledger` (`rptledgerid`),
  KEY `ix_rptbillledgeraccount_revenueitem` (`item_objid`),
  CONSTRAINT `cashreceiptitem_rpt_account_ibfk_2` FOREIGN KEY (`rptreceiptid`) REFERENCES `cashreceipt_rpt` (`objid`),
  CONSTRAINT `cashreceiptitem_rpt_account_ibfk_1` FOREIGN KEY (`item_objid`) REFERENCES `itemaccount` (`objid`)
) ENGINE=InnoDB DEFAULT CHARSET=utf8;
/*!40101 SET character_set_client = @saved_cs_client */;

--
-- Dumping data for table `cashreceiptitem_rpt_account`
--

LOCK TABLES `cashreceiptitem_rpt_account` WRITE;
/*!40000 ALTER TABLE `cashreceiptitem_rpt_account` DISABLE KEYS */;
/*!40000 ALTER TABLE `cashreceiptitem_rpt_account` ENABLE KEYS */;
UNLOCK TABLES;

--
-- Table structure for table `cashreceiptitem_rpt_online`
--

DROP TABLE IF EXISTS `cashreceiptitem_rpt_online`;
/*!40101 SET @saved_cs_client     = @@character_set_client */;
/*!40101 SET character_set_client = utf8 */;
CREATE TABLE `cashreceiptitem_rpt_online` (
  `objid` varchar(50) NOT NULL,
  `rptledgerid` varchar(50) DEFAULT NULL,
  `rptledgerfaasid` varchar(50) DEFAULT NULL,
  `year` int(11) NOT NULL,
  `qtr` int(11) NOT NULL,
  `fromqtr` int(11) NOT NULL,
  `toqtr` int(11) NOT NULL,
  `basic` decimal(16,2) NOT NULL,
  `basicint` decimal(16,2) NOT NULL,
  `basicdisc` decimal(16,2) NOT NULL,
  `sef` decimal(16,2) NOT NULL,
  `sefint` decimal(16,2) NOT NULL,
  `sefdisc` decimal(16,2) NOT NULL,
  `firecode` decimal(10,2) DEFAULT NULL,
  `revperiod` varchar(25) DEFAULT NULL,
  `basicnet` decimal(16,2) DEFAULT NULL,
  `sefnet` decimal(16,2) DEFAULT NULL,
  `total` decimal(16,2) DEFAULT NULL,
  `rptreceiptid` varchar(50) DEFAULT NULL,
  `partialled` int(11) NOT NULL,
  `basicidle` decimal(16,2) DEFAULT '0.00',
  `rptledgeritemid` varchar(50) DEFAULT NULL,
  `basicidledisc` decimal(16,2) DEFAULT NULL,
  `basicidleint` decimal(16,2) DEFAULT NULL,
  `rptledgeritemqtrlyid` varchar(50) DEFAULT NULL,
  PRIMARY KEY (`objid`),
  KEY `FK_cashreceiptitem_rpt_online_rptledgeritem` (`rptledgeritemid`),
  KEY `FK_cashreceiptitem_rpt_online_rptledgeritemqtrly` (`rptledgeritemqtrlyid`),
  KEY `ix_cashreceiptitem_rpt_online_rptledger` (`rptledgerid`),
  KEY `ix_cashreceiptitem_rpt_online_rptledgerfaas` (`rptledgerfaasid`),
  KEY `ix_rptledgerbillitem_rptledgerfaasid` (`rptledgerfaasid`),
  KEY `ix_rptledgerbillitem_rptledgerid` (`rptledgerid`),
  KEY `rptreceiptid` (`rptreceiptid`),
  CONSTRAINT `cashreceiptitem_rpt_online_ibfk_3` FOREIGN KEY (`rptreceiptid`) REFERENCES `cashreceipt_rpt` (`objid`),
  CONSTRAINT `cashreceiptitem_rpt_online_ibfk_1` FOREIGN KEY (`rptledgerid`) REFERENCES `rptledger` (`objid`),
  CONSTRAINT `cashreceiptitem_rpt_online_ibfk_2` FOREIGN KEY (`rptledgerfaasid`) REFERENCES `rptledgerfaas` (`objid`)
) ENGINE=InnoDB DEFAULT CHARSET=utf8;
/*!40101 SET character_set_client = @saved_cs_client */;

--
-- Dumping data for table `cashreceiptitem_rpt_online`
--

LOCK TABLES `cashreceiptitem_rpt_online` WRITE;
/*!40000 ALTER TABLE `cashreceiptitem_rpt_online` DISABLE KEYS */;
/*!40000 ALTER TABLE `cashreceiptitem_rpt_online` ENABLE KEYS */;
UNLOCK TABLES;

--
-- Table structure for table `cashreceiptpayment_creditmemo`
--

DROP TABLE IF EXISTS `cashreceiptpayment_creditmemo`;
/*!40101 SET @saved_cs_client     = @@character_set_client */;
/*!40101 SET character_set_client = utf8 */;
CREATE TABLE `cashreceiptpayment_creditmemo` (
  `objid` varchar(50) NOT NULL,
  `receiptid` varchar(50) DEFAULT NULL,
  `account_objid` varchar(50) DEFAULT NULL,
  `account_code` varchar(100) DEFAULT NULL,
  `account_fund_name` varchar(50) DEFAULT NULL,
  `account_fund_objid` varchar(100) DEFAULT NULL,
  `account_bank` varchar(50) DEFAULT NULL,
  `refno` varchar(25) DEFAULT NULL,
  `refdate` datetime DEFAULT NULL,
  `amount` decimal(16,2) DEFAULT NULL,
  `particulars` varchar(255) DEFAULT NULL,
  PRIMARY KEY (`objid`),
  KEY `ix_account_fund_objid` (`account_fund_objid`),
  KEY `ix_account_objid` (`account_objid`),
  KEY `ix_receiptid` (`receiptid`),
  KEY `ix_refdate` (`refdate`),
  KEY `ix_refno` (`refno`)
) ENGINE=InnoDB DEFAULT CHARSET=utf8;
/*!40101 SET character_set_client = @saved_cs_client */;

--
-- Dumping data for table `cashreceiptpayment_creditmemo`
--

LOCK TABLES `cashreceiptpayment_creditmemo` WRITE;
/*!40000 ALTER TABLE `cashreceiptpayment_creditmemo` DISABLE KEYS */;
/*!40000 ALTER TABLE `cashreceiptpayment_creditmemo` ENABLE KEYS */;
UNLOCK TABLES;

--
-- Table structure for table `cashreceiptpayment_noncash`
--

DROP TABLE IF EXISTS `cashreceiptpayment_noncash`;
/*!40101 SET @saved_cs_client     = @@character_set_client */;
/*!40101 SET character_set_client = utf8 */;
CREATE TABLE `cashreceiptpayment_noncash` (
  `objid` varchar(50) NOT NULL,
  `receiptid` varchar(50) DEFAULT NULL,
  `_bank` varchar(50) DEFAULT NULL,
  `refno` varchar(25) DEFAULT NULL,
  `refdate` datetime DEFAULT NULL,
  `reftype` varchar(50) DEFAULT NULL,
  `amount` decimal(16,2) DEFAULT NULL,
  `particulars` varchar(255) DEFAULT NULL,
  `_bankid` varchar(50) DEFAULT NULL,
  `_deposittype` varchar(50) DEFAULT NULL,
  `account_objid` varchar(50) DEFAULT NULL,
  `account_code` varchar(50) DEFAULT NULL,
  `account_name` varchar(100) DEFAULT NULL,
  `account_fund_objid` varchar(100) DEFAULT NULL,
  `account_fund_name` varchar(50) DEFAULT NULL,
  `account_bank` varchar(100) DEFAULT NULL,
  `fund_objid` varchar(100) DEFAULT NULL,
  `refid` varchar(50) DEFAULT NULL,
  `checkid` varchar(50) DEFAULT NULL,
  `voidamount` decimal(16,4) DEFAULT NULL,
  PRIMARY KEY (`objid`),
  KEY `ix_account_fund_objid` (`account_fund_objid`),
  KEY `ix_account_objid` (`account_objid`),
  KEY `ix_bankid` (`_bankid`),
  KEY `ix_checkid` (`checkid`),
  KEY `ix_fund_objid` (`fund_objid`),
  KEY `ix_receiptid` (`receiptid`),
  KEY `ix_refdate` (`refdate`),
  KEY `ix_refid` (`refid`),
  KEY `ix_refno` (`refno`),
  CONSTRAINT `fk_cashreceiptpayment_noncash_fund_objid` FOREIGN KEY (`fund_objid`) REFERENCES `fund` (`objid`),
  CONSTRAINT `fk_cashreceiptpayment_noncash_cashreceipt` FOREIGN KEY (`receiptid`) REFERENCES `cashreceipt` (`objid`)
) ENGINE=InnoDB DEFAULT CHARSET=utf8;
/*!40101 SET character_set_client = @saved_cs_client */;

--
-- Dumping data for table `cashreceiptpayment_noncash`
--

LOCK TABLES `cashreceiptpayment_noncash` WRITE;
/*!40000 ALTER TABLE `cashreceiptpayment_noncash` DISABLE KEYS */;
/*!40000 ALTER TABLE `cashreceiptpayment_noncash` ENABLE KEYS */;
UNLOCK TABLES;

--
-- Table structure for table `cashreceipts`
--

DROP TABLE IF EXISTS `cashreceipts`;
/*!40101 SET @saved_cs_client     = @@character_set_client */;
/*!40101 SET character_set_client = utf8 */;
CREATE TABLE `cashreceipts` (
  `objid` varchar(50) NOT NULL,
  PRIMARY KEY (`objid`)
) ENGINE=InnoDB DEFAULT CHARSET=utf8;
/*!40101 SET character_set_client = @saved_cs_client */;

--
-- Dumping data for table `cashreceipts`
--

LOCK TABLES `cashreceipts` WRITE;
/*!40000 ALTER TABLE `cashreceipts` DISABLE KEYS */;
/*!40000 ALTER TABLE `cashreceipts` ENABLE KEYS */;
UNLOCK TABLES;

--
-- Table structure for table `certification`
--

DROP TABLE IF EXISTS `certification`;
/*!40101 SET @saved_cs_client     = @@character_set_client */;
/*!40101 SET character_set_client = utf8 */;
CREATE TABLE `certification` (
  `objid` varchar(50) NOT NULL,
  `txnno` varchar(25) NOT NULL,
  `txndate` datetime NOT NULL,
  `type` varchar(50) NOT NULL,
  `refid` varchar(50) DEFAULT NULL,
  `name` varchar(200) NOT NULL,
  `address` text NOT NULL,
  `requestedby` longtext NOT NULL,
  `requestedbyaddress` varchar(100) NOT NULL,
  `purpose` text,
  `certifiedby` varchar(150) NOT NULL,
  `certifiedbytitle` varchar(50) NOT NULL,
  `byauthority` varchar(150) DEFAULT NULL,
  `byauthoritytitle` varchar(50) DEFAULT NULL,
  `orno` varchar(25) DEFAULT NULL,
  `ordate` datetime DEFAULT NULL,
  `oramount` decimal(16,2) NOT NULL,
  `stampamount` decimal(16,2) NOT NULL,
  `createdbyid` varchar(50) DEFAULT NULL,
  `createdby` varchar(150) NOT NULL,
  `createdbytitle` varchar(50) NOT NULL,
  `office` varchar(50) DEFAULT NULL,
  `info` text,
  PRIMARY KEY (`objid`),
  KEY `ix_createdby` (`createdby`),
  KEY `ix_createdbyid` (`createdbyid`),
  KEY `ix_name` (`name`),
  KEY `ix_ordate` (`ordate`),
  KEY `ix_orno` (`orno`),
  KEY `ix_txndate` (`txndate`),
  KEY `ix_txnno` (`txnno`),
  KEY `ix_type` (`type`)
) ENGINE=InnoDB DEFAULT CHARSET=utf8;
/*!40101 SET character_set_client = @saved_cs_client */;

--
-- Dumping data for table `certification`
--

LOCK TABLES `certification` WRITE;
/*!40000 ALTER TABLE `certification` DISABLE KEYS */;
/*!40000 ALTER TABLE `certification` ENABLE KEYS */;
UNLOCK TABLES;

--
-- Table structure for table `checkpayment`
--

DROP TABLE IF EXISTS `checkpayment`;
/*!40101 SET @saved_cs_client     = @@character_set_client */;
/*!40101 SET character_set_client = utf8 */;
CREATE TABLE `checkpayment` (
  `objid` varchar(50) NOT NULL,
  `bankid` varchar(50) DEFAULT NULL,
  `refno` varchar(50) DEFAULT NULL,
  `refdate` date DEFAULT NULL,
  `amount` decimal(16,4) DEFAULT NULL,
  `receiptid` varchar(50) DEFAULT NULL,
  `bank_name` varchar(255) DEFAULT NULL,
  `amtused` decimal(16,4) DEFAULT NULL,
  `receivedfrom` longtext,
  `state` varchar(50) DEFAULT NULL,
  `depositvoucherid` varchar(50) DEFAULT NULL,
  `fundid` varchar(100) DEFAULT NULL,
  `depositslipid` varchar(100) DEFAULT NULL,
  `split` int(11) NOT NULL,
  `external` int(11) NOT NULL DEFAULT '0',
  `collector_objid` varchar(50) DEFAULT NULL,
  `collector_name` varchar(255) DEFAULT NULL,
  `subcollector_objid` varchar(50) DEFAULT NULL,
  `subcollector_name` varchar(255) DEFAULT NULL,
  PRIMARY KEY (`objid`),
  KEY `ix_bankid` (`bankid`),
  KEY `ix_collector_name` (`collector_name`),
  KEY `ix_collectorid` (`collector_objid`),
  KEY `ix_depositslipid` (`depositslipid`),
  KEY `ix_depositvoucherid` (`depositvoucherid`),
  KEY `ix_fundid` (`fundid`),
  KEY `ix_receiptid` (`receiptid`),
  KEY `ix_refdate` (`refdate`),
  KEY `ix_refno` (`refno`),
  KEY `ix_state` (`state`),
  KEY `ix_subcollector_objid` (`subcollector_objid`),
  CONSTRAINT `fk_paymentcheck_fund` FOREIGN KEY (`fundid`) REFERENCES `fund` (`objid`),
  CONSTRAINT `fk_checkpayment_depositslipid` FOREIGN KEY (`depositslipid`) REFERENCES `depositslip` (`objid`),
  CONSTRAINT `fk_paymentcheck_depositvoucher` FOREIGN KEY (`depositvoucherid`) REFERENCES `depositvoucher` (`objid`)
) ENGINE=InnoDB DEFAULT CHARSET=utf8;
/*!40101 SET character_set_client = @saved_cs_client */;

--
-- Dumping data for table `checkpayment`
--

LOCK TABLES `checkpayment` WRITE;
/*!40000 ALTER TABLE `checkpayment` DISABLE KEYS */;
/*!40000 ALTER TABLE `checkpayment` ENABLE KEYS */;
UNLOCK TABLES;

--
-- Table structure for table `checkpayment_deadchecks`
--

DROP TABLE IF EXISTS `checkpayment_deadchecks`;
/*!40101 SET @saved_cs_client     = @@character_set_client */;
/*!40101 SET character_set_client = utf8 */;
CREATE TABLE `checkpayment_deadchecks` (
  `objid` varchar(50) NOT NULL,
  `bankid` varchar(50) DEFAULT NULL,
  `refno` varchar(50) DEFAULT NULL,
  `refdate` date DEFAULT NULL,
  `amount` decimal(16,4) DEFAULT NULL,
  `collector_objid` varchar(50) DEFAULT NULL,
  `bank_name` varchar(255) DEFAULT NULL,
  `amtused` decimal(16,4) DEFAULT NULL,
  `receivedfrom` varchar(255) DEFAULT NULL,
  `state` varchar(50) DEFAULT NULL,
  `depositvoucherid` varchar(50) DEFAULT NULL,
  `fundid` varchar(100) DEFAULT NULL,
  `depositslipid` varchar(100) DEFAULT NULL,
  `split` int(11) NOT NULL,
  `amtdeposited` decimal(16,4) DEFAULT NULL,
  `external` int(11) DEFAULT NULL,
  `collector_name` varchar(255) DEFAULT NULL,
  `subcollector_objid` varchar(50) DEFAULT NULL,
  `subcollector_name` varchar(255) DEFAULT NULL,
  `collectorid` varchar(50) DEFAULT NULL,
  PRIMARY KEY (`objid`),
  KEY `ix_bankid` (`bankid`),
  KEY `ix_collector_name` (`collector_name`),
  KEY `ix_collectorid` (`collector_objid`),
  KEY `ix_collectorid_` (`collectorid`),
  KEY `ix_depositslipid` (`depositslipid`),
  KEY `ix_depositvoucherid` (`depositvoucherid`),
  KEY `ix_fundid` (`fundid`),
  KEY `ix_refdate` (`refdate`),
  KEY `ix_refno` (`refno`),
  KEY `ix_subcollector_objid` (`subcollector_objid`)
) ENGINE=InnoDB DEFAULT CHARSET=utf8;
/*!40101 SET character_set_client = @saved_cs_client */;

--
-- Dumping data for table `checkpayment_deadchecks`
--

LOCK TABLES `checkpayment_deadchecks` WRITE;
/*!40000 ALTER TABLE `checkpayment_deadchecks` DISABLE KEYS */;
/*!40000 ALTER TABLE `checkpayment_deadchecks` ENABLE KEYS */;
UNLOCK TABLES;

--
-- Table structure for table `checkpayment_dishonored`
--

DROP TABLE IF EXISTS `checkpayment_dishonored`;
/*!40101 SET @saved_cs_client     = @@character_set_client */;
/*!40101 SET character_set_client = utf8 */;
CREATE TABLE `checkpayment_dishonored` (
  `objid` varchar(50) NOT NULL,
  `checkpaymentid` varchar(50) NOT NULL,
  `dtfiled` datetime NOT NULL,
  `filedby_objid` varchar(50) NOT NULL,
  `filedby_name` varchar(150) NOT NULL,
  `remarks` varchar(255) NOT NULL,
  PRIMARY KEY (`objid`),
  KEY `ix_checkpaymentid` (`checkpaymentid`),
  KEY `ix_dtfiled` (`dtfiled`),
  KEY `ix_filedby_name` (`filedby_name`),
  KEY `ix_filedby_objid` (`filedby_objid`),
  CONSTRAINT `fk_checkpayment_dishonored_checkpaymentid` FOREIGN KEY (`checkpaymentid`) REFERENCES `checkpayment` (`objid`)
) ENGINE=InnoDB DEFAULT CHARSET=utf8;
/*!40101 SET character_set_client = @saved_cs_client */;

--
-- Dumping data for table `checkpayment_dishonored`
--

LOCK TABLES `checkpayment_dishonored` WRITE;
/*!40000 ALTER TABLE `checkpayment_dishonored` DISABLE KEYS */;
/*!40000 ALTER TABLE `checkpayment_dishonored` ENABLE KEYS */;
UNLOCK TABLES;

--
-- Table structure for table `citizenship`
--

DROP TABLE IF EXISTS `citizenship`;
/*!40101 SET @saved_cs_client     = @@character_set_client */;
/*!40101 SET character_set_client = utf8 */;
CREATE TABLE `citizenship` (
  `objid` varchar(50) NOT NULL DEFAULT '',
  PRIMARY KEY (`objid`)
) ENGINE=InnoDB DEFAULT CHARSET=utf8;
/*!40101 SET character_set_client = @saved_cs_client */;

--
-- Dumping data for table `citizenship`
--

LOCK TABLES `citizenship` WRITE;
/*!40000 ALTER TABLE `citizenship` DISABLE KEYS */;
INSERT INTO `citizenship` VALUES ('FILIPINO');
/*!40000 ALTER TABLE `citizenship` ENABLE KEYS */;
UNLOCK TABLES;

--
-- Table structure for table `city`
--

DROP TABLE IF EXISTS `city`;
/*!40101 SET @saved_cs_client     = @@character_set_client */;
/*!40101 SET character_set_client = utf8 */;
CREATE TABLE `city` (
  `objid` varchar(50) NOT NULL,
  `state` varchar(10) DEFAULT NULL,
  `indexno` varchar(15) DEFAULT NULL,
  `pin` varchar(15) DEFAULT NULL,
  `name` varchar(50) DEFAULT NULL,
  `previd` varchar(50) DEFAULT NULL,
  `parentid` varchar(50) DEFAULT NULL,
  `mayor_name` varchar(100) DEFAULT NULL,
  `mayor_title` varchar(50) DEFAULT NULL,
  `mayor_office` varchar(50) DEFAULT NULL,
  `assessor_name` varchar(100) DEFAULT NULL,
  `assessor_title` varchar(50) DEFAULT NULL,
  `assessor_office` varchar(50) DEFAULT NULL,
  `treasurer_name` varchar(100) DEFAULT NULL,
  `treasurer_title` varchar(50) DEFAULT NULL,
  `treasurer_office` varchar(50) DEFAULT NULL,
  `address` varchar(100) DEFAULT NULL,
  `fullname` varchar(50) DEFAULT NULL,
  PRIMARY KEY (`objid`),
  KEY `ix_indexno` (`indexno`),
  KEY `ix_parentid` (`parentid`),
  KEY `ix_pin` (`pin`),
  KEY `ix_previd` (`previd`),
  CONSTRAINT `fk_city_org` FOREIGN KEY (`objid`) REFERENCES `sys_org` (`objid`)
) ENGINE=InnoDB DEFAULT CHARSET=utf8;
/*!40101 SET character_set_client = @saved_cs_client */;

--
-- Dumping data for table `city`
--

LOCK TABLES `city` WRITE;
/*!40000 ALTER TABLE `city` DISABLE KEYS */;
/*!40000 ALTER TABLE `city` ENABLE KEYS */;
UNLOCK TABLES;

--
-- Table structure for table `collectiongroup`
--

DROP TABLE IF EXISTS `collectiongroup`;
/*!40101 SET @saved_cs_client     = @@character_set_client */;
/*!40101 SET character_set_client = utf8 */;
CREATE TABLE `collectiongroup` (
  `objid` varchar(50) NOT NULL,
  `state` varchar(30) DEFAULT NULL,
  `name` varchar(150) NOT NULL,
  `sharing` int(11) DEFAULT NULL,
  PRIMARY KEY (`objid`),
  KEY `ix_state` (`state`)
) ENGINE=InnoDB DEFAULT CHARSET=utf8;
/*!40101 SET character_set_client = @saved_cs_client */;

--
-- Dumping data for table `collectiongroup`
--

LOCK TABLES `collectiongroup` WRITE;
/*!40000 ALTER TABLE `collectiongroup` DISABLE KEYS */;
/*!40000 ALTER TABLE `collectiongroup` ENABLE KEYS */;
UNLOCK TABLES;

--
-- Table structure for table `collectiongroup_account`
--

DROP TABLE IF EXISTS `collectiongroup_account`;
/*!40101 SET @saved_cs_client     = @@character_set_client */;
/*!40101 SET character_set_client = utf8 */;
CREATE TABLE `collectiongroup_account` (
  `collectiongroupid` varchar(50) NOT NULL,
  `account_objid` varchar(50) NOT NULL,
  `sortorder` int(11) NOT NULL,
  `valuetype` varchar(50) DEFAULT NULL,
  `defaultvalue` decimal(16,2) DEFAULT NULL,
  `objid` varchar(50) NOT NULL,
  `account_title` varchar(255) NOT NULL,
  `tag` varchar(255) DEFAULT NULL,
  PRIMARY KEY (`objid`),
  UNIQUE KEY `uix_collectiongroup_account` (`collectiongroupid`,`account_objid`),
  KEY `ix_collectiongroupid` (`collectiongroupid`),
  KEY `ix_revenueitemid` (`account_objid`),
  CONSTRAINT `fk_collectiongroup_account_collectiongroupid` FOREIGN KEY (`collectiongroupid`) REFERENCES `collectiongroup` (`objid`),
  CONSTRAINT `fk_collectiongroup_account_account_objid` FOREIGN KEY (`account_objid`) REFERENCES `itemaccount` (`objid`)
) ENGINE=InnoDB DEFAULT CHARSET=utf8;
/*!40101 SET character_set_client = @saved_cs_client */;

--
-- Dumping data for table `collectiongroup_account`
--

LOCK TABLES `collectiongroup_account` WRITE;
/*!40000 ALTER TABLE `collectiongroup_account` DISABLE KEYS */;
/*!40000 ALTER TABLE `collectiongroup_account` ENABLE KEYS */;
UNLOCK TABLES;

--
-- Table structure for table `collectiongroup_org`
--

DROP TABLE IF EXISTS `collectiongroup_org`;
/*!40101 SET @saved_cs_client     = @@character_set_client */;
/*!40101 SET character_set_client = utf8 */;
CREATE TABLE `collectiongroup_org` (
  `objid` varchar(100) NOT NULL,
  `collectiongroupid` varchar(50) NOT NULL,
  `org_objid` varchar(50) NOT NULL,
  `org_name` varchar(255) NOT NULL,
  `org_type` varchar(50) NOT NULL,
  PRIMARY KEY (`objid`),
  UNIQUE KEY `uix_collectiongroup_org` (`collectiongroupid`,`org_objid`),
  KEY `ix_collectiongroupid` (`collectiongroupid`),
  KEY `ix_org_objid` (`org_objid`),
  CONSTRAINT `fk_collectiongroup_org_parent` FOREIGN KEY (`collectiongroupid`) REFERENCES `collectiongroup` (`objid`)
) ENGINE=InnoDB DEFAULT CHARSET=utf8;
/*!40101 SET character_set_client = @saved_cs_client */;

--
-- Dumping data for table `collectiongroup_org`
--

LOCK TABLES `collectiongroup_org` WRITE;
/*!40000 ALTER TABLE `collectiongroup_org` DISABLE KEYS */;
/*!40000 ALTER TABLE `collectiongroup_org` ENABLE KEYS */;
UNLOCK TABLES;

--
-- Table structure for table `collectiontype`
--

DROP TABLE IF EXISTS `collectiontype`;
/*!40101 SET @saved_cs_client     = @@character_set_client */;
/*!40101 SET character_set_client = utf8 */;
CREATE TABLE `collectiontype` (
  `objid` varchar(50) NOT NULL,
  `state` varchar(10) DEFAULT NULL,
  `name` varchar(50) DEFAULT NULL,
  `title` varchar(50) DEFAULT NULL,
  `formno` varchar(10) DEFAULT NULL,
  `handler` varchar(25) DEFAULT NULL,
  `allowbatch` int(11) DEFAULT '0',
  `barcodekey` varchar(100) DEFAULT NULL,
  `allowonline` int(11) DEFAULT '0',
  `allowoffline` int(11) DEFAULT '0',
  `sortorder` int(11) DEFAULT '0',
  `org_objid` varchar(50) DEFAULT NULL,
  `org_name` varchar(50) DEFAULT NULL,
  `fund_objid` varchar(100) DEFAULT NULL,
  `fund_title` varchar(255) DEFAULT NULL,
  `category` varchar(100) DEFAULT NULL,
  `allowpaymentorder` int(11) DEFAULT '0',
  `allowkiosk` int(11) DEFAULT '0',
  `allowcreditmemo` int(11) DEFAULT '0',
  `system` int(11) DEFAULT '0',
  `queuesection` varchar(50) DEFAULT NULL,
  `info` text,
  PRIMARY KEY (`objid`),
  KEY `ix_formno` (`formno`),
  KEY `ix_fund_objid` (`fund_objid`),
  KEY `ix_handler` (`handler`),
  KEY `ix_name` (`name`),
  KEY `ix_org_objid` (`org_objid`),
  KEY `ix_state` (`state`),
  CONSTRAINT `fk_collectiontype_fund_objid` FOREIGN KEY (`fund_objid`) REFERENCES `fund` (`objid`)
) ENGINE=InnoDB DEFAULT CHARSET=utf8;
/*!40101 SET character_set_client = @saved_cs_client */;

--
-- Dumping data for table `collectiontype`
--

LOCK TABLES `collectiontype` WRITE;
/*!40000 ALTER TABLE `collectiontype` DISABLE KEYS */;
INSERT INTO `collectiontype` VALUES ('BUSINESS_COLLECTION','ACTIVE','BUSINESS_COLLECTION','Business Collection','51','bpls',0,'51005',1,1,-90,NULL,NULL,NULL,NULL,NULL,0,0,0,0,NULL,NULL),('COLLTYPE-6fd347bb:15dabc64ca0:-72c4','ACTIVE','MARRIAGE_LICENSE_FEE','Marriage Licence Fee','54','marriage',1,NULL,1,1,0,NULL,NULL,NULL,NULL,NULL,0,0,0,0,NULL,NULL),('COLLTYPE4e48d2f0:1650d22b377:-7d85','ACTIVE','BURIAL_PERMIT','BURIAL_PERMIT','58','misc',0,NULL,1,1,0,NULL,NULL,NULL,NULL,NULL,0,0,0,0,NULL,NULL),('COLLTYPE62f5207:16266829ec6:-77fc','ACTIVE','REAL_PROPERTY_COLLECTION','REAL_PROPERTY_COLLECTION','56','rpt',0,'56001',1,0,0,NULL,NULL,NULL,NULL,NULL,0,0,0,0,NULL,'[:]'),('COLLTYPE7816cd63:15da1cccab3:-6856','ACTIVE','TRUST_COLLECTION','TRUST COLLECTION','51','misc',0,NULL,1,1,0,NULL,NULL,'TRUST','TRUST-PROPER',NULL,0,0,0,0,NULL,NULL),('CREDIT_MEMO_COLLECTION','ACTIVE','CREDIT_MEMO_COLLECTION','Credit Memo Collection','51','creditmemo',0,NULL,1,0,50,NULL,NULL,NULL,NULL,NULL,0,0,0,0,NULL,NULL),('GENERAL_COLLECTION','ACTIVE','GENERAL_COLLECTION','General Collection','51','misc',1,NULL,1,1,-100,NULL,NULL,NULL,NULL,NULL,0,0,0,0,NULL,NULL),('LCO_COLLECTION','ACTIVE','LARGE_CATTLE_OWNERSHIP','LARGE CATTLE OWNERSHIP','53','misc',1,NULL,0,1,95,NULL,NULL,NULL,NULL,NULL,0,0,0,0,NULL,NULL),('LCT_COLLECTION','ACTIVE','LARGE_CATTLE_TRANSFER','LARGE CATTLE TRANSFER','52','misc',1,NULL,0,1,95,NULL,NULL,NULL,NULL,NULL,0,0,0,0,NULL,NULL);
/*!40000 ALTER TABLE `collectiontype` ENABLE KEYS */;
UNLOCK TABLES;

--
-- Table structure for table `collectiontype_account`
--

DROP TABLE IF EXISTS `collectiontype_account`;
/*!40101 SET @saved_cs_client     = @@character_set_client */;
/*!40101 SET character_set_client = utf8 */;
CREATE TABLE `collectiontype_account` (
  `collectiontypeid` varchar(50) NOT NULL,
  `account_objid` varchar(50) NOT NULL,
  `account_title` varchar(100) DEFAULT NULL,
  `tag` varchar(50) DEFAULT NULL,
  `defaultvalue` decimal(16,2) DEFAULT NULL,
  `valuetype` varchar(20) DEFAULT NULL,
  `sortorder` int(11) DEFAULT NULL,
  `objid` varchar(50) NOT NULL,
  PRIMARY KEY (`objid`),
  UNIQUE KEY `uix_collectiontype_account` (`collectiontypeid`,`account_objid`),
  KEY `ix_account_objid` (`account_objid`),
  KEY `ix_account_title` (`account_title`),
  KEY `ix_collectiontypeid` (`collectiontypeid`),
  CONSTRAINT `fk_collectiontype_account_parentid` FOREIGN KEY (`collectiontypeid`) REFERENCES `collectiontype` (`objid`),
  CONSTRAINT `fk_collectiontype_account_account` FOREIGN KEY (`account_objid`) REFERENCES `itemaccount` (`objid`),
  CONSTRAINT `fk_collectiontype_account_account_objid` FOREIGN KEY (`account_objid`) REFERENCES `itemaccount` (`objid`),
  CONSTRAINT `fk_collectiontype_account_collectiontype` FOREIGN KEY (`collectiontypeid`) REFERENCES `collectiontype` (`objid`)
) ENGINE=InnoDB DEFAULT CHARSET=utf8;
/*!40101 SET character_set_client = @saved_cs_client */;

--
-- Dumping data for table `collectiontype_account`
--

LOCK TABLES `collectiontype_account` WRITE;
/*!40000 ALTER TABLE `collectiontype_account` DISABLE KEYS */;
/*!40000 ALTER TABLE `collectiontype_account` ENABLE KEYS */;
UNLOCK TABLES;

--
-- Table structure for table `collectiontype_org`
--

DROP TABLE IF EXISTS `collectiontype_org`;
/*!40101 SET @saved_cs_client     = @@character_set_client */;
/*!40101 SET character_set_client = utf8 */;
CREATE TABLE `collectiontype_org` (
  `objid` varchar(100) NOT NULL,
  `collectiontypeid` varchar(50) DEFAULT NULL,
  `org_objid` varchar(50) DEFAULT NULL,
  `org_name` varchar(150) DEFAULT NULL,
  `org_type` varchar(50) DEFAULT NULL,
  PRIMARY KEY (`objid`),
  UNIQUE KEY `uix_collectiontype_org` (`collectiontypeid`,`org_objid`),
  KEY `ix_collectiontypeid` (`collectiontypeid`),
  KEY `ix_org_name` (`org_name`),
  KEY `ix_org_objid` (`org_objid`),
  CONSTRAINT `fk_collectiontype_org_parent` FOREIGN KEY (`collectiontypeid`) REFERENCES `collectiontype` (`objid`)
) ENGINE=InnoDB DEFAULT CHARSET=utf8;
/*!40101 SET character_set_client = @saved_cs_client */;

--
-- Dumping data for table `collectiontype_org`
--

LOCK TABLES `collectiontype_org` WRITE;
/*!40000 ALTER TABLE `collectiontype_org` DISABLE KEYS */;
/*!40000 ALTER TABLE `collectiontype_org` ENABLE KEYS */;
UNLOCK TABLES;

--
-- Table structure for table `collectionvoucher`
--

DROP TABLE IF EXISTS `collectionvoucher`;
/*!40101 SET @saved_cs_client     = @@character_set_client */;
/*!40101 SET character_set_client = utf8 */;
CREATE TABLE `collectionvoucher` (
  `objid` varchar(50) NOT NULL,
  `state` varchar(50) NOT NULL,
  `controlno` varchar(100) NOT NULL,
  `controldate` date NOT NULL,
  `dtposted` datetime NOT NULL,
  `liquidatingofficer_objid` varchar(50) DEFAULT NULL,
  `liquidatingofficer_name` varchar(100) DEFAULT NULL,
  `liquidatingofficer_title` varchar(50) DEFAULT NULL,
  `liquidatingofficer_signature` longtext,
  `amount` decimal(18,2) DEFAULT NULL,
  `totalcash` decimal(18,2) DEFAULT NULL,
  `totalcheck` decimal(16,4) DEFAULT NULL,
  `cashbreakdown` longtext,
  `totalcr` decimal(16,4) DEFAULT NULL,
  `depositvoucherid` varchar(50) DEFAULT NULL,
  PRIMARY KEY (`objid`),
  UNIQUE KEY `uix_controlno` (`controlno`),
  KEY `ix_controldate` (`controldate`),
  KEY `ix_depositvoucherid` (`depositvoucherid`),
  KEY `ix_dtposted` (`dtposted`),
  KEY `ix_liquidatingofficer_name` (`liquidatingofficer_name`),
  KEY `ix_liquidatingofficer_objid` (`liquidatingofficer_objid`),
  KEY `ix_state` (`state`),
  CONSTRAINT `fk_collectionvoucher_liquidatingofficer` FOREIGN KEY (`liquidatingofficer_objid`) REFERENCES `sys_user` (`objid`),
  CONSTRAINT `fk_collectionvoucher_depositvoucherid` FOREIGN KEY (`depositvoucherid`) REFERENCES `depositvoucher` (`objid`)
) ENGINE=InnoDB DEFAULT CHARSET=utf8;
/*!40101 SET character_set_client = @saved_cs_client */;

--
-- Dumping data for table `collectionvoucher`
--

LOCK TABLES `collectionvoucher` WRITE;
/*!40000 ALTER TABLE `collectionvoucher` DISABLE KEYS */;
/*!40000 ALTER TABLE `collectionvoucher` ENABLE KEYS */;
UNLOCK TABLES;

--
-- Table structure for table `collectionvoucher_fund`
--

DROP TABLE IF EXISTS `collectionvoucher_fund`;
/*!40101 SET @saved_cs_client     = @@character_set_client */;
/*!40101 SET character_set_client = utf8 */;
CREATE TABLE `collectionvoucher_fund` (
  `objid` varchar(255) NOT NULL,
  `controlno` varchar(100) NOT NULL,
  `parentid` varchar(50) NOT NULL,
  `fund_objid` varchar(100) NOT NULL,
  `fund_title` varchar(100) NOT NULL,
  `amount` decimal(16,4) NOT NULL,
  `totalcash` decimal(16,4) NOT NULL,
  `totalcheck` decimal(16,4) NOT NULL,
  `totalcr` decimal(16,4) NOT NULL,
  `cashbreakdown` longtext,
  `depositvoucherid` varchar(50) DEFAULT NULL,
  PRIMARY KEY (`objid`),
  UNIQUE KEY `uix_parentid_fund_objid` (`parentid`,`fund_objid`),
  KEY `ix_controlno` (`controlno`),
  KEY `ix_depositvoucherid` (`depositvoucherid`),
  KEY `ix_fund_objid` (`fund_objid`),
  KEY `ix_parentid` (`parentid`),
  CONSTRAINT `fk_collectionvoucher_fund_parentid` FOREIGN KEY (`parentid`) REFERENCES `collectionvoucher` (`objid`),
  CONSTRAINT `fk_collectionvoucher_fund_fund_objid` FOREIGN KEY (`fund_objid`) REFERENCES `fund` (`objid`)
) ENGINE=InnoDB DEFAULT CHARSET=utf8;
/*!40101 SET character_set_client = @saved_cs_client */;

--
-- Dumping data for table `collectionvoucher_fund`
--

LOCK TABLES `collectionvoucher_fund` WRITE;
/*!40000 ALTER TABLE `collectionvoucher_fund` DISABLE KEYS */;
/*!40000 ALTER TABLE `collectionvoucher_fund` ENABLE KEYS */;
UNLOCK TABLES;

--
-- Table structure for table `consolidatedland`
--

DROP TABLE IF EXISTS `consolidatedland`;
/*!40101 SET @saved_cs_client     = @@character_set_client */;
/*!40101 SET character_set_client = utf8 */;
CREATE TABLE `consolidatedland` (
  `objid` varchar(50) NOT NULL,
  `consolidationid` varchar(50) NOT NULL,
  `landfaasid` varchar(50) NOT NULL,
  `rpuid` varchar(50) NOT NULL,
  `rpid` varchar(50) NOT NULL,
  PRIMARY KEY (`objid`),
  KEY `FK_consolidatedland_consolidation` (`consolidationid`),
  KEY `FK_consolidatedland_faas` (`landfaasid`),
  CONSTRAINT `consolidatedland_ibfk_2` FOREIGN KEY (`landfaasid`) REFERENCES `faas` (`objid`),
  CONSTRAINT `consolidatedland_ibfk_1` FOREIGN KEY (`consolidationid`) REFERENCES `consolidation` (`objid`)
) ENGINE=InnoDB DEFAULT CHARSET=utf8;
/*!40101 SET character_set_client = @saved_cs_client */;

--
-- Dumping data for table `consolidatedland`
--

LOCK TABLES `consolidatedland` WRITE;
/*!40000 ALTER TABLE `consolidatedland` DISABLE KEYS */;
/*!40000 ALTER TABLE `consolidatedland` ENABLE KEYS */;
UNLOCK TABLES;

--
-- Table structure for table `consolidation`
--

DROP TABLE IF EXISTS `consolidation`;
/*!40101 SET @saved_cs_client     = @@character_set_client */;
/*!40101 SET character_set_client = utf8 */;
CREATE TABLE `consolidation` (
  `objid` varchar(50) NOT NULL,
  `state` varchar(25) NOT NULL,
  `txnno` varchar(25) NOT NULL,
  `txndate` datetime DEFAULT NULL,
  `ry` int(11) NOT NULL,
  `txntype_objid` varchar(50) DEFAULT NULL,
  `autonumber` int(11) DEFAULT NULL,
  `effectivityyear` int(11) DEFAULT NULL,
  `effectivityqtr` int(11) DEFAULT NULL,
  `newtdno` varchar(50) DEFAULT NULL,
  `newutdno` varchar(50) DEFAULT NULL,
  `newtitletype` varchar(50) DEFAULT NULL,
  `newtitleno` varchar(50) DEFAULT NULL,
  `newtitledate` varchar(50) DEFAULT NULL,
  `memoranda` text,
  `lguid` varchar(50) DEFAULT NULL,
  `lgutype` varchar(50) DEFAULT NULL,
  `newrpid` varchar(50) DEFAULT NULL,
  `newrpuid` varchar(50) DEFAULT NULL,
  `newfaasid` varchar(50) DEFAULT NULL,
  `taxpayer_objid` varchar(50) DEFAULT NULL,
  `taxpayer_name` text,
  `taxpayer_address` varchar(200) DEFAULT NULL,
  `owner_name` text,
  `owner_address` varchar(200) DEFAULT NULL,
  `administrator_objid` varchar(50) DEFAULT NULL,
  `administrator_name` varchar(500) DEFAULT NULL,
  `administrator_address` varchar(200) DEFAULT NULL,
  `administratorid` varchar(50) DEFAULT NULL,
  `administratorname` varchar(500) DEFAULT NULL,
  `administratoraddress` varchar(200) DEFAULT NULL,
  `signatories` varchar(500) DEFAULT NULL,
  `originlguid` varchar(50) DEFAULT NULL,
  PRIMARY KEY (`objid`),
  KEY `FK_consolidation_newfaas` (`newfaasid`),
  KEY `FK_consolidation_newrp` (`newrpid`),
  KEY `FK_consolidation_newrpu` (`newrpuid`),
  KEY `ix_consolidation_newtdno` (`newtdno`),
  KEY `txntype_objid` (`txntype_objid`),
  CONSTRAINT `consolidation_ibfk_3` FOREIGN KEY (`newrpuid`) REFERENCES `rpu` (`objid`),
  CONSTRAINT `consolidation_ibfk_1` FOREIGN KEY (`newfaasid`) REFERENCES `faas` (`objid`),
  CONSTRAINT `consolidation_ibfk_2` FOREIGN KEY (`newrpid`) REFERENCES `realproperty` (`objid`)
) ENGINE=InnoDB DEFAULT CHARSET=utf8;
/*!40101 SET character_set_client = @saved_cs_client */;

--
-- Dumping data for table `consolidation`
--

LOCK TABLES `consolidation` WRITE;
/*!40000 ALTER TABLE `consolidation` DISABLE KEYS */;
/*!40000 ALTER TABLE `consolidation` ENABLE KEYS */;
UNLOCK TABLES;

--
-- Table structure for table `consolidation_task`
--

DROP TABLE IF EXISTS `consolidation_task`;
/*!40101 SET @saved_cs_client     = @@character_set_client */;
/*!40101 SET character_set_client = utf8 */;
CREATE TABLE `consolidation_task` (
  `objid` varchar(50) NOT NULL DEFAULT '',
  `refid` varchar(50) DEFAULT NULL,
  `parentprocessid` varchar(50) DEFAULT NULL,
  `state` varchar(50) DEFAULT NULL,
  `startdate` datetime DEFAULT NULL,
  `enddate` datetime DEFAULT NULL,
  `assignee_objid` varchar(50) DEFAULT NULL,
  `assignee_name` varchar(100) DEFAULT NULL,
  `assignee_title` varchar(80) DEFAULT NULL,
  `actor_objid` varchar(50) DEFAULT NULL,
  `actor_name` varchar(100) DEFAULT NULL,
  `actor_title` varchar(80) DEFAULT NULL,
  `message` varchar(255) DEFAULT NULL,
  `signature` text,
  `returnedby` varchar(100) DEFAULT NULL,
  PRIMARY KEY (`objid`),
  KEY `ix_assignee_objid` (`assignee_objid`),
  KEY `ix_refid` (`refid`)
) ENGINE=InnoDB DEFAULT CHARSET=utf8;
/*!40101 SET character_set_client = @saved_cs_client */;

--
-- Dumping data for table `consolidation_task`
--

LOCK TABLES `consolidation_task` WRITE;
/*!40000 ALTER TABLE `consolidation_task` DISABLE KEYS */;
/*!40000 ALTER TABLE `consolidation_task` ENABLE KEYS */;
UNLOCK TABLES;

--
-- Table structure for table `consolidationaffectedrpu`
--

DROP TABLE IF EXISTS `consolidationaffectedrpu`;
/*!40101 SET @saved_cs_client     = @@character_set_client */;
/*!40101 SET character_set_client = utf8 */;
CREATE TABLE `consolidationaffectedrpu` (
  `objid` varchar(50) NOT NULL,
  `consolidationid` varchar(50) NOT NULL,
  `landfaasid` varchar(50) NOT NULL,
  `prevfaasid` varchar(50) NOT NULL,
  `newrpid` varchar(50) NOT NULL,
  `newrpuid` varchar(50) NOT NULL,
  `newfaasid` varchar(50) DEFAULT NULL,
  `newtdno` varchar(50) DEFAULT NULL,
  `newutdno` varchar(50) DEFAULT NULL,
  `newsuffix` int(11) DEFAULT NULL,
  `memoranda` varchar(500) DEFAULT NULL,
  PRIMARY KEY (`objid`),
  KEY `FK_consolidationaffectedrpu_consolidation` (`consolidationid`),
  KEY `FK_consolidationaffectedrpu_newfaas` (`newfaasid`),
  KEY `FK_consolidationaffectedrpu_newrpu` (`newrpuid`),
  KEY `FK_consolidationaffectedrpu_prevfaas` (`prevfaasid`),
  KEY `ix_consolidationaffectedrpu_landfaasid` (`landfaasid`),
  KEY `ix_consolidationaffectedrpu_newtdno` (`newtdno`),
  KEY `newrpid` (`newrpid`),
  CONSTRAINT `consolidationaffectedrpu_ibfk_5` FOREIGN KEY (`newrpid`) REFERENCES `realproperty` (`objid`),
  CONSTRAINT `consolidationaffectedrpu_ibfk_1` FOREIGN KEY (`consolidationid`) REFERENCES `consolidation` (`objid`),
  CONSTRAINT `consolidationaffectedrpu_ibfk_2` FOREIGN KEY (`newfaasid`) REFERENCES `faas` (`objid`),
  CONSTRAINT `consolidationaffectedrpu_ibfk_3` FOREIGN KEY (`newrpuid`) REFERENCES `rpu` (`objid`),
  CONSTRAINT `consolidationaffectedrpu_ibfk_4` FOREIGN KEY (`prevfaasid`) REFERENCES `faas` (`objid`)
) ENGINE=InnoDB DEFAULT CHARSET=utf8;
/*!40101 SET character_set_client = @saved_cs_client */;

--
-- Dumping data for table `consolidationaffectedrpu`
--

LOCK TABLES `consolidationaffectedrpu` WRITE;
/*!40000 ALTER TABLE `consolidationaffectedrpu` DISABLE KEYS */;
/*!40000 ALTER TABLE `consolidationaffectedrpu` ENABLE KEYS */;
UNLOCK TABLES;

--
-- Table structure for table `creditmemo`
--

DROP TABLE IF EXISTS `creditmemo`;
/*!40101 SET @saved_cs_client     = @@character_set_client */;
/*!40101 SET character_set_client = utf8 */;
CREATE TABLE `creditmemo` (
  `objid` varchar(50) NOT NULL,
  `state` varchar(25) NOT NULL,
  `refdate` date NOT NULL,
  `refno` varchar(25) NOT NULL,
  `amount` decimal(16,2) NOT NULL,
  `particulars` varchar(250) DEFAULT NULL,
  `type_objid` varchar(50) DEFAULT NULL,
  `type_title` varchar(150) DEFAULT NULL,
  `bankaccount_objid` varchar(50) DEFAULT NULL,
  `bankaccount_title` varchar(150) DEFAULT NULL,
  `payer_objid` varchar(50) DEFAULT NULL,
  `_payername` varchar(255) DEFAULT NULL,
  `_payeraddress` varchar(255) DEFAULT NULL,
  `controlno` varchar(50) DEFAULT NULL,
  `receiptid` varchar(50) DEFAULT NULL,
  `receiptno` varchar(50) DEFAULT NULL,
  `dtissued` date DEFAULT NULL,
  `issuedby_objid` varchar(50) DEFAULT NULL,
  `issuedby_name` varchar(150) DEFAULT NULL,
  `bankaccount_code` varchar(50) DEFAULT NULL,
  `receiptdate` date DEFAULT NULL,
  `issuereceipt` int(11) DEFAULT NULL,
  `type` varchar(25) DEFAULT NULL,
  `payer_name` varchar(255) NOT NULL,
  `payer_address_objid` varchar(255) DEFAULT NULL,
  `payer_address_text` varchar(255) DEFAULT NULL,
  PRIMARY KEY (`objid`),
  KEY `ix_bankaccount_objid` (`bankaccount_objid`),
  KEY `ix_controlno` (`controlno`),
  KEY `ix_dtissued` (`dtissued`),
  KEY `ix_issuedby_objid` (`issuedby_objid`),
  KEY `ix_payer_address_objid` (`payer_address_objid`),
  KEY `ix_payer_name` (`payer_name`),
  KEY `ix_payer_objid` (`payer_objid`),
  KEY `ix_receiptdate` (`receiptdate`),
  KEY `ix_receiptid` (`receiptid`),
  KEY `ix_receiptno` (`receiptno`),
  KEY `ix_refdate` (`refdate`),
  KEY `ix_refno` (`refno`),
  KEY `ix_state` (`state`),
  KEY `ix_type_objid` (`type_objid`)
) ENGINE=InnoDB DEFAULT CHARSET=utf8;
/*!40101 SET character_set_client = @saved_cs_client */;

--
-- Dumping data for table `creditmemo`
--

LOCK TABLES `creditmemo` WRITE;
/*!40000 ALTER TABLE `creditmemo` DISABLE KEYS */;
/*!40000 ALTER TABLE `creditmemo` ENABLE KEYS */;
UNLOCK TABLES;

--
-- Table structure for table `creditmemoitem`
--

DROP TABLE IF EXISTS `creditmemoitem`;
/*!40101 SET @saved_cs_client     = @@character_set_client */;
/*!40101 SET character_set_client = utf8 */;
CREATE TABLE `creditmemoitem` (
  `objid` varchar(50) NOT NULL,
  `parentid` varchar(50) NOT NULL,
  `item_objid` varchar(50) NOT NULL,
  `amount` decimal(16,2) NOT NULL,
  PRIMARY KEY (`objid`),
  KEY `ix_item_objid` (`item_objid`),
  KEY `ix_parentid` (`parentid`),
  CONSTRAINT `fk_creditmemoitem_parent` FOREIGN KEY (`parentid`) REFERENCES `creditmemo` (`objid`),
  CONSTRAINT `fk_creditmemoitem_itemaccount` FOREIGN KEY (`item_objid`) REFERENCES `itemaccount` (`objid`)
) ENGINE=InnoDB DEFAULT CHARSET=utf8;
/*!40101 SET character_set_client = @saved_cs_client */;

--
-- Dumping data for table `creditmemoitem`
--

LOCK TABLES `creditmemoitem` WRITE;
/*!40000 ALTER TABLE `creditmemoitem` DISABLE KEYS */;
/*!40000 ALTER TABLE `creditmemoitem` ENABLE KEYS */;
UNLOCK TABLES;

--
-- Table structure for table `creditmemotype`
--

DROP TABLE IF EXISTS `creditmemotype`;
/*!40101 SET @saved_cs_client     = @@character_set_client */;
/*!40101 SET character_set_client = utf8 */;
CREATE TABLE `creditmemotype` (
  `objid` varchar(50) NOT NULL,
  `title` varchar(50) DEFAULT NULL,
  `issuereceipt` int(11) DEFAULT NULL,
  `handler` varchar(50) DEFAULT NULL,
  `sortorder` int(11) DEFAULT NULL,
  `fund_objid` varchar(100) DEFAULT NULL,
  `fund_code` varchar(50) DEFAULT NULL,
  `fund_title` varchar(255) DEFAULT NULL,
  PRIMARY KEY (`objid`),
  KEY `ix_fund_objid` (`fund_objid`),
  CONSTRAINT `fk_creditmemotype_fund_objid` FOREIGN KEY (`fund_objid`) REFERENCES `fund` (`objid`)
) ENGINE=InnoDB DEFAULT CHARSET=utf8;
/*!40101 SET character_set_client = @saved_cs_client */;

--
-- Dumping data for table `creditmemotype`
--

LOCK TABLES `creditmemotype` WRITE;
/*!40000 ALTER TABLE `creditmemotype` DISABLE KEYS */;
INSERT INTO `creditmemotype` VALUES ('IRA','IRA',0,'basic',0,'GENERAL','01','GENERAL'),('SEN_CIT','DSWD TRUST (SENIOR CIT)',1,'basic',0,'TRUST','03','TRUST'),('SPECIAL_EDUCATION_FUND','SEF',0,'basic',0,'SEF','02','SEF'),('STANDARD','STANDARD (General)',0,'basic',0,'GENERAL','01','GENERAL'),('STANDARD_TRUST','STANDARD (Trust)',0,'basic',0,'TRUST','03','TRUST');
/*!40000 ALTER TABLE `creditmemotype` ENABLE KEYS */;
UNLOCK TABLES;

--
-- Table structure for table `creditmemotype_account`
--

DROP TABLE IF EXISTS `creditmemotype_account`;
/*!40101 SET @saved_cs_client     = @@character_set_client */;
/*!40101 SET character_set_client = utf8 */;
CREATE TABLE `creditmemotype_account` (
  `typeid` varchar(50) NOT NULL,
  `account_objid` varchar(50) NOT NULL,
  `account_title` varchar(100) DEFAULT NULL,
  `tag` varchar(50) DEFAULT NULL,
  `sortorder` int(11) DEFAULT NULL,
  PRIMARY KEY (`account_objid`,`typeid`),
  KEY `ix_account_objid` (`account_objid`)
) ENGINE=InnoDB DEFAULT CHARSET=utf8;
/*!40101 SET character_set_client = @saved_cs_client */;

--
-- Dumping data for table `creditmemotype_account`
--

LOCK TABLES `creditmemotype_account` WRITE;
/*!40000 ALTER TABLE `creditmemotype_account` DISABLE KEYS */;
/*!40000 ALTER TABLE `creditmemotype_account` ENABLE KEYS */;
UNLOCK TABLES;

--
-- Table structure for table `deposit_fund_transfer`
--

DROP TABLE IF EXISTS `deposit_fund_transfer`;
/*!40101 SET @saved_cs_client     = @@character_set_client */;
/*!40101 SET character_set_client = utf8 */;
CREATE TABLE `deposit_fund_transfer` (
  `objid` varchar(150) NOT NULL,
  `fromdepositvoucherfundid` varchar(150) NOT NULL,
  `todepositvoucherfundid` varchar(150) NOT NULL,
  `amount` decimal(16,4) NOT NULL,
  PRIMARY KEY (`objid`),
  KEY `ix_fromfundid` (`fromdepositvoucherfundid`),
  KEY `ix_tofundid` (`todepositvoucherfundid`),
  CONSTRAINT `fk_deposit_fund_transfer_todepositvoucherfundid` FOREIGN KEY (`todepositvoucherfundid`) REFERENCES `fund` (`objid`),
  CONSTRAINT `fk_deposit_fund_transfer_fromdepositvoucherfundid` FOREIGN KEY (`fromdepositvoucherfundid`) REFERENCES `fund` (`objid`)
) ENGINE=InnoDB DEFAULT CHARSET=utf8;
/*!40101 SET character_set_client = @saved_cs_client */;

--
-- Dumping data for table `deposit_fund_transfer`
--

LOCK TABLES `deposit_fund_transfer` WRITE;
/*!40000 ALTER TABLE `deposit_fund_transfer` DISABLE KEYS */;
/*!40000 ALTER TABLE `deposit_fund_transfer` ENABLE KEYS */;
UNLOCK TABLES;

--
-- Table structure for table `depositslip`
--

DROP TABLE IF EXISTS `depositslip`;
/*!40101 SET @saved_cs_client     = @@character_set_client */;
/*!40101 SET character_set_client = utf8 */;
CREATE TABLE `depositslip` (
  `objid` varchar(100) NOT NULL,
  `depositvoucherfundid` varchar(150) DEFAULT NULL,
  `createdby_objid` varchar(50) DEFAULT NULL,
  `createdby_name` varchar(255) DEFAULT NULL,
  `depositdate` date DEFAULT NULL,
  `dtcreated` datetime DEFAULT NULL,
  `bankacctid` varchar(50) DEFAULT NULL,
  `totalcash` decimal(16,4) DEFAULT NULL,
  `totalcheck` decimal(16,4) DEFAULT NULL,
  `amount` decimal(16,4) DEFAULT NULL,
  `validation_refno` varchar(50) DEFAULT NULL,
  `validation_refdate` date DEFAULT NULL,
  `cashbreakdown` longtext,
  `state` varchar(10) DEFAULT NULL,
  `deposittype` varchar(50) DEFAULT NULL,
  `checktype` varchar(50) DEFAULT NULL,
  PRIMARY KEY (`objid`),
  KEY `ix_bankacctid` (`bankacctid`),
  KEY `ix_createdby_name` (`createdby_name`),
  KEY `ix_createdby_objid` (`createdby_objid`),
  KEY `ix_depositdate` (`depositdate`),
  KEY `ix_depositvoucherid` (`depositvoucherfundid`),
  KEY `ix_dtcreated` (`dtcreated`),
  KEY `ix_validation_refdate` (`validation_refdate`),
  KEY `ix_validation_refno` (`validation_refno`),
  CONSTRAINT `fk_depositslip_depositvoucherfundid` FOREIGN KEY (`depositvoucherfundid`) REFERENCES `depositvoucher_fund` (`objid`)
) ENGINE=InnoDB DEFAULT CHARSET=utf8;
/*!40101 SET character_set_client = @saved_cs_client */;

--
-- Dumping data for table `depositslip`
--

LOCK TABLES `depositslip` WRITE;
/*!40000 ALTER TABLE `depositslip` DISABLE KEYS */;
/*!40000 ALTER TABLE `depositslip` ENABLE KEYS */;
UNLOCK TABLES;

--
-- Table structure for table `depositvoucher`
--

DROP TABLE IF EXISTS `depositvoucher`;
/*!40101 SET @saved_cs_client     = @@character_set_client */;
/*!40101 SET character_set_client = utf8 */;
CREATE TABLE `depositvoucher` (
  `objid` varchar(50) NOT NULL,
  `state` varchar(50) NOT NULL,
  `controlno` varchar(100) NOT NULL,
  `controldate` date NOT NULL,
  `dtcreated` datetime NOT NULL,
  `createdby_objid` varchar(50) NOT NULL,
  `createdby_name` varchar(255) NOT NULL,
  `amount` decimal(16,4) NOT NULL,
  `dtposted` datetime DEFAULT NULL,
  `postedby_objid` varchar(50) DEFAULT NULL,
  `postedby_name` varchar(255) DEFAULT NULL,
  PRIMARY KEY (`objid`),
  UNIQUE KEY `uix_controlno` (`controlno`),
  KEY `ix_controldate` (`controldate`),
  KEY `ix_createdby_name` (`createdby_name`),
  KEY `ix_createdby_objid` (`createdby_objid`),
  KEY `ix_dtcreated` (`dtcreated`),
  KEY `ix_dtposted` (`dtposted`),
  KEY `ix_postedby_name` (`postedby_name`),
  KEY `ix_postedby_objid` (`postedby_objid`),
  KEY `ix_state` (`state`)
) ENGINE=InnoDB DEFAULT CHARSET=utf8;
/*!40101 SET character_set_client = @saved_cs_client */;

--
-- Dumping data for table `depositvoucher`
--

LOCK TABLES `depositvoucher` WRITE;
/*!40000 ALTER TABLE `depositvoucher` DISABLE KEYS */;
/*!40000 ALTER TABLE `depositvoucher` ENABLE KEYS */;
UNLOCK TABLES;

--
-- Table structure for table `depositvoucher_fund`
--

DROP TABLE IF EXISTS `depositvoucher_fund`;
/*!40101 SET @saved_cs_client     = @@character_set_client */;
/*!40101 SET character_set_client = utf8 */;
CREATE TABLE `depositvoucher_fund` (
  `objid` varchar(150) NOT NULL,
  `state` varchar(20) NOT NULL,
  `parentid` varchar(50) NOT NULL,
  `fundid` varchar(100) NOT NULL,
  `amount` decimal(16,4) NOT NULL,
  `amountdeposited` decimal(16,4) NOT NULL,
  `totaldr` decimal(16,4) NOT NULL,
  `totalcr` decimal(16,4) NOT NULL,
  `dtposted` datetime DEFAULT NULL,
  `postedby_objid` varchar(50) DEFAULT NULL,
  `postedby_name` varchar(255) DEFAULT NULL,
  `postedby_title` varchar(100) DEFAULT NULL,
  PRIMARY KEY (`objid`),
  UNIQUE KEY `uix_parentid_fundid` (`parentid`,`fundid`),
  KEY `ix_dtposted` (`dtposted`),
  KEY `ix_fundid` (`fundid`),
  KEY `ix_parentid` (`parentid`),
  KEY `ix_postedby_name` (`postedby_name`),
  KEY `ix_postedby_objid` (`postedby_objid`),
  KEY `ix_state` (`state`),
  CONSTRAINT `fk_depositvoucher_fund_parentid` FOREIGN KEY (`parentid`) REFERENCES `depositvoucher` (`objid`),
  CONSTRAINT `fk_depositvoucher_fund_fundid` FOREIGN KEY (`fundid`) REFERENCES `fund` (`objid`)
) ENGINE=InnoDB DEFAULT CHARSET=utf8;
/*!40101 SET character_set_client = @saved_cs_client */;

--
-- Dumping data for table `depositvoucher_fund`
--

LOCK TABLES `depositvoucher_fund` WRITE;
/*!40000 ALTER TABLE `depositvoucher_fund` DISABLE KEYS */;
/*!40000 ALTER TABLE `depositvoucher_fund` ENABLE KEYS */;
UNLOCK TABLES;

--
-- Table structure for table `discounttype`
--

DROP TABLE IF EXISTS `discounttype`;
/*!40101 SET @saved_cs_client     = @@character_set_client */;
/*!40101 SET character_set_client = utf8 */;
CREATE TABLE `discounttype` (
  `objid` varchar(50) NOT NULL,
  `code` varchar(50) NOT NULL,
  `name` varchar(100) NOT NULL,
  `rate` decimal(16,2) DEFAULT NULL,
  PRIMARY KEY (`objid`)
) ENGINE=InnoDB DEFAULT CHARSET=utf8;
/*!40101 SET character_set_client = @saved_cs_client */;

--
-- Dumping data for table `discounttype`
--

LOCK TABLES `discounttype` WRITE;
/*!40000 ALTER TABLE `discounttype` DISABLE KEYS */;
/*!40000 ALTER TABLE `discounttype` ENABLE KEYS */;
UNLOCK TABLES;

--
-- Table structure for table `district`
--

DROP TABLE IF EXISTS `district`;
/*!40101 SET @saved_cs_client     = @@character_set_client */;
/*!40101 SET character_set_client = utf8 */;
CREATE TABLE `district` (
  `objid` varchar(50) NOT NULL,
  `state` varchar(10) DEFAULT NULL,
  `indexno` varchar(15) DEFAULT NULL,
  `pin` varchar(15) DEFAULT NULL,
  `name` varchar(50) DEFAULT NULL,
  `previd` varchar(50) DEFAULT NULL,
  `parentid` varchar(50) DEFAULT NULL,
  `oldindexno` varchar(15) DEFAULT NULL,
  `oldpin` varchar(15) DEFAULT NULL,
  PRIMARY KEY (`objid`),
  KEY `ix_indexno` (`indexno`),
  KEY `ix_parentid` (`parentid`),
  KEY `ix_pin` (`pin`),
  KEY `ix_previd` (`previd`)
) ENGINE=InnoDB DEFAULT CHARSET=utf8;
/*!40101 SET character_set_client = @saved_cs_client */;

--
-- Dumping data for table `district`
--

LOCK TABLES `district` WRITE;
/*!40000 ALTER TABLE `district` DISABLE KEYS */;
/*!40000 ALTER TABLE `district` ENABLE KEYS */;
UNLOCK TABLES;

--
-- Table structure for table `draftremittance`
--

DROP TABLE IF EXISTS `draftremittance`;
/*!40101 SET @saved_cs_client     = @@character_set_client */;
/*!40101 SET character_set_client = utf8 */;
CREATE TABLE `draftremittance` (
  `objid` varchar(50) NOT NULL,
  `state` varchar(20) NOT NULL,
  `dtfiled` datetime NOT NULL,
  `remittancedate` datetime NOT NULL,
  `collector_objid` varchar(50) NOT NULL,
  `collector_name` varchar(255) NOT NULL,
  `collector_title` varchar(255) NOT NULL,
  `amount` decimal(18,2) NOT NULL,
  `totalcash` decimal(18,2) NOT NULL,
  `totalnoncash` decimal(18,2) NOT NULL,
  `txnmode` varchar(32) NOT NULL,
  `lockid` varchar(50) DEFAULT NULL,
  PRIMARY KEY (`objid`),
  KEY `ix_collector_objid` (`collector_objid`),
  KEY `ix_dtfiled` (`dtfiled`),
  KEY `ix_remittancedate` (`remittancedate`)
) ENGINE=InnoDB DEFAULT CHARSET=utf8;
/*!40101 SET character_set_client = @saved_cs_client */;

--
-- Dumping data for table `draftremittance`
--

LOCK TABLES `draftremittance` WRITE;
/*!40000 ALTER TABLE `draftremittance` DISABLE KEYS */;
/*!40000 ALTER TABLE `draftremittance` ENABLE KEYS */;
UNLOCK TABLES;

--
-- Table structure for table `draftremittanceitem`
--

DROP TABLE IF EXISTS `draftremittanceitem`;
/*!40101 SET @saved_cs_client     = @@character_set_client */;
/*!40101 SET character_set_client = utf8 */;
CREATE TABLE `draftremittanceitem` (
  `objid` varchar(50) NOT NULL,
  `remittanceid` varchar(50) NOT NULL,
  `controlid` varchar(50) NOT NULL,
  `batchid` varchar(50) DEFAULT NULL,
  `amount` decimal(18,2) NOT NULL,
  `totalcash` decimal(18,2) NOT NULL,
  `totalnoncash` decimal(18,2) NOT NULL,
  `voided` int(11) NOT NULL,
  `cancelled` int(11) NOT NULL,
  `lockid` varchar(50) DEFAULT NULL,
  PRIMARY KEY (`objid`),
  KEY `ix_batchid` (`batchid`),
  KEY `ix_controlid` (`controlid`),
  KEY `ix_remittanceid` (`remittanceid`)
) ENGINE=InnoDB DEFAULT CHARSET=utf8;
/*!40101 SET character_set_client = @saved_cs_client */;

--
-- Dumping data for table `draftremittanceitem`
--

LOCK TABLES `draftremittanceitem` WRITE;
/*!40000 ALTER TABLE `draftremittanceitem` DISABLE KEYS */;
/*!40000 ALTER TABLE `draftremittanceitem` ENABLE KEYS */;
UNLOCK TABLES;

--
-- Table structure for table `eftpayment`
--

DROP TABLE IF EXISTS `eftpayment`;
/*!40101 SET @saved_cs_client     = @@character_set_client */;
/*!40101 SET character_set_client = utf8 */;
CREATE TABLE `eftpayment` (
  `objid` varchar(50) NOT NULL,
  `state` varchar(50) NOT NULL,
  `refno` varchar(50) NOT NULL,
  `refdate` date NOT NULL,
  `amount` decimal(16,4) NOT NULL,
  `receivedfrom` varchar(255) DEFAULT NULL,
  `particulars` varchar(255) DEFAULT NULL,
  `bankacctid` varchar(50) NOT NULL,
  `fundid` varchar(100) DEFAULT NULL,
  `createdby_objid` varchar(50) NOT NULL,
  `createdby_name` varchar(255) NOT NULL,
  `receiptid` varchar(50) DEFAULT NULL,
  `receiptno` varchar(50) DEFAULT NULL,
  `payer_objid` varchar(50) DEFAULT NULL,
  `payer_name` varchar(255) DEFAULT NULL,
  `payer_address_objid` varchar(50) DEFAULT NULL,
  `payer_address_text` varchar(255) DEFAULT NULL,
  PRIMARY KEY (`objid`),
  KEY `ix_bankacctid` (`bankacctid`),
  KEY `ix_createdby_objid` (`createdby_objid`),
  KEY `ix_fundid` (`fundid`),
  KEY `ix_payer_address_objid` (`payer_address_objid`),
  KEY `ix_payer_objid` (`payer_objid`),
  KEY `ix_receiptid` (`receiptid`),
  KEY `ix_refdate` (`refdate`),
  KEY `ix_refno` (`refno`),
  KEY `ix_state` (`state`),
  CONSTRAINT `fk_eftpayment_fund` FOREIGN KEY (`fundid`) REFERENCES `fund` (`objid`),
  CONSTRAINT `fk_eftpayment_bankacct` FOREIGN KEY (`bankacctid`) REFERENCES `bankaccount` (`objid`)
) ENGINE=InnoDB DEFAULT CHARSET=utf8;
/*!40101 SET character_set_client = @saved_cs_client */;

--
-- Dumping data for table `eftpayment`
--

LOCK TABLES `eftpayment` WRITE;
/*!40000 ALTER TABLE `eftpayment` DISABLE KEYS */;
/*!40000 ALTER TABLE `eftpayment` ENABLE KEYS */;
UNLOCK TABLES;

--
-- Table structure for table `entity`
--

DROP TABLE IF EXISTS `entity`;
/*!40101 SET @saved_cs_client     = @@character_set_client */;
/*!40101 SET character_set_client = utf8 */;
CREATE TABLE `entity` (
  `objid` varchar(50) NOT NULL,
  `entityno` varchar(50) NOT NULL,
  `name` longtext NOT NULL,
  `address_text` varchar(255) NOT NULL DEFAULT '',
  `mailingaddress` varchar(255) DEFAULT NULL,
  `type` varchar(25) NOT NULL,
  `sys_lastupdate` varchar(25) DEFAULT NULL,
  `sys_lastupdateby` varchar(50) DEFAULT NULL,
  `remarks` text,
  `entityname` varchar(800) NOT NULL,
  `address_objid` varchar(50) DEFAULT NULL,
  `mobileno` varchar(25) DEFAULT NULL,
  `phoneno` varchar(25) DEFAULT NULL,
  `email` varchar(50) DEFAULT NULL,
  `state` varchar(25) DEFAULT NULL,
  PRIMARY KEY (`objid`),
  KEY `ix_entityname` (`entityname`(255)),
  KEY `ix_entityname_state` (`state`,`entityname`(255)),
  KEY `ix_state` (`state`)
) ENGINE=InnoDB DEFAULT CHARSET=utf8;
/*!40101 SET character_set_client = @saved_cs_client */;

--
-- Dumping data for table `entity`
--

LOCK TABLES `entity` WRITE;
/*!40000 ALTER TABLE `entity` DISABLE KEYS */;
/*!40000 ALTER TABLE `entity` ENABLE KEYS */;
UNLOCK TABLES;

--
-- Table structure for table `entity_address`
--

DROP TABLE IF EXISTS `entity_address`;
/*!40101 SET @saved_cs_client     = @@character_set_client */;
/*!40101 SET character_set_client = utf8 */;
CREATE TABLE `entity_address` (
  `objid` varchar(50) NOT NULL DEFAULT '',
  `parentid` varchar(50) DEFAULT NULL,
  `type` varchar(50) DEFAULT NULL,
  `addresstype` varchar(50) DEFAULT NULL,
  `barangay_objid` varchar(50) DEFAULT NULL,
  `barangay_name` varchar(100) DEFAULT NULL,
  `city` varchar(50) DEFAULT NULL,
  `province` varchar(50) DEFAULT NULL,
  `municipality` varchar(50) DEFAULT NULL,
  `bldgno` varchar(50) DEFAULT NULL,
  `bldgname` varchar(50) DEFAULT NULL,
  `unitno` varchar(50) DEFAULT NULL,
  `street` varchar(255) DEFAULT NULL,
  `subdivision` varchar(100) DEFAULT NULL,
  `pin` varchar(50) DEFAULT NULL,
  `text` varchar(255) DEFAULT NULL,
  PRIMARY KEY (`objid`),
  KEY `parentid` (`parentid`),
  CONSTRAINT `fk_entity_address_parentid` FOREIGN KEY (`parentid`) REFERENCES `entity` (`objid`),
  CONSTRAINT `entity_address_ibfk_1` FOREIGN KEY (`parentid`) REFERENCES `entity` (`objid`)
) ENGINE=InnoDB DEFAULT CHARSET=utf8;
/*!40101 SET character_set_client = @saved_cs_client */;

--
-- Dumping data for table `entity_address`
--

LOCK TABLES `entity_address` WRITE;
/*!40000 ALTER TABLE `entity_address` DISABLE KEYS */;
/*!40000 ALTER TABLE `entity_address` ENABLE KEYS */;
UNLOCK TABLES;

--
-- Table structure for table `entity_ctc`
--

DROP TABLE IF EXISTS `entity_ctc`;
/*!40101 SET @saved_cs_client     = @@character_set_client */;
/*!40101 SET character_set_client = utf8 */;
CREATE TABLE `entity_ctc` (
  `objid` varchar(50) NOT NULL,
  `entityid` varchar(50) NOT NULL,
  `nonresident` int(11) NOT NULL,
  `ctcno` varchar(50) NOT NULL,
  `dtissued` date NOT NULL,
  `placeissued` varchar(255) NOT NULL,
  `lgu_objid` varchar(50) DEFAULT NULL,
  `lgu_name` varchar(255) DEFAULT NULL,
  `barangay_objid` varchar(50) DEFAULT NULL,
  `barangay_name` varchar(255) NOT NULL,
  `createdby_objid` varchar(50) NOT NULL,
  `createdby_name` varchar(160) NOT NULL,
  `system` int(11) NOT NULL DEFAULT '0',
  PRIMARY KEY (`objid`),
  KEY `ix_barangay_name` (`barangay_name`),
  KEY `ix_barangay_objid` (`barangay_objid`),
  KEY `ix_createdby_name` (`createdby_name`),
  KEY `ix_createdby_objid` (`createdby_objid`),
  KEY `ix_ctcno` (`ctcno`),
  KEY `ix_dtissued` (`dtissued`),
  KEY `ix_entityid` (`entityid`),
  KEY `ix_lgu_name` (`lgu_name`),
  KEY `ix_lgu_objid` (`lgu_objid`),
  CONSTRAINT `fk_entity_ctc_entityid` FOREIGN KEY (`entityid`) REFERENCES `entity` (`objid`)
) ENGINE=InnoDB DEFAULT CHARSET=utf8;
/*!40101 SET character_set_client = @saved_cs_client */;

--
-- Dumping data for table `entity_ctc`
--

LOCK TABLES `entity_ctc` WRITE;
/*!40000 ALTER TABLE `entity_ctc` DISABLE KEYS */;
/*!40000 ALTER TABLE `entity_ctc` ENABLE KEYS */;
UNLOCK TABLES;

--
-- Table structure for table `entity_fingerprint`
--

DROP TABLE IF EXISTS `entity_fingerprint`;
/*!40101 SET @saved_cs_client     = @@character_set_client */;
/*!40101 SET character_set_client = utf8 */;
CREATE TABLE `entity_fingerprint` (
  `objid` varchar(50) NOT NULL,
  `entityid` varchar(50) DEFAULT NULL,
  `dtfiled` datetime DEFAULT NULL,
  `fingertype` varchar(20) DEFAULT NULL,
  `data` longtext,
  `image` longtext,
  PRIMARY KEY (`objid`),
  UNIQUE KEY `uix_entityid_fingertype` (`entityid`,`fingertype`),
  KEY `ix_dtfiled` (`dtfiled`),
  CONSTRAINT `fk_entity_fingerprint_entityid` FOREIGN KEY (`entityid`) REFERENCES `entity` (`objid`)
) ENGINE=InnoDB DEFAULT CHARSET=utf8;
/*!40101 SET character_set_client = @saved_cs_client */;

--
-- Dumping data for table `entity_fingerprint`
--

LOCK TABLES `entity_fingerprint` WRITE;
/*!40000 ALTER TABLE `entity_fingerprint` DISABLE KEYS */;
/*!40000 ALTER TABLE `entity_fingerprint` ENABLE KEYS */;
UNLOCK TABLES;

--
-- Table structure for table `entity_mapping`
--

DROP TABLE IF EXISTS `entity_mapping`;
/*!40101 SET @saved_cs_client     = @@character_set_client */;
/*!40101 SET character_set_client = utf8 */;
CREATE TABLE `entity_mapping` (
  `objid` varchar(50) NOT NULL,
  `parent_objid` varchar(50) NOT NULL,
  `org_objid` varchar(50) DEFAULT NULL,
  PRIMARY KEY (`objid`)
) ENGINE=InnoDB DEFAULT CHARSET=utf8;
/*!40101 SET character_set_client = @saved_cs_client */;

--
-- Dumping data for table `entity_mapping`
--

LOCK TABLES `entity_mapping` WRITE;
/*!40000 ALTER TABLE `entity_mapping` DISABLE KEYS */;
/*!40000 ALTER TABLE `entity_mapping` ENABLE KEYS */;
UNLOCK TABLES;

--
-- Table structure for table `entity_reconciled`
--

DROP TABLE IF EXISTS `entity_reconciled`;
/*!40101 SET @saved_cs_client     = @@character_set_client */;
/*!40101 SET character_set_client = utf8 */;
CREATE TABLE `entity_reconciled` (
  `objid` varchar(50) NOT NULL,
  `info` longtext,
  `masterid` varchar(50) DEFAULT NULL,
  PRIMARY KEY (`objid`),
  KEY `FK_entity_reconciled_entity` (`masterid`),
  CONSTRAINT `FK_entity_reconciled_entity` FOREIGN KEY (`masterid`) REFERENCES `entity` (`objid`)
) ENGINE=InnoDB DEFAULT CHARSET=utf8;
/*!40101 SET character_set_client = @saved_cs_client */;

--
-- Dumping data for table `entity_reconciled`
--

LOCK TABLES `entity_reconciled` WRITE;
/*!40000 ALTER TABLE `entity_reconciled` DISABLE KEYS */;
/*!40000 ALTER TABLE `entity_reconciled` ENABLE KEYS */;
UNLOCK TABLES;

--
-- Table structure for table `entity_reconciled_txn`
--

DROP TABLE IF EXISTS `entity_reconciled_txn`;
/*!40101 SET @saved_cs_client     = @@character_set_client */;
/*!40101 SET character_set_client = utf8 */;
CREATE TABLE `entity_reconciled_txn` (
  `objid` varchar(50) NOT NULL,
  `reftype` varchar(50) NOT NULL,
  `refid` varchar(50) NOT NULL,
  `tag` char(1) DEFAULT NULL,
  PRIMARY KEY (`objid`,`refid`,`reftype`)
) ENGINE=InnoDB DEFAULT CHARSET=utf8;
/*!40101 SET character_set_client = @saved_cs_client */;

--
-- Dumping data for table `entity_reconciled_txn`
--

LOCK TABLES `entity_reconciled_txn` WRITE;
/*!40000 ALTER TABLE `entity_reconciled_txn` DISABLE KEYS */;
/*!40000 ALTER TABLE `entity_reconciled_txn` ENABLE KEYS */;
UNLOCK TABLES;

--
-- Table structure for table `entity_relation`
--

DROP TABLE IF EXISTS `entity_relation`;
/*!40101 SET @saved_cs_client     = @@character_set_client */;
/*!40101 SET character_set_client = utf8 */;
CREATE TABLE `entity_relation` (
  `objid` varchar(50) NOT NULL,
  `entity_objid` varchar(50) DEFAULT NULL,
  `relateto_objid` varchar(50) DEFAULT NULL,
  `relation_objid` varchar(50) DEFAULT NULL,
  PRIMARY KEY (`objid`),
  UNIQUE KEY `uix_sender_receiver` (`entity_objid`,`relateto_objid`),
  KEY `ix_entity_objid` (`entity_objid`),
  KEY `ix_relateto_objid` (`relateto_objid`),
  KEY `ix_relation_objid` (`relation_objid`),
  CONSTRAINT `fk_entity_relation_relation_objid` FOREIGN KEY (`relateto_objid`) REFERENCES `entity` (`objid`),
  CONSTRAINT `fk_entity_relation_entity_objid` FOREIGN KEY (`entity_objid`) REFERENCES `entity` (`objid`),
  CONSTRAINT `fk_entity_relation_relation` FOREIGN KEY (`relation_objid`) REFERENCES `entity_relation_type` (`objid`)
) ENGINE=InnoDB DEFAULT CHARSET=utf8;
/*!40101 SET character_set_client = @saved_cs_client */;

--
-- Dumping data for table `entity_relation`
--

LOCK TABLES `entity_relation` WRITE;
/*!40000 ALTER TABLE `entity_relation` DISABLE KEYS */;
/*!40000 ALTER TABLE `entity_relation` ENABLE KEYS */;
UNLOCK TABLES;

--
-- Table structure for table `entity_relation_type`
--

DROP TABLE IF EXISTS `entity_relation_type`;
/*!40101 SET @saved_cs_client     = @@character_set_client */;
/*!40101 SET character_set_client = utf8 */;
CREATE TABLE `entity_relation_type` (
  `objid` varchar(50) NOT NULL DEFAULT '',
  `gender` varchar(1) DEFAULT NULL,
  `inverse_any` varchar(50) DEFAULT NULL,
  `inverse_male` varchar(50) DEFAULT NULL,
  `inverse_female` varchar(50) DEFAULT NULL,
  PRIMARY KEY (`objid`)
) ENGINE=InnoDB DEFAULT CHARSET=utf8;
/*!40101 SET character_set_client = @saved_cs_client */;

--
-- Dumping data for table `entity_relation_type`
--

LOCK TABLES `entity_relation_type` WRITE;
/*!40000 ALTER TABLE `entity_relation_type` DISABLE KEYS */;
INSERT INTO `entity_relation_type` VALUES ('AUNT','F','NEPHEW/NIECE','NEPHEW','NIECE'),('BROTHER','M','SIBLING','BROTHER','SISTER'),('COUSIN',NULL,'COUSIN','COUSIN','COUSIN'),('DAUGHTER','F','PARENT','FATHER','MOTHER'),('FATHER','M','CHILD','SON','DAUGHTER'),('GRANDDAUGHTER','F','GRANDPARENT','GRANDFATHER','GRANDMOTHER'),('GRANDSON','M','GRANDPARENT','GRANDFATHER','GRANDMOTHER'),('HUSBAND','M','SPOUSE','SPOUSE','WIFE'),('MOTHER','F','CHILD','SON','DAUGHTER'),('NEPHEW','M','UNCLE/AUNT','UNCLE','AUNT'),('NIECE','F','UNCLE/AUNT','UNCLE','AUNT'),('SISTER','F','SIBLING','BROTHER','SISTER'),('SON','M','PARENT','FATHER','MOTHER'),('SPOUSE',NULL,'SPOUSE','HUSBAND','WIFE'),('UNCLE','M','NEPHEW/NIECE','NEPHEW','NIECE'),('WIFE','F','SPOUSE','HUSBAND','SPOUSE');
/*!40000 ALTER TABLE `entity_relation_type` ENABLE KEYS */;
UNLOCK TABLES;

--
-- Table structure for table `entitycontact`
--

DROP TABLE IF EXISTS `entitycontact`;
/*!40101 SET @saved_cs_client     = @@character_set_client */;
/*!40101 SET character_set_client = utf8 */;
CREATE TABLE `entitycontact` (
  `objid` varchar(50) NOT NULL,
  `entityid` varchar(50) NOT NULL,
  `contacttype` varchar(25) NOT NULL,
  `contact` varchar(50) NOT NULL,
  PRIMARY KEY (`objid`),
  KEY `ix_entityid` (`entityid`),
  CONSTRAINT `fk_entitycontact_entity` FOREIGN KEY (`entityid`) REFERENCES `entity` (`objid`)
) ENGINE=InnoDB DEFAULT CHARSET=utf8;
/*!40101 SET character_set_client = @saved_cs_client */;

--
-- Dumping data for table `entitycontact`
--

LOCK TABLES `entitycontact` WRITE;
/*!40000 ALTER TABLE `entitycontact` DISABLE KEYS */;
/*!40000 ALTER TABLE `entitycontact` ENABLE KEYS */;
UNLOCK TABLES;

--
-- Table structure for table `entityid`
--

DROP TABLE IF EXISTS `entityid`;
/*!40101 SET @saved_cs_client     = @@character_set_client */;
/*!40101 SET character_set_client = utf8 */;
CREATE TABLE `entityid` (
  `objid` varchar(50) NOT NULL,
  `entityid` varchar(50) NOT NULL,
  `idtype` varchar(50) NOT NULL,
  `idno` varchar(25) NOT NULL,
  `dtissued` date DEFAULT NULL,
  `dtexpiry` date DEFAULT NULL,
  PRIMARY KEY (`objid`),
  UNIQUE KEY `uix_idtype_idno` (`idtype`,`idno`),
  KEY `ix_dtexpiry` (`dtexpiry`),
  KEY `ix_entityid` (`entityid`),
  KEY `ix_idno` (`idno`),
  KEY `ix_idtype` (`idtype`),
  CONSTRAINT `fk_entityid_entityid` FOREIGN KEY (`entityid`) REFERENCES `entity` (`objid`),
  CONSTRAINT `fk_entityid_entity` FOREIGN KEY (`entityid`) REFERENCES `entity` (`objid`)
) ENGINE=InnoDB DEFAULT CHARSET=utf8;
/*!40101 SET character_set_client = @saved_cs_client */;

--
-- Dumping data for table `entityid`
--

LOCK TABLES `entityid` WRITE;
/*!40000 ALTER TABLE `entityid` DISABLE KEYS */;
/*!40000 ALTER TABLE `entityid` ENABLE KEYS */;
UNLOCK TABLES;

--
-- Table structure for table `entityindividual`
--

DROP TABLE IF EXISTS `entityindividual`;
/*!40101 SET @saved_cs_client     = @@character_set_client */;
/*!40101 SET character_set_client = utf8 */;
CREATE TABLE `entityindividual` (
  `objid` varchar(50) NOT NULL,
  `lastname` varchar(100) NOT NULL,
  `firstname` varchar(100) NOT NULL,
  `middlename` varchar(100) DEFAULT NULL,
  `birthdate` date DEFAULT NULL,
  `birthplace` varchar(160) DEFAULT NULL,
  `citizenship` varchar(50) DEFAULT NULL,
  `gender` varchar(10) DEFAULT NULL,
  `civilstatus` varchar(15) DEFAULT NULL,
  `profession` varchar(50) DEFAULT NULL,
  `tin` varchar(50) DEFAULT NULL,
  `sss` varchar(25) DEFAULT NULL,
  `height` varchar(10) DEFAULT NULL,
  `weight` varchar(10) DEFAULT NULL,
  `acr` varchar(50) DEFAULT NULL,
  `religion` varchar(50) DEFAULT NULL,
  `photo` mediumblob,
  `thumbnail` blob,
  `profileid` varchar(50) DEFAULT NULL,
  PRIMARY KEY (`objid`),
  KEY `ix_fname` (`firstname`),
  KEY `ix_lfname` (`lastname`,`firstname`),
  KEY `ix_profileid` (`profileid`),
  CONSTRAINT `fk_entityindividual_objid` FOREIGN KEY (`objid`) REFERENCES `entity` (`objid`),
  CONSTRAINT `entityindividual_ibfk_1` FOREIGN KEY (`objid`) REFERENCES `entity` (`objid`)
) ENGINE=InnoDB DEFAULT CHARSET=utf8;
/*!40101 SET character_set_client = @saved_cs_client */;

--
-- Dumping data for table `entityindividual`
--

LOCK TABLES `entityindividual` WRITE;
/*!40000 ALTER TABLE `entityindividual` DISABLE KEYS */;
/*!40000 ALTER TABLE `entityindividual` ENABLE KEYS */;
UNLOCK TABLES;

--
-- Table structure for table `entityjuridical`
--

DROP TABLE IF EXISTS `entityjuridical`;
/*!40101 SET @saved_cs_client     = @@character_set_client */;
/*!40101 SET character_set_client = utf8 */;
CREATE TABLE `entityjuridical` (
  `objid` varchar(50) NOT NULL,
  `tin` varchar(50) DEFAULT NULL,
  `dtregistered` datetime DEFAULT NULL,
  `orgtype` varchar(25) DEFAULT NULL,
  `nature` varchar(50) DEFAULT NULL,
  `placeregistered` varchar(100) DEFAULT NULL,
  `administrator_name` varchar(100) DEFAULT NULL,
  `administrator_address` varchar(255) DEFAULT NULL,
  `administrator_position` varchar(50) DEFAULT NULL,
  `administrator_objid` varchar(50) DEFAULT NULL,
  `administrator_address_objid` varchar(50) DEFAULT NULL,
  `administrator_address_text` varchar(255) DEFAULT NULL,
  PRIMARY KEY (`objid`),
  KEY `ix_administrator_address_objid` (`administrator_address_objid`),
  KEY `ix_administrator_name` (`administrator_name`),
  KEY `ix_administrator_objid` (`administrator_objid`),
  KEY `ix_dtregistered` (`dtregistered`),
  KEY `ix_tin` (`tin`),
  CONSTRAINT `fk_entityjuridical_objid` FOREIGN KEY (`objid`) REFERENCES `entity` (`objid`),
  CONSTRAINT `entityjuridical_ibfk_1` FOREIGN KEY (`objid`) REFERENCES `entity` (`objid`)
) ENGINE=InnoDB DEFAULT CHARSET=utf8;
/*!40101 SET character_set_client = @saved_cs_client */;

--
-- Dumping data for table `entityjuridical`
--

LOCK TABLES `entityjuridical` WRITE;
/*!40000 ALTER TABLE `entityjuridical` DISABLE KEYS */;
/*!40000 ALTER TABLE `entityjuridical` ENABLE KEYS */;
UNLOCK TABLES;

--
-- Table structure for table `entitymember`
--

DROP TABLE IF EXISTS `entitymember`;
/*!40101 SET @saved_cs_client     = @@character_set_client */;
/*!40101 SET character_set_client = utf8 */;
CREATE TABLE `entitymember` (
  `objid` varchar(50) NOT NULL,
  `entityid` varchar(50) NOT NULL,
  `itemno` int(11) NOT NULL,
  `prefix` varchar(100) DEFAULT NULL,
  `member_objid` varchar(50) NOT NULL,
  `member_name` varchar(800) NOT NULL,
  `member_address_text` varchar(160) NOT NULL DEFAULT '',
  `suffix` varchar(100) DEFAULT NULL,
  `remarks` varchar(160) DEFAULT NULL,
  `member_address` varchar(255) DEFAULT NULL,
  PRIMARY KEY (`objid`),
  KEY `entityid` (`entityid`),
  KEY `ix_taxpayer_objid` (`member_objid`),
  CONSTRAINT `entitymember_ibfk_2` FOREIGN KEY (`member_objid`) REFERENCES `entity` (`objid`),
  CONSTRAINT `entitymember_ibfk_1` FOREIGN KEY (`entityid`) REFERENCES `entity` (`objid`)
) ENGINE=InnoDB DEFAULT CHARSET=utf8;
/*!40101 SET character_set_client = @saved_cs_client */;

--
-- Dumping data for table `entitymember`
--

LOCK TABLES `entitymember` WRITE;
/*!40000 ALTER TABLE `entitymember` DISABLE KEYS */;
/*!40000 ALTER TABLE `entitymember` ENABLE KEYS */;
UNLOCK TABLES;

--
-- Table structure for table `entitymultiple`
--

DROP TABLE IF EXISTS `entitymultiple`;
/*!40101 SET @saved_cs_client     = @@character_set_client */;
/*!40101 SET character_set_client = utf8 */;
CREATE TABLE `entitymultiple` (
  `objid` varchar(50) NOT NULL,
  `fullname` longtext,
  PRIMARY KEY (`objid`),
  CONSTRAINT `entitymultiple_ibfk_1` FOREIGN KEY (`objid`) REFERENCES `entity` (`objid`)
) ENGINE=InnoDB DEFAULT CHARSET=utf8;
/*!40101 SET character_set_client = @saved_cs_client */;

--
-- Dumping data for table `entitymultiple`
--

LOCK TABLES `entitymultiple` WRITE;
/*!40000 ALTER TABLE `entitymultiple` DISABLE KEYS */;
/*!40000 ALTER TABLE `entitymultiple` ENABLE KEYS */;
UNLOCK TABLES;

--
-- Table structure for table `entityprofile`
--

DROP TABLE IF EXISTS `entityprofile`;
/*!40101 SET @saved_cs_client     = @@character_set_client */;
/*!40101 SET character_set_client = utf8 */;
CREATE TABLE `entityprofile` (
  `objid` varchar(50) NOT NULL,
  `idno` varchar(50) NOT NULL,
  `lastname` varchar(60) NOT NULL,
  `firstname` varchar(60) NOT NULL,
  `middlename` varchar(60) DEFAULT NULL,
  `birthdate` date DEFAULT NULL,
  `gender` varchar(10) DEFAULT NULL,
  `address` longtext,
  `defaultentityid` varchar(50) DEFAULT NULL,
  PRIMARY KEY (`objid`),
  KEY `ix_defaultentityid` (`defaultentityid`),
  KEY `ix_firstname` (`firstname`),
  KEY `ix_idno` (`idno`),
  KEY `ix_lastname` (`lastname`),
  KEY `ix_lfname` (`lastname`,`firstname`)
) ENGINE=InnoDB DEFAULT CHARSET=utf8;
/*!40101 SET character_set_client = @saved_cs_client */;

--
-- Dumping data for table `entityprofile`
--

LOCK TABLES `entityprofile` WRITE;
/*!40000 ALTER TABLE `entityprofile` DISABLE KEYS */;
/*!40000 ALTER TABLE `entityprofile` ENABLE KEYS */;
UNLOCK TABLES;

--
-- Table structure for table `examiner_finding`
--

DROP TABLE IF EXISTS `examiner_finding`;
/*!40101 SET @saved_cs_client     = @@character_set_client */;
/*!40101 SET character_set_client = utf8 */;
CREATE TABLE `examiner_finding` (
  `objid` varchar(50) NOT NULL,
  `findings` text,
  `parent_objid` varchar(50) DEFAULT NULL,
  `dtinspected` date DEFAULT NULL,
  `inspectors` varchar(500) DEFAULT NULL,
  `notedby` varchar(100) DEFAULT NULL,
  `notedbytitle` varchar(50) DEFAULT NULL,
  `photos` varchar(255) DEFAULT NULL,
  `recommendations` varchar(500) DEFAULT NULL,
  `inspectedby_objid` varchar(50) DEFAULT NULL,
  `inspectedby_name` varchar(100) DEFAULT NULL,
  `inspectedby_title` varchar(50) DEFAULT NULL,
  `doctype` varchar(50) DEFAULT NULL,
  PRIMARY KEY (`objid`),
  KEY `ix_dtinspected` (`dtinspected`),
  KEY `ix_examiner_finding_inspectedby_objid` (`inspectedby_objid`)
) ENGINE=InnoDB DEFAULT CHARSET=utf8;
/*!40101 SET character_set_client = @saved_cs_client */;

--
-- Dumping data for table `examiner_finding`
--

LOCK TABLES `examiner_finding` WRITE;
/*!40000 ALTER TABLE `examiner_finding` DISABLE KEYS */;
/*!40000 ALTER TABLE `examiner_finding` ENABLE KEYS */;
UNLOCK TABLES;

--
-- Table structure for table `exemptiontype`
--

DROP TABLE IF EXISTS `exemptiontype`;
/*!40101 SET @saved_cs_client     = @@character_set_client */;
/*!40101 SET character_set_client = utf8 */;
CREATE TABLE `exemptiontype` (
  `objid` varchar(50) NOT NULL,
  `state` varchar(10) NOT NULL,
  `code` varchar(20) NOT NULL,
  `name` varchar(100) NOT NULL,
  `orderno` int(11) NOT NULL,
  PRIMARY KEY (`objid`),
  UNIQUE KEY `ux_exemptiontype_code` (`code`),
  UNIQUE KEY `ux_exemptiontype_name` (`name`),
  KEY `ix_exemptiontype_state` (`state`)
) ENGINE=InnoDB DEFAULT CHARSET=utf8;
/*!40101 SET character_set_client = @saved_cs_client */;

--
-- Dumping data for table `exemptiontype`
--

LOCK TABLES `exemptiontype` WRITE;
/*!40000 ALTER TABLE `exemptiontype` DISABLE KEYS */;
INSERT INTO `exemptiontype` VALUES ('CE','APPROVED','CE','CEMETERY',56),('CH','APPROVED','CH','CHARITABLE',3),('CO','APPROVED','CO','COOPERATIVE',51),('ED','APPROVED','ED','EDUCATIONAL',4),('GO','APPROVED','GO','GOVERNMENT',1),('RD','APPROVED','RD','ROAD',53),('RE','APPROVED','RE','RELIGIOUS',2),('TE','APPROVED','TE','TELECOM',54);
/*!40000 ALTER TABLE `exemptiontype` ENABLE KEYS */;
UNLOCK TABLES;

--
-- Table structure for table `faas`
--

DROP TABLE IF EXISTS `faas`;
/*!40101 SET @saved_cs_client     = @@character_set_client */;
/*!40101 SET character_set_client = utf8 */;
CREATE TABLE `faas` (
  `objid` varchar(50) NOT NULL,
  `state` varchar(25) NOT NULL,
  `rpuid` varchar(50) DEFAULT NULL,
  `datacapture` int(11) NOT NULL,
  `autonumber` int(11) NOT NULL,
  `utdno` varchar(25) NOT NULL,
  `tdno` varchar(25) DEFAULT NULL,
  `txntype_objid` varchar(10) DEFAULT NULL,
  `effectivityyear` int(11) NOT NULL,
  `effectivityqtr` int(11) NOT NULL,
  `titletype` varchar(10) DEFAULT NULL,
  `titleno` varchar(50) DEFAULT NULL,
  `titledate` datetime DEFAULT NULL,
  `taxpayer_objid` varchar(50) DEFAULT NULL,
  `owner_name` longtext,
  `owner_address` varchar(150) DEFAULT NULL,
  `administrator_objid` varchar(50) DEFAULT NULL,
  `administrator_name` text,
  `administrator_address` varchar(150) DEFAULT NULL,
  `beneficiary_objid` varchar(50) DEFAULT NULL,
  `beneficiary_name` varchar(150) DEFAULT NULL,
  `beneficiary_address` varchar(150) DEFAULT NULL,
  `memoranda` text,
  `cancelnote` varchar(250) DEFAULT NULL,
  `restrictionid` varchar(50) DEFAULT NULL,
  `backtaxyrs` int(11) NOT NULL,
  `prevtdno` varchar(800) DEFAULT NULL,
  `prevpin` text,
  `prevowner` longtext,
  `prevav` text,
  `prevmv` text,
  `cancelreason` varchar(5) DEFAULT NULL,
  `canceldate` date DEFAULT NULL,
  `cancelledbytdnos` text,
  `lguid` varchar(50) NOT NULL,
  `txntimestamp` varchar(15) DEFAULT NULL,
  `cancelledtimestamp` varchar(25) DEFAULT NULL,
  `name` varchar(100) DEFAULT NULL,
  `dtapproved` date DEFAULT NULL,
  `realpropertyid` varchar(50) DEFAULT NULL,
  `lgutype` varchar(25) DEFAULT NULL,
  `signatories` text,
  `ryordinanceno` varchar(25) DEFAULT NULL,
  `ryordinancedate` date DEFAULT NULL,
  `prevareaha` text,
  `prevareasqm` text,
  `fullpin` varchar(35) DEFAULT NULL,
  `preveffectivity` varchar(10) DEFAULT NULL,
  `year` int(11) DEFAULT NULL,
  `qtr` int(11) DEFAULT NULL,
  `month` int(11) DEFAULT NULL,
  `day` int(11) DEFAULT NULL,
  `cancelledyear` int(11) DEFAULT NULL,
  `cancelledqtr` int(11) DEFAULT NULL,
  `cancelledmonth` int(11) DEFAULT NULL,
  `cancelledday` int(11) DEFAULT NULL,
  `prevadministrator` varchar(200) DEFAULT NULL,
  `originlguid` varchar(50) DEFAULT NULL,
  `parentfaasid` varchar(50) DEFAULT NULL,
  PRIMARY KEY (`objid`),
  UNIQUE KEY `ux_faas_utdno` (`utdno`),
  KEY `FK_faas_rpu` (`rpuid`),
  KEY `ix_dtapproved` (`dtapproved`),
  KEY `ix_faas_appraisedby` (`objid`),
  KEY `ix_faas_beneficiary` (`beneficiary_name`),
  KEY `ix_faas_canceldate` (`canceldate`),
  KEY `ix_faas_cancelledtimestamp` (`cancelledtimestamp`),
  KEY `ix_faas_cancelledyear` (`year`),
  KEY `ix_faas_cancelledyear_qtr` (`year`,`qtr`),
  KEY `ix_faas_cancelledyear_qtr_month` (`year`,`qtr`,`month`),
  KEY `ix_faas_cancelledyear_qtr_month_day` (`year`,`qtr`,`month`,`day`),
  KEY `ix_faas_name` (`name`),
  KEY `ix_faas_realproperty` (`realpropertyid`),
  KEY `ix_faas_restrictionid` (`restrictionid`),
  KEY `ix_faas_state` (`state`),
  KEY `ix_faas_tdno` (`tdno`),
  KEY `ix_faas_titleno` (`titleno`),
  KEY `ix_faas_txntimestamp` (`txntimestamp`),
  KEY `ix_faas_year` (`year`),
  KEY `ix_faas_year_qtr` (`year`,`qtr`),
  KEY `ix_faas_year_qtr_month` (`year`,`qtr`,`month`),
  KEY `ix_faas_year_qtr_month_day` (`year`,`qtr`,`month`,`day`),
  KEY `taxpayer_objid` (`taxpayer_objid`),
  KEY `txntype_objid` (`txntype_objid`),
  CONSTRAINT `faas_ibfk_4` FOREIGN KEY (`taxpayer_objid`) REFERENCES `entity` (`objid`),
  CONSTRAINT `faas_ibfk_1` FOREIGN KEY (`rpuid`) REFERENCES `rpu` (`objid`),
  CONSTRAINT `faas_ibfk_2` FOREIGN KEY (`realpropertyid`) REFERENCES `realproperty` (`objid`),
  CONSTRAINT `faas_ibfk_3` FOREIGN KEY (`txntype_objid`) REFERENCES `faas_txntype` (`objid`)
) ENGINE=InnoDB DEFAULT CHARSET=utf8;
/*!40101 SET character_set_client = @saved_cs_client */;

--
-- Dumping data for table `faas`
--

LOCK TABLES `faas` WRITE;
/*!40000 ALTER TABLE `faas` DISABLE KEYS */;
/*!40000 ALTER TABLE `faas` ENABLE KEYS */;
UNLOCK TABLES;

--
-- Table structure for table `faas_affectedrpu`
--

DROP TABLE IF EXISTS `faas_affectedrpu`;
/*!40101 SET @saved_cs_client     = @@character_set_client */;
/*!40101 SET character_set_client = utf8 */;
CREATE TABLE `faas_affectedrpu` (
  `objid` varchar(50) NOT NULL,
  `faasid` varchar(50) NOT NULL,
  `prevfaasid` varchar(50) NOT NULL,
  `newfaasid` varchar(50) DEFAULT NULL,
  `newsuffix` int(11) DEFAULT NULL,
  PRIMARY KEY (`objid`),
  UNIQUE KEY `ux_faasaffectedrpu_faasprevfaas` (`faasid`,`prevfaasid`),
  KEY `FK_faasaffectedrpu_faas` (`faasid`),
  KEY `FK_faasaffectedrpu_newfaas` (`newfaasid`),
  KEY `FK_faasaffectedrpu_prevfaas` (`prevfaasid`)
) ENGINE=InnoDB DEFAULT CHARSET=utf8;
/*!40101 SET character_set_client = @saved_cs_client */;

--
-- Dumping data for table `faas_affectedrpu`
--

LOCK TABLES `faas_affectedrpu` WRITE;
/*!40000 ALTER TABLE `faas_affectedrpu` DISABLE KEYS */;
/*!40000 ALTER TABLE `faas_affectedrpu` ENABLE KEYS */;
UNLOCK TABLES;

--
-- Table structure for table `faas_list`
--

DROP TABLE IF EXISTS `faas_list`;
/*!40101 SET @saved_cs_client     = @@character_set_client */;
/*!40101 SET character_set_client = utf8 */;
CREATE TABLE `faas_list` (
  `objid` varchar(50) NOT NULL,
  `state` varchar(30) NOT NULL,
  `rpuid` varchar(50) NOT NULL,
  `realpropertyid` varchar(50) NOT NULL,
  `datacapture` int(11) NOT NULL,
  `ry` int(11) NOT NULL,
  `txntype_objid` varchar(50) NOT NULL,
  `tdno` varchar(25) DEFAULT NULL,
  `utdno` varchar(25) NOT NULL,
  `prevtdno` varchar(800) DEFAULT NULL,
  `displaypin` varchar(35) NOT NULL,
  `pin` varchar(35) NOT NULL,
  `taxpayer_objid` varchar(50) DEFAULT NULL,
  `owner_name` varchar(5000) DEFAULT NULL,
  `owner_address` varchar(150) DEFAULT NULL,
  `administrator_name` varchar(150) DEFAULT NULL,
  `administrator_address` varchar(150) DEFAULT NULL,
  `rputype` varchar(10) NOT NULL,
  `barangayid` varchar(50) NOT NULL,
  `barangay` varchar(75) NOT NULL,
  `classification_objid` varchar(50) DEFAULT NULL,
  `classcode` varchar(20) DEFAULT NULL,
  `cadastrallotno` varchar(900) DEFAULT NULL,
  `blockno` varchar(100) DEFAULT NULL,
  `surveyno` varchar(255) DEFAULT NULL,
  `titleno` varchar(50) DEFAULT NULL,
  `totalareaha` decimal(16,6) NOT NULL,
  `totalareasqm` decimal(16,6) NOT NULL,
  `totalmv` decimal(16,2) NOT NULL,
  `totalav` decimal(16,2) NOT NULL,
  `effectivityyear` int(11) NOT NULL,
  `effectivityqtr` int(11) NOT NULL,
  `cancelreason` varchar(15) DEFAULT NULL,
  `cancelledbytdnos` text,
  `lguid` varchar(50) NOT NULL,
  `originlguid` varchar(50) NOT NULL,
  `yearissued` int(11) DEFAULT NULL,
  `taskid` varchar(50) DEFAULT NULL,
  `taskstate` varchar(50) DEFAULT NULL,
  `assignee_objid` varchar(50) DEFAULT NULL,
  `trackingno` varchar(20) DEFAULT NULL,
  `publicland` int(11) DEFAULT NULL,
  PRIMARY KEY (`objid`),
  KEY `ix_faaslist_administrator_name` (`administrator_name`),
  KEY `ix_faaslist_assigneeid` (`assignee_objid`),
  KEY `ix_faaslist_barangay` (`barangay`),
  KEY `ix_faaslist_barangayid` (`barangayid`),
  KEY `ix_faaslist_blockno` (`blockno`),
  KEY `ix_faaslist_cadastrallotno` (`cadastrallotno`(255)),
  KEY `ix_faaslist_classcode` (`classcode`),
  KEY `ix_faaslist_classification_objid` (`classification_objid`),
  KEY `ix_faaslist_lguid` (`lguid`),
  KEY `ix_faaslist_originlguid` (`originlguid`),
  KEY `ix_faaslist_owner_name` (`owner_name`(255)),
  KEY `ix_faaslist_pin` (`pin`),
  KEY `ix_faaslist_prevtdno` (`prevtdno`(255)),
  KEY `ix_faaslist_publicland` (`publicland`),
  KEY `ix_faaslist_realpropertyid` (`realpropertyid`),
  KEY `ix_faaslist_rpuid` (`rpuid`),
  KEY `ix_faaslist_rputype` (`rputype`),
  KEY `ix_faaslist_ry` (`ry`),
  KEY `ix_faaslist_state` (`state`),
  KEY `ix_faaslist_surveyno` (`surveyno`),
  KEY `ix_faaslist_taskstate` (`taskstate`),
  KEY `ix_faaslist_taxpayer_objid` (`taxpayer_objid`),
  KEY `ix_faaslist_tdno` (`tdno`),
  KEY `ix_faaslist_titleno` (`titleno`),
  KEY `ix_faaslist_trackingno` (`trackingno`),
  KEY `ix_faaslist_txntype_objid` (`txntype_objid`),
  KEY `ix_faaslist_utdno` (`utdno`)
) ENGINE=InnoDB DEFAULT CHARSET=utf8;
/*!40101 SET character_set_client = @saved_cs_client */;

--
-- Dumping data for table `faas_list`
--

LOCK TABLES `faas_list` WRITE;
/*!40000 ALTER TABLE `faas_list` DISABLE KEYS */;
/*!40000 ALTER TABLE `faas_list` ENABLE KEYS */;
UNLOCK TABLES;

--
-- Table structure for table `faas_previous`
--

DROP TABLE IF EXISTS `faas_previous`;
/*!40101 SET @saved_cs_client     = @@character_set_client */;
/*!40101 SET character_set_client = utf8 */;
CREATE TABLE `faas_previous` (
  `objid` varchar(50) NOT NULL,
  `faasid` varchar(50) NOT NULL,
  `prevfaasid` varchar(50) DEFAULT NULL,
  `prevrpuid` varchar(50) DEFAULT NULL,
  `prevtdno` varchar(800) DEFAULT NULL,
  `prevpin` varchar(800) DEFAULT NULL,
  `prevowner` text,
  `prevadministrator` text,
  `prevav` varchar(500) DEFAULT NULL,
  `prevmv` varchar(500) DEFAULT NULL,
  `prevareasqm` varchar(500) DEFAULT NULL,
  `prevareaha` varchar(500) DEFAULT NULL,
  `preveffectivity` varchar(10) DEFAULT NULL,
  `prevtaxability` varchar(25) DEFAULT NULL,
  PRIMARY KEY (`objid`),
  KEY `FK_faas_previous_faas` (`faasid`),
  KEY `ix_faas_previous_pin` (`prevpin`(255)),
  KEY `ix_faas_previous_tdno` (`prevtdno`(255)),
  CONSTRAINT `FK_faas_previous_faas` FOREIGN KEY (`faasid`) REFERENCES `faas` (`objid`)
) ENGINE=InnoDB DEFAULT CHARSET=utf8;
/*!40101 SET character_set_client = @saved_cs_client */;

--
-- Dumping data for table `faas_previous`
--

LOCK TABLES `faas_previous` WRITE;
/*!40000 ALTER TABLE `faas_previous` DISABLE KEYS */;
/*!40000 ALTER TABLE `faas_previous` ENABLE KEYS */;
UNLOCK TABLES;

--
-- Table structure for table `faas_restriction`
--

DROP TABLE IF EXISTS `faas_restriction`;
/*!40101 SET @saved_cs_client     = @@character_set_client */;
/*!40101 SET character_set_client = utf8 */;
CREATE TABLE `faas_restriction` (
  `objid` varchar(50) NOT NULL,
  `parent_objid` varchar(50) NOT NULL,
  `ledger_objid` varchar(50) DEFAULT NULL,
  `state` varchar(25) NOT NULL,
  `restrictiontype_objid` varchar(50) NOT NULL,
  `txndate` date DEFAULT NULL,
  `remarks` varchar(255) DEFAULT NULL,
  `receipt_objid` varchar(50) DEFAULT NULL,
  `receipt_receiptno` varchar(15) DEFAULT NULL,
  `receipt_receiptdate` datetime DEFAULT NULL,
  `receipt_amount` decimal(16,2) DEFAULT NULL,
  `receipt_lastyearpaid` int(11) DEFAULT NULL,
  `receipt_lastqtrpaid` int(11) DEFAULT NULL,
  `createdby_objid` varchar(50) DEFAULT NULL,
  `createdby_name` varchar(150) DEFAULT NULL,
  `dtcreated` datetime DEFAULT NULL,
  `rpumaster_objid` varchar(50) DEFAULT NULL,
  PRIMARY KEY (`objid`),
  KEY `ix_ledger_objid` (`ledger_objid`),
  KEY `ix_parent_objid` (`parent_objid`),
  KEY `ix_receiptno` (`receipt_receiptno`),
  KEY `ix_restrictiontype_objid` (`restrictiontype_objid`),
  KEY `ix_state` (`state`),
  KEY `ix_txndate` (`txndate`),
  CONSTRAINT `FK_faas_restriction_faas` FOREIGN KEY (`parent_objid`) REFERENCES `faas` (`objid`)
) ENGINE=InnoDB DEFAULT CHARSET=utf8;
/*!40101 SET character_set_client = @saved_cs_client */;

--
-- Dumping data for table `faas_restriction`
--

LOCK TABLES `faas_restriction` WRITE;
/*!40000 ALTER TABLE `faas_restriction` DISABLE KEYS */;
/*!40000 ALTER TABLE `faas_restriction` ENABLE KEYS */;
UNLOCK TABLES;

--
-- Table structure for table `faas_restriction_type`
--

DROP TABLE IF EXISTS `faas_restriction_type`;
/*!40101 SET @saved_cs_client     = @@character_set_client */;
/*!40101 SET character_set_client = utf8 */;
CREATE TABLE `faas_restriction_type` (
  `objid` varchar(50) NOT NULL DEFAULT '',
  `name` varchar(100) NOT NULL,
  `idx` int(11) NOT NULL,
  `isother` int(11) NOT NULL,
  PRIMARY KEY (`objid`)
) ENGINE=InnoDB DEFAULT CHARSET=utf8;
/*!40101 SET character_set_client = @saved_cs_client */;

--
-- Dumping data for table `faas_restriction_type`
--

LOCK TABLES `faas_restriction_type` WRITE;
/*!40000 ALTER TABLE `faas_restriction_type` DISABLE KEYS */;
INSERT INTO `faas_restriction_type` VALUES ('AS_PER_TREASURER\'S_REQUEST','As Per Treasurer\'s Request',11,1),('BOUNDARY_CONFLICT','Boundary Conflict',4,1),('BSP_GSP','BSP / GSP',10,1),('CARP','Under CARP',1,0),('RED_AREAS','Red Areas',3,1),('RESTRICTED','Restricted',9,1),('RP_NIA','RP / NIA',5,1),('TELECOM','Telecom',6,1),('UNDER_LITIGATION','Under Litigation',2,0),('UNDETERMINED','Undetermined',7,1),('UNLOCATED_OWNER','Unlocated Owner',8,1);
/*!40000 ALTER TABLE `faas_restriction_type` ENABLE KEYS */;
UNLOCK TABLES;

--
-- Table structure for table `faas_signatory`
--

DROP TABLE IF EXISTS `faas_signatory`;
/*!40101 SET @saved_cs_client     = @@character_set_client */;
/*!40101 SET character_set_client = utf8 */;
CREATE TABLE `faas_signatory` (
  `objid` varchar(50) NOT NULL,
  `taxmapper_objid` varchar(50) DEFAULT NULL,
  `taxmapper_name` varchar(100) DEFAULT NULL,
  `taxmapper_title` varchar(50) DEFAULT NULL,
  `taxmapper_dtsigned` datetime DEFAULT NULL,
  `taxmapper_taskid` varchar(50) DEFAULT NULL,
  `taxmapperchief_objid` varchar(50) DEFAULT NULL,
  `taxmapperchief_name` varchar(100) DEFAULT NULL,
  `taxmapperchief_title` varchar(50) DEFAULT NULL,
  `taxmapperchief_dtsigned` datetime DEFAULT NULL,
  `taxmapperchief_taskid` varchar(50) DEFAULT NULL,
  `appraiser_objid` varchar(50) DEFAULT NULL,
  `appraiser_name` varchar(100) DEFAULT NULL,
  `appraiser_title` varchar(50) DEFAULT NULL,
  `appraiser_dtsigned` datetime DEFAULT NULL,
  `appraiser_taskid` varchar(50) DEFAULT NULL,
  `appraiserchief_objid` varchar(50) DEFAULT NULL,
  `appraiserchief_name` varchar(100) DEFAULT NULL,
  `appraiserchief_title` varchar(50) DEFAULT NULL,
  `appraiserchief_dtsigned` datetime DEFAULT NULL,
  `appraiserchief_taskid` varchar(50) DEFAULT NULL,
  `recommender_objid` varchar(50) DEFAULT NULL,
  `recommender_name` varchar(100) DEFAULT NULL,
  `recommender_title` varchar(50) DEFAULT NULL,
  `recommender_dtsigned` datetime DEFAULT NULL,
  `recommender_taskid` varchar(50) DEFAULT NULL,
  `provtaxmapper_objid` varchar(50) DEFAULT NULL,
  `provtaxmapper_name` varchar(100) DEFAULT NULL,
  `provtaxmapper_title` varchar(50) DEFAULT NULL,
  `provtaxmapper_dtsigned` datetime DEFAULT NULL,
  `provtaxmapper_taskid` varchar(50) DEFAULT NULL,
  `provtaxmapperchief_objid` varchar(50) DEFAULT NULL,
  `provtaxmapperchief_name` varchar(100) DEFAULT NULL,
  `provtaxmapperchief_title` varchar(50) DEFAULT NULL,
  `provtaxmapperchief_dtsigned` datetime DEFAULT NULL,
  `provtaxmapperchief_taskid` varchar(50) DEFAULT NULL,
  `provappraiser_objid` varchar(50) DEFAULT NULL,
  `provappraiser_name` varchar(100) DEFAULT NULL,
  `provappraiser_title` varchar(50) DEFAULT NULL,
  `provappraiser_dtsigned` datetime DEFAULT NULL,
  `provappraiser_taskid` varchar(50) DEFAULT NULL,
  `provappraiserchief_objid` varchar(50) DEFAULT NULL,
  `provappraiserchief_name` varchar(100) DEFAULT NULL,
  `provappraiserchief_title` varchar(50) DEFAULT NULL,
  `provappraiserchief_dtsigned` datetime DEFAULT NULL,
  `provappraiserchief_taskid` varchar(50) DEFAULT NULL,
  `approver_objid` varchar(50) DEFAULT NULL,
  `approver_name` varchar(100) DEFAULT NULL,
  `approver_title` varchar(50) DEFAULT NULL,
  `approver_dtsigned` datetime DEFAULT NULL,
  `approver_taskid` varchar(50) DEFAULT NULL,
  `provapprover_objid` varchar(50) DEFAULT NULL,
  `provapprover_name` varchar(100) DEFAULT NULL,
  `provapprover_title` varchar(75) DEFAULT NULL,
  `provapprover_dtsigned` datetime DEFAULT NULL,
  `provapprover_taskid` varchar(50) DEFAULT NULL,
  `provrecommender_objid` varchar(50) DEFAULT NULL,
  `provrecommender_name` varchar(100) DEFAULT NULL,
  `provrecommender_title` varchar(50) DEFAULT NULL,
  `provrecommender_dtsigned` datetime DEFAULT NULL,
  `provrecommender_taskid` varchar(50) DEFAULT NULL,
  `reviewer_objid` varchar(50) DEFAULT NULL,
  `reviewer_name` varchar(100) DEFAULT NULL,
  `reviewer_title` varchar(75) DEFAULT NULL,
  `reviewer_dtsigned` datetime DEFAULT NULL,
  `reviewer_taskid` varchar(50) DEFAULT NULL,
  `assessor_name` varchar(100) DEFAULT NULL,
  `assessor_title` varchar(100) DEFAULT NULL,
  PRIMARY KEY (`objid`),
  CONSTRAINT `FK_faas_faas_signatory` FOREIGN KEY (`objid`) REFERENCES `faas` (`objid`)
) ENGINE=InnoDB DEFAULT CHARSET=utf8;
/*!40101 SET character_set_client = @saved_cs_client */;

--
-- Dumping data for table `faas_signatory`
--

LOCK TABLES `faas_signatory` WRITE;
/*!40000 ALTER TABLE `faas_signatory` DISABLE KEYS */;
/*!40000 ALTER TABLE `faas_signatory` ENABLE KEYS */;
UNLOCK TABLES;

--
-- Table structure for table `faas_sketch`
--

DROP TABLE IF EXISTS `faas_sketch`;
/*!40101 SET @saved_cs_client     = @@character_set_client */;
/*!40101 SET character_set_client = utf8 */;
CREATE TABLE `faas_sketch` (
  `objid` varchar(50) NOT NULL DEFAULT '',
  `drawing` text NOT NULL,
  PRIMARY KEY (`objid`),
  KEY `FK_faas_sketch_faas` (`objid`),
  CONSTRAINT `FK_faas_sketch_faas` FOREIGN KEY (`objid`) REFERENCES `faas` (`objid`)
) ENGINE=InnoDB DEFAULT CHARSET=utf8;
/*!40101 SET character_set_client = @saved_cs_client */;

--
-- Dumping data for table `faas_sketch`
--

LOCK TABLES `faas_sketch` WRITE;
/*!40000 ALTER TABLE `faas_sketch` DISABLE KEYS */;
/*!40000 ALTER TABLE `faas_sketch` ENABLE KEYS */;
UNLOCK TABLES;

--
-- Table structure for table `faas_stewardship`
--

DROP TABLE IF EXISTS `faas_stewardship`;
/*!40101 SET @saved_cs_client     = @@character_set_client */;
/*!40101 SET character_set_client = utf8 */;
CREATE TABLE `faas_stewardship` (
  `objid` varchar(50) NOT NULL DEFAULT '',
  `rpumasterid` varchar(50) NOT NULL,
  `stewardrpumasterid` varchar(50) NOT NULL,
  `ry` int(11) NOT NULL,
  `stewardshipno` int(11) NOT NULL,
  PRIMARY KEY (`objid`),
  UNIQUE KEY `ux_faas_stewardship` (`rpumasterid`,`stewardrpumasterid`,`ry`,`stewardshipno`),
  KEY `ix_faas_stewardship_rpumasterid` (`rpumasterid`),
  KEY `ix_faas_stewardship_stewardrpumasterid` (`stewardrpumasterid`)
) ENGINE=InnoDB DEFAULT CHARSET=utf8;
/*!40101 SET character_set_client = @saved_cs_client */;

--
-- Dumping data for table `faas_stewardship`
--

LOCK TABLES `faas_stewardship` WRITE;
/*!40000 ALTER TABLE `faas_stewardship` DISABLE KEYS */;
/*!40000 ALTER TABLE `faas_stewardship` ENABLE KEYS */;
UNLOCK TABLES;

--
-- Table structure for table `faas_task`
--

DROP TABLE IF EXISTS `faas_task`;
/*!40101 SET @saved_cs_client     = @@character_set_client */;
/*!40101 SET character_set_client = utf8 */;
CREATE TABLE `faas_task` (
  `objid` varchar(50) NOT NULL DEFAULT '',
  `refid` varchar(50) DEFAULT NULL,
  `parentprocessid` varchar(50) DEFAULT NULL,
  `state` varchar(50) DEFAULT NULL,
  `startdate` datetime DEFAULT NULL,
  `enddate` datetime DEFAULT NULL,
  `assignee_objid` varchar(50) DEFAULT NULL,
  `assignee_name` varchar(100) DEFAULT NULL,
  `assignee_title` varchar(80) DEFAULT NULL,
  `actor_objid` varchar(50) DEFAULT NULL,
  `actor_name` varchar(100) DEFAULT NULL,
  `actor_title` varchar(80) DEFAULT NULL,
  `message` varchar(255) DEFAULT NULL,
  `signature` text,
  `returnedby` varchar(100) DEFAULT NULL,
  PRIMARY KEY (`objid`),
  KEY `ix_assignee_objid` (`assignee_objid`),
  KEY `ix_refid` (`refid`),
  CONSTRAINT `faas_task_ibfk_1` FOREIGN KEY (`refid`) REFERENCES `faas` (`objid`)
) ENGINE=InnoDB DEFAULT CHARSET=utf8;
/*!40101 SET character_set_client = @saved_cs_client */;

--
-- Dumping data for table `faas_task`
--

LOCK TABLES `faas_task` WRITE;
/*!40000 ALTER TABLE `faas_task` DISABLE KEYS */;
/*!40000 ALTER TABLE `faas_task` ENABLE KEYS */;
UNLOCK TABLES;

--
-- Table structure for table `faas_txntype`
--

DROP TABLE IF EXISTS `faas_txntype`;
/*!40101 SET @saved_cs_client     = @@character_set_client */;
/*!40101 SET character_set_client = utf8 */;
CREATE TABLE `faas_txntype` (
  `objid` varchar(50) NOT NULL DEFAULT '',
  `name` varchar(100) NOT NULL DEFAULT '',
  `newledger` int(11) NOT NULL,
  `newrpu` int(11) NOT NULL,
  `newrealproperty` int(11) NOT NULL,
  `displaycode` varchar(10) DEFAULT NULL,
  `allowEditOwner` int(11) DEFAULT NULL,
  `allowEditPin` int(11) DEFAULT NULL,
  `allowEditPinInfo` int(11) DEFAULT NULL,
  `allowEditAppraisal` int(11) DEFAULT NULL,
  `opener` varchar(50) DEFAULT NULL,
  `checkbalance` int(11) DEFAULT NULL,
  `reconcileledger` int(11) DEFAULT NULL,
  `allowannotated` int(11) DEFAULT NULL,
  PRIMARY KEY (`objid`)
) ENGINE=InnoDB DEFAULT CHARSET=utf8;
/*!40101 SET character_set_client = @saved_cs_client */;

--
-- Dumping data for table `faas_txntype`
--

LOCK TABLES `faas_txntype` WRITE;
/*!40000 ALTER TABLE `faas_txntype` DISABLE KEYS */;
INSERT INTO `faas_txntype` VALUES ('CA','Change Administrator',0,0,0,'DP',0,0,0,1,NULL,1,1,0),('CC','Change Classification',0,1,0,'RC',0,0,0,1,NULL,1,1,0),('CD','Change Depreciation',0,1,0,'DP',0,0,0,1,NULL,1,1,0),('CE','Correction of Entry',0,1,1,'DP',1,0,1,1,NULL,1,1,0),('CS','Consolidation',1,1,1,'CS',1,0,1,1,'consolidation',1,1,0),('CS/SD','Consolidation/Segregation',1,1,1,'CS/SD',1,0,0,1,'subdivision',1,1,0),('CT','Change Taxability',0,1,0,'DP',0,0,0,1,NULL,1,1,0),('CTD','Cancellation',0,0,0,'DP',0,0,0,0,NULL,1,1,0),('DC','Data Capture',1,1,1,'DC',1,1,1,1,NULL,0,1,0),('DT','Destruction of Property',0,1,0,'DT',0,0,0,1,NULL,0,1,0),('GR','General Revision',0,1,1,'GR',0,0,1,1,NULL,0,1,1),('MC','Multiple Claim',1,1,1,'DP',1,1,1,1,NULL,0,1,0),('MCS','Multiple Claim Settlement',0,1,1,'DP',0,0,0,0,'mcsettlement',0,1,0),('ND','New Discovery',1,1,1,'DC',1,1,1,1,NULL,0,1,0),('PC','Physical Obsolence',0,1,1,'PC',0,0,0,1,NULL,0,1,0),('RE','Reassessment',0,1,1,'DP',0,1,0,1,NULL,1,1,0),('RS','Resection',0,1,1,'DP',0,0,0,1,NULL,0,1,0),('RV','Revision',0,1,1,'RV',1,1,1,1,NULL,1,1,0),('SD','Subdivision',1,1,1,'SD',1,0,1,1,'subdivision',1,1,0),('ST','Stewardship',1,1,1,'DP',1,0,1,1,'',0,1,0),('STP','Stewardship',0,1,1,'DP',0,0,0,1,'',0,1,0),('TR','Transfer of Ownership',0,1,1,'TR',1,0,1,1,NULL,1,1,0),('TRC','Transfer with Correction',0,1,1,'TR',1,0,1,1,NULL,1,1,0),('TRE','Transfer with Reassessment',0,1,1,'TR',1,0,1,1,NULL,1,1,0),('UK','Unknown to Known',1,1,1,'DP',1,0,0,1,NULL,0,0,0);
/*!40000 ALTER TABLE `faas_txntype` ENABLE KEYS */;
UNLOCK TABLES;

--
-- Table structure for table `faas_txntype_attribute`
--

DROP TABLE IF EXISTS `faas_txntype_attribute`;
/*!40101 SET @saved_cs_client     = @@character_set_client */;
/*!40101 SET character_set_client = utf8 */;
CREATE TABLE `faas_txntype_attribute` (
  `txntype_objid` varchar(50) NOT NULL,
  `attribute` varchar(50) NOT NULL,
  `idx` int(11) NOT NULL,
  PRIMARY KEY (`attribute`,`txntype_objid`),
  KEY `FK_faas_txntype_attribute_type` (`attribute`),
  KEY `FK_faas_txntype_attribute` (`txntype_objid`),
  CONSTRAINT `FK_faas_txntype_attribute_type` FOREIGN KEY (`attribute`) REFERENCES `faas_txntype_attribute_type` (`attribute`),
  CONSTRAINT `FK_faas_txntype_attribute` FOREIGN KEY (`txntype_objid`) REFERENCES `faas_txntype` (`objid`)
) ENGINE=InnoDB DEFAULT CHARSET=utf8;
/*!40101 SET character_set_client = @saved_cs_client */;

--
-- Dumping data for table `faas_txntype_attribute`
--

LOCK TABLES `faas_txntype_attribute` WRITE;
/*!40000 ALTER TABLE `faas_txntype_attribute` DISABLE KEYS */;
/*!40000 ALTER TABLE `faas_txntype_attribute` ENABLE KEYS */;
UNLOCK TABLES;

--
-- Table structure for table `faas_txntype_attribute_type`
--

DROP TABLE IF EXISTS `faas_txntype_attribute_type`;
/*!40101 SET @saved_cs_client     = @@character_set_client */;
/*!40101 SET character_set_client = utf8 */;
CREATE TABLE `faas_txntype_attribute_type` (
  `attribute` varchar(50) NOT NULL,
  PRIMARY KEY (`attribute`)
) ENGINE=InnoDB DEFAULT CHARSET=utf8;
/*!40101 SET character_set_client = @saved_cs_client */;

--
-- Dumping data for table `faas_txntype_attribute_type`
--

LOCK TABLES `faas_txntype_attribute_type` WRITE;
/*!40000 ALTER TABLE `faas_txntype_attribute_type` DISABLE KEYS */;
/*!40000 ALTER TABLE `faas_txntype_attribute_type` ENABLE KEYS */;
UNLOCK TABLES;

--
-- Table structure for table `faasannotation`
--

DROP TABLE IF EXISTS `faasannotation`;
/*!40101 SET @saved_cs_client     = @@character_set_client */;
/*!40101 SET character_set_client = utf8 */;
CREATE TABLE `faasannotation` (
  `objid` varchar(50) NOT NULL,
  `state` varchar(15) NOT NULL,
  `annotationtype_objid` varchar(50) NOT NULL,
  `faasid` varchar(50) DEFAULT NULL,
  `txnno` varchar(15) NOT NULL,
  `txndate` datetime DEFAULT NULL,
  `fileno` varchar(25) NOT NULL,
  `orno` varchar(10) NOT NULL,
  `ordate` datetime NOT NULL,
  `oramount` decimal(16,2) NOT NULL,
  `memoranda` text NOT NULL,
  PRIMARY KEY (`objid`),
  KEY `FK_faasannotation_faas` (`faasid`),
  KEY `FK_faasannotation_faasannotationtype` (`annotationtype_objid`),
  KEY `ix_faasannotation_fileno` (`fileno`),
  KEY `ix_faasannotation_orno` (`orno`),
  KEY `ix_faasannotation_state` (`state`),
  KEY `ix_faasannotation_txnno` (`txnno`),
  CONSTRAINT `faasannotation_ibfk_2` FOREIGN KEY (`annotationtype_objid`) REFERENCES `faasannotationtype` (`objid`),
  CONSTRAINT `faasannotation_ibfk_1` FOREIGN KEY (`faasid`) REFERENCES `faas` (`objid`)
) ENGINE=InnoDB DEFAULT CHARSET=utf8;
/*!40101 SET character_set_client = @saved_cs_client */;

--
-- Dumping data for table `faasannotation`
--

LOCK TABLES `faasannotation` WRITE;
/*!40000 ALTER TABLE `faasannotation` DISABLE KEYS */;
/*!40000 ALTER TABLE `faasannotation` ENABLE KEYS */;
UNLOCK TABLES;

--
-- Table structure for table `faasannotation_faas`
--

DROP TABLE IF EXISTS `faasannotation_faas`;
/*!40101 SET @saved_cs_client     = @@character_set_client */;
/*!40101 SET character_set_client = utf8 */;
CREATE TABLE `faasannotation_faas` (
  `objid` varchar(50) NOT NULL,
  `parent_objid` varchar(50) NOT NULL,
  `faas_objid` varchar(50) NOT NULL,
  PRIMARY KEY (`objid`),
  UNIQUE KEY `ux_parent_faas` (`parent_objid`,`faas_objid`),
  KEY `ix_faas_objid` (`faas_objid`),
  KEY `ix_parent_objid` (`parent_objid`),
  CONSTRAINT `fk_faasannotationfaas_faasannotation` FOREIGN KEY (`parent_objid`) REFERENCES `faasannotation` (`objid`),
  CONSTRAINT `fk_faasannotationfaas_faas` FOREIGN KEY (`faas_objid`) REFERENCES `faas` (`objid`)
) ENGINE=InnoDB DEFAULT CHARSET=utf8;
/*!40101 SET character_set_client = @saved_cs_client */;

--
-- Dumping data for table `faasannotation_faas`
--

LOCK TABLES `faasannotation_faas` WRITE;
/*!40000 ALTER TABLE `faasannotation_faas` DISABLE KEYS */;
/*!40000 ALTER TABLE `faasannotation_faas` ENABLE KEYS */;
UNLOCK TABLES;

--
-- Table structure for table `faasannotationtype`
--

DROP TABLE IF EXISTS `faasannotationtype`;
/*!40101 SET @saved_cs_client     = @@character_set_client */;
/*!40101 SET character_set_client = utf8 */;
CREATE TABLE `faasannotationtype` (
  `objid` varchar(50) NOT NULL,
  `type` varchar(100) NOT NULL,
  PRIMARY KEY (`objid`)
) ENGINE=InnoDB DEFAULT CHARSET=utf8;
/*!40101 SET character_set_client = @saved_cs_client */;

--
-- Dumping data for table `faasannotationtype`
--

LOCK TABLES `faasannotationtype` WRITE;
/*!40000 ALTER TABLE `faasannotationtype` DISABLE KEYS */;
INSERT INTO `faasannotationtype` VALUES ('CCJ','CIVIL CASE JUDGEMENT'),('MOA','MEMORANDUM OF AGREEMENT'),('MT','MORTGAGE'),('NAC','NOTICE OF ADVERSE CLAIM'),('NB','NOTICE OF BOND'),('NOA','NOTICE OF ATTACHMENT'),('NOAL','NOTICE OF ATTACHMENT/LEVY UPON REALTY'),('NOL','NOTICE OF LEVY'),('NOLES','NOTICE OF LIS PENDENS'),('NOS','NOTICE OF SHERIFF\'S'),('OFC','ORDER FROM THE COURT'),('SLVY','SHERIFF\'S NOTICE OF LEVY UPON REAL PROPERTY'),('SR','SHERIFF\'S CERTIFICATE OF SALE'),('UL','UNDER LITIGATION'),('WL','WARRANT OF LEVY');
/*!40000 ALTER TABLE `faasannotationtype` ENABLE KEYS */;
UNLOCK TABLES;

--
-- Table structure for table `faasbacktax`
--

DROP TABLE IF EXISTS `faasbacktax`;
/*!40101 SET @saved_cs_client     = @@character_set_client */;
/*!40101 SET character_set_client = utf8 */;
CREATE TABLE `faasbacktax` (
  `objid` varchar(50) NOT NULL,
  `faasid` varchar(50) NOT NULL,
  `ry` int(11) NOT NULL,
  `tdno` varchar(25) DEFAULT NULL,
  `bmv` decimal(16,2) NOT NULL,
  `mv` decimal(16,2) NOT NULL,
  `av` decimal(16,2) NOT NULL,
  `effectivityyear` int(11) NOT NULL,
  `effectivityqtr` int(11) NOT NULL,
  `taxable` int(11) NOT NULL,
  PRIMARY KEY (`objid`),
  KEY `FK_faasbacktax` (`faasid`),
  CONSTRAINT `faasbacktax_ibfk_1` FOREIGN KEY (`faasid`) REFERENCES `faas` (`objid`)
) ENGINE=InnoDB DEFAULT CHARSET=utf8;
/*!40101 SET character_set_client = @saved_cs_client */;

--
-- Dumping data for table `faasbacktax`
--

LOCK TABLES `faasbacktax` WRITE;
/*!40000 ALTER TABLE `faasbacktax` DISABLE KEYS */;
/*!40000 ALTER TABLE `faasbacktax` ENABLE KEYS */;
UNLOCK TABLES;

--
-- Table structure for table `faasupdate`
--

DROP TABLE IF EXISTS `faasupdate`;
/*!40101 SET @saved_cs_client     = @@character_set_client */;
/*!40101 SET character_set_client = utf8 */;
CREATE TABLE `faasupdate` (
  `objid` varchar(50) NOT NULL,
  `state` varchar(25) NOT NULL,
  `txnno` varchar(10) NOT NULL,
  `txndate` datetime NOT NULL,
  `faasid` varchar(50) NOT NULL,
  `prevtitletype` varchar(25) DEFAULT NULL,
  `prevtitleno` varchar(25) DEFAULT NULL,
  `prevtitledate` datetime DEFAULT NULL,
  `prevtaxpayerid` varchar(50) NOT NULL,
  `prevtaxpayername` text NOT NULL,
  `prevtaxpayeraddress` varchar(150) NOT NULL,
  `prevownername` text NOT NULL,
  `prevowneraddress` varchar(150) NOT NULL,
  `prevadministratorid` varchar(50) DEFAULT NULL,
  `prevadministratorname` varchar(150) DEFAULT NULL,
  `prevadministratoraddress` varchar(100) DEFAULT NULL,
  `prevrestrictionid` varchar(50) DEFAULT NULL,
  `prevmemoranda` text NOT NULL,
  `prevsurveyno` varchar(100) DEFAULT NULL,
  `prevcadastrallotno` varchar(100) NOT NULL,
  `prevblockno` varchar(50) DEFAULT NULL,
  `prevpurok` varchar(50) DEFAULT NULL,
  `prevstreet` varchar(100) DEFAULT NULL,
  `prevnorth` varchar(150) NOT NULL,
  `preveast` varchar(150) NOT NULL,
  `prevsouth` varchar(150) NOT NULL,
  `prevwest` varchar(150) NOT NULL,
  `faas_titletype` varchar(25) DEFAULT NULL,
  `faas_titleno` varchar(25) DEFAULT NULL,
  `faas_titledate` datetime DEFAULT NULL,
  `faas_restrictionid` varchar(50) DEFAULT NULL,
  `faas_memoranda` text NOT NULL,
  `rp_surveyno` varchar(100) DEFAULT NULL,
  `rp_cadastrallotno` varchar(100) NOT NULL,
  `rp_blockno` varchar(50) DEFAULT NULL,
  `rp_street` varchar(100) DEFAULT NULL,
  `rp_north` varchar(150) NOT NULL,
  `rp_east` varchar(150) NOT NULL,
  `rp_south` varchar(150) NOT NULL,
  `rp_west` varchar(150) NOT NULL,
  `faas_taxpayer_objid` varchar(50) NOT NULL,
  `faas_taxpayer_name` text NOT NULL,
  `faas_taxpayer_address` varchar(150) NOT NULL,
  `faas_owner_address` text NOT NULL,
  `faas_owner_name` text NOT NULL,
  `faas_administrator_name` varchar(200) DEFAULT NULL,
  `faas_administrator_objid` varchar(50) DEFAULT NULL,
  `faas_administrator_address` varchar(150) DEFAULT NULL,
  PRIMARY KEY (`objid`),
  KEY `FK_faasupdate_faas` (`faasid`),
  CONSTRAINT `faasupdate_ibfk_1` FOREIGN KEY (`faasid`) REFERENCES `faas` (`objid`)
) ENGINE=InnoDB DEFAULT CHARSET=utf8;
/*!40101 SET character_set_client = @saved_cs_client */;

--
-- Dumping data for table `faasupdate`
--

LOCK TABLES `faasupdate` WRITE;
/*!40000 ALTER TABLE `faasupdate` DISABLE KEYS */;
/*!40000 ALTER TABLE `faasupdate` ENABLE KEYS */;
UNLOCK TABLES;

--
-- Table structure for table `fund`
--

DROP TABLE IF EXISTS `fund`;
/*!40101 SET @saved_cs_client     = @@character_set_client */;
/*!40101 SET character_set_client = utf8 */;
CREATE TABLE `fund` (
  `objid` varchar(100) NOT NULL,
  `parentid` varchar(50) DEFAULT NULL,
  `state` varchar(10) DEFAULT NULL,
  `code` varchar(50) DEFAULT NULL,
  `title` varchar(255) DEFAULT NULL,
  `type` varchar(20) DEFAULT NULL,
  `special` int(11) DEFAULT NULL,
  `system` int(11) DEFAULT NULL,
  `groupid` varchar(50) DEFAULT NULL,
  `depositoryfundid` varchar(100) DEFAULT NULL,
  `_parentid` varchar(50) DEFAULT NULL,
  PRIMARY KEY (`objid`),
  KEY `ix_code` (`code`),
  KEY `ix_depositoryfundid` (`depositoryfundid`),
  KEY `ix_groupid` (`groupid`),
  KEY `ix_parentid` (`parentid`),
  KEY `ix_title` (`title`),
  CONSTRAINT `fk_fund_groupid` FOREIGN KEY (`groupid`) REFERENCES `fundgroup` (`objid`)
) ENGINE=InnoDB DEFAULT CHARSET=utf8;
/*!40101 SET character_set_client = @saved_cs_client */;

--
-- Dumping data for table `fund`
--

LOCK TABLES `fund` WRITE;
/*!40000 ALTER TABLE `fund` DISABLE KEYS */;
INSERT INTO `fund` VALUES ('GENERAL',NULL,'ACTIVE','01','GENERAL PROPER',NULL,0,1,'GENERAL','GENERAL',NULL),('SEF',NULL,'ACTIVE','02','SEF PROPER',NULL,0,1,'SEF','SEF',NULL),('TRUST',NULL,'ACTIVE','03','TRUST PROPER',NULL,0,1,'TRUST','TRUST',NULL);
/*!40000 ALTER TABLE `fund` ENABLE KEYS */;
UNLOCK TABLES;

--
-- Table structure for table `fundgroup`
--

DROP TABLE IF EXISTS `fundgroup`;
/*!40101 SET @saved_cs_client     = @@character_set_client */;
/*!40101 SET character_set_client = utf8 */;
CREATE TABLE `fundgroup` (
  `objid` varchar(50) NOT NULL,
  `title` varchar(100) NOT NULL,
  `indexno` int(11) NOT NULL,
  PRIMARY KEY (`objid`),
  UNIQUE KEY `uix_title` (`title`)
) ENGINE=InnoDB DEFAULT CHARSET=utf8;
/*!40101 SET character_set_client = @saved_cs_client */;

--
-- Dumping data for table `fundgroup`
--

LOCK TABLES `fundgroup` WRITE;
/*!40000 ALTER TABLE `fundgroup` DISABLE KEYS */;
INSERT INTO `fundgroup` VALUES ('GENERAL','GENERAL',0),('SEF','SEF',1),('TRUST','TRUST',2);
/*!40000 ALTER TABLE `fundgroup` ENABLE KEYS */;
UNLOCK TABLES;

--
-- Table structure for table `government_property`
--

DROP TABLE IF EXISTS `government_property`;
/*!40101 SET @saved_cs_client     = @@character_set_client */;
/*!40101 SET character_set_client = utf8 */;
CREATE TABLE `government_property` (
  `objid` varchar(50) NOT NULL,
  `name` varchar(255) DEFAULT NULL,
  `street` varchar(255) DEFAULT NULL,
  `barangay_objid` varchar(50) DEFAULT NULL,
  `barangay_name` varchar(255) DEFAULT NULL,
  `pin` varchar(50) DEFAULT NULL,
  PRIMARY KEY (`objid`),
  KEY `ix_barangay_name` (`barangay_name`),
  KEY `ix_barangay_objid` (`barangay_objid`),
  KEY `ix_name` (`name`)
) ENGINE=InnoDB DEFAULT CHARSET=utf8;
/*!40101 SET character_set_client = @saved_cs_client */;

--
-- Dumping data for table `government_property`
--

LOCK TABLES `government_property` WRITE;
/*!40000 ALTER TABLE `government_property` DISABLE KEYS */;
/*!40000 ALTER TABLE `government_property` ENABLE KEYS */;
UNLOCK TABLES;

--
-- Table structure for table `holiday`
--

DROP TABLE IF EXISTS `holiday`;
/*!40101 SET @saved_cs_client     = @@character_set_client */;
/*!40101 SET character_set_client = utf8 */;
CREATE TABLE `holiday` (
  `objid` varchar(50) NOT NULL,
  `year` int(11) DEFAULT NULL,
  `month` int(11) DEFAULT NULL,
  `day` int(11) DEFAULT NULL,
  `week` int(11) DEFAULT NULL,
  `dow` int(11) DEFAULT NULL,
  `name` varchar(255) DEFAULT NULL,
  PRIMARY KEY (`objid`)
) ENGINE=InnoDB DEFAULT CHARSET=utf8;
/*!40101 SET character_set_client = @saved_cs_client */;

--
-- Dumping data for table `holiday`
--

LOCK TABLES `holiday` WRITE;
/*!40000 ALTER TABLE `holiday` DISABLE KEYS */;
/*!40000 ALTER TABLE `holiday` ENABLE KEYS */;
UNLOCK TABLES;

--
-- Table structure for table `income_ledger`
--

DROP TABLE IF EXISTS `income_ledger`;
/*!40101 SET @saved_cs_client     = @@character_set_client */;
/*!40101 SET character_set_client = utf8 */;
CREATE TABLE `income_ledger` (
  `objid` varchar(150) NOT NULL,
  `jevid` varchar(150) DEFAULT NULL,
  `itemacctid` varchar(50) NOT NULL,
  `dr` decimal(16,4) NOT NULL,
  `cr` decimal(16,4) NOT NULL,
  PRIMARY KEY (`objid`),
  KEY `ix_itemacctid` (`itemacctid`),
  KEY `ix_jevid` (`jevid`),
  CONSTRAINT `fk_income_ledger_jevid` FOREIGN KEY (`jevid`) REFERENCES `jev` (`objid`),
  CONSTRAINT `fk_income_ledger_itemacctid` FOREIGN KEY (`itemacctid`) REFERENCES `itemaccount` (`objid`)
) ENGINE=InnoDB DEFAULT CHARSET=utf8;
/*!40101 SET character_set_client = @saved_cs_client */;

--
-- Dumping data for table `income_ledger`
--

LOCK TABLES `income_ledger` WRITE;
/*!40000 ALTER TABLE `income_ledger` DISABLE KEYS */;
/*!40000 ALTER TABLE `income_ledger` ENABLE KEYS */;
UNLOCK TABLES;

--
-- Table structure for table `income_summary`
--

DROP TABLE IF EXISTS `income_summary`;
/*!40101 SET @saved_cs_client     = @@character_set_client */;
/*!40101 SET character_set_client = utf8 */;
CREATE TABLE `income_summary` (
  `refid` varchar(50) NOT NULL,
  `refdate` date NOT NULL,
  `refno` varchar(50) DEFAULT NULL,
  `reftype` varchar(50) DEFAULT NULL,
  `acctid` varchar(50) NOT NULL,
  `fundid` varchar(100) NOT NULL,
  `amount` decimal(16,4) DEFAULT NULL,
  `orgid` varchar(50) NOT NULL,
  `collectorid` varchar(50) DEFAULT NULL,
  `refyear` int(11) DEFAULT NULL,
  `refmonth` int(11) DEFAULT NULL,
  `refqtr` int(11) DEFAULT NULL,
  `remittanceid` varchar(50) NOT NULL DEFAULT '',
  `remittancedate` date DEFAULT NULL,
  `remittanceyear` int(11) DEFAULT NULL,
  `remittancemonth` int(11) DEFAULT NULL,
  `remittanceqtr` int(11) DEFAULT NULL,
  `liquidationid` varchar(50) NOT NULL DEFAULT '',
  `liquidationdate` date DEFAULT NULL,
  `liquidationyear` int(11) DEFAULT NULL,
  `liquidationmonth` int(11) DEFAULT NULL,
  `liquidationqtr` int(11) DEFAULT NULL,
  PRIMARY KEY (`acctid`,`fundid`,`liquidationid`,`orgid`,`refdate`,`refid`,`remittanceid`),
  KEY `ix_acctid` (`acctid`),
  KEY `ix_collectorid` (`collectorid`),
  KEY `ix_fundid` (`fundid`),
  KEY `ix_liquidationdate` (`liquidationdate`),
  KEY `ix_liquidationid` (`liquidationid`),
  KEY `ix_liquidationmonth` (`liquidationmonth`),
  KEY `ix_liquidationqtr` (`liquidationqtr`),
  KEY `ix_liquidationyear` (`liquidationyear`),
  KEY `ix_orgid` (`orgid`),
  KEY `ix_refdate` (`refdate`),
  KEY `ix_refmonth` (`refmonth`),
  KEY `ix_refno` (`refno`),
  KEY `ix_refqtr` (`refqtr`),
  KEY `ix_refyear` (`refyear`),
  KEY `ix_remittancedate` (`remittancedate`),
  KEY `ix_remittanceid` (`remittanceid`),
  KEY `ix_remittancemonth` (`remittancemonth`),
  KEY `ix_remittanceqtr` (`remittanceqtr`),
  KEY `ix_remittanceyear` (`remittanceyear`)
) ENGINE=InnoDB DEFAULT CHARSET=utf8;
/*!40101 SET character_set_client = @saved_cs_client */;

--
-- Dumping data for table `income_summary`
--

LOCK TABLES `income_summary` WRITE;
/*!40000 ALTER TABLE `income_summary` DISABLE KEYS */;
/*!40000 ALTER TABLE `income_summary` ENABLE KEYS */;
UNLOCK TABLES;

--
-- Table structure for table `interfund_transfer_ledger`
--

DROP TABLE IF EXISTS `interfund_transfer_ledger`;
/*!40101 SET @saved_cs_client     = @@character_set_client */;
/*!40101 SET character_set_client = utf8 */;
CREATE TABLE `interfund_transfer_ledger` (
  `objid` varchar(150) NOT NULL,
  `jevid` varchar(150) DEFAULT NULL,
  `itemacctid` varchar(50) DEFAULT NULL,
  `dr` decimal(16,4) DEFAULT NULL,
  `cr` decimal(16,4) DEFAULT NULL,
  PRIMARY KEY (`objid`),
  KEY `ix_itemacctid` (`itemacctid`),
  KEY `ix_jevid` (`jevid`),
  CONSTRAINT `fk_interfund_transfer_ledger_jevid` FOREIGN KEY (`jevid`) REFERENCES `jev` (`objid`)
) ENGINE=InnoDB DEFAULT CHARSET=utf8;
/*!40101 SET character_set_client = @saved_cs_client */;

--
-- Dumping data for table `interfund_transfer_ledger`
--

LOCK TABLES `interfund_transfer_ledger` WRITE;
/*!40000 ALTER TABLE `interfund_transfer_ledger` DISABLE KEYS */;
/*!40000 ALTER TABLE `interfund_transfer_ledger` ENABLE KEYS */;
UNLOCK TABLES;

--
-- Table structure for table `itemaccount`
--

DROP TABLE IF EXISTS `itemaccount`;
/*!40101 SET @saved_cs_client     = @@character_set_client */;
/*!40101 SET character_set_client = utf8 */;
CREATE TABLE `itemaccount` (
  `objid` varchar(50) NOT NULL,
  `state` varchar(10) DEFAULT NULL,
  `code` varchar(50) DEFAULT NULL,
  `title` varchar(255) DEFAULT NULL,
  `description` varchar(255) DEFAULT NULL,
  `type` varchar(25) DEFAULT NULL,
  `fund_objid` varchar(100) DEFAULT NULL,
  `fund_code` varchar(50) DEFAULT NULL,
  `fund_title` varchar(50) DEFAULT NULL,
  `defaultvalue` decimal(16,2) DEFAULT NULL,
  `valuetype` varchar(10) DEFAULT NULL,
  `org_objid` varchar(50) DEFAULT NULL,
  `org_name` varchar(50) DEFAULT NULL,
  `parentid` varchar(50) DEFAULT NULL,
  `generic` int(11) DEFAULT '0',
  `sortorder` int(11) DEFAULT '0',
  `hidefromlookup` int(11) NOT NULL DEFAULT '0',
  PRIMARY KEY (`objid`),
  KEY `ix_code` (`code`),
  KEY `ix_fund_objid` (`fund_objid`),
  KEY `ix_generic` (`generic`),
  KEY `ix_org_objid` (`org_objid`),
  KEY `ix_parentid` (`parentid`),
  KEY `ix_state` (`state`),
  KEY `ix_title` (`title`),
  KEY `ix_type` (`type`),
  CONSTRAINT `fk_itemaccount_org` FOREIGN KEY (`org_objid`) REFERENCES `sys_org` (`objid`),
  CONSTRAINT `fk_itemaccount_fund` FOREIGN KEY (`fund_objid`) REFERENCES `fund` (`objid`),
  CONSTRAINT `fk_itemaccount_fund_objid` FOREIGN KEY (`fund_objid`) REFERENCES `fund` (`objid`)
) ENGINE=InnoDB DEFAULT CHARSET=utf8;
/*!40101 SET character_set_client = @saved_cs_client */;

--
-- Dumping data for table `itemaccount`
--

LOCK TABLES `itemaccount` WRITE;
/*!40000 ALTER TABLE `itemaccount` DISABLE KEYS */;
INSERT INTO `itemaccount` VALUES ('CASH_IN_TREASURY','ACTIVE','-','CASH IN TREASURY',NULL,'CASH_IN_TREASURY',NULL,NULL,NULL,NULL,NULL,NULL,NULL,NULL,0,0,0),('CIB-GENERAL','ACTIVE','-','CASH IN BANK - GENERAL PROPER',NULL,'CASH_IN_BANK','GENERAL','01','GENERAL PROPER',0.00,'ANY',NULL,NULL,NULL,0,0,0),('CIB-SEF','ACTIVE','-','CASH IN BANK - SEF PROPER',NULL,'CASH_IN_BANK','SEF','02','SEF PROPER',0.00,'ANY',NULL,NULL,NULL,0,0,0),('CIB-TRUST','ACTIVE','-','CASH IN BANK - TRUST PROPER',NULL,'CASH_IN_BANK','TRUST','03','TRUST PROPER',0.00,'ANY',NULL,NULL,NULL,0,0,0),('ITMACCT-155e0f32:157977b9386:-7c75','ACTIVE','401-1','GARBAGE FEE- BUSINESS','GARBAGE FEE- BUSINESS','REVENUE','GENERAL','01','GENERAL',0.00,'ANY',NULL,NULL,NULL,0,0,0),('ITMACCT-15d1e7ac:175ca23b778:-79ba','ACTIVE','-','SURCHARGE FOR BUSINESS',NULL,'REVENUE','GENERAL','01','GENERAL PROPER',0.00,'ANY',NULL,NULL,NULL,0,0,0),('ITMACCT-37559040:15d820b3bd1:-5b5c','ACTIVE','114-8','BUSINESS TAX - WHOLESALERS,DISTRIBUTORS','BUSINESS TAX - WHOLESALERS,DISTRIBUTORS','REVENUE','GENERAL','01','GENERAL',0.00,'ANY',NULL,NULL,NULL,0,0,0),('ITMACCT-37559040:15d820b3bd1:-5de0','ACTIVE','114-7','BUSINESS TAX - PEDDLERS','BUSINESS TAX - PEDDLERS','REVENUE','GENERAL','01','GENERAL',0.00,'ANY',NULL,NULL,NULL,0,0,0),('ITMACCT-37559040:15d820b3bd1:-5dfa','ACTIVE','114-6','BUSINESS TAX - BANKS AND OTHER FINANCIAL INSTITUTION','BUSINESS TAX - BANKS AND OTHER FINANCIAL INSTITUTION','REVENUE','GENERAL','01','GENERAL',0.00,'ANY',NULL,NULL,NULL,0,0,0),('ITMACCT-418ba86:157923606da:-5c11','ACTIVE','301-1','MAYOR\'S PERMIT_BUSINESS','MAYORS PERMIT FOR BUSINESS TAX','REVENUE','GENERAL','01','GENERAL',0.00,'ANY',NULL,NULL,NULL,0,0,0),('ITMACCT-418ba86:157923606da:-5fec','ACTIVE','114','BUSINESS TAX','TAX ON BUSINESS','REVENUE','GENERAL','01','GENERAL',0.00,'ANY',NULL,NULL,NULL,0,0,0),('ITMACCT-418ba86:157923606da:-65ed','ACTIVE','403-2','MHO - LABORATORY FEE',' LABORATORY FEE','REVENUE','GENERAL','01','GENERAL',0.00,'ANY',NULL,NULL,NULL,0,0,0),('ITMACCT-418ba86:157923606da:-6b18','ACTIVE','104','AMUSEMENT TAX',NULL,'REVENUE','GENERAL','01','GENERAL',0.00,'ANY',NULL,NULL,NULL,0,0,0),('ITMACCT-418ba86:157923606da:-6ca1','ACTIVE','305','REGISTRATION OF LARGE CATTLE',NULL,'REVENUE','GENERAL','01','GENERAL',0.00,'ANY',NULL,NULL,NULL,0,0,0),('ITMACCT-418ba86:157923606da:-6ce6','ACTIVE','601','REAL PROPERTY TAX',NULL,'REVENUE','GENERAL','01','GENERAL',0.00,'ANY',NULL,NULL,NULL,0,0,0),('ITMACCT-418ba86:157923606da:-6d87','ACTIVE','215','MHO - PHILHEATH (MATERNAL CARE)',' PHILHEATH  (MATERNAL CARE)','NONREVENUE','GENERAL','01','GENERAL',0.00,'ANY',NULL,NULL,NULL,0,0,0),('ITMACCT-418ba86:157923606da:-6d9e','ACTIVE','214','MHO- PHILHEALTH ( LAB FEES)',' PHILHEALTH ( LAB FEES)','NONREVENUE','GENERAL','01','GENERAL',0.00,'ANY',NULL,NULL,NULL,0,0,0),('ITMACCT-418ba86:157923606da:-6dbf','ACTIVE','112','BUSINESS ON PEDDLERS',' ON PEDDLERS','REVENUE','GENERAL','01','GENERAL',0.00,'ANY',NULL,NULL,NULL,0,0,0),('ITMACCT-418ba86:157923606da:-6e04','ACTIVE','416','MHO - NEW BORN SCREENING','NEW BORN SCREENING','REVENUE','GENERAL','01','GENERAL',0.00,'ANY',NULL,NULL,NULL,0,0,0),('ITMACCT-418ba86:157923606da:-6ea5','ACTIVE','719','MHO - MOMMY\'S BOOK','MHO - MOMMY\'S BOOK','REVENUE','GENERAL','01','GENERAL',0.00,'ANY',NULL,NULL,NULL,0,0,0),('ITMACCT-418ba86:157923606da:-6f18','ACTIVE','501','INTERNAL REVENUE ALLOTMENT (IRA)','INTERNAL REVENUE ALLOTMENT (IRA)','REVENUE','GENERAL','01','GENERAL',0.00,'ANY',NULL,NULL,NULL,0,0,0),('ITMACCT-418ba86:157923606da:-6f2f','ACTIVE','212','INTEREST INCOME',NULL,'REVENUE','GENERAL','01','GENERAL',0.00,'ANY',NULL,NULL,NULL,0,0,0),('ITMACCT-418ba86:157923606da:-6f46','ACTIVE','210','INSPECTION FEE',NULL,'REVENUE','GENERAL','01','GENERAL',0.00,'ANY',NULL,NULL,NULL,0,0,0),('ITMACCT-418ba86:157923606da:-6fe7','ACTIVE','510','FIRE SAFETY INSPECTION FEE',NULL,'REVENUE','GENERAL','01','GENERAL',0.00,'ANY',NULL,NULL,NULL,0,0,0),('ITMACCT-418ba86:157923606da:-702c','ACTIVE','403-29','MHO -EXHUMATION','MHO -EXHUMATION','REVENUE','GENERAL','01','GENERAL',0.00,'ANY',NULL,NULL,NULL,0,0,0),('ITMACCT-418ba86:157923606da:-7043','ACTIVE','302-5','MEO - ELECTRICAL PERMIT','MEO - ELECTRICAL PERMIT','REVENUE','GENERAL','01','GENERAL',0.00,'ANY',NULL,NULL,NULL,0,0,0),('ITMACCT-418ba86:157923606da:-709f','ACTIVE','415','MHO - DELIVERY FEE (PAANAKAN)','MHO - DELIVERY FEE (PAANAKAN)','REVENUE','GENERAL','01','GENERAL',0.00,'ANY',NULL,NULL,NULL,0,0,0),('ITMACCT-418ba86:157923606da:-70b6','ACTIVE','707','MHO - COST RECOVERY SCHEME MEDICINE','MHO - COST RECOVERY SCHEME MEDICINE','REVENUE','GENERAL','01','GENERAL',0.00,'ANY',NULL,NULL,NULL,0,0,0),('ITMACCT-418ba86:157923606da:-7141','ACTIVE','405','BURIAL FEE',NULL,'REVENUE','GENERAL','01','GENERAL',0.00,'ANY',NULL,NULL,NULL,0,0,0),('ITMACCT-58e300ea:15d846e2ba9:-6587','ACTIVE','115-1','MEO - FINES & PENALTIES','MEO - FINES & PENALTIES','REVENUE','GENERAL','01','GENERAL',0.00,'ANY',NULL,NULL,NULL,0,0,0),('ITMACCT-73915b42:16fcfc6fe50:-740e','ACTIVE','403-40','MHO-IUD INSERTION','MHO-IUD INSERTION','REVENUE','GENERAL','01','GENERAL PROPER',0.00,'ANY',NULL,NULL,NULL,0,0,0),('ITMACCT-73915b42:16fcfc6fe50:-7463','ACTIVE','403-39','MHO-HETEROPHYDIASIS','MHO-HETEROPHYDIASIS','REVENUE','GENERAL','01','GENERAL PROPER',0.00,'ANY',NULL,NULL,NULL,0,0,0),('ITMACCT-73915b42:16fcfc6fe50:-74bc','ACTIVE','403-38','MHO- SUTURING / DEBRIDEMENT','MHO- SUTURING / DEBRIDEMENT','REVENUE','GENERAL','01','GENERAL PROPER',0.00,'ANY',NULL,NULL,NULL,0,0,0),('ITMACCT-73915b42:16fcfc6fe50:-75d6','ACTIVE','403-37','MHO-SGOT','MHO-SGOT','REVENUE','GENERAL','01','GENERAL PROPER',0.00,'ANY',NULL,NULL,NULL,0,0,0),('ITMACCT-73915b42:16fcfc6fe50:-7625','ACTIVE','403-36','MHO-SGPT','MHO-SGPT','REVENUE','GENERAL','01','GENERAL PROPER',0.00,'ANY',NULL,NULL,NULL,0,0,0),('ITMACCT-73915b42:16fcfc6fe50:-7674','ACTIVE','403-35','MHO-CREATININE','MHO-CREATININE','REVENUE','GENERAL','01','GENERAL PROPER',0.00,'ANY',NULL,NULL,NULL,0,0,0),('ITMACCT-73915b42:16fcfc6fe50:-7905','ACTIVE','403-34','MHO-URIC ACID','MHO-URIC ACID','REVENUE','GENERAL','01','GENERAL PROPER',0.00,'ANY',NULL,NULL,NULL,0,0,0),('ITMACCT-73915b42:16fcfc6fe50:-79ea','ACTIVE','403-33','MHO-HDL','MHO-HDL','REVENUE','GENERAL','01','GENERAL PROPER',0.00,'ANY',NULL,NULL,NULL,0,0,0),('ITMACCT-73915b42:16fcfc6fe50:-7a3c','ACTIVE','403-32','MHO-LDL','MHO-LDL','REVENUE','GENERAL','01','GENERAL PROPER',0.00,'ANY',NULL,NULL,NULL,0,0,0),('ITMACCT-73915b42:16fcfc6fe50:-7af3','ACTIVE','403-31','MHO-TRIGLYCERIDES','MHO-TRIGLYCERIDES','REVENUE','GENERAL','01','GENERAL PROPER',0.00,'ANY',NULL,NULL,NULL,0,0,0),('ITMACCT-7ab69fb8:15dbaf88645:-7dc3','ACTIVE','114-11','BUSINESS-DROPPING FEE','BUSINESS-DROPPING FEE','REVENUE','GENERAL','01','GENERAL',0.00,'ANY',NULL,NULL,NULL,0,0,0),('ITMACCT1862f2b8:15d9b836e88:-620b','ACTIVE','403-21','MHO - HEALTH CARD','MHO - HEALTH CARD','REVENUE','GENERAL','01','GENERAL',0.00,'ANY',NULL,NULL,NULL,0,0,0),('ITMACCT397c6a5a:158e2330e8f:-7d12','ACTIVE','114-5','BUSINESS TAX - OTHER','BUSINESS TAX - OTHER','REVENUE','GENERAL','01','GENERAL',0.00,'ANY',NULL,NULL,NULL,0,0,0),('ITMACCT397c6a5a:158e2330e8f:-7d3c','ACTIVE','114-4','BUSINESS TAX CONTRACTOR','BUSINESS TAX CONTRACTOR','REVENUE','GENERAL','01','GENERAL',0.00,'ANY',NULL,NULL,NULL,0,0,0),('ITMACCT397c6a5a:158e2330e8f:-7dcd','ACTIVE','114-3','BUSINESS TAX - FINANCIAL','BUSINESS TAX - FINANCIAL','REVENUE','GENERAL','01','GENERAL',0.00,'ANY',NULL,NULL,NULL,0,0,0),('ITMACCT397c6a5a:158e2330e8f:-7df6','ACTIVE','114-2','BUSINESS TAX - RETAILER','BUSINESS TAX - RETAILER','REVENUE','GENERAL','01','GENERAL',0.00,'ANY',NULL,NULL,NULL,0,0,0),('ITMACCT397c6a5a:158e2330e8f:-7e20','ACTIVE','114-1','BUSINESS TAX - MANUFACTURER','BUSINESS TAX - MANUFACTURER','REVENUE','GENERAL','01','GENERAL',0.00,'ANY',NULL,NULL,NULL,0,0,0),('ITMACCT3b6ce1a6:15d9c3d2e3b:-7a15','ACTIVE','204-25','MCR - SERVICE FEE (MARRIAGE)','MCR - SERVICE FEE (MARRIAGE)','REVENUE','GENERAL','01','GENERAL',0.00,'ANY',NULL,NULL,NULL,0,0,0),('ITMACCT3b6ce1a6:15d9c3d2e3b:-7a64','ACTIVE','204-24','MCR - SERVICE FEE - BIRTH','MCR - SERVICE FEE - BIRTH','REVENUE','GENERAL','01','GENERAL',0.00,'ANY',NULL,NULL,NULL,0,0,0),('ITMACCT3b6ce1a6:15d9c3d2e3b:-7ca3','ACTIVE','403-28','MHO - CERTIFICATION','MHO - CERTIFICATION`','REVENUE','GENERAL','01','GENERAL',0.00,'ANY',NULL,NULL,NULL,0,0,0),('ITMACCT3b6ce1a6:15d9c3d2e3b:-7cd9','ACTIVE','403-25','MHO - CHOLESTEROL','MHO - CHOLESTEROL','REVENUE','GENERAL','01','GENERAL',0.00,'ANY',NULL,NULL,NULL,0,0,0),('ITMACCT3b6ce1a6:15d9c3d2e3b:-7d02','ACTIVE','403-24','MHO-LIPID PROFILE','MHO-LIPID PROFILE','REVENUE','GENERAL','01','GENERAL',0.00,'ANY',NULL,NULL,NULL,0,0,0),('ITMACCT3b6ce1a6:15d9c3d2e3b:-7d2c','ACTIVE','403-23','MHO -FBS','MHO -FBS','REVENUE','GENERAL','01','GENERAL',0.00,'ANY',NULL,NULL,NULL,0,0,0),('ITMACCT4671f400:15797d930db:-65e6','ACTIVE','118-2','INTEREST FOR BUSINESS',NULL,'REVENUE','GENERAL','01','GENERAL',0.00,'ANY',NULL,NULL,NULL,0,0,0),('ITMACCT508b7917:1578ef234c9:-3431','ACTIVE','302','MEO - BUILDING PERMIT','MEO - BUILDING PERMIT','REVENUE','GENERAL','01','GENERAL',0.00,'ANY',NULL,NULL,NULL,0,0,0),('ITMACCT5c182bd4:16e810407bc:-7d1c','ACTIVE','403-30','MHO-ANTI RABBIES VACCINE(VAXIRAB)','MHO-ANTI RABBIES VACCINE(VAXIRAB)','REVENUE','GENERAL','01','GENERAL',0.00,'ANY',NULL,NULL,NULL,0,0,0),('RPT_BASICINT_CURRENT','ACTIVE','588-004','RPT BASIC PENALTY CURRENT','RPT BASIC PENALTY CURRENT','REVENUE','GENERAL','01','GENERAL',0.00,'ANY',NULL,NULL,NULL,0,0,0),('RPT_BASICINT_CURRENT_BRGY_SHARE','ACTIVE','455-049','RPT BASIC PENALTY CURRENT BARANGAY SHARE','RPT BASIC PENALTY CURRENT BARANGAY SHARE','PAYABLE','GENERAL','01','GENERAL',0.00,'ANY',NULL,NULL,NULL,0,0,0),('RPT_BASICINT_CURRENT_PROVINCE_SHARE','ACTIVE','455-049','RPT BASIC CURRENT PENALTY PROVINCE SHARE','RPT BASIC CURRENT PENALTY PROVINCE SHARE','PAYABLE','GENERAL','01','GENERAL',0.00,'ANY',NULL,NULL,NULL,0,0,0),('RPT_BASICINT_PREVIOUS','ACTIVE','588-005','RPT BASIC PENALTY PREVIOUS','RPT BASIC PENALTY PREVIOUS','REVENUE','GENERAL','01','GENERAL',0.00,'ANY',NULL,NULL,NULL,0,0,0),('RPT_BASICINT_PREVIOUS_BRGY_SHARE','ACTIVE','455-049','RPT BASIC PENALTY PREVIOUS BARANGAY SHARE','RPT BASIC PENALTY PREVIOUS BARANGAY SHARE','PAYABLE','GENERAL','01','GENERAL',0.00,'ANY',NULL,NULL,NULL,0,0,0),('RPT_BASICINT_PREVIOUS_PROVINCE_SHARE','ACTIVE','455-049','RPT BASIC PREVIOUS PENALTY PROVINCE SHARE','RPT BASIC PREVIOUS PENALTY PROVINCE SHARE','PAYABLE','GENERAL','01','GENERAL',0.00,'ANY',NULL,NULL,NULL,0,0,0),('RPT_BASICINT_PRIOR','ACTIVE','588-006','RPT BASIC PENALTY PRIOR','RPT BASIC PENALTY PRIOR','REVENUE','GENERAL','01','GENERAL',0.00,'ANY',NULL,NULL,NULL,0,0,0),('RPT_BASICINT_PRIOR_BRGY_SHARE','ACTIVE','455-049','RPT BASIC PENALTY PRIOR BARANGAY SHARE','RPT BASIC PENALTY PRIOR BARANGAY SHARE','PAYABLE','GENERAL','01','GENERAL',0.00,'ANY',NULL,NULL,NULL,0,0,0),('RPT_BASICINT_PRIOR_PROVINCE_SHARE','ACTIVE','455-049','RPT BASIC PRIOR PENALTY PROVINCE SHARE','RPT BASIC PRIOR PENALTY PROVINCE SHARE','PAYABLE','GENERAL','01','GENERAL',0.00,'ANY',NULL,NULL,NULL,0,0,0),('RPT_BASIC_ADVANCE','ACTIVE','588-007','RPT BASIC ADVANCE','RPT BASIC ADVANCE','REVENUE','GENERAL','01','GENERAL',0.00,'ANY',NULL,NULL,NULL,0,0,0),('RPT_BASIC_ADVANCE_BRGY_SHARE','ACTIVE','455-049','RPT BASIC ADVANCE BARANGAY SHARE','RPT BASIC ADVANCE BARANGAY SHARE','PAYABLE','GENERAL','01','GENERAL',0.00,'ANY',NULL,NULL,NULL,0,0,0),('RPT_BASIC_ADVANCE_PROVINCE_SHARE','ACTIVE','455-049','RPT BASIC ADVANCE PROVINCE SHARE','RPT BASIC ADVANCE PROVINCE SHARE','PAYABLE','GENERAL','01','GENERAL',0.00,'ANY',NULL,NULL,NULL,0,0,0),('RPT_BASIC_CURRENT','ACTIVE','588-001','RPT BASIC CURRENT','RPT BASIC CURRENT','REVENUE','GENERAL','01','GENERAL',0.00,'ANY',NULL,NULL,NULL,0,0,0),('RPT_BASIC_CURRENT_BRGY_SHARE','ACTIVE','455-049','RPT BASIC CURRENT BARANGAY SHARE','RPT BASIC CURRENT BARANGAY SHARE','PAYABLE','GENERAL','01','GENERAL',0.00,'ANY',NULL,NULL,NULL,0,0,0),('RPT_BASIC_CURRENT_PROVINCE_SHARE','ACTIVE','455-049','RPT BASIC CURRENT PROVINCE SHARE','RPT BASIC CURRENT PROVINCE SHARE','PAYABLE','GENERAL','01','GENERAL',0.00,'ANY',NULL,NULL,NULL,0,0,0),('RPT_BASIC_PREVIOUS','ACTIVE','588-002','RPT BASIC PREVIOUS','RPT BASIC PREVIOUS','REVENUE','GENERAL','01','GENERAL',0.00,'ANY',NULL,NULL,NULL,0,0,0),('RPT_BASIC_PREVIOUS_BRGY_SHARE','ACTIVE','455-049','RPT BASIC PREVIOUS BARANGAY SHARE','RPT BASIC PREVIOUS BARANGAY SHARE','PAYABLE','GENERAL','01','GENERAL',0.00,'ANY',NULL,NULL,NULL,0,0,0),('RPT_BASIC_PREVIOUS_PROVINCE_SHARE','ACTIVE','455-049','RPT BASIC PREVIOUS PROVINCE SHARE','RPT BASIC PREVIOUS PROVINCE SHARE','PAYABLE','GENERAL','01','GENERAL',0.00,'ANY',NULL,NULL,NULL,0,0,0),('RPT_BASIC_PRIOR','ACTIVE','588-003','RPT BASIC PRIOR','RPT BASIC PRIOR','REVENUE','GENERAL','01','GENERAL',0.00,'ANY',NULL,NULL,NULL,0,0,0),('RPT_BASIC_PRIOR_BRGY_SHARE','ACTIVE','455-049','RPT BASIC PRIOR BARANGAY SHARE','RPT BASIC PRIOR BARANGAY SHARE','PAYABLE','GENERAL','01','GENERAL',0.00,'ANY',NULL,NULL,NULL,0,0,0),('RPT_BASIC_PRIOR_PROVINCE_SHARE','ACTIVE','455-049','RPT BASIC PRIOR PROVINCE SHARE','RPT BASIC PRIOR PROVINCE SHARE','PAYABLE','GENERAL','01','GENERAL',0.00,'ANY',NULL,NULL,NULL,0,0,0),('RPT_SEFINT_CURRENT','ACTIVE','455-050','RPT SEF PENALTY CURRENT','RPT SEF PENALTY CURRENT','REVENUE','SEF','02','SEF',0.00,'ANY',NULL,NULL,NULL,0,0,0),('RPT_SEFINT_CURRENT_PROVINCE_SHARE','ACTIVE','455-050','RPT SEF CURRENT PENALTY PROVINCE SHARE','RPT SEF CURRENT PENALTY PROVINCE SHARE','PAYABLE','SEF','02','SEF',0.00,'ANY',NULL,NULL,NULL,0,0,0),('RPT_SEFINT_PREVIOUS','ACTIVE','455-050','RPT SEF PENALTY PREVIOUS','RPT SEF PENALTY PREVIOUS','REVENUE','SEF','02','SEF',0.00,'ANY',NULL,NULL,NULL,0,0,0),('RPT_SEFINT_PREVIOUS_PROVINCE_SHARE','ACTIVE','455-050','RPT SEF PREVIOUS PENALTY PROVINCE SHARE','RPT SEF PREVIOUS PENALTY PROVINCE SHARE','PAYABLE','SEF','02','SEF',0.00,'ANY',NULL,NULL,NULL,0,0,0),('RPT_SEFINT_PRIOR','ACTIVE','455-050','RPT SEF PENALTY PRIOR','RPT SEF PENALTY PRIOR','REVENUE','SEF','02','SEF',0.00,'ANY',NULL,NULL,NULL,0,0,0),('RPT_SEFINT_PRIOR_PROVINCE_SHARE','ACTIVE','455-050','RPT SEF PRIOR PENALTY PROVINCE SHARE','RPT SEF PRIOR PENALTY PROVINCE SHARE','PAYABLE','SEF','02','SEF',0.00,'ANY',NULL,NULL,NULL,0,0,0),('RPT_SEF_ADVANCE','ACTIVE','455-050','RPT SEF ADVANCE','RPT SEF ADVANCE','REVENUE','SEF','02','SEF',0.00,'ANY',NULL,NULL,NULL,0,0,0),('RPT_SEF_ADVANCE_PROVINCE_SHARE','ACTIVE','455-050','RPT SEF ADVANCE PROVINCE SHARE','RPT SEF ADVANCE PROVINCE SHARE','PAYABLE','SEF','02','SEF',0.00,'ANY',NULL,NULL,NULL,0,0,0),('RPT_SEF_CURRENT','ACTIVE','455-050','RPT SEF CURRENT','RPT SEF CURRENT','REVENUE','SEF','02','SEF',0.00,'ANY',NULL,NULL,NULL,0,0,0),('RPT_SEF_CURRENT_PROVINCE_SHARE','ACTIVE','455-050','RPT SEF CURRENT PROVINCE SHARE','RPT SEF CURRENT PROVINCE SHARE','PAYABLE','SEF','02','SEF',0.00,'ANY',NULL,NULL,NULL,0,0,0),('RPT_SEF_PREVIOUS','ACTIVE','455-050','RPT SEF PREVIOUS','RPT SEF PREVIOUS','REVENUE','SEF','02','SEF',0.00,'ANY',NULL,NULL,NULL,0,0,0),('RPT_SEF_PREVIOUS_PROVINCE_SHARE','ACTIVE','455-050','RPT SEF PREVIOUS PROVINCE SHARE','RPT SEF PREVIOUS PROVINCE SHARE','PAYABLE','SEF','02','SEF',0.00,'ANY',NULL,NULL,NULL,0,0,0),('RPT_SEF_PRIOR','ACTIVE','455-050','RPT SEF PRIOR','RPT SEF PRIOR','REVENUE','SEF','02','SEF',0.00,'ANY',NULL,NULL,NULL,0,0,0),('RPT_SEF_PRIOR_PROVINCE_SHARE','ACTIVE','455-050','RPT SEF PRIOR PROVINCE SHARE','RPT SEF PRIOR PROVINCE SHARE','PAYABLE','SEF','02','SEF',0.00,'ANY',NULL,NULL,NULL,0,0,0),('SUBACCT-1bd5a36:11ecdbc30e2:-7c6b','ACTIVE','403-5','MHO - DENTAL SERVICE FEE','DENTAL SERVICE FEE','REVENUE','GENERAL','01','GENERAL',0.00,'ANY',NULL,NULL,NULL,0,0,0),('SUBACCT-1cea7610:11d767d5b2b:-7e70','ACTIVE','309','MEO - EQUIPMENT RENTAL','EQUIPMENT RENTAL','REVENUE','GENERAL','01','GENERAL',0.00,'ANY',NULL,NULL,NULL,0,0,0),('SUBACCT-25889754:1308ce43876:-7f2a','ACTIVE','302-2','MEO - SIGN PERMIT','SIGN PERMIT','REVENUE','GENERAL','01','GENERAL',0.00,'ANY',NULL,NULL,NULL,0,0,0),('SUBACCT-2f6ef1d5:12fb336eb7a:-7f2f','ACTIVE','302-1','MEO - FENCING PERMIT','MEO - FENCING PERMIT','REVENUE','GENERAL','01','GENERAL',0.00,'ANY',NULL,NULL,NULL,0,0,0),('SUBACCT-544d741e:11da83fc181:-7f5a','ACTIVE','707-1','MHO - COST RECOVERY SCHEME MEDICINE (CRSM)','COST RECOVERY SCHEME MEDICINE (CRSM)','REVENUE','GENERAL','01','GENERAL',0.00,'ANY',NULL,NULL,NULL,0,0,0),('SUBACCT-6e0f64f0:11e5f82c8d1:-7f9c','ACTIVE','405-1','BURIAL PERMIT','BURIAL PERMIT','REVENUE','GENERAL','01','GENERAL',0.00,'ANY',NULL,NULL,NULL,0,0,0),('SUBACCT-714a70d8:11d7073f279:-7eb2','ACTIVE','413-15','CERTIFICATE OF OCCUPANCY','CERTIFICATE OF OCCUPANCY','REVENUE','GENERAL','01','GENERAL',0.00,'ANY',NULL,NULL,NULL,0,0,0),('SUBACCT-714a70d8:11d7073f279:-7f03','ACTIVE','302-6','MEO - MECHANICAL PERMIT','MEO - MECHANICAL PERMIT','REVENUE','GENERAL','01','GENERAL',0.00,'ANY',NULL,NULL,NULL,0,0,0),('SUBACCT-714a70d8:11d7073f279:-7f55','ACTIVE','302-4','MEO - SANITARY/PLUMBING','MEO - SANITARY/PLUMBING','REVENUE','GENERAL','01','GENERAL',0.00,'ANY',NULL,NULL,NULL,0,0,0),('SUBACCT-ed4ab53:11e1f76f825:-7e0f','ACTIVE','403-6','MHO - PREGNANCY TEST','PREGNANCY TEST','REVENUE','GENERAL','01','GENERAL',0.00,'ANY',NULL,NULL,NULL,0,0,0),('SUBACCT-ed4ab53:11e1f76f825:-7e38','ACTIVE','403-7','MHO - HEMOGLOBIN','HEMOGLOBIN','REVENUE','GENERAL','01','GENERAL',0.00,'ANY',NULL,NULL,NULL,0,0,0),('SUBACCT-ed4ab53:11e1f76f825:-7e61','ACTIVE','403-8','MHO - SPUTUM EXAM','SPUTUM EXAM','REVENUE','GENERAL','01','GENERAL',0.00,'ANY',NULL,NULL,NULL,0,0,0),('SUBACCT-ed4ab53:11e1f76f825:-7e8a','ACTIVE','403-9','MHO -STOOL EXAM.','STOOL EXAM.','REVENUE','GENERAL','01','GENERAL',0.00,'ANY',NULL,NULL,NULL,0,0,0),('SUBACCT-ed4ab53:11e1f76f825:-7eb3','ACTIVE','403-10','MHO - URINALYSIS','URINALYSIS','REVENUE','GENERAL','01','GENERAL',0.00,'ANY',NULL,NULL,NULL,0,0,0),('SUBACCT-ed4ab53:11e1f76f825:-7f88','ACTIVE','403-11','MHO - STOOL EXAM','STOOL EXAM','REVENUE','GENERAL','01','GENERAL',0.00,'ANY',NULL,NULL,NULL,0,0,0),('SUBACCT1b0db971:135c18c8519:-7f46','ACTIVE','403-16','MHO - CONSULTATION FEE','CONSULTATION FEE','REVENUE','GENERAL','01','GENERAL',0.00,'ANY',NULL,NULL,NULL,0,0,0),('SUBACCT1f565f68:1244cbd183f:-7f4c','ACTIVE','204','MARRIAGE LICENSE FEE','MARRIAGE LICENSE FEE','REVENUE','GENERAL','01','GENERAL',0.00,'ANY',NULL,NULL,NULL,0,0,0),('SUBACCT1fe752b9:13e628e7221:-7ebf','ACTIVE','403-26','MHO - CIRCUMCISION','CIRCUMCISION','REVENUE','GENERAL','01','GENERAL',0.00,'ANY',NULL,NULL,NULL,0,0,0),('SUBACCT2fa5a1ed:11da8ec561b:-7a7a','ACTIVE','413-10','MHO - MEDICAL CERTIFICATE','MEDICAL CERTIFICATE','REVENUE','GENERAL','01','GENERAL',0.00,'ANY',NULL,NULL,NULL,0,0,0),('SUBACCT2fa5a1ed:11da8ec561b:-7d2e','ACTIVE','211-5','BID DOCUMENTS','BID DOCUMENTS','NONREVENUE','GENERAL','01','GENERAL',0.00,'ANY',NULL,NULL,NULL,0,0,0),('SUBACCT34a1370b:14b70cd4341:-7e3f','ACTIVE','413-16','CERTIFICATION -SECRETARY\'S FEE','CERTIFICATION -SECRETARY\'S FEE','REVENUE','GENERAL','01','GENERAL',0.00,'ANY',NULL,NULL,NULL,0,0,0),('SUBACCT3558cf50:138693abbb3:-7ed7','ACTIVE','118-3','FINES & PENALTIES','FINES & PENALTIES','REVENUE','GENERAL','01','GENERAL',0.00,'ANY',NULL,NULL,NULL,0,0,0),('SUBACCT37050d48:11d9398f8b2:-7cc4','ACTIVE','403-27','MHO - CERTIFICATE OF DEATH','CERTIFICATE OF DEATH','REVENUE','GENERAL','01','GENERAL',0.00,'ANY',NULL,NULL,NULL,0,0,0),('SUBACCT37050d48:11d9398f8b2:-7cf0','ACTIVE','413-8','MEO - CERTIFICATION FEE','CERTIFICATION FEE (MEO)','REVENUE','GENERAL','01','GENERAL',0.00,'ANY',NULL,NULL,NULL,0,0,0),('SUBACCT3a00b1ba:11c79b01807:-7f0b','ACTIVE','413-7','FIRE INSPECTION FEE','FIRE INSPECTION FEE','REVENUE','GENERAL','01','GENERAL',100.00,'ANY',NULL,NULL,NULL,0,0,0),('SUBACCT3a00b1ba:11c79b01807:-7f34','ACTIVE','413-6','MHO - SANITARY INSPECTION FEE','SANITARY INSPECTION FEE','REVENUE','GENERAL','01','GENERAL',100.00,'ANY',NULL,NULL,NULL,0,0,0),('SUBACCT3a00b1ba:11c79b01807:-7f89','ACTIVE','204-19','MCR- REGISTRATION OF LIVE BIRTH','REGISTRATION OF LIVE BIRTH','REVENUE','GENERAL','01','GENERAL',50.00,'ANY',NULL,NULL,NULL,0,0,0),('SUBACCT3be19033:12d4ebb57d0:-7df0','ACTIVE','403-17','MHO - GRAM STAINING','GRAM STAINING','REVENUE','GENERAL','01','GENERAL',0.00,'ANY',NULL,NULL,NULL,0,0,0),('SUBACCT3be19033:12d4ebb57d0:-7e0f','ACTIVE','403-18','MHO - BLOOD TYPING','BLOOD TYPING','REVENUE','GENERAL','01','GENERAL',0.00,'ANY',NULL,NULL,NULL,0,0,0),('SUBACCT3be19033:12d4ebb57d0:-7e28','ACTIVE','403-19','MHO - PLATELET COUNT','PLATELET COUNT','REVENUE','GENERAL','01','GENERAL',0.00,'ANY',NULL,NULL,NULL,0,0,0),('SUBACCT3be19033:12d4ebb57d0:-7e47','ACTIVE','403-20','MHO - COMPLETE BLOOD COUNT(CBC)','CBC','REVENUE','GENERAL','01','GENERAL',0.00,'ANY',NULL,NULL,NULL,0,0,0),('SUBACCT504b2598:11dad11dc79:-7f88','ACTIVE','403-12','MHO - LEGAL CERTIFICATION(MEDICO)','MEDICO - LEGAL CERTIFICATION','REVENUE','GENERAL','01','GENERAL',0.00,'ANY',NULL,NULL,NULL,0,0,0),('SUBACCT56cc586a:11c79779dd6:-7f21','ACTIVE','403-3','MHO - TOOTH EXTRACTION-PERMANENT','TOOTH EXTRACTION-PERMANENT','REVENUE','GENERAL','01','GENERAL',80.00,'ANY',NULL,NULL,NULL,0,0,0),('SUBACCT56cc586a:11c79779dd6:-7f60','ACTIVE','403-4','MHO - TOOTH EXTRACTION TEMPORARY','TOOTH EXTRACTION TEMPORARY','REVENUE','GENERAL','01','GENERAL',50.00,'ANY',NULL,NULL,NULL,0,0,0),('SUBACCT66c38af9:11d7095303d:-7f18','ACTIVE','204-22','MCR - REGISTRATION OF MARRIAGE CERTIFICATE','REGISTRATION OF MARRIAGE CERTIFICATE','REVENUE','GENERAL','01','GENERAL',50.00,'ANY',NULL,NULL,NULL,0,0,0),('SUBACCT71957739:11da886aeab:-7f87','ACTIVE','403-15','MHO - PRE MARRIAGE COUNSELING (PMC)','PRE MARRIAGE COUNSELING (PMC)','REVENUE','GENERAL','01','GENERAL',0.00,'ANY',NULL,NULL,NULL,0,0,0),('SUBACCTa0c5496:11d8e8d70bc:-7f79','ACTIVE','208-2','ACCOUNTABLE FORMS FEES','ACCOUNTABLE FORMS FEES','REVENUE','GENERAL','01','GENERAL',0.00,'ANY',NULL,NULL,NULL,0,0,0);
/*!40000 ALTER TABLE `itemaccount` ENABLE KEYS */;
UNLOCK TABLES;

--
-- Table structure for table `itemaccount_tag`
--

DROP TABLE IF EXISTS `itemaccount_tag`;
/*!40101 SET @saved_cs_client     = @@character_set_client */;
/*!40101 SET character_set_client = utf8 */;
CREATE TABLE `itemaccount_tag` (
  `acctid` varchar(50) NOT NULL,
  `tag` varchar(50) NOT NULL,
  `objid` varchar(100) NOT NULL,
  PRIMARY KEY (`objid`),
  UNIQUE KEY `uix_acctid_tag` (`acctid`,`tag`),
  KEY `ix_acctid` (`acctid`),
  KEY `ix_tag` (`tag`),
  CONSTRAINT `fk_itemaccount_tag_itemaccount` FOREIGN KEY (`acctid`) REFERENCES `itemaccount` (`objid`)
) ENGINE=InnoDB DEFAULT CHARSET=utf8;
/*!40101 SET character_set_client = @saved_cs_client */;

--
-- Dumping data for table `itemaccount_tag`
--

LOCK TABLES `itemaccount_tag` WRITE;
/*!40000 ALTER TABLE `itemaccount_tag` DISABLE KEYS */;
INSERT INTO `itemaccount_tag` VALUES ('RPT_BASICINT_CURRENT','rpt_basicint_current','RPT_BASICINT_CURRENT'),('RPT_BASICINT_CURRENT_BRGY_SHARE','rpt_basicint_current','RPT_BASICINT_CURRENT_BRGY_SHARE'),('RPT_BASICINT_CURRENT_PROVINCE_SHARE','rpt_basicint_current','RPT_BASICINT_CURRENT_PROVINCE_SHARE'),('RPT_BASICINT_PREVIOUS','rpt_basicint_previous','RPT_BASICINT_PREVIOUS'),('RPT_BASICINT_PREVIOUS_BRGY_SHARE','rpt_basicint_previous','RPT_BASICINT_PREVIOUS_BRGY_SHARE'),('RPT_BASICINT_PREVIOUS_PROVINCE_SHARE','rpt_basicint_previous','RPT_BASICINT_PREVIOUS_PROVINCE_SHARE'),('RPT_BASICINT_PRIOR','rpt_basicint_prior','RPT_BASICINT_PRIOR'),('RPT_BASICINT_PRIOR_BRGY_SHARE','rpt_basicint_prior','RPT_BASICINT_PRIOR_BRGY_SHARE'),('RPT_BASICINT_PRIOR_PROVINCE_SHARE','rpt_basicint_prior','RPT_BASICINT_PRIOR_PROVINCE_SHARE'),('RPT_BASIC_ADVANCE','rpt_basic_advance','RPT_BASIC_ADVANCE'),('RPT_BASIC_ADVANCE_BRGY_SHARE','rpt_basic_advance','RPT_BASIC_ADVANCE_BRGY_SHARE'),('RPT_BASIC_ADVANCE_PROVINCE_SHARE','rpt_basic_advance','RPT_BASIC_ADVANCE_PROVINCE_SHARE'),('RPT_BASIC_CURRENT','rpt_basic_current','RPT_BASIC_CURRENT'),('RPT_BASIC_CURRENT_BRGY_SHARE','rpt_basic_current','RPT_BASIC_CURRENT_BRGY_SHARE'),('RPT_BASIC_CURRENT_PROVINCE_SHARE','rpt_basic_current','RPT_BASIC_CURRENT_PROVINCE_SHARE'),('RPT_BASIC_PREVIOUS','rpt_basic_previous','RPT_BASIC_PREVIOUS'),('RPT_BASIC_PREVIOUS_BRGY_SHARE','rpt_basic_previous','RPT_BASIC_PREVIOUS_BRGY_SHARE'),('RPT_BASIC_PREVIOUS_PROVINCE_SHARE','rpt_basic_previous','RPT_BASIC_PREVIOUS_PROVINCE_SHARE'),('RPT_BASIC_PRIOR','rpt_basic_prior','RPT_BASIC_PRIOR'),('RPT_BASIC_PRIOR_BRGY_SHARE','rpt_basic_prior','RPT_BASIC_PRIOR_BRGY_SHARE'),('RPT_BASIC_PRIOR_PROVINCE_SHARE','rpt_basic_prior','RPT_BASIC_PRIOR_PROVINCE_SHARE'),('RPT_SEFINT_CURRENT','rpt_sefint_current','RPT_SEFINT_CURRENT'),('RPT_SEFINT_CURRENT_PROVINCE_SHARE','rpt_sefint_current','RPT_SEFINT_CURRENT_PROVINCE_SHARE'),('RPT_SEFINT_PREVIOUS','rpt_sefint_previous','RPT_SEFINT_PREVIOUS'),('RPT_SEFINT_PREVIOUS_PROVINCE_SHARE','rpt_sefint_previous','RPT_SEFINT_PREVIOUS_PROVINCE_SHARE'),('RPT_SEFINT_PRIOR','rpt_sefint_prior','RPT_SEFINT_PRIOR'),('RPT_SEFINT_PRIOR_PROVINCE_SHARE','rpt_sefint_prior','RPT_SEFINT_PRIOR_PROVINCE_SHARE'),('RPT_SEF_ADVANCE','rpt_sef_advance','RPT_SEF_ADVANCE'),('RPT_SEF_ADVANCE_PROVINCE_SHARE','rpt_sef_advance','RPT_SEF_ADVANCE_PROVINCE_SHARE'),('RPT_SEF_CURRENT','rpt_sef_current','RPT_SEF_CURRENT'),('RPT_SEF_CURRENT_PROVINCE_SHARE','rpt_sef_current','RPT_SEF_CURRENT_PROVINCE_SHARE'),('RPT_SEF_PREVIOUS','rpt_sef_previous','RPT_SEF_PREVIOUS'),('RPT_SEF_PREVIOUS_PROVINCE_SHARE','rpt_sef_previous','RPT_SEF_PREVIOUS_PROVINCE_SHARE'),('RPT_SEF_PRIOR','rpt_sef_prior','RPT_SEF_PRIOR'),('RPT_SEF_PRIOR_PROVINCE_SHARE','rpt_sef_prior','RPT_SEF_PRIOR_PROVINCE_SHARE');
/*!40000 ALTER TABLE `itemaccount_tag` ENABLE KEYS */;
UNLOCK TABLES;

--
-- Table structure for table `jev`
--

DROP TABLE IF EXISTS `jev`;
/*!40101 SET @saved_cs_client     = @@character_set_client */;
/*!40101 SET character_set_client = utf8 */;
CREATE TABLE `jev` (
  `objid` varchar(150) NOT NULL,
  `jevno` varchar(50) DEFAULT NULL,
  `jevdate` date DEFAULT NULL,
  `fundid` varchar(50) DEFAULT NULL,
  `dtposted` datetime DEFAULT NULL,
  `txntype` varchar(50) DEFAULT NULL,
  `refid` varchar(50) DEFAULT NULL,
  `refno` varchar(50) DEFAULT NULL,
  `reftype` varchar(50) DEFAULT NULL,
  `amount` decimal(16,4) DEFAULT NULL,
  `state` varchar(32) DEFAULT NULL,
  `postedby_objid` varchar(50) DEFAULT NULL,
  `postedby_name` varchar(255) DEFAULT NULL,
  `verifiedby_objid` varchar(50) DEFAULT NULL,
  `verifiedby_name` varchar(255) DEFAULT NULL,
  `dtverified` datetime DEFAULT NULL,
  `batchid` varchar(50) DEFAULT NULL,
  `refdate` date DEFAULT NULL,
  PRIMARY KEY (`objid`),
  KEY `ix_batchid` (`batchid`),
  KEY `ix_dtposted` (`dtposted`),
  KEY `ix_dtverified` (`dtverified`),
  KEY `ix_fundid` (`fundid`),
  KEY `ix_jevdate` (`jevdate`),
  KEY `ix_jevno` (`jevno`),
  KEY `ix_postedby_objid` (`postedby_objid`),
  KEY `ix_refdate` (`refdate`),
  KEY `ix_refid` (`refid`),
  KEY `ix_refno` (`refno`),
  KEY `ix_reftype` (`reftype`),
  KEY `ix_verifiedby_objid` (`verifiedby_objid`)
) ENGINE=InnoDB DEFAULT CHARSET=utf8;
/*!40101 SET character_set_client = @saved_cs_client */;

--
-- Dumping data for table `jev`
--

LOCK TABLES `jev` WRITE;
/*!40000 ALTER TABLE `jev` DISABLE KEYS */;
/*!40000 ALTER TABLE `jev` ENABLE KEYS */;
UNLOCK TABLES;

--
-- Table structure for table `jevitem`
--

DROP TABLE IF EXISTS `jevitem`;
/*!40101 SET @saved_cs_client     = @@character_set_client */;
/*!40101 SET character_set_client = utf8 */;
CREATE TABLE `jevitem` (
  `objid` varchar(150) NOT NULL,
  `jevid` varchar(150) DEFAULT NULL,
  `accttype` varchar(50) DEFAULT NULL,
  `acctid` varchar(50) DEFAULT NULL,
  `acctcode` varchar(32) DEFAULT NULL,
  `acctname` varchar(255) DEFAULT NULL,
  `dr` decimal(16,4) DEFAULT NULL,
  `cr` decimal(16,4) DEFAULT NULL,
  `particulars` varchar(255) DEFAULT NULL,
  `itemrefid` varchar(255) DEFAULT NULL,
  PRIMARY KEY (`objid`),
  KEY `ix_acctcode` (`acctcode`),
  KEY `ix_acctid` (`acctid`),
  KEY `ix_acctname` (`acctname`),
  KEY `ix_itemrefid` (`itemrefid`),
  KEY `ix_jevid` (`jevid`),
  KEY `ix_ledgertype` (`accttype`),
  CONSTRAINT `fk_jevitem_jevid` FOREIGN KEY (`jevid`) REFERENCES `jev` (`objid`)
) ENGINE=InnoDB DEFAULT CHARSET=utf8;
/*!40101 SET character_set_client = @saved_cs_client */;

--
-- Dumping data for table `jevitem`
--

LOCK TABLES `jevitem` WRITE;
/*!40000 ALTER TABLE `jevitem` DISABLE KEYS */;
/*!40000 ALTER TABLE `jevitem` ENABLE KEYS */;
UNLOCK TABLES;

--
-- Table structure for table `landadjustment`
--

DROP TABLE IF EXISTS `landadjustment`;
/*!40101 SET @saved_cs_client     = @@character_set_client */;
/*!40101 SET character_set_client = utf8 */;
CREATE TABLE `landadjustment` (
  `objid` varchar(50) NOT NULL,
  `landrpuid` varchar(50) DEFAULT NULL,
  `landdetailid` varchar(50) DEFAULT NULL,
  `adjustmenttype_objid` varchar(50) NOT NULL,
  `expr` text,
  `adjustment` decimal(16,2) NOT NULL,
  `type` varchar(2) NOT NULL,
  `basemarketvalue` decimal(16,2) DEFAULT NULL,
  `marketvalue` decimal(16,2) DEFAULT NULL,
  PRIMARY KEY (`objid`),
  KEY `FK_landadjustment_landadjustmenttype` (`adjustmenttype_objid`),
  KEY `FK_landadjustment_landdetail` (`landdetailid`),
  KEY `FK_landadjustment_landrpu` (`landrpuid`),
  CONSTRAINT `landadjustment_ibfk_3` FOREIGN KEY (`landrpuid`) REFERENCES `landrpu` (`objid`),
  CONSTRAINT `landadjustment_ibfk_1` FOREIGN KEY (`adjustmenttype_objid`) REFERENCES `landadjustmenttype` (`objid`),
  CONSTRAINT `landadjustment_ibfk_2` FOREIGN KEY (`landdetailid`) REFERENCES `landdetail` (`objid`)
) ENGINE=InnoDB DEFAULT CHARSET=utf8;
/*!40101 SET character_set_client = @saved_cs_client */;

--
-- Dumping data for table `landadjustment`
--

LOCK TABLES `landadjustment` WRITE;
/*!40000 ALTER TABLE `landadjustment` DISABLE KEYS */;
/*!40000 ALTER TABLE `landadjustment` ENABLE KEYS */;
UNLOCK TABLES;

--
-- Table structure for table `landadjustmentparameter`
--

DROP TABLE IF EXISTS `landadjustmentparameter`;
/*!40101 SET @saved_cs_client     = @@character_set_client */;
/*!40101 SET character_set_client = utf8 */;
CREATE TABLE `landadjustmentparameter` (
  `objid` varchar(50) NOT NULL,
  `landadjustmentid` varchar(50) NOT NULL,
  `landrpuid` varchar(50) NOT NULL,
  `parameter_objid` varchar(50) DEFAULT NULL,
  `value` decimal(16,2) NOT NULL,
  `param_objid` varchar(50) DEFAULT NULL,
  PRIMARY KEY (`objid`),
  KEY `FK_landadjustmentparameter_landadjustment` (`landadjustmentid`),
  KEY `FK_landadjustmentparameter_landrpu` (`landrpuid`),
  KEY `FK_landadjustmentparameter_rptparameter` (`parameter_objid`),
  CONSTRAINT `landadjustmentparameter_ibfk_3` FOREIGN KEY (`parameter_objid`) REFERENCES `rptparameter` (`objid`),
  CONSTRAINT `landadjustmentparameter_ibfk_1` FOREIGN KEY (`landadjustmentid`) REFERENCES `landadjustment` (`objid`),
  CONSTRAINT `landadjustmentparameter_ibfk_2` FOREIGN KEY (`landrpuid`) REFERENCES `landrpu` (`objid`)
) ENGINE=InnoDB DEFAULT CHARSET=utf8;
/*!40101 SET character_set_client = @saved_cs_client */;

--
-- Dumping data for table `landadjustmentparameter`
--

LOCK TABLES `landadjustmentparameter` WRITE;
/*!40000 ALTER TABLE `landadjustmentparameter` DISABLE KEYS */;
/*!40000 ALTER TABLE `landadjustmentparameter` ENABLE KEYS */;
UNLOCK TABLES;

--
-- Table structure for table `landadjustmenttype`
--

DROP TABLE IF EXISTS `landadjustmenttype`;
/*!40101 SET @saved_cs_client     = @@character_set_client */;
/*!40101 SET character_set_client = utf8 */;
CREATE TABLE `landadjustmenttype` (
  `objid` varchar(50) NOT NULL,
  `landrysettingid` varchar(50) NOT NULL,
  `code` varchar(10) NOT NULL,
  `name` varchar(100) NOT NULL,
  `expr` text NOT NULL,
  `appliedto` varchar(150) DEFAULT NULL,
  `previd` varchar(50) DEFAULT NULL,
  `idx` int(11) DEFAULT NULL,
  PRIMARY KEY (`objid`),
  KEY `FK_landadjustment_landrysetting` (`landrysettingid`),
  KEY `ix_landadjustmenttype` (`previd`),
  KEY `ix_previd` (`previd`),
  CONSTRAINT `landadjustmenttype_ibfk_1` FOREIGN KEY (`landrysettingid`) REFERENCES `landrysetting` (`objid`)
) ENGINE=InnoDB DEFAULT CHARSET=utf8;
/*!40101 SET character_set_client = @saved_cs_client */;

--
-- Dumping data for table `landadjustmenttype`
--

LOCK TABLES `landadjustmenttype` WRITE;
/*!40000 ALTER TABLE `landadjustmenttype` DISABLE KEYS */;
/*!40000 ALTER TABLE `landadjustmenttype` ENABLE KEYS */;
UNLOCK TABLES;

--
-- Table structure for table `landadjustmenttype_classification`
--

DROP TABLE IF EXISTS `landadjustmenttype_classification`;
/*!40101 SET @saved_cs_client     = @@character_set_client */;
/*!40101 SET character_set_client = utf8 */;
CREATE TABLE `landadjustmenttype_classification` (
  `landadjustmenttypeid` varchar(50) NOT NULL,
  `classification_objid` varchar(50) NOT NULL,
  `landrysettingid` varchar(50) NOT NULL,
  PRIMARY KEY (`classification_objid`,`landadjustmenttypeid`),
  KEY `FK_landadjustmenttype_classification_classification` (`classification_objid`),
  KEY `landadjustmenttype_classification_ibfk_2` (`landadjustmenttypeid`),
  CONSTRAINT `landadjustmenttype_classification_ibfk_2` FOREIGN KEY (`landadjustmenttypeid`) REFERENCES `landadjustmenttype` (`objid`),
  CONSTRAINT `landadjustmenttype_classification_ibfk_1` FOREIGN KEY (`classification_objid`) REFERENCES `propertyclassification` (`objid`)
) ENGINE=InnoDB DEFAULT CHARSET=utf8;
/*!40101 SET character_set_client = @saved_cs_client */;

--
-- Dumping data for table `landadjustmenttype_classification`
--

LOCK TABLES `landadjustmenttype_classification` WRITE;
/*!40000 ALTER TABLE `landadjustmenttype_classification` DISABLE KEYS */;
/*!40000 ALTER TABLE `landadjustmenttype_classification` ENABLE KEYS */;
UNLOCK TABLES;

--
-- Table structure for table `landassesslevel`
--

DROP TABLE IF EXISTS `landassesslevel`;
/*!40101 SET @saved_cs_client     = @@character_set_client */;
/*!40101 SET character_set_client = utf8 */;
CREATE TABLE `landassesslevel` (
  `objid` varchar(50) NOT NULL,
  `landrysettingid` varchar(50) NOT NULL,
  `classification_objid` varchar(50) DEFAULT NULL,
  `code` varchar(20) NOT NULL,
  `name` varchar(100) NOT NULL,
  `fixrate` int(11) NOT NULL,
  `rate` decimal(10,2) NOT NULL,
  `previd` varchar(50) DEFAULT NULL,
  PRIMARY KEY (`objid`),
  UNIQUE KEY `ux_landassesslevel_code` (`landrysettingid`,`code`),
  UNIQUE KEY `ux_landassesslevel_name` (`landrysettingid`,`name`),
  KEY `FK_landassesslevel_propertyclassification` (`classification_objid`),
  KEY `ix_landassesslevel_previd` (`previd`),
  KEY `ix_previd` (`previd`),
  KEY `landrysettingid` (`landrysettingid`),
  CONSTRAINT `landassesslevel_ibfk_2` FOREIGN KEY (`landrysettingid`) REFERENCES `landrysetting` (`objid`),
  CONSTRAINT `landassesslevel_ibfk_1` FOREIGN KEY (`classification_objid`) REFERENCES `propertyclassification` (`objid`)
) ENGINE=InnoDB DEFAULT CHARSET=utf8;
/*!40101 SET character_set_client = @saved_cs_client */;

--
-- Dumping data for table `landassesslevel`
--

LOCK TABLES `landassesslevel` WRITE;
/*!40000 ALTER TABLE `landassesslevel` DISABLE KEYS */;
/*!40000 ALTER TABLE `landassesslevel` ENABLE KEYS */;
UNLOCK TABLES;

--
-- Table structure for table `landassesslevelrange`
--

DROP TABLE IF EXISTS `landassesslevelrange`;
/*!40101 SET @saved_cs_client     = @@character_set_client */;
/*!40101 SET character_set_client = utf8 */;
CREATE TABLE `landassesslevelrange` (
  `objid` varchar(50) NOT NULL,
  `landassesslevelid` varchar(50) NOT NULL,
  `landrysettingid` varchar(50) NOT NULL,
  `mvfrom` decimal(16,2) NOT NULL,
  `mvto` decimal(16,2) NOT NULL,
  `rate` decimal(16,2) NOT NULL,
  PRIMARY KEY (`objid`),
  KEY `FK_landassesslevelrange_landassesslevel` (`landassesslevelid`),
  KEY `ix_landassesslevelrange_rootid` (`landrysettingid`),
  CONSTRAINT `landassesslevelrange_ibfk_2` FOREIGN KEY (`landassesslevelid`) REFERENCES `landassesslevel` (`objid`),
  CONSTRAINT `landassesslevelrange_ibfk_1` FOREIGN KEY (`landrysettingid`) REFERENCES `landrysetting` (`objid`)
) ENGINE=InnoDB DEFAULT CHARSET=utf8;
/*!40101 SET character_set_client = @saved_cs_client */;

--
-- Dumping data for table `landassesslevelrange`
--

LOCK TABLES `landassesslevelrange` WRITE;
/*!40000 ALTER TABLE `landassesslevelrange` DISABLE KEYS */;
/*!40000 ALTER TABLE `landassesslevelrange` ENABLE KEYS */;
UNLOCK TABLES;

--
-- Table structure for table `landdetail`
--

DROP TABLE IF EXISTS `landdetail`;
/*!40101 SET @saved_cs_client     = @@character_set_client */;
/*!40101 SET character_set_client = utf8 */;
CREATE TABLE `landdetail` (
  `objid` varchar(50) NOT NULL,
  `landrpuid` varchar(50) NOT NULL,
  `subclass_objid` varchar(50) DEFAULT NULL,
  `specificclass_objid` varchar(50) DEFAULT NULL,
  `actualuse_objid` varchar(50) DEFAULT NULL,
  `stripping_objid` varchar(50) DEFAULT NULL,
  `striprate` decimal(16,2) NOT NULL,
  `areatype` varchar(10) NOT NULL,
  `addlinfo` varchar(250) DEFAULT NULL,
  `area` decimal(18,6) NOT NULL,
  `areasqm` decimal(18,2) NOT NULL,
  `areaha` decimal(18,6) NOT NULL,
  `basevalue` decimal(16,2) NOT NULL,
  `unitvalue` decimal(16,2) NOT NULL,
  `taxable` int(11) NOT NULL,
  `basemarketvalue` decimal(16,2) NOT NULL,
  `adjustment` decimal(16,2) NOT NULL,
  `landvalueadjustment` decimal(16,2) NOT NULL,
  `actualuseadjustment` decimal(16,2) NOT NULL,
  `marketvalue` decimal(16,2) NOT NULL,
  `assesslevel` decimal(16,2) NOT NULL,
  `assessedvalue` decimal(16,2) NOT NULL,
  `landspecificclass_objid` varchar(50) DEFAULT NULL,
  PRIMARY KEY (`objid`),
  KEY `FK_landdetail_actualuse` (`actualuse_objid`),
  KEY `FK_landdetail_landrpu` (`landrpuid`),
  KEY `FK_landdetail_lcuvspecificclass` (`specificclass_objid`),
  KEY `FK_landdetail_lcuvsubclass` (`subclass_objid`),
  KEY `stripping_objid` (`stripping_objid`),
  CONSTRAINT `landdetail_ibfk_5` FOREIGN KEY (`stripping_objid`) REFERENCES `lcuvstripping` (`objid`),
  CONSTRAINT `landdetail_ibfk_1` FOREIGN KEY (`actualuse_objid`) REFERENCES `landassesslevel` (`objid`),
  CONSTRAINT `landdetail_ibfk_2` FOREIGN KEY (`landrpuid`) REFERENCES `landrpu` (`objid`),
  CONSTRAINT `landdetail_ibfk_3` FOREIGN KEY (`specificclass_objid`) REFERENCES `lcuvspecificclass` (`objid`),
  CONSTRAINT `landdetail_ibfk_4` FOREIGN KEY (`subclass_objid`) REFERENCES `lcuvsubclass` (`objid`)
) ENGINE=InnoDB DEFAULT CHARSET=utf8;
/*!40101 SET character_set_client = @saved_cs_client */;

--
-- Dumping data for table `landdetail`
--

LOCK TABLES `landdetail` WRITE;
/*!40000 ALTER TABLE `landdetail` DISABLE KEYS */;
/*!40000 ALTER TABLE `landdetail` ENABLE KEYS */;
UNLOCK TABLES;

--
-- Table structure for table `landrpu`
--

DROP TABLE IF EXISTS `landrpu`;
/*!40101 SET @saved_cs_client     = @@character_set_client */;
/*!40101 SET character_set_client = utf8 */;
CREATE TABLE `landrpu` (
  `objid` varchar(50) NOT NULL,
  `idleland` int(11) NOT NULL,
  `totallandbmv` decimal(16,2) NOT NULL,
  `totallandmv` decimal(16,2) NOT NULL,
  `totallandav` decimal(16,2) NOT NULL,
  `totalplanttreebmv` decimal(16,2) NOT NULL,
  `totalplanttreemv` decimal(16,2) NOT NULL,
  `totalplanttreeadjustment` decimal(16,2) NOT NULL,
  `totalplanttreeav` decimal(16,2) NOT NULL,
  `landvalueadjustment` decimal(16,2) NOT NULL,
  `publicland` int(11) DEFAULT NULL,
  `distanceawr` decimal(16,2) DEFAULT NULL,
  `distanceltc` decimal(16,2) DEFAULT NULL,
  PRIMARY KEY (`objid`),
  CONSTRAINT `landrpu_ibfk_1` FOREIGN KEY (`objid`) REFERENCES `rpu` (`objid`)
) ENGINE=InnoDB DEFAULT CHARSET=utf8;
/*!40101 SET character_set_client = @saved_cs_client */;

--
-- Dumping data for table `landrpu`
--

LOCK TABLES `landrpu` WRITE;
/*!40000 ALTER TABLE `landrpu` DISABLE KEYS */;
/*!40000 ALTER TABLE `landrpu` ENABLE KEYS */;
UNLOCK TABLES;

--
-- Table structure for table `landrysetting`
--

DROP TABLE IF EXISTS `landrysetting`;
/*!40101 SET @saved_cs_client     = @@character_set_client */;
/*!40101 SET character_set_client = utf8 */;
CREATE TABLE `landrysetting` (
  `objid` varchar(50) NOT NULL,
  `state` varchar(10) NOT NULL,
  `ry` int(11) NOT NULL,
  `appliedto` text,
  `previd` varchar(50) DEFAULT NULL,
  `remarks` varchar(200) DEFAULT NULL,
  `ordinanceno` varchar(25) DEFAULT NULL,
  `ordinancedate` date DEFAULT NULL,
  PRIMARY KEY (`objid`),
  KEY `ix_landrysetting_previd` (`previd`),
  KEY `ix_landrysetting_ry` (`ry`)
) ENGINE=InnoDB DEFAULT CHARSET=utf8;
/*!40101 SET character_set_client = @saved_cs_client */;

--
-- Dumping data for table `landrysetting`
--

LOCK TABLES `landrysetting` WRITE;
/*!40000 ALTER TABLE `landrysetting` DISABLE KEYS */;
/*!40000 ALTER TABLE `landrysetting` ENABLE KEYS */;
UNLOCK TABLES;

--
-- Table structure for table `landspecificclass`
--

DROP TABLE IF EXISTS `landspecificclass`;
/*!40101 SET @saved_cs_client     = @@character_set_client */;
/*!40101 SET character_set_client = utf8 */;
CREATE TABLE `landspecificclass` (
  `objid` varchar(50) NOT NULL,
  `state` varchar(10) NOT NULL,
  `code` varchar(50) NOT NULL,
  `name` varchar(100) NOT NULL,
  PRIMARY KEY (`objid`),
  KEY `ux_landspecificclass_state` (`state`)
) ENGINE=InnoDB DEFAULT CHARSET=utf8;
/*!40101 SET character_set_client = @saved_cs_client */;

--
-- Dumping data for table `landspecificclass`
--

LOCK TABLES `landspecificclass` WRITE;
/*!40000 ALTER TABLE `landspecificclass` DISABLE KEYS */;
INSERT INTO `landspecificclass` VALUES ('ABAC','APPROVED','ABAC','ABACA'),('AIRS','APPROVED','AIRS','AIRSTRIP'),('ALLY','APPROVED','ALLY','ALLEY'),('BALO','APPROVED','BALO','BANANA LOCAL'),('BAMB','APPROVED','BAMB','BAMBOO'),('BROD','APPROVED','BROD','BARANGAY ROAD'),('BRUS','APPROVED','BRUS','BRUSHLAND'),('BSTE','APPROVED','BSTE','BARANGAY SITE'),('CACA','APPROVED','CACA','CACAO'),('CEME','APPROVED','CEME','CEMETERY'),('CHAN','APPROVED','CHAN','CHANNEL'),('CHSI','APPROVED','CHSI','CHURCH SITE'),('CHST','APPROVED','CHST','CHAPEL SITE'),('CLST','APPROVED','CLST','CLINIC SITE'),('CNAL','APPROVED','CNAL','CANAL'),('COCO','APPROVED','COCO','COCONUT'),('COFF','APPROVED','COFF','COFFEE'),('COGO','APPROVED','COGO','COGON'),('COMMERCIAL','APPROVED','C','COMMERCIAL'),('CORN','APPROVED','CORN','CORN'),('CREA','APPROVED','CREA','CREEK EASEMENT'),('CREE','APPROVED','CREE','CREEK'),('CSTE','APPROVED','CSTE','CELL SITE'),('CULTURAL','APPROVED','SU','CULTURAL'),('DIKE','APPROVED','DIKE','DIKE'),('DRAI','APPROVED','DRAI','DRAINAGE'),('DURI','APPROVED','DURI','DURIAN'),('EDUCATIONAL','APPROVED','SE','EDUCATIONAL'),('ERAR','APPROVED','ERAR','ERODED AREA'),('FLCO','APPROVED','FLCO','FLOOD CONTROL'),('FLOW','APPROVED','FLOW','FLOWER'),('FLWO','APPROVED','FLWO','FLOOD WASHED OUT'),('FRST','APPROVED','FRST','FOREST'),('FSHB','APPROVED','FSHB','FISHPOND (BANGUS)'),('FSHF','APPROVED','FSHF','FISHPOND (FINGERLINGS)'),('FSHT','APPROVED','FSHT','FISHPOND INLAND (TILAPIA)'),('GMLN','APPROVED','GMLN','GEMELINA'),('GOCC','APPROVED','SG','GOCC'),('HOSPITAL','APPROVED','SH','HOSPITAL'),('HPST','APPROVED','HPST','HOSPITAL SITE'),('INDUSTRIAL','APPROVED','I','INDUSTRIAL'),('IPIL','APPROVED','IPIL','IPIL-IPIL'),('LANZ','APPROVED','LANZ','LANZONES'),('LATC','APPROVED','LATC','LATERAL CANAL'),('LEEA','APPROVED','LEEA','LEGAL EASEMENT'),('MANG','APPROVED','MANG','MANGO'),('MARS','APPROVED','MARS','MARSHLAND'),('MHST','APPROVED','MHST','MUNICIPAL HALL SITE'),('MINERAL','APPROVED','M','MINERAL'),('MMIN','APPROVED','MMIN','METALLIC MINERAL'),('MNGS','APPROVED','MNGS','MANGOSTEEN'),('MROD','APPROVED','MROD','MUNICIPAL ROAD'),('MROV','APPROVED','MROV','MANGROOVE'),('MSTE','APPROVED','MSTE','MARKET SITE'),('NCAN','APPROVED','NCAN','NIA CANAL'),('NIPA','APPROVED','NIPA','NIPA'),('NIRD','APPROVED','NIRD','NIA ROAD'),('NMIN','APPROVED','NMIN','NON METALLIC MINERAL'),('NROD','APPROVED','NROD','NATIONAL ROAD'),('NSTK','APPROVED','NSTK','NIA STOCKPILE'),('NSUB','APPROVED','NSUB','NIA SUBMERGED AREA'),('NUSI','APPROVED','NUSI','NURSERY SITE'),('OPAM','APPROVED','OPAM','OIL PALM'),('ORCH','APPROVED','ORCH','ORCHARD'),('PALY','APPROVED','PALY','PROPOSED ALLEY'),('PAPA','APPROVED','PAPA','PAPAYA'),('PARK','APPROVED','PARK','PARK'),('PAST','APPROVED','PAST','PASTURE'),('PCST','APPROVED','PCST','PUROK CENTER SITE'),('PINE','APPROVED','PINE','PINEAPPLE'),('PKPG','APPROVED','PKPG','PARKS & PLAYGROUND'),('PLZA','APPROVED','PLZA','PLAZA'),('PMST','APPROVED','PMST','PUBLIC MARKET SITE'),('POME','APPROVED','POME','POMELO'),('PROD','APPROVED','PROD','PROPOSED ROAD'),('PROV','APPROVED','PROV','PROVINCIAL ROAD'),('RAMB','APPROVED','RAMB','RAMBUTAN'),('RAMI','APPROVED','RAMI','RAMIE'),('RECREATIONAL ','APPROVED','SR','RECREATIONAL '),('RESIDENTIAL','APPROVED','R','RESIDENTIAL'),('RIWI','APPROVED','RIWI','RICE WITH IRRIGATION'),('RIWO','APPROVED','RIWO','RICE WITHOUT IRRIGATION'),('ROAD','APPROVED','ROAD','ROAD'),('ROMB','APPROVED','ROMB','ROMBLON'),('ROOT','APPROVED','ROOT','ROOTCROPS'),('RTER','APPROVED','RTER','TERMINAL SITE'),('RUBB','APPROVED','RUBB','RUBBER'),('RVER','APPROVED','RVER','RIVER'),('RVRB','APPROVED','RVRB','RIVERBED'),('SCIENTIFIC','APPROVED','SS','SCIENTIFIC'),('SOLR','APPROVED','SOLR','SOLAR DRYER SITE'),('SORG','APPROVED','SORG','SORGHUM'),('SOYB','APPROVED','SOYB','SOYBEANS'),('SSIT','APPROVED','SSIT','SCHOOL SITE'),('SUBM','APPROVED','SUBM','SUBMERGED AREA'),('SWAM','APPROVED','SWAM','SWAMPLAND'),('TIMBERLAND','APPROVED','T','TIMBERLAND'),('TREE','APPROVED','TREE','TREE FARM'),('VEGE','APPROVED','VEGE','VEGETABLE TRACK GARDENING'),('WATER DISTRICT','APPROVED','SW','WATER DISTRICT');
/*!40000 ALTER TABLE `landspecificclass` ENABLE KEYS */;
UNLOCK TABLES;

--
-- Table structure for table `landtax_lgu_account_mapping`
--

DROP TABLE IF EXISTS `landtax_lgu_account_mapping`;
/*!40101 SET @saved_cs_client     = @@character_set_client */;
/*!40101 SET character_set_client = utf8 */;
CREATE TABLE `landtax_lgu_account_mapping` (
  `objid` varchar(50) NOT NULL,
  `lgu_objid` varchar(50) NOT NULL,
  `revtype` varchar(50) NOT NULL,
  `revperiod` varchar(50) NOT NULL,
  `item_objid` varchar(50) NOT NULL,
  KEY `FK_landtaxlguaccountmapping_itemaccount` (`item_objid`),
  KEY `FK_landtaxlguaccountmapping_sysorg` (`lgu_objid`),
  KEY `ix_objid` (`objid`),
  KEY `ix_revtype` (`revtype`),
  CONSTRAINT `fk_landtaxlguaccountmapping_sysorg` FOREIGN KEY (`lgu_objid`) REFERENCES `sys_org` (`objid`),
  CONSTRAINT `fk_landtaxlguaccountmapping_itemaccount` FOREIGN KEY (`item_objid`) REFERENCES `itemaccount` (`objid`)
) ENGINE=InnoDB DEFAULT CHARSET=utf8;
/*!40101 SET character_set_client = @saved_cs_client */;

--
-- Dumping data for table `landtax_lgu_account_mapping`
--

LOCK TABLES `landtax_lgu_account_mapping` WRITE;
/*!40000 ALTER TABLE `landtax_lgu_account_mapping` DISABLE KEYS */;
/*!40000 ALTER TABLE `landtax_lgu_account_mapping` ENABLE KEYS */;
UNLOCK TABLES;

--
-- Table structure for table `landtax_report_rptdelinquency`
--

DROP TABLE IF EXISTS `landtax_report_rptdelinquency`;
/*!40101 SET @saved_cs_client     = @@character_set_client */;
/*!40101 SET character_set_client = utf8 */;
CREATE TABLE `landtax_report_rptdelinquency` (
  `objid` varchar(50) NOT NULL,
  `rptledgerid` varchar(50) NOT NULL,
  `barangayid` varchar(50) NOT NULL,
  `year` int(11) NOT NULL,
  `qtr` int(11) DEFAULT NULL,
  `revtype` varchar(50) NOT NULL,
  `amount` decimal(16,2) NOT NULL,
  `interest` decimal(16,2) NOT NULL,
  `discount` decimal(16,2) NOT NULL,
  `dtgenerated` datetime NOT NULL,
  `generatedby_name` varchar(255) NOT NULL,
  `generatedby_title` varchar(100) NOT NULL,
  PRIMARY KEY (`objid`)
) ENGINE=InnoDB DEFAULT CHARSET=utf8;
/*!40101 SET character_set_client = @saved_cs_client */;

--
-- Dumping data for table `landtax_report_rptdelinquency`
--

LOCK TABLES `landtax_report_rptdelinquency` WRITE;
/*!40000 ALTER TABLE `landtax_report_rptdelinquency` DISABLE KEYS */;
/*!40000 ALTER TABLE `landtax_report_rptdelinquency` ENABLE KEYS */;
UNLOCK TABLES;

--
-- Table structure for table `lcuvspecificclass`
--

DROP TABLE IF EXISTS `lcuvspecificclass`;
/*!40101 SET @saved_cs_client     = @@character_set_client */;
/*!40101 SET character_set_client = utf8 */;
CREATE TABLE `lcuvspecificclass` (
  `objid` varchar(50) NOT NULL,
  `landrysettingid` varchar(50) NOT NULL,
  `classification_objid` varchar(50) NOT NULL,
  `areatype` varchar(10) NOT NULL,
  `previd` varchar(50) DEFAULT NULL,
  `landspecificclass_objid` varchar(50) DEFAULT NULL,
  PRIMARY KEY (`objid`),
  KEY `FK_lcuvspecificclass_propertyclassification` (`classification_objid`),
  KEY `ix_landspecificclass_objid` (`landspecificclass_objid`),
  KEY `ix_lcuvspecificclass_previd` (`previd`),
  KEY `ix_previd` (`previd`),
  KEY `landrysettingid` (`landrysettingid`),
  CONSTRAINT `lcuvspecificclass_ibfk_2` FOREIGN KEY (`classification_objid`) REFERENCES `propertyclassification` (`objid`),
  CONSTRAINT `fk_lcuvspecificclass_landspecificclass` FOREIGN KEY (`landspecificclass_objid`) REFERENCES `landspecificclass` (`objid`),
  CONSTRAINT `lcuvspecificclass_ibfk_1` FOREIGN KEY (`landrysettingid`) REFERENCES `landrysetting` (`objid`)
) ENGINE=InnoDB DEFAULT CHARSET=utf8;
/*!40101 SET character_set_client = @saved_cs_client */;

--
-- Dumping data for table `lcuvspecificclass`
--

LOCK TABLES `lcuvspecificclass` WRITE;
/*!40000 ALTER TABLE `lcuvspecificclass` DISABLE KEYS */;
/*!40000 ALTER TABLE `lcuvspecificclass` ENABLE KEYS */;
UNLOCK TABLES;

--
-- Table structure for table `lcuvstripping`
--

DROP TABLE IF EXISTS `lcuvstripping`;
/*!40101 SET @saved_cs_client     = @@character_set_client */;
/*!40101 SET character_set_client = utf8 */;
CREATE TABLE `lcuvstripping` (
  `objid` varchar(50) NOT NULL,
  `landrysettingid` varchar(50) NOT NULL,
  `classification_objid` varchar(50) NOT NULL,
  `striplevel` int(11) NOT NULL,
  `rate` decimal(10,2) NOT NULL,
  `previd` varchar(50) DEFAULT NULL,
  PRIMARY KEY (`objid`),
  KEY `FK_lcuvstripping_landrysetting` (`landrysettingid`),
  KEY `FK_lcuvstripping_propertyclassification` (`classification_objid`),
  KEY `ix_lcuvstripping_previd` (`previd`),
  CONSTRAINT `lcuvstripping_ibfk_2` FOREIGN KEY (`classification_objid`) REFERENCES `propertyclassification` (`objid`),
  CONSTRAINT `lcuvstripping_ibfk_1` FOREIGN KEY (`landrysettingid`) REFERENCES `landrysetting` (`objid`)
) ENGINE=InnoDB DEFAULT CHARSET=utf8;
/*!40101 SET character_set_client = @saved_cs_client */;

--
-- Dumping data for table `lcuvstripping`
--

LOCK TABLES `lcuvstripping` WRITE;
/*!40000 ALTER TABLE `lcuvstripping` DISABLE KEYS */;
/*!40000 ALTER TABLE `lcuvstripping` ENABLE KEYS */;
UNLOCK TABLES;

--
-- Table structure for table `lcuvsubclass`
--

DROP TABLE IF EXISTS `lcuvsubclass`;
/*!40101 SET @saved_cs_client     = @@character_set_client */;
/*!40101 SET character_set_client = utf8 */;
CREATE TABLE `lcuvsubclass` (
  `objid` varchar(50) NOT NULL,
  `specificclass_objid` varchar(50) NOT NULL,
  `landrysettingid` varchar(50) NOT NULL,
  `code` varchar(50) NOT NULL,
  `name` varchar(25) NOT NULL,
  `unitvalue` decimal(10,2) NOT NULL,
  `previd` varchar(50) DEFAULT NULL,
  PRIMARY KEY (`objid`),
  KEY `FK_lcuvsubclass_lcuvspecificclass` (`specificclass_objid`),
  KEY `ix_lcuvsubclass_previd` (`previd`),
  KEY `ix_lcuvsubclass_rootid` (`landrysettingid`),
  KEY `ix_previd` (`previd`),
  CONSTRAINT `lcuvsubclass_ibfk_2` FOREIGN KEY (`specificclass_objid`) REFERENCES `lcuvspecificclass` (`objid`),
  CONSTRAINT `lcuvsubclass_ibfk_1` FOREIGN KEY (`landrysettingid`) REFERENCES `landrysetting` (`objid`)
) ENGINE=InnoDB DEFAULT CHARSET=utf8;
/*!40101 SET character_set_client = @saved_cs_client */;

--
-- Dumping data for table `lcuvsubclass`
--

LOCK TABLES `lcuvsubclass` WRITE;
/*!40000 ALTER TABLE `lcuvsubclass` DISABLE KEYS */;
/*!40000 ALTER TABLE `lcuvsubclass` ENABLE KEYS */;
UNLOCK TABLES;

--
-- Table structure for table `lob`
--

DROP TABLE IF EXISTS `lob`;
/*!40101 SET @saved_cs_client     = @@character_set_client */;
/*!40101 SET character_set_client = utf8 */;
CREATE TABLE `lob` (
  `objid` varchar(50) NOT NULL,
  `state` varchar(10) NOT NULL,
  `name` varchar(255) NOT NULL,
  `classification_objid` varchar(50) NOT NULL,
  `psic` varchar(50) DEFAULT NULL,
  `psic_objid` varchar(50) DEFAULT NULL,
  `_ukey` varchar(50) NOT NULL DEFAULT '',
  PRIMARY KEY (`objid`),
  UNIQUE KEY `uix_name` (`name`,`_ukey`),
  KEY `ix_classification_objid` (`classification_objid`),
  KEY `ix_name` (`name`),
  KEY `ix_psic` (`psic`),
  KEY `ix_psic_objid` (`psic_objid`),
  CONSTRAINT `lob_classification_objid_ibfk_1` FOREIGN KEY (`classification_objid`) REFERENCES `lobclassification` (`objid`)
) ENGINE=InnoDB DEFAULT CHARSET=utf8;
/*!40101 SET character_set_client = @saved_cs_client */;

--
-- Dumping data for table `lob`
--

LOCK TABLES `lob` WRITE;
/*!40000 ALTER TABLE `lob` DISABLE KEYS */;
INSERT INTO `lob` VALUES ('L-4e11e804:140b810a4bc:-7f1f','DRAFT','ART AND SIGNS','CONTRACTOR','',NULL,'L-4e11e804:140b810a4bc:-7f1f'),('LOB-306e5f4e:143ad0e382a:-77fb','DRAFT','HARDWARE.','RETAILER',NULL,NULL,'LOB-306e5f4e:143ad0e382a:-77fb'),('LOB-306e5f4e:143ad0e382a:-7d6d','DRAFT','RETAILER OF APPLIANCES','RETAILER',NULL,NULL,'LOB-306e5f4e:143ad0e382a:-7d6d'),('LOB-338109a4:150116a2ff5:-7fc1','DRAFT','ANIMAL CLINIC','OTHER',NULL,NULL,'LOB-338109a4:150116a2ff5:-7fc1'),('LOB-3c6ae22:13f11bb91cc:-7d8c','DRAFT','GENERAL MERCHANDISING','WHOLESALER',NULL,NULL,'LOB-3c6ae22:13f11bb91cc:-7d8c'),('LOB-3e1608b6:11ed7c33ac0:-7897','DRAFT','LENDING & FINANCING','FINANCIAL',NULL,NULL,'LOB-3e1608b6:11ed7c33ac0:-7897'),('LOB-44903004:11c6371807a:-7d12','DRAFT','BARBER SHOP','CONTRACTOR',NULL,NULL,'LOB-44903004:11c6371807a:-7d12'),('LOB-44903004:11c6371807a:-7ddc','DRAFT','DOMESTIC LIQUOR','RETAILER',NULL,NULL,'LOB-44903004:11c6371807a:-7ddc'),('LOB-49570e78:11c64cdad88:-7cb5','DRAFT','WHOLESALER OF RICE & CORN','WHOLESALER',NULL,NULL,'LOB-49570e78:11c64cdad88:-7cb5'),('LOB-49570e78:11c64cdad88:-7cc8','DRAFT','WHOLESALER OF AGRICULTURAL PRODUCTS','WHOLESALER',NULL,NULL,'LOB-49570e78:11c64cdad88:-7cc8'),('LOB-49570e78:11c64cdad88:-7d71','DRAFT','WHOLESALER OF GROCERIES','WHOLESALER',NULL,NULL,'LOB-49570e78:11c64cdad88:-7d71'),('LOB-49570e78:11c64cdad88:-7da0','DRAFT','WHOLESALER OF LEAF TOBACCO','WHOLESALER',NULL,NULL,'LOB-49570e78:11c64cdad88:-7da0'),('LOB-49570e78:11c64cdad88:-7f1e','DRAFT','REFRESHMENT PARLOR','OTHER',NULL,NULL,'LOB-49570e78:11c64cdad88:-7f1e'),('LOB-49570e78:11c64cdad88:-7f64','DRAFT','PAWNSHOP','FINANCIAL',NULL,NULL,'LOB-49570e78:11c64cdad88:-7f64'),('LOB-4efb7d4a:157943708fd:-7e24','DRAFT','FURNITURE SHOP','WHOLESALER',NULL,NULL,'LOB-4efb7d4a:157943708fd:-7e24'),('LOB-593386c4:11d94bd6fd9:-722c','DRAFT','DEALER OF APPLIANCES','WHOLESALER',NULL,NULL,'LOB-593386c4:11d94bd6fd9:-722c'),('LOB-5aeab750:11f2607ba03:-7cf8','DRAFT','AUTO REPAIR SHOP','CONTRACTOR',NULL,NULL,'LOB-5aeab750:11f2607ba03:-7cf8'),('LOB-6f90134e:11e191f44b9:-7e03','DRAFT','MONEY TRANSFER','FINANCIAL',NULL,NULL,'LOB-6f90134e:11e191f44b9:-7e03'),('LOB19be627b:12d7d693799:-686c','DRAFT','MEAT SHOP','RETAILER',NULL,NULL,'LOB19be627b:12d7d693799:-686c'),('LOB1f38a8f3:15d81dca6d4:-779a','DRAFT','SARI-SARI','RETAILER',NULL,NULL,'LOB1f38a8f3:15d81dca6d4:-779a'),('LOB3c390eb3:11ece68f4f9:-6a7d','DRAFT','DEALER OF AGRI-MACHINERY','WHOLESALER',NULL,NULL,'LOB3c390eb3:11ece68f4f9:-6a7d'),('LOB3c390eb3:11ece68f4f9:-6b28','DRAFT','MICRO-FINANCING','FINANCIAL',NULL,NULL,'LOB3c390eb3:11ece68f4f9:-6b28'),('LOB3e8e3cf5:1579cb6312d:-7423','DRAFT','COCKPIT','AMUSEMENT',NULL,NULL,'LOB3e8e3cf5:1579cb6312d:-7423'),('LOB404b5682:157942029f9:-76ad','DRAFT','RESTAURANT','OTHER',NULL,NULL,'LOB404b5682:157942029f9:-76ad'),('LOB420b42bb:145688603f4:-7fbb','DRAFT','RETAILER OF BAKERY SUPPLIES','RETAILER',NULL,NULL,'LOB420b42bb:145688603f4:-7fbb'),('LOB48441c91:161873af778:-4db8','DRAFT','MANUFACTURER OF SHOES','MANUFACTURER',NULL,NULL,'LOB48441c91:161873af778:-4db8'),('LOB490eb47a:12eb2e532f1:-7e10','DRAFT','FASHION ACCESSORIES','WHOLESALER',NULL,NULL,'LOB490eb47a:12eb2e532f1:-7e10'),('LOB56955d96:11c6516e07c:-7f81','DRAFT','DRUG STORE','RETAILER',NULL,NULL,'LOB56955d96:11c6516e07c:-7f81'),('LOB56a66952:160e7b17a95:-6f27','DRAFT','BAKERY.','MANUFACTURER',NULL,NULL,'LOB56a66952:160e7b17a95:-6f27'),('LOB78e2e09:14ddc1a18ac:-7f64','DRAFT','ADMINISTRATIVE SERVICES','OTHER',NULL,NULL,'LOB78e2e09:14ddc1a18ac:-7f64');
/*!40000 ALTER TABLE `lob` ENABLE KEYS */;
UNLOCK TABLES;

--
-- Table structure for table `lob_lobattribute`
--

DROP TABLE IF EXISTS `lob_lobattribute`;
/*!40101 SET @saved_cs_client     = @@character_set_client */;
/*!40101 SET character_set_client = utf8 */;
CREATE TABLE `lob_lobattribute` (
  `lobid` varchar(50) NOT NULL,
  `lobattributeid` varchar(50) NOT NULL,
  PRIMARY KEY (`lobattributeid`,`lobid`),
  KEY `lobattributeid` (`lobattributeid`),
  KEY `lob_lobattribute_ibfk_1` (`lobid`),
  CONSTRAINT `lob_lobattribute_ibfk_2` FOREIGN KEY (`lobattributeid`) REFERENCES `lobattribute` (`objid`),
  CONSTRAINT `lob_lobattribute_ibfk_1` FOREIGN KEY (`lobid`) REFERENCES `lob` (`objid`)
) ENGINE=InnoDB DEFAULT CHARSET=utf8;
/*!40101 SET character_set_client = @saved_cs_client */;

--
-- Dumping data for table `lob_lobattribute`
--

LOCK TABLES `lob_lobattribute` WRITE;
/*!40000 ALTER TABLE `lob_lobattribute` DISABLE KEYS */;
/*!40000 ALTER TABLE `lob_lobattribute` ENABLE KEYS */;
UNLOCK TABLES;

--
-- Table structure for table `lob_report_category`
--

DROP TABLE IF EXISTS `lob_report_category`;
/*!40101 SET @saved_cs_client     = @@character_set_client */;
/*!40101 SET character_set_client = utf8 */;
CREATE TABLE `lob_report_category` (
  `objid` varchar(50) NOT NULL,
  `parentid` varchar(50) DEFAULT NULL,
  `groupid` varchar(50) DEFAULT NULL,
  `title` varchar(255) DEFAULT NULL,
  `itemtype` varchar(25) DEFAULT NULL,
  PRIMARY KEY (`objid`),
  KEY `ix_groupid` (`groupid`),
  KEY `ix_parentid` (`parentid`),
  CONSTRAINT `fk_lob_report_category_groupid` FOREIGN KEY (`groupid`) REFERENCES `lob_report_group` (`objid`)
) ENGINE=InnoDB DEFAULT CHARSET=utf8;
/*!40101 SET character_set_client = @saved_cs_client */;

--
-- Dumping data for table `lob_report_category`
--

LOCK TABLES `lob_report_category` WRITE;
/*!40000 ALTER TABLE `lob_report_category` DISABLE KEYS */;
/*!40000 ALTER TABLE `lob_report_category` ENABLE KEYS */;
UNLOCK TABLES;

--
-- Table structure for table `lob_report_category_mapping`
--

DROP TABLE IF EXISTS `lob_report_category_mapping`;
/*!40101 SET @saved_cs_client     = @@character_set_client */;
/*!40101 SET character_set_client = utf8 */;
CREATE TABLE `lob_report_category_mapping` (
  `objid` varchar(50) NOT NULL,
  `lobid` varchar(50) NOT NULL,
  `categoryid` varchar(50) NOT NULL,
  PRIMARY KEY (`objid`),
  UNIQUE KEY `uix_categoryid` (`categoryid`),
  KEY `ix_lobid` (`lobid`),
  CONSTRAINT `fk_lob_report_category_mapping_categoryid` FOREIGN KEY (`categoryid`) REFERENCES `lob_report_category` (`objid`)
) ENGINE=InnoDB DEFAULT CHARSET=utf8;
/*!40101 SET character_set_client = @saved_cs_client */;

--
-- Dumping data for table `lob_report_category_mapping`
--

LOCK TABLES `lob_report_category_mapping` WRITE;
/*!40000 ALTER TABLE `lob_report_category_mapping` DISABLE KEYS */;
/*!40000 ALTER TABLE `lob_report_category_mapping` ENABLE KEYS */;
UNLOCK TABLES;

--
-- Table structure for table `lob_report_group`
--

DROP TABLE IF EXISTS `lob_report_group`;
/*!40101 SET @saved_cs_client     = @@character_set_client */;
/*!40101 SET character_set_client = utf8 */;
CREATE TABLE `lob_report_group` (
  `objid` varchar(50) NOT NULL,
  `title` varchar(255) DEFAULT NULL,
  PRIMARY KEY (`objid`)
) ENGINE=InnoDB DEFAULT CHARSET=utf8;
/*!40101 SET character_set_client = @saved_cs_client */;

--
-- Dumping data for table `lob_report_group`
--

LOCK TABLES `lob_report_group` WRITE;
/*!40000 ALTER TABLE `lob_report_group` DISABLE KEYS */;
/*!40000 ALTER TABLE `lob_report_group` ENABLE KEYS */;
UNLOCK TABLES;

--
-- Table structure for table `lobattribute`
--

DROP TABLE IF EXISTS `lobattribute`;
/*!40101 SET @saved_cs_client     = @@character_set_client */;
/*!40101 SET character_set_client = utf8 */;
CREATE TABLE `lobattribute` (
  `objid` varchar(50) NOT NULL,
  `state` varchar(10) NOT NULL,
  `name` varchar(50) NOT NULL,
  `description` varchar(100) DEFAULT NULL,
  PRIMARY KEY (`objid`),
  KEY `ix_name` (`name`)
) ENGINE=InnoDB DEFAULT CHARSET=utf8;
/*!40101 SET character_set_client = @saved_cs_client */;

--
-- Dumping data for table `lobattribute`
--

LOCK TABLES `lobattribute` WRITE;
/*!40000 ALTER TABLE `lobattribute` DISABLE KEYS */;
INSERT INTO `lobattribute` VALUES ('ESSENTIAL','DRAFT','ESSENTIAL','ESSENTIAL'),('HAS_WEIGHT_AND_MEASURE','DRAFT','HAS_WEIGHT_AND_MEASURE','HAS WEIGHT AND MEASURE'),('NO_BUSINESS_TAX','DRAFT','NO_BUSINESS_TAX','NO BUSINESS TAX');
/*!40000 ALTER TABLE `lobattribute` ENABLE KEYS */;
UNLOCK TABLES;

--
-- Table structure for table `lobclassification`
--

DROP TABLE IF EXISTS `lobclassification`;
/*!40101 SET @saved_cs_client     = @@character_set_client */;
/*!40101 SET character_set_client = utf8 */;
CREATE TABLE `lobclassification` (
  `objid` varchar(50) NOT NULL,
  `state` varchar(10) NOT NULL,
  `name` varchar(100) NOT NULL,
  `remarks` varchar(100) DEFAULT NULL,
  PRIMARY KEY (`objid`),
  KEY `ix_name` (`name`)
) ENGINE=InnoDB DEFAULT CHARSET=utf8;
/*!40101 SET character_set_client = @saved_cs_client */;

--
-- Dumping data for table `lobclassification`
--

LOCK TABLES `lobclassification` WRITE;
/*!40000 ALTER TABLE `lobclassification` DISABLE KEYS */;
INSERT INTO `lobclassification` VALUES ('AMUSEMENT','APPROVED','AMUSEMENT',NULL),('CONTRACTOR','APPROVED','CONTRACTOR',NULL),('FINANCIAL','APPROVED','FINANCIAL',NULL),('MANUFACTURER','APPROVED','MANUFACTURER',NULL),('OTHER','APPROVED','OTHER',NULL),('RETAILER','APPROVED','RETAILER',NULL),('SERVICE','APPROVED','SERVICE',NULL),('WHOLESALER','APPROVED','WHOLESALER',NULL);
/*!40000 ALTER TABLE `lobclassification` ENABLE KEYS */;
UNLOCK TABLES;

--
-- Table structure for table `machassesslevel`
--

DROP TABLE IF EXISTS `machassesslevel`;
/*!40101 SET @saved_cs_client     = @@character_set_client */;
/*!40101 SET character_set_client = utf8 */;
CREATE TABLE `machassesslevel` (
  `objid` varchar(50) NOT NULL,
  `machrysettingid` varchar(50) NOT NULL,
  `classification_objid` varchar(50) DEFAULT NULL,
  `code` varchar(10) NOT NULL,
  `name` varchar(50) NOT NULL,
  `fixrate` int(11) NOT NULL,
  `rate` decimal(10,2) NOT NULL,
  `previd` varchar(50) DEFAULT NULL,
  PRIMARY KEY (`objid`),
  KEY `FK_machassesslevel_propertyclassification` (`classification_objid`),
  KEY `ix_machassesslevel_previd` (`previd`),
  KEY `ix_previd` (`previd`),
  KEY `machrysettingid` (`machrysettingid`),
  CONSTRAINT `machassesslevel_ibfk_2` FOREIGN KEY (`classification_objid`) REFERENCES `propertyclassification` (`objid`),
  CONSTRAINT `machassesslevel_ibfk_1` FOREIGN KEY (`machrysettingid`) REFERENCES `machrysetting` (`objid`)
) ENGINE=InnoDB DEFAULT CHARSET=utf8;
/*!40101 SET character_set_client = @saved_cs_client */;

--
-- Dumping data for table `machassesslevel`
--

LOCK TABLES `machassesslevel` WRITE;
/*!40000 ALTER TABLE `machassesslevel` DISABLE KEYS */;
/*!40000 ALTER TABLE `machassesslevel` ENABLE KEYS */;
UNLOCK TABLES;

--
-- Table structure for table `machassesslevelrange`
--

DROP TABLE IF EXISTS `machassesslevelrange`;
/*!40101 SET @saved_cs_client     = @@character_set_client */;
/*!40101 SET character_set_client = utf8 */;
CREATE TABLE `machassesslevelrange` (
  `objid` varchar(50) NOT NULL,
  `machassesslevelid` varchar(50) NOT NULL,
  `machrysettingid` varchar(50) NOT NULL,
  `mvfrom` decimal(16,2) NOT NULL,
  `mvto` decimal(16,2) NOT NULL,
  `rate` decimal(16,2) NOT NULL,
  PRIMARY KEY (`objid`),
  KEY `FK_machassesslevelrange_machassesslevel` (`machassesslevelid`),
  KEY `machrysettingid` (`machrysettingid`),
  CONSTRAINT `machassesslevelrange_ibfk_2` FOREIGN KEY (`machrysettingid`) REFERENCES `machrysetting` (`objid`),
  CONSTRAINT `machassesslevelrange_ibfk_1` FOREIGN KEY (`machassesslevelid`) REFERENCES `machassesslevel` (`objid`)
) ENGINE=InnoDB DEFAULT CHARSET=utf8;
/*!40101 SET character_set_client = @saved_cs_client */;

--
-- Dumping data for table `machassesslevelrange`
--

LOCK TABLES `machassesslevelrange` WRITE;
/*!40000 ALTER TABLE `machassesslevelrange` DISABLE KEYS */;
/*!40000 ALTER TABLE `machassesslevelrange` ENABLE KEYS */;
UNLOCK TABLES;

--
-- Table structure for table `machdetail`
--

DROP TABLE IF EXISTS `machdetail`;
/*!40101 SET @saved_cs_client     = @@character_set_client */;
/*!40101 SET character_set_client = utf8 */;
CREATE TABLE `machdetail` (
  `objid` varchar(50) NOT NULL,
  `machuseid` varchar(50) NOT NULL,
  `machrpuid` varchar(50) NOT NULL,
  `machine_objid` varchar(50) NOT NULL,
  `operationyear` int(11) DEFAULT NULL,
  `replacementcost` decimal(16,2) NOT NULL,
  `depreciation` decimal(16,6) DEFAULT NULL,
  `depreciationvalue` decimal(16,2) NOT NULL,
  `basemarketvalue` decimal(16,2) NOT NULL,
  `marketvalue` decimal(16,2) NOT NULL,
  `assesslevel` decimal(16,2) NOT NULL,
  `assessedvalue` decimal(16,2) NOT NULL,
  `brand` varchar(50) DEFAULT NULL,
  `capacity` varchar(50) DEFAULT NULL,
  `model` varchar(50) DEFAULT NULL,
  `serialno` varchar(50) DEFAULT NULL,
  `status` varchar(50) DEFAULT NULL,
  `yearacquired` int(11) DEFAULT NULL,
  `estimatedlife` int(11) DEFAULT NULL,
  `remaininglife` int(11) DEFAULT NULL,
  `yearinstalled` int(11) DEFAULT NULL,
  `yearsused` int(11) DEFAULT NULL,
  `originalcost` decimal(16,2) NOT NULL,
  `freightcost` decimal(16,2) NOT NULL,
  `insurancecost` decimal(16,2) NOT NULL,
  `installationcost` decimal(16,2) NOT NULL,
  `brokeragecost` decimal(16,2) NOT NULL,
  `arrastrecost` decimal(16,2) NOT NULL,
  `othercost` decimal(16,2) NOT NULL,
  `acquisitioncost` decimal(16,2) NOT NULL,
  `feracid` varchar(50) DEFAULT NULL,
  `ferac` decimal(16,2) DEFAULT NULL,
  `forexid` varchar(50) DEFAULT NULL,
  `forex` decimal(16,4) DEFAULT NULL,
  `residualrate` decimal(16,2) NOT NULL,
  `conversionfactor` decimal(16,2) NOT NULL,
  `swornamount` decimal(16,2) NOT NULL,
  `useswornamount` int(11) NOT NULL,
  `imported` int(11) NOT NULL,
  `newlyinstalled` int(11) NOT NULL,
  `autodepreciate` int(11) NOT NULL,
  `taxable` int(11) DEFAULT NULL,
  `smvid` varchar(50) DEFAULT NULL,
  `params` text,
  PRIMARY KEY (`objid`),
  KEY `FK_machdetail_machforex` (`feracid`),
  KEY `FK_machdetail_machforexid` (`forexid`),
  KEY `FK_machdetail_machine` (`machine_objid`),
  KEY `FK_machdetail_machrpu` (`machrpuid`),
  KEY `FK_machdetail_machuse` (`machuseid`),
  KEY `ix_smvid` (`smvid`),
  CONSTRAINT `machdetail_ibfk_5` FOREIGN KEY (`machuseid`) REFERENCES `machuse` (`objid`),
  CONSTRAINT `fk_machdetail_machine_smv` FOREIGN KEY (`smvid`) REFERENCES `machine_smv` (`objid`),
  CONSTRAINT `machdetail_ibfk_1` FOREIGN KEY (`feracid`) REFERENCES `machforex` (`objid`),
  CONSTRAINT `machdetail_ibfk_2` FOREIGN KEY (`forexid`) REFERENCES `machforex` (`objid`),
  CONSTRAINT `machdetail_ibfk_3` FOREIGN KEY (`machine_objid`) REFERENCES `machine` (`objid`),
  CONSTRAINT `machdetail_ibfk_4` FOREIGN KEY (`machrpuid`) REFERENCES `machrpu` (`objid`)
) ENGINE=InnoDB DEFAULT CHARSET=utf8;
/*!40101 SET character_set_client = @saved_cs_client */;

--
-- Dumping data for table `machdetail`
--

LOCK TABLES `machdetail` WRITE;
/*!40000 ALTER TABLE `machdetail` DISABLE KEYS */;
/*!40000 ALTER TABLE `machdetail` ENABLE KEYS */;
UNLOCK TABLES;

--
-- Table structure for table `machforex`
--

DROP TABLE IF EXISTS `machforex`;
/*!40101 SET @saved_cs_client     = @@character_set_client */;
/*!40101 SET character_set_client = utf8 */;
CREATE TABLE `machforex` (
  `objid` varchar(50) NOT NULL,
  `machrysettingid` varchar(50) NOT NULL,
  `year` int(11) NOT NULL,
  `forex` decimal(10,6) NOT NULL,
  `previd` varchar(50) DEFAULT NULL,
  PRIMARY KEY (`objid`),
  KEY `ix_machforex_previd` (`previd`),
  KEY `ix_previd` (`previd`),
  KEY `machrysettingid` (`machrysettingid`),
  CONSTRAINT `machforex_ibfk_1` FOREIGN KEY (`machrysettingid`) REFERENCES `machrysetting` (`objid`)
) ENGINE=InnoDB DEFAULT CHARSET=utf8;
/*!40101 SET character_set_client = @saved_cs_client */;

--
-- Dumping data for table `machforex`
--

LOCK TABLES `machforex` WRITE;
/*!40000 ALTER TABLE `machforex` DISABLE KEYS */;
/*!40000 ALTER TABLE `machforex` ENABLE KEYS */;
UNLOCK TABLES;

--
-- Table structure for table `machine`
--

DROP TABLE IF EXISTS `machine`;
/*!40101 SET @saved_cs_client     = @@character_set_client */;
/*!40101 SET character_set_client = utf8 */;
CREATE TABLE `machine` (
  `objid` varchar(50) NOT NULL,
  `state` varchar(10) NOT NULL,
  `code` varchar(50) NOT NULL,
  `name` varchar(250) NOT NULL,
  PRIMARY KEY (`objid`),
  UNIQUE KEY `ux_machine_code` (`code`),
  UNIQUE KEY `ux_machine_name` (`name`),
  KEY `ix_machine_state` (`state`)
) ENGINE=InnoDB DEFAULT CHARSET=utf8;
/*!40101 SET character_set_client = @saved_cs_client */;

--
-- Dumping data for table `machine`
--

LOCK TABLES `machine` WRITE;
/*!40000 ALTER TABLE `machine` DISABLE KEYS */;
INSERT INTO `machine` VALUES ('MAC-404c78:162db57d844:-5269','APPROVED','GRIL','GRILLS'),('MAC-404c78:162db57d844:-5283','APPROVED','FNCE','FENCE'),('MAC-404c78:162db57d844:-529d','APPROVED','CWRK','CONCRETE WORK'),('MAC-404c78:162db57d844:-52b7','APPROVED','EWRK','EARTHWORK'),('MAC-404c78:162db57d844:-52d1','APPROVED','MMAT','MISCELLANEOUS MATERIALS'),('MAC-66b35aaf:16f0cdb7b20:-5289','APPROVED','DSKI','DISK INSULATOR'),('MAC-7b455d85:163ec33805e:3f7e','APPROVED','HYBP','HYDRAULIC BALING PRESS'),('MAC-7b455d85:163ec33805e:3f98','APPROVED','FSHT','FOUR SHUTTLE'),('MAC-7b455d85:163ec33805e:3fb2','APPROVED','CMCH','CUTTING MACHINE'),('MAC-7b455d85:163ec33805e:3fcc','APPROVED','PBMC','PLASTIC BAG MACHINE'),('MAC-7b455d85:163ec33805e:3fe6','APPROVED','EMHM','ELECTOMAGNETIC HEATING MACHINE'),('MAC-7b455d85:163ec33805e:4000','APPROVED','PDRM','PLASTIC DRAWING MACHINE'),('MAC-7b455d85:163ec33805e:401a','APPROVED','SEWM','SEWING MACHINE'),('MAC-7b455d85:163ec33805e:4042','APPROVED','PLZM','PELLETIZER MACHINE'),('MAC-7b455d85:163ec33805e:405c','APPROVED','WPRM','WORF PRINTING MACHINE'),('MAC-7f874167:16367e0335d:-799e','APPROVED','WAPS','WATER PURIFICATION SYSTEM'),('MAC145aa32c:15d4e4ef7fa:-7dbc','APPROVED','MIXR','MIXER'),('MAC145aa32c:15d4e4ef7fa:-7df0','APPROVED','CMTS','CEMENT TANK STYLO'),('MAC145aa32c:15d4e4ef7fa:-7e0a','APPROVED','CPMC','CONCRETE PRODUCT MACHINE'),('MAC145aa32c:15d4e4ef7fa:-7e24','APPROVED','VBRT','VIBRATING TABLE'),('MAC27d0ac6f:1643432e920:-7394','APPROVED','CSHL','CORN SHELLER'),('MAC2aa3859d:16d8b6c9c97:-7d3f','APPROVED','VABM','VACUUM BAG MACHINE'),('MAC2aa3859d:16d8b6c9c97:-7d59','APPROVED','FOMA','FOAM MACHINE'),('MAC2aa3859d:16d8b6c9c97:-7d73','APPROVED','LPGT','LPG TANK'),('MAC2aa3859d:16d8b6c9c97:-7d8d','APPROVED','PRNT','PRINTER'),('MAC2aa3859d:16d8b6c9c97:-7da7','APPROVED','CUFI','CUTTER FILLER'),('MAC2aa3859d:16d8b6c9c97:-7dca','APPROVED','LPGP','LPG PRESSURE PUMP'),('MAC2aa3859d:16d8b6c9c97:-7de0','APPROVED','PEFB','PE FOAM BLOWER'),('MAC2aa3859d:16d8b6c9c97:-7dfa','APPROVED','CUPU','CUTTER PUNCHER'),('MAC2cfba8ab:16df62ce4d2:-76bb','APPROVED','SESY','SECURITY SYSTEM'),('MAC2cfba8ab:16df62ce4d2:-76d5','APPROVED','SASY','SECURITY ALARM SYSTEM'),('MAC32adcf68:16f0c1f5566:-7dd4','APPROVED','LDMC','LAUNDRY AND DRIER MACHINE'),('MAC32adcf68:16f0c1f5566:-7dee','APPROVED','CSYS','CONTROL SYSTEM'),('MAC3ceb6af5:1624af52f9c:-29cd','APPROVED','WMIL','WINDMILL'),('MAC5199924f:164ad13f67a:-7e48','APPROVED','ELPT','ELECTRIC POST'),('MAC5199924f:164ad13f67a:-7e59','APPROVED','ELPA','ELECTRIC POST AND ACCESSORIES'),('MAC5f1ea447:16d1da2416a:-7d22','APPROVED','CFLA','CUT-OUT FUSE WITH LIGHTNING ARRESTER'),('MACcf41ee1:167826ea24f:-7e36','APPROVED','VACC','VACCUMER'),('MACcf41ee1:167826ea24f:-7e56','APPROVED','AERT','AERIAL TRACTOR'),('MACH-1941fdfe:1532ac394a0:-7f4b','APPROVED','BTSM','BTS MICROWAVE'),('MACH-1941fdfe:1532ac394a0:-7f59','APPROVED','BTSP','BTS POWER SYSTEM'),('MACH-1941fdfe:1532ac394a0:-7f6b','APPROVED','DEHY','DEHYRATOR'),('MACH-1941fdfe:1532ac394a0:-7f79','APPROVED','SECB','SEC BATTERIES'),('MACH-1941fdfe:1532ac394a0:-7f8a','APPROVED','ANTS','ANTENNA 3 SECTOR'),('MACH-1941fdfe:1532ac394a0:-7f9b','APPROVED','STDA','STD ANTENNA'),('MACH-1941fdfe:1532ac394a0:-7fa9','APPROVED','HSRT','HSB RADIO TERMINAL'),('MACH-1941fdfe:1532ac394a0:-7fc3','APPROVED','BTSA','BTS ANTENNA'),('MACH-1d573228:149e7fe512e:-6ce9','APPROVED','DEWD','DEEP WELL DRILLING'),('MACH-1d573228:149e7fe512e:-6cf2','APPROVED','DEWP','DEEP WELL PROPPING'),('MACH-1d573228:149e7fe512e:-6d18','APPROVED','SUBM','SUBMERSIBLE PUMP'),('MACH-1d573228:149e7fe512e:-6d24','APPROVED','PUMA','PUMP MACHINE'),('MACH-1d573228:149e7fe512e:-6d2d','APPROVED','CALI','CALIBRATOR'),('MACH-1d573228:149e7fe512e:-6d81','APPROVED','DRYR','DRYER'),('MACH-1d573228:149e7fe512e:-6d8f','APPROVED','SORT','SORTING MACHINE'),('MACH-1d573228:149e7fe512e:-6db9','APPROVED','CHIL','CHILLER'),('MACH-1d573228:149e7fe512e:-6dc6','APPROVED','GEEQ','GENERATOR & POWER EQUIPMENT'),('MACH-1d573228:149e7fe512e:-6dcf','APPROVED','PAEQ','PACKING EQUIPMENT'),('MACH-1d573228:149e7fe512e:-6dd8','APPROVED','WSCA','WEIGHING SCALE'),('MACH-1d573228:149e7fe512e:-6de1','APPROVED','JETP','JET PUMP'),('MACH-1d573228:149e7fe512e:-6dea','APPROVED','POEQ','POWER EQUIPMENT'),('MACH-1d573228:149e7fe512e:-6e0c','APPROVED','MACR','MACRO MOBILE BANANA PROCESSOR'),('MACH-1d573228:149e7fe512e:-6e15','APPROVED','MINI','MINI MOBILE BANANA PROCESSOR'),('MACH-1d573228:149e7fe512e:-6e32','APPROVED','WATS','WATER TREATMENT SYSTEM'),('MACH-1d573228:149e7fe512e:-6e40','APPROVED','SCRE','SCREEDER'),('MACH-1d573228:149e7fe512e:-6e49','APPROVED','CHEM','CHEMICAL MIXING EQUIPMENT'),('MACH-1d573228:149e7fe512e:-7038','APPROVED','MIPU','MIXING PUMP'),('MACH-1d573228:149e7fe512e:-7041','APPROVED','TRCA','TRANSFORMER CAGE'),('MACH-1d573228:149e7fe512e:-7070','APPROVED','EXMA','EXTRUDER MACHINE'),('MACH-1d573228:149e7fe512e:-708b','APPROVED','POLI','POLISHER'),('MACH-1d573228:149e7fe512e:-7094','APPROVED','RIHO','RICE HOLLER'),('MACH-1d573228:149e7fe512e:-709d','APPROVED','CONO','BABY CONO'),('MACH-1d573228:149e7fe512e:-70a6','APPROVED','GRIN','GRINDER'),('MACH-1d573228:149e7fe512e:-70af','APPROVED','MOEN','MOTOR ENGINE WITH ACCESSORIES'),('MACH-1d573228:149e7fe512e:-70b8','APPROVED','ENGI','ENGINE SET WITH APPARATUS'),('MACH-1d573228:149e7fe512e:-70ca','APPROVED','RORO','ROUGH ROLLER'),('MACH-1d573228:149e7fe512e:-70ea','APPROVED','RIMI','RICE MILL MACHINE'),('MACH-1d573228:149e7fe512e:-70f3','APPROVED','COMI','CORN MILL MACHINE'),('MACH-1d573228:149e7fe512e:-70fc','APPROVED','AIRC','AIRCONDITION UNIT'),('MACH-1d573228:149e7fe512e:-7105','APPROVED','BTSE','BTS EQUIPMENT'),('MACH-1d573228:149e7fe512e:-710e','APPROVED','FEED','FEEDERS'),('MACH-1d573228:149e7fe512e:-7117','APPROVED','RECT','RECTIFIERS'),('MACH-1d573228:149e7fe512e:-7120','APPROVED','MICRO','MICROVE RADIUS'),('MACH-1d573228:149e7fe512e:-7129','APPROVED','ALAR','ALARM'),('MACH-1d573228:149e7fe512e:-7141','APPROVED','CETO','CELLULAR TOWER'),('MACH-1d573228:149e7fe512e:-7179','APPROVED','COND','CONDENSER'),('MACH-1d573228:149e7fe512e:-7182','APPROVED','COMP','COMPRESSOR'),('MACH-1d573228:149e7fe512e:-718b','APPROVED','AGIT','AGITATOR'),('MACH-1d573228:149e7fe512e:-7194','APPROVED','TROL','TROLLEY'),('MACH-1d573228:149e7fe512e:-719d','APPROVED','TOWE','TOWER'),('MACH-1d573228:149e7fe512e:-71be','APPROVED','TANK','TANK'),('MACH-1d573228:149e7fe512e:-71c7','APPROVED','WARE','WASTE REFILLER'),('MACH-1d573228:149e7fe512e:-71d3','APPROVED','WATA','WATER TANK'),('MACH-1d573228:149e7fe512e:-71e7','APPROVED','BLOW','BLOWER'),('MACH-1d573228:149e7fe512e:-71f5','APPROVED','VAGE','VAULT GENERATOR'),('MACH-1d573228:149e7fe512e:-720a','APPROVED','WASO','WATER SOFTENER'),('MACH-1d573228:149e7fe512e:-7213','APPROVED','BOIL','BOILER'),('MACH-1d573228:149e7fe512e:-721c','APPROVED','GLME','GLUE MIXING EQUIPMENT'),('MACH-1d573228:149e7fe512e:-722c','APPROVED','RECO','RE-CONDITIONER'),('MACH-1d573228:149e7fe512e:-7235','APPROVED','FAMA','FACER MACHINERY'),('MACH-1d573228:149e7fe512e:-723e','APPROVED','ROST','ROLL STAND'),('MACH-1d573228:149e7fe512e:-7247','APPROVED','DIDM','DIRECT DRIVE MODEL'),('MACH-1d573228:149e7fe512e:-7250','APPROVED','KNIF','KNIFE SINGLE AUTO DEON STACKER'),('MACH-1d573228:149e7fe512e:-7259','APPROVED','SLIT','SLITTER SCORER'),('MACH-1d573228:149e7fe512e:-726b','APPROVED','GLUE','GLUE MACHINERY'),('MACH-1d573228:149e7fe512e:-7274','APPROVED','HEAT','HEATER'),('MACH-1d573228:149e7fe512e:-727d','APPROVED','BRID','BRIDGE DOUBLE OVERHEAD'),('MACH-1d573228:149e7fe512e:-7286','APPROVED','SPLI','SPLICES MACHINE'),('MACH-1d573228:149e7fe512e:-728f','APPROVED','WAYC','WAY COATER'),('MACH-1d573228:149e7fe512e:-7298','APPROVED','TRIM','TRIM BLOWER & CHOPPER'),('MACH-1d573228:149e7fe512e:-72a1','APPROVED','AUBM','AUTOMATIC BAKER MACHINE'),('MACH-1d573228:149e7fe512e:-72aa','APPROVED','SHMA','SHREDDER MACHINE'),('MACH-1d573228:149e7fe512e:-72b3','APPROVED','READ','REFRIGERATED AIR DRYER'),('MACH-1d573228:149e7fe512e:-72bc','APPROVED','ROSC','ROTARY SCREW COMPRESSOR'),('MACH-1d573228:149e7fe512e:-72c5','APPROVED','WWTP','WATER WASTE TREATMENT PLANT'),('MACH-1d573228:149e7fe512e:-72d5','APPROVED','STRA','STEE RACK'),('MACH-1d573228:149e7fe512e:-72de','APPROVED','LUFL','LUMINAR FLOW'),('MACH-1d573228:149e7fe512e:-72e7','APPROVED','MOTO','MOTOR PUMP'),('MACH-1d573228:149e7fe512e:-72f7','APPROVED','CVOL','CONTROL VOLTAGE'),('MACH-1d573228:149e7fe512e:-7300','APPROVED','ESYS','ELECTRIC LINE SYSTEM'),('MACH-1d573228:149e7fe512e:-7309','APPROVED','ELGE','ELECTRIC GENERATOR'),('MACH-1d573228:149e7fe512e:-7319','APPROVED','VOLT','VOLTAGE REGULATOR'),('MACH-1d573228:149e7fe512e:-7322','APPROVED','SYPB','SYNCHRONIZING PANEL BOARD'),('MACH-1d573228:149e7fe512e:-732b','APPROVED','TRLE','TRANSMISSION LINE EQUIPMENT'),('MACH-1d573228:149e7fe512e:-7334','APPROVED','COWI','COMPOUND WIRING'),('MACH-1d573228:149e7fe512e:-733d','APPROVED','KMTR','KILOWATT HOUR METER'),('MACH-1d573228:149e7fe512e:-7346','APPROVED','RADI','RADIO EQUIPMENT'),('MACH-1d573228:149e7fe512e:-7371','APPROVED','UNGT','UNDERGROUND TANK'),('MACH-1d573228:149e7fe512e:-7380','APPROVED','DIPU','DISPENSING PUMPS'),('MACH-1d573228:149e7fe512e:-7389','APPROVED','DIEP','DIESEL ENGINE POWER EQUIPMENT'),('MACH-1d573228:149e7fe512e:-7392','APPROVED','DEEP','DEEP WELL'),('MACH-1d573228:149e7fe512e:-73ab','APPROVED','STBA','STEEL BASE'),('MACH-1d573228:149e7fe512e:-73b4','APPROVED','HPCP','HIGH PRESSURE CLEANING PUMP'),('MACH-1d573228:149e7fe512e:-73cb','APPROVED','WASC','WATER SYSTEM COMPLEX'),('MACH-1d573228:149e7fe512e:-73dc','APPROVED','SNMA','SNAPPING MACHINE'),('MACH-1d573228:149e7fe512e:-73fb','APPROVED','MOPA','MOTOR PUMPS & ACCESSORIES'),('MACH-1d573228:149e7fe512e:-7404','APPROVED','SUPU','SUMP PUMP'),('MACH-1d573228:149e7fe512e:-740d','APPROVED','MIDR','MICRO-DRIP IRRIGATION SYSTEM'),('MACH-1d573228:149e7fe512e:-7416','APPROVED','PICC','PIPELINES & CONCRETE CANALS'),('MACH-1d573228:149e7fe512e:-741f','APPROVED','PIPE','PIPELINES'),('MACH-1d573228:149e7fe512e:-7428','APPROVED','PUAC','PUMP & ACCESSORIES'),('MACH-1d573228:149e7fe512e:-7431','APPROVED','PEMA','PACKING EQUIPMENT MACHINERIES'),('MACH-1d573228:149e7fe512e:-743a','APPROVED','SHWP','SHALLOW WELL PUMP'),('MACH-1d573228:149e7fe512e:-7451','APPROVED','SPMA','STRAPPING MACHINE'),('MACH-1d573228:149e7fe512e:-745a','APPROVED','SKMA','STICKING MACHINE'),('MACH-1d573228:149e7fe512e:-7463','APPROVED','SPPU','SPRAY PUMP'),('MACH-1d573228:149e7fe512e:-746c','APPROVED','GRCO','GRAVITY CONVEYORS'),('MACH-1d573228:149e7fe512e:-7475','APPROVED','FLFS','FLAT FORM SCALES'),('MACH-1d573228:149e7fe512e:-747e','APPROVED','FLTA','FLOWTATION TANK'),('MACH-1d573228:149e7fe512e:-7487','APPROVED','ELMO','ELECTRIC MOTOR'),('MACH-1d573228:149e7fe512e:-7490','APPROVED','MEFP','MEDIA FILTERS PIPES'),('MACH-1d573228:149e7fe512e:-7499','APPROVED','TRAN','TRANSFORMER'),('MACH-1d573228:149e7fe512e:-74a2','APPROVED','AICO','AIR COMPRESSOR'),('MACH-1d573228:149e7fe512e:-74ab','APPROVED','STEE','STEEL TANK'),('MACH-1d573228:149e7fe512e:-74b6','APPROVED','ANTE','ANTENNA'),('MACH-1d573228:149e7fe512e:-74bf','APPROVED','PLAS','PLASTIC PELLETS MAKING MACHINE'),('MACH-1d573228:149e7fe512e:-74cd','APPROVED','DRIP','DRIP IRRIGATION'),('MACH-27a81c23:157eaef1e22:-6ac3','APPROVED','FLFT','FORKLIFT'),('MACH-2fb172f9:157d01141ac:-770e','APPROVED','FTNK','FUEL TANK'),('MACH-2fb172f9:157d01141ac:-771f','APPROVED','CTRN','CELLULAR TRANSMISSION'),('MACH-2fb172f9:157d01141ac:-7734','APPROVED','HMIL','HAMMER MILL'),('MACH-38f70c63:14c69d45960:-7fcd','APPROVED','ECUT','ELECTRIC CUTTER'),('MACH-38f70c63:14c69d45960:-7fd9','APPROVED','EPLN','ELECTRIC PLAINER'),('MACH-40823ba7:1561f63c331:-4a8d','APPROVED','BSTE','BST EQUIPMENT'),('MACH-40823ba7:1561f63c331:-4ac3','APPROVED','MWVE','MICROWAVE'),('MACH-40a81bb9:15923e08838:73b','APPROVED','GSTA','GASOLINE STATION'),('MACH-43fbdca7:14bc41f4676:-6cbb','APPROVED','AERI','AERIAL PROPPING SYSTEM'),('MACH-43fbdca7:14bc41f4676:-6cc7','APPROVED','GUYI','GUYING'),('MACH-4d44203a:14bc865709b:3ee7','APPROVED','MILL','MILL MACHINE'),('MACH-4f505546:15a44d9b839:-79c4','APPROVED','CBOT','CASHIER\'S BOOTH'),('MACH-52380a52:14c011e374a:-10ce','APPROVED','ELPU','ELECTRIC PUMP'),('MACH-5636f056:14cca5f8e24:-7fd8','APPROVED','ASPH','ASPHALT BATCHING PLANT'),('MACH-655bb946:14b991f861f:-3cc3','APPROVED','BXLC','BOX LIFT CONVEYOR WITH MOTOR'),('MACH-655bb946:14b991f861f:-3ccf','APPROVED','RJCM','REJECT CONVEYOR WITH MOTOR'),('MACH-655bb946:14b991f861f:-3cd8','APPROVED','FOGG','FOGGING SYSTEM'),('MACH-655bb946:14b991f861f:-3ce4','APPROVED','STIC','STICHING MACHINE'),('MACH-7f05f734:153c9ff0b57:-6bfe','APPROVED','GSTE','GASOLINE STATION EQUIPMENT'),('MACH-85e1e7:154f55838ee:-7b69','APPROVED','VULT','VAULT'),('MACH-85e1e7:154f55838ee:-7b75','APPROVED','JNTR','JOINTER'),('MACH-85e1e7:154f55838ee:-7b81','APPROVED','PLNR','PLAINER'),('MACH1491ab43:14d6fc2a071:-7fc2','APPROVED','ANVI','BLACKSMITH ANVIL & STAND'),('MACH1817c3b1:14c10b2141c:-7fce','APPROVED','FILT','FILTER TANK'),('MACH1817c3b1:14c10b2141c:-7fd7','APPROVED','GOUL','GOULD PUMP'),('MACH1d761657:14a978354ae:-7b07','APPROVED','MOPP','MOBILE PACKING PLANT'),('MACH1d761657:14a978354ae:-7b1a','APPROVED','DIMA','DISPENSING MACHINE'),('MACH1d761657:14a978354ae:-7b34','APPROVED','MASH','MACHINE SHED'),('MACH1e63c85d:159956c431b:-6561','APPROVED','HOPP','HYDRO OIL PUMP'),('MACH1e63c85d:159956c431b:-656d','APPROVED','PMCH','PRESSURE MACHINE'),('MACH1e63c85d:159956c431b:-6579','APPROVED','MMCH','MELTING MACHINE'),('MACH1f27a3d:1507d6ed654:-3902','APPROVED','MIXP','MIXING PLANT'),('MACH214f8a19:14cea2384cc:7fb','APPROVED','BAKE','BAKER MACHINE'),('MACH25003ed1:14c554e4ca8:-7f87','APPROVED','SAWC','BANDSAW WITH CARRIAGE'),('MACH25003ed1:14c554e4ca8:-7f93','APPROVED','GRNB','BENCH GRINDER'),('MACH25003ed1:14c554e4ca8:-7fa8','APPROVED','TSAW','TRIMMER SAW'),('MACH25003ed1:14c554e4ca8:-7fb4','APPROVED','SAWT','TABLE BANDSAW'),('MACH25003ed1:14c554e4ca8:-7fc0','APPROVED','BAND','BANDSAW'),('MACH25003ed1:14c554e4ca8:-7fcc','APPROVED','SAWM','MINI BANDSAW'),('MACH25003ed1:14c554e4ca8:-7fd8','APPROVED','CUTT','CUTTER'),('MACH43b7ada6:14fb5f2faab:-7640','APPROVED','COBS','CONVEYOR BELT SYSTEM'),('MACH467a8339:150e9d12355:-7ac3','APPROVED','MDTR','METAL DETECTOR'),('MACH5bcf4808:14cc541d92d:-1a9c','APPROVED','DRIL','DEEP WELL DRILLING & TEST PUMPING'),('MACH5bcf4808:14cc541d92d:-1e49','APPROVED','DWDT','DEEP WELL & TEST PUMPING'),('MACH5bcf4808:14cc541d92d:-1e55','APPROVED','APIP','AYING PIPE & DISTRIBUTION'),('MACH5bcf4808:14cc541d92d:-1e61','APPROVED','WATI','WATER TANK & IMPROVEMENTS'),('MACH5bcf4808:14cc541d92d:-1e6d','APPROVED','WAPI','WATER PUMP & IMPROVEMENTS'),('MACH5dc36edc:147eb035ac1:-7609','APPROVED','PUDI','PUMP DISPENSER'),('MACH5dc36edc:147eb035ac1:-7612','APPROVED','OVCP','OVERHEAD CABLE PROPPING'),('MACH71a4b1f7:147d72b1f11:-608c','APPROVED','AUTM','AUTOMATED TELLER MACHINE'),('MACH71a4b1f7:147d72b1f11:-60ae','APPROVED','WAPU','WATER PUMP'),('MACH71a4b1f7:147d72b1f11:-60c2','APPROVED','GSET','GENERATOR SET'),('MACH71a4b1f7:147d72b1f11:-60ce','APPROVED','CABL','CABLEWAYS'),('MACH7bb659d:14bfc00eb50:30c8','APPROVED','MDRY','MECHANIC DRYER'),('MACH7bb659d:14bfc00eb50:30d4','APPROVED','GRAN','GRANULATOR'),('MACH7bb659d:14bfc00eb50:30e0','APPROVED','PULV','PULVERIZER'),('MACH7bb659d:14bfc00eb50:30ec','APPROVED','TRUC','TRUCK SCALE');
/*!40000 ALTER TABLE `machine` ENABLE KEYS */;
UNLOCK TABLES;

--
-- Table structure for table `machine_smv`
--

DROP TABLE IF EXISTS `machine_smv`;
/*!40101 SET @saved_cs_client     = @@character_set_client */;
/*!40101 SET character_set_client = utf8 */;
CREATE TABLE `machine_smv` (
  `objid` varchar(50) NOT NULL,
  `parent_objid` varchar(50) NOT NULL,
  `machine_objid` varchar(50) NOT NULL,
  `expr` varchar(255) NOT NULL,
  `previd` varchar(50) DEFAULT NULL,
  PRIMARY KEY (`objid`),
  KEY `ix_machine_objid` (`machine_objid`),
  KEY `ix_parent_objid` (`parent_objid`),
  KEY `ix_previd` (`previd`),
  CONSTRAINT `machine_smv_ibfk_3` FOREIGN KEY (`parent_objid`) REFERENCES `machrysetting` (`objid`),
  CONSTRAINT `fk_machinesmv_machine` FOREIGN KEY (`machine_objid`) REFERENCES `machine` (`objid`),
  CONSTRAINT `fk_machinesmv_machinesmv` FOREIGN KEY (`previd`) REFERENCES `machine_smv` (`objid`),
  CONSTRAINT `fk_machinesmv_machrysetting` FOREIGN KEY (`parent_objid`) REFERENCES `machrysetting` (`objid`),
  CONSTRAINT `machine_smv_ibfk_1` FOREIGN KEY (`machine_objid`) REFERENCES `machine` (`objid`),
  CONSTRAINT `machine_smv_ibfk_2` FOREIGN KEY (`previd`) REFERENCES `machine_smv` (`objid`)
) ENGINE=InnoDB DEFAULT CHARSET=utf8;
/*!40101 SET character_set_client = @saved_cs_client */;

--
-- Dumping data for table `machine_smv`
--

LOCK TABLES `machine_smv` WRITE;
/*!40000 ALTER TABLE `machine_smv` DISABLE KEYS */;
/*!40000 ALTER TABLE `machine_smv` ENABLE KEYS */;
UNLOCK TABLES;

--
-- Table structure for table `machrpu`
--

DROP TABLE IF EXISTS `machrpu`;
/*!40101 SET @saved_cs_client     = @@character_set_client */;
/*!40101 SET character_set_client = utf8 */;
CREATE TABLE `machrpu` (
  `objid` varchar(50) NOT NULL,
  `landrpuid` varchar(50) DEFAULT NULL,
  `bldgmaster_objid` varchar(50) DEFAULT NULL,
  `smvid` varchar(50) DEFAULT NULL,
  `params` text,
  PRIMARY KEY (`objid`),
  KEY `FK_machrpu_landrpu` (`landrpuid`),
  CONSTRAINT `machrpu_ibfk_2` FOREIGN KEY (`objid`) REFERENCES `rpu` (`objid`),
  CONSTRAINT `machrpu_ibfk_1` FOREIGN KEY (`landrpuid`) REFERENCES `landrpu` (`objid`)
) ENGINE=InnoDB DEFAULT CHARSET=utf8;
/*!40101 SET character_set_client = @saved_cs_client */;

--
-- Dumping data for table `machrpu`
--

LOCK TABLES `machrpu` WRITE;
/*!40000 ALTER TABLE `machrpu` DISABLE KEYS */;
/*!40000 ALTER TABLE `machrpu` ENABLE KEYS */;
UNLOCK TABLES;

--
-- Table structure for table `machrysetting`
--

DROP TABLE IF EXISTS `machrysetting`;
/*!40101 SET @saved_cs_client     = @@character_set_client */;
/*!40101 SET character_set_client = utf8 */;
CREATE TABLE `machrysetting` (
  `objid` varchar(50) NOT NULL,
  `state` varchar(15) NOT NULL,
  `ry` int(11) NOT NULL,
  `previd` varchar(50) DEFAULT NULL,
  `appliedto` longtext,
  `residualrate` decimal(10,2) DEFAULT NULL,
  `remarks` varchar(200) DEFAULT NULL,
  `ordinanceno` varchar(25) DEFAULT NULL,
  `ordinancedate` date DEFAULT NULL,
  PRIMARY KEY (`objid`)
) ENGINE=InnoDB DEFAULT CHARSET=utf8;
/*!40101 SET character_set_client = @saved_cs_client */;

--
-- Dumping data for table `machrysetting`
--

LOCK TABLES `machrysetting` WRITE;
/*!40000 ALTER TABLE `machrysetting` DISABLE KEYS */;
/*!40000 ALTER TABLE `machrysetting` ENABLE KEYS */;
UNLOCK TABLES;

--
-- Table structure for table `machuse`
--

DROP TABLE IF EXISTS `machuse`;
/*!40101 SET @saved_cs_client     = @@character_set_client */;
/*!40101 SET character_set_client = utf8 */;
CREATE TABLE `machuse` (
  `objid` varchar(50) NOT NULL,
  `machrpuid` varchar(50) NOT NULL,
  `actualuse_objid` varchar(50) NOT NULL,
  `basemarketvalue` decimal(16,2) NOT NULL,
  `marketvalue` decimal(16,2) NOT NULL,
  `assesslevel` decimal(16,2) NOT NULL,
  `assessedvalue` decimal(16,2) NOT NULL,
  PRIMARY KEY (`objid`),
  KEY `FK_machuse_machassesslevel` (`actualuse_objid`),
  KEY `FK_machuse_machrpu` (`machrpuid`),
  CONSTRAINT `machuse_ibfk_2` FOREIGN KEY (`machrpuid`) REFERENCES `machrpu` (`objid`),
  CONSTRAINT `machuse_ibfk_1` FOREIGN KEY (`actualuse_objid`) REFERENCES `machassesslevel` (`objid`)
) ENGINE=InnoDB DEFAULT CHARSET=utf8;
/*!40101 SET character_set_client = @saved_cs_client */;

--
-- Dumping data for table `machuse`
--

LOCK TABLES `machuse` WRITE;
/*!40000 ALTER TABLE `machuse` DISABLE KEYS */;
/*!40000 ALTER TABLE `machuse` ENABLE KEYS */;
UNLOCK TABLES;

--
-- Table structure for table `material`
--

DROP TABLE IF EXISTS `material`;
/*!40101 SET @saved_cs_client     = @@character_set_client */;
/*!40101 SET character_set_client = utf8 */;
CREATE TABLE `material` (
  `objid` varchar(50) NOT NULL,
  `state` varchar(10) NOT NULL,
  `code` varchar(20) NOT NULL,
  `name` varchar(100) NOT NULL,
  PRIMARY KEY (`objid`),
  UNIQUE KEY `ux_material_code` (`code`),
  UNIQUE KEY `ux_material_name` (`name`),
  KEY `ix_material_state` (`state`)
) ENGINE=InnoDB DEFAULT CHARSET=utf8;
/*!40101 SET character_set_client = @saved_cs_client */;

--
-- Dumping data for table `material`
--

LOCK TABLES `material` WRITE;
/*!40000 ALTER TABLE `material` DISABLE KEYS */;
INSERT INTO `material` VALUES ('ALUM','APPROVED','ALUM','ALUMINUM'),('ANAH','APPROVED','ANAH','ANAHAW'),('ASBE','APPROVED','ASBE','ASBESTOS'),('BAMB','APPROVED','BAMB','BAMBOO'),('BUAW','APPROVED','BUAW','BUILD-A-WALL'),('CDEC','APPROVED','CDEC','CONCRETE DECK'),('CHB','APPROVED','COHB','CONCRETE HOLLOW BLOCK'),('COGO','APPROVED','COGO','COGON'),('GISHEET','APPROVED','GISH','G.I. SHEET'),('LSPA','APPROVED','LSPA','LONG SPAN'),('MARB','APPROVED','MARB','MARBLE'),('MAT-12ad08a1:14af095881c:-7d33','APPROVED','ROCE','ROUGH CEMENT'),('MAT-18a7635d:14b93645f4b:-57a8','APPROVED','CYCL','CYCLONE WIRE'),('MAT-18a7635d:14b93645f4b:-6ccc','APPROVED','OPEN','OPEN'),('MAT-1d573228:149e7fe512e:-306d','APPROVED','WTRU','WOOD TRUSS'),('MAT-1d573228:149e7fe512e:-6c9b','APPROVED','CPLA','CEMENT PLASTER'),('MAT-1d573228:149e7fe512e:-6ca4','APPROVED','ANAY','ANAY FINISHED'),('MAT-1d573228:149e7fe512e:-6cc3','APPROVED','CGSH','CORRIGATED G.I. SHEET'),('MAT-1d573228:149e7fe512e:-6ccc','APPROVED','CEME','CEMENT'),('MAT-1d573228:149e7fe512e:-6cdb','APPROVED','SOIL','SOIL'),('MAT-280b446a:14cbc2be75b:-6271','APPROVED','PPAI','PLAIN CEMENT WITH PAINT'),('MAT-388551fc:14a0be486c3:-2402','APPROVED','COCO','COCO LUMBER'),('MAT-388551fc:14a0be486c3:-240b','APPROVED','KALA','KALAKAT'),('MAT-393d49e8:16d41e25043:-7d01','APPROVED','WOJA','WOOD JALOUSIE'),('MAT-393d49e8:16d41e25043:-7d21','APPROVED','GLJA','GLASS JALOUSIE'),('MAT-393d49e8:16d41e25043:-7d47','APPROVED','FRWD','FRENCH TYPE WINDOW'),('MAT-393d49e8:16d41e25043:-7db2','APPROVED','SLGL','SLIDING GLASS'),('MAT-393d49e8:16d41e25043:-7dd2','APPROVED','WOPA','WOOD PANEL'),('MAT-5bd5808a:15f6fd875d7:-7a9a','APPROVED','GYPS','GYPSUM FALSE CEILING'),('MAT-5bd5808a:15f6fd875d7:-7acb','APPROVED','RSHG','ROOF SHINGLE'),('MAT-5bd5808a:15f6fd875d7:-7ae5','APPROVED','PPBD','PVC PANEL BOARD'),('MAT-5bd5808a:15f6fd875d7:-7b75','APPROVED','FCBD','FIBER CEMENT BOARD'),('MAT-5bd5808a:15f6fd875d7:-7b94','APPROVED','CPLY','CONCRETE PLYWOOD'),('MAT-5bd5808a:15f6fd875d7:-7bc2','APPROVED','WBAM','WOVEN BAMBOO'),('MAT-69ac76d2:16066e6cb29:-2fb5','APPROVED','PCST','PRECAST CONCRETE'),('MAT-78131492:15483defb99:-7ee5','APPROVED','ASPP','ASBESTOS PIPE'),('MAT-78131492:15483defb99:-7ef7','APPROVED','COPP','CONCRETE PIPE'),('MAT-78131492:15483defb99:-7f00','APPROVED','PVCP','PVC PIPE'),('MAT-78131492:15483defb99:-7f09','APPROVED','STPP','STEEL PIPE'),('MAT-78131492:15483defb99:-7f14','APPROVED','BXWR','FLEXIBLE METAL CONDUIT (BX WIRE)'),('MAT-78131492:15483defb99:-7f1d','APPROVED','OPWR','OPEN WIRING'),('MAT-78131492:15483defb99:-7f26','APPROVED','WDMD','WOOD MOULDING'),('MAT-78131492:15483defb99:-7f2f','APPROVED','MTMD','METAL MOULDING'),('MAT-78131492:15483defb99:-7f38','APPROVED','PVCC','PVC CONDUIT'),('MAT-78131492:15483defb99:-7f41','APPROVED','WOPN','WOODEN PANEL'),('MAT-78131492:15483defb99:-7f54','APPROVED','DRFX','DURAFLEX'),('MAT-78131492:15483defb99:-7f62','APPROVED','PLDR','PLASTIC DOOR'),('MAT-78131492:15483defb99:-7f70','APPROVED','GRLS','GRILLS'),('MAT-78131492:15483defb99:-7f7e','APPROVED','GLAS','GLASS'),('MAT-78131492:15483defb99:-7f96','APPROVED','CETI','CERAMIC TILE'),('MAT-78131492:15483defb99:-7fc0','APPROVED','STEL','STEEL'),('MAT-78131492:15483defb99:-7fce','APPROVED','PLCO','PLAIN CONCRETE'),('MAT214f8a19:14cea2384cc:-4203','APPROVED','SPLI','SPLIT WOOD'),('MAT34cebd50:1491f8d8c9d:-7fb6','APPROVED','AMAK','AMAKAN'),('MAT36b16c5:15440d79dfa:3c4a','APPROVED','LAWA','LAWANIT'),('MAT431e49c0:14b0a2d917e:-748f','APPROVED','RTGS','RIB TYPE GALVA STEEL'),('MAT553122f3:15e5996d254:-7e3e','APPROVED','HRDF','HARDIFLEX'),('MAT553122f3:15e5996d254:-7e5c','APPROVED','PVCL','PVC PANEL'),('MAT5aa3296d:16120b0367b:-6822','APPROVED','SPLT','STEEL PLATE'),('MAT5aa3296d:16120b0367b:-683d','APPROVED','GPNL','GLASS PANEL'),('MAT78789b8a:1480e4fa143:-7e27','APPROVED','PLYW','PLYWOOD'),('NIPA','APPROVED','NIPA','NIPA'),('PLCE','APPROVED','PLCE','PLAIN CEMENT'),('RECO','APPROVED','RECO','REINFORCED CONCRETE'),('SAWA','APPROVED','SAWA','SAWALI'),('TILE','APPROVED','TILE','TILES'),('WOOD','APPROVED','WOOD','WOOD');
/*!40000 ALTER TABLE `material` ENABLE KEYS */;
UNLOCK TABLES;

--
-- Table structure for table `mcsettlement`
--

DROP TABLE IF EXISTS `mcsettlement`;
/*!40101 SET @saved_cs_client     = @@character_set_client */;
/*!40101 SET character_set_client = utf8 */;
CREATE TABLE `mcsettlement` (
  `objid` varchar(50) NOT NULL,
  `state` varchar(25) DEFAULT NULL,
  `txnno` varchar(25) DEFAULT NULL,
  `effectivityyear` int(11) NOT NULL,
  `effectivityqtr` int(11) NOT NULL,
  `memoranda` text,
  `prevfaas_objid` varchar(50) DEFAULT NULL,
  `newfaas_objid` varchar(50) DEFAULT NULL,
  `newtdno` varchar(25) DEFAULT NULL,
  `signatories` text NOT NULL,
  `lgutype` varchar(25) NOT NULL,
  `lguid` varchar(50) NOT NULL,
  PRIMARY KEY (`objid`),
  KEY `ix_mcsettlement_state` (`state`),
  KEY `ix_mcsettlement_txnno` (`txnno`),
  KEY `newfaas_objid` (`newfaas_objid`),
  KEY `prevfaas_objid` (`prevfaas_objid`),
  CONSTRAINT `mcsettlement_ibfk_2` FOREIGN KEY (`prevfaas_objid`) REFERENCES `faas` (`objid`),
  CONSTRAINT `mcsettlement_ibfk_1` FOREIGN KEY (`newfaas_objid`) REFERENCES `faas` (`objid`)
) ENGINE=InnoDB DEFAULT CHARSET=utf8;
/*!40101 SET character_set_client = @saved_cs_client */;

--
-- Dumping data for table `mcsettlement`
--

LOCK TABLES `mcsettlement` WRITE;
/*!40000 ALTER TABLE `mcsettlement` DISABLE KEYS */;
/*!40000 ALTER TABLE `mcsettlement` ENABLE KEYS */;
UNLOCK TABLES;

--
-- Table structure for table `mcsettlement_affectedrpu`
--

DROP TABLE IF EXISTS `mcsettlement_affectedrpu`;
/*!40101 SET @saved_cs_client     = @@character_set_client */;
/*!40101 SET character_set_client = utf8 */;
CREATE TABLE `mcsettlement_affectedrpu` (
  `objid` varchar(50) NOT NULL,
  `mcsettlementid` varchar(50) NOT NULL,
  `rputype` varchar(15) NOT NULL,
  `prevfaas_objid` varchar(50) NOT NULL,
  `newfaas_objid` varchar(50) DEFAULT NULL,
  `newtdno` varchar(50) DEFAULT NULL,
  PRIMARY KEY (`objid`),
  KEY `ix_mcaffectedrpu_mcid` (`mcsettlementid`),
  KEY `ix_mcaffectedrpu_newfaas_objid` (`newfaas_objid`),
  KEY `ix_mcaffectedrpu_prevfaas_objid` (`prevfaas_objid`),
  CONSTRAINT `mcsettlement_affectedrpu_ibfk_3` FOREIGN KEY (`prevfaas_objid`) REFERENCES `faas` (`objid`),
  CONSTRAINT `mcsettlement_affectedrpu_ibfk_1` FOREIGN KEY (`mcsettlementid`) REFERENCES `mcsettlement` (`objid`),
  CONSTRAINT `mcsettlement_affectedrpu_ibfk_2` FOREIGN KEY (`newfaas_objid`) REFERENCES `faas` (`objid`)
) ENGINE=InnoDB DEFAULT CHARSET=utf8;
/*!40101 SET character_set_client = @saved_cs_client */;

--
-- Dumping data for table `mcsettlement_affectedrpu`
--

LOCK TABLES `mcsettlement_affectedrpu` WRITE;
/*!40000 ALTER TABLE `mcsettlement_affectedrpu` DISABLE KEYS */;
/*!40000 ALTER TABLE `mcsettlement_affectedrpu` ENABLE KEYS */;
UNLOCK TABLES;

--
-- Table structure for table `mcsettlement_otherclaim`
--

DROP TABLE IF EXISTS `mcsettlement_otherclaim`;
/*!40101 SET @saved_cs_client     = @@character_set_client */;
/*!40101 SET character_set_client = utf8 */;
CREATE TABLE `mcsettlement_otherclaim` (
  `objid` varchar(50) NOT NULL,
  `mcsettlementid` varchar(50) NOT NULL,
  `faas_objid` varchar(50) NOT NULL,
  PRIMARY KEY (`objid`),
  KEY `ix_mcotherclaim_faas_objid` (`faas_objid`),
  KEY `ix_mcotherclaim_mcid` (`mcsettlementid`),
  CONSTRAINT `mcsettlement_otherclaim_ibfk_2` FOREIGN KEY (`mcsettlementid`) REFERENCES `mcsettlement` (`objid`),
  CONSTRAINT `mcsettlement_otherclaim_ibfk_1` FOREIGN KEY (`faas_objid`) REFERENCES `faas` (`objid`)
) ENGINE=InnoDB DEFAULT CHARSET=utf8;
/*!40101 SET character_set_client = @saved_cs_client */;

--
-- Dumping data for table `mcsettlement_otherclaim`
--

LOCK TABLES `mcsettlement_otherclaim` WRITE;
/*!40000 ALTER TABLE `mcsettlement_otherclaim` DISABLE KEYS */;
/*!40000 ALTER TABLE `mcsettlement_otherclaim` ENABLE KEYS */;
UNLOCK TABLES;

--
-- Table structure for table `memoranda_template`
--

DROP TABLE IF EXISTS `memoranda_template`;
/*!40101 SET @saved_cs_client     = @@character_set_client */;
/*!40101 SET character_set_client = utf8 */;
CREATE TABLE `memoranda_template` (
  `objid` varchar(50) NOT NULL,
  `code` varchar(25) NOT NULL,
  `template` varchar(500) NOT NULL,
  `fields` text,
  PRIMARY KEY (`objid`)
) ENGINE=InnoDB DEFAULT CHARSET=utf8;
/*!40101 SET character_set_client = @saved_cs_client */;

--
-- Dumping data for table `memoranda_template`
--

LOCK TABLES `memoranda_template` WRITE;
/*!40000 ALTER TABLE `memoranda_template` DISABLE KEYS */;
/*!40000 ALTER TABLE `memoranda_template` ENABLE KEYS */;
UNLOCK TABLES;

--
-- Table structure for table `miscassesslevel`
--

DROP TABLE IF EXISTS `miscassesslevel`;
/*!40101 SET @saved_cs_client     = @@character_set_client */;
/*!40101 SET character_set_client = utf8 */;
CREATE TABLE `miscassesslevel` (
  `objid` varchar(50) NOT NULL,
  `miscrysettingid` varchar(50) NOT NULL,
  `classification_objid` varchar(50) DEFAULT NULL,
  `code` varchar(25) DEFAULT NULL,
  `name` varchar(50) NOT NULL,
  `fixrate` int(11) NOT NULL,
  `rate` decimal(10,2) NOT NULL,
  `previd` varchar(50) DEFAULT NULL,
  PRIMARY KEY (`objid`),
  KEY `FK_miscassesslevel_classification` (`classification_objid`),
  KEY `ix_miscassesslevel_previd` (`previd`),
  KEY `ix_previd` (`previd`),
  KEY `miscrysettingid` (`miscrysettingid`),
  CONSTRAINT `miscassesslevel_ibfk_2` FOREIGN KEY (`miscrysettingid`) REFERENCES `miscrysetting` (`objid`),
  CONSTRAINT `miscassesslevel_ibfk_1` FOREIGN KEY (`classification_objid`) REFERENCES `propertyclassification` (`objid`)
) ENGINE=InnoDB DEFAULT CHARSET=utf8;
/*!40101 SET character_set_client = @saved_cs_client */;

--
-- Dumping data for table `miscassesslevel`
--

LOCK TABLES `miscassesslevel` WRITE;
/*!40000 ALTER TABLE `miscassesslevel` DISABLE KEYS */;
/*!40000 ALTER TABLE `miscassesslevel` ENABLE KEYS */;
UNLOCK TABLES;

--
-- Table structure for table `miscassesslevelrange`
--

DROP TABLE IF EXISTS `miscassesslevelrange`;
/*!40101 SET @saved_cs_client     = @@character_set_client */;
/*!40101 SET character_set_client = utf8 */;
CREATE TABLE `miscassesslevelrange` (
  `objid` varchar(50) NOT NULL,
  `miscassesslevelid` varchar(50) NOT NULL,
  `miscrysettingid` varchar(50) NOT NULL,
  `mvfrom` decimal(16,2) NOT NULL,
  `mvto` decimal(16,2) NOT NULL,
  `rate` decimal(16,2) NOT NULL,
  PRIMARY KEY (`objid`),
  KEY `FK_miscassesslevelrange_miscassesslevel` (`miscassesslevelid`),
  KEY `FK_miscassesslevelrange_miscrysetting` (`miscrysettingid`),
  CONSTRAINT `miscassesslevelrange_ibfk_2` FOREIGN KEY (`miscrysettingid`) REFERENCES `miscrysetting` (`objid`),
  CONSTRAINT `miscassesslevelrange_ibfk_1` FOREIGN KEY (`miscassesslevelid`) REFERENCES `miscassesslevel` (`objid`)
) ENGINE=InnoDB DEFAULT CHARSET=utf8;
/*!40101 SET character_set_client = @saved_cs_client */;

--
-- Dumping data for table `miscassesslevelrange`
--

LOCK TABLES `miscassesslevelrange` WRITE;
/*!40000 ALTER TABLE `miscassesslevelrange` DISABLE KEYS */;
/*!40000 ALTER TABLE `miscassesslevelrange` ENABLE KEYS */;
UNLOCK TABLES;

--
-- Table structure for table `misccollectiontype`
--

DROP TABLE IF EXISTS `misccollectiontype`;
/*!40101 SET @saved_cs_client     = @@character_set_client */;
/*!40101 SET character_set_client = utf8 */;
CREATE TABLE `misccollectiontype` (
  `objid` varchar(50) NOT NULL,
  `fund_objid` varchar(50) DEFAULT NULL,
  PRIMARY KEY (`objid`)
) ENGINE=InnoDB DEFAULT CHARSET=utf8;
/*!40101 SET character_set_client = @saved_cs_client */;

--
-- Dumping data for table `misccollectiontype`
--

LOCK TABLES `misccollectiontype` WRITE;
/*!40000 ALTER TABLE `misccollectiontype` DISABLE KEYS */;
/*!40000 ALTER TABLE `misccollectiontype` ENABLE KEYS */;
UNLOCK TABLES;

--
-- Table structure for table `miscitem`
--

DROP TABLE IF EXISTS `miscitem`;
/*!40101 SET @saved_cs_client     = @@character_set_client */;
/*!40101 SET character_set_client = utf8 */;
CREATE TABLE `miscitem` (
  `objid` varchar(50) NOT NULL,
  `state` varchar(10) NOT NULL,
  `code` varchar(20) NOT NULL,
  `name` varchar(100) NOT NULL,
  PRIMARY KEY (`objid`),
  UNIQUE KEY `ux_miscitem_code` (`code`),
  UNIQUE KEY `ux_miscitem_name` (`name`),
  KEY `ix_miscitem_state` (`state`)
) ENGINE=InnoDB DEFAULT CHARSET=utf8;
/*!40101 SET character_set_client = @saved_cs_client */;

--
-- Dumping data for table `miscitem`
--

LOCK TABLES `miscitem` WRITE;
/*!40000 ALTER TABLE `miscitem` DISABLE KEYS */;
INSERT INTO `miscitem` VALUES ('PFEN','APPROVED','PFEN','PERIMETER FENCE'),('SOLA','APPROVED','SOLA','SOLAR DRYER');
/*!40000 ALTER TABLE `miscitem` ENABLE KEYS */;
UNLOCK TABLES;

--
-- Table structure for table `miscitemvalue`
--

DROP TABLE IF EXISTS `miscitemvalue`;
/*!40101 SET @saved_cs_client     = @@character_set_client */;
/*!40101 SET character_set_client = utf8 */;
CREATE TABLE `miscitemvalue` (
  `objid` varchar(50) NOT NULL,
  `miscrysettingid` varchar(50) NOT NULL,
  `miscitem_objid` varchar(50) NOT NULL,
  `expr` varchar(100) NOT NULL,
  `previd` varchar(50) DEFAULT NULL,
  PRIMARY KEY (`objid`),
  KEY `FK_miscitemvalue_miscitem` (`miscitem_objid`),
  KEY `ix_miscitemvalue_previd` (`previd`),
  KEY `ix_previd` (`previd`),
  KEY `miscrysettingid` (`miscrysettingid`),
  CONSTRAINT `miscitemvalue_ibfk_2` FOREIGN KEY (`miscrysettingid`) REFERENCES `miscrysetting` (`objid`),
  CONSTRAINT `miscitemvalue_ibfk_1` FOREIGN KEY (`miscitem_objid`) REFERENCES `miscitem` (`objid`)
) ENGINE=InnoDB DEFAULT CHARSET=utf8;
/*!40101 SET character_set_client = @saved_cs_client */;

--
-- Dumping data for table `miscitemvalue`
--

LOCK TABLES `miscitemvalue` WRITE;
/*!40000 ALTER TABLE `miscitemvalue` DISABLE KEYS */;
/*!40000 ALTER TABLE `miscitemvalue` ENABLE KEYS */;
UNLOCK TABLES;

--
-- Table structure for table `miscrpu`
--

DROP TABLE IF EXISTS `miscrpu`;
/*!40101 SET @saved_cs_client     = @@character_set_client */;
/*!40101 SET character_set_client = utf8 */;
CREATE TABLE `miscrpu` (
  `objid` varchar(50) NOT NULL,
  `actualuse_objid` varchar(50) DEFAULT NULL,
  `landrpuid` varchar(50) DEFAULT NULL,
  PRIMARY KEY (`objid`),
  KEY `FK_miscrpu_miscassesslevel` (`actualuse_objid`),
  CONSTRAINT `miscrpu_ibfk_2` FOREIGN KEY (`objid`) REFERENCES `rpu` (`objid`),
  CONSTRAINT `miscrpu_ibfk_1` FOREIGN KEY (`actualuse_objid`) REFERENCES `miscassesslevel` (`objid`)
) ENGINE=InnoDB DEFAULT CHARSET=utf8;
/*!40101 SET character_set_client = @saved_cs_client */;

--
-- Dumping data for table `miscrpu`
--

LOCK TABLES `miscrpu` WRITE;
/*!40000 ALTER TABLE `miscrpu` DISABLE KEYS */;
/*!40000 ALTER TABLE `miscrpu` ENABLE KEYS */;
UNLOCK TABLES;

--
-- Table structure for table `miscrpuitem`
--

DROP TABLE IF EXISTS `miscrpuitem`;
/*!40101 SET @saved_cs_client     = @@character_set_client */;
/*!40101 SET character_set_client = utf8 */;
CREATE TABLE `miscrpuitem` (
  `objid` varchar(50) NOT NULL,
  `miscrpuid` varchar(50) NOT NULL,
  `miv_objid` varchar(50) NOT NULL,
  `miscitem_objid` varchar(50) NOT NULL,
  `expr` varchar(255) NOT NULL,
  `depreciation` decimal(16,2) NOT NULL,
  `depreciatedvalue` decimal(16,2) NOT NULL,
  `basemarketvalue` decimal(16,2) NOT NULL,
  `marketvalue` decimal(16,2) NOT NULL,
  `assesslevel` decimal(16,2) NOT NULL,
  `assessedvalue` decimal(16,2) NOT NULL,
  PRIMARY KEY (`objid`),
  KEY `FK_miscrpuitem_miscitem` (`miscitem_objid`),
  KEY `FK_miscrpuitem_miscitemvalue` (`miv_objid`),
  KEY `FK_miscrpuitem_miscrpu` (`miscrpuid`),
  CONSTRAINT `miscrpuitem_ibfk_3` FOREIGN KEY (`miscrpuid`) REFERENCES `miscrpu` (`objid`),
  CONSTRAINT `miscrpuitem_ibfk_1` FOREIGN KEY (`miscitem_objid`) REFERENCES `miscitem` (`objid`),
  CONSTRAINT `miscrpuitem_ibfk_2` FOREIGN KEY (`miv_objid`) REFERENCES `miscitemvalue` (`objid`)
) ENGINE=InnoDB DEFAULT CHARSET=utf8;
/*!40101 SET character_set_client = @saved_cs_client */;

--
-- Dumping data for table `miscrpuitem`
--

LOCK TABLES `miscrpuitem` WRITE;
/*!40000 ALTER TABLE `miscrpuitem` DISABLE KEYS */;
/*!40000 ALTER TABLE `miscrpuitem` ENABLE KEYS */;
UNLOCK TABLES;

--
-- Table structure for table `miscrpuitem_rptparameter`
--

DROP TABLE IF EXISTS `miscrpuitem_rptparameter`;
/*!40101 SET @saved_cs_client     = @@character_set_client */;
/*!40101 SET character_set_client = utf8 */;
CREATE TABLE `miscrpuitem_rptparameter` (
  `miscrpuitemid` varchar(50) NOT NULL,
  `param_objid` varchar(50) NOT NULL,
  `miscrpuid` varchar(50) NOT NULL,
  `intvalue` int(11) DEFAULT NULL,
  `decimalvalue` decimal(16,2) NOT NULL,
  PRIMARY KEY (`miscrpuitemid`,`param_objid`),
  KEY `FK_miscrpuitem_rptparameter_` (`miscrpuid`),
  KEY `FK_miscrpuitem_rptparameter_rptparamer` (`param_objid`),
  CONSTRAINT `miscrpuitem_rptparameter_ibfk_3` FOREIGN KEY (`param_objid`) REFERENCES `rptparameter` (`objid`),
  CONSTRAINT `miscrpuitem_rptparameter_ibfk_1` FOREIGN KEY (`miscrpuid`) REFERENCES `miscrpu` (`objid`),
  CONSTRAINT `miscrpuitem_rptparameter_ibfk_2` FOREIGN KEY (`miscrpuitemid`) REFERENCES `miscrpuitem` (`objid`)
) ENGINE=InnoDB DEFAULT CHARSET=utf8;
/*!40101 SET character_set_client = @saved_cs_client */;

--
-- Dumping data for table `miscrpuitem_rptparameter`
--

LOCK TABLES `miscrpuitem_rptparameter` WRITE;
/*!40000 ALTER TABLE `miscrpuitem_rptparameter` DISABLE KEYS */;
/*!40000 ALTER TABLE `miscrpuitem_rptparameter` ENABLE KEYS */;
UNLOCK TABLES;

--
-- Table structure for table `miscrysetting`
--

DROP TABLE IF EXISTS `miscrysetting`;
/*!40101 SET @saved_cs_client     = @@character_set_client */;
/*!40101 SET character_set_client = utf8 */;
CREATE TABLE `miscrysetting` (
  `objid` varchar(50) NOT NULL,
  `state` varchar(15) NOT NULL,
  `ry` int(11) NOT NULL,
  `previd` varchar(50) DEFAULT NULL,
  `appliedto` longtext,
  `remarks` varchar(200) DEFAULT NULL,
  `ordinanceno` varchar(25) DEFAULT NULL,
  `ordinancedate` date DEFAULT NULL,
  PRIMARY KEY (`objid`),
  KEY `ix_miscrysetting_ry` (`ry`),
  KEY `ix_miscrysetting_state` (`state`)
) ENGINE=InnoDB DEFAULT CHARSET=utf8;
/*!40101 SET character_set_client = @saved_cs_client */;

--
-- Dumping data for table `miscrysetting`
--

LOCK TABLES `miscrysetting` WRITE;
/*!40000 ALTER TABLE `miscrysetting` DISABLE KEYS */;
/*!40000 ALTER TABLE `miscrysetting` ENABLE KEYS */;
UNLOCK TABLES;

--
-- Table structure for table `municipality`
--

DROP TABLE IF EXISTS `municipality`;
/*!40101 SET @saved_cs_client     = @@character_set_client */;
/*!40101 SET character_set_client = utf8 */;
CREATE TABLE `municipality` (
  `objid` varchar(50) NOT NULL,
  `state` varchar(10) DEFAULT NULL,
  `indexno` varchar(15) DEFAULT NULL,
  `pin` varchar(15) DEFAULT NULL,
  `name` varchar(50) DEFAULT NULL,
  `previd` varchar(50) DEFAULT NULL,
  `parentid` varchar(50) DEFAULT NULL,
  `mayor_name` varchar(100) DEFAULT NULL,
  `mayor_title` varchar(50) DEFAULT NULL,
  `mayor_office` varchar(50) DEFAULT NULL,
  `assessor_name` varchar(100) DEFAULT NULL,
  `assessor_title` varchar(50) DEFAULT NULL,
  `assessor_office` varchar(50) DEFAULT NULL,
  `treasurer_name` varchar(100) DEFAULT NULL,
  `treasurer_title` varchar(50) DEFAULT NULL,
  `treasurer_office` varchar(50) DEFAULT NULL,
  `address` varchar(100) DEFAULT NULL,
  `fullname` varchar(50) DEFAULT NULL,
  PRIMARY KEY (`objid`),
  KEY `ix_indexno` (`indexno`),
  KEY `ix_parentid` (`parentid`),
  KEY `ix_pin` (`pin`),
  KEY `ix_previd` (`previd`),
  CONSTRAINT `fk_municipality_org` FOREIGN KEY (`objid`) REFERENCES `sys_org` (`objid`)
) ENGINE=InnoDB DEFAULT CHARSET=utf8;
/*!40101 SET character_set_client = @saved_cs_client */;

--
-- Dumping data for table `municipality`
--

LOCK TABLES `municipality` WRITE;
/*!40000 ALTER TABLE `municipality` DISABLE KEYS */;
INSERT INTO `municipality` VALUES ('07603','DRAFT','03','076-03','KIAMBA',NULL,'076',NULL,'MAYOR','OFFICE OF THE MAYOR',NULL,'MUNICIPAL ASSESSOR','OFFICE OF THE MUNICIPAL ASSESSOR',NULL,'MUNICIPAL TREASURER','OFFICE OF THE MUNICIPAL TREASURER',NULL,'MUNICIPALITY OF KIAMBA');
/*!40000 ALTER TABLE `municipality` ENABLE KEYS */;
UNLOCK TABLES;

--
-- Table structure for table `municipality_taxaccount_mapping`
--

DROP TABLE IF EXISTS `municipality_taxaccount_mapping`;
/*!40101 SET @saved_cs_client     = @@character_set_client */;
/*!40101 SET character_set_client = utf8 */;
CREATE TABLE `municipality_taxaccount_mapping` (
  `lguid` varchar(50) NOT NULL,
  `basicadvacct_objid` varchar(50) DEFAULT NULL,
  `basicprevacct_objid` varchar(50) DEFAULT NULL,
  `basicprevintacct_objid` varchar(50) DEFAULT NULL,
  `basicprioracct_objid` varchar(50) DEFAULT NULL,
  `basicpriorintacct_objid` varchar(50) DEFAULT NULL,
  `basiccurracct_objid` varchar(50) DEFAULT NULL,
  `basiccurrintacct_objid` varchar(50) DEFAULT NULL,
  `sefadvacct_objid` varchar(50) DEFAULT NULL,
  `sefprevacct_objid` varchar(50) DEFAULT NULL,
  `sefprevintacct_objid` varchar(50) DEFAULT NULL,
  `sefprioracct_objid` varchar(50) DEFAULT NULL,
  `sefpriorintacct_objid` varchar(50) DEFAULT NULL,
  `sefcurracct_objid` varchar(50) DEFAULT NULL,
  `sefcurrintacct_objid` varchar(50) DEFAULT NULL,
  `basicidlecurracct_objid` varchar(50) DEFAULT NULL,
  `basicidlecurrintacct_objid` varchar(50) DEFAULT NULL,
  `basicidleprevacct_objid` varchar(50) DEFAULT NULL,
  `basicidleprevintacct_objid` varchar(50) DEFAULT NULL,
  `basicidleadvacct_objid` varchar(50) DEFAULT NULL,
  PRIMARY KEY (`lguid`)
) ENGINE=InnoDB DEFAULT CHARSET=utf8;
/*!40101 SET character_set_client = @saved_cs_client */;

--
-- Dumping data for table `municipality_taxaccount_mapping`
--

LOCK TABLES `municipality_taxaccount_mapping` WRITE;
/*!40000 ALTER TABLE `municipality_taxaccount_mapping` DISABLE KEYS */;
/*!40000 ALTER TABLE `municipality_taxaccount_mapping` ENABLE KEYS */;
UNLOCK TABLES;

--
-- Table structure for table `ngas_revenue_mapping`
--

DROP TABLE IF EXISTS `ngas_revenue_mapping`;
/*!40101 SET @saved_cs_client     = @@character_set_client */;
/*!40101 SET character_set_client = utf8 */;
CREATE TABLE `ngas_revenue_mapping` (
  `objid` varchar(50) NOT NULL,
  `version` varchar(10) DEFAULT NULL,
  `revenueitemid` varchar(50) DEFAULT NULL,
  `acctid` varchar(50) NOT NULL,
  PRIMARY KEY (`objid`),
  UNIQUE KEY `uix_revenueitem_ngasacctid` (`version`,`revenueitemid`,`acctid`),
  KEY `ix_acctid` (`acctid`),
  KEY `ix_revenueitemid` (`revenueitemid`),
  CONSTRAINT `fk_revenue_mapping_revenueitemid` FOREIGN KEY (`revenueitemid`) REFERENCES `itemaccount` (`objid`),
  CONSTRAINT `fk_ngas_revenue_mapping_acctid` FOREIGN KEY (`acctid`) REFERENCES `ngasaccount` (`objid`),
  CONSTRAINT `fk_ngas_revenue_mapping_revenueitemid` FOREIGN KEY (`revenueitemid`) REFERENCES `itemaccount` (`objid`),
  CONSTRAINT `fk_revenue_mapping_ngasaccount` FOREIGN KEY (`acctid`) REFERENCES `ngasaccount` (`objid`)
) ENGINE=InnoDB DEFAULT CHARSET=utf8;
/*!40101 SET character_set_client = @saved_cs_client */;

--
-- Dumping data for table `ngas_revenue_mapping`
--

LOCK TABLES `ngas_revenue_mapping` WRITE;
/*!40000 ALTER TABLE `ngas_revenue_mapping` DISABLE KEYS */;
/*!40000 ALTER TABLE `ngas_revenue_mapping` ENABLE KEYS */;
UNLOCK TABLES;

--
-- Table structure for table `ngasaccount`
--

DROP TABLE IF EXISTS `ngasaccount`;
/*!40101 SET @saved_cs_client     = @@character_set_client */;
/*!40101 SET character_set_client = utf8 */;
CREATE TABLE `ngasaccount` (
  `objid` varchar(50) NOT NULL,
  `parentid` varchar(50) DEFAULT NULL,
  `state` varchar(10) DEFAULT NULL,
  `chartid` varchar(50) DEFAULT NULL,
  `code` varchar(50) DEFAULT NULL,
  `title` varchar(255) DEFAULT NULL,
  `type` varchar(20) DEFAULT NULL,
  `acctgroup` varchar(50) DEFAULT NULL,
  `target` decimal(12,2) DEFAULT NULL,
  PRIMARY KEY (`objid`),
  KEY `ix_chartid` (`chartid`),
  KEY `ix_code` (`code`),
  KEY `ix_parentid` (`parentid`),
  KEY `ix_title` (`title`),
  CONSTRAINT `fk_ngasaccount_parentid` FOREIGN KEY (`parentid`) REFERENCES `ngasaccount` (`objid`)
) ENGINE=InnoDB DEFAULT CHARSET=utf8;
/*!40101 SET character_set_client = @saved_cs_client */;

--
-- Dumping data for table `ngasaccount`
--

LOCK TABLES `ngasaccount` WRITE;
/*!40000 ALTER TABLE `ngasaccount` DISABLE KEYS */;
/*!40000 ALTER TABLE `ngasaccount` ENABLE KEYS */;
UNLOCK TABLES;

--
-- Table structure for table `online_business_application`
--

DROP TABLE IF EXISTS `online_business_application`;
/*!40101 SET @saved_cs_client     = @@character_set_client */;
/*!40101 SET character_set_client = utf8 */;
CREATE TABLE `online_business_application` (
  `objid` varchar(50) NOT NULL,
  `state` varchar(20) NOT NULL,
  `dtcreated` datetime NOT NULL,
  `createdby_objid` varchar(50) NOT NULL,
  `createdby_name` varchar(100) NOT NULL,
  `controlno` varchar(25) NOT NULL,
  `prevapplicationid` varchar(50) NOT NULL,
  `business_objid` varchar(50) NOT NULL,
  `appyear` int(11) NOT NULL,
  `apptype` varchar(20) NOT NULL,
  `appdate` date NOT NULL,
  `lobs` text NOT NULL,
  `infos` longtext NOT NULL,
  `requirements` longtext NOT NULL,
  `step` int(11) NOT NULL DEFAULT '0',
  `dtapproved` datetime DEFAULT NULL,
  `approvedby_objid` varchar(50) DEFAULT NULL,
  `approvedby_name` varchar(150) DEFAULT NULL,
  `approvedappno` varchar(25) DEFAULT NULL,
  `contact_name` varchar(255) NOT NULL,
  `contact_address` varchar(255) NOT NULL,
  `contact_email` varchar(255) NOT NULL,
  `contact_mobileno` varchar(15) DEFAULT NULL,
  `partnername` varchar(50) NOT NULL,
  PRIMARY KEY (`objid`),
  KEY `ix_appdate` (`appdate`),
  KEY `ix_approvedby_name` (`approvedby_name`),
  KEY `ix_approvedby_objid` (`approvedby_objid`),
  KEY `ix_appyear` (`appyear`),
  KEY `ix_business_objid` (`business_objid`),
  KEY `ix_controlno` (`controlno`),
  KEY `ix_dtapproved` (`dtapproved`),
  KEY `ix_dtcreated` (`dtcreated`),
  KEY `ix_prevapplicationid` (`prevapplicationid`),
  KEY `ix_state` (`state`),
  CONSTRAINT `fk_online_business_application_prevapplicationid` FOREIGN KEY (`prevapplicationid`) REFERENCES `business_application` (`objid`),
  CONSTRAINT `fk_online_business_application_business_objid` FOREIGN KEY (`business_objid`) REFERENCES `business` (`objid`)
) ENGINE=InnoDB DEFAULT CHARSET=utf8;
/*!40101 SET character_set_client = @saved_cs_client */;

--
-- Dumping data for table `online_business_application`
--

LOCK TABLES `online_business_application` WRITE;
/*!40000 ALTER TABLE `online_business_application` DISABLE KEYS */;
/*!40000 ALTER TABLE `online_business_application` ENABLE KEYS */;
UNLOCK TABLES;

--
-- Table structure for table `payable_ledger`
--

DROP TABLE IF EXISTS `payable_ledger`;
/*!40101 SET @saved_cs_client     = @@character_set_client */;
/*!40101 SET character_set_client = utf8 */;
CREATE TABLE `payable_ledger` (
  `objid` varchar(50) NOT NULL,
  `jevid` varchar(150) DEFAULT NULL,
  `refitemacctid` varchar(50) DEFAULT NULL,
  `itemacctid` varchar(50) NOT NULL,
  `dr` decimal(16,4) DEFAULT NULL,
  `cr` decimal(16,4) DEFAULT NULL,
  PRIMARY KEY (`objid`),
  KEY `ix_itemacctid` (`itemacctid`),
  KEY `ix_jevid` (`jevid`),
  KEY `ix_refitemacctid` (`refitemacctid`),
  CONSTRAINT `fk_payable_ledger_jevid` FOREIGN KEY (`jevid`) REFERENCES `jev` (`objid`)
) ENGINE=InnoDB DEFAULT CHARSET=utf8;
/*!40101 SET character_set_client = @saved_cs_client */;

--
-- Dumping data for table `payable_ledger`
--

LOCK TABLES `payable_ledger` WRITE;
/*!40000 ALTER TABLE `payable_ledger` DISABLE KEYS */;
/*!40000 ALTER TABLE `payable_ledger` ENABLE KEYS */;
UNLOCK TABLES;

--
-- Table structure for table `paymentorder`
--

DROP TABLE IF EXISTS `paymentorder`;
/*!40101 SET @saved_cs_client     = @@character_set_client */;
/*!40101 SET character_set_client = utf8 */;
CREATE TABLE `paymentorder` (
  `objid` varchar(50) NOT NULL,
  `txndate` datetime DEFAULT NULL,
  `payer_objid` varchar(50) DEFAULT NULL,
  `payer_name` text,
  `paidby` text,
  `paidbyaddress` varchar(150) DEFAULT NULL,
  `particulars` text,
  `amount` decimal(16,2) DEFAULT NULL,
  `expirydate` date DEFAULT NULL,
  `refid` varchar(50) DEFAULT NULL,
  `refno` varchar(50) DEFAULT NULL,
  `info` text,
  `locationid` varchar(50) DEFAULT NULL,
  `origin` varchar(50) DEFAULT NULL,
  `issuedby_objid` varchar(50) DEFAULT NULL,
  `issuedby_name` varchar(150) DEFAULT NULL,
  `org_objid` varchar(50) DEFAULT NULL,
  `org_name` varchar(255) DEFAULT NULL,
  `items` text,
  `queueid` varchar(50) DEFAULT NULL,
  `paymentordertype_objid` varchar(50) DEFAULT NULL,
  `controlno` varchar(50) DEFAULT NULL,
  PRIMARY KEY (`objid`),
  KEY `ix_issuedby_name` (`issuedby_name`),
  KEY `ix_issuedby_objid` (`issuedby_objid`),
  KEY `ix_locationid` (`locationid`),
  KEY `ix_org_name` (`org_name`),
  KEY `ix_org_objid` (`org_objid`),
  KEY `ix_paymentordertype_objid` (`paymentordertype_objid`),
  KEY `ix_txndate` (`txndate`),
  CONSTRAINT `fk_paymentorder_paymentordertype_objid` FOREIGN KEY (`paymentordertype_objid`) REFERENCES `paymentorder_type` (`objid`)
) ENGINE=InnoDB DEFAULT CHARSET=utf8;
/*!40101 SET character_set_client = @saved_cs_client */;

--
-- Dumping data for table `paymentorder`
--

LOCK TABLES `paymentorder` WRITE;
/*!40000 ALTER TABLE `paymentorder` DISABLE KEYS */;
/*!40000 ALTER TABLE `paymentorder` ENABLE KEYS */;
UNLOCK TABLES;

--
-- Table structure for table `paymentorder_paid`
--

DROP TABLE IF EXISTS `paymentorder_paid`;
/*!40101 SET @saved_cs_client     = @@character_set_client */;
/*!40101 SET character_set_client = utf8 */;
CREATE TABLE `paymentorder_paid` (
  `objid` varchar(50) NOT NULL,
  `txndate` datetime DEFAULT NULL,
  `payer_objid` varchar(50) DEFAULT NULL,
  `payer_name` text,
  `paidby` text,
  `paidbyaddress` varchar(150) DEFAULT NULL,
  `particulars` text,
  `amount` decimal(16,2) DEFAULT NULL,
  `refid` varchar(50) DEFAULT NULL,
  `refno` varchar(50) DEFAULT NULL,
  `info` text,
  `locationid` varchar(50) DEFAULT NULL,
  `origin` varchar(50) DEFAULT NULL,
  `issuedby_objid` varchar(50) DEFAULT NULL,
  `issuedby_name` varchar(150) DEFAULT NULL,
  `org_objid` varchar(50) DEFAULT NULL,
  `org_name` varchar(255) DEFAULT NULL,
  `items` text,
  `paymentordertype_objid` varchar(50) DEFAULT NULL,
  `controlno` varchar(50) DEFAULT NULL,
  PRIMARY KEY (`objid`),
  KEY `ix_issuedby_name` (`issuedby_name`),
  KEY `ix_issuedby_objid` (`issuedby_objid`),
  KEY `ix_locationid` (`locationid`),
  KEY `ix_org_name` (`org_name`),
  KEY `ix_org_objid` (`org_objid`),
  KEY `ix_paymentordertype_objid` (`paymentordertype_objid`),
  KEY `ix_txndate` (`txndate`),
  CONSTRAINT `fk_paymentorder_paid_paymentordertype_objid` FOREIGN KEY (`paymentordertype_objid`) REFERENCES `paymentorder_type` (`objid`)
) ENGINE=InnoDB DEFAULT CHARSET=utf8;
/*!40101 SET character_set_client = @saved_cs_client */;

--
-- Dumping data for table `paymentorder_paid`
--

LOCK TABLES `paymentorder_paid` WRITE;
/*!40000 ALTER TABLE `paymentorder_paid` DISABLE KEYS */;
/*!40000 ALTER TABLE `paymentorder_paid` ENABLE KEYS */;
UNLOCK TABLES;

--
-- Table structure for table `paymentorder_type`
--

DROP TABLE IF EXISTS `paymentorder_type`;
/*!40101 SET @saved_cs_client     = @@character_set_client */;
/*!40101 SET character_set_client = utf8 */;
CREATE TABLE `paymentorder_type` (
  `objid` varchar(50) NOT NULL,
  `title` varchar(150) DEFAULT NULL,
  `collectiontype_objid` varchar(50) DEFAULT NULL,
  `queuesection` varchar(50) DEFAULT NULL,
  `system` int(11) DEFAULT NULL,
  PRIMARY KEY (`objid`),
  KEY `fk_paymentorder_type_collectiontype` (`collectiontype_objid`),
  CONSTRAINT `paymentorder_type_ibfk_1` FOREIGN KEY (`collectiontype_objid`) REFERENCES `collectiontype` (`objid`)
) ENGINE=InnoDB DEFAULT CHARSET=utf8;
/*!40101 SET character_set_client = @saved_cs_client */;

--
-- Dumping data for table `paymentorder_type`
--

LOCK TABLES `paymentorder_type` WRITE;
/*!40000 ALTER TABLE `paymentorder_type` DISABLE KEYS */;
/*!40000 ALTER TABLE `paymentorder_type` ENABLE KEYS */;
UNLOCK TABLES;

--
-- Table structure for table `paymentorderitem`
--

DROP TABLE IF EXISTS `paymentorderitem`;
/*!40101 SET @saved_cs_client     = @@character_set_client */;
/*!40101 SET character_set_client = utf8 */;
CREATE TABLE `paymentorderitem` (
  `objid` varchar(50) NOT NULL,
  `parentid` varchar(50) NOT NULL,
  `item_objid` varchar(50) NOT NULL,
  `item_code` varchar(50) NOT NULL,
  `item_title` varchar(255) NOT NULL,
  `amount` decimal(16,2) DEFAULT NULL,
  `remarks` varchar(255) DEFAULT NULL,
  PRIMARY KEY (`objid`),
  KEY `ix_item_objid` (`item_objid`),
  KEY `ix_item_title` (`item_title`),
  KEY `ix_parentid` (`parentid`)
) ENGINE=InnoDB DEFAULT CHARSET=utf8;
/*!40101 SET character_set_client = @saved_cs_client */;

--
-- Dumping data for table `paymentorderitem`
--

LOCK TABLES `paymentorderitem` WRITE;
/*!40000 ALTER TABLE `paymentorderitem` DISABLE KEYS */;
/*!40000 ALTER TABLE `paymentorderitem` ENABLE KEYS */;
UNLOCK TABLES;

--
-- Table structure for table `paymentordertype`
--

DROP TABLE IF EXISTS `paymentordertype`;
/*!40101 SET @saved_cs_client     = @@character_set_client */;
/*!40101 SET character_set_client = utf8 */;
CREATE TABLE `paymentordertype` (
  `objid` varchar(50) NOT NULL,
  `title` varchar(255) NOT NULL,
  `handler` varchar(50) DEFAULT NULL,
  `sortorder` int(11) DEFAULT NULL,
  PRIMARY KEY (`objid`),
  KEY `ix_handler` (`handler`),
  KEY `ix_title` (`title`)
) ENGINE=InnoDB DEFAULT CHARSET=utf8;
/*!40101 SET character_set_client = @saved_cs_client */;

--
-- Dumping data for table `paymentordertype`
--

LOCK TABLES `paymentordertype` WRITE;
/*!40000 ALTER TABLE `paymentordertype` DISABLE KEYS */;
/*!40000 ALTER TABLE `paymentordertype` ENABLE KEYS */;
UNLOCK TABLES;

--
-- Table structure for table `pin`
--

DROP TABLE IF EXISTS `pin`;
/*!40101 SET @saved_cs_client     = @@character_set_client */;
/*!40101 SET character_set_client = utf8 */;
CREATE TABLE `pin` (
  `objid` varchar(50) NOT NULL,
  `state` varchar(20) NOT NULL,
  `barangayid` varchar(50) NOT NULL,
  PRIMARY KEY (`objid`),
  KEY `FK_lgu_barangay` (`barangayid`),
  KEY `ix_pin_state` (`state`),
  CONSTRAINT `pin_ibfk_1` FOREIGN KEY (`barangayid`) REFERENCES `barangay` (`objid`)
) ENGINE=InnoDB DEFAULT CHARSET=utf8;
/*!40101 SET character_set_client = @saved_cs_client */;

--
-- Dumping data for table `pin`
--

LOCK TABLES `pin` WRITE;
/*!40000 ALTER TABLE `pin` DISABLE KEYS */;
/*!40000 ALTER TABLE `pin` ENABLE KEYS */;
UNLOCK TABLES;

--
-- Table structure for table `planttree`
--

DROP TABLE IF EXISTS `planttree`;
/*!40101 SET @saved_cs_client     = @@character_set_client */;
/*!40101 SET character_set_client = utf8 */;
CREATE TABLE `planttree` (
  `objid` varchar(50) NOT NULL,
  `state` varchar(10) NOT NULL,
  `code` varchar(20) NOT NULL,
  `name` varchar(100) NOT NULL,
  PRIMARY KEY (`objid`),
  UNIQUE KEY `ux_planttree_code` (`code`),
  UNIQUE KEY `ux_planttree_name` (`name`),
  KEY `ix_planttree_state` (`state`)
) ENGINE=InnoDB DEFAULT CHARSET=utf8;
/*!40101 SET character_set_client = @saved_cs_client */;

--
-- Dumping data for table `planttree`
--

LOCK TABLES `planttree` WRITE;
/*!40000 ALTER TABLE `planttree` DISABLE KEYS */;
INSERT INTO `planttree` VALUES ('PT-1c66aa46:14f3a5d661e:-1a1c','APPROVED','SUNK','SUNKIST'),('PT-2cb2e946:147f4943e9a:-77e0','APPROVED','UPLA','UPLAND RICE'),('PT-2cb2e946:147f4943e9a:-77ee','APPROVED','STAR','STAR APPLE'),('PT-2cb2e946:147f4943e9a:-77fc','APPROVED','JACK','JACKFRUIT'),('PT-2cb2e946:147f4943e9a:-785a','APPROVED','SANT','SANTOL'),('PT-40c36a84:147d7147e85:-7e20','APPROVED','VEGE','VEGETABLE TRACK'),('PT-40c36a84:147d7147e85:-7e29','APPROVED','TREE','TREE FARM'),('PT-40c36a84:147d7147e85:-7e32','APPROVED','TIMB','TIMBER LAND'),('PT-40c36a84:147d7147e85:-7e3b','APPROVED','SWIN','SWINE LAND'),('PT-40c36a84:147d7147e85:-7e44','APPROVED','SWAM','SWAMPLAND'),('PT-40c36a84:147d7147e85:-7e4d','APPROVED','SOYB','SOYBEANS'),('PT-40c36a84:147d7147e85:-7e56','APPROVED','SORG','SORGHUM'),('PT-40c36a84:147d7147e85:-7e5f','APPROVED','RBBR','RUBBER'),('PT-40c36a84:147d7147e85:-7e68','APPROVED','ROOT','ROOTCROPS'),('PT-40c36a84:147d7147e85:-7e71','APPROVED','RIWO','RICE WITHOUT IRRIGATION'),('PT-40c36a84:147d7147e85:-7e7a','APPROVED','RIWI','RICE WITH IRRIGATION'),('PT-40c36a84:147d7147e85:-7e83','APPROVED','RAMI','RAMIE'),('PT-40c36a84:147d7147e85:-7e8c','APPROVED','RAMB','RAMBUTAN'),('PT-40c36a84:147d7147e85:-7e95','APPROVED','PMEL','POMELO'),('PT-40c36a84:147d7147e85:-7e9e','APPROVED','PINE','PINEAPPLE'),('PT-40c36a84:147d7147e85:-7eaa','APPROVED','PAST','PASTURE LAND'),('PT-40c36a84:147d7147e85:-7eb3','APPROVED','PAPA','PAPAYA'),('PT-40c36a84:147d7147e85:-7ebc','APPROVED','POIL','PALM OIL'),('PT-40c36a84:147d7147e85:-7ec5','APPROVED','ORCH','ORCHARD'),('PT-40c36a84:147d7147e85:-7ece','APPROVED','NIPA','NIPA'),('PT-40c36a84:147d7147e85:-7ed7','APPROVED','MARS','MARSH'),('PT-40c36a84:147d7147e85:-7ee0','APPROVED','MARA','MARANG'),('PT-40c36a84:147d7147e85:-7ee9','APPROVED','MROV','MANGROOVE'),('PT-40c36a84:147d7147e85:-7ef2','APPROVED','MSTN','MANGOSTEEN'),('PT-40c36a84:147d7147e85:-7efb','APPROVED','MANG','MANGO'),('PT-40c36a84:147d7147e85:-7f04','APPROVED','MAHO','MAHOGANY'),('PT-40c36a84:147d7147e85:-7f0d','APPROVED','LANZ','LANZONES'),('PT-40c36a84:147d7147e85:-7f16','APPROVED','IPIL','IPIL-IPIL'),('PT-40c36a84:147d7147e85:-7f1f','APPROVED','GEME','GEMELINA'),('PT-40c36a84:147d7147e85:-7f28','APPROVED','FORE','FOREST LAND'),('PT-40c36a84:147d7147e85:-7f31','APPROVED','FLOW','FLOWER LAND'),('PT-40c36a84:147d7147e85:-7f4a','APPROVED','FISI','FISHPOND INLAND'),('PT-40c36a84:147d7147e85:-7f53','APPROVED','FISH','FISHPOND'),('PT-40c36a84:147d7147e85:-7f5c','APPROVED','FALC','FALCATA'),('PT-40c36a84:147d7147e85:-7f65','APPROVED','DURI','DURIAN'),('PT-40c36a84:147d7147e85:-7f6e','APPROVED','CORN','CORN'),('PT-40c36a84:147d7147e85:-7f77','APPROVED','COGO','COGON'),('PT-40c36a84:147d7147e85:-7f80','APPROVED','COFF','COFFEE'),('PT-40c36a84:147d7147e85:-7f89','APPROVED','COCO','COCONUT'),('PT-40c36a84:147d7147e85:-7f92','APPROVED','CATT','CATTLE'),('PT-40c36a84:147d7147e85:-7f9b','APPROVED','CALA','CALAMANSI'),('PT-40c36a84:147d7147e85:-7fa4','APPROVED','CACA','CACAO'),('PT-40c36a84:147d7147e85:-7faf','APPROVED','BRUS','BRUSH LAND'),('PT-40c36a84:147d7147e85:-7fb8','APPROVED','BALO','BANANA LOCAL'),('PT-40c36a84:147d7147e85:-7fc1','APPROVED','BAEX','BANANA EXPORT'),('PT-40c36a84:147d7147e85:-7fca','APPROVED','BAMB','BAMBOO'),('PT-40c36a84:147d7147e85:-7fd3','APPROVED','BAGR','BAGRASS'),('PT-40c36a84:147d7147e85:-7fdc','APPROVED','ABAC','ABACA'),('PT-53a6d50d:14c34ba226f:-20bd','APPROVED','CITR','CITRUS'),('PT-53a6d50d:14c34ba226f:-f8f','APPROVED','MACO','MACOPA'),('PT-73ac5c9:14e2d56f08e:-534c','APPROVED','ROMB','ROMBLON'),('PT-7ceaf220:147d821beaa:-7d79','APPROVED','BANG','BANGKAL'),('PT-7ceaf220:147d821beaa:-7d82','APPROVED','BOGO','BOGO'),('PT-7ceaf220:147d821beaa:-7d8b','APPROVED','PAGA','PAGATPAT'),('PT-7ceaf220:147d821beaa:-7d94','APPROVED','ULAY','ULAYAN'),('PT-7ceaf220:147d821beaa:-7d9d','APPROVED','LANU','LANUTA'),('PT-7ceaf220:147d821beaa:-7da6','APPROVED','AMUG','AMUGUIS'),('PT-7ceaf220:147d821beaa:-7daf','APPROVED','MANM','MANGIUM'),('PT-7ceaf220:147d821beaa:-7db8','APPROVED','ECAM','E. CAMALDONES'),('PT-7ceaf220:147d821beaa:-7dc1','APPROVED','EBAG','E. BAGRAS'),('PT-7ceaf220:147d821beaa:-7dca','APPROVED','ACAC','ACACIA'),('PT-7ceaf220:147d821beaa:-7dd3','APPROVED','TALI','TALISAY'),('PT-7ceaf220:147d821beaa:-7ddc','APPROVED','LANI','LANIPAO'),('PT-7ceaf220:147d821beaa:-7de5','APPROVED','TUOG','TUOG'),('PT-7ceaf220:147d821beaa:-7dee','APPROVED','LUKT','LUKTOB'),('PT-7ceaf220:147d821beaa:-7df7','APPROVED','BAKA','BAKAN'),('PT-7ceaf220:147d821beaa:-7e00','APPROVED','ANTI','ANTIPOLO'),('PT-7ceaf220:147d821beaa:-7e09','APPROVED','BENG','BENGUET PINES'),('PT-7ceaf220:147d821beaa:-7e12','APPROVED','GUBA','GUBAS'),('PT-7ceaf220:147d821beaa:-7e1b','APPROVED','THAI','THAILAND ACACIA'),('PT-7ceaf220:147d821beaa:-7e24','APPROVED','KAMA','KAMANSI'),('PT-7ceaf220:147d821beaa:-7e2d','APPROVED','RIAN','RIAN'),('PT-7ceaf220:147d821beaa:-7e36','APPROVED','MALU','MALUGAY'),('PT-7ceaf220:147d821beaa:-7e3f','APPROVED','LAUW','LAUAN WHITE'),('PT-7ceaf220:147d821beaa:-7e48','APPROVED','LAUR','LAUAN RED'),('PT-7ceaf220:147d821beaa:-7e51','APPROVED','FIRE','FIRE TREE'),('PT-7ceaf220:147d821beaa:-7e5a','APPROVED','DURN','DURIAN NATIVE'),('PT-7ceaf220:147d821beaa:-7e63','APPROVED','COLO','BREADFRUIT'),('PT-7ceaf220:147d821beaa:-7e6c','APPROVED','CALI','CALIANDRA'),('PT-7ceaf220:147d821beaa:-7e75','APPROVED','BANO','BANOYO'),('PT-7ceaf220:147d821beaa:-7e7e','APPROVED','AFRI','AFRICAN TULIP'),('PT-7ceaf220:147d821beaa:-7e87','APPROVED','AGOH','AGOHO'),('PT-7ceaf220:147d821beaa:-7e90','APPROVED','HIMB','HIMBABAO'),('PT-7ceaf220:147d821beaa:-7e99','APPROVED','DITA','DITA'),('PT-7ceaf220:147d821beaa:-7ea2','APPROVED','MALA','MALAPAPAYA'),('PT-7ceaf220:147d821beaa:-7eab','APPROVED','KAPO','KAPOK (DOLDOL)'),('PT-7ceaf220:147d821beaa:-7eb4','APPROVED','ILAN','ILANG-ILANG'),('PT-7ceaf220:147d821beaa:-7ebd','APPROVED','KALU','KALUMPANG'),('PT-7ceaf220:147d821beaa:-7ec6','APPROVED','BINU','BINUANG'),('PT-7ceaf220:147d821beaa:-7ecf','APPROVED','ANIB','ANIBUANG'),('PT-7ceaf220:147d821beaa:-7ed8','APPROVED','TEAK','TEAK-PREMIUM SPP'),('PT-7ceaf220:147d821beaa:-7ee1','APPROVED','ALMO','ALMON'),('PT-7ceaf220:147d821beaa:-7eea','APPROVED','BAGT','BAGTIKAN'),('PT-7ceaf220:147d821beaa:-7eff','APPROVED','TANG','TANGUILE'),('PT-7ceaf220:147d821beaa:-7f08','APPROVED','NARR','NARRA-PREMIUM SPP'),('PT-7ceaf220:147d821beaa:-7f11','APPROVED','KAMG','KAMAGONG'),('PT-7ceaf220:147d821beaa:-7f1a','APPROVED','IPILP','IPIL-PREMIUM SPP'),('PT120366bf:15a88aae257:-2d86','APPROVED','AMGS','AMUGIS'),('PT120366bf:15a88aae257:-2dff','APPROVED','TOOG','TOOG'),('PT2bd5d118:147f4103d2c:-3b4a','APPROVED','OTFR','OTHER FRUIT'),('PT2bd5d118:147f4103d2c:-3d92','APPROVED','DAO','DAO'),('PT2bd5d118:147f4103d2c:-44cd','APPROVED','MOLA','MOLAVE - PREMIUM SPP'),('PT5a11dd55:14c064d62f1:-6699','APPROVED','DUHA','DUHAT'),('PT5a11dd55:14c064d62f1:-66ae','APPROVED','ATIS','ATIS'),('PT5a11dd55:14c064d62f1:-66c0','APPROVED','GUYA','GUYABANO'),('PT5a11dd55:14c064d62f1:-66d2','APPROVED','CHIC','CHICO'),('PT5a11dd55:14c064d62f1:-66e4','APPROVED','AVOC','AVOCADO'),('PT5a11dd55:14c064d62f1:-6709','APPROVED','GUAV','GUAVA'),('PT5bcf4808:14cc541d92d:-29d8','APPROVED','LEMO','LEMON'),('PT5bcf4808:14cc541d92d:-29e4','APPROVED','DALA','DALANDAN'),('PT5bcf4808:14cc541d92d:-29f0','APPROVED','PONK','PONKAN'),('PT5dc36edc:147eb035ac1:-7508','APPROVED','MABO','MABOLO');
/*!40000 ALTER TABLE `planttree` ENABLE KEYS */;
UNLOCK TABLES;

--
-- Table structure for table `planttreeassesslevel`
--

DROP TABLE IF EXISTS `planttreeassesslevel`;
/*!40101 SET @saved_cs_client     = @@character_set_client */;
/*!40101 SET character_set_client = utf8 */;
CREATE TABLE `planttreeassesslevel` (
  `objid` varchar(50) NOT NULL,
  `planttreerysettingid` varchar(50) NOT NULL,
  `classification_objid` varchar(50) NOT NULL,
  `code` varchar(25) NOT NULL,
  `name` varchar(50) NOT NULL,
  `rate` decimal(16,2) NOT NULL,
  `previd` varchar(50) DEFAULT NULL,
  `fixrate` int(11) DEFAULT NULL,
  PRIMARY KEY (`objid`),
  KEY `planttreerysettingid` (`planttreerysettingid`),
  CONSTRAINT `planttreeassesslevel_ibfk_1` FOREIGN KEY (`planttreerysettingid`) REFERENCES `planttreerysetting` (`objid`)
) ENGINE=InnoDB DEFAULT CHARSET=utf8;
/*!40101 SET character_set_client = @saved_cs_client */;

--
-- Dumping data for table `planttreeassesslevel`
--

LOCK TABLES `planttreeassesslevel` WRITE;
/*!40000 ALTER TABLE `planttreeassesslevel` DISABLE KEYS */;
/*!40000 ALTER TABLE `planttreeassesslevel` ENABLE KEYS */;
UNLOCK TABLES;

--
-- Table structure for table `planttreedetail`
--

DROP TABLE IF EXISTS `planttreedetail`;
/*!40101 SET @saved_cs_client     = @@character_set_client */;
/*!40101 SET character_set_client = utf8 */;
CREATE TABLE `planttreedetail` (
  `objid` varchar(50) NOT NULL,
  `planttreerpuid` varchar(50) DEFAULT NULL,
  `landrpuid` varchar(50) DEFAULT NULL,
  `planttreeunitvalue_objid` varchar(50) NOT NULL,
  `planttree_objid` varchar(50) NOT NULL,
  `actualuse_objid` varchar(50) NOT NULL,
  `productive` decimal(16,2) NOT NULL,
  `nonproductive` decimal(16,2) NOT NULL,
  `nonproductiveage` varchar(25) DEFAULT NULL,
  `unitvalue` decimal(16,2) NOT NULL,
  `basemarketvalue` decimal(16,2) NOT NULL,
  `adjustment` decimal(16,2) NOT NULL,
  `adjustmentrate` decimal(16,2) NOT NULL,
  `marketvalue` decimal(16,2) NOT NULL,
  `assesslevel` decimal(16,2) NOT NULL,
  `assessedvalue` decimal(16,2) NOT NULL,
  `areacovered` decimal(16,4) DEFAULT NULL,
  PRIMARY KEY (`objid`),
  KEY `FK_planttreedetail_landrpu` (`landrpuid`),
  KEY `FK_planttreedetail_plantreeassesslevel` (`actualuse_objid`),
  KEY `FK_planttreedetail_planttree` (`planttree_objid`),
  KEY `FK_planttreedetail_planttreerpu` (`planttreerpuid`),
  KEY `FK_planttreedetail_planttreeunitvalue` (`planttreeunitvalue_objid`),
  CONSTRAINT `planttreedetail_ibfk_5` FOREIGN KEY (`planttreeunitvalue_objid`) REFERENCES `planttreeunitvalue` (`objid`),
  CONSTRAINT `planttreedetail_ibfk_1` FOREIGN KEY (`landrpuid`) REFERENCES `landrpu` (`objid`),
  CONSTRAINT `planttreedetail_ibfk_2` FOREIGN KEY (`actualuse_objid`) REFERENCES `planttreeassesslevel` (`objid`),
  CONSTRAINT `planttreedetail_ibfk_3` FOREIGN KEY (`planttree_objid`) REFERENCES `planttree` (`objid`),
  CONSTRAINT `planttreedetail_ibfk_4` FOREIGN KEY (`planttreerpuid`) REFERENCES `planttreerpu` (`objid`)
) ENGINE=InnoDB DEFAULT CHARSET=utf8;
/*!40101 SET character_set_client = @saved_cs_client */;

--
-- Dumping data for table `planttreedetail`
--

LOCK TABLES `planttreedetail` WRITE;
/*!40000 ALTER TABLE `planttreedetail` DISABLE KEYS */;
/*!40000 ALTER TABLE `planttreedetail` ENABLE KEYS */;
UNLOCK TABLES;

--
-- Table structure for table `planttreerpu`
--

DROP TABLE IF EXISTS `planttreerpu`;
/*!40101 SET @saved_cs_client     = @@character_set_client */;
/*!40101 SET character_set_client = utf8 */;
CREATE TABLE `planttreerpu` (
  `objid` varchar(50) NOT NULL,
  `landrpuid` varchar(50) NOT NULL,
  `productive` decimal(16,2) NOT NULL,
  `nonproductive` decimal(16,2) NOT NULL,
  PRIMARY KEY (`objid`),
  KEY `FK_planttreerpu_landrpu` (`landrpuid`),
  CONSTRAINT `planttreerpu_ibfk_2` FOREIGN KEY (`objid`) REFERENCES `rpu` (`objid`),
  CONSTRAINT `planttreerpu_ibfk_1` FOREIGN KEY (`landrpuid`) REFERENCES `landrpu` (`objid`)
) ENGINE=InnoDB DEFAULT CHARSET=utf8;
/*!40101 SET character_set_client = @saved_cs_client */;

--
-- Dumping data for table `planttreerpu`
--

LOCK TABLES `planttreerpu` WRITE;
/*!40000 ALTER TABLE `planttreerpu` DISABLE KEYS */;
/*!40000 ALTER TABLE `planttreerpu` ENABLE KEYS */;
UNLOCK TABLES;

--
-- Table structure for table `planttreerysetting`
--

DROP TABLE IF EXISTS `planttreerysetting`;
/*!40101 SET @saved_cs_client     = @@character_set_client */;
/*!40101 SET character_set_client = utf8 */;
CREATE TABLE `planttreerysetting` (
  `objid` varchar(50) NOT NULL,
  `state` varchar(15) NOT NULL,
  `ry` int(11) NOT NULL,
  `applyagriadjustment` int(11) DEFAULT NULL,
  `appliedto` longtext,
  `previd` varchar(50) DEFAULT NULL,
  `remarks` varchar(200) DEFAULT NULL,
  `ordinanceno` varchar(25) DEFAULT NULL,
  `ordinancedate` date DEFAULT NULL,
  PRIMARY KEY (`objid`),
  KEY `ix_planttreerysetting_ry` (`ry`),
  KEY `previd` (`previd`),
  CONSTRAINT `planttreerysetting_ibfk_1` FOREIGN KEY (`previd`) REFERENCES `planttreerysetting` (`objid`)
) ENGINE=InnoDB DEFAULT CHARSET=utf8;
/*!40101 SET character_set_client = @saved_cs_client */;

--
-- Dumping data for table `planttreerysetting`
--

LOCK TABLES `planttreerysetting` WRITE;
/*!40000 ALTER TABLE `planttreerysetting` DISABLE KEYS */;
/*!40000 ALTER TABLE `planttreerysetting` ENABLE KEYS */;
UNLOCK TABLES;

--
-- Table structure for table `planttreeunitvalue`
--

DROP TABLE IF EXISTS `planttreeunitvalue`;
/*!40101 SET @saved_cs_client     = @@character_set_client */;
/*!40101 SET character_set_client = utf8 */;
CREATE TABLE `planttreeunitvalue` (
  `objid` varchar(50) NOT NULL,
  `planttreerysettingid` varchar(50) NOT NULL,
  `planttree_objid` varchar(50) NOT NULL,
  `code` varchar(10) NOT NULL,
  `name` varchar(25) NOT NULL,
  `unitvalue` decimal(10,2) NOT NULL,
  `previd` varchar(50) DEFAULT NULL,
  PRIMARY KEY (`objid`),
  KEY `FK_planttreeunitvalue_planttree` (`planttree_objid`),
  KEY `planttreerysettingid` (`planttreerysettingid`),
  CONSTRAINT `planttreeunitvalue_ibfk_2` FOREIGN KEY (`planttreerysettingid`) REFERENCES `planttreerysetting` (`objid`),
  CONSTRAINT `planttreeunitvalue_ibfk_1` FOREIGN KEY (`planttree_objid`) REFERENCES `planttree` (`objid`)
) ENGINE=InnoDB DEFAULT CHARSET=utf8;
/*!40101 SET character_set_client = @saved_cs_client */;

--
-- Dumping data for table `planttreeunitvalue`
--

LOCK TABLES `planttreeunitvalue` WRITE;
/*!40000 ALTER TABLE `planttreeunitvalue` DISABLE KEYS */;
/*!40000 ALTER TABLE `planttreeunitvalue` ENABLE KEYS */;
UNLOCK TABLES;

--
-- Table structure for table `previousfaas`
--

DROP TABLE IF EXISTS `previousfaas`;
/*!40101 SET @saved_cs_client     = @@character_set_client */;
/*!40101 SET character_set_client = utf8 */;
CREATE TABLE `previousfaas` (
  `faasid` varchar(50) NOT NULL,
  `prevfaasid` varchar(50) NOT NULL,
  PRIMARY KEY (`faasid`,`prevfaasid`),
  KEY `FK_previousfaas_prevfaas` (`prevfaasid`),
  CONSTRAINT `previousfaas_ibfk_2` FOREIGN KEY (`prevfaasid`) REFERENCES `faas` (`objid`),
  CONSTRAINT `previousfaas_ibfk_1` FOREIGN KEY (`faasid`) REFERENCES `faas` (`objid`)
) ENGINE=InnoDB DEFAULT CHARSET=utf8;
/*!40101 SET character_set_client = @saved_cs_client */;

--
-- Dumping data for table `previousfaas`
--

LOCK TABLES `previousfaas` WRITE;
/*!40000 ALTER TABLE `previousfaas` DISABLE KEYS */;
/*!40000 ALTER TABLE `previousfaas` ENABLE KEYS */;
UNLOCK TABLES;

--
-- Table structure for table `profession`
--

DROP TABLE IF EXISTS `profession`;
/*!40101 SET @saved_cs_client     = @@character_set_client */;
/*!40101 SET character_set_client = utf8 */;
CREATE TABLE `profession` (
  `objid` varchar(100) NOT NULL,
  PRIMARY KEY (`objid`)
) ENGINE=InnoDB DEFAULT CHARSET=utf8;
/*!40101 SET character_set_client = @saved_cs_client */;

--
-- Dumping data for table `profession`
--

LOCK TABLES `profession` WRITE;
/*!40000 ALTER TABLE `profession` DISABLE KEYS */;
/*!40000 ALTER TABLE `profession` ENABLE KEYS */;
UNLOCK TABLES;

--
-- Table structure for table `propertyclassification`
--

DROP TABLE IF EXISTS `propertyclassification`;
/*!40101 SET @saved_cs_client     = @@character_set_client */;
/*!40101 SET character_set_client = utf8 */;
CREATE TABLE `propertyclassification` (
  `objid` varchar(50) NOT NULL,
  `state` varchar(10) NOT NULL,
  `code` varchar(20) NOT NULL,
  `name` varchar(100) NOT NULL,
  `special` int(11) NOT NULL,
  `orderno` int(11) NOT NULL,
  PRIMARY KEY (`objid`),
  UNIQUE KEY `ux_propertyclassification_code` (`code`),
  UNIQUE KEY `ux_propertyclassification_name` (`name`),
  KEY `ix_propertyclassification_state` (`state`)
) ENGINE=InnoDB DEFAULT CHARSET=utf8;
/*!40101 SET character_set_client = @saved_cs_client */;

--
-- Dumping data for table `propertyclassification`
--

LOCK TABLES `propertyclassification` WRITE;
/*!40000 ALTER TABLE `propertyclassification` DISABLE KEYS */;
INSERT INTO `propertyclassification` VALUES ('AGRICULTURAL','APPROVED','A','AGRICULTURAL',0,2),('COMMERCIAL','APPROVED','C','COMMERCIAL',0,3),('CULTURAL','APPROVED','SU','CULTURAL',1,56),('EDUCATIONAL','APPROVED','SE','EDUCATIONAL',0,58),('GOCC','APPROVED','SG','GOCC',1,51),('HOSPITAL','APPROVED','SH','HOSPITAL',1,50),('INDUSTRIAL','APPROVED','I','INDUSTRIAL',0,4),('MINERAL','APPROVED','M','MINERAL',0,5),('RECREATIONAL ','APPROVED','SR','RECREATIONAL ',1,53),('RESIDENTIAL','APPROVED','R','RESIDENTIAL',0,1),('SCIENTIFIC','APPROVED','SS','SCIENTIFIC',1,52),('TIMBERLAND','APPROVED','T','TIMBERLAND',0,6),('WATER DISTRICT','APPROVED','SW','WATER DISTRICT',1,55);
/*!40000 ALTER TABLE `propertyclassification` ENABLE KEYS */;
UNLOCK TABLES;

--
-- Table structure for table `propertypayer`
--

DROP TABLE IF EXISTS `propertypayer`;
/*!40101 SET @saved_cs_client     = @@character_set_client */;
/*!40101 SET character_set_client = utf8 */;
CREATE TABLE `propertypayer` (
  `objid` varchar(50) NOT NULL DEFAULT '',
  `taxpayer_objid` varchar(50) NOT NULL,
  PRIMARY KEY (`objid`),
  KEY `ix_propertypayer_taxpayerid` (`taxpayer_objid`)
) ENGINE=InnoDB DEFAULT CHARSET=utf8;
/*!40101 SET character_set_client = @saved_cs_client */;

--
-- Dumping data for table `propertypayer`
--

LOCK TABLES `propertypayer` WRITE;
/*!40000 ALTER TABLE `propertypayer` DISABLE KEYS */;
/*!40000 ALTER TABLE `propertypayer` ENABLE KEYS */;
UNLOCK TABLES;

--
-- Table structure for table `propertypayer_item`
--

DROP TABLE IF EXISTS `propertypayer_item`;
/*!40101 SET @saved_cs_client     = @@character_set_client */;
/*!40101 SET character_set_client = utf8 */;
CREATE TABLE `propertypayer_item` (
  `objid` varchar(50) NOT NULL DEFAULT '',
  `parentid` varchar(50) NOT NULL,
  `rptledger_objid` varchar(50) NOT NULL,
  PRIMARY KEY (`objid`),
  UNIQUE KEY `ux_propertypayeritem_rptledgerid` (`parentid`,`rptledger_objid`),
  KEY `ix_propertypayeritem_parentid` (`parentid`),
  KEY `ix_propertypayeritem_rptledgerid` (`rptledger_objid`)
) ENGINE=InnoDB DEFAULT CHARSET=utf8;
/*!40101 SET character_set_client = @saved_cs_client */;

--
-- Dumping data for table `propertypayer_item`
--

LOCK TABLES `propertypayer_item` WRITE;
/*!40000 ALTER TABLE `propertypayer_item` DISABLE KEYS */;
/*!40000 ALTER TABLE `propertypayer_item` ENABLE KEYS */;
UNLOCK TABLES;

--
-- Table structure for table `province`
--

DROP TABLE IF EXISTS `province`;
/*!40101 SET @saved_cs_client     = @@character_set_client */;
/*!40101 SET character_set_client = utf8 */;
CREATE TABLE `province` (
  `objid` varchar(50) NOT NULL,
  `state` varchar(10) DEFAULT NULL,
  `indexno` varchar(15) DEFAULT NULL,
  `pin` varchar(15) DEFAULT NULL,
  `name` varchar(50) DEFAULT NULL,
  `previd` varchar(50) DEFAULT NULL,
  `parentid` varchar(50) DEFAULT NULL,
  `governor_name` varchar(100) DEFAULT NULL,
  `governor_title` varchar(50) DEFAULT NULL,
  `governor_office` varchar(50) DEFAULT NULL,
  `assessor_name` varchar(100) DEFAULT NULL,
  `assessor_title` varchar(50) DEFAULT NULL,
  `assessor_office` varchar(50) DEFAULT NULL,
  `treasurer_name` varchar(100) DEFAULT NULL,
  `treasurer_title` varchar(50) DEFAULT NULL,
  `treasurer_office` varchar(50) DEFAULT NULL,
  `address` varchar(100) DEFAULT NULL,
  `fullname` varchar(50) DEFAULT NULL,
  PRIMARY KEY (`objid`),
  KEY `ix_indexno` (`indexno`),
  KEY `ix_parentid` (`parentid`),
  KEY `ix_pin` (`pin`),
  KEY `ix_previd` (`previd`),
  CONSTRAINT `fk_province_org` FOREIGN KEY (`objid`) REFERENCES `sys_org` (`objid`)
) ENGINE=InnoDB DEFAULT CHARSET=utf8;
/*!40101 SET character_set_client = @saved_cs_client */;

--
-- Dumping data for table `province`
--

LOCK TABLES `province` WRITE;
/*!40000 ALTER TABLE `province` DISABLE KEYS */;
INSERT INTO `province` VALUES ('076','DRAFT','076','076','SARANGANI',NULL,NULL,NULL,'GOVERNOR','OFFICE OF THE GOVERNOR',NULL,'PROVINCIAL ASSESSOR','OFFICE OF THE PROVINCIAL ASSESSOR',NULL,'PROVINCIAL TREASURER','OFFICE OF THE PROVINCIAL TREASURER',NULL,'PROVINCE OF SARANGANI');
/*!40000 ALTER TABLE `province` ENABLE KEYS */;
UNLOCK TABLES;

--
-- Table structure for table `province_taxaccount_mapping`
--

DROP TABLE IF EXISTS `province_taxaccount_mapping`;
/*!40101 SET @saved_cs_client     = @@character_set_client */;
/*!40101 SET character_set_client = utf8 */;
CREATE TABLE `province_taxaccount_mapping` (
  `objid` varchar(50) NOT NULL DEFAULT '',
  `basicadvacct_objid` varchar(50) DEFAULT NULL,
  `basicprevacct_objid` varchar(50) DEFAULT NULL,
  `basicprevintacct_objid` varchar(50) DEFAULT NULL,
  `basicprioracct_objid` varchar(50) DEFAULT NULL,
  `basicpriorintacct_objid` varchar(50) DEFAULT NULL,
  `basiccurracct_objid` varchar(50) DEFAULT NULL,
  `basiccurrintacct_objid` varchar(50) DEFAULT NULL,
  `sefadvacct_objid` varchar(50) DEFAULT NULL,
  `sefprevacct_objid` varchar(50) DEFAULT NULL,
  `sefprevintacct_objid` varchar(50) DEFAULT NULL,
  `sefprioracct_objid` varchar(50) DEFAULT NULL,
  `sefpriorintacct_objid` varchar(50) DEFAULT NULL,
  `sefcurracct_objid` varchar(50) DEFAULT NULL,
  `sefcurrintacct_objid` varchar(50) DEFAULT NULL,
  `basicidlecurracct_objid` varchar(50) DEFAULT NULL,
  `basicidlecurrintacct_objid` varchar(50) DEFAULT NULL,
  `basicidleprevacct_objid` varchar(50) DEFAULT NULL,
  `basicidleprevintacct_objid` varchar(50) DEFAULT NULL,
  `basicidleadvacct_objid` varchar(50) DEFAULT NULL,
  PRIMARY KEY (`objid`)
) ENGINE=InnoDB DEFAULT CHARSET=utf8;
/*!40101 SET character_set_client = @saved_cs_client */;

--
-- Dumping data for table `province_taxaccount_mapping`
--

LOCK TABLES `province_taxaccount_mapping` WRITE;
/*!40000 ALTER TABLE `province_taxaccount_mapping` DISABLE KEYS */;
/*!40000 ALTER TABLE `province_taxaccount_mapping` ENABLE KEYS */;
UNLOCK TABLES;

--
-- Table structure for table `psic`
--

DROP TABLE IF EXISTS `psic`;
/*!40101 SET @saved_cs_client     = @@character_set_client */;
/*!40101 SET character_set_client = utf8 */;
CREATE TABLE `psic` (
  `objid` varchar(50) NOT NULL,
  `title` varchar(255) NOT NULL,
  `parentid` varchar(50) DEFAULT NULL,
  PRIMARY KEY (`objid`),
  KEY `ix_parentid` (`parentid`),
  KEY `ix_title` (`title`),
  CONSTRAINT `fk_psic_parentid` FOREIGN KEY (`parentid`) REFERENCES `psic` (`objid`)
) ENGINE=InnoDB DEFAULT CHARSET=utf8;
/*!40101 SET character_set_client = @saved_cs_client */;

--
-- Dumping data for table `psic`
--

LOCK TABLES `psic` WRITE;
/*!40000 ALTER TABLE `psic` DISABLE KEYS */;
/*!40000 ALTER TABLE `psic` ENABLE KEYS */;
UNLOCK TABLES;

--
-- Table structure for table `realproperty`
--

DROP TABLE IF EXISTS `realproperty`;
/*!40101 SET @saved_cs_client     = @@character_set_client */;
/*!40101 SET character_set_client = utf8 */;
CREATE TABLE `realproperty` (
  `objid` varchar(50) NOT NULL,
  `state` varchar(25) NOT NULL,
  `autonumber` int(11) NOT NULL,
  `pintype` varchar(5) NOT NULL,
  `pin` varchar(30) NOT NULL,
  `ry` int(11) NOT NULL,
  `claimno` varchar(5) DEFAULT NULL,
  `section` varchar(3) DEFAULT NULL,
  `parcel` varchar(3) DEFAULT NULL,
  `cadastrallotno` text,
  `blockno` varchar(255) DEFAULT NULL,
  `surveyno` varchar(255) DEFAULT NULL,
  `street` varchar(100) DEFAULT NULL,
  `purok` varchar(100) DEFAULT NULL,
  `north` varchar(500) DEFAULT NULL,
  `south` varchar(500) DEFAULT NULL,
  `east` varchar(500) DEFAULT NULL,
  `west` varchar(500) DEFAULT NULL,
  `barangayid` varchar(50) NOT NULL,
  `lgutype` varchar(50) NOT NULL,
  `previd` varchar(50) DEFAULT NULL,
  `lguid` varchar(50) DEFAULT NULL,
  `stewardshipno` varchar(3) DEFAULT NULL,
  PRIMARY KEY (`objid`),
  KEY `ix_barangayid` (`barangayid`),
  KEY `ix_realproperty_blockno` (`blockno`),
  KEY `ix_realproperty_claimno` (`claimno`),
  KEY `ix_realproperty_pin` (`pin`),
  KEY `ix_realproperty_ry` (`ry`),
  KEY `ix_realproperty_surveyno` (`surveyno`),
  CONSTRAINT `realproperty_ibfk_1` FOREIGN KEY (`barangayid`) REFERENCES `barangay` (`objid`)
) ENGINE=InnoDB DEFAULT CHARSET=utf8;
/*!40101 SET character_set_client = @saved_cs_client */;

--
-- Dumping data for table `realproperty`
--

LOCK TABLES `realproperty` WRITE;
/*!40000 ALTER TABLE `realproperty` DISABLE KEYS */;
/*!40000 ALTER TABLE `realproperty` ENABLE KEYS */;
UNLOCK TABLES;

--
-- Table structure for table `religion`
--

DROP TABLE IF EXISTS `religion`;
/*!40101 SET @saved_cs_client     = @@character_set_client */;
/*!40101 SET character_set_client = utf8 */;
CREATE TABLE `religion` (
  `objid` varchar(50) NOT NULL DEFAULT '',
  PRIMARY KEY (`objid`)
) ENGINE=InnoDB DEFAULT CHARSET=utf8;
/*!40101 SET character_set_client = @saved_cs_client */;

--
-- Dumping data for table `religion`
--

LOCK TABLES `religion` WRITE;
/*!40000 ALTER TABLE `religion` DISABLE KEYS */;
/*!40000 ALTER TABLE `religion` ENABLE KEYS */;
UNLOCK TABLES;

--
-- Table structure for table `remittance`
--

DROP TABLE IF EXISTS `remittance`;
/*!40101 SET @saved_cs_client     = @@character_set_client */;
/*!40101 SET character_set_client = utf8 */;
CREATE TABLE `remittance` (
  `objid` varchar(50) NOT NULL,
  `state` varchar(20) NOT NULL,
  `controlno` varchar(100) NOT NULL,
  `dtposted` datetime NOT NULL,
  `collector_objid` varchar(50) NOT NULL,
  `collector_name` varchar(100) NOT NULL,
  `collector_title` varchar(50) NOT NULL,
  `liquidatingofficer_objid` varchar(50) DEFAULT NULL,
  `liquidatingofficer_name` varchar(100) DEFAULT NULL,
  `liquidatingofficer_title` varchar(50) DEFAULT NULL,
  `amount` decimal(18,2) NOT NULL,
  `totalcash` decimal(18,2) NOT NULL,
  `totalcheck` decimal(16,2) NOT NULL,
  `cashbreakdown` text NOT NULL,
  `controldate` datetime NOT NULL,
  `remarks` varchar(255) DEFAULT NULL,
  `totalcr` decimal(16,2) NOT NULL,
  `collector_signature` longtext,
  `liquidatingofficer_signature` longtext,
  `collectionvoucherid` varchar(50) DEFAULT NULL,
  PRIMARY KEY (`objid`),
  UNIQUE KEY `uix_controlno` (`controlno`),
  UNIQUE KEY `uix_txnno` (`controlno`),
  KEY `ix_collectionvoucherid` (`collectionvoucherid`),
  KEY `ix_collector_objid` (`collector_objid`),
  KEY `ix_controldate` (`controldate`),
  KEY `ix_dtposted` (`dtposted`),
  KEY `ix_liquidatingofficer_objid` (`liquidatingofficer_objid`),
  KEY `ix_remittancedate` (`controldate`),
  KEY `ix_state` (`state`),
  CONSTRAINT `fk_remittance_liqofficer` FOREIGN KEY (`liquidatingofficer_objid`) REFERENCES `sys_user` (`objid`),
  CONSTRAINT `fk_remittance_collectionvoucherid` FOREIGN KEY (`collectionvoucherid`) REFERENCES `collectionvoucher` (`objid`),
  CONSTRAINT `fk_remittance_collector` FOREIGN KEY (`collector_objid`) REFERENCES `sys_user` (`objid`)
) ENGINE=InnoDB DEFAULT CHARSET=utf8;
/*!40101 SET character_set_client = @saved_cs_client */;

--
-- Dumping data for table `remittance`
--

LOCK TABLES `remittance` WRITE;
/*!40000 ALTER TABLE `remittance` DISABLE KEYS */;
/*!40000 ALTER TABLE `remittance` ENABLE KEYS */;
UNLOCK TABLES;

--
-- Table structure for table `remittance_af`
--

DROP TABLE IF EXISTS `remittance_af`;
/*!40101 SET @saved_cs_client     = @@character_set_client */;
/*!40101 SET character_set_client = utf8 */;
CREATE TABLE `remittance_af` (
  `objid` varchar(150) NOT NULL,
  `remittanceid` varchar(50) DEFAULT NULL,
  `controlid` varchar(50) DEFAULT NULL,
  `receivedstartseries` int(11) DEFAULT NULL,
  `receivedendseries` int(11) DEFAULT NULL,
  `beginstartseries` int(11) DEFAULT NULL,
  `beginendseries` int(11) DEFAULT NULL,
  `issuedstartseries` int(11) DEFAULT NULL,
  `issuedendseries` int(11) DEFAULT NULL,
  `endingstartseries` int(11) DEFAULT NULL,
  `endingendseries` int(11) DEFAULT NULL,
  `qtyreceived` int(11) DEFAULT NULL,
  `qtybegin` int(11) DEFAULT NULL,
  `qtyissued` int(11) DEFAULT NULL,
  `qtyending` int(11) DEFAULT NULL,
  `qtycancelled` int(11) DEFAULT NULL,
  `remarks` varchar(255) DEFAULT NULL,
  PRIMARY KEY (`objid`),
  KEY `ix_controlid` (`controlid`),
  KEY `ix_remittanceid` (`remittanceid`),
  CONSTRAINT `fk_remittance_af_remittanceid` FOREIGN KEY (`remittanceid`) REFERENCES `remittance` (`objid`)
) ENGINE=InnoDB DEFAULT CHARSET=utf8;
/*!40101 SET character_set_client = @saved_cs_client */;

--
-- Dumping data for table `remittance_af`
--

LOCK TABLES `remittance_af` WRITE;
/*!40000 ALTER TABLE `remittance_af` DISABLE KEYS */;
/*!40000 ALTER TABLE `remittance_af` ENABLE KEYS */;
UNLOCK TABLES;

--
-- Table structure for table `remittance_fund`
--

DROP TABLE IF EXISTS `remittance_fund`;
/*!40101 SET @saved_cs_client     = @@character_set_client */;
/*!40101 SET character_set_client = utf8 */;
CREATE TABLE `remittance_fund` (
  `objid` varchar(150) NOT NULL,
  `remittanceid` varchar(50) NOT NULL,
  `fund_objid` varchar(100) NOT NULL,
  `fund_title` varchar(255) NOT NULL,
  `amount` decimal(16,4) NOT NULL,
  `totalcash` decimal(16,4) NOT NULL,
  `totalcheck` decimal(16,4) NOT NULL,
  `totalcr` decimal(16,4) NOT NULL,
  `cashbreakdown` longtext,
  `controlno` varchar(100) DEFAULT NULL,
  PRIMARY KEY (`objid`),
  UNIQUE KEY `uix_remittance_fund` (`remittanceid`,`fund_objid`),
  KEY `ix_fund_objid` (`fund_objid`),
  KEY `ix_remittanceid` (`remittanceid`),
  CONSTRAINT `fk_remittance_fund_remittanceid` FOREIGN KEY (`remittanceid`) REFERENCES `remittance` (`objid`),
  CONSTRAINT `fk_remittance_fund_fund` FOREIGN KEY (`fund_objid`) REFERENCES `fund` (`objid`),
  CONSTRAINT `fk_remittance_fund_fund_objid` FOREIGN KEY (`fund_objid`) REFERENCES `fund` (`objid`)
) ENGINE=InnoDB DEFAULT CHARSET=utf8;
/*!40101 SET character_set_client = @saved_cs_client */;

--
-- Dumping data for table `remittance_fund`
--

LOCK TABLES `remittance_fund` WRITE;
/*!40000 ALTER TABLE `remittance_fund` DISABLE KEYS */;
/*!40000 ALTER TABLE `remittance_fund` ENABLE KEYS */;
UNLOCK TABLES;

--
-- Table structure for table `remote_mapping`
--

DROP TABLE IF EXISTS `remote_mapping`;
/*!40101 SET @saved_cs_client     = @@character_set_client */;
/*!40101 SET character_set_client = utf8 */;
CREATE TABLE `remote_mapping` (
  `objid` varchar(50) NOT NULL,
  `doctype` varchar(50) NOT NULL,
  `remote_objid` varchar(50) NOT NULL,
  `createdby_name` varchar(255) NOT NULL,
  `createdby_title` varchar(100) DEFAULT NULL,
  `dtcreated` datetime NOT NULL,
  `orgcode` varchar(10) DEFAULT NULL,
  `remote_orgcode` varchar(10) DEFAULT NULL,
  PRIMARY KEY (`objid`),
  KEY `ix_doctype` (`doctype`),
  KEY `ix_orgcode` (`orgcode`),
  KEY `ix_remote_objid` (`remote_objid`),
  KEY `ix_remote_orgcode` (`remote_orgcode`)
) ENGINE=InnoDB DEFAULT CHARSET=utf8;
/*!40101 SET character_set_client = @saved_cs_client */;

--
-- Dumping data for table `remote_mapping`
--

LOCK TABLES `remote_mapping` WRITE;
/*!40000 ALTER TABLE `remote_mapping` DISABLE KEYS */;
/*!40000 ALTER TABLE `remote_mapping` ENABLE KEYS */;
UNLOCK TABLES;

--
-- Table structure for table `remoteserverdata`
--

DROP TABLE IF EXISTS `remoteserverdata`;
/*!40101 SET @saved_cs_client     = @@character_set_client */;
/*!40101 SET character_set_client = utf8 */;
CREATE TABLE `remoteserverdata` (
  `objid` varchar(50) NOT NULL,
  `data` longtext NOT NULL,
  PRIMARY KEY (`objid`)
) ENGINE=InnoDB DEFAULT CHARSET=utf8;
/*!40101 SET character_set_client = @saved_cs_client */;

--
-- Dumping data for table `remoteserverdata`
--

LOCK TABLES `remoteserverdata` WRITE;
/*!40000 ALTER TABLE `remoteserverdata` DISABLE KEYS */;
/*!40000 ALTER TABLE `remoteserverdata` ENABLE KEYS */;
UNLOCK TABLES;

--
-- Table structure for table `report_bpdelinquency`
--

DROP TABLE IF EXISTS `report_bpdelinquency`;
/*!40101 SET @saved_cs_client     = @@character_set_client */;
/*!40101 SET character_set_client = utf8 */;
CREATE TABLE `report_bpdelinquency` (
  `objid` varchar(50) NOT NULL,
  `state` varchar(25) DEFAULT NULL,
  `dtfiled` datetime DEFAULT NULL,
  `userid` varchar(50) DEFAULT NULL,
  `username` varchar(160) DEFAULT NULL,
  `totalcount` int(11) DEFAULT NULL,
  `processedcount` int(11) DEFAULT NULL,
  `billdate` date DEFAULT NULL,
  `duedate` date DEFAULT NULL,
  `lockid` varchar(50) DEFAULT NULL,
  PRIMARY KEY (`objid`),
  KEY `ix_billdate` (`billdate`),
  KEY `ix_dtfiled` (`dtfiled`),
  KEY `ix_duedate` (`duedate`),
  KEY `ix_state` (`state`),
  KEY `ix_userid` (`userid`)
) ENGINE=InnoDB DEFAULT CHARSET=utf8;
/*!40101 SET character_set_client = @saved_cs_client */;

--
-- Dumping data for table `report_bpdelinquency`
--

LOCK TABLES `report_bpdelinquency` WRITE;
/*!40000 ALTER TABLE `report_bpdelinquency` DISABLE KEYS */;
/*!40000 ALTER TABLE `report_bpdelinquency` ENABLE KEYS */;
UNLOCK TABLES;

--
-- Table structure for table `report_bpdelinquency_item`
--

DROP TABLE IF EXISTS `report_bpdelinquency_item`;
/*!40101 SET @saved_cs_client     = @@character_set_client */;
/*!40101 SET character_set_client = utf8 */;
CREATE TABLE `report_bpdelinquency_item` (
  `objid` varchar(50) NOT NULL,
  `parentid` varchar(50) DEFAULT NULL,
  `applicationid` varchar(50) DEFAULT NULL,
  `amount` decimal(16,2) DEFAULT NULL,
  `amtpaid` decimal(16,2) DEFAULT NULL,
  `surcharge` decimal(16,2) DEFAULT NULL,
  `interest` decimal(16,2) DEFAULT NULL,
  `balance` decimal(16,2) DEFAULT NULL,
  `total` decimal(16,2) DEFAULT NULL,
  PRIMARY KEY (`objid`),
  KEY `ix_applicationid` (`applicationid`),
  KEY `ix_parentid` (`parentid`)
) ENGINE=InnoDB DEFAULT CHARSET=utf8;
/*!40101 SET character_set_client = @saved_cs_client */;

--
-- Dumping data for table `report_bpdelinquency_item`
--

LOCK TABLES `report_bpdelinquency_item` WRITE;
/*!40000 ALTER TABLE `report_bpdelinquency_item` DISABLE KEYS */;
/*!40000 ALTER TABLE `report_bpdelinquency_item` ENABLE KEYS */;
UNLOCK TABLES;

--
-- Table structure for table `report_rptdelinquency`
--

DROP TABLE IF EXISTS `report_rptdelinquency`;
/*!40101 SET @saved_cs_client     = @@character_set_client */;
/*!40101 SET character_set_client = utf8 */;
CREATE TABLE `report_rptdelinquency` (
  `objid` varchar(50) NOT NULL,
  `state` varchar(50) NOT NULL,
  `dtgenerated` datetime NOT NULL,
  `dtcomputed` datetime NOT NULL,
  `generatedby_name` varchar(255) NOT NULL,
  `generatedby_title` varchar(100) NOT NULL,
  PRIMARY KEY (`objid`)
) ENGINE=InnoDB DEFAULT CHARSET=utf8;
/*!40101 SET character_set_client = @saved_cs_client */;

--
-- Dumping data for table `report_rptdelinquency`
--

LOCK TABLES `report_rptdelinquency` WRITE;
/*!40000 ALTER TABLE `report_rptdelinquency` DISABLE KEYS */;
/*!40000 ALTER TABLE `report_rptdelinquency` ENABLE KEYS */;
UNLOCK TABLES;

--
-- Table structure for table `report_rptdelinquency_barangay`
--

DROP TABLE IF EXISTS `report_rptdelinquency_barangay`;
/*!40101 SET @saved_cs_client     = @@character_set_client */;
/*!40101 SET character_set_client = utf8 */;
CREATE TABLE `report_rptdelinquency_barangay` (
  `objid` varchar(50) NOT NULL,
  `parentid` varchar(50) NOT NULL,
  `barangayid` varchar(50) NOT NULL,
  `count` int(11) NOT NULL,
  `processed` int(11) NOT NULL,
  `errors` int(11) NOT NULL,
  `ignored` int(11) NOT NULL,
  `idx` int(11) DEFAULT NULL,
  PRIMARY KEY (`objid`),
  KEY `fk_rptdelinquency_barangay_barangay` (`barangayid`),
  KEY `fk_rptdelinquency_barangay_rptdelinquency` (`parentid`),
  CONSTRAINT `fk_rptdelinquency_barangay_rptdelinquency` FOREIGN KEY (`parentid`) REFERENCES `report_rptdelinquency` (`objid`),
  CONSTRAINT `fk_rptdelinquency_barangay_barangay` FOREIGN KEY (`barangayid`) REFERENCES `barangay` (`objid`)
) ENGINE=InnoDB DEFAULT CHARSET=utf8;
/*!40101 SET character_set_client = @saved_cs_client */;

--
-- Dumping data for table `report_rptdelinquency_barangay`
--

LOCK TABLES `report_rptdelinquency_barangay` WRITE;
/*!40000 ALTER TABLE `report_rptdelinquency_barangay` DISABLE KEYS */;
/*!40000 ALTER TABLE `report_rptdelinquency_barangay` ENABLE KEYS */;
UNLOCK TABLES;

--
-- Table structure for table `report_rptdelinquency_error`
--

DROP TABLE IF EXISTS `report_rptdelinquency_error`;
/*!40101 SET @saved_cs_client     = @@character_set_client */;
/*!40101 SET character_set_client = utf8 */;
CREATE TABLE `report_rptdelinquency_error` (
  `objid` varchar(50) NOT NULL,
  `barangayid` varchar(50) NOT NULL,
  `error` text,
  `ignored` int(11) DEFAULT NULL,
  PRIMARY KEY (`objid`),
  KEY `ix_barangayid` (`barangayid`)
) ENGINE=InnoDB DEFAULT CHARSET=utf8;
/*!40101 SET character_set_client = @saved_cs_client */;

--
-- Dumping data for table `report_rptdelinquency_error`
--

LOCK TABLES `report_rptdelinquency_error` WRITE;
/*!40000 ALTER TABLE `report_rptdelinquency_error` DISABLE KEYS */;
/*!40000 ALTER TABLE `report_rptdelinquency_error` ENABLE KEYS */;
UNLOCK TABLES;

--
-- Table structure for table `report_rptdelinquency_forprocess`
--

DROP TABLE IF EXISTS `report_rptdelinquency_forprocess`;
/*!40101 SET @saved_cs_client     = @@character_set_client */;
/*!40101 SET character_set_client = utf8 */;
CREATE TABLE `report_rptdelinquency_forprocess` (
  `objid` varchar(50) NOT NULL,
  `barangayid` varchar(50) NOT NULL,
  PRIMARY KEY (`objid`),
  KEY `ix_barangayid` (`barangayid`)
) ENGINE=InnoDB DEFAULT CHARSET=utf8;
/*!40101 SET character_set_client = @saved_cs_client */;

--
-- Dumping data for table `report_rptdelinquency_forprocess`
--

LOCK TABLES `report_rptdelinquency_forprocess` WRITE;
/*!40000 ALTER TABLE `report_rptdelinquency_forprocess` DISABLE KEYS */;
/*!40000 ALTER TABLE `report_rptdelinquency_forprocess` ENABLE KEYS */;
UNLOCK TABLES;

--
-- Table structure for table `report_rptdelinquency_item`
--

DROP TABLE IF EXISTS `report_rptdelinquency_item`;
/*!40101 SET @saved_cs_client     = @@character_set_client */;
/*!40101 SET character_set_client = utf8 */;
CREATE TABLE `report_rptdelinquency_item` (
  `objid` varchar(50) NOT NULL,
  `parentid` varchar(50) NOT NULL,
  `rptledgerid` varchar(50) NOT NULL,
  `barangayid` varchar(50) NOT NULL,
  `year` int(11) NOT NULL,
  `qtr` int(11) DEFAULT NULL,
  `revtype` varchar(50) NOT NULL,
  `amount` decimal(16,2) NOT NULL,
  `interest` decimal(16,2) NOT NULL,
  `discount` decimal(16,2) NOT NULL,
  PRIMARY KEY (`objid`),
  KEY `fk_rptdelinquency_barangay_rptdelinquency` (`parentid`),
  KEY `fk_rptdelinquency_item_barangay` (`barangayid`),
  KEY `fk_rptdelinquency_item_rptdelinquency` (`parentid`),
  KEY `fk_rptdelinquency_item_rptledger` (`rptledgerid`),
  CONSTRAINT `fk_rptdelinquency_item_rptledger` FOREIGN KEY (`rptledgerid`) REFERENCES `rptledger` (`objid`),
  CONSTRAINT `fk_rptdelinquency_item_barangay` FOREIGN KEY (`barangayid`) REFERENCES `barangay` (`objid`),
  CONSTRAINT `fk_rptdelinquency_item_rptdelinquency` FOREIGN KEY (`parentid`) REFERENCES `report_rptdelinquency` (`objid`)
) ENGINE=InnoDB DEFAULT CHARSET=utf8;
/*!40101 SET character_set_client = @saved_cs_client */;

--
-- Dumping data for table `report_rptdelinquency_item`
--

LOCK TABLES `report_rptdelinquency_item` WRITE;
/*!40000 ALTER TABLE `report_rptdelinquency_item` DISABLE KEYS */;
/*!40000 ALTER TABLE `report_rptdelinquency_item` ENABLE KEYS */;
UNLOCK TABLES;

--
-- Table structure for table `requirement_type`
--

DROP TABLE IF EXISTS `requirement_type`;
/*!40101 SET @saved_cs_client     = @@character_set_client */;
/*!40101 SET character_set_client = utf8 */;
CREATE TABLE `requirement_type` (
  `code` varchar(10) NOT NULL,
  `title` varchar(50) DEFAULT NULL,
  PRIMARY KEY (`code`)
) ENGINE=InnoDB DEFAULT CHARSET=utf8;
/*!40101 SET character_set_client = @saved_cs_client */;

--
-- Dumping data for table `requirement_type`
--

LOCK TABLES `requirement_type` WRITE;
/*!40000 ALTER TABLE `requirement_type` DISABLE KEYS */;
/*!40000 ALTER TABLE `requirement_type` ENABLE KEYS */;
UNLOCK TABLES;

--
-- Table structure for table `resection`
--

DROP TABLE IF EXISTS `resection`;
/*!40101 SET @saved_cs_client     = @@character_set_client */;
/*!40101 SET character_set_client = utf8 */;
CREATE TABLE `resection` (
  `objid` varchar(50) NOT NULL,
  `state` varchar(25) NOT NULL,
  `txnno` varchar(25) NOT NULL,
  `txndate` datetime NOT NULL,
  `lgu_objid` varchar(50) NOT NULL,
  `barangay_objid` varchar(50) NOT NULL,
  `pintype` varchar(3) NOT NULL,
  `section` varchar(3) NOT NULL,
  `originlgu_objid` varchar(50) NOT NULL,
  `memoranda` varchar(255) DEFAULT NULL,
  `taskid` varchar(50) DEFAULT NULL,
  `taskstate` varchar(50) DEFAULT NULL,
  `assignee_objid` varchar(50) DEFAULT NULL,
  PRIMARY KEY (`objid`),
  UNIQUE KEY `ux_resection_txnno` (`txnno`),
  KEY `FK_resection_barangay_org` (`barangay_objid`),
  KEY `FK_resection_lgu_org` (`lgu_objid`),
  KEY `FK_resection_originlgu_org` (`originlgu_objid`),
  KEY `ix_resection_state` (`state`),
  CONSTRAINT `FK_resection_originlgu_org` FOREIGN KEY (`originlgu_objid`) REFERENCES `sys_org` (`objid`),
  CONSTRAINT `FK_resection_barangay_org` FOREIGN KEY (`barangay_objid`) REFERENCES `sys_org` (`objid`),
  CONSTRAINT `FK_resection_lgu_org` FOREIGN KEY (`lgu_objid`) REFERENCES `sys_org` (`objid`)
) ENGINE=InnoDB DEFAULT CHARSET=utf8;
/*!40101 SET character_set_client = @saved_cs_client */;

--
-- Dumping data for table `resection`
--

LOCK TABLES `resection` WRITE;
/*!40000 ALTER TABLE `resection` DISABLE KEYS */;
/*!40000 ALTER TABLE `resection` ENABLE KEYS */;
UNLOCK TABLES;

--
-- Table structure for table `resection_item`
--

DROP TABLE IF EXISTS `resection_item`;
/*!40101 SET @saved_cs_client     = @@character_set_client */;
/*!40101 SET character_set_client = utf8 */;
CREATE TABLE `resection_item` (
  `objid` varchar(50) NOT NULL,
  `parent_objid` varchar(50) NOT NULL,
  `faas_objid` varchar(50) NOT NULL,
  `faas_rputype` varchar(15) NOT NULL,
  `faas_pin` varchar(25) NOT NULL,
  `faas_suffix` int(11) NOT NULL,
  `newfaas_objid` varchar(50) DEFAULT NULL,
  `newfaas_rpuid` varchar(50) DEFAULT NULL,
  `newfaas_rpid` varchar(50) DEFAULT NULL,
  `newfaas_section` varchar(3) DEFAULT NULL,
  `newfaas_parcel` varchar(3) DEFAULT NULL,
  `newfaas_suffix` int(11) DEFAULT NULL,
  `newfaas_tdno` varchar(25) DEFAULT NULL,
  `newfaas_fullpin` varchar(50) DEFAULT NULL,
  `newfaas_claimno` varchar(25) DEFAULT NULL,
  `faas_claimno` varchar(25) DEFAULT NULL,
  PRIMARY KEY (`objid`),
  UNIQUE KEY `ux_resection_item_tdno` (`newfaas_tdno`),
  KEY `FK_resection_item_faas` (`faas_objid`),
  KEY `FK_resection_item_item` (`parent_objid`),
  KEY `FK_resection_item_newfaas` (`newfaas_objid`),
  KEY `ix_resection_item_fullpin` (`newfaas_fullpin`),
  CONSTRAINT `FK_resection_item_newfaas` FOREIGN KEY (`newfaas_objid`) REFERENCES `faas` (`objid`),
  CONSTRAINT `FK_resection_item_faas` FOREIGN KEY (`faas_objid`) REFERENCES `faas` (`objid`),
  CONSTRAINT `FK_resection_item_item` FOREIGN KEY (`parent_objid`) REFERENCES `resection` (`objid`)
) ENGINE=InnoDB DEFAULT CHARSET=utf8;
/*!40101 SET character_set_client = @saved_cs_client */;

--
-- Dumping data for table `resection_item`
--

LOCK TABLES `resection_item` WRITE;
/*!40000 ALTER TABLE `resection_item` DISABLE KEYS */;
/*!40000 ALTER TABLE `resection_item` ENABLE KEYS */;
UNLOCK TABLES;

--
-- Table structure for table `resection_task`
--

DROP TABLE IF EXISTS `resection_task`;
/*!40101 SET @saved_cs_client     = @@character_set_client */;
/*!40101 SET character_set_client = utf8 */;
CREATE TABLE `resection_task` (
  `objid` varchar(50) NOT NULL,
  `refid` varchar(50) DEFAULT NULL,
  `parentprocessid` varchar(50) DEFAULT NULL,
  `state` varchar(50) DEFAULT NULL,
  `startdate` datetime DEFAULT NULL,
  `enddate` datetime DEFAULT NULL,
  `assignee_objid` varchar(50) DEFAULT NULL,
  `assignee_name` varchar(100) DEFAULT NULL,
  `assignee_title` varchar(80) DEFAULT NULL,
  `actor_objid` varchar(50) DEFAULT NULL,
  `actor_name` varchar(100) DEFAULT NULL,
  `actor_title` varchar(80) DEFAULT NULL,
  `message` varchar(255) DEFAULT NULL,
  `signature` longtext,
  PRIMARY KEY (`objid`),
  KEY `ix_assignee_objid` (`assignee_objid`),
  KEY `ix_refid` (`refid`)
) ENGINE=InnoDB DEFAULT CHARSET=utf8;
/*!40101 SET character_set_client = @saved_cs_client */;

--
-- Dumping data for table `resection_task`
--

LOCK TABLES `resection_task` WRITE;
/*!40000 ALTER TABLE `resection_task` DISABLE KEYS */;
/*!40000 ALTER TABLE `resection_task` ENABLE KEYS */;
UNLOCK TABLES;

--
-- Table structure for table `rpt_changeinfo`
--

DROP TABLE IF EXISTS `rpt_changeinfo`;
/*!40101 SET @saved_cs_client     = @@character_set_client */;
/*!40101 SET character_set_client = utf8 */;
CREATE TABLE `rpt_changeinfo` (
  `objid` varchar(50) NOT NULL,
  `faasid` varchar(50) DEFAULT NULL,
  `rpid` varchar(50) DEFAULT NULL,
  `rpuid` varchar(50) DEFAULT NULL,
  `action` varchar(100) NOT NULL,
  `reason` text NOT NULL,
  `newinfo` text NOT NULL,
  `previnfo` text NOT NULL,
  `dtposted` datetime NOT NULL,
  `postedbyid` varchar(50) DEFAULT NULL,
  `postedby` varchar(100) NOT NULL,
  `postedbytitle` varchar(100) NOT NULL,
  `refid` varchar(50) DEFAULT NULL,
  `redflagid` varchar(50) DEFAULT NULL,
  PRIMARY KEY (`objid`)
) ENGINE=InnoDB DEFAULT CHARSET=utf8;
/*!40101 SET character_set_client = @saved_cs_client */;

--
-- Dumping data for table `rpt_changeinfo`
--

LOCK TABLES `rpt_changeinfo` WRITE;
/*!40000 ALTER TABLE `rpt_changeinfo` DISABLE KEYS */;
/*!40000 ALTER TABLE `rpt_changeinfo` ENABLE KEYS */;
UNLOCK TABLES;

--
-- Table structure for table `rpt_redflag`
--

DROP TABLE IF EXISTS `rpt_redflag`;
/*!40101 SET @saved_cs_client     = @@character_set_client */;
/*!40101 SET character_set_client = utf8 */;
CREATE TABLE `rpt_redflag` (
  `objid` varchar(50) NOT NULL,
  `parentid` varchar(50) NOT NULL,
  `state` varchar(30) NOT NULL,
  `refid` varchar(50) NOT NULL,
  `refno` varchar(50) NOT NULL,
  `caseno` varchar(25) NOT NULL,
  `message` text NOT NULL,
  `filedby_date` datetime NOT NULL,
  `filedby_objid` varchar(50) NOT NULL,
  `filedby_name` varchar(150) NOT NULL,
  `action` varchar(50) NOT NULL,
  `resolvedby_objid` varchar(50) DEFAULT NULL,
  `resolvedby_name` varchar(150) DEFAULT NULL,
  `resolvedby_date` datetime DEFAULT NULL,
  `lguid` varchar(15) NOT NULL,
  `dtclosed` datetime DEFAULT NULL,
  `remarks` text,
  `info` text,
  PRIMARY KEY (`objid`),
  UNIQUE KEY `ux_rptredflag_caseno` (`caseno`),
  KEY `ix_rptredflag_refid` (`refid`)
) ENGINE=InnoDB DEFAULT CHARSET=utf8;
/*!40101 SET character_set_client = @saved_cs_client */;

--
-- Dumping data for table `rpt_redflag`
--

LOCK TABLES `rpt_redflag` WRITE;
/*!40000 ALTER TABLE `rpt_redflag` DISABLE KEYS */;
/*!40000 ALTER TABLE `rpt_redflag` ENABLE KEYS */;
UNLOCK TABLES;

--
-- Table structure for table `rpt_requirement`
--

DROP TABLE IF EXISTS `rpt_requirement`;
/*!40101 SET @saved_cs_client     = @@character_set_client */;
/*!40101 SET character_set_client = utf8 */;
CREATE TABLE `rpt_requirement` (
  `objid` varchar(50) NOT NULL,
  `requirementtypeid` varchar(50) NOT NULL,
  `handler` varchar(50) NOT NULL,
  `refid` varchar(50) NOT NULL,
  `value_objid` varchar(50) DEFAULT NULL,
  `value_txnno` varchar(50) DEFAULT NULL,
  `value_txndate` date DEFAULT NULL,
  `value_txnamount` decimal(16,2) DEFAULT NULL,
  `value_remarks` text,
  `complied` int(11) NOT NULL,
  PRIMARY KEY (`objid`),
  KEY `ix_rptrequirement_refid` (`refid`),
  KEY `ix_rptrequirement_requirementtypeid` (`requirementtypeid`),
  KEY `ix_rptrequirement_valueobjid` (`value_objid`),
  CONSTRAINT `rpt_requirement_ibfk_1` FOREIGN KEY (`requirementtypeid`) REFERENCES `rpt_requirement_type` (`objid`)
) ENGINE=InnoDB DEFAULT CHARSET=utf8;
/*!40101 SET character_set_client = @saved_cs_client */;

--
-- Dumping data for table `rpt_requirement`
--

LOCK TABLES `rpt_requirement` WRITE;
/*!40000 ALTER TABLE `rpt_requirement` DISABLE KEYS */;
/*!40000 ALTER TABLE `rpt_requirement` ENABLE KEYS */;
UNLOCK TABLES;

--
-- Table structure for table `rpt_requirement_type`
--

DROP TABLE IF EXISTS `rpt_requirement_type`;
/*!40101 SET @saved_cs_client     = @@character_set_client */;
/*!40101 SET character_set_client = utf8 */;
CREATE TABLE `rpt_requirement_type` (
  `objid` varchar(50) NOT NULL,
  `state` varchar(50) NOT NULL,
  `name` varchar(100) NOT NULL,
  `description` varchar(150) DEFAULT NULL,
  `handler` varchar(100) DEFAULT NULL,
  `sortorder` int(11) NOT NULL,
  PRIMARY KEY (`objid`),
  UNIQUE KEY `ix_rptrequirementtype_name` (`name`)
) ENGINE=InnoDB DEFAULT CHARSET=utf8;
/*!40101 SET character_set_client = @saved_cs_client */;

--
-- Dumping data for table `rpt_requirement_type`
--

LOCK TABLES `rpt_requirement_type` WRITE;
/*!40000 ALTER TABLE `rpt_requirement_type` DISABLE KEYS */;
INSERT INTO `rpt_requirement_type` VALUES ('RT-1e7762e7:15948f58873:-7e3c','DRAFT','LOT DESCRIPTIONS','LOT DESCRIPTIONS','default',0),('RT-46943def:14b27459421:-6cd9','DRAFT','OCULAR INSPECTION WITH PICTURES','OCULAR INSPECTION WITH PICTURES','default',0),('RT-46943def:14b27459421:-7339','DRAFT','TITLE (TCT OR OCT)','TITLE (TCT or OCT)','default',0),('RT-46943def:14b27459421:-735d','DRAFT','INSPECTION REPORT','INSPECTION REPORT WITH PICTURES','default',0),('RT-57ad2604:159d8989236:-2ee5','DRAFT','BILL OF MATERIALS & COST ESTIMATES','BILL OF MATERIALS & COST ESTIMATES','default',0),('RT-e1e86ac:147336bc626:-7ebe','DRAFT','SUBDIVISION PLAN','SUBDIVISION PLAN','default',0),('RT-e1e86ac:147336bc626:-7ecb','DRAFT','CURRENT REALTY TAX RECEIPT','CURRENT TAX RECEIPT','default',0),('RT-ffa2935:150f0188324:-5b4c','DRAFT','SHERIFF\'S PROVISIONAL CERTIFICATE OF SALE','SHERIFF\'S PROVISIONAL CERTIFICATE OF SALE','default',0),('RT199c01a0:15e73a3ae65:-8fd','DRAFT','NOTICE_OF_DELINQUENCY','NOTICE OF DELINQUENCY','default',0),('RT3bf6c1e6:14818203f65:-6fb5','DRAFT','JOINT OCULAR INSPECTION (PASSO / MASSO)','JOINT OCULAR INSPECTION (PASSO / MASSO)','default',0),('RT3bf6c1e6:14818203f65:-6fc2','DRAFT','JOINT OCULAR INSPECTION (PASSO/CASSO/MASSO)','JOINT OCULAR INSPECTION (PASSO/CASSO/MASSO)','default',0),('RT3bf6c1e6:14818203f65:-7197','DRAFT','APPRAISAL COMMITTEE REPORT','APPRAISAL COMMITTEE REPORT (after inspection signatories: Provincial Assessor / Provincial Treasurer / Provincial Engineer)','default',0),('RT3bf6c1e6:14818203f65:-71a4','DRAFT','LETTER OF INTENT BY THE OWNER','LETTER OF INTENT BY THE OWNER','default',0),('RT3bf6c1e6:14818203f65:-71b1','DRAFT','COPY OF TAX DECLARATION','COPY OF TAX DECLARATION','default',0),('RT3bf6c1e6:14818203f65:-71cb','DRAFT','RESOLUTION','RESOLUTION (from requesting party)','default',0),('RT3bf6c1e6:14818203f65:-71d8','DRAFT','PHOTOCOPY OF TMCR / TAXMAP','PHOTOCOPY OF TMCR / TAXMAP','default',0),('RT3bf6c1e6:14818203f65:-71e5','DRAFT','VERIFICATION FEE','VERIFICATION FEE','default',0),('RT3bf6c1e6:14818203f65:-71f2','DRAFT','REQUEST FORM','REQUEST FORM','default',0),('RT3bf6c1e6:14818203f65:-71ff','DRAFT','CERTIFICATION FEE','CERTIFICATION FEE','default',0),('RT3bf6c1e6:14818203f65:-720c','DRAFT','WAIVER OF RIGHTS','WAIVER OF RIGHTS','default',0),('RT3bf6c1e6:14818203f65:-7219','DRAFT','FINALITY OF JUDGEMENT','FINALITY OF JUDGEMENT','default',0),('RT3bf6c1e6:14818203f65:-7227','DRAFT','TAX DECLARATION','TAX DECLARATION','default',0),('RT3bf6c1e6:14818203f65:-723b','DRAFT','LETTER REQUEST','LETTER REQUEST','default',0),('RT3bf6c1e6:14818203f65:-7248','DRAFT','JOINT OCULAR INSPECTION (ACTUAL USE / DEV\'T)','JOINT OCULAR INSPECTION','default',0),('RT3bf6c1e6:14818203f65:-7255','DRAFT','DENR APPLICATION','DENR APPLICATION','default',0),('RT3bf6c1e6:14818203f65:-7263','DRAFT','TRANSFER OF RIGHTS / WAIVER','TRANSFER OF RIGHTS / WAIVER','default',0),('RT3bf6c1e6:14818203f65:-742f','DRAFT','CERTIFICATE AUTHORIZING REGISTRATION (CAR)','CAR (from BIR for TITLE issued 2007 up to present)','default',0),('RT3bf6c1e6:14818203f65:-743c','DRAFT','APPROVED SUBDIVISION PLAN','APPROVED SUBDIVISION PLAN','default',0),('RT3bf6c1e6:14818203f65:-7449','DRAFT','EXTRA JUDICIAL SETTLEMENT','EXTRA JUDICIAL SETTLEMENT','default',0),('RT3bf6c1e6:14818203f65:-7456','DRAFT','DEED OF DONATION','DEED OF DONATION','default',0),('RT3bf6c1e6:14818203f65:-7463','DRAFT','DEED OF SALE','DEED OF SALE','default',0),('RT3bf6c1e6:14818203f65:-7470','DRAFT','APPLICATION CHANGE OF ADMINISTRATOR','APPLICATION CHANGE OF ADMINISTRATOR','default',0),('RT3bf6c1e6:14818203f65:-747d','DRAFT','APPROVED DENR APPLICATION','APPROVED DENR APPLICATION','default',0),('RT3bf6c1e6:14818203f65:-748a','DRAFT','TRANSFER FEE','TRANSFER FEE','default',0),('RT3bf6c1e6:14818203f65:-7497','DRAFT','TRANSFER OF RIGHTS','TRANSFER OF RIGHTS','default',0),('RT3bf6c1e6:14818203f65:-74b1','DRAFT','PICTURE OF THE BUILDING','PICTURE OF THE BUILDING','default',0),('RT3bf6c1e6:14818203f65:-74be','DRAFT','SWORN STATEMENT','SWORN STATEMENT','default',0),('RT3bf6c1e6:14818203f65:-74cb','DRAFT','CERTIFICATE OF OCCUPANCY','CERTIFICATE OF OCCUPANCY','default',0),('RT3bf6c1e6:14818203f65:-74d8','DRAFT','CERTIFICATE OF COMPLETION','CERTIFICATE OF COMPLETION','default',0),('RT3bf6c1e6:14818203f65:-74e5','DRAFT','BUILDING PERMIT','BUILDING PERMIT','default',0),('RT3bf6c1e6:14818203f65:-74f2','DRAFT','BUILDING PLANS','BUILDING PLANS','default',0),('RT3bf6c1e6:14818203f65:-74ff','DRAFT','DENR TECHNICAL DESCRIPTION','DENR TECHNICAL DESCRIPTION','default',0),('RT3bf6c1e6:14818203f65:-752c','DRAFT','DENR APPLICATION MSA / HOMESTEAD','DENR APPLICATION MSA / HOMESTEAD','default',0),('RT3bf6c1e6:14818203f65:-753a','DRAFT','TAX CLEARANCE','TAX CLEARANCE','default',0),('RT3c527d33:15334adb070:-7e7e','DRAFT','REQUEST LETTER FOR INSPECTION','REQUEST LETTER FOR INSPECTION','default',0),('RT6093ae23:15fdc36906c:-6697','APPROVED','EP/CLOA DISTRIBUTION TO ARB\'S','EP/CLOA DISTRIBUTION TO ARB\'S','default',0),('RT660ae36c:15dabc7dd63:-780a','APPROVED','OCULAR INSPECTION FEE','OCULAR INSPECTION FEE','default',0),('RTb6eadb5:14ecceb15d5:-6d39','DRAFT','CERTIFIED COPY OF TITLE (TCT / OCT)','Certified Copy of Title (TCT / OCT)','default',0),('RTb6eadb5:14ecceb15d5:-6db0','DRAFT','APPROVED SURVEY PLAN','Approved Survey Plan','default',0),('RTb6eadb5:14ecceb15d5:-6e1b','DRAFT','CERTIFIED COPY OF FREE PATENT','Certified Copy of Free Patent / Homestead or Miscellaneous Sales Application','default',0),('RTc7dd8da:162617dd6cd:-5502','APPROVED','PROPERTY INDEX MAP','PROPERTY INDEX MAP','default',0);
/*!40000 ALTER TABLE `rpt_requirement_type` ENABLE KEYS */;
UNLOCK TABLES;

--
-- Table structure for table `rpt_sales_data`
--

DROP TABLE IF EXISTS `rpt_sales_data`;
/*!40101 SET @saved_cs_client     = @@character_set_client */;
/*!40101 SET character_set_client = utf8 */;
CREATE TABLE `rpt_sales_data` (
  `objid` varchar(50) NOT NULL,
  `seller_name` varchar(250) NOT NULL,
  `seller_address` varchar(100) NOT NULL,
  `buyer_name` varchar(250) NOT NULL,
  `buyer_address` varchar(100) NOT NULL,
  `saledate` date NOT NULL,
  `amount` decimal(16,2) NOT NULL,
  `remarks` text,
  PRIMARY KEY (`objid`),
  KEY `ix_buyername` (`buyer_name`),
  KEY `ix_sellername` (`seller_name`),
  CONSTRAINT `rpt_sales_data_ibfk_1` FOREIGN KEY (`objid`) REFERENCES `faas` (`objid`)
) ENGINE=InnoDB DEFAULT CHARSET=utf8;
/*!40101 SET character_set_client = @saved_cs_client */;

--
-- Dumping data for table `rpt_sales_data`
--

LOCK TABLES `rpt_sales_data` WRITE;
/*!40000 ALTER TABLE `rpt_sales_data` DISABLE KEYS */;
/*!40000 ALTER TABLE `rpt_sales_data` ENABLE KEYS */;
UNLOCK TABLES;

--
-- Table structure for table `rpt_sms`
--

DROP TABLE IF EXISTS `rpt_sms`;
/*!40101 SET @saved_cs_client     = @@character_set_client */;
/*!40101 SET character_set_client = utf8 */;
CREATE TABLE `rpt_sms` (
  `objid` varchar(50) NOT NULL,
  `traceid` varchar(50) DEFAULT NULL,
  `phoneno` varchar(50) NOT NULL,
  `logdate` datetime NOT NULL,
  `message` text,
  `amount` decimal(10,2) NOT NULL,
  `amtpaid` decimal(10,2) NOT NULL,
  `action` varchar(100) DEFAULT NULL,
  `status` varchar(25) DEFAULT NULL,
  PRIMARY KEY (`objid`),
  KEY `ix_rptsms_phoneno` (`phoneno`),
  KEY `ix_rptsms_traceid` (`traceid`)
) ENGINE=InnoDB DEFAULT CHARSET=utf8;
/*!40101 SET character_set_client = @saved_cs_client */;

--
-- Dumping data for table `rpt_sms`
--

LOCK TABLES `rpt_sms` WRITE;
/*!40000 ALTER TABLE `rpt_sms` DISABLE KEYS */;
/*!40000 ALTER TABLE `rpt_sms` ENABLE KEYS */;
UNLOCK TABLES;

--
-- Table structure for table `rpt_sms_registration`
--

DROP TABLE IF EXISTS `rpt_sms_registration`;
/*!40101 SET @saved_cs_client     = @@character_set_client */;
/*!40101 SET character_set_client = utf8 */;
CREATE TABLE `rpt_sms_registration` (
  `phoneno` varchar(25) NOT NULL,
  `refid` varchar(50) NOT NULL,
  `dtregistered` datetime NOT NULL,
  PRIMARY KEY (`phoneno`,`refid`),
  KEY `ix_rptsmsreg_refid` (`refid`)
) ENGINE=InnoDB DEFAULT CHARSET=utf8;
/*!40101 SET character_set_client = @saved_cs_client */;

--
-- Dumping data for table `rpt_sms_registration`
--

LOCK TABLES `rpt_sms_registration` WRITE;
/*!40000 ALTER TABLE `rpt_sms_registration` DISABLE KEYS */;
/*!40000 ALTER TABLE `rpt_sms_registration` ENABLE KEYS */;
UNLOCK TABLES;

--
-- Table structure for table `rpt_syncdata`
--

DROP TABLE IF EXISTS `rpt_syncdata`;
/*!40101 SET @saved_cs_client     = @@character_set_client */;
/*!40101 SET character_set_client = utf8 */;
CREATE TABLE `rpt_syncdata` (
  `objid` varchar(50) NOT NULL,
  `state` varchar(25) NOT NULL,
  `refid` varchar(50) NOT NULL,
  `reftype` varchar(50) NOT NULL,
  `refno` varchar(50) NOT NULL,
  `action` varchar(50) NOT NULL,
  `dtfiled` datetime NOT NULL,
  `orgid` varchar(50) NOT NULL,
  `remote_orgid` varchar(50) DEFAULT NULL,
  `remote_orgcode` varchar(5) DEFAULT NULL,
  `remote_orgclass` varchar(25) DEFAULT NULL,
  `sender_objid` varchar(50) DEFAULT NULL,
  `sender_name` varchar(255) DEFAULT NULL,
  `sender_title` varchar(80) DEFAULT NULL,
  `info` text,
  PRIMARY KEY (`objid`),
  KEY `ix_orgid` (`orgid`),
  KEY `ix_refid` (`refid`),
  KEY `ix_refno` (`refno`),
  KEY `ix_state` (`state`)
) ENGINE=InnoDB DEFAULT CHARSET=utf8;
/*!40101 SET character_set_client = @saved_cs_client */;

--
-- Dumping data for table `rpt_syncdata`
--

LOCK TABLES `rpt_syncdata` WRITE;
/*!40000 ALTER TABLE `rpt_syncdata` DISABLE KEYS */;
/*!40000 ALTER TABLE `rpt_syncdata` ENABLE KEYS */;
UNLOCK TABLES;

--
-- Table structure for table `rpt_syncdata_completed`
--

DROP TABLE IF EXISTS `rpt_syncdata_completed`;
/*!40101 SET @saved_cs_client     = @@character_set_client */;
/*!40101 SET character_set_client = utf8 */;
CREATE TABLE `rpt_syncdata_completed` (
  `objid` varchar(255) NOT NULL,
  `idx` int(11) DEFAULT NULL,
  `action` varchar(100) DEFAULT NULL,
  `refno` varchar(50) DEFAULT NULL,
  `refid` varchar(50) DEFAULT NULL,
  `reftype` varchar(50) DEFAULT NULL,
  `parent_orgid` varchar(50) DEFAULT NULL,
  `sender_name` varchar(255) DEFAULT NULL,
  `sender_title` varchar(255) DEFAULT NULL,
  `dtcreated` datetime DEFAULT NULL,
  PRIMARY KEY (`objid`),
  KEY `ix_parent_orgid` (`parent_orgid`),
  KEY `ix_refid` (`refid`),
  KEY `ix_refno` (`refno`)
) ENGINE=InnoDB DEFAULT CHARSET=utf8;
/*!40101 SET character_set_client = @saved_cs_client */;

--
-- Dumping data for table `rpt_syncdata_completed`
--

LOCK TABLES `rpt_syncdata_completed` WRITE;
/*!40000 ALTER TABLE `rpt_syncdata_completed` DISABLE KEYS */;
/*!40000 ALTER TABLE `rpt_syncdata_completed` ENABLE KEYS */;
UNLOCK TABLES;

--
-- Table structure for table `rpt_syncdata_error`
--

DROP TABLE IF EXISTS `rpt_syncdata_error`;
/*!40101 SET @saved_cs_client     = @@character_set_client */;
/*!40101 SET character_set_client = utf8 */;
CREATE TABLE `rpt_syncdata_error` (
  `objid` varchar(50) NOT NULL,
  `filekey` varchar(1000) NOT NULL,
  `error` text,
  `refid` varchar(50) NOT NULL,
  `reftype` varchar(50) NOT NULL,
  `refno` varchar(50) NOT NULL,
  `action` varchar(50) NOT NULL,
  `idx` int(11) NOT NULL,
  `info` text,
  `parent` text,
  `remote_orgid` varchar(50) DEFAULT NULL,
  `remote_orgcode` varchar(5) DEFAULT NULL,
  `remote_orgclass` varchar(50) DEFAULT NULL,
  PRIMARY KEY (`objid`),
  KEY `ix_filekey` (`filekey`(255)),
  KEY `ix_refid` (`refid`),
  KEY `ix_refno` (`refno`),
  KEY `ix_remote_orgcode` (`remote_orgcode`),
  KEY `ix_remote_orgid` (`remote_orgid`)
) ENGINE=InnoDB DEFAULT CHARSET=utf8;
/*!40101 SET character_set_client = @saved_cs_client */;

--
-- Dumping data for table `rpt_syncdata_error`
--

LOCK TABLES `rpt_syncdata_error` WRITE;
/*!40000 ALTER TABLE `rpt_syncdata_error` DISABLE KEYS */;
/*!40000 ALTER TABLE `rpt_syncdata_error` ENABLE KEYS */;
UNLOCK TABLES;

--
-- Table structure for table `rpt_syncdata_forsync`
--

DROP TABLE IF EXISTS `rpt_syncdata_forsync`;
/*!40101 SET @saved_cs_client     = @@character_set_client */;
/*!40101 SET character_set_client = utf8 */;
CREATE TABLE `rpt_syncdata_forsync` (
  `objid` varchar(50) NOT NULL,
  `reftype` varchar(50) NOT NULL,
  `refno` varchar(50) NOT NULL,
  `action` varchar(50) NOT NULL,
  `orgid` varchar(50) NOT NULL,
  `dtfiled` datetime NOT NULL,
  `createdby_objid` varchar(50) DEFAULT NULL,
  `createdby_name` varchar(255) DEFAULT NULL,
  `createdby_title` varchar(50) DEFAULT NULL,
  `remote_orgid` varchar(15) DEFAULT NULL,
  `state` varchar(25) DEFAULT NULL,
  `info` text,
  PRIMARY KEY (`objid`),
  KEY `ix_orgid` (`orgid`),
  KEY `ix_refno` (`refno`),
  KEY `ix_state` (`state`)
) ENGINE=InnoDB DEFAULT CHARSET=utf8;
/*!40101 SET character_set_client = @saved_cs_client */;

--
-- Dumping data for table `rpt_syncdata_forsync`
--

LOCK TABLES `rpt_syncdata_forsync` WRITE;
/*!40000 ALTER TABLE `rpt_syncdata_forsync` DISABLE KEYS */;
/*!40000 ALTER TABLE `rpt_syncdata_forsync` ENABLE KEYS */;
UNLOCK TABLES;

--
-- Table structure for table `rpt_syncdata_item`
--

DROP TABLE IF EXISTS `rpt_syncdata_item`;
/*!40101 SET @saved_cs_client     = @@character_set_client */;
/*!40101 SET character_set_client = utf8 */;
CREATE TABLE `rpt_syncdata_item` (
  `objid` varchar(50) NOT NULL,
  `parentid` varchar(50) NOT NULL,
  `state` varchar(25) NOT NULL,
  `refid` varchar(50) NOT NULL,
  `reftype` varchar(50) NOT NULL,
  `refno` varchar(50) NOT NULL,
  `action` varchar(50) NOT NULL,
  `idx` int(11) NOT NULL,
  `info` text,
  PRIMARY KEY (`objid`),
  KEY `ix_parentid` (`parentid`),
  KEY `ix_refid` (`refid`),
  KEY `ix_refno` (`refno`),
  KEY `ix_state` (`state`),
  CONSTRAINT `FK_parentid_rpt_syncdata` FOREIGN KEY (`parentid`) REFERENCES `rpt_syncdata` (`objid`)
) ENGINE=InnoDB DEFAULT CHARSET=utf8;
/*!40101 SET character_set_client = @saved_cs_client */;

--
-- Dumping data for table `rpt_syncdata_item`
--

LOCK TABLES `rpt_syncdata_item` WRITE;
/*!40000 ALTER TABLE `rpt_syncdata_item` DISABLE KEYS */;
/*!40000 ALTER TABLE `rpt_syncdata_item` ENABLE KEYS */;
UNLOCK TABLES;

--
-- Table structure for table `rptacknowledgement`
--

DROP TABLE IF EXISTS `rptacknowledgement`;
/*!40101 SET @saved_cs_client     = @@character_set_client */;
/*!40101 SET character_set_client = utf8 */;
CREATE TABLE `rptacknowledgement` (
  `objid` varchar(50) NOT NULL,
  `state` varchar(25) NOT NULL,
  `txnno` varchar(25) NOT NULL,
  `txndate` datetime DEFAULT NULL,
  `taxpayer_objid` varchar(50) DEFAULT NULL,
  `txntype_objid` varchar(50) DEFAULT NULL,
  `releasedate` datetime DEFAULT NULL,
  `releasemode` varchar(50) DEFAULT NULL,
  `receivedby` varchar(255) DEFAULT NULL,
  `remarks` varchar(255) DEFAULT NULL,
  `pin` varchar(25) DEFAULT NULL,
  `createdby_objid` varchar(25) DEFAULT NULL,
  `createdby_name` varchar(25) DEFAULT NULL,
  `createdby_title` varchar(25) DEFAULT NULL,
  PRIMARY KEY (`objid`),
  UNIQUE KEY `ux_rptacknowledgement_txnno` (`txnno`),
  KEY `ix_rptacknowledgement_pin` (`pin`),
  KEY `ix_rptacknowledgement_taxpayerid` (`taxpayer_objid`)
) ENGINE=InnoDB DEFAULT CHARSET=utf8;
/*!40101 SET character_set_client = @saved_cs_client */;

--
-- Dumping data for table `rptacknowledgement`
--

LOCK TABLES `rptacknowledgement` WRITE;
/*!40000 ALTER TABLE `rptacknowledgement` DISABLE KEYS */;
/*!40000 ALTER TABLE `rptacknowledgement` ENABLE KEYS */;
UNLOCK TABLES;

--
-- Table structure for table `rptacknowledgement_item`
--

DROP TABLE IF EXISTS `rptacknowledgement_item`;
/*!40101 SET @saved_cs_client     = @@character_set_client */;
/*!40101 SET character_set_client = utf8 */;
CREATE TABLE `rptacknowledgement_item` (
  `objid` varchar(50) NOT NULL,
  `parent_objid` varchar(50) NOT NULL,
  `trackingno` varchar(25) DEFAULT NULL,
  `faas_objid` varchar(50) DEFAULT NULL,
  `newfaas_objid` varchar(50) DEFAULT NULL,
  `remarks` varchar(255) DEFAULT NULL,
  PRIMARY KEY (`objid`),
  UNIQUE KEY `ux_rptacknowledgement_itemno` (`trackingno`),
  KEY `ix_rptacknowledgement_item_faasid` (`faas_objid`),
  KEY `ix_rptacknowledgement_item_newfaasid` (`newfaas_objid`),
  KEY `ix_rptacknowledgement_parentid` (`parent_objid`),
  CONSTRAINT `fk_rptacknowledgement_item_rptacknowledgement` FOREIGN KEY (`parent_objid`) REFERENCES `rptacknowledgement` (`objid`)
) ENGINE=InnoDB DEFAULT CHARSET=utf8;
/*!40101 SET character_set_client = @saved_cs_client */;

--
-- Dumping data for table `rptacknowledgement_item`
--

LOCK TABLES `rptacknowledgement_item` WRITE;
/*!40000 ALTER TABLE `rptacknowledgement_item` DISABLE KEYS */;
/*!40000 ALTER TABLE `rptacknowledgement_item` ENABLE KEYS */;
UNLOCK TABLES;

--
-- Table structure for table `rptbill`
--

DROP TABLE IF EXISTS `rptbill`;
/*!40101 SET @saved_cs_client     = @@character_set_client */;
/*!40101 SET character_set_client = utf8 */;
CREATE TABLE `rptbill` (
  `objid` varchar(50) NOT NULL,
  `taxpayer_objid` varchar(50) NOT NULL,
  `barcode` varchar(25) NOT NULL,
  `expirydate` date NOT NULL,
  `postedby` varchar(100) NOT NULL,
  `postedbytitle` varchar(50) DEFAULT NULL,
  `billtoyear` int(11) DEFAULT NULL,
  `billtoqtr` int(11) DEFAULT NULL,
  `dtposted` datetime DEFAULT NULL,
  `taxpayer_name` text,
  `taxpayer_address` varchar(150) DEFAULT NULL,
  PRIMARY KEY (`objid`),
  KEY `taxpayer_objid` (`taxpayer_objid`),
  CONSTRAINT `rptbill_ibfk_1` FOREIGN KEY (`taxpayer_objid`) REFERENCES `entity` (`objid`)
) ENGINE=InnoDB DEFAULT CHARSET=utf8;
/*!40101 SET character_set_client = @saved_cs_client */;

--
-- Dumping data for table `rptbill`
--

LOCK TABLES `rptbill` WRITE;
/*!40000 ALTER TABLE `rptbill` DISABLE KEYS */;
/*!40000 ALTER TABLE `rptbill` ENABLE KEYS */;
UNLOCK TABLES;

--
-- Table structure for table `rptbill_ledger`
--

DROP TABLE IF EXISTS `rptbill_ledger`;
/*!40101 SET @saved_cs_client     = @@character_set_client */;
/*!40101 SET character_set_client = utf8 */;
CREATE TABLE `rptbill_ledger` (
  `rptledgerid` varchar(50) NOT NULL DEFAULT '',
  `billid` varchar(50) NOT NULL DEFAULT '',
  `updateflag` varchar(50) DEFAULT NULL,
  PRIMARY KEY (`billid`,`rptledgerid`),
  KEY `rptbillid` (`billid`),
  KEY `rptledgerid` (`rptledgerid`),
  CONSTRAINT `FK_rptbillledger_rptledger` FOREIGN KEY (`rptledgerid`) REFERENCES `rptledger` (`objid`),
  CONSTRAINT `FK_rptbillledger_rptbill` FOREIGN KEY (`billid`) REFERENCES `rptbill` (`objid`)
) ENGINE=InnoDB DEFAULT CHARSET=utf8;
/*!40101 SET character_set_client = @saved_cs_client */;

--
-- Dumping data for table `rptbill_ledger`
--

LOCK TABLES `rptbill_ledger` WRITE;
/*!40000 ALTER TABLE `rptbill_ledger` DISABLE KEYS */;
/*!40000 ALTER TABLE `rptbill_ledger` ENABLE KEYS */;
UNLOCK TABLES;

--
-- Table structure for table `rptcertification`
--

DROP TABLE IF EXISTS `rptcertification`;
/*!40101 SET @saved_cs_client     = @@character_set_client */;
/*!40101 SET character_set_client = utf8 */;
CREATE TABLE `rptcertification` (
  `objid` varchar(50) NOT NULL,
  `txnno` varchar(25) NOT NULL,
  `txndate` datetime NOT NULL,
  `opener` varchar(50) NOT NULL,
  `faasid` varchar(50) DEFAULT NULL,
  `taxpayer_objid` varchar(50) DEFAULT NULL,
  `taxpayer_name` longtext NOT NULL,
  `taxpayer_address` varchar(150) DEFAULT NULL,
  `requestedby` longtext NOT NULL,
  `requestedbyaddress` varchar(100) NOT NULL,
  `purpose` text,
  `certifiedby` varchar(150) NOT NULL,
  `certifiedbytitle` varchar(50) NOT NULL,
  `byauthority` varchar(150) DEFAULT NULL,
  `byauthoritytitle` varchar(50) DEFAULT NULL,
  `official` int(11) NOT NULL,
  `orno` varchar(25) DEFAULT NULL,
  `ordate` datetime DEFAULT NULL,
  `oramount` decimal(16,2) NOT NULL,
  `stampamount` decimal(16,2) NOT NULL,
  `createdbyid` varchar(50) DEFAULT NULL,
  `createdby` varchar(150) NOT NULL,
  `createdbytitle` varchar(50) NOT NULL,
  `office` varchar(50) DEFAULT NULL,
  `addlinfo` text,
  `attestedby` varchar(150) DEFAULT NULL,
  `attestedbytitle` varchar(50) DEFAULT NULL,
  `asofyear` int(11) DEFAULT NULL,
  `year` int(11) DEFAULT NULL,
  `qtr` int(11) DEFAULT NULL,
  `properties` text,
  PRIMARY KEY (`objid`),
  KEY `createdbyid` (`createdbyid`),
  KEY `FK_rptcertification_faas` (`faasid`),
  KEY `ix_rptcertification_office` (`office`),
  KEY `ix_rptcertification_office_txnno` (`office`,`txnno`),
  KEY `ix_rptcertification_taxpayerid` (`taxpayer_objid`),
  CONSTRAINT `rptcertification_ibfk_3` FOREIGN KEY (`createdbyid`) REFERENCES `sys_user` (`objid`),
  CONSTRAINT `rptcertification_ibfk_1` FOREIGN KEY (`faasid`) REFERENCES `faas` (`objid`),
  CONSTRAINT `rptcertification_ibfk_2` FOREIGN KEY (`taxpayer_objid`) REFERENCES `entity` (`objid`)
) ENGINE=InnoDB DEFAULT CHARSET=utf8;
/*!40101 SET character_set_client = @saved_cs_client */;

--
-- Dumping data for table `rptcertification`
--

LOCK TABLES `rptcertification` WRITE;
/*!40000 ALTER TABLE `rptcertification` DISABLE KEYS */;
/*!40000 ALTER TABLE `rptcertification` ENABLE KEYS */;
UNLOCK TABLES;

--
-- Table structure for table `rptcertification_online`
--

DROP TABLE IF EXISTS `rptcertification_online`;
/*!40101 SET @saved_cs_client     = @@character_set_client */;
/*!40101 SET character_set_client = utf8 */;
CREATE TABLE `rptcertification_online` (
  `objid` varchar(50) NOT NULL,
  `state` varchar(25) NOT NULL,
  `reftype` varchar(25) NOT NULL,
  `refid` varchar(50) NOT NULL,
  `refno` varchar(50) NOT NULL,
  `refdate` date NOT NULL,
  `orno` varchar(25) DEFAULT NULL,
  `ordate` date DEFAULT NULL,
  `oramount` decimal(16,2) DEFAULT NULL,
  PRIMARY KEY (`objid`),
  KEY `ix_orno` (`orno`),
  KEY `ix_refid` (`refid`),
  KEY `ix_refno` (`refno`),
  KEY `ix_state` (`state`),
  CONSTRAINT `fk_rptcertification_online_rptcertification` FOREIGN KEY (`objid`) REFERENCES `rptcertification` (`objid`)
) ENGINE=InnoDB DEFAULT CHARSET=utf8;
/*!40101 SET character_set_client = @saved_cs_client */;

--
-- Dumping data for table `rptcertification_online`
--

LOCK TABLES `rptcertification_online` WRITE;
/*!40000 ALTER TABLE `rptcertification_online` DISABLE KEYS */;
/*!40000 ALTER TABLE `rptcertification_online` ENABLE KEYS */;
UNLOCK TABLES;

--
-- Table structure for table `rptcertificationitem`
--

DROP TABLE IF EXISTS `rptcertificationitem`;
/*!40101 SET @saved_cs_client     = @@character_set_client */;
/*!40101 SET character_set_client = utf8 */;
CREATE TABLE `rptcertificationitem` (
  `rptcertificationid` varchar(50) NOT NULL,
  `refid` varchar(50) NOT NULL,
  KEY `FK_rptcertificationitem_rptcertification` (`rptcertificationid`),
  KEY `ix_rptcertificationitem_refid` (`refid`),
  CONSTRAINT `rptcertificationitem_ibfk_1` FOREIGN KEY (`rptcertificationid`) REFERENCES `rptcertification` (`objid`)
) ENGINE=InnoDB DEFAULT CHARSET=utf8;
/*!40101 SET character_set_client = @saved_cs_client */;

--
-- Dumping data for table `rptcertificationitem`
--

LOCK TABLES `rptcertificationitem` WRITE;
/*!40000 ALTER TABLE `rptcertificationitem` DISABLE KEYS */;
/*!40000 ALTER TABLE `rptcertificationitem` ENABLE KEYS */;
UNLOCK TABLES;

--
-- Table structure for table `rptcompromise`
--

DROP TABLE IF EXISTS `rptcompromise`;
/*!40101 SET @saved_cs_client     = @@character_set_client */;
/*!40101 SET character_set_client = utf8 */;
CREATE TABLE `rptcompromise` (
  `objid` varchar(50) NOT NULL,
  `state` varchar(25) NOT NULL,
  `txnno` varchar(25) NOT NULL,
  `txndate` date NOT NULL,
  `faasid` varchar(50) DEFAULT NULL,
  `rptledgerid` varchar(50) NOT NULL,
  `lastyearpaid` int(11) NOT NULL,
  `lastqtrpaid` int(11) NOT NULL,
  `startyear` int(11) NOT NULL,
  `startqtr` int(11) NOT NULL,
  `endyear` int(11) NOT NULL,
  `endqtr` int(11) NOT NULL,
  `enddate` date NOT NULL,
  `cypaymentrequired` int(11) DEFAULT NULL,
  `cypaymentorno` varchar(10) DEFAULT NULL,
  `cypaymentordate` date DEFAULT NULL,
  `cypaymentoramount` decimal(10,2) DEFAULT NULL,
  `downpaymentrequired` int(11) NOT NULL,
  `downpaymentrate` decimal(10,0) NOT NULL,
  `downpayment` decimal(10,2) NOT NULL,
  `downpaymentorno` varchar(50) DEFAULT NULL,
  `downpaymentordate` date DEFAULT NULL,
  `term` int(11) NOT NULL,
  `numofinstallment` int(11) NOT NULL,
  `amount` decimal(16,2) NOT NULL,
  `amtforinstallment` decimal(16,2) NOT NULL,
  `amtpaid` decimal(16,2) NOT NULL,
  `firstpartyname` varchar(100) NOT NULL,
  `firstpartytitle` varchar(50) NOT NULL,
  `firstpartyaddress` varchar(100) NOT NULL,
  `firstpartyctcno` varchar(15) NOT NULL,
  `firstpartyctcissued` varchar(100) NOT NULL,
  `firstpartyctcdate` date NOT NULL,
  `firstpartynationality` varchar(50) NOT NULL,
  `firstpartystatus` varchar(50) NOT NULL,
  `firstpartygender` varchar(10) NOT NULL,
  `secondpartyrepresentative` varchar(100) NOT NULL,
  `secondpartyname` varchar(100) NOT NULL,
  `secondpartyaddress` varchar(100) NOT NULL,
  `secondpartyctcno` varchar(15) NOT NULL,
  `secondpartyctcissued` varchar(100) NOT NULL,
  `secondpartyctcdate` date NOT NULL,
  `secondpartynationality` varchar(50) NOT NULL,
  `secondpartystatus` varchar(50) NOT NULL,
  `secondpartygender` varchar(10) NOT NULL,
  `dtsigned` date DEFAULT NULL,
  `notarizeddate` date DEFAULT NULL,
  `notarizedby` varchar(100) DEFAULT NULL,
  `notarizedbytitle` varchar(50) DEFAULT NULL,
  `signatories` varchar(1000) NOT NULL,
  `manualdiff` decimal(16,2) NOT NULL DEFAULT '0.00',
  `cypaymentreceiptid` varchar(50) DEFAULT NULL,
  `downpaymentreceiptid` varchar(50) DEFAULT NULL,
  PRIMARY KEY (`objid`),
  KEY `ix_rptcompromise_faasid` (`faasid`),
  KEY `ix_rptcompromise_ledgerid` (`rptledgerid`),
  CONSTRAINT `fk_rptcompromise_rptledger` FOREIGN KEY (`rptledgerid`) REFERENCES `rptledger` (`objid`),
  CONSTRAINT `fk_rptcompromise_faas` FOREIGN KEY (`faasid`) REFERENCES `faas` (`objid`)
) ENGINE=InnoDB DEFAULT CHARSET=utf8;
/*!40101 SET character_set_client = @saved_cs_client */;

--
-- Dumping data for table `rptcompromise`
--

LOCK TABLES `rptcompromise` WRITE;
/*!40000 ALTER TABLE `rptcompromise` DISABLE KEYS */;
/*!40000 ALTER TABLE `rptcompromise` ENABLE KEYS */;
UNLOCK TABLES;

--
-- Table structure for table `rptcompromise_credit`
--

DROP TABLE IF EXISTS `rptcompromise_credit`;
/*!40101 SET @saved_cs_client     = @@character_set_client */;
/*!40101 SET character_set_client = utf8 */;
CREATE TABLE `rptcompromise_credit` (
  `objid` varchar(50) NOT NULL,
  `parentid` varchar(50) NOT NULL,
  `receiptid` varchar(50) DEFAULT NULL,
  `installmentid` varchar(50) DEFAULT NULL,
  `collector_name` varchar(100) NOT NULL,
  `collector_title` varchar(50) NOT NULL,
  `orno` varchar(10) NOT NULL,
  `ordate` date NOT NULL,
  `oramount` decimal(16,2) NOT NULL,
  `amount` decimal(16,2) NOT NULL,
  `mode` varchar(50) NOT NULL,
  `paidby` varchar(150) NOT NULL,
  `paidbyaddress` varchar(100) NOT NULL,
  `partial` int(11) DEFAULT NULL,
  `remarks` varchar(100) DEFAULT NULL,
  PRIMARY KEY (`objid`),
  KEY `ix_rptcompromise_credit_installmentid` (`installmentid`),
  KEY `ix_rptcompromise_credit_parentid` (`parentid`),
  KEY `ix_rptcompromise_credit_receiptid` (`receiptid`),
  CONSTRAINT `fk_rptcompromise_credit_rptcompromise_installment` FOREIGN KEY (`installmentid`) REFERENCES `rptcompromise_installment` (`objid`),
  CONSTRAINT `fk_rptcompromise_credit_cashreceipt` FOREIGN KEY (`receiptid`) REFERENCES `cashreceipt` (`objid`),
  CONSTRAINT `fk_rptcompromise_credit_rptcompromise` FOREIGN KEY (`parentid`) REFERENCES `rptcompromise` (`objid`)
) ENGINE=InnoDB DEFAULT CHARSET=utf8;
/*!40101 SET character_set_client = @saved_cs_client */;

--
-- Dumping data for table `rptcompromise_credit`
--

LOCK TABLES `rptcompromise_credit` WRITE;
/*!40000 ALTER TABLE `rptcompromise_credit` DISABLE KEYS */;
/*!40000 ALTER TABLE `rptcompromise_credit` ENABLE KEYS */;
UNLOCK TABLES;

--
-- Table structure for table `rptcompromise_installment`
--

DROP TABLE IF EXISTS `rptcompromise_installment`;
/*!40101 SET @saved_cs_client     = @@character_set_client */;
/*!40101 SET character_set_client = utf8 */;
CREATE TABLE `rptcompromise_installment` (
  `objid` varchar(50) NOT NULL,
  `parentid` varchar(50) NOT NULL,
  `installmentno` int(11) NOT NULL,
  `duedate` date NOT NULL,
  `amount` decimal(16,2) NOT NULL,
  `amtpaid` decimal(16,2) NOT NULL,
  `fullypaid` int(11) NOT NULL,
  PRIMARY KEY (`objid`),
  KEY `ix_rptcompromise_installment_rptcompromiseid` (`parentid`),
  CONSTRAINT `fk_rptcompromise_installment_rptcompromise` FOREIGN KEY (`parentid`) REFERENCES `rptcompromise` (`objid`)
) ENGINE=InnoDB DEFAULT CHARSET=utf8;
/*!40101 SET character_set_client = @saved_cs_client */;

--
-- Dumping data for table `rptcompromise_installment`
--

LOCK TABLES `rptcompromise_installment` WRITE;
/*!40000 ALTER TABLE `rptcompromise_installment` DISABLE KEYS */;
/*!40000 ALTER TABLE `rptcompromise_installment` ENABLE KEYS */;
UNLOCK TABLES;

--
-- Table structure for table `rptcompromise_item`
--

DROP TABLE IF EXISTS `rptcompromise_item`;
/*!40101 SET @saved_cs_client     = @@character_set_client */;
/*!40101 SET character_set_client = utf8 */;
CREATE TABLE `rptcompromise_item` (
  `objid` varchar(50) NOT NULL,
  `parentid` varchar(50) NOT NULL,
  `rptledgerfaasid` varchar(50) NOT NULL,
  `revtype` varchar(50) NOT NULL,
  `revperiod` varchar(50) NOT NULL,
  `year` int(11) NOT NULL,
  `amount` decimal(16,2) NOT NULL,
  `amtpaid` decimal(16,2) NOT NULL,
  `interest` decimal(16,2) NOT NULL,
  `interestpaid` decimal(16,2) NOT NULL,
  `priority` int(11) DEFAULT NULL,
  `taxdifference` int(11) DEFAULT NULL,
  `qtr` int(11) DEFAULT NULL,
  PRIMARY KEY (`objid`),
  KEY `ix_rptcompromise_item_rptcompromise` (`parentid`),
  KEY `ix_rptcompromise_item_rptledgerfaas` (`rptledgerfaasid`),
  CONSTRAINT `fk_rptcompromise_item_rptledgerfaas` FOREIGN KEY (`rptledgerfaasid`) REFERENCES `rptledgerfaas` (`objid`),
  CONSTRAINT `fk_rptcompromise_item_rptcompromise` FOREIGN KEY (`parentid`) REFERENCES `rptcompromise` (`objid`)
) ENGINE=InnoDB DEFAULT CHARSET=utf8;
/*!40101 SET character_set_client = @saved_cs_client */;

--
-- Dumping data for table `rptcompromise_item`
--

LOCK TABLES `rptcompromise_item` WRITE;
/*!40000 ALTER TABLE `rptcompromise_item` DISABLE KEYS */;
/*!40000 ALTER TABLE `rptcompromise_item` ENABLE KEYS */;
UNLOCK TABLES;

--
-- Table structure for table `rptexpiry`
--

DROP TABLE IF EXISTS `rptexpiry`;
/*!40101 SET @saved_cs_client     = @@character_set_client */;
/*!40101 SET character_set_client = utf8 */;
CREATE TABLE `rptexpiry` (
  `iyear` int(11) NOT NULL,
  `iqtr` int(11) NOT NULL,
  `expirytype` varchar(50) NOT NULL,
  `expirydate` datetime DEFAULT NULL,
  `reason` varchar(100) DEFAULT NULL,
  PRIMARY KEY (`expirytype`,`iqtr`,`iyear`),
  KEY `ix_rptexpiry_yrqtr` (`iyear`,`iqtr`)
) ENGINE=InnoDB DEFAULT CHARSET=utf8;
/*!40101 SET character_set_client = @saved_cs_client */;

--
-- Dumping data for table `rptexpiry`
--

LOCK TABLES `rptexpiry` WRITE;
/*!40000 ALTER TABLE `rptexpiry` DISABLE KEYS */;
/*!40000 ALTER TABLE `rptexpiry` ENABLE KEYS */;
UNLOCK TABLES;

--
-- Table structure for table `rptledger`
--

DROP TABLE IF EXISTS `rptledger`;
/*!40101 SET @saved_cs_client     = @@character_set_client */;
/*!40101 SET character_set_client = utf8 */;
CREATE TABLE `rptledger` (
  `objid` varchar(50) NOT NULL,
  `state` varchar(25) NOT NULL,
  `faasid` varchar(50) DEFAULT NULL,
  `nextbilldate` date DEFAULT NULL,
  `lastyearpaid` int(11) NOT NULL,
  `lastqtrpaid` int(11) NOT NULL,
  `firstqtrpaidontime` int(11) DEFAULT NULL,
  `qtrlypaymentavailed` int(11) DEFAULT NULL,
  `qtrlypaymentpaidontime` int(11) DEFAULT NULL,
  `lastitemyear` int(11) DEFAULT NULL,
  `lastreceiptid` varchar(50) DEFAULT NULL,
  `barangayid` varchar(50) NOT NULL,
  `advancebill` int(11) DEFAULT NULL,
  `lastbilledyear` int(11) DEFAULT NULL,
  `lastbilledqtr` int(11) DEFAULT NULL,
  `partialbasic` decimal(16,2) DEFAULT NULL,
  `partialbasicint` decimal(16,2) DEFAULT NULL,
  `partialbasicdisc` decimal(16,2) DEFAULT NULL,
  `partialsef` decimal(16,2) DEFAULT NULL,
  `partialsefint` decimal(16,2) DEFAULT NULL,
  `partialsefdisc` decimal(16,2) DEFAULT NULL,
  `partialledyear` int(11) DEFAULT NULL,
  `partialledqtr` int(11) DEFAULT NULL,
  `taxpayer_objid` varchar(50) DEFAULT NULL,
  `fullpin` varchar(30) NOT NULL DEFAULT '',
  `tdno` varchar(20) DEFAULT NULL,
  `cadastrallotno` varchar(50) DEFAULT NULL,
  `rputype` varchar(12) DEFAULT NULL,
  `txntype_objid` varchar(5) DEFAULT NULL,
  `classcode` varchar(5) DEFAULT NULL,
  `totalav` decimal(16,2) DEFAULT NULL,
  `totalmv` decimal(16,2) DEFAULT NULL,
  `totalareaha` decimal(16,6) DEFAULT NULL,
  `taxable` int(11) DEFAULT NULL,
  `owner_name` varchar(1500) NOT NULL,
  `prevtdno` varchar(800) DEFAULT NULL,
  `classification_objid` varchar(50) DEFAULT NULL,
  `titleno` varchar(30) DEFAULT NULL,
  `undercompromise` int(11) DEFAULT NULL,
  `updateflag` varchar(50) DEFAULT NULL,
  `forcerecalcbill` int(11) DEFAULT NULL,
  `administrator_name` varchar(150) DEFAULT NULL,
  `blockno` varchar(50) DEFAULT NULL,
  `lguid` varchar(50) DEFAULT NULL,
  `beneficiary_objid` varchar(50) DEFAULT NULL,
  PRIMARY KEY (`objid`),
  UNIQUE KEY `ux_rptledger_tdno` (`tdno`),
  KEY `barangayid` (`barangayid`),
  KEY `ix_beneficiary_objid` (`beneficiary_objid`),
  KEY `ix_rptledger_administartorname` (`administrator_name`),
  KEY `ix_rptledger_blockno` (`blockno`),
  KEY `ix_rptledger_cadastrallotno` (`cadastrallotno`),
  KEY `ix_rptledger_faasid` (`faasid`),
  KEY `ix_rptledger_owner_name` (`owner_name`(255)),
  KEY `ix_rptledger_prevtdno` (`prevtdno`(255)),
  KEY `ix_rptledger_state` (`state`),
  KEY `ix_rptledger_state_barangay` (`state`,`barangayid`),
  KEY `ix_rptledger_state_faasid` (`state`,`faasid`),
  KEY `ix_rptledger_state_lastyearpaid` (`state`,`lastyearpaid`),
  KEY `ix_rptledger_taxpayerid` (`taxpayer_objid`),
  KEY `ix_rptledgerlastyearpaidqtr` (`lastyearpaid`,`lastqtrpaid`),
  CONSTRAINT `rptledger_ibfk_2` FOREIGN KEY (`faasid`) REFERENCES `faas` (`objid`),
  CONSTRAINT `FK_rptledger_taxpayer` FOREIGN KEY (`taxpayer_objid`) REFERENCES `entity` (`objid`),
  CONSTRAINT `rptledger_ibfk_1` FOREIGN KEY (`barangayid`) REFERENCES `barangay` (`objid`)
) ENGINE=InnoDB DEFAULT CHARSET=utf8;
/*!40101 SET character_set_client = @saved_cs_client */;

--
-- Dumping data for table `rptledger`
--

LOCK TABLES `rptledger` WRITE;
/*!40000 ALTER TABLE `rptledger` DISABLE KEYS */;
/*!40000 ALTER TABLE `rptledger` ENABLE KEYS */;
UNLOCK TABLES;

--
-- Table structure for table `rptledger_avdifference`
--

DROP TABLE IF EXISTS `rptledger_avdifference`;
/*!40101 SET @saved_cs_client     = @@character_set_client */;
/*!40101 SET character_set_client = utf8 */;
CREATE TABLE `rptledger_avdifference` (
  `objid` varchar(50) NOT NULL,
  `parent_objid` varchar(50) NOT NULL,
  `rptledgerfaas_objid` varchar(50) NOT NULL,
  `year` int(11) NOT NULL,
  `av` decimal(16,2) NOT NULL,
  `paid` int(11) NOT NULL,
  PRIMARY KEY (`objid`),
  KEY `fk_rptledger` (`parent_objid`),
  KEY `fk_rptledgerfaas` (`rptledgerfaas_objid`),
  CONSTRAINT `fk_rptledgerfaas` FOREIGN KEY (`rptledgerfaas_objid`) REFERENCES `rptledgerfaas` (`objid`),
  CONSTRAINT `fk_rptledger` FOREIGN KEY (`parent_objid`) REFERENCES `rptledger` (`objid`)
) ENGINE=InnoDB DEFAULT CHARSET=utf8;
/*!40101 SET character_set_client = @saved_cs_client */;

--
-- Dumping data for table `rptledger_avdifference`
--

LOCK TABLES `rptledger_avdifference` WRITE;
/*!40000 ALTER TABLE `rptledger_avdifference` DISABLE KEYS */;
/*!40000 ALTER TABLE `rptledger_avdifference` ENABLE KEYS */;
UNLOCK TABLES;

--
-- Table structure for table `rptledger_compromise`
--

DROP TABLE IF EXISTS `rptledger_compromise`;
/*!40101 SET @saved_cs_client     = @@character_set_client */;
/*!40101 SET character_set_client = utf8 */;
CREATE TABLE `rptledger_compromise` (
  `objid` varchar(50) NOT NULL DEFAULT '',
  `state` varchar(25) NOT NULL DEFAULT '',
  `txnno` varchar(25) NOT NULL DEFAULT '',
  `txndate` date NOT NULL,
  `faasid` varchar(50) DEFAULT NULL,
  `rptledgerid` varchar(50) NOT NULL DEFAULT '',
  `lastyearpaid` int(11) NOT NULL,
  `lastqtrpaid` int(11) NOT NULL,
  `startyear` int(11) NOT NULL,
  `startqtr` int(11) NOT NULL,
  `endyear` int(11) NOT NULL,
  `endqtr` int(11) NOT NULL,
  `enddate` date NOT NULL,
  `cypaymentrequired` int(11) DEFAULT NULL,
  `cypaymentorno` varchar(10) DEFAULT NULL,
  `cypaymentordate` date DEFAULT NULL,
  `cypaymentoramount` decimal(10,2) DEFAULT NULL,
  `downpaymentrequired` int(11) NOT NULL,
  `downpaymentrate` decimal(10,0) NOT NULL,
  `downpayment` decimal(10,2) NOT NULL,
  `downpaymentorno` varchar(50) DEFAULT NULL,
  `downpaymentordate` date DEFAULT NULL,
  `term` int(11) NOT NULL,
  `numofinstallment` int(11) NOT NULL,
  `amount` decimal(16,2) NOT NULL,
  `amtforinstallment` decimal(16,2) NOT NULL,
  `amtpaid` decimal(16,2) NOT NULL,
  `firstpartyname` varchar(100) NOT NULL DEFAULT '',
  `firstpartytitle` varchar(50) NOT NULL DEFAULT '',
  `firstpartyaddress` varchar(100) NOT NULL DEFAULT '',
  `firstpartyctcno` varchar(15) NOT NULL DEFAULT '',
  `firstpartyctcissued` varchar(100) NOT NULL DEFAULT '',
  `firstpartyctcdate` date NOT NULL,
  `firstpartynationality` varchar(50) NOT NULL DEFAULT '',
  `firstpartystatus` varchar(50) NOT NULL DEFAULT '',
  `firstpartygender` varchar(10) NOT NULL DEFAULT '',
  `secondpartyrepresentative` varchar(100) NOT NULL DEFAULT '',
  `secondpartyname` varchar(100) NOT NULL DEFAULT '',
  `secondpartyaddress` varchar(100) NOT NULL DEFAULT '',
  `secondpartyctcno` varchar(15) NOT NULL DEFAULT '',
  `secondpartyctcissued` varchar(100) NOT NULL DEFAULT '',
  `secondpartyctcdate` date NOT NULL,
  `secondpartynationality` varchar(50) NOT NULL DEFAULT '',
  `secondpartystatus` varchar(50) NOT NULL DEFAULT '',
  `secondpartygender` varchar(10) NOT NULL DEFAULT '',
  `dtsigned` date DEFAULT NULL,
  `notarizeddate` date DEFAULT NULL,
  `notarizedby` varchar(100) DEFAULT NULL,
  `notarizedbytitle` varchar(50) DEFAULT NULL,
  `signatories` varchar(1000) NOT NULL DEFAULT '',
  `manualdiff` decimal(16,2) NOT NULL DEFAULT '0.00',
  `cypaymentreceiptid` varchar(50) DEFAULT NULL,
  `downpaymentreceiptid` varchar(50) DEFAULT NULL,
  PRIMARY KEY (`objid`),
  KEY `ix_rptcompromise_faasid` (`faasid`),
  KEY `ix_rptcompromise_ledgerid` (`rptledgerid`),
  CONSTRAINT `FK_rptleger_compromise_rptledger` FOREIGN KEY (`rptledgerid`) REFERENCES `rptledger` (`objid`),
  CONSTRAINT `FK_rptleger_compromise_faas` FOREIGN KEY (`faasid`) REFERENCES `faas` (`objid`)
) ENGINE=InnoDB DEFAULT CHARSET=utf8;
/*!40101 SET character_set_client = @saved_cs_client */;

--
-- Dumping data for table `rptledger_compromise`
--

LOCK TABLES `rptledger_compromise` WRITE;
/*!40000 ALTER TABLE `rptledger_compromise` DISABLE KEYS */;
/*!40000 ALTER TABLE `rptledger_compromise` ENABLE KEYS */;
UNLOCK TABLES;

--
-- Table structure for table `rptledger_compromise_credit`
--

DROP TABLE IF EXISTS `rptledger_compromise_credit`;
/*!40101 SET @saved_cs_client     = @@character_set_client */;
/*!40101 SET character_set_client = utf8 */;
CREATE TABLE `rptledger_compromise_credit` (
  `objid` varchar(50) NOT NULL DEFAULT '',
  `rptcompromiseid` varchar(50) NOT NULL DEFAULT '',
  `rptreceiptid` varchar(50) DEFAULT NULL,
  `installmentid` varchar(50) DEFAULT NULL,
  `collector_name` varchar(100) NOT NULL DEFAULT '',
  `collector_title` varchar(50) NOT NULL DEFAULT '',
  `orno` varchar(10) NOT NULL DEFAULT '',
  `ordate` date NOT NULL,
  `oramount` decimal(16,2) NOT NULL,
  `amount` decimal(16,2) NOT NULL,
  `mode` varchar(50) NOT NULL DEFAULT '',
  `paidby` varchar(150) NOT NULL DEFAULT '',
  `paidbyaddress` varchar(100) NOT NULL DEFAULT '',
  `partial` int(11) DEFAULT NULL,
  `remarks` varchar(100) DEFAULT NULL,
  PRIMARY KEY (`objid`),
  KEY `ix_rptcompromise_credit_installmentid` (`installmentid`),
  KEY `ix_rptcompromise_credit_receiptid` (`rptreceiptid`),
  KEY `ix_rptcompromise_credit_rptcompromiseid` (`rptcompromiseid`),
  CONSTRAINT `FK_rptleger_compromise_credit_rptcompromise` FOREIGN KEY (`rptcompromiseid`) REFERENCES `rptledger_compromise` (`objid`),
  CONSTRAINT `FK_rptleger_compromise_credit_installment` FOREIGN KEY (`installmentid`) REFERENCES `rptledger_compromise_installment` (`objid`),
  CONSTRAINT `FK_rptleger_compromise_credit_receipt` FOREIGN KEY (`rptreceiptid`) REFERENCES `cashreceipt` (`objid`)
) ENGINE=InnoDB DEFAULT CHARSET=utf8;
/*!40101 SET character_set_client = @saved_cs_client */;

--
-- Dumping data for table `rptledger_compromise_credit`
--

LOCK TABLES `rptledger_compromise_credit` WRITE;
/*!40000 ALTER TABLE `rptledger_compromise_credit` DISABLE KEYS */;
/*!40000 ALTER TABLE `rptledger_compromise_credit` ENABLE KEYS */;
UNLOCK TABLES;

--
-- Table structure for table `rptledger_compromise_installment`
--

DROP TABLE IF EXISTS `rptledger_compromise_installment`;
/*!40101 SET @saved_cs_client     = @@character_set_client */;
/*!40101 SET character_set_client = utf8 */;
CREATE TABLE `rptledger_compromise_installment` (
  `objid` varchar(50) NOT NULL DEFAULT '',
  `rptcompromiseid` varchar(50) NOT NULL DEFAULT '',
  `installmentno` int(11) NOT NULL,
  `duedate` date NOT NULL,
  `amount` decimal(16,2) NOT NULL,
  `amtpaid` decimal(16,2) NOT NULL,
  `fullypaid` int(11) NOT NULL,
  PRIMARY KEY (`objid`),
  KEY `ix_rptcompromise_installment_rptcompromiseid` (`rptcompromiseid`),
  CONSTRAINT `FK_rptleger_compromise_installment_rptcompromise` FOREIGN KEY (`rptcompromiseid`) REFERENCES `rptledger_compromise` (`objid`)
) ENGINE=InnoDB DEFAULT CHARSET=utf8;
/*!40101 SET character_set_client = @saved_cs_client */;

--
-- Dumping data for table `rptledger_compromise_installment`
--

LOCK TABLES `rptledger_compromise_installment` WRITE;
/*!40000 ALTER TABLE `rptledger_compromise_installment` DISABLE KEYS */;
/*!40000 ALTER TABLE `rptledger_compromise_installment` ENABLE KEYS */;
UNLOCK TABLES;

--
-- Table structure for table `rptledger_compromise_item`
--

DROP TABLE IF EXISTS `rptledger_compromise_item`;
/*!40101 SET @saved_cs_client     = @@character_set_client */;
/*!40101 SET character_set_client = utf8 */;
CREATE TABLE `rptledger_compromise_item` (
  `objid` varchar(50) NOT NULL DEFAULT '',
  `rptcompromiseid` varchar(50) NOT NULL DEFAULT '',
  `year` int(11) NOT NULL,
  `qtr` int(11) NOT NULL,
  `faasid` varchar(50) DEFAULT NULL,
  `assessedvalue` decimal(16,2) NOT NULL,
  `tdno` varchar(25) NOT NULL DEFAULT '',
  `classcode` varchar(10) NOT NULL DEFAULT '',
  `actualusecode` varchar(10) NOT NULL DEFAULT '',
  `basic` decimal(16,2) NOT NULL,
  `basicpaid` decimal(16,2) NOT NULL,
  `basicint` decimal(16,2) NOT NULL,
  `basicintpaid` decimal(16,2) NOT NULL,
  `basicidle` decimal(16,2) NOT NULL,
  `basicidlepaid` decimal(16,2) NOT NULL,
  `sef` decimal(16,2) NOT NULL,
  `sefpaid` decimal(16,2) NOT NULL,
  `sefint` decimal(16,2) NOT NULL,
  `sefintpaid` decimal(16,2) NOT NULL,
  `firecode` decimal(16,2) NOT NULL,
  `firecodepaid` decimal(16,2) NOT NULL,
  `total` decimal(16,2) NOT NULL,
  `fullypaid` int(11) NOT NULL,
  `basicidleint` decimal(16,4) NOT NULL,
  `basicidleintpaid` decimal(16,4) NOT NULL,
  `sh` decimal(16,2) DEFAULT NULL,
  `shpaid` decimal(16,2) DEFAULT NULL,
  `shint` decimal(16,2) DEFAULT NULL,
  `shintpaid` decimal(16,2) DEFAULT NULL,
  PRIMARY KEY (`objid`),
  KEY `ix_rptcompromise_item_faas` (`faasid`),
  KEY `ix_rptcompromise_item_rptcompromise` (`rptcompromiseid`),
  CONSTRAINT `FK_rptleger_compromise_item_rptcompromise` FOREIGN KEY (`rptcompromiseid`) REFERENCES `rptledger_compromise` (`objid`),
  CONSTRAINT `FK_rptleger_compromise_item_faas` FOREIGN KEY (`faasid`) REFERENCES `faas` (`objid`)
) ENGINE=InnoDB DEFAULT CHARSET=utf8;
/*!40101 SET character_set_client = @saved_cs_client */;

--
-- Dumping data for table `rptledger_compromise_item`
--

LOCK TABLES `rptledger_compromise_item` WRITE;
/*!40000 ALTER TABLE `rptledger_compromise_item` DISABLE KEYS */;
/*!40000 ALTER TABLE `rptledger_compromise_item` ENABLE KEYS */;
UNLOCK TABLES;

--
-- Table structure for table `rptledger_compromise_item_credit`
--

DROP TABLE IF EXISTS `rptledger_compromise_item_credit`;
/*!40101 SET @saved_cs_client     = @@character_set_client */;
/*!40101 SET character_set_client = utf8 */;
CREATE TABLE `rptledger_compromise_item_credit` (
  `objid` varchar(50) NOT NULL DEFAULT '',
  `rptcompromiseitemid` varchar(50) NOT NULL DEFAULT '',
  `rptreceiptid` varchar(50) DEFAULT NULL,
  `year` int(11) NOT NULL,
  `qtr` int(11) NOT NULL,
  `basic` decimal(16,2) NOT NULL,
  `basicint` decimal(16,2) NOT NULL,
  `basicidle` decimal(16,2) NOT NULL,
  `sef` decimal(16,2) NOT NULL,
  `sefint` decimal(16,2) NOT NULL,
  `firecode` decimal(16,2) NOT NULL,
  `basicidleint` decimal(16,4) NOT NULL,
  `sh` decimal(16,2) DEFAULT NULL,
  `shint` decimal(16,2) DEFAULT NULL,
  PRIMARY KEY (`objid`),
  KEY `ix_rptledger_compromise_item_credit_rptcompromiseitemid` (`rptcompromiseitemid`),
  KEY `ix_rptledger_compromise_item_credit_rptreceiptid` (`rptreceiptid`),
  CONSTRAINT `FK_rptledger_compromise_item_credit_rptreceipt` FOREIGN KEY (`rptreceiptid`) REFERENCES `cashreceipt_rpt` (`objid`),
  CONSTRAINT `FK_rptledger_compromise_item_credit_rptcompromise_item` FOREIGN KEY (`rptcompromiseitemid`) REFERENCES `rptledger_compromise_item` (`objid`)
) ENGINE=InnoDB DEFAULT CHARSET=utf8;
/*!40101 SET character_set_client = @saved_cs_client */;

--
-- Dumping data for table `rptledger_compromise_item_credit`
--

LOCK TABLES `rptledger_compromise_item_credit` WRITE;
/*!40000 ALTER TABLE `rptledger_compromise_item_credit` DISABLE KEYS */;
/*!40000 ALTER TABLE `rptledger_compromise_item_credit` ENABLE KEYS */;
UNLOCK TABLES;

--
-- Table structure for table `rptledger_credit`
--

DROP TABLE IF EXISTS `rptledger_credit`;
/*!40101 SET @saved_cs_client     = @@character_set_client */;
/*!40101 SET character_set_client = utf8 */;
CREATE TABLE `rptledger_credit` (
  `objid` varchar(100) NOT NULL DEFAULT '',
  `rptledgerid` varchar(50) NOT NULL DEFAULT '',
  `type` varchar(20) NOT NULL DEFAULT '',
  `refno` varchar(50) NOT NULL DEFAULT '',
  `refdate` date NOT NULL,
  `payorid` varchar(50) DEFAULT NULL,
  `paidby_name` longtext NOT NULL,
  `paidby_address` varchar(150) NOT NULL DEFAULT '',
  `collector` varchar(80) NOT NULL DEFAULT '',
  `postedby` varchar(100) NOT NULL DEFAULT '',
  `postedbytitle` varchar(50) NOT NULL DEFAULT '',
  `dtposted` datetime NOT NULL,
  `fromyear` int(11) NOT NULL,
  `fromqtr` int(11) NOT NULL,
  `toyear` int(11) NOT NULL,
  `toqtr` int(11) NOT NULL,
  `basic` decimal(12,2) NOT NULL,
  `basicint` decimal(12,2) NOT NULL,
  `basicdisc` decimal(12,2) NOT NULL,
  `basicidle` decimal(12,2) NOT NULL,
  `sef` decimal(12,2) NOT NULL,
  `sefint` decimal(12,2) NOT NULL,
  `sefdisc` decimal(12,2) NOT NULL,
  `firecode` decimal(12,2) NOT NULL,
  `amount` decimal(12,2) NOT NULL,
  `collectingagency` varchar(50) DEFAULT NULL,
  PRIMARY KEY (`objid`),
  KEY `FK_rptledgercredit_rptledger` (`rptledgerid`),
  KEY `ix_rptreceipt_payorid` (`payorid`),
  KEY `ix_rptreceipt_receiptno` (`refno`),
  CONSTRAINT `rptledger_credit_ibfk_1` FOREIGN KEY (`rptledgerid`) REFERENCES `rptledger` (`objid`)
) ENGINE=InnoDB DEFAULT CHARSET=utf8;
/*!40101 SET character_set_client = @saved_cs_client */;

--
-- Dumping data for table `rptledger_credit`
--

LOCK TABLES `rptledger_credit` WRITE;
/*!40000 ALTER TABLE `rptledger_credit` DISABLE KEYS */;
/*!40000 ALTER TABLE `rptledger_credit` ENABLE KEYS */;
UNLOCK TABLES;

--
-- Table structure for table `rptledger_forprocess`
--

DROP TABLE IF EXISTS `rptledger_forprocess`;
/*!40101 SET @saved_cs_client     = @@character_set_client */;
/*!40101 SET character_set_client = utf8 */;
CREATE TABLE `rptledger_forprocess` (
  `objid` varchar(255) NOT NULL,
  PRIMARY KEY (`objid`)
) ENGINE=InnoDB DEFAULT CHARSET=utf8;
/*!40101 SET character_set_client = @saved_cs_client */;

--
-- Dumping data for table `rptledger_forprocess`
--

LOCK TABLES `rptledger_forprocess` WRITE;
/*!40000 ALTER TABLE `rptledger_forprocess` DISABLE KEYS */;
/*!40000 ALTER TABLE `rptledger_forprocess` ENABLE KEYS */;
UNLOCK TABLES;

--
-- Table structure for table `rptledger_item`
--

DROP TABLE IF EXISTS `rptledger_item`;
/*!40101 SET @saved_cs_client     = @@character_set_client */;
/*!40101 SET character_set_client = utf8 */;
CREATE TABLE `rptledger_item` (
  `objid` varchar(50) NOT NULL,
  `parentid` varchar(50) NOT NULL,
  `rptledgerfaasid` varchar(50) DEFAULT NULL,
  `remarks` varchar(100) DEFAULT NULL,
  `basicav` decimal(16,2) NOT NULL,
  `sefav` decimal(16,2) NOT NULL,
  `av` decimal(16,2) NOT NULL,
  `revtype` varchar(50) NOT NULL,
  `year` int(11) NOT NULL,
  `amount` decimal(16,2) NOT NULL,
  `amtpaid` decimal(16,2) NOT NULL,
  `priority` int(11) NOT NULL,
  `taxdifference` int(11) NOT NULL,
  `system` int(11) NOT NULL,
  `fromqtr` int(11) DEFAULT NULL,
  `toqtr` int(11) DEFAULT NULL,
  PRIMARY KEY (`objid`),
  KEY `fk_rptledger_item_rptledger` (`parentid`),
  CONSTRAINT `fk_rptledger_item_rptledger` FOREIGN KEY (`parentid`) REFERENCES `rptledger` (`objid`)
) ENGINE=InnoDB DEFAULT CHARSET=utf8;
/*!40101 SET character_set_client = @saved_cs_client */;

--
-- Dumping data for table `rptledger_item`
--

LOCK TABLES `rptledger_item` WRITE;
/*!40000 ALTER TABLE `rptledger_item` DISABLE KEYS */;
/*!40000 ALTER TABLE `rptledger_item` ENABLE KEYS */;
UNLOCK TABLES;

--
-- Table structure for table `rptledger_payment`
--

DROP TABLE IF EXISTS `rptledger_payment`;
/*!40101 SET @saved_cs_client     = @@character_set_client */;
/*!40101 SET character_set_client = utf8 */;
CREATE TABLE `rptledger_payment` (
  `objid` varchar(100) NOT NULL,
  `rptledgerid` varchar(50) NOT NULL,
  `type` varchar(20) NOT NULL,
  `receiptid` varchar(50) DEFAULT NULL,
  `receiptno` varchar(50) NOT NULL,
  `receiptdate` date NOT NULL,
  `paidby_name` longtext NOT NULL,
  `paidby_address` varchar(150) NOT NULL,
  `postedby` varchar(100) NOT NULL,
  `postedbytitle` varchar(50) NOT NULL,
  `dtposted` datetime NOT NULL,
  `fromyear` int(11) NOT NULL,
  `fromqtr` int(11) NOT NULL,
  `toyear` int(11) NOT NULL,
  `toqtr` int(11) NOT NULL,
  `amount` decimal(12,2) NOT NULL,
  `collectingagency` varchar(50) DEFAULT NULL,
  `voided` int(11) NOT NULL,
  PRIMARY KEY (`objid`),
  KEY `fk_rptledger_payment_cashreceipt` (`receiptid`),
  KEY `fk_rptledger_payment_rptledger` (`rptledgerid`),
  KEY `ix_receiptno` (`receiptno`),
  CONSTRAINT `fk_rptledger_payment_rptledger` FOREIGN KEY (`rptledgerid`) REFERENCES `rptledger` (`objid`),
  CONSTRAINT `fk_rptledger_payment_cashreceipt` FOREIGN KEY (`receiptid`) REFERENCES `cashreceipt` (`objid`)
) ENGINE=InnoDB DEFAULT CHARSET=utf8;
/*!40101 SET character_set_client = @saved_cs_client */;

--
-- Dumping data for table `rptledger_payment`
--

LOCK TABLES `rptledger_payment` WRITE;
/*!40000 ALTER TABLE `rptledger_payment` DISABLE KEYS */;
/*!40000 ALTER TABLE `rptledger_payment` ENABLE KEYS */;
UNLOCK TABLES;

--
-- Table structure for table `rptledger_payment_item`
--

DROP TABLE IF EXISTS `rptledger_payment_item`;
/*!40101 SET @saved_cs_client     = @@character_set_client */;
/*!40101 SET character_set_client = utf8 */;
CREATE TABLE `rptledger_payment_item` (
  `objid` varchar(50) NOT NULL,
  `parentid` varchar(100) NOT NULL,
  `rptledgerfaasid` varchar(50) DEFAULT NULL,
  `rptledgeritemid` varchar(50) DEFAULT NULL,
  `rptledgeritemqtrlyid` varchar(50) DEFAULT NULL,
  `year` int(11) NOT NULL,
  `qtr` int(11) NOT NULL,
  `basic` decimal(16,2) NOT NULL,
  `basicint` decimal(16,2) NOT NULL,
  `basicdisc` decimal(16,2) NOT NULL,
  `basicidle` decimal(16,2) NOT NULL,
  `basicidledisc` decimal(16,2) DEFAULT NULL,
  `basicidleint` decimal(16,2) DEFAULT NULL,
  `sef` decimal(16,2) NOT NULL,
  `sefint` decimal(16,2) NOT NULL,
  `sefdisc` decimal(16,2) NOT NULL,
  `firecode` decimal(10,2) DEFAULT NULL,
  `sh` decimal(16,2) NOT NULL,
  `shint` decimal(16,2) NOT NULL,
  `shdisc` decimal(16,2) NOT NULL,
  `total` decimal(16,2) DEFAULT NULL,
  `revperiod` varchar(25) DEFAULT NULL,
  `partialled` int(11) NOT NULL,
  PRIMARY KEY (`objid`),
  KEY `FK_rptledger_payment_item_parentid` (`parentid`),
  KEY `FK_rptledger_payment_item_rptledgerfaasid` (`rptledgerfaasid`),
  KEY `ix_rptledgeritemid` (`rptledgeritemid`),
  KEY `ix_rptledgeritemqtrlyid` (`rptledgeritemqtrlyid`),
  CONSTRAINT `fk_rptledger_payment_item_rptledgerfaasid` FOREIGN KEY (`rptledgerfaasid`) REFERENCES `rptledgerfaas` (`objid`),
  CONSTRAINT `fk_rptledger_payment_item_parentid` FOREIGN KEY (`parentid`) REFERENCES `rptledger_payment` (`objid`)
) ENGINE=InnoDB DEFAULT CHARSET=utf8;
/*!40101 SET character_set_client = @saved_cs_client */;

--
-- Dumping data for table `rptledger_payment_item`
--

LOCK TABLES `rptledger_payment_item` WRITE;
/*!40000 ALTER TABLE `rptledger_payment_item` DISABLE KEYS */;
/*!40000 ALTER TABLE `rptledger_payment_item` ENABLE KEYS */;
UNLOCK TABLES;

--
-- Table structure for table `rptledger_payment_share`
--

DROP TABLE IF EXISTS `rptledger_payment_share`;
/*!40101 SET @saved_cs_client     = @@character_set_client */;
/*!40101 SET character_set_client = utf8 */;
CREATE TABLE `rptledger_payment_share` (
  `objid` varchar(50) NOT NULL,
  `parentid` varchar(100) DEFAULT NULL,
  `revperiod` varchar(25) NOT NULL,
  `revtype` varchar(25) NOT NULL,
  `item_objid` varchar(50) NOT NULL,
  `amount` decimal(16,4) NOT NULL,
  `sharetype` varchar(25) NOT NULL,
  `discount` decimal(16,4) DEFAULT NULL,
  PRIMARY KEY (`objid`),
  KEY `FK_item_objid` (`item_objid`),
  KEY `FK_parentid` (`parentid`),
  CONSTRAINT `FK_rptledger_payment_share_parentid` FOREIGN KEY (`parentid`) REFERENCES `rptledger_payment` (`objid`),
  CONSTRAINT `FK_rptledger_payment_share_itemaccount` FOREIGN KEY (`item_objid`) REFERENCES `itemaccount` (`objid`)
) ENGINE=InnoDB DEFAULT CHARSET=utf8;
/*!40101 SET character_set_client = @saved_cs_client */;

--
-- Dumping data for table `rptledger_payment_share`
--

LOCK TABLES `rptledger_payment_share` WRITE;
/*!40000 ALTER TABLE `rptledger_payment_share` DISABLE KEYS */;
/*!40000 ALTER TABLE `rptledger_payment_share` ENABLE KEYS */;
UNLOCK TABLES;

--
-- Table structure for table `rptledger_redflag`
--

DROP TABLE IF EXISTS `rptledger_redflag`;
/*!40101 SET @saved_cs_client     = @@character_set_client */;
/*!40101 SET character_set_client = utf8 */;
CREATE TABLE `rptledger_redflag` (
  `objid` varchar(50) NOT NULL,
  `parent_objid` varchar(50) NOT NULL,
  `state` varchar(25) NOT NULL,
  `caseno` varchar(25) DEFAULT NULL,
  `dtfiled` datetime DEFAULT NULL,
  `type` varchar(25) NOT NULL,
  `finding` text,
  `remarks` text,
  `blockaction` varchar(25) DEFAULT NULL,
  `filedby_objid` varchar(50) DEFAULT NULL,
  `filedby_name` varchar(255) DEFAULT NULL,
  `filedby_title` varchar(50) DEFAULT NULL,
  `resolvedby_objid` varchar(50) DEFAULT NULL,
  `resolvedby_name` varchar(255) DEFAULT NULL,
  `resolvedby_title` varchar(50) DEFAULT NULL,
  `dtresolved` datetime DEFAULT NULL,
  PRIMARY KEY (`objid`),
  UNIQUE KEY `ux_caseno` (`caseno`),
  KEY `ix_filedby_objid` (`filedby_objid`),
  KEY `ix_parent_objid` (`parent_objid`),
  KEY `ix_resolvedby_objid` (`resolvedby_objid`),
  KEY `ix_state` (`state`),
  KEY `ix_type` (`type`),
  CONSTRAINT `fk_rptledger_redflag_rptledger` FOREIGN KEY (`parent_objid`) REFERENCES `rptledger` (`objid`),
  CONSTRAINT `fk_rptledger_redflag_filedby` FOREIGN KEY (`filedby_objid`) REFERENCES `sys_user` (`objid`),
  CONSTRAINT `fk_rptledger_redflag_resolvedby` FOREIGN KEY (`resolvedby_objid`) REFERENCES `sys_user` (`objid`)
) ENGINE=InnoDB DEFAULT CHARSET=utf8;
/*!40101 SET character_set_client = @saved_cs_client */;

--
-- Dumping data for table `rptledger_redflag`
--

LOCK TABLES `rptledger_redflag` WRITE;
/*!40000 ALTER TABLE `rptledger_redflag` DISABLE KEYS */;
/*!40000 ALTER TABLE `rptledger_redflag` ENABLE KEYS */;
UNLOCK TABLES;

--
-- Table structure for table `rptledger_restriction`
--

DROP TABLE IF EXISTS `rptledger_restriction`;
/*!40101 SET @saved_cs_client     = @@character_set_client */;
/*!40101 SET character_set_client = utf8 */;
CREATE TABLE `rptledger_restriction` (
  `objid` varchar(50) NOT NULL,
  `parentid` varchar(50) NOT NULL,
  `restrictionid` varchar(50) NOT NULL,
  `remarks` varchar(150) DEFAULT NULL,
  PRIMARY KEY (`objid`),
  UNIQUE KEY `ux_rptledger_restriction` (`parentid`,`restrictionid`),
  CONSTRAINT `FK_rptledger_restriction_rptledger` FOREIGN KEY (`parentid`) REFERENCES `rptledger` (`objid`)
) ENGINE=InnoDB DEFAULT CHARSET=utf8;
/*!40101 SET character_set_client = @saved_cs_client */;

--
-- Dumping data for table `rptledger_restriction`
--

LOCK TABLES `rptledger_restriction` WRITE;
/*!40000 ALTER TABLE `rptledger_restriction` DISABLE KEYS */;
/*!40000 ALTER TABLE `rptledger_restriction` ENABLE KEYS */;
UNLOCK TABLES;

--
-- Table structure for table `rptledger_subledger`
--

DROP TABLE IF EXISTS `rptledger_subledger`;
/*!40101 SET @saved_cs_client     = @@character_set_client */;
/*!40101 SET character_set_client = utf8 */;
CREATE TABLE `rptledger_subledger` (
  `objid` varchar(50) NOT NULL DEFAULT '',
  `parent_objid` varchar(50) NOT NULL DEFAULT '',
  `subacctno` varchar(10) NOT NULL DEFAULT '',
  PRIMARY KEY (`objid`),
  UNIQUE KEY `ux_parentid_subacctno` (`parent_objid`,`subacctno`),
  CONSTRAINT `FK_rptledger_subledger_rptldger` FOREIGN KEY (`parent_objid`) REFERENCES `rptledger` (`objid`)
) ENGINE=InnoDB DEFAULT CHARSET=utf8;
/*!40101 SET character_set_client = @saved_cs_client */;

--
-- Dumping data for table `rptledger_subledger`
--

LOCK TABLES `rptledger_subledger` WRITE;
/*!40000 ALTER TABLE `rptledger_subledger` DISABLE KEYS */;
/*!40000 ALTER TABLE `rptledger_subledger` ENABLE KEYS */;
UNLOCK TABLES;

--
-- Table structure for table `rptledger_tag`
--

DROP TABLE IF EXISTS `rptledger_tag`;
/*!40101 SET @saved_cs_client     = @@character_set_client */;
/*!40101 SET character_set_client = utf8 */;
CREATE TABLE `rptledger_tag` (
  `objid` varchar(50) NOT NULL,
  `parent_objid` varchar(50) NOT NULL,
  `tag` varchar(255) NOT NULL,
  PRIMARY KEY (`objid`),
  UNIQUE KEY `ux_rptledger_tag` (`parent_objid`,`tag`),
  KEY `FK_rptledgertag_rptledger` (`parent_objid`),
  CONSTRAINT `FK_rptledgertag_rptledger` FOREIGN KEY (`parent_objid`) REFERENCES `rptledger` (`objid`)
) ENGINE=InnoDB DEFAULT CHARSET=utf8;
/*!40101 SET character_set_client = @saved_cs_client */;

--
-- Dumping data for table `rptledger_tag`
--

LOCK TABLES `rptledger_tag` WRITE;
/*!40000 ALTER TABLE `rptledger_tag` DISABLE KEYS */;
/*!40000 ALTER TABLE `rptledger_tag` ENABLE KEYS */;
UNLOCK TABLES;

--
-- Table structure for table `rptledgerfaas`
--

DROP TABLE IF EXISTS `rptledgerfaas`;
/*!40101 SET @saved_cs_client     = @@character_set_client */;
/*!40101 SET character_set_client = utf8 */;
CREATE TABLE `rptledgerfaas` (
  `objid` varchar(50) NOT NULL,
  `state` varchar(25) NOT NULL,
  `rptledgerid` varchar(50) NOT NULL,
  `faasid` varchar(50) DEFAULT NULL,
  `tdno` varchar(60) NOT NULL,
  `txntype_objid` varchar(10) DEFAULT NULL,
  `classification_objid` varchar(50) DEFAULT NULL,
  `actualuse_objid` varchar(50) DEFAULT NULL,
  `taxable` int(11) NOT NULL,
  `backtax` int(11) NOT NULL,
  `fromyear` int(11) NOT NULL,
  `fromqtr` int(11) NOT NULL,
  `toyear` int(11) NOT NULL,
  `toqtr` int(11) NOT NULL,
  `assessedvalue` decimal(16,2) NOT NULL,
  `systemcreated` int(11) NOT NULL,
  `reclassed` int(11) DEFAULT NULL,
  `idleland` int(11) DEFAULT NULL,
  PRIMARY KEY (`objid`),
  KEY `faasid` (`faasid`),
  KEY `fk_rptledgerhistory_rptledger` (`rptledgerid`),
  KEY `ix_rptledgerfaas_rptledgerid_faasid` (`rptledgerid`,`faasid`),
  KEY `ix_rptledgerfaas_tdno` (`tdno`),
  KEY `ix_rptledgerhistory_ledgerid_toyear` (`rptledgerid`,`toyear`),
  CONSTRAINT `rptledgerfaas_ibfk_3` FOREIGN KEY (`rptledgerid`) REFERENCES `rptledger` (`objid`),
  CONSTRAINT `rptledgerfaas_ibfk_1` FOREIGN KEY (`faasid`) REFERENCES `faas` (`objid`),
  CONSTRAINT `rptledgerfaas_ibfk_2` FOREIGN KEY (`faasid`) REFERENCES `faas` (`objid`)
) ENGINE=InnoDB DEFAULT CHARSET=utf8;
/*!40101 SET character_set_client = @saved_cs_client */;

--
-- Dumping data for table `rptledgerfaas`
--

LOCK TABLES `rptledgerfaas` WRITE;
/*!40000 ALTER TABLE `rptledgerfaas` DISABLE KEYS */;
/*!40000 ALTER TABLE `rptledgerfaas` ENABLE KEYS */;
UNLOCK TABLES;

--
-- Table structure for table `rptledgeritem`
--

DROP TABLE IF EXISTS `rptledgeritem`;
/*!40101 SET @saved_cs_client     = @@character_set_client */;
/*!40101 SET character_set_client = utf8 */;
CREATE TABLE `rptledgeritem` (
  `objid` varchar(50) NOT NULL,
  `rptledgerid` varchar(50) NOT NULL DEFAULT '',
  `rptledgerfaasid` varchar(50) NOT NULL DEFAULT '',
  `year` int(11) NOT NULL,
  `av` decimal(16,2) NOT NULL,
  `remarks` varchar(255) DEFAULT NULL,
  `taxdifference` int(11) DEFAULT NULL,
  `classification_objid` varchar(50) DEFAULT NULL,
  `actualuse_objid` varchar(50) DEFAULT NULL,
  `basicav` decimal(16,2) DEFAULT NULL,
  `sefav` decimal(16,2) DEFAULT NULL,
  `basic` decimal(16,2) DEFAULT NULL,
  `basicpaid` decimal(16,2) DEFAULT NULL,
  `basicint` decimal(16,2) DEFAULT NULL,
  `basicintpaid` decimal(16,2) DEFAULT NULL,
  `basicdisc` decimal(16,2) DEFAULT NULL,
  `basicdisctaken` decimal(16,2) DEFAULT NULL,
  `basicidle` decimal(16,2) DEFAULT NULL,
  `basicidlepaid` decimal(16,2) DEFAULT NULL,
  `basicidledisc` decimal(16,2) DEFAULT NULL,
  `basicidledisctaken` decimal(16,2) DEFAULT NULL,
  `basicidleint` decimal(16,2) DEFAULT NULL,
  `basicidleintpaid` decimal(16,2) DEFAULT NULL,
  `sef` decimal(16,2) DEFAULT NULL,
  `sefpaid` decimal(16,2) DEFAULT NULL,
  `sefint` decimal(16,2) DEFAULT NULL,
  `sefintpaid` decimal(16,2) DEFAULT NULL,
  `sefdisc` decimal(16,2) DEFAULT NULL,
  `sefdisctaken` decimal(16,2) DEFAULT NULL,
  `firecode` decimal(16,2) DEFAULT NULL,
  `firecodepaid` decimal(16,2) DEFAULT NULL,
  `revperiod` varchar(50) DEFAULT NULL,
  `qtrly` int(11) DEFAULT NULL,
  `fullypaid` int(11) DEFAULT NULL,
  `sh` decimal(16,2) DEFAULT NULL,
  `shdisc` decimal(16,2) DEFAULT NULL,
  `shpaid` decimal(16,2) DEFAULT NULL,
  `shint` decimal(16,2) DEFAULT NULL,
  PRIMARY KEY (`objid`),
  KEY `FK_rptledgeritem_rptledger` (`rptledgerid`),
  KEY `FK_rptledgeritem_rptledgerfaas` (`rptledgerfaasid`),
  CONSTRAINT `rptledgeritem_ibfk_2` FOREIGN KEY (`rptledgerfaasid`) REFERENCES `rptledgerfaas` (`objid`),
  CONSTRAINT `rptledgeritem_ibfk_1` FOREIGN KEY (`rptledgerid`) REFERENCES `rptledger` (`objid`)
) ENGINE=InnoDB DEFAULT CHARSET=utf8;
/*!40101 SET character_set_client = @saved_cs_client */;

--
-- Dumping data for table `rptledgeritem`
--

LOCK TABLES `rptledgeritem` WRITE;
/*!40000 ALTER TABLE `rptledgeritem` DISABLE KEYS */;
/*!40000 ALTER TABLE `rptledgeritem` ENABLE KEYS */;
UNLOCK TABLES;

--
-- Table structure for table `rptledgeritem_qtrly`
--

DROP TABLE IF EXISTS `rptledgeritem_qtrly`;
/*!40101 SET @saved_cs_client     = @@character_set_client */;
/*!40101 SET character_set_client = utf8 */;
CREATE TABLE `rptledgeritem_qtrly` (
  `objid` varchar(50) NOT NULL,
  `parentid` varchar(50) NOT NULL,
  `rptledgerid` varchar(50) NOT NULL,
  `basicav` decimal(16,2) NOT NULL,
  `sefav` decimal(16,2) NOT NULL,
  `av` decimal(16,2) NOT NULL,
  `year` int(11) NOT NULL,
  `qtr` int(11) NOT NULL,
  `basic` decimal(16,2) NOT NULL,
  `basicpaid` decimal(16,2) NOT NULL,
  `basicint` decimal(16,2) NOT NULL,
  `basicintpaid` decimal(16,2) DEFAULT NULL,
  `basicdisc` decimal(16,2) NOT NULL,
  `basicdisctaken` decimal(16,2) DEFAULT NULL,
  `basicidle` decimal(16,2) NOT NULL,
  `basicidlepaid` decimal(16,2) NOT NULL,
  `basicidledisc` decimal(16,2) NOT NULL,
  `basicidledisctaken` decimal(16,2) DEFAULT NULL,
  `basicidleint` decimal(16,2) NOT NULL,
  `basicidleintpaid` decimal(16,2) DEFAULT NULL,
  `sef` decimal(16,2) NOT NULL,
  `sefpaid` decimal(16,2) NOT NULL,
  `sefint` decimal(16,2) NOT NULL,
  `sefintpaid` decimal(16,2) DEFAULT NULL,
  `sefdisc` decimal(16,2) NOT NULL,
  `sefdisctaken` decimal(16,2) DEFAULT NULL,
  `firecode` decimal(16,2) NOT NULL,
  `firecodepaid` decimal(16,2) NOT NULL,
  `revperiod` varchar(50) DEFAULT NULL,
  `partialled` int(11) NOT NULL,
  `fullypaid` int(11) NOT NULL,
  `sh` decimal(16,2) DEFAULT NULL,
  `shdisc` decimal(16,2) DEFAULT NULL,
  `shpaid` decimal(16,2) DEFAULT NULL,
  `shint` decimal(16,2) DEFAULT NULL,
  PRIMARY KEY (`objid`),
  KEY `FK_rptledgeritemqtrly_rptledger` (`rptledgerid`),
  KEY `FK_rptledgeritemqtrly_rptledgeritem` (`parentid`),
  KEY `ix_rptledgeritemqtrly_year` (`year`),
  CONSTRAINT `FK_rptledgeritemqtrly_rptledgeritem` FOREIGN KEY (`parentid`) REFERENCES `rptledgeritem` (`objid`),
  CONSTRAINT `FK_rptledgeritemqtrly_rptledger` FOREIGN KEY (`rptledgerid`) REFERENCES `rptledger` (`objid`)
) ENGINE=InnoDB DEFAULT CHARSET=utf8;
/*!40101 SET character_set_client = @saved_cs_client */;

--
-- Dumping data for table `rptledgeritem_qtrly`
--

LOCK TABLES `rptledgeritem_qtrly` WRITE;
/*!40000 ALTER TABLE `rptledgeritem_qtrly` DISABLE KEYS */;
/*!40000 ALTER TABLE `rptledgeritem_qtrly` ENABLE KEYS */;
UNLOCK TABLES;

--
-- Table structure for table `rptparameter`
--

DROP TABLE IF EXISTS `rptparameter`;
/*!40101 SET @saved_cs_client     = @@character_set_client */;
/*!40101 SET character_set_client = utf8 */;
CREATE TABLE `rptparameter` (
  `objid` varchar(50) NOT NULL,
  `state` varchar(10) NOT NULL,
  `name` varchar(100) NOT NULL,
  `caption` varchar(100) NOT NULL,
  `description` text,
  `paramtype` varchar(20) NOT NULL,
  `minvalue` decimal(10,2) NOT NULL,
  `maxvalue` decimal(10,2) NOT NULL,
  PRIMARY KEY (`objid`),
  UNIQUE KEY `ux_rptparameter_name` (`name`),
  KEY `ix_rptparameter_caption` (`caption`),
  KEY `ix_rptparameter_state` (`state`)
) ENGINE=InnoDB DEFAULT CHARSET=utf8;
/*!40101 SET character_set_client = @saved_cs_client */;

--
-- Dumping data for table `rptparameter`
--

LOCK TABLES `rptparameter` WRITE;
/*!40000 ALTER TABLE `rptparameter` DISABLE KEYS */;
INSERT INTO `rptparameter` VALUES ('AREA_SQM','APPROVED','AREA_SQM','AREA IN SQM','AREA IN SQUARE METER','decimal',0.00,0.00),('NO_OF_SETS','APPROVED','NO_OF_SETS','NO. OF SETS',NULL,'integer',0.00,0.00),('P-565d2dc3:16dd8cfce31:-5c15','APPROVED','LENGTH_METER','LENGTH IN METER',NULL,'decimal',0.00,0.00),('RP-1b334f39:14ee1d5248b:2d9b','APPROVED','RATE_15_20','RATE (15-20)',NULL,'range_integer',15.00,20.00),('RP-40823ba7:1561f63c331:-7fc7','APPROVED','SWORN_AMOUNT','SWORN AMOUNT',NULL,'decimal',0.00,0.00),('RP-40823ba7:1561f63c331:ec1','APPROVED','UNIT_AMOUNT','UNIT AMOUNT',NULL,'decimal',0.00,0.00),('RP-6ef7ba72:15087a4f1a6:5621','APPROVED','RATE15_20','RATE (15-20)',NULL,'range_decimal',0.15,0.20),('RP-e1e86ac:147336bc626:-7fc1','APPROVED','LINEAR_METER','LINEAR METER','LINEAR OF METER','decimal',0.00,0.00),('RP1cb5fe2e:14cdb1a6034:-78d9','APPROVED','TOTAL_ADDITIONAL','TOTAL_ADDITIONAL',NULL,'decimal',0.00,0.00),('RP1f27a3d:1507d6ed654:1a3a','APPROVED','UNIT_VALUE','UNIT VALUE','UNIT VALUE','integer',0.00,0.00),('RP3153bf8b:1473788097f:-4fae','APPROVED','NO_UNITS','NO. OF UNITS',NULL,'integer',0.00,0.00),('RP3153bf8b:1473788097f:-5e15','APPROVED','NO_OF_UNITS','NUMBER OF UNITS',NULL,'decimal',0.00,0.00),('RP65bd4b24:147eee7380d:-78b9','APPROVED','DISTANCE_KM','DISTANCE IN KM',NULL,'decimal',0.00,0.00),('RP65bd4b24:147eee7380d:492e','APPROVED','HEIGHT_METER','HEIGHT IN METER',NULL,'decimal',0.00,0.00),('RP65bd4b24:147eee7380d:5013','APPROVED','TOTAL_AREA','TOTAL AREA',NULL,'decimal',0.00,0.00),('RP65bd4b24:147eee7380d:52b0','APPROVED','PERCENTAGE_15_20','PERCENTAGE (15-20)',NULL,'range_decimal',0.15,0.20),('RP65bd4b24:147eee7380d:6558','APPROVED','VOLUME_CU_M','VOLUME IN CU.M.',NULL,'decimal',0.00,0.00),('RP65bd4b24:147eee7380d:6e89','APPROVED','NO_OF_PIECES','NUMBER OF PIECES',NULL,'integer',0.00,0.00),('RP65bd4b24:147f0d26ed9:-7757','APPROVED','AREA_CU_M','AREA IN CU.M.',NULL,'decimal',0.00,0.00),('RP724d2d18:157b7b6bfeb:-6165','APPROVED','RATE_0_30','RATE (0-30)',NULL,'range_decimal',0.00,30.00),('TOTAL_ADVANCE','APPROVED','TOTAL_ADVANCE','TOTAL ADVANCE',NULL,'decimal',0.00,0.00),('TOTAL_AV','APPROVED','TOTAL_AV','TOTAL AV',NULL,'decimal',0.00,0.00),('TOTAL_BMV','APPROVED','TOTAL_BMV','TOTAL BMV',NULL,'decimal',0.00,0.00),('TOTAL_CURRENT','APPROVED','TOTAL_CURRENT','TOTAL CURRENT',NULL,'decimal',0.00,0.00),('TOTAL_MV','APPROVED','TOTAL_MV','TOTAL MV','','decimal',0.00,0.00),('TOTAL_PREVIOUS','APPROVED','TOTAL_PREVIOUS','TOTAL PREVIOUS',NULL,'decimal',0.00,0.00),('TOTAL_VALUE','APPROVED','TOTAL_VALUE','TOTAL VALUE','','decimal',0.00,0.00);
/*!40000 ALTER TABLE `rptparameter` ENABLE KEYS */;
UNLOCK TABLES;

--
-- Table structure for table `rptpayment`
--

DROP TABLE IF EXISTS `rptpayment`;
/*!40101 SET @saved_cs_client     = @@character_set_client */;
/*!40101 SET character_set_client = utf8 */;
CREATE TABLE `rptpayment` (
  `objid` varchar(100) NOT NULL,
  `type` varchar(50) DEFAULT NULL,
  `refid` varchar(50) NOT NULL,
  `reftype` varchar(50) NOT NULL,
  `receiptid` varchar(50) DEFAULT NULL,
  `receiptno` varchar(50) NOT NULL,
  `receiptdate` date NOT NULL,
  `paidby_name` longtext NOT NULL,
  `paidby_address` varchar(150) NOT NULL,
  `postedby` varchar(100) NOT NULL,
  `postedbytitle` varchar(50) NOT NULL,
  `dtposted` datetime NOT NULL,
  `fromyear` int(11) NOT NULL,
  `fromqtr` int(11) NOT NULL,
  `toyear` int(11) NOT NULL,
  `toqtr` int(11) NOT NULL,
  `amount` decimal(12,2) NOT NULL,
  `collectingagency` varchar(50) DEFAULT NULL,
  `voided` int(11) NOT NULL,
  PRIMARY KEY (`objid`),
  KEY `fk_rptpayment_cashreceipt` (`receiptid`),
  KEY `fk_rptpayment_rptledger` (`refid`),
  KEY `ix_receiptno` (`receiptno`)
) ENGINE=InnoDB DEFAULT CHARSET=utf8;
/*!40101 SET character_set_client = @saved_cs_client */;

--
-- Dumping data for table `rptpayment`
--

LOCK TABLES `rptpayment` WRITE;
/*!40000 ALTER TABLE `rptpayment` DISABLE KEYS */;
/*!40000 ALTER TABLE `rptpayment` ENABLE KEYS */;
UNLOCK TABLES;

--
-- Table structure for table `rptpayment_item`
--

DROP TABLE IF EXISTS `rptpayment_item`;
/*!40101 SET @saved_cs_client     = @@character_set_client */;
/*!40101 SET character_set_client = utf8 */;
CREATE TABLE `rptpayment_item` (
  `objid` varchar(50) NOT NULL,
  `parentid` varchar(100) NOT NULL,
  `rptledgerfaasid` varchar(50) DEFAULT NULL,
  `year` int(11) NOT NULL,
  `qtr` int(11) DEFAULT NULL,
  `revtype` varchar(50) NOT NULL,
  `revperiod` varchar(25) DEFAULT NULL,
  `amount` decimal(16,2) NOT NULL,
  `interest` decimal(16,2) NOT NULL,
  `discount` decimal(16,2) NOT NULL,
  `partialled` int(11) NOT NULL,
  `priority` int(11) DEFAULT NULL,
  PRIMARY KEY (`objid`),
  KEY `fk_rptpayment_item_parentid` (`parentid`),
  KEY `fk_rptpayment_item_rptledgerfaasid` (`rptledgerfaasid`),
  CONSTRAINT `rptpayment_item_rptpayment` FOREIGN KEY (`parentid`) REFERENCES `rptpayment` (`objid`),
  CONSTRAINT `rptpayment_item_rptledgerfaas` FOREIGN KEY (`rptledgerfaasid`) REFERENCES `rptledgerfaas` (`objid`)
) ENGINE=InnoDB DEFAULT CHARSET=utf8;
/*!40101 SET character_set_client = @saved_cs_client */;

--
-- Dumping data for table `rptpayment_item`
--

LOCK TABLES `rptpayment_item` WRITE;
/*!40000 ALTER TABLE `rptpayment_item` DISABLE KEYS */;
/*!40000 ALTER TABLE `rptpayment_item` ENABLE KEYS */;
UNLOCK TABLES;

--
-- Table structure for table `rptpayment_share`
--

DROP TABLE IF EXISTS `rptpayment_share`;
/*!40101 SET @saved_cs_client     = @@character_set_client */;
/*!40101 SET character_set_client = utf8 */;
CREATE TABLE `rptpayment_share` (
  `objid` varchar(50) NOT NULL,
  `parentid` varchar(100) DEFAULT NULL,
  `revperiod` varchar(25) NOT NULL,
  `revtype` varchar(25) NOT NULL,
  `sharetype` varchar(25) NOT NULL,
  `item_objid` varchar(50) NOT NULL,
  `amount` decimal(16,4) NOT NULL,
  `discount` decimal(16,4) DEFAULT NULL,
  `iscommon` int(11) DEFAULT NULL,
  `year` int(11) DEFAULT NULL,
  PRIMARY KEY (`objid`),
  KEY `fk_rptpayment_share_item_objid` (`item_objid`),
  KEY `fk_rptpayment_share_parentid` (`parentid`),
  CONSTRAINT `rptpayment_share_rptpayment` FOREIGN KEY (`parentid`) REFERENCES `rptpayment` (`objid`),
  CONSTRAINT `rptpayment_share_itemaccount` FOREIGN KEY (`item_objid`) REFERENCES `itemaccount` (`objid`)
) ENGINE=InnoDB DEFAULT CHARSET=utf8;
/*!40101 SET character_set_client = @saved_cs_client */;

--
-- Dumping data for table `rptpayment_share`
--

LOCK TABLES `rptpayment_share` WRITE;
/*!40000 ALTER TABLE `rptpayment_share` DISABLE KEYS */;
/*!40000 ALTER TABLE `rptpayment_share` ENABLE KEYS */;
UNLOCK TABLES;

--
-- Table structure for table `rptreceipt_capture`
--

DROP TABLE IF EXISTS `rptreceipt_capture`;
/*!40101 SET @saved_cs_client     = @@character_set_client */;
/*!40101 SET character_set_client = utf8 */;
CREATE TABLE `rptreceipt_capture` (
  `objid` varchar(100) NOT NULL,
  `rptledgerid` varchar(50) NOT NULL,
  `receiptno` varchar(50) NOT NULL,
  `receiptdate` date NOT NULL,
  `payorid` varchar(50) DEFAULT NULL,
  `paidby_name` longtext NOT NULL,
  `paidby_address` varchar(150) NOT NULL,
  `collector` varchar(80) NOT NULL,
  `amount` decimal(12,2) NOT NULL,
  `postedby` varchar(100) NOT NULL,
  `postedbytitle` varchar(50) NOT NULL,
  `dtposted` datetime NOT NULL,
  `paidby` varchar(255) NOT NULL,
  `fromyear` int(11) NOT NULL,
  `fromqtr` int(11) NOT NULL,
  `toyear` int(11) NOT NULL,
  `toqtr` int(11) NOT NULL,
  `period` varchar(50) NOT NULL,
  `basic` decimal(12,2) NOT NULL,
  `basicint` decimal(12,2) NOT NULL,
  `basicdisc` decimal(12,2) NOT NULL,
  `sef` decimal(12,2) NOT NULL,
  `sefint` decimal(12,2) NOT NULL,
  `sefdisc` decimal(12,2) NOT NULL,
  `firecode` decimal(12,2) NOT NULL,
  PRIMARY KEY (`objid`),
  KEY `ix_rptreceipt_capture_paidby` (`paidby`),
  KEY `ix_rptreceipt_payorid` (`payorid`),
  KEY `ix_rptreceipt_receiptno` (`receiptno`)
) ENGINE=InnoDB DEFAULT CHARSET=utf8;
/*!40101 SET character_set_client = @saved_cs_client */;

--
-- Dumping data for table `rptreceipt_capture`
--

LOCK TABLES `rptreceipt_capture` WRITE;
/*!40000 ALTER TABLE `rptreceipt_capture` DISABLE KEYS */;
/*!40000 ALTER TABLE `rptreceipt_capture` ENABLE KEYS */;
UNLOCK TABLES;

--
-- Table structure for table `rpttask`
--

DROP TABLE IF EXISTS `rpttask`;
/*!40101 SET @saved_cs_client     = @@character_set_client */;
/*!40101 SET character_set_client = utf8 */;
CREATE TABLE `rpttask` (
  `taskid` varchar(50) NOT NULL,
  `objid` varchar(50) NOT NULL,
  `action` varchar(50) NOT NULL,
  `refno` varchar(50) NOT NULL,
  `filetype` varchar(50) NOT NULL,
  `msg` varchar(100) DEFAULT NULL,
  `startdate` datetime NOT NULL,
  `enddate` datetime DEFAULT NULL,
  `createdby_objid` varchar(50) NOT NULL,
  `createdby_name` varchar(150) NOT NULL,
  `createdby_title` varchar(50) DEFAULT NULL,
  `assignedto_objid` varchar(50) DEFAULT NULL,
  `assignedto_name` varchar(150) DEFAULT NULL,
  `assignedto_title` varchar(50) DEFAULT NULL,
  `workflowid` varchar(50) DEFAULT NULL,
  `signatory` varchar(50) DEFAULT NULL,
  `docname` varchar(50) DEFAULT NULL,
  `status` varchar(100) DEFAULT NULL,
  PRIMARY KEY (`taskid`),
  KEY `ix_rpttask_assignedto_enddate` (`assignedto_objid`,`enddate`),
  KEY `ix_rpttask_assignedto_name` (`assignedto_name`),
  KEY `ix_rpttask_assignedto_objid` (`assignedto_objid`),
  KEY `ix_rpttask_createdby_name` (`createdby_name`),
  KEY `ix_rpttask_createdby_objid` (`createdby_objid`),
  KEY `ix_rpttask_enddate` (`enddate`),
  KEY `ix_rpttask_objid` (`objid`)
) ENGINE=InnoDB DEFAULT CHARSET=utf8;
/*!40101 SET character_set_client = @saved_cs_client */;

--
-- Dumping data for table `rpttask`
--

LOCK TABLES `rpttask` WRITE;
/*!40000 ALTER TABLE `rpttask` DISABLE KEYS */;
/*!40000 ALTER TABLE `rpttask` ENABLE KEYS */;
UNLOCK TABLES;

--
-- Table structure for table `rpttaxclearance`
--

DROP TABLE IF EXISTS `rpttaxclearance`;
/*!40101 SET @saved_cs_client     = @@character_set_client */;
/*!40101 SET character_set_client = utf8 */;
CREATE TABLE `rpttaxclearance` (
  `objid` varchar(50) NOT NULL,
  `year` int(11) NOT NULL,
  `qtr` int(11) NOT NULL,
  `reporttype` varchar(15) DEFAULT NULL,
  PRIMARY KEY (`objid`),
  CONSTRAINT `rpttaxclearance_ibfk_1` FOREIGN KEY (`objid`) REFERENCES `rptcertification` (`objid`)
) ENGINE=InnoDB DEFAULT CHARSET=utf8;
/*!40101 SET character_set_client = @saved_cs_client */;

--
-- Dumping data for table `rpttaxclearance`
--

LOCK TABLES `rpttaxclearance` WRITE;
/*!40000 ALTER TABLE `rpttaxclearance` DISABLE KEYS */;
/*!40000 ALTER TABLE `rpttaxclearance` ENABLE KEYS */;
UNLOCK TABLES;

--
-- Table structure for table `rpttaxcredit`
--

DROP TABLE IF EXISTS `rpttaxcredit`;
/*!40101 SET @saved_cs_client     = @@character_set_client */;
/*!40101 SET character_set_client = utf8 */;
CREATE TABLE `rpttaxcredit` (
  `objid` varchar(50) NOT NULL,
  `state` varchar(25) NOT NULL,
  `type` varchar(25) NOT NULL,
  `txnno` varchar(25) DEFAULT NULL,
  `txndate` datetime DEFAULT NULL,
  `reftype` varchar(25) DEFAULT NULL,
  `refid` varchar(50) DEFAULT NULL,
  `refno` varchar(25) NOT NULL,
  `refdate` date NOT NULL,
  `amount` decimal(16,2) NOT NULL,
  `amtapplied` decimal(16,2) NOT NULL,
  `rptledger_objid` varchar(50) NOT NULL,
  `srcledger_objid` varchar(50) DEFAULT NULL,
  `remarks` varchar(255) DEFAULT NULL,
  `approvedby_objid` varchar(50) DEFAULT NULL,
  `approvedby_name` varchar(150) DEFAULT NULL,
  `approvedby_title` varchar(75) DEFAULT NULL,
  `info` text,
  `discapplied` decimal(16,2) NOT NULL,
  PRIMARY KEY (`objid`),
  UNIQUE KEY `ux_txnno` (`txnno`),
  KEY `fk_rpttaxcredit_sys_user` (`approvedby_objid`),
  KEY `ix_refid` (`refid`),
  KEY `ix_refno` (`refno`),
  KEY `ix_reftype` (`reftype`),
  KEY `ix_rptledger_objid` (`rptledger_objid`),
  KEY `ix_srcledger_objid` (`srcledger_objid`),
  KEY `ix_state` (`state`),
  KEY `ix_type` (`type`),
  CONSTRAINT `fk_rpttaxcredit_sys_user` FOREIGN KEY (`approvedby_objid`) REFERENCES `sys_user` (`objid`),
  CONSTRAINT `fk_rpttaxcredit_rptledger` FOREIGN KEY (`rptledger_objid`) REFERENCES `rptledger` (`objid`),
  CONSTRAINT `fk_rpttaxcredit_srcledger` FOREIGN KEY (`srcledger_objid`) REFERENCES `rptledger` (`objid`)
) ENGINE=InnoDB DEFAULT CHARSET=utf8;
/*!40101 SET character_set_client = @saved_cs_client */;

--
-- Dumping data for table `rpttaxcredit`
--

LOCK TABLES `rpttaxcredit` WRITE;
/*!40000 ALTER TABLE `rpttaxcredit` DISABLE KEYS */;
/*!40000 ALTER TABLE `rpttaxcredit` ENABLE KEYS */;
UNLOCK TABLES;

--
-- Table structure for table `rpttaxincentive`
--

DROP TABLE IF EXISTS `rpttaxincentive`;
/*!40101 SET @saved_cs_client     = @@character_set_client */;
/*!40101 SET character_set_client = utf8 */;
CREATE TABLE `rpttaxincentive` (
  `objid` varchar(50) NOT NULL,
  `state` varchar(25) NOT NULL,
  `txnno` varchar(25) DEFAULT NULL,
  `txndate` date DEFAULT NULL,
  `taxpayer_objid` varchar(50) NOT NULL,
  `taxpayer_name` longtext NOT NULL,
  `taxpayer_address` varchar(150) NOT NULL,
  `name` varchar(100) NOT NULL,
  `remarks` varchar(250) NOT NULL,
  `createdby_objid` varchar(50) NOT NULL,
  `createdby_name` varchar(100) NOT NULL,
  `createdby_title` varchar(50) NOT NULL,
  `createdby_date` datetime NOT NULL,
  PRIMARY KEY (`objid`),
  KEY `createdby_objid` (`createdby_objid`),
  KEY `ix_rpttaxincentive_name` (`name`),
  KEY `ix_rpttaxincentive_state` (`state`),
  KEY `ix_rpttaxincentive_taxpayerid` (`taxpayer_objid`),
  KEY `ix_rpttaxincentive_txnno` (`txnno`),
  CONSTRAINT `rpttaxincentive_ibfk_2` FOREIGN KEY (`createdby_objid`) REFERENCES `sys_user` (`objid`),
  CONSTRAINT `rpttaxincentive_ibfk_1` FOREIGN KEY (`taxpayer_objid`) REFERENCES `entity` (`objid`)
) ENGINE=InnoDB DEFAULT CHARSET=utf8;
/*!40101 SET character_set_client = @saved_cs_client */;

--
-- Dumping data for table `rpttaxincentive`
--

LOCK TABLES `rpttaxincentive` WRITE;
/*!40000 ALTER TABLE `rpttaxincentive` DISABLE KEYS */;
/*!40000 ALTER TABLE `rpttaxincentive` ENABLE KEYS */;
UNLOCK TABLES;

--
-- Table structure for table `rpttaxincentive_item`
--

DROP TABLE IF EXISTS `rpttaxincentive_item`;
/*!40101 SET @saved_cs_client     = @@character_set_client */;
/*!40101 SET character_set_client = utf8 */;
CREATE TABLE `rpttaxincentive_item` (
  `objid` varchar(50) NOT NULL,
  `rpttaxincentiveid` varchar(50) NOT NULL,
  `rptledgerid` varchar(50) NOT NULL,
  `fromyear` int(11) NOT NULL,
  `toyear` int(11) NOT NULL,
  `basicrate` int(11) NOT NULL,
  `sefrate` int(11) NOT NULL,
  PRIMARY KEY (`objid`),
  KEY `ix_rpttaxincentiveitem_rptledgerid` (`rptledgerid`),
  KEY `ix_rpttaxincentiveitem_rpttaxincentiveid` (`rpttaxincentiveid`),
  CONSTRAINT `rpttaxincentive_item_ibfk_2` FOREIGN KEY (`rpttaxincentiveid`) REFERENCES `rpttaxincentive` (`objid`),
  CONSTRAINT `rpttaxincentive_item_ibfk_1` FOREIGN KEY (`rptledgerid`) REFERENCES `rptledger` (`objid`)
) ENGINE=InnoDB DEFAULT CHARSET=utf8;
/*!40101 SET character_set_client = @saved_cs_client */;

--
-- Dumping data for table `rpttaxincentive_item`
--

LOCK TABLES `rpttaxincentive_item` WRITE;
/*!40000 ALTER TABLE `rpttaxincentive_item` DISABLE KEYS */;
/*!40000 ALTER TABLE `rpttaxincentive_item` ENABLE KEYS */;
UNLOCK TABLES;

--
-- Table structure for table `rpttracking`
--

DROP TABLE IF EXISTS `rpttracking`;
/*!40101 SET @saved_cs_client     = @@character_set_client */;
/*!40101 SET character_set_client = utf8 */;
CREATE TABLE `rpttracking` (
  `objid` varchar(50) NOT NULL,
  `filetype` varchar(50) NOT NULL,
  `trackingno` varchar(25) NOT NULL,
  `msg` varchar(150) DEFAULT NULL,
  PRIMARY KEY (`objid`)
) ENGINE=InnoDB DEFAULT CHARSET=utf8;
/*!40101 SET character_set_client = @saved_cs_client */;

--
-- Dumping data for table `rpttracking`
--

LOCK TABLES `rpttracking` WRITE;
/*!40000 ALTER TABLE `rpttracking` DISABLE KEYS */;
/*!40000 ALTER TABLE `rpttracking` ENABLE KEYS */;
UNLOCK TABLES;

--
-- Table structure for table `rpttransmittal`
--

DROP TABLE IF EXISTS `rpttransmittal`;
/*!40101 SET @saved_cs_client     = @@character_set_client */;
/*!40101 SET character_set_client = utf8 */;
CREATE TABLE `rpttransmittal` (
  `objid` varchar(50) NOT NULL,
  `state` varchar(50) NOT NULL,
  `type` varchar(15) NOT NULL,
  `filetype` varchar(50) NOT NULL,
  `txnno` varchar(15) NOT NULL,
  `txndate` datetime NOT NULL,
  `lgu_objid` varchar(50) NOT NULL,
  `lgu_name` varchar(50) NOT NULL,
  `lgu_type` varchar(50) NOT NULL,
  `tolgu_objid` varchar(50) NOT NULL,
  `tolgu_name` varchar(50) NOT NULL,
  `tolgu_type` varchar(50) NOT NULL,
  `createdby_objid` varchar(50) NOT NULL,
  `createdby_name` varchar(100) NOT NULL,
  `createdby_title` varchar(50) NOT NULL,
  `remarks` varchar(500) DEFAULT NULL,
  PRIMARY KEY (`objid`),
  UNIQUE KEY `ux_txnno` (`txnno`),
  KEY `ix_createdby_name` (`createdby_name`),
  KEY `ix_lguname` (`lgu_name`),
  KEY `ix_state` (`state`)
) ENGINE=InnoDB DEFAULT CHARSET=utf8;
/*!40101 SET character_set_client = @saved_cs_client */;

--
-- Dumping data for table `rpttransmittal`
--

LOCK TABLES `rpttransmittal` WRITE;
/*!40000 ALTER TABLE `rpttransmittal` DISABLE KEYS */;
/*!40000 ALTER TABLE `rpttransmittal` ENABLE KEYS */;
UNLOCK TABLES;

--
-- Table structure for table `rpttransmittal_item`
--

DROP TABLE IF EXISTS `rpttransmittal_item`;
/*!40101 SET @saved_cs_client     = @@character_set_client */;
/*!40101 SET character_set_client = utf8 */;
CREATE TABLE `rpttransmittal_item` (
  `objid` varchar(50) NOT NULL,
  `parentid` varchar(50) NOT NULL,
  `state` varchar(50) NOT NULL,
  `filetype` varchar(50) NOT NULL,
  `refid` varchar(50) NOT NULL,
  `refno` varchar(150) NOT NULL,
  `message` varchar(350) DEFAULT NULL,
  `remarks` varchar(350) DEFAULT NULL,
  `status` varchar(50) DEFAULT NULL,
  `disapprovedby_name` varchar(150) DEFAULT NULL,
  PRIMARY KEY (`objid`),
  UNIQUE KEY `ux_parentid_refid` (`parentid`,`refid`),
  KEY `FK_rpttransmittal_item_rpttransmittal` (`parentid`),
  KEY `ix_refid` (`refid`),
  CONSTRAINT `FK_rpttransmittal_item_rpttransmittal` FOREIGN KEY (`parentid`) REFERENCES `rpttransmittal` (`objid`)
) ENGINE=InnoDB DEFAULT CHARSET=utf8;
/*!40101 SET character_set_client = @saved_cs_client */;

--
-- Dumping data for table `rpttransmittal_item`
--

LOCK TABLES `rpttransmittal_item` WRITE;
/*!40000 ALTER TABLE `rpttransmittal_item` DISABLE KEYS */;
/*!40000 ALTER TABLE `rpttransmittal_item` ENABLE KEYS */;
UNLOCK TABLES;

--
-- Table structure for table `rptvariable`
--

DROP TABLE IF EXISTS `rptvariable`;
/*!40101 SET @saved_cs_client     = @@character_set_client */;
/*!40101 SET character_set_client = utf8 */;
CREATE TABLE `rptvariable` (
  `objid` varchar(50) NOT NULL,
  PRIMARY KEY (`objid`)
) ENGINE=InnoDB DEFAULT CHARSET=utf8;
/*!40101 SET character_set_client = @saved_cs_client */;

--
-- Dumping data for table `rptvariable`
--

LOCK TABLES `rptvariable` WRITE;
/*!40000 ALTER TABLE `rptvariable` DISABLE KEYS */;
/*!40000 ALTER TABLE `rptvariable` ENABLE KEYS */;
UNLOCK TABLES;

--
-- Table structure for table `rpu`
--

DROP TABLE IF EXISTS `rpu`;
/*!40101 SET @saved_cs_client     = @@character_set_client */;
/*!40101 SET character_set_client = utf8 */;
CREATE TABLE `rpu` (
  `objid` varchar(50) NOT NULL,
  `state` varchar(25) NOT NULL,
  `realpropertyid` varchar(50) DEFAULT NULL,
  `rputype` varchar(10) NOT NULL,
  `ry` int(11) NOT NULL,
  `fullpin` varchar(30) DEFAULT NULL,
  `suffix` int(11) NOT NULL,
  `subsuffix` int(11) DEFAULT NULL,
  `classification_objid` varchar(50) DEFAULT NULL,
  `exemptiontype_objid` varchar(50) DEFAULT NULL,
  `taxable` int(11) NOT NULL,
  `totalareaha` decimal(18,6) NOT NULL,
  `totalareasqm` decimal(18,6) NOT NULL,
  `totalbmv` decimal(16,2) NOT NULL,
  `totalmv` decimal(16,2) NOT NULL,
  `totalav` decimal(16,2) NOT NULL,
  `hasswornamount` int(11) NOT NULL,
  `swornamount` decimal(16,2) NOT NULL,
  `useswornamount` int(11) NOT NULL,
  `previd` varchar(50) DEFAULT NULL,
  `rpumasterid` varchar(50) DEFAULT NULL,
  `reclassed` int(11) DEFAULT NULL,
  `isonline` int(11) DEFAULT NULL,
  PRIMARY KEY (`objid`),
  KEY `exemptiontype_objid` (`exemptiontype_objid`),
  KEY `FK_rpu_realpropertyid` (`realpropertyid`),
  KEY `ix_classification_objid` (`classification_objid`),
  KEY `ix_previd` (`previd`),
  KEY `ix_rpu_fullpin` (`fullpin`),
  KEY `ix_rpu_ry_fullpin` (`fullpin`,`ry`),
  KEY `ix_rpu_ry_state` (`state`),
  KEY `ix_rpu_state` (`state`),
  KEY `ix_rpy_ry` (`ry`),
  KEY `rpumasterid` (`rpumasterid`),
  CONSTRAINT `rpu_ibfk_4` FOREIGN KEY (`rpumasterid`) REFERENCES `rpumaster` (`objid`),
  CONSTRAINT `rpu_ibfk_1` FOREIGN KEY (`exemptiontype_objid`) REFERENCES `exemptiontype` (`objid`),
  CONSTRAINT `rpu_ibfk_2` FOREIGN KEY (`classification_objid`) REFERENCES `propertyclassification` (`objid`)
) ENGINE=InnoDB DEFAULT CHARSET=utf8;
/*!40101 SET character_set_client = @saved_cs_client */;

--
-- Dumping data for table `rpu`
--

LOCK TABLES `rpu` WRITE;
/*!40000 ALTER TABLE `rpu` DISABLE KEYS */;
/*!40000 ALTER TABLE `rpu` ENABLE KEYS */;
UNLOCK TABLES;

--
-- Table structure for table `rpu_assessment`
--

DROP TABLE IF EXISTS `rpu_assessment`;
/*!40101 SET @saved_cs_client     = @@character_set_client */;
/*!40101 SET character_set_client = utf8 */;
CREATE TABLE `rpu_assessment` (
  `objid` varchar(50) NOT NULL,
  `rpuid` varchar(50) NOT NULL,
  `classification_objid` varchar(50) DEFAULT NULL,
  `actualuse_objid` varchar(50) DEFAULT NULL,
  `areasqm` decimal(16,2) NOT NULL,
  `areaha` decimal(16,6) NOT NULL,
  `marketvalue` decimal(16,2) NOT NULL,
  `assesslevel` decimal(16,2) NOT NULL,
  `assessedvalue` decimal(16,2) NOT NULL,
  `rputype` varchar(25) DEFAULT NULL,
  `taxable` int(11) DEFAULT NULL,
  PRIMARY KEY (`objid`),
  KEY `FK_rpuassessmetn_rpu` (`rpuid`),
  CONSTRAINT `FK_rpuassessmetn_rpu` FOREIGN KEY (`rpuid`) REFERENCES `rpu` (`objid`)
) ENGINE=InnoDB DEFAULT CHARSET=utf8;
/*!40101 SET character_set_client = @saved_cs_client */;

--
-- Dumping data for table `rpu_assessment`
--

LOCK TABLES `rpu_assessment` WRITE;
/*!40000 ALTER TABLE `rpu_assessment` DISABLE KEYS */;
/*!40000 ALTER TABLE `rpu_assessment` ENABLE KEYS */;
UNLOCK TABLES;

--
-- Table structure for table `rpu_type_suffix`
--

DROP TABLE IF EXISTS `rpu_type_suffix`;
/*!40101 SET @saved_cs_client     = @@character_set_client */;
/*!40101 SET character_set_client = utf8 */;
CREATE TABLE `rpu_type_suffix` (
  `objid` varchar(50) NOT NULL,
  `rputype` varchar(20) NOT NULL,
  `from` int(11) NOT NULL,
  `to` int(11) NOT NULL,
  PRIMARY KEY (`objid`)
) ENGINE=InnoDB DEFAULT CHARSET=utf8;
/*!40101 SET character_set_client = @saved_cs_client */;

--
-- Dumping data for table `rpu_type_suffix`
--

LOCK TABLES `rpu_type_suffix` WRITE;
/*!40000 ALTER TABLE `rpu_type_suffix` DISABLE KEYS */;
INSERT INTO `rpu_type_suffix` VALUES ('BLDG-1001-1999','bldg',1001,1999),('LAND','land',0,0),('MACH-2001-2999','mach',2001,2999),('MISC-4001-4999','misc',4001,4999),('PLANTTREE-3001-3999','planttree',3001,3999);
/*!40000 ALTER TABLE `rpu_type_suffix` ENABLE KEYS */;
UNLOCK TABLES;

--
-- Table structure for table `rpumaster`
--

DROP TABLE IF EXISTS `rpumaster`;
/*!40101 SET @saved_cs_client     = @@character_set_client */;
/*!40101 SET character_set_client = utf8 */;
CREATE TABLE `rpumaster` (
  `objid` varchar(50) NOT NULL,
  `currentfaasid` varchar(50) DEFAULT NULL,
  `currentrpuid` varchar(50) DEFAULT NULL,
  PRIMARY KEY (`objid`)
) ENGINE=InnoDB DEFAULT CHARSET=utf8;
/*!40101 SET character_set_client = @saved_cs_client */;

--
-- Dumping data for table `rpumaster`
--

LOCK TABLES `rpumaster` WRITE;
/*!40000 ALTER TABLE `rpumaster` DISABLE KEYS */;
/*!40000 ALTER TABLE `rpumaster` ENABLE KEYS */;
UNLOCK TABLES;

--
-- Table structure for table `rysetting_lgu`
--

DROP TABLE IF EXISTS `rysetting_lgu`;
/*!40101 SET @saved_cs_client     = @@character_set_client */;
/*!40101 SET character_set_client = utf8 */;
CREATE TABLE `rysetting_lgu` (
  `objid` varchar(50) NOT NULL DEFAULT '',
  `rysettingid` varchar(50) NOT NULL DEFAULT '',
  `lguid` varchar(50) NOT NULL DEFAULT '',
  `settingtype` varchar(15) NOT NULL DEFAULT '',
  `barangayid` varchar(50) DEFAULT NULL,
  `lguname` varchar(50) DEFAULT NULL,
  PRIMARY KEY (`objid`),
  UNIQUE KEY `ux_rysettinglgu` (`rysettingid`,`lguid`,`barangayid`)
) ENGINE=InnoDB DEFAULT CHARSET=utf8;
/*!40101 SET character_set_client = @saved_cs_client */;

--
-- Dumping data for table `rysetting_lgu`
--

LOCK TABLES `rysetting_lgu` WRITE;
/*!40000 ALTER TABLE `rysetting_lgu` DISABLE KEYS */;
/*!40000 ALTER TABLE `rysetting_lgu` ENABLE KEYS */;
UNLOCK TABLES;

--
-- Table structure for table `rysettinginfo`
--

DROP TABLE IF EXISTS `rysettinginfo`;
/*!40101 SET @saved_cs_client     = @@character_set_client */;
/*!40101 SET character_set_client = utf8 */;
CREATE TABLE `rysettinginfo` (
  `ry` int(11) NOT NULL,
  `ordinanceno` varchar(50) DEFAULT NULL,
  `ordinancedate` datetime DEFAULT NULL,
  `sangguniangname` varchar(50) DEFAULT NULL,
  PRIMARY KEY (`ry`)
) ENGINE=InnoDB DEFAULT CHARSET=utf8;
/*!40101 SET character_set_client = @saved_cs_client */;

--
-- Dumping data for table `rysettinginfo`
--

LOCK TABLES `rysettinginfo` WRITE;
/*!40000 ALTER TABLE `rysettinginfo` DISABLE KEYS */;
/*!40000 ALTER TABLE `rysettinginfo` ENABLE KEYS */;
UNLOCK TABLES;

--
-- Table structure for table `signatory`
--

DROP TABLE IF EXISTS `signatory`;
/*!40101 SET @saved_cs_client     = @@character_set_client */;
/*!40101 SET character_set_client = utf8 */;
CREATE TABLE `signatory` (
  `objid` varchar(50) NOT NULL,
  `state` varchar(10) NOT NULL,
  `doctype` varchar(50) NOT NULL,
  `indexno` int(11) NOT NULL,
  `lastname` varchar(50) NOT NULL,
  `firstname` varchar(50) NOT NULL,
  `middlename` varchar(50) DEFAULT NULL,
  `name` varchar(150) DEFAULT NULL,
  `title` varchar(50) NOT NULL,
  `department` varchar(50) DEFAULT NULL,
  `personnelid` varchar(50) DEFAULT NULL,
  PRIMARY KEY (`objid`),
  KEY `ix_doctype` (`doctype`),
  KEY `ix_personnelid` (`personnelid`)
) ENGINE=InnoDB DEFAULT CHARSET=utf8;
/*!40101 SET character_set_client = @saved_cs_client */;

--
-- Dumping data for table `signatory`
--

LOCK TABLES `signatory` WRITE;
/*!40000 ALTER TABLE `signatory` DISABLE KEYS */;
/*!40000 ALTER TABLE `signatory` ENABLE KEYS */;
UNLOCK TABLES;

--
-- Table structure for table `sre_revenue_mapping`
--

DROP TABLE IF EXISTS `sre_revenue_mapping`;
/*!40101 SET @saved_cs_client     = @@character_set_client */;
/*!40101 SET character_set_client = utf8 */;
CREATE TABLE `sre_revenue_mapping` (
  `objid` varchar(50) NOT NULL,
  `version` varchar(10) DEFAULT NULL,
  `revenueitemid` varchar(50) NOT NULL,
  `acctid` varchar(50) NOT NULL,
  PRIMARY KEY (`objid`),
  KEY `ix_acctid` (`acctid`),
  KEY `ix_revenueitemid` (`revenueitemid`)
) ENGINE=InnoDB DEFAULT CHARSET=utf8;
/*!40101 SET character_set_client = @saved_cs_client */;

--
-- Dumping data for table `sre_revenue_mapping`
--

LOCK TABLES `sre_revenue_mapping` WRITE;
/*!40000 ALTER TABLE `sre_revenue_mapping` DISABLE KEYS */;
/*!40000 ALTER TABLE `sre_revenue_mapping` ENABLE KEYS */;
UNLOCK TABLES;

--
-- Table structure for table `sreaccount`
--

DROP TABLE IF EXISTS `sreaccount`;
/*!40101 SET @saved_cs_client     = @@character_set_client */;
/*!40101 SET character_set_client = utf8 */;
CREATE TABLE `sreaccount` (
  `objid` varchar(50) NOT NULL,
  `parentid` varchar(50) DEFAULT NULL,
  `state` varchar(10) DEFAULT NULL,
  `chartid` varchar(50) DEFAULT NULL,
  `code` varchar(50) DEFAULT NULL,
  `title` varchar(255) DEFAULT NULL,
  `type` varchar(20) DEFAULT NULL,
  `acctgroup` varchar(50) DEFAULT NULL,
  PRIMARY KEY (`objid`),
  KEY `ix_code` (`code`),
  KEY `ix_parentid` (`parentid`),
  KEY `ix_title` (`title`)
) ENGINE=InnoDB DEFAULT CHARSET=utf8;
/*!40101 SET character_set_client = @saved_cs_client */;

--
-- Dumping data for table `sreaccount`
--

LOCK TABLES `sreaccount` WRITE;
/*!40000 ALTER TABLE `sreaccount` DISABLE KEYS */;
/*!40000 ALTER TABLE `sreaccount` ENABLE KEYS */;
UNLOCK TABLES;

--
-- Table structure for table `sreaccount_incometarget`
--

DROP TABLE IF EXISTS `sreaccount_incometarget`;
/*!40101 SET @saved_cs_client     = @@character_set_client */;
/*!40101 SET character_set_client = utf8 */;
CREATE TABLE `sreaccount_incometarget` (
  `objid` varchar(50) NOT NULL,
  `year` int(11) NOT NULL,
  `target` decimal(18,2) DEFAULT NULL,
  PRIMARY KEY (`objid`,`year`),
  CONSTRAINT `sreaccount_incometarget_ibfk_1` FOREIGN KEY (`objid`) REFERENCES `sreaccount` (`objid`)
) ENGINE=InnoDB DEFAULT CHARSET=utf8;
/*!40101 SET character_set_client = @saved_cs_client */;

--
-- Dumping data for table `sreaccount_incometarget`
--

LOCK TABLES `sreaccount_incometarget` WRITE;
/*!40000 ALTER TABLE `sreaccount_incometarget` DISABLE KEYS */;
/*!40000 ALTER TABLE `sreaccount_incometarget` ENABLE KEYS */;
UNLOCK TABLES;

--
-- Table structure for table `structure`
--

DROP TABLE IF EXISTS `structure`;
/*!40101 SET @saved_cs_client     = @@character_set_client */;
/*!40101 SET character_set_client = utf8 */;
CREATE TABLE `structure` (
  `objid` varchar(50) NOT NULL,
  `state` varchar(10) NOT NULL,
  `code` varchar(20) NOT NULL,
  `name` varchar(100) NOT NULL,
  `indexno` int(11) NOT NULL,
  `showinfaas` int(11) NOT NULL,
  PRIMARY KEY (`objid`),
  UNIQUE KEY `ux_structure_code` (`code`),
  UNIQUE KEY `ux_structure_name` (`name`),
  KEY `ix_structure_state` (`state`)
) ENGINE=InnoDB DEFAULT CHARSET=utf8;
/*!40101 SET character_set_client = @saved_cs_client */;

--
-- Dumping data for table `structure`
--

LOCK TABLES `structure` WRITE;
/*!40000 ALTER TABLE `structure` DISABLE KEYS */;
INSERT INTO `structure` VALUES ('ST-41f58695:154ad482785:-5c77','APPROVED','CL','COLUMNS',4,0),('ST-5288b48:1473337046c:-7c48','APPROVED','WL','WALLS AND PARTITIONS',3,1),('ST-5288b48:1473337046c:-7c73','APPROVED','RF','ROOF',1,1),('ST-5288b48:1473337046c:-7ca8','APPROVED','FL','FLOORING',2,1),('ST-619c77a:154ae499155:-798a','APPROVED','BM','BEAMS',6,0),('ST-619c77a:154ae499155:-79ce','APPROVED','FD','FOUNDATION',5,0),('ST4ddef4e9:154cbcb3616:-5229','APPROVED','PS','PLUMBING AND SEWERS',15,0),('ST4ddef4e9:154cbcb3616:-5265','APPROVED','TB','TOILET AND BATH',14,0),('ST4ddef4e9:154cbcb3616:-52b3','APPROVED','EC','ELECTRICAL CONDUIT',13,0),('ST4ddef4e9:154cbcb3616:-52ef','APPROVED','ST','STAIRS',12,0),('ST4ddef4e9:154cbcb3616:-532b','APPROVED','WD','WINDOWS',11,0),('ST4ddef4e9:154cbcb3616:-5367','APPROVED','CE','CEILING',10,0),('ST4ddef4e9:154cbcb3616:-53ac','APPROVED','DR','DOOR',9,0),('ST4ddef4e9:154cbcb3616:-5423','APPROVED','EW','EXTERIOR WALL',8,0),('ST4ddef4e9:154cbcb3616:-546a','APPROVED','RM','ROOF FRAMING',7,0);
/*!40000 ALTER TABLE `structure` ENABLE KEYS */;
UNLOCK TABLES;

--
-- Table structure for table `structurematerial`
--

DROP TABLE IF EXISTS `structurematerial`;
/*!40101 SET @saved_cs_client     = @@character_set_client */;
/*!40101 SET character_set_client = utf8 */;
CREATE TABLE `structurematerial` (
  `structure_objid` varchar(50) NOT NULL,
  `material_objid` varchar(50) NOT NULL,
  `display` int(11) DEFAULT NULL,
  `idx` int(11) DEFAULT NULL,
  PRIMARY KEY (`material_objid`,`structure_objid`),
  KEY `FK_structurematerial_material` (`material_objid`),
  KEY `structurematerial_ibfk_2` (`structure_objid`),
  CONSTRAINT `structurematerial_ibfk_2` FOREIGN KEY (`structure_objid`) REFERENCES `structure` (`objid`),
  CONSTRAINT `structurematerial_ibfk_1` FOREIGN KEY (`material_objid`) REFERENCES `material` (`objid`)
) ENGINE=InnoDB DEFAULT CHARSET=utf8;
/*!40101 SET character_set_client = @saved_cs_client */;

--
-- Dumping data for table `structurematerial`
--

LOCK TABLES `structurematerial` WRITE;
/*!40000 ALTER TABLE `structurematerial` DISABLE KEYS */;
INSERT INTO `structurematerial` VALUES ('ST-5288b48:1473337046c:-7c73','ALUM',1,3),('ST4ddef4e9:154cbcb3616:-532b','ALUM',0,2),('ST4ddef4e9:154cbcb3616:-53ac','ALUM',0,2),('ST-5288b48:1473337046c:-7c73','ANAH',1,7),('ST-5288b48:1473337046c:-7c73','ASBE',1,4),('ST4ddef4e9:154cbcb3616:-5367','ASBE',0,3),('ST-5288b48:1473337046c:-7c48','BAMB',1,6),('ST-5288b48:1473337046c:-7c73','BAMB',0,0),('ST-5288b48:1473337046c:-7ca8','BAMB',0,0),('ST4ddef4e9:154cbcb3616:-53ac','BAMB',0,8),('ST4ddef4e9:154cbcb3616:-5423','BAMB',0,7),('ST-5288b48:1473337046c:-7c48','BUAW',1,6),('ST4ddef4e9:154cbcb3616:-5423','BUAW',0,6),('ST-5288b48:1473337046c:-7c73','CDEC',1,6),('ST-5288b48:1473337046c:-7ca8','CDEC',0,0),('ST-5288b48:1473337046c:-7c48','CHB',1,4),('ST4ddef4e9:154cbcb3616:-5423','CHB',0,4),('ST-5288b48:1473337046c:-7c73','COGO',0,0),('ST-5288b48:1473337046c:-7c48','GISHEET',1,5),('ST-5288b48:1473337046c:-7c73','GISHEET',1,3),('ST-5288b48:1473337046c:-7ca8','GISHEET',0,0),('ST4ddef4e9:154cbcb3616:-5423','GISHEET',0,3),('ST-5288b48:1473337046c:-7c73','LSPA',1,5),('ST-5288b48:1473337046c:-7ca8','MARB',1,3),('ST4ddef4e9:154cbcb3616:-5265','MARB',0,2),('ST-5288b48:1473337046c:-7c48','MAT-18a7635d:14b93645f4b:-57a8',0,0),('ST-5288b48:1473337046c:-7c48','MAT-18a7635d:14b93645f4b:-6ccc',0,0),('ST-5288b48:1473337046c:-7c48','MAT-1d573228:149e7fe512e:-6c9b',0,0),('ST-5288b48:1473337046c:-7ca8','MAT-1d573228:149e7fe512e:-6cdb',0,0),('ST4ddef4e9:154cbcb3616:-532b','MAT-393d49e8:16d41e25043:-7d01',0,10),('ST4ddef4e9:154cbcb3616:-532b','MAT-393d49e8:16d41e25043:-7d21',0,9),('ST4ddef4e9:154cbcb3616:-532b','MAT-393d49e8:16d41e25043:-7d47',0,7),('ST4ddef4e9:154cbcb3616:-532b','MAT-393d49e8:16d41e25043:-7db2',0,6),('ST4ddef4e9:154cbcb3616:-53ac','MAT-393d49e8:16d41e25043:-7db2',0,10),('ST4ddef4e9:154cbcb3616:-53ac','MAT-393d49e8:16d41e25043:-7dd2',0,9),('ST4ddef4e9:154cbcb3616:-5367','MAT-5bd5808a:15f6fd875d7:-7a9a',0,6),('ST-5288b48:1473337046c:-7c48','MAT-5bd5808a:15f6fd875d7:-7b94',0,0),('ST-5288b48:1473337046c:-7c48','MAT-5bd5808a:15f6fd875d7:-7bc2',0,0),('ST4ddef4e9:154cbcb3616:-532b','MAT-5bd5808a:15f6fd875d7:-7bc2',0,8),('ST4ddef4e9:154cbcb3616:-5229','MAT-78131492:15483defb99:-7ee5',0,4),('ST4ddef4e9:154cbcb3616:-5229','MAT-78131492:15483defb99:-7ef7',0,3),('ST4ddef4e9:154cbcb3616:-5229','MAT-78131492:15483defb99:-7f00',0,2),('ST4ddef4e9:154cbcb3616:-5229','MAT-78131492:15483defb99:-7f09',0,1),('ST4ddef4e9:154cbcb3616:-52b3','MAT-78131492:15483defb99:-7f14',0,5),('ST4ddef4e9:154cbcb3616:-52b3','MAT-78131492:15483defb99:-7f1d',0,4),('ST4ddef4e9:154cbcb3616:-52b3','MAT-78131492:15483defb99:-7f26',0,3),('ST4ddef4e9:154cbcb3616:-52b3','MAT-78131492:15483defb99:-7f2f',0,2),('ST4ddef4e9:154cbcb3616:-52b3','MAT-78131492:15483defb99:-7f38',0,1),('ST-5288b48:1473337046c:-7c48','MAT-78131492:15483defb99:-7f41',0,0),('ST4ddef4e9:154cbcb3616:-5367','MAT-78131492:15483defb99:-7f54',0,4),('ST4ddef4e9:154cbcb3616:-53ac','MAT-78131492:15483defb99:-7f62',0,6),('ST4ddef4e9:154cbcb3616:-532b','MAT-78131492:15483defb99:-7f70',0,5),('ST4ddef4e9:154cbcb3616:-53ac','MAT-78131492:15483defb99:-7f70',0,5),('ST-5288b48:1473337046c:-7c48','MAT-78131492:15483defb99:-7f7e',0,0),('ST4ddef4e9:154cbcb3616:-532b','MAT-78131492:15483defb99:-7f7e',0,4),('ST4ddef4e9:154cbcb3616:-53ac','MAT-78131492:15483defb99:-7f7e',0,4),('ST-41f58695:154ad482785:-5c77','MAT-78131492:15483defb99:-7fc0',0,1),('ST-619c77a:154ae499155:-798a','MAT-78131492:15483defb99:-7fc0',0,3),('ST-619c77a:154ae499155:-79ce','MAT-78131492:15483defb99:-7fc0',0,3),('ST4ddef4e9:154cbcb3616:-52ef','MAT-78131492:15483defb99:-7fc0',0,1),('ST4ddef4e9:154cbcb3616:-532b','MAT-78131492:15483defb99:-7fc0',0,1),('ST4ddef4e9:154cbcb3616:-53ac','MAT-78131492:15483defb99:-7fc0',0,1),('ST4ddef4e9:154cbcb3616:-546a','MAT-78131492:15483defb99:-7fc0',0,1),('ST-619c77a:154ae499155:-79ce','MAT-78131492:15483defb99:-7fce',0,2),('ST4ddef4e9:154cbcb3616:-5423','MAT-78131492:15483defb99:-7fce',0,1),('ST-5288b48:1473337046c:-7c48','MAT214f8a19:14cea2384cc:-4203',0,0),('ST-5288b48:1473337046c:-7c73','MAT214f8a19:14cea2384cc:-4203',0,0),('ST-5288b48:1473337046c:-7c48','MAT34cebd50:1491f8d8c9d:-7fb6',0,0),('ST-5288b48:1473337046c:-7c73','MAT34cebd50:1491f8d8c9d:-7fb6',0,0),('ST4ddef4e9:154cbcb3616:-5367','MAT36b16c5:15440d79dfa:3c4a',0,2),('ST-5288b48:1473337046c:-7c48','MAT431e49c0:14b0a2d917e:-748f',0,0),('ST-5288b48:1473337046c:-7c48','MAT553122f3:15e5996d254:-7e3e',0,0),('ST4ddef4e9:154cbcb3616:-5367','MAT553122f3:15e5996d254:-7e3e',0,0),('ST-5288b48:1473337046c:-7c48','MAT553122f3:15e5996d254:-7e5c',0,0),('ST4ddef4e9:154cbcb3616:-5367','MAT553122f3:15e5996d254:-7e5c',0,5),('ST4ddef4e9:154cbcb3616:-53ac','MAT553122f3:15e5996d254:-7e5c',0,11),('ST-5288b48:1473337046c:-7c48','MAT78789b8a:1480e4fa143:-7e27',0,0),('ST-5288b48:1473337046c:-7c73','MAT78789b8a:1480e4fa143:-7e27',0,0),('ST-5288b48:1473337046c:-7ca8','MAT78789b8a:1480e4fa143:-7e27',0,0),('ST4ddef4e9:154cbcb3616:-53ac','MAT78789b8a:1480e4fa143:-7e27',0,7),('ST4ddef4e9:154cbcb3616:-5423','MAT78789b8a:1480e4fa143:-7e27',0,0),('ST-5288b48:1473337046c:-7c73','NIPA',0,0),('ST-5288b48:1473337046c:-7c48','PLCE',1,2),('ST-5288b48:1473337046c:-7ca8','PLCE',1,2),('ST4ddef4e9:154cbcb3616:-5265','PLCE',0,3),('ST-41f58695:154ad482785:-5c77','RECO',0,2),('ST-5288b48:1473337046c:-7c48','RECO',1,1),('ST-5288b48:1473337046c:-7c73','RECO',1,1),('ST-5288b48:1473337046c:-7ca8','RECO',1,1),('ST-619c77a:154ae499155:-798a','RECO',0,1),('ST-619c77a:154ae499155:-79ce','RECO',0,1),('ST4ddef4e9:154cbcb3616:-52ef','RECO',0,2),('ST4ddef4e9:154cbcb3616:-5423','RECO',0,5),('ST-5288b48:1473337046c:-7c48','SAWA',1,7),('ST4ddef4e9:154cbcb3616:-5423','SAWA',0,8),('ST-5288b48:1473337046c:-7c73','TILE',1,2),('ST-5288b48:1473337046c:-7ca8','TILE',1,5),('ST4ddef4e9:154cbcb3616:-5265','TILE',0,1),('ST-41f58695:154ad482785:-5c77','WOOD',0,3),('ST-5288b48:1473337046c:-7c48','WOOD',1,3),('ST-5288b48:1473337046c:-7c73','WOOD',0,0),('ST-5288b48:1473337046c:-7ca8','WOOD',1,4),('ST-619c77a:154ae499155:-798a','WOOD',0,2),('ST4ddef4e9:154cbcb3616:-52ef','WOOD',0,3),('ST4ddef4e9:154cbcb3616:-532b','WOOD',0,3),('ST4ddef4e9:154cbcb3616:-5367','WOOD',0,1),('ST4ddef4e9:154cbcb3616:-53ac','WOOD',0,3),('ST4ddef4e9:154cbcb3616:-5423','WOOD',0,2),('ST4ddef4e9:154cbcb3616:-546a','WOOD',0,2);
/*!40000 ALTER TABLE `structurematerial` ENABLE KEYS */;
UNLOCK TABLES;

--
-- Table structure for table `subcollector_remittance`
--

DROP TABLE IF EXISTS `subcollector_remittance`;
/*!40101 SET @saved_cs_client     = @@character_set_client */;
/*!40101 SET character_set_client = utf8 */;
CREATE TABLE `subcollector_remittance` (
  `objid` varchar(50) NOT NULL,
  `state` varchar(20) NOT NULL,
  `txnno` varchar(20) NOT NULL,
  `dtposted` datetime NOT NULL,
  `collector_objid` varchar(50) NOT NULL,
  `collector_name` varchar(100) NOT NULL,
  `collector_title` varchar(30) NOT NULL,
  `subcollector_objid` varchar(50) NOT NULL,
  `subcollector_name` varchar(100) NOT NULL,
  `subcollector_title` varchar(50) DEFAULT NULL,
  `amount` decimal(18,2) NOT NULL,
  `totalcash` decimal(12,2) DEFAULT NULL,
  `totalnoncash` decimal(12,2) DEFAULT NULL,
  `cashbreakdown` text,
  `collectionsummaries` longtext,
  PRIMARY KEY (`objid`),
  KEY `ix_collector_objid` (`collector_objid`),
  KEY `ix_dtposted` (`dtposted`),
  KEY `ix_state` (`state`),
  KEY `ix_subcollector_objid` (`subcollector_objid`),
  KEY `ix_txnno` (`txnno`)
) ENGINE=InnoDB DEFAULT CHARSET=utf8;
/*!40101 SET character_set_client = @saved_cs_client */;

--
-- Dumping data for table `subcollector_remittance`
--

LOCK TABLES `subcollector_remittance` WRITE;
/*!40000 ALTER TABLE `subcollector_remittance` DISABLE KEYS */;
/*!40000 ALTER TABLE `subcollector_remittance` ENABLE KEYS */;
UNLOCK TABLES;

--
-- Table structure for table `subcollector_remittance_cashreceipt`
--

DROP TABLE IF EXISTS `subcollector_remittance_cashreceipt`;
/*!40101 SET @saved_cs_client     = @@character_set_client */;
/*!40101 SET character_set_client = utf8 */;
CREATE TABLE `subcollector_remittance_cashreceipt` (
  `objid` varchar(50) NOT NULL,
  `remittanceid` varchar(50) NOT NULL,
  PRIMARY KEY (`objid`),
  KEY `ix_remittanceid` (`remittanceid`),
  CONSTRAINT `fk_subcollector_remittance_cashreceipt_remittanceid` FOREIGN KEY (`remittanceid`) REFERENCES `subcollector_remittance` (`objid`),
  CONSTRAINT `fk_subcollector_remittance_cashreceipt_objid` FOREIGN KEY (`objid`) REFERENCES `cashreceipt` (`objid`)
) ENGINE=InnoDB DEFAULT CHARSET=utf8;
/*!40101 SET character_set_client = @saved_cs_client */;

--
-- Dumping data for table `subcollector_remittance_cashreceipt`
--

LOCK TABLES `subcollector_remittance_cashreceipt` WRITE;
/*!40000 ALTER TABLE `subcollector_remittance_cashreceipt` DISABLE KEYS */;
/*!40000 ALTER TABLE `subcollector_remittance_cashreceipt` ENABLE KEYS */;
UNLOCK TABLES;

--
-- Table structure for table `subdividedland`
--

DROP TABLE IF EXISTS `subdividedland`;
/*!40101 SET @saved_cs_client     = @@character_set_client */;
/*!40101 SET character_set_client = utf8 */;
CREATE TABLE `subdividedland` (
  `objid` varchar(50) NOT NULL,
  `subdivisionid` varchar(50) NOT NULL,
  `itemno` varchar(10) DEFAULT NULL,
  `newtdno` varchar(50) DEFAULT NULL,
  `newutdno` varchar(50) DEFAULT NULL,
  `newpin` varchar(25) NOT NULL,
  `newtitletype` varchar(50) DEFAULT NULL,
  `newtitleno` varchar(50) DEFAULT NULL,
  `newtitledate` varchar(50) DEFAULT NULL,
  `areasqm` decimal(16,6) DEFAULT NULL,
  `areaha` decimal(16,6) DEFAULT NULL,
  `memoranda` varchar(500) DEFAULT NULL,
  `administrator_objid` varchar(50) DEFAULT NULL,
  `administrator_name` varchar(200) DEFAULT NULL,
  `administrator_address` varchar(200) DEFAULT NULL,
  `taxpayer_objid` varchar(50) DEFAULT NULL,
  `taxpayer_name` varchar(200) DEFAULT NULL,
  `taxpayer_address` varchar(200) DEFAULT NULL,
  `owner_name` varchar(200) DEFAULT NULL,
  `owner_address` varchar(200) DEFAULT NULL,
  `newrpid` varchar(50) NOT NULL,
  `newrpuid` varchar(50) DEFAULT NULL,
  `newfaasid` varchar(50) DEFAULT NULL,
  PRIMARY KEY (`objid`),
  UNIQUE KEY `ux_newpin` (`newpin`),
  UNIQUE KEY `ux_subdividedland_newpin` (`newpin`),
  KEY `FK_subdividedland_faas` (`newfaasid`),
  KEY `FK_subdividedland_newrp` (`newrpid`),
  KEY `FK_subdividedland_newrpu` (`newrpuid`),
  KEY `FK_subdividedland_subdivision` (`subdivisionid`),
  KEY `ix_subdividedland_administrator_name` (`administrator_name`),
  KEY `ix_subdividedland_newtdno` (`newtdno`),
  CONSTRAINT `subdividedland_ibfk_4` FOREIGN KEY (`subdivisionid`) REFERENCES `subdivision` (`objid`),
  CONSTRAINT `subdividedland_ibfk_1` FOREIGN KEY (`newfaasid`) REFERENCES `faas` (`objid`),
  CONSTRAINT `subdividedland_ibfk_2` FOREIGN KEY (`newrpid`) REFERENCES `realproperty` (`objid`),
  CONSTRAINT `subdividedland_ibfk_3` FOREIGN KEY (`newrpuid`) REFERENCES `rpu` (`objid`)
) ENGINE=InnoDB DEFAULT CHARSET=utf8;
/*!40101 SET character_set_client = @saved_cs_client */;

--
-- Dumping data for table `subdividedland`
--

LOCK TABLES `subdividedland` WRITE;
/*!40000 ALTER TABLE `subdividedland` DISABLE KEYS */;
/*!40000 ALTER TABLE `subdividedland` ENABLE KEYS */;
UNLOCK TABLES;

--
-- Table structure for table `subdivision`
--

DROP TABLE IF EXISTS `subdivision`;
/*!40101 SET @saved_cs_client     = @@character_set_client */;
/*!40101 SET character_set_client = utf8 */;
CREATE TABLE `subdivision` (
  `objid` varchar(50) NOT NULL,
  `state` varchar(50) NOT NULL,
  `ry` int(11) NOT NULL,
  `txntype_objid` varchar(5) NOT NULL,
  `txnno` varchar(25) NOT NULL,
  `txndate` datetime NOT NULL,
  `autonumber` int(11) NOT NULL,
  `effectivityyear` int(11) NOT NULL,
  `effectivityqtr` int(11) NOT NULL,
  `memoranda` text NOT NULL,
  `motherfaasid` varchar(50) DEFAULT NULL,
  `lguid` varchar(50) DEFAULT NULL,
  `signatories` text,
  `source` varchar(50) DEFAULT NULL,
  `filetype` varchar(25) DEFAULT NULL,
  `originlguid` varchar(50) DEFAULT NULL,
  `mothertdnos` varchar(1000) DEFAULT NULL,
  `motherpins` varchar(1000) DEFAULT NULL,
  PRIMARY KEY (`objid`),
  KEY `FK_subdivision_faas` (`motherfaasid`),
  KEY `ix_subdivision_motherpins` (`motherpins`(255)),
  KEY `ix_subdivision_mothertdnos` (`mothertdnos`(255)),
  KEY `txntype_objid` (`txntype_objid`),
  CONSTRAINT `subdivision_ibfk_2` FOREIGN KEY (`txntype_objid`) REFERENCES `faas_txntype` (`objid`)
) ENGINE=InnoDB DEFAULT CHARSET=utf8;
/*!40101 SET character_set_client = @saved_cs_client */;

--
-- Dumping data for table `subdivision`
--

LOCK TABLES `subdivision` WRITE;
/*!40000 ALTER TABLE `subdivision` DISABLE KEYS */;
/*!40000 ALTER TABLE `subdivision` ENABLE KEYS */;
UNLOCK TABLES;

--
-- Table structure for table `subdivision_assist`
--

DROP TABLE IF EXISTS `subdivision_assist`;
/*!40101 SET @saved_cs_client     = @@character_set_client */;
/*!40101 SET character_set_client = utf8 */;
CREATE TABLE `subdivision_assist` (
  `objid` varchar(50) NOT NULL,
  `parent_objid` varchar(50) NOT NULL,
  `taskstate` varchar(50) NOT NULL,
  `assignee_objid` varchar(50) NOT NULL,
  PRIMARY KEY (`objid`),
  UNIQUE KEY `ux_parent_assignee` (`parent_objid`,`taskstate`,`assignee_objid`),
  KEY `ix_assignee_objid` (`assignee_objid`),
  KEY `ix_parent_objid` (`parent_objid`),
  CONSTRAINT `fk_subdivision_assist_user` FOREIGN KEY (`assignee_objid`) REFERENCES `sys_user` (`objid`),
  CONSTRAINT `fk_subdivision_assist_subdivision` FOREIGN KEY (`parent_objid`) REFERENCES `subdivision` (`objid`)
) ENGINE=InnoDB DEFAULT CHARSET=utf8;
/*!40101 SET character_set_client = @saved_cs_client */;

--
-- Dumping data for table `subdivision_assist`
--

LOCK TABLES `subdivision_assist` WRITE;
/*!40000 ALTER TABLE `subdivision_assist` DISABLE KEYS */;
/*!40000 ALTER TABLE `subdivision_assist` ENABLE KEYS */;
UNLOCK TABLES;

--
-- Table structure for table `subdivision_assist_item`
--

DROP TABLE IF EXISTS `subdivision_assist_item`;
/*!40101 SET @saved_cs_client     = @@character_set_client */;
/*!40101 SET character_set_client = utf8 */;
CREATE TABLE `subdivision_assist_item` (
  `objid` varchar(50) NOT NULL,
  `subdivision_objid` varchar(50) NOT NULL,
  `parent_objid` varchar(50) NOT NULL,
  `pintype` varchar(10) NOT NULL,
  `section` varchar(5) NOT NULL,
  `startparcel` int(11) NOT NULL,
  `endparcel` int(11) NOT NULL,
  `parcelcount` int(11) DEFAULT NULL,
  `parcelcreated` int(11) DEFAULT NULL,
  PRIMARY KEY (`objid`),
  KEY `ix_parent_objid` (`parent_objid`),
  KEY `ix_subdivision_objid` (`subdivision_objid`),
  CONSTRAINT `fk_subdivision_assist_item_subdivision_assist` FOREIGN KEY (`parent_objid`) REFERENCES `subdivision_assist` (`objid`),
  CONSTRAINT `fk_subdivision_assist_item_subdivision` FOREIGN KEY (`subdivision_objid`) REFERENCES `subdivision` (`objid`)
) ENGINE=InnoDB DEFAULT CHARSET=utf8;
/*!40101 SET character_set_client = @saved_cs_client */;

--
-- Dumping data for table `subdivision_assist_item`
--

LOCK TABLES `subdivision_assist_item` WRITE;
/*!40000 ALTER TABLE `subdivision_assist_item` DISABLE KEYS */;
/*!40000 ALTER TABLE `subdivision_assist_item` ENABLE KEYS */;
UNLOCK TABLES;

--
-- Table structure for table `subdivision_cancelledimprovement`
--

DROP TABLE IF EXISTS `subdivision_cancelledimprovement`;
/*!40101 SET @saved_cs_client     = @@character_set_client */;
/*!40101 SET character_set_client = utf8 */;
CREATE TABLE `subdivision_cancelledimprovement` (
  `objid` varchar(50) NOT NULL,
  `parentid` varchar(50) NOT NULL,
  `faasid` varchar(50) DEFAULT NULL,
  `remarks` varchar(1000) DEFAULT NULL,
  `lasttaxyear` int(11) DEFAULT NULL,
  `lguid` varchar(50) DEFAULT NULL,
  `reason_objid` varchar(50) DEFAULT NULL,
  `cancelledbytdnos` varchar(500) DEFAULT NULL,
  `cancelledbypins` varchar(500) DEFAULT NULL,
  PRIMARY KEY (`objid`),
  KEY `FK_subdivision_cancelledimprovement_faas` (`faasid`),
  KEY `FK_subdivision_cancelledimprovement_subdivision` (`parentid`),
  CONSTRAINT `FK_subdivision_cancelledimprovement_subdivision` FOREIGN KEY (`parentid`) REFERENCES `subdivision` (`objid`),
  CONSTRAINT `FK_subdivision_cancelledimprovement_faas` FOREIGN KEY (`faasid`) REFERENCES `faas` (`objid`)
) ENGINE=InnoDB DEFAULT CHARSET=utf8;
/*!40101 SET character_set_client = @saved_cs_client */;

--
-- Dumping data for table `subdivision_cancelledimprovement`
--

LOCK TABLES `subdivision_cancelledimprovement` WRITE;
/*!40000 ALTER TABLE `subdivision_cancelledimprovement` DISABLE KEYS */;
/*!40000 ALTER TABLE `subdivision_cancelledimprovement` ENABLE KEYS */;
UNLOCK TABLES;

--
-- Table structure for table `subdivision_motherland`
--

DROP TABLE IF EXISTS `subdivision_motherland`;
/*!40101 SET @saved_cs_client     = @@character_set_client */;
/*!40101 SET character_set_client = utf8 */;
CREATE TABLE `subdivision_motherland` (
  `objid` varchar(50) NOT NULL,
  `subdivisionid` varchar(50) NOT NULL,
  `landfaasid` varchar(50) NOT NULL,
  `rpuid` varchar(50) NOT NULL,
  `rpid` varchar(50) NOT NULL,
  PRIMARY KEY (`objid`),
  KEY `FK_consolidatedland_faas` (`landfaasid`),
  KEY `FK_consolidatedland_subdivision` (`subdivisionid`),
  CONSTRAINT `subdivison_motherland_ibfk_1` FOREIGN KEY (`subdivisionid`) REFERENCES `subdivision` (`objid`),
  CONSTRAINT `subdivision_motherland_ibfk_2` FOREIGN KEY (`landfaasid`) REFERENCES `faas` (`objid`)
) ENGINE=InnoDB DEFAULT CHARSET=utf8;
/*!40101 SET character_set_client = @saved_cs_client */;

--
-- Dumping data for table `subdivision_motherland`
--

LOCK TABLES `subdivision_motherland` WRITE;
/*!40000 ALTER TABLE `subdivision_motherland` DISABLE KEYS */;
/*!40000 ALTER TABLE `subdivision_motherland` ENABLE KEYS */;
UNLOCK TABLES;

--
-- Table structure for table `subdivision_task`
--

DROP TABLE IF EXISTS `subdivision_task`;
/*!40101 SET @saved_cs_client     = @@character_set_client */;
/*!40101 SET character_set_client = utf8 */;
CREATE TABLE `subdivision_task` (
  `objid` varchar(50) NOT NULL DEFAULT '',
  `refid` varchar(50) DEFAULT NULL,
  `parentprocessid` varchar(50) DEFAULT NULL,
  `state` varchar(50) DEFAULT NULL,
  `startdate` datetime DEFAULT NULL,
  `enddate` datetime DEFAULT NULL,
  `assignee_objid` varchar(50) DEFAULT NULL,
  `assignee_name` varchar(100) DEFAULT NULL,
  `assignee_title` varchar(80) DEFAULT NULL,
  `actor_objid` varchar(50) DEFAULT NULL,
  `actor_name` varchar(100) DEFAULT NULL,
  `actor_title` varchar(80) DEFAULT NULL,
  `message` varchar(255) DEFAULT NULL,
  `signature` text,
  `returnedby` varchar(100) DEFAULT NULL,
  PRIMARY KEY (`objid`),
  KEY `ix_assignee_objid` (`assignee_objid`),
  KEY `ix_refid` (`refid`),
  CONSTRAINT `subdivision_task_ibfk_1` FOREIGN KEY (`refid`) REFERENCES `subdivision` (`objid`)
) ENGINE=InnoDB DEFAULT CHARSET=utf8;
/*!40101 SET character_set_client = @saved_cs_client */;

--
-- Dumping data for table `subdivision_task`
--

LOCK TABLES `subdivision_task` WRITE;
/*!40000 ALTER TABLE `subdivision_task` DISABLE KEYS */;
/*!40000 ALTER TABLE `subdivision_task` ENABLE KEYS */;
UNLOCK TABLES;

--
-- Table structure for table `subdivisionaffectedrpu`
--

DROP TABLE IF EXISTS `subdivisionaffectedrpu`;
/*!40101 SET @saved_cs_client     = @@character_set_client */;
/*!40101 SET character_set_client = utf8 */;
CREATE TABLE `subdivisionaffectedrpu` (
  `objid` varchar(50) NOT NULL,
  `subdivisionid` varchar(50) NOT NULL,
  `itemno` varchar(50) DEFAULT NULL,
  `subdividedlandid` varchar(50) DEFAULT NULL,
  `prevfaasid` varchar(50) DEFAULT NULL,
  `newfaasid` varchar(50) DEFAULT NULL,
  `newtdno` varchar(50) DEFAULT NULL,
  `newutdno` varchar(50) DEFAULT NULL,
  `newsuffix` int(11) DEFAULT NULL,
  `newpin` varchar(25) DEFAULT NULL,
  `newrpuid` varchar(50) DEFAULT NULL,
  `newrpid` varchar(50) DEFAULT NULL,
  `memoranda` varchar(500) DEFAULT NULL,
  `prevpin` varchar(50) DEFAULT NULL,
  `prevtdno` varchar(50) DEFAULT NULL,
  `isnew` int(11) DEFAULT NULL,
  PRIMARY KEY (`objid`),
  KEY `FK_subdivisionaffectedpru_newfaas` (`newfaasid`),
  KEY `FK_subdivisionaffectedpru_newrpu` (`newrpuid`),
  KEY `FK_subdivisionaffectedpru_prevfaas` (`prevfaasid`),
  KEY `FK_subdivisionaffectedpru_subdividedland` (`subdividedlandid`),
  KEY `FK_subdivisionaffectedpru_subdivision` (`subdivisionid`),
  KEY `ix_subdivisionaffectedrpu_newtdno` (`newtdno`),
  KEY `newrpid` (`newrpid`),
  CONSTRAINT `subdivisionaffectedrpu_ibfk_6` FOREIGN KEY (`newrpid`) REFERENCES `realproperty` (`objid`),
  CONSTRAINT `subdivisionaffectedrpu_ibfk_1` FOREIGN KEY (`newfaasid`) REFERENCES `faas` (`objid`),
  CONSTRAINT `subdivisionaffectedrpu_ibfk_2` FOREIGN KEY (`newrpuid`) REFERENCES `rpu` (`objid`),
  CONSTRAINT `subdivisionaffectedrpu_ibfk_3` FOREIGN KEY (`prevfaasid`) REFERENCES `faas` (`objid`),
  CONSTRAINT `subdivisionaffectedrpu_ibfk_4` FOREIGN KEY (`subdividedlandid`) REFERENCES `subdividedland` (`objid`),
  CONSTRAINT `subdivisionaffectedrpu_ibfk_5` FOREIGN KEY (`subdivisionid`) REFERENCES `subdivision` (`objid`)
) ENGINE=InnoDB DEFAULT CHARSET=utf8;
/*!40101 SET character_set_client = @saved_cs_client */;

--
-- Dumping data for table `subdivisionaffectedrpu`
--

LOCK TABLES `subdivisionaffectedrpu` WRITE;
/*!40000 ALTER TABLE `subdivisionaffectedrpu` DISABLE KEYS */;
/*!40000 ALTER TABLE `subdivisionaffectedrpu` ENABLE KEYS */;
UNLOCK TABLES;

--
-- Table structure for table `sys_dataset`
--

DROP TABLE IF EXISTS `sys_dataset`;
/*!40101 SET @saved_cs_client     = @@character_set_client */;
/*!40101 SET character_set_client = utf8 */;
CREATE TABLE `sys_dataset` (
  `objid` varchar(50) NOT NULL,
  `name` varchar(50) DEFAULT NULL,
  `title` varchar(255) DEFAULT NULL,
  `input` longtext,
  `output` longtext,
  `statement` varchar(50) DEFAULT NULL,
  `datasource` varchar(50) DEFAULT NULL,
  `servicename` varchar(50) DEFAULT NULL,
  PRIMARY KEY (`objid`)
) ENGINE=InnoDB DEFAULT CHARSET=utf8;
/*!40101 SET character_set_client = @saved_cs_client */;

--
-- Dumping data for table `sys_dataset`
--

LOCK TABLES `sys_dataset` WRITE;
/*!40000 ALTER TABLE `sys_dataset` DISABLE KEYS */;
/*!40000 ALTER TABLE `sys_dataset` ENABLE KEYS */;
UNLOCK TABLES;

--
-- Table structure for table `sys_domain`
--

DROP TABLE IF EXISTS `sys_domain`;
/*!40101 SET @saved_cs_client     = @@character_set_client */;
/*!40101 SET character_set_client = utf8 */;
CREATE TABLE `sys_domain` (
  `name` varchar(50) NOT NULL,
  `connection` varchar(50) NOT NULL,
  PRIMARY KEY (`name`)
) ENGINE=InnoDB DEFAULT CHARSET=utf8;
/*!40101 SET character_set_client = @saved_cs_client */;

--
-- Dumping data for table `sys_domain`
--

LOCK TABLES `sys_domain` WRITE;
/*!40000 ALTER TABLE `sys_domain` DISABLE KEYS */;
/*!40000 ALTER TABLE `sys_domain` ENABLE KEYS */;
UNLOCK TABLES;

--
-- Table structure for table `sys_email_queue`
--

DROP TABLE IF EXISTS `sys_email_queue`;
/*!40101 SET @saved_cs_client     = @@character_set_client */;
/*!40101 SET character_set_client = utf8 */;
CREATE TABLE `sys_email_queue` (
  `objid` varchar(50) NOT NULL,
  `refid` varchar(50) NOT NULL,
  `state` int(11) NOT NULL,
  `reportid` varchar(50) DEFAULT NULL,
  `dtsent` datetime NOT NULL,
  `to` varchar(255) NOT NULL,
  `subject` varchar(255) NOT NULL,
  `message` text NOT NULL,
  `errmsg` longtext,
  `connection` varchar(50) DEFAULT NULL,
  PRIMARY KEY (`objid`),
  KEY `ix_dtsent` (`dtsent`),
  KEY `ix_refid` (`refid`),
  KEY `ix_reportid` (`reportid`),
  KEY `ix_state` (`state`)
) ENGINE=InnoDB DEFAULT CHARSET=utf8;
/*!40101 SET character_set_client = @saved_cs_client */;

--
-- Dumping data for table `sys_email_queue`
--

LOCK TABLES `sys_email_queue` WRITE;
/*!40000 ALTER TABLE `sys_email_queue` DISABLE KEYS */;
/*!40000 ALTER TABLE `sys_email_queue` ENABLE KEYS */;
UNLOCK TABLES;

--
-- Table structure for table `sys_org`
--

DROP TABLE IF EXISTS `sys_org`;
/*!40101 SET @saved_cs_client     = @@character_set_client */;
/*!40101 SET character_set_client = utf8 */;
CREATE TABLE `sys_org` (
  `objid` varchar(50) NOT NULL,
  `name` varchar(50) DEFAULT NULL,
  `orgclass` varchar(50) DEFAULT NULL,
  `parent_objid` varchar(50) DEFAULT NULL,
  `parent_orgclass` varchar(50) DEFAULT NULL,
  `code` varchar(50) DEFAULT NULL,
  `root` int(11) NOT NULL DEFAULT '0',
  `txncode` varchar(10) DEFAULT NULL,
  PRIMARY KEY (`objid`),
  KEY `fk_sys_org_orgclass` (`orgclass`),
  KEY `ix_code` (`code`),
  KEY `ix_name` (`name`),
  KEY `ix_parent_objid` (`parent_objid`),
  KEY `ix_parent_orgclass` (`parent_orgclass`),
  CONSTRAINT `fk_sys_org_parent_orgclass` FOREIGN KEY (`parent_orgclass`) REFERENCES `sys_orgclass` (`name`),
  CONSTRAINT `fk_sys_org_orgclass` FOREIGN KEY (`orgclass`) REFERENCES `sys_orgclass` (`name`),
  CONSTRAINT `fk_sys_org_parent_objid` FOREIGN KEY (`parent_objid`) REFERENCES `sys_org` (`objid`)
) ENGINE=InnoDB DEFAULT CHARSET=utf8;
/*!40101 SET character_set_client = @saved_cs_client */;

--
-- Dumping data for table `sys_org`
--

LOCK TABLES `sys_org` WRITE;
/*!40000 ALTER TABLE `sys_org` DISABLE KEYS */;
INSERT INTO `sys_org` VALUES ('076','SARANGANI','PROVINCE',NULL,NULL,'076',0,NULL),('07603','KIAMBA','MUNICIPALITY','076','PROVINCE','076-03',1,NULL);
/*!40000 ALTER TABLE `sys_org` ENABLE KEYS */;
UNLOCK TABLES;

--
-- Table structure for table `sys_orgclass`
--

DROP TABLE IF EXISTS `sys_orgclass`;
/*!40101 SET @saved_cs_client     = @@character_set_client */;
/*!40101 SET character_set_client = utf8 */;
CREATE TABLE `sys_orgclass` (
  `name` varchar(50) NOT NULL,
  `title` varchar(255) DEFAULT NULL,
  `parentclass` varchar(255) DEFAULT NULL,
  `handler` varchar(50) DEFAULT NULL,
  PRIMARY KEY (`name`)
) ENGINE=InnoDB DEFAULT CHARSET=utf8;
/*!40101 SET character_set_client = @saved_cs_client */;

--
-- Dumping data for table `sys_orgclass`
--

LOCK TABLES `sys_orgclass` WRITE;
/*!40000 ALTER TABLE `sys_orgclass` DISABLE KEYS */;
INSERT INTO `sys_orgclass` VALUES ('BARANGAY','BARANGAY','MUNICIPALITY','barangay'),('MUNICIPALITY','MUNICIPALITY','PROVINCE','municipality'),('PROVINCE','PROVINCE',NULL,'province');
/*!40000 ALTER TABLE `sys_orgclass` ENABLE KEYS */;
UNLOCK TABLES;

--
-- Table structure for table `sys_quarter`
--

DROP TABLE IF EXISTS `sys_quarter`;
/*!40101 SET @saved_cs_client     = @@character_set_client */;
/*!40101 SET character_set_client = utf8 */;
CREATE TABLE `sys_quarter` (
  `qtrid` int(11) NOT NULL,
  PRIMARY KEY (`qtrid`)
) ENGINE=InnoDB DEFAULT CHARSET=utf8;
/*!40101 SET character_set_client = @saved_cs_client */;

--
-- Dumping data for table `sys_quarter`
--

LOCK TABLES `sys_quarter` WRITE;
/*!40000 ALTER TABLE `sys_quarter` DISABLE KEYS */;
/*!40000 ALTER TABLE `sys_quarter` ENABLE KEYS */;
UNLOCK TABLES;

--
-- Table structure for table `sys_report`
--

DROP TABLE IF EXISTS `sys_report`;
/*!40101 SET @saved_cs_client     = @@character_set_client */;
/*!40101 SET character_set_client = utf8 */;
CREATE TABLE `sys_report` (
  `objid` varchar(50) NOT NULL,
  `folderid` varchar(50) DEFAULT NULL,
  `title` varchar(255) DEFAULT NULL,
  `filetype` varchar(25) DEFAULT NULL,
  `dtcreated` datetime DEFAULT NULL,
  `createdby_objid` varchar(50) DEFAULT NULL,
  `createdby_name` varchar(255) DEFAULT NULL,
  `datasetid` varchar(50) DEFAULT NULL,
  `template` mediumtext,
  `outputtype` varchar(50) DEFAULT NULL,
  `system` int(11) DEFAULT NULL,
  PRIMARY KEY (`objid`),
  KEY `FK_sys_report_dataset` (`datasetid`),
  KEY `FK_sys_report_entry_folder` (`folderid`),
  CONSTRAINT `sys_report_ibfk_1` FOREIGN KEY (`datasetid`) REFERENCES `sys_dataset` (`objid`),
  CONSTRAINT `fk_sys_report_datasetid` FOREIGN KEY (`datasetid`) REFERENCES `sys_dataset` (`objid`)
) ENGINE=InnoDB DEFAULT CHARSET=utf8;
/*!40101 SET character_set_client = @saved_cs_client */;

--
-- Dumping data for table `sys_report`
--

LOCK TABLES `sys_report` WRITE;
/*!40000 ALTER TABLE `sys_report` DISABLE KEYS */;
/*!40000 ALTER TABLE `sys_report` ENABLE KEYS */;
UNLOCK TABLES;

--
-- Table structure for table `sys_report_admin`
--

DROP TABLE IF EXISTS `sys_report_admin`;
/*!40101 SET @saved_cs_client     = @@character_set_client */;
/*!40101 SET character_set_client = utf8 */;
CREATE TABLE `sys_report_admin` (
  `objid` varchar(50) NOT NULL,
  `userid` varchar(50) DEFAULT NULL,
  `reportfolderid` varchar(50) DEFAULT NULL,
  `exclude` longtext,
  PRIMARY KEY (`objid`),
  KEY `FK_sys_report_admin_folder` (`reportfolderid`),
  KEY `FK_sys_report_admin_user` (`userid`),
  CONSTRAINT `sys_report_admin_ibfk_2` FOREIGN KEY (`userid`) REFERENCES `sys_user` (`objid`),
  CONSTRAINT `sys_report_admin_ibfk_1` FOREIGN KEY (`reportfolderid`) REFERENCES `sys_report_folder` (`objid`)
) ENGINE=InnoDB DEFAULT CHARSET=utf8;
/*!40101 SET character_set_client = @saved_cs_client */;

--
-- Dumping data for table `sys_report_admin`
--

LOCK TABLES `sys_report_admin` WRITE;
/*!40000 ALTER TABLE `sys_report_admin` DISABLE KEYS */;
/*!40000 ALTER TABLE `sys_report_admin` ENABLE KEYS */;
UNLOCK TABLES;

--
-- Table structure for table `sys_report_folder`
--

DROP TABLE IF EXISTS `sys_report_folder`;
/*!40101 SET @saved_cs_client     = @@character_set_client */;
/*!40101 SET character_set_client = utf8 */;
CREATE TABLE `sys_report_folder` (
  `objid` varchar(50) NOT NULL,
  `name` varchar(255) DEFAULT NULL,
  `title` varchar(255) DEFAULT NULL,
  `parentid` varchar(50) DEFAULT NULL,
  PRIMARY KEY (`objid`)
) ENGINE=InnoDB DEFAULT CHARSET=utf8;
/*!40101 SET character_set_client = @saved_cs_client */;

--
-- Dumping data for table `sys_report_folder`
--

LOCK TABLES `sys_report_folder` WRITE;
/*!40000 ALTER TABLE `sys_report_folder` DISABLE KEYS */;
/*!40000 ALTER TABLE `sys_report_folder` ENABLE KEYS */;
UNLOCK TABLES;

--
-- Table structure for table `sys_report_member`
--

DROP TABLE IF EXISTS `sys_report_member`;
/*!40101 SET @saved_cs_client     = @@character_set_client */;
/*!40101 SET character_set_client = utf8 */;
CREATE TABLE `sys_report_member` (
  `objid` varchar(50) NOT NULL,
  `reportfolderid` varchar(50) DEFAULT NULL,
  `userid` varchar(50) DEFAULT NULL,
  `usergroupid` varchar(50) DEFAULT NULL,
  `exclude` longtext,
  PRIMARY KEY (`objid`),
  KEY `FK_sys_report_member_folder` (`reportfolderid`),
  KEY `FK_sys_report_member_user` (`userid`),
  KEY `FK_sys_report_member_usergroup` (`usergroupid`),
  CONSTRAINT `sys_report_member_ibfk_3` FOREIGN KEY (`usergroupid`) REFERENCES `sys_usergroup` (`objid`),
  CONSTRAINT `sys_report_member_ibfk_1` FOREIGN KEY (`reportfolderid`) REFERENCES `sys_report_folder` (`objid`),
  CONSTRAINT `sys_report_member_ibfk_2` FOREIGN KEY (`userid`) REFERENCES `sys_user` (`objid`)
) ENGINE=InnoDB DEFAULT CHARSET=utf8;
/*!40101 SET character_set_client = @saved_cs_client */;

--
-- Dumping data for table `sys_report_member`
--

LOCK TABLES `sys_report_member` WRITE;
/*!40000 ALTER TABLE `sys_report_member` DISABLE KEYS */;
/*!40000 ALTER TABLE `sys_report_member` ENABLE KEYS */;
UNLOCK TABLES;

--
-- Table structure for table `sys_requirement_type`
--

DROP TABLE IF EXISTS `sys_requirement_type`;
/*!40101 SET @saved_cs_client     = @@character_set_client */;
/*!40101 SET character_set_client = utf8 */;
CREATE TABLE `sys_requirement_type` (
  `code` varchar(50) NOT NULL,
  `title` varchar(255) NOT NULL,
  `handler` varchar(50) DEFAULT NULL,
  `objid` varchar(50) NOT NULL,
  `type` varchar(50) DEFAULT NULL,
  `system` int(11) DEFAULT NULL,
  `agency` varchar(50) DEFAULT NULL,
  `sortindex` int(11) NOT NULL,
  `verifier` varchar(50) DEFAULT NULL,
  PRIMARY KEY (`objid`),
  UNIQUE KEY `uix_code` (`code`)
) ENGINE=InnoDB DEFAULT CHARSET=utf8;
/*!40101 SET character_set_client = @saved_cs_client */;

--
-- Dumping data for table `sys_requirement_type`
--

LOCK TABLES `sys_requirement_type` WRITE;
/*!40000 ALTER TABLE `sys_requirement_type` DISABLE KEYS */;
/*!40000 ALTER TABLE `sys_requirement_type` ENABLE KEYS */;
UNLOCK TABLES;

--
-- Table structure for table `sys_rule`
--

DROP TABLE IF EXISTS `sys_rule`;
/*!40101 SET @saved_cs_client     = @@character_set_client */;
/*!40101 SET character_set_client = utf8 */;
CREATE TABLE `sys_rule` (
  `objid` varchar(50) NOT NULL,
  `state` varchar(25) DEFAULT NULL,
  `name` varchar(255) NOT NULL,
  `ruleset` varchar(50) NOT NULL,
  `rulegroup` varchar(50) DEFAULT NULL,
  `title` varchar(250) DEFAULT NULL,
  `description` longtext,
  `salience` int(11) DEFAULT NULL,
  `effectivefrom` date DEFAULT NULL,
  `effectiveto` date DEFAULT NULL,
  `dtfiled` datetime DEFAULT NULL,
  `user_objid` varchar(50) DEFAULT NULL,
  `user_name` varchar(100) DEFAULT NULL,
  `noloop` int(11) NOT NULL DEFAULT '1',
  PRIMARY KEY (`objid`),
  KEY `rulegroup` (`rulegroup`,`ruleset`),
  KEY `ruleset` (`ruleset`),
  CONSTRAINT `sys_rule_ibfk_2` FOREIGN KEY (`ruleset`) REFERENCES `sys_ruleset` (`name`),
  CONSTRAINT `sys_rule_ibfk_1` FOREIGN KEY (`rulegroup`, `ruleset`) REFERENCES `sys_rulegroup` (`name`, `ruleset`)
) ENGINE=InnoDB DEFAULT CHARSET=utf8;
/*!40101 SET character_set_client = @saved_cs_client */;

--
-- Dumping data for table `sys_rule`
--

LOCK TABLES `sys_rule` WRITE;
/*!40000 ALTER TABLE `sys_rule` DISABLE KEYS */;
INSERT INTO `sys_rule` VALUES ('RUL-128a4cad:146f96a678e:-7e52','DEPLOYED','COMPUTE_AV','landassessment','ASSESSEDVALUE','COMPUTE AV',NULL,50000,NULL,NULL,'2014-12-16 12:59:22','USR7e15465b:14a51353b1a:-7fb7','ADMIN',1),('RUL-1a2d6e9b:1692d429304:-7779','DEPLOYED','BASIC_AND_SEF','rptledger','LEDGER_ITEM','BASIC_AND_SEF',NULL,50000,NULL,NULL,'2019-02-27 12:48:06','USR-12b70fa0:16929d068ad:-7e8e','LANDTAX',1),('RUL-2486b0ca:146fff66c3e:-2c4a','DEPLOYED','CALC_ACTUAL_USE_MV','bldgassessment','MARKETVALUE','CALC ACTUAL USE MV',NULL,50000,NULL,NULL,'2014-12-16 12:59:15','USR7e15465b:14a51353b1a:-7fb7','ADMIN',1),('RUL-2486b0ca:146fff66c3e:-38e4','DEPLOYED','CALC_FLOOR_MARKET_VALUE','bldgassessment','BEFORE-MARKETVALUE','CALC FLOOR MARKET VALUE',NULL,50000,NULL,NULL,'2014-12-16 12:59:15','USR7e15465b:14a51353b1a:-7fb7','ADMIN',1),('RUL-2486b0ca:146fff66c3e:-4192','DEPLOYED','CALC_DEPRECIATION','bldgassessment','DEPRECIATION','CALC DEPRECIATION',NULL,50000,NULL,NULL,'2014-12-16 12:59:15','USR7e15465b:14a51353b1a:-7fb7','ADMIN',1),('RUL-2486b0ca:146fff66c3e:-4697','DEPLOYED','CALC_DEPRECATION_RATE_FROM_SKED','bldgassessment','BEFORE-DEPRECIATON','CALC DEPRECATION RATE FROM SKED',NULL,50000,NULL,NULL,'2014-12-16 12:59:15','USR7e15465b:14a51353b1a:-7fb7','ADMIN',1),('RUL-2486b0ca:146fff66c3e:-6b05','DEPLOYED','CALC_FLOOR_BMV','bldgassessment','FLOOR','CALC FLOOR BMV',NULL,50000,NULL,NULL,'2014-12-16 12:59:15','USR7e15465b:14a51353b1a:-7fb7','ADMIN',1),('RUL-2ede6703:16642adb9ce:-7ba0','DEPLOYED','EXPIRY_ADVANCE_BILLING','rptbilling','BEFORE_SUMMARY','EXPIRY ADVANCE BILLING',NULL,5000,NULL,NULL,'2018-10-05 01:28:47','USR6bd70b1f:1662cdef89a:-7e3e','RAMESES',1),('RUL-36ba5ccb:1430894b791:-6677','DRAFT','CALCULATE_INTEREST','bpbilling','interest','calculates interest',NULL,50000,NULL,NULL,'2015-05-24 17:52:58','USR-1b82c604:14cc29913bb:-7fec','ADMIN',1),('RUL-3e8edbea:156bc08656a:-5f05','DEPLOYED','RECALC_RPU_TOTAL_AV','landassessment','AFTER-SUMMARY','RECALC RPU TOTAL AV',NULL,30000,NULL,NULL,'2016-08-24 19:03:36','USR-ADMIN','ADMIN',1),('RUL-43adaf20:179c6921191:-4d61','DEPLOYED','CALC_MV','landassessment','MARKETVALUE','CALC MV',NULL,50000,NULL,NULL,'2021-06-01 16:31:15','USR-1b82c604:14cc29913bb:-7fec','ADMIN',1),('RUL-43adaf20:179c6921191:-4f03','DEPLOYED','BMV_ZERO_FOR_EXEMPT','landassessment','AFTER-BASEMARKETVALUE','BMV ZERO FOR EXEMPT',NULL,50000,NULL,NULL,'2021-06-01 16:30:09','USR-1b82c604:14cc29913bb:-7fec','ADMIN',1),('RUL-43adaf20:179c6921191:-5152','DEPLOYED','CALC_BMV','landassessment','BASEMARKETVALUE','CALC BMV',NULL,50000,NULL,NULL,'2021-06-01 16:29:03','USR-1b82c604:14cc29913bb:-7fec','ADMIN',1),('RUL-43adaf20:179c6921191:-5b4f','DEPLOYED','WAIVE_DISCOUNT_AFTER_1ST_QTR','rptbilling','AFTER_DISCOUNT','WAIVE DISCOUNT AFTER 1ST QTR',NULL,50000,NULL,NULL,'2021-06-01 16:20:32','USR-1b82c604:14cc29913bb:-7fec','ADMIN',1),('RUL-43adaf20:179c6921191:-5f04','DEPLOYED','QTRLY_PAYMENT_NO_DISCOUNT','rptbilling','AFTER_DISCOUNT','QTRLY PAYMENT NO DISCOUNT',NULL,50000,NULL,NULL,'2021-06-01 16:19:12','USR-1b82c604:14cc29913bb:-7fec','ADMIN',1),('RUL-43adaf20:179c6921191:-61e1','DEPLOYED','PROMPT_PAYMENT_EXTENSION_NO_PENALTY','rptbilling','AFTER_DISCOUNT','PROMPT PAYMENT EXTENSION NO PENALTY',NULL,30000,NULL,'2020-04-20','2021-06-01 16:18:00','USR-1b82c604:14cc29913bb:-7fec','ADMIN',1),('RUL-43adaf20:179c6921191:-6498','DEPLOYED','DISCOUNT_UNDER_COMPROMISE_ADJ','rptbilling','AFTER_DISCOUNT','DISCOUNT UNDER COMPROMISE ADJ',NULL,50000,NULL,NULL,'2021-06-01 16:16:19','USR-1b82c604:14cc29913bb:-7fec','ADMIN',1),('RUL-43adaf20:179c6921191:-6af3','DEPLOYED','DISCOUNT_PROMPT_PAYMENT','rptbilling','DISCOUNT','DISCOUNT PROMPT PAYMENT',NULL,50000,NULL,NULL,'2021-06-01 16:13:00','USR-1b82c604:14cc29913bb:-7fec','ADMIN',1),('RUL-43adaf20:179c6921191:-6edf','DEPLOYED','DISCOUNT_JAN_1_TO_16','rptbilling','DISCOUNT','DISCOUNT JAN 1 TO 16',NULL,40000,NULL,NULL,'2021-06-01 16:10:49','USR-1b82c604:14cc29913bb:-7fec','ADMIN',1),('RUL-43adaf20:179c6921191:-74a8','DEPLOYED','PENALTY_FOR_QTRLY_PAYMENT','rptbilling','AFTER_PENALTY','PENALTY FOR QTRLY PAYMENT',NULL,50000,NULL,NULL,'2021-06-01 16:07:37','USR-1b82c604:14cc29913bb:-7fec','ADMIN',1),('RUL-43adaf20:179c6921191:-7d0b','DEPLOYED','PENALTY_LESS_CY','rptbilling','PENALTY','PENALTY LESS CY',NULL,50000,NULL,NULL,'2021-06-01 16:01:50','USR-1b82c604:14cc29913bb:-7fec','ADMIN',1),('RUL-479f9644:17849e550ea:143','DEPLOYED','RECALC_RPU_TOTALAV','machassessment','AFTER-SUMMARY','RECALC RPU TOTALAV',NULL,60000,NULL,NULL,'2021-03-19 20:02:18','USR-ADMIN','ADMIN',1),('RUL-4fd26d3d:142fa7a65f9:-7200','DRAFT','CALCULATE_SURCHARGE','bpbilling','surcharge','Calculate surcharge for renew',NULL,50000,NULL,NULL,'2015-05-24 17:52:58','USR-1b82c604:14cc29913bb:-7fec','ADMIN',1),('RUL-5cc00751:179cb731d09:-6a11','DEPLOYED','DEFAULT_REQUIREMENTS','rptrequirement','REQUIREMENT','DEFAULT REQUIREMENTS',NULL,50000,NULL,NULL,'2021-06-02 14:56:25','USR-1b82c604:14cc29913bb:-7fec','ADMIN',1),('RUL-60c99d04:1470b276e7f:-7ecc','DEPLOYED','CALC_BMV','bldgassessment','BASEMARKETVALUE','CALC BMV ',NULL,50000,NULL,NULL,'2014-12-16 12:59:15','USR7e15465b:14a51353b1a:-7fb7','ADMIN',1),('RUL-6c640ca5:1469912956a:-7ed8','DRAFT','ASK_DECLARED_CAPITAL','bpinfo','default','Ask declared capital for unified form',NULL,50000,NULL,NULL,'2015-04-15 11:06:49','ADMIN','ADMIN',1),('RUL-762e9176:15d067a9c42:-5aa0','DEPLOYED','RECALC_RPU_TOTAL_AV','miscassessment','AFTER-SUMMARY','RECALC_RPU_TOTAL_AV',NULL,60000,NULL,NULL,'2017-07-03 11:29:56','USR7e15465b:14a51353b1a:-7fb7','ADMIN',1),('RUL-762e9176:15d067a9c42:-5e26','DEPLOYED','CALC_TOTAL_ASSESSEMENT_AV','miscassessment','AFTER-SUMMARY','CALC_TOTAL_ASSESSEMENT_AV',NULL,50000,NULL,NULL,'2017-07-03 11:28:17','USR7e15465b:14a51353b1a:-7fb7','ADMIN',1),('RUL-79a9a347:15cfcae84de:-55fd','DEPLOYED','CALC_TOTAL_ASSESSEMENT_AV','landassessment','AFTER-SUMMARY','CALC TOTAL ASSESSEMENT AV',NULL,40000,NULL,NULL,'2017-07-01 14:32:46','USR7e15465b:14a51353b1a:-7fb7','ADMIN',1),('RUL-79a9a347:15cfcae84de:-6401','DEPLOYED','CALC_TOTAL_ASSESSEMENT_AV','bldgassessment','AFTER-SUMMARY','CALC TOTAL ASSESSEMENT AV',NULL,40000,NULL,NULL,'2017-07-01 14:16:02','USR7e15465b:14a51353b1a:-7fb7','ADMIN',1),('RUL-79a9a347:15cfcae84de:-6f2a','DEPLOYED','RECALC_TOTAL_AV','bldgassessment','AFTER-SUMMARY','RECALC TOTAL AV',NULL,50000,NULL,NULL,'2017-07-01 14:09:32','USR7e15465b:14a51353b1a:-7fb7','ADMIN',1),('RUL-79a9a347:15cfcae84de:4f83','DEPLOYED','CALC_TOTAL_ASSESSEMENT_AV','planttreeassessment','AFTER-SUMMARY','CALC_TOTAL_ASSESSEMENT_AV',NULL,50000,NULL,NULL,'2017-07-01 16:09:50','USR7e15465b:14a51353b1a:-7fb7','ADMIN',1),('RUL-79a9a347:15cfcae84de:549e','DEPLOYED','RECALC_TOTAL_AV','planttreeassessment','AFTER-SUMMARY','RECALC_TOTAL_AV',NULL,60000,NULL,NULL,'2017-07-01 16:11:14','USR7e15465b:14a51353b1a:-7fb7','ADMIN',1),('RUL1262ad19:166ae41b1fb:-7c88','DEPLOYED','TOTAL_PREVIOUS','rptbilling','SUMMARY','TOTAL PREVIOUS',NULL,50000,NULL,NULL,'2018-10-25 22:55:00','USR6de55768:158e0e57805:-74f2','ADMIN',1),('RUL1441128c:1471efa4c1c:-6b41','DEPLOYED','CALC_ASSESS_VALUE','bldgassessment','ASSESSVALUE','CALC ASSESS VALUE',NULL,50000,NULL,NULL,'2015-05-23 15:13:46','USR-1b82c604:14cc29913bb:-7fec','ADMIN',1),('RUL1441128c:1471efa4c1c:-6c93','DEPLOYED','CALC_ASSESS_LEVEL','bldgassessment','AFTER-ASSESSLEVEL','CALC ASSESS LEVEL',NULL,50000,NULL,NULL,'2014-12-16 12:59:15','USR7e15465b:14a51353b1a:-7fb7','ADMIN',1),('RUL1441128c:1471efa4c1c:-6eaa','DEPLOYED','BUILD_ASSESSMENT_INFO','bldgassessment','BEFORE-ASSESSLEVEL','BUILD ASSESSMENT INFO',NULL,50000,NULL,NULL,'2014-12-16 12:59:15','USR7e15465b:14a51353b1a:-7fb7','ADMIN',1),('RUL1dc7a3de:142b70df9f8:-7fb7','DRAFT','SUMMARIZE_EMPLOYEE','bpinfo','postinfo','create a total number of employee variable based on male and female count',NULL,50000,NULL,NULL,'2015-04-15 11:06:49','ADMIN','ADMIN',1),('RUL2491462a:142fa35d130:-5a95','DRAFT','BUSINESS_TAX_BY_QTR','bpbilling','initial','split business tax by qtr',NULL,50000,NULL,NULL,'2015-05-24 17:52:58','USR-1b82c604:14cc29913bb:-7fec','ADMIN',1),('RUL2659bca9:142b667ccd3:-7f3f','DRAFT','ASK_EMPLOYEE_INFO','bpinfo','default','Ask employee info',NULL,50000,NULL,NULL,'2015-04-15 11:06:49','ADMIN','ADMIN',1),('RUL36552f88:142c18ff1a4:-7f16','DRAFT','ASK_BUSINESS_AREA','bpinfo','default','Ask Business Area in sqm requirement for unified form',NULL,50000,NULL,NULL,'2015-04-15 11:06:49','ADMIN','ADMIN',1),('RUL3e2b89cb:146ff734573:-7dcc','DEPLOYED','COMPUTE_BLDG_AGE','bldgassessment','PRE-ASSESSMENT','COMPUTE BLDG AGE',NULL,50000,NULL,NULL,'2014-12-16 12:59:15','USR7e15465b:14a51353b1a:-7fb7','ADMIN',1),('RUL43b92fb:14d8589b7da:-5ab9','DRAFT','ASK_WEIGHT_AND_MEASURE_INFO','bpassessment','appinfo','ASK WEIGHT AND MEASURE INFO',NULL,50000,NULL,NULL,'2015-05-24 21:28:29','USR-1b82c604:14cc29913bb:-7fec','ADMIN',1),('RUL43b92fb:14d8589b7da:-5c97','DRAFT','ASK_HAS_WEIGHT_AND_MEASURE','bpassessment','preappinfo','ASK HAS WEIGHT AND MEASURE',NULL,50000,NULL,NULL,'2015-05-24 21:26:17','USR-1b82c604:14cc29913bb:-7fec','ADMIN',1),('RUL43b92fb:14d8589b7da:-637c','DRAFT','REMOVE_BT_FOR_NO_BUSINESS_TAX','bpassessment','summary','REMOVE BT FOR NO BUSINESS TAX	',NULL,50000,NULL,NULL,'2015-05-24 21:01:15','USR-1b82c604:14cc29913bb:-7fec','ADMIN',1),('RUL43b92fb:14d8589b7da:-658a','DRAFT','REMOVE_BT_FOR_COOP','bpassessment','summary','REMOVE BT FOR COOP',NULL,50000,NULL,NULL,'2015-05-24 20:58:55','USR-1b82c604:14cc29913bb:-7fec','ADMIN',1),('RUL43b92fb:14d8589b7da:-6775','DRAFT','MAP_BT_FINANCIAL','bpassessment','postsummary','MAP BT FINANCIAL',NULL,50000,NULL,NULL,'2015-05-24 20:56:51','USR-1b82c604:14cc29913bb:-7fec','ADMIN',1),('RUL43b92fb:14d8589b7da:-691e','DRAFT','MAP_BT_SERVICE','bpassessment','postsummary','MAP BT SERVICE',NULL,50000,NULL,NULL,'2015-05-24 20:54:45','USR-1b82c604:14cc29913bb:-7fec','ADMIN',1),('RUL43b92fb:14d8589b7da:-6abf','DRAFT','MAP_BT_RETAILER','bpassessment','postsummary','MAP BT RETAILER',NULL,50000,NULL,NULL,'2015-05-24 20:52:10','USR-1b82c604:14cc29913bb:-7fec','ADMIN',1),('RUL43b92fb:14d8589b7da:-6ccb','DRAFT','MAP_BT_WHOLESALER','bpassessment','postsummary','MAP BT WHOLESALER',NULL,50000,NULL,NULL,'2015-05-24 20:50:24','USR-1b82c604:14cc29913bb:-7fec','ADMIN',1),('RUL43b92fb:14d8589b7da:-6e72','DRAFT','MAP_BT_MANUFACTURER','bpassessment','postsummary','MAP BT MANUFACTURER',NULL,50000,NULL,NULL,'2015-05-24 20:48:45','USR-1b82c604:14cc29913bb:-7fec','ADMIN',1),('RUL43b92fb:14d8589b7da:-7218','DRAFT','BT_RETAILER_RENEW','bpassessment','businesstax','BT RETAILER RENEW',NULL,95000,NULL,NULL,'2015-05-24 20:41:56','USR-1b82c604:14cc29913bb:-7fec','ADMIN',1),('RUL43b92fb:14d8589b7da:-757c','DRAFT','BT_ESSENTIAL','bpassessment','postbusinesstax','BT ESSENTIAL',NULL,50000,NULL,NULL,'2015-05-24 20:38:37','USR-1b82c604:14cc29913bb:-7fec','ADMIN',1),('RUL43b92fb:14d8589b7da:-7e46','DRAFT','BT_NEW','bpassessment','businesstax','BT NEW',NULL,50000,NULL,NULL,'2015-05-24 18:59:37','USR-1b82c604:14cc29913bb:-7fec','ADMIN',1),('RUL483027b0:16be9375c61:-77e6','DEPLOYED','BASIC_AND_SEF_TAX','rptledger','TAX','BASIC AND SEF TAX',NULL,50000,NULL,NULL,'2019-07-13 10:51:37','USR-ADMIN','ADMIN',1),('RUL49fb6db4:149c7eeb0ca:-568e','DRAFT','SEC_REGISTRATION','bprequirement','initial','SEC Registration',NULL,50000,NULL,NULL,'2015-04-16 11:18:39','ADMIN','ADMIN',1),('RUL49fb6db4:149c7eeb0ca:-5780','DRAFT','DTI_REGISTRATION','bprequirement','initial','DTI Registration',NULL,50000,NULL,NULL,'2015-04-16 11:18:39','ADMIN','ADMIN',1),('RUL49fb6db4:149c7eeb0ca:-5922','DRAFT','CDA_CERTIFICATE','bprequirement','initial','CDA Certificate',NULL,50000,NULL,NULL,'2015-04-16 11:18:39','ADMIN','ADMIN',1),('RUL5b4ac915:147baaa06b4:-6f31','DEPLOYED','BUILD_ASSESSMENT_INFO_SPLIT','landassessment','SUMMARY','BUILD_ASSESSMENT_INFO_SPLIT',NULL,50000,NULL,NULL,'2014-12-16 12:59:22','USR7e15465b:14a51353b1a:-7fb7','ADMIN',1),('RUL5bc4ec91:14b5e07aca6:-7b58','DRAFT','SET_VALID_UNTIL_RENEW','bpbilling','summary','Check QtrDate against BillDate',NULL,50000,NULL,NULL,'2015-05-24 17:53:32','USR-1b82c604:14cc29913bb:-7fec','ADMIN',1),('RUL5be4b64d:14d8574f264:-7dd7','DRAFT','ASK_GROSS_FOR_RENEW','bpassessment','appinfo','ASK GROSS FOR RENEW',NULL,50000,NULL,NULL,'2015-05-24 18:37:57','USR-1b82c604:14cc29913bb:-7fec','ADMIN',1),('RUL5be4b64d:14d8574f264:-7edc','DRAFT','ASK_CAPITAL_FOR_NEW','bpassessment','appinfo','ASK CAPITAL FOR NEW',NULL,50000,NULL,NULL,'2015-05-24 18:35:47','USR-1b82c604:14cc29913bb:-7fec','ADMIN',1),('RUL5ca73361:178b46b1030:-41a3','DEPLOYED','CALC_TOTAL_AV','machassessment','AFTER-SUMMARY','CALC TOTAL AV',NULL,50000,NULL,NULL,'2021-04-09 11:00:44','USR6ebf7e79:156baa1135d:-7f9b','ADMIN',1),('RUL5d2ef71:1472236f427:-7f50','DRAFT','ASK_DECLARED_GROSS','bpinfo','default','Ask declared gross',NULL,50000,NULL,NULL,'2015-04-15 11:06:49','ADMIN','ADMIN',1),('RUL6daebb4a:148d65c9a35:-7f80','DRAFT','BASIC_REQUIREMENTS','bprequirement','initial','Basic Requirements',NULL,50000,NULL,NULL,'2015-04-16 11:18:39','ADMIN','ADMIN',1),('RUL77d680ba:14885b8719f:-7c30','DRAFT','SET_VALID_DATE_NEW','bpbilling','summary','Bill validity date for new',NULL,50000,NULL,NULL,'2015-05-24 17:52:58','USR-1b82c604:14cc29913bb:-7fec','ADMIN',1),('RUL7e02b404:166ae687f42:-5511','DEPLOYED','PENALTY_CURRENT_YEAR','rptbilling','PENALTY','PENALTY_CURRENT_YEAR',NULL,50000,NULL,NULL,'2018-10-25 23:53:42','USR6de55768:158e0e57805:-74f2','ADMIN',1),('RULec9d7ab:166235c2e16:-255e','DEPLOYED','BUILD_BILL_ITEMS','rptbilling','AFTER_SUMMARY','BUILD BILL ITEMS',NULL,50000,NULL,NULL,'2018-09-29 00:27:14','USR-ADMIN','ADMIN',1),('RULec9d7ab:166235c2e16:-26bf','DEPLOYED','TOTAL_ADVANCE','rptbilling','SUMMARY','TOTAL ADVANCE',NULL,50000,NULL,NULL,'2018-09-29 00:26:00','USR-ADMIN','ADMIN',1),('RULec9d7ab:166235c2e16:-26d0','DEPLOYED','TOTAL_CURRENT','rptbilling','SUMMARY','TOTAL_CURRENT',NULL,50000,NULL,NULL,'2018-09-29 00:25:49','USR-ADMIN','ADMIN',1),('RULec9d7ab:166235c2e16:-2f1f','DEPLOYED','EXPIRY_DATE_DEFAULT','rptbilling','BEFORE_SUMMARY','EXPIRY DATE DEFAULT',NULL,10000,NULL,NULL,'2018-09-29 00:17:38','USR-ADMIN','ADMIN',1),('RULec9d7ab:166235c2e16:-319f','DEPLOYED','EXPIRY_DATE_ADVANCE_YEAR','rptbilling','BEFORE_SUMMARY','EXPIRY_DATE_ADVANCE_YEAR',NULL,5000,NULL,NULL,'2018-09-29 00:14:01','USR-ADMIN','ADMIN',1),('RULec9d7ab:166235c2e16:-3811','DEPLOYED','SPLIT_QUARTERLY_BILLED_ITEMS','rptbilling','BEFORE_SUMMARY','SPLIT QUARTERLY BILLED ITEMS',NULL,50000,NULL,NULL,'2018-09-29 00:07:10','USR-ADMIN','ADMIN',1),('RULec9d7ab:166235c2e16:-3c17','DEPLOYED','AGGREGATE_PREVIOUS_ITEMS','rptbilling','BEFORE_SUMMARY','AGGREGATE PREVIOUS ITEMS',NULL,60000,NULL,NULL,'2018-09-29 00:05:33','USR-ADMIN','ADMIN',1),('RULec9d7ab:166235c2e16:-4197','DEPLOYED','DISCOUNT_ADVANCE','rptbilling','DISCOUNT','DISCOUNT_ADVANCE',NULL,40000,NULL,NULL,'2018-09-29 00:02:22','USR-ADMIN','ADMIN',1),('RULec9d7ab:166235c2e16:-5fcb','DEPLOYED','SPLIT_QTR','rptbilling','INIT','SPLIT_QTR',NULL,50000,NULL,NULL,'2018-09-28 23:48:57','USR-ADMIN','ADMIN',1);
/*!40000 ALTER TABLE `sys_rule` ENABLE KEYS */;
UNLOCK TABLES;

--
-- Table structure for table `sys_rule_action`
--

DROP TABLE IF EXISTS `sys_rule_action`;
/*!40101 SET @saved_cs_client     = @@character_set_client */;
/*!40101 SET character_set_client = utf8 */;
CREATE TABLE `sys_rule_action` (
  `objid` varchar(50) NOT NULL,
  `parentid` varchar(50) DEFAULT NULL,
  `actiondef_objid` varchar(50) DEFAULT NULL,
  `actiondef_name` varchar(50) DEFAULT NULL,
  `pos` int(11) DEFAULT NULL,
  PRIMARY KEY (`objid`),
  KEY `ix_actiondef_objid` (`actiondef_objid`),
  KEY `ix_parentid` (`parentid`),
  CONSTRAINT `sys_rule_action_ibfk_1` FOREIGN KEY (`parentid`) REFERENCES `sys_rule` (`objid`)
) ENGINE=InnoDB DEFAULT CHARSET=utf8;
/*!40101 SET character_set_client = @saved_cs_client */;

--
-- Dumping data for table `sys_rule_action`
--

LOCK TABLES `sys_rule_action` WRITE;
/*!40000 ALTER TABLE `sys_rule_action` DISABLE KEYS */;
INSERT INTO `sys_rule_action` VALUES ('RA-17442746:16be936f033:-7e82','RUL483027b0:16be9375c61:-77e6','rptis.landtax.actions.CalcTax','calc-tax',0),('RA16a7ee38:15cfcd300fe:-7fb7','RUL-79a9a347:15cfcae84de:-55fd','rptis.actions.AddDeriveVar','add-derive-var',0),('RA387565a4:178b45fb088:-7ea8','RUL5ca73361:178b46b1030:-41a3','rptis.actions.AddDeriveVar','add-derive-var',0),('RA440e47f4:166ae4152f1:-7fbc','RUL1262ad19:166ae41b1fb:-7c88','rptis.landtax.actions.CreateTaxSummary','create-tax-summary',0),('RA7280357:166235c1be7:-7fab','RULec9d7ab:166235c2e16:-26bf','rptis.landtax.actions.CreateTaxSummary','create-tax-summary',0),('RA7280357:166235c1be7:-7fb2','RULec9d7ab:166235c2e16:-26d0','rptis.landtax.actions.CreateTaxSummary','create-tax-summary',0),('RA7280357:166235c1be7:-7fb9','RULec9d7ab:166235c2e16:-319f','rptis.landtax.actions.SetBillExpiryDate','set-bill-expiry',0),('RA7280357:166235c1be7:-7fcc','RULec9d7ab:166235c2e16:-4197','rptis.landtax.actions.CalcDiscount','calc-discount',0),('RACT-103fed47:146ffb40356:-7c51','RUL3e2b89cb:146ff734573:-7dcc','RULADEF3e2b89cb:146ff734573:-7c47','calc-bldg-age',0),('RACT-128a4cad:146f96a678e:-7d4d','RUL-128a4cad:146f96a678e:-7e52','RULADEF-128a4cad:146f96a678e:-7efa','calc-av',0),('RACT-1a2d6e9b:1692d429304:-7649','RUL-1a2d6e9b:1692d429304:-7779','rptis.landtax.actions.AddSef','add-sef',0),('RACT-1a2d6e9b:1692d429304:-7700','RUL-1a2d6e9b:1692d429304:-7779','rptis.landtax.actions.AddBasic','add-basic',0),('RACT-2486b0ca:146fff66c3e:-2ade','RUL-2486b0ca:146fff66c3e:-2c4a','RULADEF-2486b0ca:146fff66c3e:-3151','calc-bldguse-mv',0),('RACT-2486b0ca:146fff66c3e:-37a2','RUL-2486b0ca:146fff66c3e:-38e4','RULADEF-2486b0ca:146fff66c3e:-79a8','calc-floor-mv',0),('RACT-2486b0ca:146fff66c3e:-3d32','RUL-2486b0ca:146fff66c3e:-4192','RULADEF-2486b0ca:146fff66c3e:-4365','calc-bldguse-depreciation',0),('RACT-2486b0ca:146fff66c3e:-6a12','RUL-2486b0ca:146fff66c3e:-6b05','RULADEF-2486b0ca:146fff66c3e:-7a02','calc-floor-bmv',0),('RACT-28dc975:156bcab666c:-5e3c','RUL-3e8edbea:156bc08656a:-5f05','rptis.actions.CalcTotalRPUAssessValue','recalc-rpu-totalav',0),('RACT-2ede6703:16642adb9ce:-794c','RUL-2ede6703:16642adb9ce:-7ba0','rptis.landtax.actions.SetBillExpiryDate','set-bill-expiry',0),('RACT-43adaf20:179c6921191:-4bb8','RUL-43adaf20:179c6921191:-4d61','rptis.land.actions.CalcMarketValue','calc-mv',0),('RACT-43adaf20:179c6921191:-4e13','RUL-43adaf20:179c6921191:-4f03','rptis.land.actions.CalcBaseMarketValue','calc-bmv',0),('RACT-43adaf20:179c6921191:-4fd2','RUL-43adaf20:179c6921191:-5152','rptis.land.actions.CalcBaseMarketValue','calc-bmv',0),('RACT-43adaf20:179c6921191:-5927','RUL-43adaf20:179c6921191:-5b4f','rptis.landtax.actions.CalcDiscount','calc-discount',0),('RACT-43adaf20:179c6921191:-5bb2','RUL-43adaf20:179c6921191:-5f04','rptis.landtax.actions.CalcDiscount','calc-discount',0),('RACT-43adaf20:179c6921191:-5f7b','RUL-43adaf20:179c6921191:-61e1','rptis.landtax.actions.CalcInterest','calc-interest',0),('RACT-43adaf20:179c6921191:-6244','RUL-43adaf20:179c6921191:-6498','rptis.landtax.actions.CalcDiscount','calc-discount',0),('RACT-43adaf20:179c6921191:-6666','RUL-43adaf20:179c6921191:-6af3','rptis.landtax.actions.CalcDiscount','calc-discount',0),('RACT-43adaf20:179c6921191:-6ba5','RUL-43adaf20:179c6921191:-6edf','rptis.landtax.actions.CalcDiscount','calc-discount',0),('RACT-43adaf20:179c6921191:-6f6b','RUL-43adaf20:179c6921191:-74a8','rptis.landtax.actions.CalcInterest','calc-interest',0),('RACT-43adaf20:179c6921191:-79c3','RUL-43adaf20:179c6921191:-7d0b','rptis.landtax.actions.CalcInterest','calc-interest',0),('RACT-479f9644:17849e550ea:-ba7','RUL-128a4cad:146f96a678e:-7e52','rptis.land.actions.CalcAssessValue','calc-av',0),('RACT-479f9644:17849e550ea:3eb','RUL-479f9644:17849e550ea:143','rptis.actions.CalcTotalRPUAssessValue','recalc-rpu-totalav',0),('RACT-4fd26d3d:142fa7a65f9:-73bb','RUL2491462a:142fa35d130:-5a95','RULADEF-2889615e:142fa67fc85:-7b7c','split_by_qtr',0),('RACT-5cc00751:179cb731d09:-69c7','RUL-5cc00751:179cb731d09:-6a11','AddRequirement','add-requirement',0),('RACT-5cc00751:179cb731d09:-6d87','RUL-79a9a347:15cfcae84de:-6401','rptis.actions.AddDeriveVariable','add-derive-var',0),('RACT-5cc00751:179cb731d09:-6f19','RUL1441128c:1471efa4c1c:-6c93','rptis.bldg.actions.CalcAssessLevel','calc-assess-level',0),('RACT-5cc00751:179cb731d09:-704f','RUL1441128c:1471efa4c1c:-6eaa','rptis.bldg.actions.AddAssessmentInfo','add-assessment-info',0),('RACT-5cc00751:179cb731d09:-7225','RUL-2486b0ca:146fff66c3e:-2c4a','rptis.bldg.actions.CalcBldgUseMV','calc-bldguse-mv',0),('RACT-5cc00751:179cb731d09:-7353','RUL-2486b0ca:146fff66c3e:-38e4','rptis.bldg.actions.CalcFloorMV','calc-floor-mv',0),('RACT-5cc00751:179cb731d09:-74ba','RUL-2486b0ca:146fff66c3e:-4192','rptis.bldg.actions.CalcBldgUseDepreciation','calc-bldguse-depreciation',0),('RACT-5cc00751:179cb731d09:-773a','RUL-2486b0ca:146fff66c3e:-4697','rptis.bldg.actions.CalcDepreciationFromSked','calc-depreciation-sked',0),('RACT-5cc00751:179cb731d09:-798a','RUL-60c99d04:1470b276e7f:-7ecc','rptis.bldg.actions.CalcBldgUseBMV','calc-bldguse-bmv',0),('RACT-5cc00751:179cb731d09:-7b5d','RUL-2486b0ca:146fff66c3e:-6b05','rptis.bldg.actions.CalcFloorBMV','calc-floor-bmv',0),('RACT-5cc00751:179cb731d09:-7d42','RUL3e2b89cb:146ff734573:-7dcc','rptis.bldg.actions.CalcBldgAge','calc-bldg-age',0),('RACT-60c99d04:1470b276e7f:-7a52','RUL-60c99d04:1470b276e7f:-7ecc','RULADEF-60c99d04:1470b276e7f:-7c52','calc-bldguse-bmv',0),('RACT-68ca73a4:142c149a9bf:-7c44','RUL2659bca9:142b667ccd3:-7f3f','RULADEF367174cc:141a62bd0d8:-4486','ask_business_info',0),('RACT-68ca73a4:142c149a9bf:-7c66','RUL2659bca9:142b667ccd3:-7f3f','RULADEF367174cc:141a62bd0d8:-4486','ask_business_info',0),('RACT-68ca73a4:142c149a9bf:-7c88','RUL2659bca9:142b667ccd3:-7f3f','RULADEF367174cc:141a62bd0d8:-4486','ask_business_info',0),('RACT-6c640ca5:1469912956a:-7c16','RUL-6c640ca5:1469912956a:-7ed8','RULADEF367174cc:141a62bd0d8:-4486','ask_business_info',0),('RACT-71e6d72c:14a19179a22:-6285','RUL-36ba5ccb:1430894b791:-6677','RULADEF-66879e9a:1422b236b58:-7d24','calc_interest',0),('RACT-71e6d72c:14a19179a22:-6697','RUL-4fd26d3d:142fa7a65f9:-7200','RULADEF7ee0ab5e:141b6a15885:-7f52','calc_surcharge',0),('RACT-762e9176:15d067a9c42:-58a6','RUL-762e9176:15d067a9c42:-5aa0','rptis.actions.CalcTotalRPUAssessValue','recalc-rpu-totalav',0),('RACT-762e9176:15d067a9c42:-5b22','RUL-762e9176:15d067a9c42:-5e26','rptis.actions.AddDeriveVar','add-derive-var',0),('RACT-79a9a347:15cfcae84de:-5e1c','RUL-79a9a347:15cfcae84de:-6401','RULADEF1b4af871:14e3cc46e09:-344d','add-derive-var',0),('RACT-79a9a347:15cfcae84de:-6d86','RUL-79a9a347:15cfcae84de:-6f2a','rptis.actions.CalcTotalRPUAssessValue','recalc-rpu-totalav',0),('RACT-79a9a347:15cfcae84de:514e','RUL-79a9a347:15cfcae84de:4f83','rptis.actions.AddDeriveVar','add-derive-var',0),('RACT-79a9a347:15cfcae84de:56d7','RUL-79a9a347:15cfcae84de:549e','rptis.actions.CalcTotalRPUAssessValue','recalc-rpu-totalav',0),('RACT-7ba78dc5:161bc7e25d9:-5e47','RUL6daebb4a:148d65c9a35:-7f80','RULADEF-4a532d76:141ff563063:-7ef4','add_requirement',0),('RACT1441128c:1471efa4c1c:-68bd','RUL1441128c:1471efa4c1c:-6b41','RULADEF1441128c:1471efa4c1c:-69a5','calc-assess-value',0),('RACT1441128c:1471efa4c1c:-6b97','RUL1441128c:1471efa4c1c:-6c93','RULADEF-39192c48:1471ebc2797:-7dae','calc-assess-level',0),('RACT1441128c:1471efa4c1c:-6ce7','RUL1441128c:1471efa4c1c:-6eaa','RULADEF-39192c48:1471ebc2797:-7dee','add-assessment-info',0),('RACT1dc7a3de:142b70df9f8:-7ec1','RUL1dc7a3de:142b70df9f8:-7fb7','RULADEF-67ecfd73:141f2b84ce7:-7b54','assert_business_info',0),('RACT2dcfe11d:16222c9a236:-7d3d','RUL6daebb4a:148d65c9a35:-7f80','RULADEF-4a532d76:141ff563063:-7ef4','add_requirement',0),('RACT35d5ad64:142c5cb42d2:-7f1c','RUL36552f88:142c18ff1a4:-7f16','RULADEF367174cc:141a62bd0d8:-4486','ask_business_info',0),('RACT43b92fb:14d8589b7da:-5865','RUL43b92fb:14d8589b7da:-5ab9','RULADEF367174cc:141a62bd0d8:-4486','ask_business_info',0),('RACT43b92fb:14d8589b7da:-58b5','RUL43b92fb:14d8589b7da:-5ab9','RULADEF367174cc:141a62bd0d8:-4486','ask_business_info',0),('RACT43b92fb:14d8589b7da:-5905','RUL43b92fb:14d8589b7da:-5ab9','RULADEF367174cc:141a62bd0d8:-4486','ask_business_info',0),('RACT43b92fb:14d8589b7da:-5955','RUL43b92fb:14d8589b7da:-5ab9','RULADEF367174cc:141a62bd0d8:-4486','ask_business_info',0),('RACT43b92fb:14d8589b7da:-5afe','RUL43b92fb:14d8589b7da:-5c97','RULADEF367174cc:141a62bd0d8:-4486','ask_business_info',0),('RACT43b92fb:14d8589b7da:-620b','RUL43b92fb:14d8589b7da:-637c','RULADEF33e8cb24:1423c4b40b2:-7f34','remove_taxfee',0),('RACT43b92fb:14d8589b7da:-6614','RUL43b92fb:14d8589b7da:-6775','RULADEF-738e3cc6:14459101d11:-6b0b','change_business_account',0),('RACT43b92fb:14d8589b7da:-67bd','RUL43b92fb:14d8589b7da:-691e','RULADEF-738e3cc6:14459101d11:-6b0b','change_business_account',0),('RACT43b92fb:14d8589b7da:-695e','RUL43b92fb:14d8589b7da:-6abf','RULADEF-738e3cc6:14459101d11:-6b0b','change_business_account',0),('RACT43b92fb:14d8589b7da:-6af9','RUL43b92fb:14d8589b7da:-6ccb','RULADEF-738e3cc6:14459101d11:-6b0b','change_business_account',0),('RACT43b92fb:14d8589b7da:-6cfd','RUL43b92fb:14d8589b7da:-6e72','RULADEF-738e3cc6:14459101d11:-6b0b','change_business_account',0),('RACT43b92fb:14d8589b7da:-70c5','RUL43b92fb:14d8589b7da:-7218','RULADEF-2ead5abf:1419bd607e6:-7fd9','compute_business_tax',0),('RACT43b92fb:14d8589b7da:-7272','RUL43b92fb:14d8589b7da:-757c','RULADEF72bb01b1:141b1fdca80:-7e34','update_taxfee',0),('RACT43b92fb:14d8589b7da:-7cad','RUL43b92fb:14d8589b7da:-7e46','RULADEF-2ead5abf:1419bd607e6:-7fd9','compute_business_tax',0),('RACT49fb6db4:149c7eeb0ca:-54f6','RUL49fb6db4:149c7eeb0ca:-568e','RULADEF-4a532d76:141ff563063:-7ef4','add_requirement',0),('RACT49fb6db4:149c7eeb0ca:-56cd','RUL49fb6db4:149c7eeb0ca:-5780','RULADEF-4a532d76:141ff563063:-7ef4','add_requirement',0),('RACT49fb6db4:149c7eeb0ca:-57f7','RUL49fb6db4:149c7eeb0ca:-5922','RULADEF-4a532d76:141ff563063:-7ef4','add_requirement',0),('RACT4dd7c374:14eeb630b14:-7d2b','RUL6daebb4a:148d65c9a35:-7f80','RULADEF-4a532d76:141ff563063:-7ef4','add_requirement',0),('RACT4dd7c374:14eeb630b14:-7d72','RUL6daebb4a:148d65c9a35:-7f80','RULADEF-4a532d76:141ff563063:-7ef4','add_requirement',0),('RACT4dd7c374:14eeb630b14:-7e01','RUL6daebb4a:148d65c9a35:-7f80','RULADEF-4a532d76:141ff563063:-7ef4','add_requirement',0),('RACT5b4ac915:147baaa06b4:-6be9','RUL5b4ac915:147baaa06b4:-6f31','rptis.land.actions.AddAssessmentInfo','add-assessment-info',0),('RACT5bc4ec91:14b5e07aca6:-6344','RUL5bc4ec91:14b5e07aca6:-7b58','RULADEF-7438e141:1481e925549:-7fb5','set_billexpirydate',0),('RACT5be4b64d:14d8574f264:-7d19','RUL5be4b64d:14d8574f264:-7dd7','RULADEF367174cc:141a62bd0d8:-4486','ask_business_info',0),('RACT5be4b64d:14d8574f264:-7e1f','RUL5be4b64d:14d8574f264:-7edc','RULADEF367174cc:141a62bd0d8:-4486','ask_business_info',0),('RACT5d2ef71:1472236f427:-7ebd','RUL5d2ef71:1472236f427:-7f50','RULADEF367174cc:141a62bd0d8:-4486','ask_business_info',0),('RACT5ffbdc02:166e7b2c367:-6229','RUL7e02b404:166ae687f42:-5511','rptis.landtax.actions.CalcInterest','calc-interest',0),('RACT77d680ba:14885b8719f:-7ab9','RUL77d680ba:14885b8719f:-7c30','RULADEF-7438e141:1481e925549:-7fb5','set_billexpirydate',0),('RACT7ac941aa:157991d0117:-7b1c','RUL43b92fb:14d8589b7da:-658a','RULADEF33e8cb24:1423c4b40b2:-7f34','remove_taxfee',0),('RACTec9d7ab:166235c2e16:-249a','RULec9d7ab:166235c2e16:-255e','rptis.landtax.actions.AddBillItem','add-billitem',0),('RACTec9d7ab:166235c2e16:-2e2e','RULec9d7ab:166235c2e16:-2f1f','rptis.landtax.actions.SetBillExpiryDate','set-bill-expiry',0),('RACTec9d7ab:166235c2e16:-35b3','RULec9d7ab:166235c2e16:-3811','rptis.landtax.actions.SplitLedgerItem','split-bill-item',0),('RACTec9d7ab:166235c2e16:-3879','RULec9d7ab:166235c2e16:-3c17','rptis.landtax.actions.AggregateLedgerItem','aggregate-bill-item',0),('RACTec9d7ab:166235c2e16:-5b6f','RULec9d7ab:166235c2e16:-5fcb','rptis.landtax.actions.SplitByQtr','split-by-qtr',0);
/*!40000 ALTER TABLE `sys_rule_action` ENABLE KEYS */;
UNLOCK TABLES;

--
-- Table structure for table `sys_rule_action_param`
--

DROP TABLE IF EXISTS `sys_rule_action_param`;
/*!40101 SET @saved_cs_client     = @@character_set_client */;
/*!40101 SET character_set_client = utf8 */;
CREATE TABLE `sys_rule_action_param` (
  `objid` varchar(50) NOT NULL,
  `parentid` varchar(50) DEFAULT NULL,
  `actiondefparam_objid` varchar(255) NOT NULL,
  `stringvalue` varchar(255) DEFAULT NULL,
  `booleanvalue` int(11) DEFAULT NULL,
  `var_objid` varchar(50) DEFAULT NULL,
  `var_name` varchar(50) DEFAULT NULL,
  `expr` longtext,
  `exprtype` varchar(25) DEFAULT NULL,
  `pos` int(11) DEFAULT NULL,
  `obj_key` varchar(50) DEFAULT NULL,
  `obj_value` varchar(255) DEFAULT NULL,
  `listvalue` longtext,
  `lov` varchar(50) DEFAULT NULL,
  `rangeoption` int(11) DEFAULT NULL,
  PRIMARY KEY (`objid`),
  KEY `ix_parentid` (`parentid`),
  KEY `ix_var_objid` (`var_objid`),
  CONSTRAINT `sys_rule_action_param_ibfk_2` FOREIGN KEY (`var_objid`) REFERENCES `sys_rule_condition_var` (`objid`),
  CONSTRAINT `sys_rule_action_param_ibfk_1` FOREIGN KEY (`parentid`) REFERENCES `sys_rule_action` (`objid`)
) ENGINE=InnoDB DEFAULT CHARSET=utf8;
/*!40101 SET character_set_client = @saved_cs_client */;

--
-- Dumping data for table `sys_rule_action_param`
--

LOCK TABLES `sys_rule_action_param` WRITE;
/*!40000 ALTER TABLE `sys_rule_action_param` DISABLE KEYS */;
INSERT INTO `sys_rule_action_param` VALUES ('RAP-17442746:16be936f033:-7e80','RA-17442746:16be936f033:-7e82','rptis.landtax.actions.CalcTax.rptledgeritem',NULL,NULL,'RC-17442746:16be936f033:-7e86','RLI',NULL,NULL,NULL,NULL,NULL,NULL,NULL,NULL),('RAP-17442746:16be936f033:-7e81','RA-17442746:16be936f033:-7e82','rptis.landtax.actions.CalcTax.expr',NULL,NULL,NULL,NULL,'AV * 0.01','expression',NULL,NULL,NULL,NULL,NULL,NULL),('RAP16a7ee38:15cfcd300fe:-7fb3','RA16a7ee38:15cfcd300fe:-7fb7','rptis.actions.AddDeriveVar.refid',NULL,NULL,'RCC16a7ee38:15cfcd300fe:-7fbb','RPUID',NULL,NULL,NULL,NULL,NULL,NULL,NULL,NULL),('RAP16a7ee38:15cfcd300fe:-7fb4','RA16a7ee38:15cfcd300fe:-7fb7','rptis.actions.AddDeriveVar.var',NULL,NULL,NULL,NULL,NULL,NULL,NULL,'P51c8b9d2:173606cb1cf:-3a4e','TOTAL_AV',NULL,NULL,NULL),('RAP16a7ee38:15cfcd300fe:-7fb5','RA16a7ee38:15cfcd300fe:-7fb7','rptis.actions.AddDeriveVar.aggregatetype',NULL,NULL,NULL,NULL,NULL,NULL,NULL,NULL,NULL,NULL,'sum',NULL),('RAP16a7ee38:15cfcd300fe:-7fb6','RA16a7ee38:15cfcd300fe:-7fb7','rptis.actions.AddDeriveVar.expr',NULL,NULL,NULL,NULL,'AV','expression',NULL,NULL,NULL,NULL,NULL,NULL),('RAP387565a4:178b45fb088:-7ea4','RA387565a4:178b45fb088:-7ea8','rptis.actions.AddDeriveVar.expr',NULL,NULL,NULL,NULL,'AV','expression',NULL,NULL,NULL,NULL,NULL,NULL),('RAP387565a4:178b45fb088:-7ea5','RA387565a4:178b45fb088:-7ea8','rptis.actions.AddDeriveVar.aggregatetype',NULL,NULL,NULL,NULL,NULL,NULL,NULL,NULL,NULL,NULL,'sum',NULL),('RAP387565a4:178b45fb088:-7ea6','RA387565a4:178b45fb088:-7ea8','rptis.actions.AddDeriveVar.var',NULL,NULL,NULL,NULL,NULL,NULL,NULL,'P51c8b9d2:173606cb1cf:-3a4e','TOTAL_AV',NULL,NULL,NULL),('RAP387565a4:178b45fb088:-7ea7','RA387565a4:178b45fb088:-7ea8','rptis.actions.AddDeriveVar.refid',NULL,NULL,'RCC387565a4:178b45fb088:-7ea9','RPUID',NULL,NULL,NULL,NULL,NULL,NULL,NULL,NULL),('RAP440e47f4:166ae4152f1:-7fba','RA440e47f4:166ae4152f1:-7fbc','rptis.landtax.actions.CreateTaxSummary.rptledgerit',NULL,NULL,'RC440e47f4:166ae4152f1:-7fc0','RLI',NULL,NULL,NULL,NULL,NULL,NULL,NULL,NULL),('RAP440e47f4:166ae4152f1:-7fbb','RA440e47f4:166ae4152f1:-7fbc','rptis.landtax.actions.CreateTaxSummary.revperiod',NULL,NULL,NULL,NULL,NULL,NULL,NULL,NULL,NULL,NULL,'previous',NULL),('RAP7280357:166235c1be7:-7fa9','RA7280357:166235c1be7:-7fab','rptis.landtax.actions.CreateTaxSummary.rptledgerit',NULL,NULL,'RC7280357:166235c1be7:-7faf','RLI',NULL,NULL,NULL,NULL,NULL,NULL,NULL,NULL),('RAP7280357:166235c1be7:-7faa','RA7280357:166235c1be7:-7fab','rptis.landtax.actions.CreateTaxSummary.revperiod',NULL,NULL,NULL,NULL,NULL,NULL,NULL,NULL,NULL,NULL,'advance',NULL),('RAP7280357:166235c1be7:-7fb0','RA7280357:166235c1be7:-7fb2','rptis.landtax.actions.CreateTaxSummary.rptledgerit',NULL,NULL,'RC7280357:166235c1be7:-7fb6','RLI',NULL,NULL,NULL,NULL,NULL,NULL,NULL,NULL),('RAP7280357:166235c1be7:-7fb1','RA7280357:166235c1be7:-7fb2','rptis.landtax.actions.CreateTaxSummary.revperiod',NULL,NULL,NULL,NULL,NULL,NULL,NULL,NULL,NULL,NULL,'current',NULL),('RAP7280357:166235c1be7:-7fb7','RA7280357:166235c1be7:-7fb9','rptis.landtax.actions.SetBillExpiryDate.bill',NULL,NULL,'RC7280357:166235c1be7:-7fc0','BILL',NULL,NULL,NULL,NULL,NULL,NULL,NULL,NULL),('RAP7280357:166235c1be7:-7fb8','RA7280357:166235c1be7:-7fb9','rptis.landtax.actions.SetBillExpiryDate.expr',NULL,NULL,NULL,NULL,'@MONTHEND(@DATE(CY, 12, 1));','expression',NULL,NULL,NULL,NULL,NULL,NULL),('RAP7280357:166235c1be7:-7fca','RA7280357:166235c1be7:-7fcc','rptis.landtax.actions.CalcDiscount.rptledgeritem',NULL,NULL,'RC7280357:166235c1be7:-7fd4','RLI',NULL,NULL,NULL,NULL,NULL,NULL,NULL,NULL),('RAP7280357:166235c1be7:-7fcb','RA7280357:166235c1be7:-7fcc','rptis.landtax.actions.CalcDiscount.expr',NULL,NULL,NULL,NULL,'@ROUND(TAX * 0.20)','expression',NULL,NULL,NULL,NULL,NULL,NULL),('RULACT-103fed47:146ffb40356:-7c4f','RACT-103fed47:146ffb40356:-7c51','ACTPARAM3e2b89cb:146ff734573:-7c34',NULL,NULL,NULL,NULL,'YRAPPRAISED - YRCOMPLETED','expression',NULL,NULL,NULL,NULL,NULL,NULL),('RULACT-103fed47:146ffb40356:-7c50','RACT-103fed47:146ffb40356:-7c51','ACTPARAM3e2b89cb:146ff734573:-7c3c',NULL,NULL,'RCOND-103fed47:146ffb40356:-7d40','RPU',NULL,NULL,NULL,NULL,NULL,NULL,NULL,NULL),('RULACT-128a4cad:146f96a678e:-7d4b','RACT-128a4cad:146f96a678e:-7d4d','ACTPARAM-128a4cad:146f96a678e:-7ee7',NULL,NULL,NULL,NULL,'@ROUNDTOTEN( MV * AL / 100.0 )','expression',NULL,NULL,NULL,NULL,NULL,NULL),('RULACT-128a4cad:146f96a678e:-7d4c','RACT-128a4cad:146f96a678e:-7d4d','ACTPARAM-128a4cad:146f96a678e:-7ef0',NULL,NULL,'RCOND-128a4cad:146f96a678e:-7e14','LA',NULL,NULL,NULL,NULL,NULL,NULL,NULL,NULL),('RULACT-1a2d6e9b:1692d429304:-7607','RACT-1a2d6e9b:1692d429304:-7649','rptis.landtax.actions.AddSef.av',NULL,NULL,NULL,NULL,'AV','expression',NULL,NULL,NULL,NULL,NULL,NULL),('RULACT-1a2d6e9b:1692d429304:-7622','RACT-1a2d6e9b:1692d429304:-7649','rptis.landtax.actions.AddSef.year',NULL,NULL,'RCONST-1a2d6e9b:1692d429304:-7747','YR',NULL,NULL,NULL,NULL,NULL,NULL,NULL,NULL),('RULACT-1a2d6e9b:1692d429304:-7639','RACT-1a2d6e9b:1692d429304:-7649','rptis.landtax.actions.AddSef.avfact',NULL,NULL,'RCOND-1a2d6e9b:1692d429304:-7748','AVINFO',NULL,NULL,NULL,NULL,NULL,NULL,NULL,NULL),('RULACT-1a2d6e9b:1692d429304:-76bc','RACT-1a2d6e9b:1692d429304:-7700','rptis.landtax.actions.AddBasic.av',NULL,NULL,NULL,NULL,'AV','expression',NULL,NULL,NULL,NULL,NULL,NULL),('RULACT-1a2d6e9b:1692d429304:-76d7','RACT-1a2d6e9b:1692d429304:-7700','rptis.landtax.actions.AddBasic.year',NULL,NULL,'RCONST-1a2d6e9b:1692d429304:-7747','YR',NULL,NULL,NULL,NULL,NULL,NULL,NULL,NULL),('RULACT-1a2d6e9b:1692d429304:-76ef','RACT-1a2d6e9b:1692d429304:-7700','rptis.landtax.actions.AddBasic.avfact',NULL,NULL,'RCOND-1a2d6e9b:1692d429304:-7748','AVINFO',NULL,NULL,NULL,NULL,NULL,NULL,NULL,NULL),('RULACT-2486b0ca:146fff66c3e:-2adc','RACT-2486b0ca:146fff66c3e:-2ade','ACTPARAM-2486b0ca:146fff66c3e:-30fe',NULL,NULL,NULL,NULL,'@ROUND( BMV + ADJ - DEP  )','expression',NULL,NULL,NULL,NULL,NULL,NULL),('RULACT-2486b0ca:146fff66c3e:-2add','RACT-2486b0ca:146fff66c3e:-2ade','ACTPARAM-2486b0ca:146fff66c3e:-3105',NULL,NULL,'RCOND-2486b0ca:146fff66c3e:-2bf1','BU',NULL,NULL,NULL,NULL,NULL,NULL,NULL,NULL),('RULACT-2486b0ca:146fff66c3e:-37a0','RACT-2486b0ca:146fff66c3e:-37a2','ACTPARAM-2486b0ca:146fff66c3e:-7994',NULL,NULL,NULL,NULL,'@ROUND( BMV + ADJ )','expression',NULL,NULL,NULL,NULL,NULL,NULL),('RULACT-2486b0ca:146fff66c3e:-37a1','RACT-2486b0ca:146fff66c3e:-37a2','ACTPARAM-2486b0ca:146fff66c3e:-799f',NULL,NULL,'RCOND-2486b0ca:146fff66c3e:-3888','BF',NULL,NULL,NULL,NULL,NULL,NULL,NULL,NULL),('RULACT-2486b0ca:146fff66c3e:-3d30','RACT-2486b0ca:146fff66c3e:-3d32','ACTPARAM-2486b0ca:146fff66c3e:-4090',NULL,NULL,NULL,NULL,'@ROUND( (BMV )  * DPRATE / 100.0, 0)','expression',NULL,NULL,NULL,NULL,NULL,NULL),('RULACT-2486b0ca:146fff66c3e:-3d31','RACT-2486b0ca:146fff66c3e:-3d32','ACTPARAM-2486b0ca:146fff66c3e:-4351',NULL,NULL,'RCOND-2486b0ca:146fff66c3e:-3ed1','BU',NULL,NULL,NULL,NULL,NULL,NULL,NULL,NULL),('RULACT-2486b0ca:146fff66c3e:-6a10','RACT-2486b0ca:146fff66c3e:-6a12','ACTPARAM-2486b0ca:146fff66c3e:-79dc',NULL,NULL,NULL,NULL,'AREA * UV','expression',NULL,NULL,NULL,NULL,NULL,NULL),('RULACT-2486b0ca:146fff66c3e:-6a11','RACT-2486b0ca:146fff66c3e:-6a12','ACTPARAM-2486b0ca:146fff66c3e:-79e3',NULL,NULL,'RCOND-2486b0ca:146fff66c3e:-6aad','BF',NULL,NULL,NULL,NULL,NULL,NULL,NULL,NULL),('RULACT-28dc975:156bcab666c:-5e3a','RACT-28dc975:156bcab666c:-5e3c','rptis.actions.CalcTotalRPUAssessValue.expr',NULL,NULL,NULL,NULL,'AV','expression',NULL,NULL,NULL,NULL,NULL,NULL),('RULACT-28dc975:156bcab666c:-5e3b','RACT-28dc975:156bcab666c:-5e3c','rptis.actions.CalcTotalRPUAssessValue.rpu',NULL,NULL,'RCOND-28dc975:156bcab666c:-6051','RPU',NULL,NULL,NULL,NULL,NULL,NULL,NULL,NULL),('RULACT-2ede6703:16642adb9ce:-7926','RACT-2ede6703:16642adb9ce:-794c','rptis.landtax.actions.SetBillExpiryDate.expr',NULL,NULL,NULL,NULL,'@MONTHEND( BILLDATE )','expression',NULL,NULL,NULL,NULL,NULL,NULL),('RULACT-2ede6703:16642adb9ce:-793c','RACT-2ede6703:16642adb9ce:-794c','rptis.landtax.actions.SetBillExpiryDate.bill',NULL,NULL,'RCOND-2ede6703:16642adb9ce:-7a39','BILL',NULL,NULL,NULL,NULL,NULL,NULL,NULL,NULL),('RULACT-43adaf20:179c6921191:-4b92','RACT-43adaf20:179c6921191:-4bb8','rptis.land.actions.CalcMarketValue.expr',NULL,NULL,NULL,NULL,'@ROUNDTOTEN(  BMV + ADJ  )','expression',NULL,NULL,NULL,NULL,NULL,NULL),('RULACT-43adaf20:179c6921191:-4ba8','RACT-43adaf20:179c6921191:-4bb8','rptis.land.actions.CalcMarketValue.landdetail',NULL,NULL,'RCOND-43adaf20:179c6921191:-4d1d','LA',NULL,NULL,NULL,NULL,NULL,NULL,NULL,NULL),('RULACT-43adaf20:179c6921191:-4ded','RACT-43adaf20:179c6921191:-4e13','rptis.land.actions.CalcBaseMarketValue.expr',NULL,NULL,NULL,NULL,'0','expression',NULL,NULL,NULL,NULL,NULL,NULL),('RULACT-43adaf20:179c6921191:-4e03','RACT-43adaf20:179c6921191:-4e13','rptis.land.actions.CalcBaseMarketValue.landdetail',NULL,NULL,'RCOND-43adaf20:179c6921191:-4ebf','LA',NULL,NULL,NULL,NULL,NULL,NULL,NULL,NULL),('RULACT-43adaf20:179c6921191:-4fac','RACT-43adaf20:179c6921191:-4fd2','rptis.land.actions.CalcBaseMarketValue.expr',NULL,NULL,NULL,NULL,'@ROUND( AREA * UV, 2)','expression',NULL,NULL,NULL,NULL,NULL,NULL),('RULACT-43adaf20:179c6921191:-4fc2','RACT-43adaf20:179c6921191:-4fd2','rptis.land.actions.CalcBaseMarketValue.landdetail',NULL,NULL,'RCOND-43adaf20:179c6921191:-510e','LA',NULL,NULL,NULL,NULL,NULL,NULL,NULL,NULL),('RULACT-43adaf20:179c6921191:-5901','RACT-43adaf20:179c6921191:-5927','rptis.landtax.actions.CalcDiscount.expr',NULL,NULL,NULL,NULL,'0','expression',NULL,NULL,NULL,NULL,NULL,NULL),('RULACT-43adaf20:179c6921191:-5917','RACT-43adaf20:179c6921191:-5927','rptis.landtax.actions.CalcDiscount.rptledgeritem',NULL,NULL,'RCOND-43adaf20:179c6921191:-5a08','RLI',NULL,NULL,NULL,NULL,NULL,NULL,NULL,NULL),('RULACT-43adaf20:179c6921191:-5b8c','RACT-43adaf20:179c6921191:-5bb2','rptis.landtax.actions.CalcDiscount.expr',NULL,NULL,NULL,NULL,'0','expression',NULL,NULL,NULL,NULL,NULL,NULL),('RULACT-43adaf20:179c6921191:-5ba2','RACT-43adaf20:179c6921191:-5bb2','rptis.landtax.actions.CalcDiscount.rptledgeritem',NULL,NULL,'RCOND-43adaf20:179c6921191:-5dbd','RLI',NULL,NULL,NULL,NULL,NULL,NULL,NULL,NULL),('RULACT-43adaf20:179c6921191:-5f55','RACT-43adaf20:179c6921191:-5f7b','rptis.landtax.actions.CalcInterest.expr',NULL,NULL,NULL,NULL,'0','expression',NULL,NULL,NULL,NULL,NULL,NULL),('RULACT-43adaf20:179c6921191:-5f6b','RACT-43adaf20:179c6921191:-5f7b','rptis.landtax.actions.CalcInterest.rptledgeritem',NULL,NULL,'RCOND-43adaf20:179c6921191:-60f0','RLI',NULL,NULL,NULL,NULL,NULL,NULL,NULL,NULL),('RULACT-43adaf20:179c6921191:-621e','RACT-43adaf20:179c6921191:-6244','rptis.landtax.actions.CalcDiscount.expr',NULL,NULL,NULL,NULL,'0','expression',NULL,NULL,NULL,NULL,NULL,NULL),('RULACT-43adaf20:179c6921191:-6234','RACT-43adaf20:179c6921191:-6244','rptis.landtax.actions.CalcDiscount.rptledgeritem',NULL,NULL,'RCOND-43adaf20:179c6921191:-6304','RLI',NULL,NULL,NULL,NULL,NULL,NULL,NULL,NULL),('RULACT-43adaf20:179c6921191:-6640','RACT-43adaf20:179c6921191:-6666','rptis.landtax.actions.CalcDiscount.expr',NULL,NULL,NULL,NULL,'TAX * 0.10','expression',NULL,NULL,NULL,NULL,NULL,NULL),('RULACT-43adaf20:179c6921191:-6656','RACT-43adaf20:179c6921191:-6666','rptis.landtax.actions.CalcDiscount.rptledgeritem',NULL,NULL,'RCOND-43adaf20:179c6921191:-69ac','RLI',NULL,NULL,NULL,NULL,NULL,NULL,NULL,NULL),('RULACT-43adaf20:179c6921191:-6b7f','RACT-43adaf20:179c6921191:-6ba5','rptis.landtax.actions.CalcDiscount.expr',NULL,NULL,NULL,NULL,'TAX * 0.15','expression',NULL,NULL,NULL,NULL,NULL,NULL),('RULACT-43adaf20:179c6921191:-6b95','RACT-43adaf20:179c6921191:-6ba5','rptis.landtax.actions.CalcDiscount.rptledgeritem',NULL,NULL,'RCOND-43adaf20:179c6921191:-6d1e','RLI',NULL,NULL,NULL,NULL,NULL,NULL,NULL,NULL),('RULACT-43adaf20:179c6921191:-6f45','RACT-43adaf20:179c6921191:-6f6b','rptis.landtax.actions.CalcInterest.expr',NULL,NULL,NULL,NULL,'TAX * NMON * 0.02','expression',NULL,NULL,NULL,NULL,NULL,NULL),('RULACT-43adaf20:179c6921191:-6f5b','RACT-43adaf20:179c6921191:-6f6b','rptis.landtax.actions.CalcInterest.rptledgeritem',NULL,NULL,'RCOND-43adaf20:179c6921191:-7361','RLI',NULL,NULL,NULL,NULL,NULL,NULL,NULL,NULL),('RULACT-43adaf20:179c6921191:-799d','RACT-43adaf20:179c6921191:-79c3','rptis.landtax.actions.CalcInterest.expr',NULL,NULL,NULL,NULL,'@IIF(  NMON * 0.02 > 0.72,  TAX * 0.72 , NMON * 0.02 * TAX  )','expression',NULL,NULL,NULL,NULL,NULL,NULL),('RULACT-43adaf20:179c6921191:-79b3','RACT-43adaf20:179c6921191:-79c3','rptis.landtax.actions.CalcInterest.rptledgeritem',NULL,NULL,'RCOND-43adaf20:179c6921191:-7c1a','RLI',NULL,NULL,NULL,NULL,NULL,NULL,NULL,NULL),('RULACT-479f9644:17849e550ea:-b81','RACT-479f9644:17849e550ea:-ba7','rptis.land.actions.CalcAssessValue.expr',NULL,NULL,NULL,NULL,'@ROUNDTOTEN(  MV * AL / 100.0  )','expression',NULL,NULL,NULL,NULL,NULL,NULL),('RULACT-479f9644:17849e550ea:-b97','RACT-479f9644:17849e550ea:-ba7','rptis.land.actions.CalcAssessValue.landdetail',NULL,NULL,'RCOND-128a4cad:146f96a678e:-7e14','LA',NULL,NULL,NULL,NULL,NULL,NULL,NULL,NULL),('RULACT-479f9644:17849e550ea:3fb','RACT-479f9644:17849e550ea:3eb','rptis.actions.CalcTotalRPUAssessValue.rpu',NULL,NULL,'RCOND-479f9644:17849e550ea:23b','RPU',NULL,NULL,NULL,NULL,NULL,NULL,NULL,NULL),('RULACT-479f9644:17849e550ea:411','RACT-479f9644:17849e550ea:3eb','rptis.actions.CalcTotalRPUAssessValue.expr',NULL,NULL,NULL,NULL,'AV','expression',NULL,NULL,NULL,NULL,NULL,NULL),('RULACT-4fd26d3d:142fa7a65f9:-73ba','RACT-4fd26d3d:142fa7a65f9:-73bb','ACTPARAM-2889615e:142fa67fc85:-7b71',NULL,NULL,'RCOND-4fd26d3d:142fa7a65f9:-7414','BT',NULL,NULL,NULL,NULL,NULL,NULL,NULL,0),('RULACT-5cc00751:179cb731d09:-69bb','RACT-5cc00751:179cb731d09:-69c7','AddRequirement.requirementtype',NULL,NULL,NULL,NULL,NULL,NULL,NULL,'RT877154a:14db7d7d0cc:-7fd8','REQUIREMENTS',NULL,NULL,NULL),('RULACT-5cc00751:179cb731d09:-6d14','RACT-5cc00751:179cb731d09:-6d87','rptis.actions.AddDeriveVariable.expr',NULL,NULL,NULL,NULL,'AV','expression',NULL,NULL,NULL,NULL,NULL,NULL),('RULACT-5cc00751:179cb731d09:-6d3b','RACT-5cc00751:179cb731d09:-6d87','rptis.actions.AddDeriveVariable.aggregatetype',NULL,NULL,NULL,NULL,NULL,NULL,NULL,NULL,NULL,NULL,'sum',NULL),('RULACT-5cc00751:179cb731d09:-6d66','RACT-5cc00751:179cb731d09:-6d87','rptis.actions.AddDeriveVariable.var',NULL,NULL,NULL,NULL,NULL,NULL,NULL,'P51c8b9d2:173606cb1cf:-3a4e','TOTAL_AV',NULL,NULL,NULL),('RULACT-5cc00751:179cb731d09:-6f0d','RACT-5cc00751:179cb731d09:-6f19','rptis.bldg.actions.CalcAssessLevel.assessment',NULL,NULL,'RCOND1441128c:1471efa4c1c:-6c2f','BA',NULL,NULL,NULL,NULL,NULL,NULL,NULL,NULL),('RULACT-5cc00751:179cb731d09:-7029','RACT-5cc00751:179cb731d09:-704f','rptis.bldg.actions.AddAssessmentInfo.actualuseid',NULL,NULL,'RCONST1441128c:1471efa4c1c:-6d47','ACTUALUSE',NULL,NULL,NULL,NULL,NULL,NULL,NULL,NULL),('RULACT-5cc00751:179cb731d09:-703f','RACT-5cc00751:179cb731d09:-704f','rptis.bldg.actions.AddAssessmentInfo.bldguse',NULL,NULL,'RCOND1441128c:1471efa4c1c:-6d84','BU',NULL,NULL,NULL,NULL,NULL,NULL,NULL,NULL),('RULACT-5cc00751:179cb731d09:-71ff','RACT-5cc00751:179cb731d09:-7225','rptis.bldg.actions.CalcBldgUseMV.expr',NULL,NULL,NULL,NULL,'@ROUNDTOTEN( BMV + ADJ - DEP  )','expression',NULL,NULL,NULL,NULL,NULL,NULL),('RULACT-5cc00751:179cb731d09:-7215','RACT-5cc00751:179cb731d09:-7225','rptis.bldg.actions.CalcBldgUseMV.bldguse',NULL,NULL,'RCOND-2486b0ca:146fff66c3e:-2bf1','BU',NULL,NULL,NULL,NULL,NULL,NULL,NULL,NULL),('RULACT-5cc00751:179cb731d09:-732d','RACT-5cc00751:179cb731d09:-7353','rptis.bldg.actions.CalcFloorMV.expr',NULL,NULL,NULL,NULL,'@ROUND( BMV + ADJ )','expression',NULL,NULL,NULL,NULL,NULL,NULL),('RULACT-5cc00751:179cb731d09:-7343','RACT-5cc00751:179cb731d09:-7353','rptis.bldg.actions.CalcFloorMV.bldgfloor',NULL,NULL,'RCOND-2486b0ca:146fff66c3e:-3888','BF',NULL,NULL,NULL,NULL,NULL,NULL,NULL,NULL),('RULACT-5cc00751:179cb731d09:-7494','RACT-5cc00751:179cb731d09:-74ba','rptis.bldg.actions.CalcBldgUseDepreciation.expr',NULL,NULL,NULL,NULL,'@ROUND( (BMV + ADJUSTMENT) * DPRATE / 100.0  )','expression',NULL,NULL,NULL,NULL,NULL,NULL),('RULACT-5cc00751:179cb731d09:-74aa','RACT-5cc00751:179cb731d09:-74ba','rptis.bldg.actions.CalcBldgUseDepreciation.bldguse',NULL,NULL,'RCOND-2486b0ca:146fff66c3e:-3ed1','BU',NULL,NULL,NULL,NULL,NULL,NULL,NULL,NULL),('RULACT-5cc00751:179cb731d09:-772e','RACT-5cc00751:179cb731d09:-773a','rptis.bldg.actions.CalcDepreciationFromSked.bldgst',NULL,NULL,'RCOND-2486b0ca:146fff66c3e:-445d','BS',NULL,NULL,NULL,NULL,NULL,NULL,NULL,NULL),('RULACT-5cc00751:179cb731d09:-7964','RACT-5cc00751:179cb731d09:-798a','rptis.bldg.actions.CalcBldgUseBMV.expr',NULL,NULL,NULL,NULL,'@ROUND( TOTALAREA * BASEVALUE )','expression',NULL,NULL,NULL,NULL,NULL,NULL),('RULACT-5cc00751:179cb731d09:-797a','RACT-5cc00751:179cb731d09:-798a','rptis.bldg.actions.CalcBldgUseBMV.bldguse',NULL,NULL,'RCOND-60c99d04:1470b276e7f:-7dd3','BU',NULL,NULL,NULL,NULL,NULL,NULL,NULL,NULL),('RULACT-5cc00751:179cb731d09:-7b37','RACT-5cc00751:179cb731d09:-7b5d','rptis.bldg.actions.CalcFloorBMV.expr',NULL,NULL,NULL,NULL,'AREA * UV','expression',NULL,NULL,NULL,NULL,NULL,NULL),('RULACT-5cc00751:179cb731d09:-7b4d','RACT-5cc00751:179cb731d09:-7b5d','rptis.bldg.actions.CalcFloorBMV.bldgfloor',NULL,NULL,'RCOND-2486b0ca:146fff66c3e:-6aad','BF',NULL,NULL,NULL,NULL,NULL,NULL,NULL,NULL),('RULACT-5cc00751:179cb731d09:-7d1c','RACT-5cc00751:179cb731d09:-7d42','rptis.bldg.actions.CalcBldgAge.expr',NULL,NULL,NULL,NULL,'YRAPPRAISED - YRCOMPLETED','expression',NULL,NULL,NULL,NULL,NULL,NULL),('RULACT-5cc00751:179cb731d09:-7d32','RACT-5cc00751:179cb731d09:-7d42','rptis.bldg.actions.CalcBldgAge.rpu',NULL,NULL,'RCOND-103fed47:146ffb40356:-7d40','RPU',NULL,NULL,NULL,NULL,NULL,NULL,NULL,NULL),('RULACT-60c99d04:1470b276e7f:-7a50','RACT-60c99d04:1470b276e7f:-7a52','ACTPARAM-60c99d04:1470b276e7f:-7c0e',NULL,NULL,NULL,NULL,'@ROUND( BUAREA * BASEVALUE  )','expression',NULL,NULL,NULL,NULL,NULL,NULL),('RULACT-60c99d04:1470b276e7f:-7a51','RACT-60c99d04:1470b276e7f:-7a52','ACTPARAM-60c99d04:1470b276e7f:-7c15',NULL,NULL,'RCOND-60c99d04:1470b276e7f:-7dd3','BU',NULL,NULL,NULL,NULL,NULL,NULL,NULL,NULL),('RULACT-68ca73a4:142c149a9bf:-7c41','RACT-68ca73a4:142c149a9bf:-7c44','ACTPARAM7c61bd6d:1423fce917f:-7e73',NULL,NULL,NULL,NULL,NULL,NULL,NULL,NULL,NULL,NULL,NULL,0),('RULACT-68ca73a4:142c149a9bf:-7c42','RACT-68ca73a4:142c149a9bf:-7c44','ACTPARAM367174cc:141a62bd0d8:18c4',NULL,NULL,NULL,NULL,NULL,NULL,NULL,'NUM_EMPLOYEE_MALE','NUM_EMPLOYEE_MALE',NULL,NULL,0),('RULACT-68ca73a4:142c149a9bf:-7c43','RACT-68ca73a4:142c149a9bf:-7c44','ACTPARAM-42dc4039:141afcf5119:-7e59',NULL,NULL,NULL,NULL,NULL,NULL,NULL,NULL,NULL,NULL,NULL,0),('RULACT-68ca73a4:142c149a9bf:-7c63','RACT-68ca73a4:142c149a9bf:-7c66','ACTPARAM7c61bd6d:1423fce917f:-7e73',NULL,NULL,NULL,NULL,NULL,NULL,NULL,NULL,NULL,NULL,NULL,0),('RULACT-68ca73a4:142c149a9bf:-7c64','RACT-68ca73a4:142c149a9bf:-7c66','ACTPARAM367174cc:141a62bd0d8:18c4',NULL,NULL,NULL,NULL,NULL,NULL,NULL,'NUM_EMPLOYEE_FEMALE','NUM_EMPLOYEE_FEMALE',NULL,NULL,0),('RULACT-68ca73a4:142c149a9bf:-7c65','RACT-68ca73a4:142c149a9bf:-7c66','ACTPARAM-42dc4039:141afcf5119:-7e59',NULL,NULL,NULL,NULL,NULL,NULL,NULL,NULL,NULL,NULL,NULL,0),('RULACT-68ca73a4:142c149a9bf:-7c85','RACT-68ca73a4:142c149a9bf:-7c88','ACTPARAM7c61bd6d:1423fce917f:-7e73',NULL,NULL,NULL,NULL,NULL,NULL,NULL,NULL,NULL,NULL,NULL,0),('RULACT-68ca73a4:142c149a9bf:-7c86','RACT-68ca73a4:142c149a9bf:-7c88','ACTPARAM367174cc:141a62bd0d8:18c4',NULL,NULL,NULL,NULL,NULL,NULL,NULL,'NUM_EMPLOYEE_RESIDENT','NUM_EMPLOYEE_RESIDENT',NULL,NULL,0),('RULACT-68ca73a4:142c149a9bf:-7c87','RACT-68ca73a4:142c149a9bf:-7c88','ACTPARAM-42dc4039:141afcf5119:-7e59',NULL,NULL,NULL,NULL,NULL,NULL,NULL,NULL,NULL,NULL,NULL,0),('RULACT-6c640ca5:1469912956a:-7c13','RACT-6c640ca5:1469912956a:-7c16','ACTPARAM7c61bd6d:1423fce917f:-7e73','0',NULL,NULL,NULL,NULL,NULL,NULL,NULL,NULL,NULL,NULL,0),('RULACT-6c640ca5:1469912956a:-7c14','RACT-6c640ca5:1469912956a:-7c16','ACTPARAM367174cc:141a62bd0d8:18c4',NULL,NULL,NULL,NULL,NULL,NULL,NULL,'DECLARED_CAPITAL','DECLARED_CAPITAL',NULL,NULL,0),('RULACT-6c640ca5:1469912956a:-7c15','RACT-6c640ca5:1469912956a:-7c16','ACTPARAM-42dc4039:141afcf5119:-7e59',NULL,NULL,'RCOND-6c640ca5:1469912956a:-7d0f','LOB',NULL,NULL,NULL,NULL,NULL,NULL,NULL,0),('RULACT-71e6d72c:14a19179a22:-6282','RACT-71e6d72c:14a19179a22:-6285','ACTPARAM42da3868:148356b8ecf:-6e77',NULL,NULL,NULL,NULL,NULL,NULL,NULL,'ITMACCT4671f400:15797d930db:-65e6','INTEREST FOR BUSINESS',NULL,NULL,0),('RULACT-71e6d72c:14a19179a22:-6283','RACT-71e6d72c:14a19179a22:-6285','ACTPARAM-66879e9a:1422b236b58:-7b40',NULL,NULL,NULL,NULL,'double d = 0.02 * (@MONTHDIFF( BEGINQTRDATE , BILLDATE ) + 1); return (AMTDUE + SURCHRG) * @IIF( d > 0.72 ,0.72 , d );','expression',NULL,NULL,NULL,NULL,NULL,0),('RULACT-71e6d72c:14a19179a22:-6284','RACT-71e6d72c:14a19179a22:-6285','ACTPARAM-66879e9a:1422b236b58:-7b47',NULL,NULL,'RCOND-3dc4dd90:14451e4a9d5:-6e9e','BT',NULL,NULL,NULL,NULL,NULL,NULL,NULL,0),('RULACT-71e6d72c:14a19179a22:-6694','RACT-71e6d72c:14a19179a22:-6697','ACTPARAM42da3868:148356b8ecf:-6e97',NULL,NULL,NULL,NULL,NULL,NULL,NULL,'ITMACCT-15d1e7ac:175ca23b778:-79ba','SURCHARGE FOR BUSINESS',NULL,NULL,0),('RULACT-71e6d72c:14a19179a22:-6695','RACT-71e6d72c:14a19179a22:-6697','ACTPARAM7ee0ab5e:141b6a15885:-7f4c',NULL,NULL,NULL,NULL,'AMT * 0.25','expression',NULL,NULL,NULL,NULL,NULL,0),('RULACT-71e6d72c:14a19179a22:-6696','RACT-71e6d72c:14a19179a22:-6697','ACTPARAM-66879e9a:1422b236b58:-7ca9',NULL,NULL,'RCOND-4fd26d3d:142fa7a65f9:-7124','BT',NULL,NULL,NULL,NULL,NULL,NULL,NULL,0),('RULACT-762e9176:15d067a9c42:-58a4','RACT-762e9176:15d067a9c42:-58a6','rptis.actions.CalcTotalRPUAssessValue.expr',NULL,NULL,NULL,NULL,'@ROUNDTOTEN( TOTALAV)','expression',NULL,NULL,NULL,NULL,NULL,NULL),('RULACT-762e9176:15d067a9c42:-58a5','RACT-762e9176:15d067a9c42:-58a6','rptis.actions.CalcTotalRPUAssessValue.rpu',NULL,NULL,'RCOND-762e9176:15d067a9c42:-5928','RPU',NULL,NULL,NULL,NULL,NULL,NULL,NULL,NULL),('RULACT-762e9176:15d067a9c42:-5b1e','RACT-762e9176:15d067a9c42:-5b22','rptis.actions.AddDeriveVar.expr',NULL,NULL,NULL,NULL,'AV','expression',NULL,NULL,NULL,NULL,NULL,NULL),('RULACT-762e9176:15d067a9c42:-5b1f','RACT-762e9176:15d067a9c42:-5b22','rptis.actions.AddDeriveVar.aggregatetype',NULL,NULL,NULL,NULL,NULL,NULL,NULL,NULL,NULL,NULL,'sum',NULL),('RULACT-762e9176:15d067a9c42:-5b20','RACT-762e9176:15d067a9c42:-5b22','rptis.actions.AddDeriveVar.var',NULL,NULL,NULL,NULL,NULL,NULL,NULL,'P51c8b9d2:173606cb1cf:-3a4e','TOTAL_AV',NULL,NULL,NULL),('RULACT-762e9176:15d067a9c42:-5b21','RACT-762e9176:15d067a9c42:-5b22','rptis.actions.AddDeriveVar.refid',NULL,NULL,'RCONST-762e9176:15d067a9c42:-5d1b','RPUID',NULL,NULL,NULL,NULL,NULL,NULL,NULL,NULL),('RULACT-79a9a347:15cfcae84de:-5e18','RACT-79a9a347:15cfcae84de:-5e1c','ACTPARAM1b4af871:14e3cc46e09:-33b8',NULL,NULL,NULL,NULL,'AV','expression',NULL,NULL,NULL,NULL,NULL,NULL),('RULACT-79a9a347:15cfcae84de:-5e19','RACT-79a9a347:15cfcae84de:-5e1c','ACTPARAM1b4af871:14e3cc46e09:-341d',NULL,NULL,NULL,NULL,NULL,NULL,NULL,NULL,NULL,NULL,'sum',NULL),('RULACT-79a9a347:15cfcae84de:-5e1a','RACT-79a9a347:15cfcae84de:-5e1c','ACTPARAM1b4af871:14e3cc46e09:-342a',NULL,NULL,NULL,NULL,NULL,NULL,NULL,'P-79a9a347:15cfcae84de:-5edb','TOTAL_AV',NULL,NULL,NULL),('RULACT-79a9a347:15cfcae84de:-5e1b','RACT-79a9a347:15cfcae84de:-5e1c','ACTPARAM1b4af871:14e3cc46e09:-343a',NULL,NULL,'RCONST-79a9a347:15cfcae84de:-61bf','RPUID',NULL,NULL,NULL,NULL,NULL,NULL,NULL,NULL),('RULACT-79a9a347:15cfcae84de:-6d84','RACT-79a9a347:15cfcae84de:-6d86','rptis.actions.CalcTotalRPUAssessValue.expr',NULL,NULL,NULL,NULL,'@ROUNDTOTEN(AV );','expression',NULL,NULL,NULL,NULL,NULL,NULL),('RULACT-79a9a347:15cfcae84de:-6d85','RACT-79a9a347:15cfcae84de:-6d86','rptis.actions.CalcTotalRPUAssessValue.rpu',NULL,NULL,'RCOND-79a9a347:15cfcae84de:-6ebc','RPU',NULL,NULL,NULL,NULL,NULL,NULL,NULL,NULL),('RULACT-79a9a347:15cfcae84de:514f','RACT-79a9a347:15cfcae84de:514e','rptis.actions.AddDeriveVar.refid',NULL,NULL,'RCONST-79a9a347:15cfcae84de:50f0','RPUID',NULL,NULL,NULL,NULL,NULL,NULL,NULL,NULL),('RULACT-79a9a347:15cfcae84de:5150','RACT-79a9a347:15cfcae84de:514e','rptis.actions.AddDeriveVar.var',NULL,NULL,NULL,NULL,NULL,NULL,NULL,'P51c8b9d2:173606cb1cf:-3a4e','TOTAL_AV',NULL,NULL,NULL),('RULACT-79a9a347:15cfcae84de:5151','RACT-79a9a347:15cfcae84de:514e','rptis.actions.AddDeriveVar.aggregatetype',NULL,NULL,NULL,NULL,NULL,NULL,NULL,NULL,NULL,NULL,'sum',NULL),('RULACT-79a9a347:15cfcae84de:5152','RACT-79a9a347:15cfcae84de:514e','rptis.actions.AddDeriveVar.expr',NULL,NULL,NULL,NULL,'AV','expression',NULL,NULL,NULL,NULL,NULL,NULL),('RULACT-79a9a347:15cfcae84de:56d8','RACT-79a9a347:15cfcae84de:56d7','rptis.actions.CalcTotalRPUAssessValue.rpu',NULL,NULL,'RCOND-79a9a347:15cfcae84de:553c','RPU',NULL,NULL,NULL,NULL,NULL,NULL,NULL,NULL),('RULACT-79a9a347:15cfcae84de:56d9','RACT-79a9a347:15cfcae84de:56d7','rptis.actions.CalcTotalRPUAssessValue.expr',NULL,NULL,NULL,NULL,'@ROUNDTOTEN(TOTALAV)','expression',NULL,NULL,NULL,NULL,NULL,NULL),('RULACT-7ba78dc5:161bc7e25d9:-5e44','RACT-7ba78dc5:161bc7e25d9:-5e47','ACTPARAM-40a13e7c:14687914ed7:-7f4a',NULL,NULL,NULL,NULL,NULL,NULL,NULL,NULL,NULL,NULL,'APPLICATION',0),('RULACT-7ba78dc5:161bc7e25d9:-5e45','RACT-7ba78dc5:161bc7e25d9:-5e47','ACTPARAM-4a532d76:141ff563063:-7edf',NULL,NULL,NULL,NULL,NULL,NULL,NULL,NULL,NULL,NULL,'info',0),('RULACT-7ba78dc5:161bc7e25d9:-5e46','RACT-7ba78dc5:161bc7e25d9:-5e47','ACTPARAM-4a532d76:141ff563063:-7eec',NULL,NULL,NULL,NULL,NULL,NULL,NULL,'CTC','COMMUNITY TAX CERTIFICATE',NULL,NULL,0),('RULACT1441128c:1471efa4c1c:-68bb','RACT1441128c:1471efa4c1c:-68bd','ACTPARAM1441128c:1471efa4c1c:-6969',NULL,NULL,NULL,NULL,'@ROUNDTOTEN(  MV * AL  / 100.0 )','expression',NULL,NULL,NULL,NULL,NULL,0),('RULACT1441128c:1471efa4c1c:-68bc','RACT1441128c:1471efa4c1c:-68bd','ACTPARAM1441128c:1471efa4c1c:-698e',NULL,NULL,'RCOND1441128c:1471efa4c1c:-6add','BA',NULL,NULL,NULL,NULL,NULL,NULL,NULL,0),('RULACT1441128c:1471efa4c1c:-6b96','RACT1441128c:1471efa4c1c:-6b97','ACTPARAM-39192c48:1471ebc2797:-7da1',NULL,NULL,'RCOND1441128c:1471efa4c1c:-6c2f','BA',NULL,NULL,NULL,NULL,NULL,NULL,NULL,NULL),('RULACT1441128c:1471efa4c1c:-6ce5','RACT1441128c:1471efa4c1c:-6ce7','ACTPARAM-39192c48:1471ebc2797:-7dd8',NULL,NULL,'RCONST1441128c:1471efa4c1c:-6d47','ACTUALUSE',NULL,NULL,NULL,NULL,NULL,NULL,NULL,NULL),('RULACT1441128c:1471efa4c1c:-6ce6','RACT1441128c:1471efa4c1c:-6ce7','ACTPARAM-39192c48:1471ebc2797:-7de1',NULL,NULL,'RCOND1441128c:1471efa4c1c:-6d84','BU',NULL,NULL,NULL,NULL,NULL,NULL,NULL,NULL),('RULACT1dc7a3de:142b70df9f8:-7ebe','RACT1dc7a3de:142b70df9f8:-7ec1','ACTPARAM-67ecfd73:141f2b84ce7:-79b7',NULL,NULL,NULL,NULL,'NUM_EMPLOYEE_FEMALE + NUM_EMPLOYEE_MALE','expression',NULL,NULL,NULL,NULL,NULL,0),('RULACT1dc7a3de:142b70df9f8:-7ebf','RACT1dc7a3de:142b70df9f8:-7ec1','ACTPARAM-67ecfd73:141f2b84ce7:-7a33',NULL,NULL,NULL,NULL,NULL,NULL,NULL,'NUM_EMPLOYEE','NUM_EMPLOYEE',NULL,NULL,0),('RULACT1dc7a3de:142b70df9f8:-7ec0','RACT1dc7a3de:142b70df9f8:-7ec1','ACTPARAM-67ecfd73:141f2b84ce7:-7b4c',NULL,NULL,NULL,NULL,NULL,NULL,NULL,NULL,NULL,NULL,NULL,0),('RULACT2dcfe11d:16222c9a236:-7d3a','RACT2dcfe11d:16222c9a236:-7d3d','ACTPARAM-40a13e7c:14687914ed7:-7f4a',NULL,NULL,NULL,NULL,NULL,NULL,NULL,NULL,NULL,NULL,'APPLICATION',0),('RULACT2dcfe11d:16222c9a236:-7d3b','RACT2dcfe11d:16222c9a236:-7d3d','ACTPARAM-4a532d76:141ff563063:-7edf',NULL,NULL,NULL,NULL,NULL,NULL,NULL,NULL,NULL,NULL,'info',0),('RULACT2dcfe11d:16222c9a236:-7d3c','RACT2dcfe11d:16222c9a236:-7d3d','ACTPARAM-4a532d76:141ff563063:-7eec',NULL,NULL,NULL,NULL,NULL,NULL,NULL,'TIN','TAX IDENTIFICATION NUMBER',NULL,NULL,0),('RULACT35d5ad64:142c5cb42d2:-7f19','RACT35d5ad64:142c5cb42d2:-7f1c','ACTPARAM7c61bd6d:1423fce917f:-7e73',NULL,NULL,NULL,NULL,NULL,NULL,NULL,NULL,NULL,NULL,NULL,0),('RULACT35d5ad64:142c5cb42d2:-7f1a','RACT35d5ad64:142c5cb42d2:-7f1c','ACTPARAM367174cc:141a62bd0d8:18c4',NULL,NULL,NULL,NULL,NULL,NULL,NULL,'AREA_SQM','AREA_SQM',NULL,NULL,0),('RULACT35d5ad64:142c5cb42d2:-7f1b','RACT35d5ad64:142c5cb42d2:-7f1c','ACTPARAM-42dc4039:141afcf5119:-7e59',NULL,NULL,NULL,NULL,NULL,NULL,NULL,NULL,NULL,NULL,NULL,0),('RULACT43b92fb:14d8589b7da:-5862','RACT43b92fb:14d8589b7da:-5865','ACTPARAM7c61bd6d:1423fce917f:-7e73','0',NULL,NULL,NULL,NULL,NULL,NULL,NULL,NULL,NULL,NULL,0),('RULACT43b92fb:14d8589b7da:-5863','RACT43b92fb:14d8589b7da:-5865','ACTPARAM367174cc:141a62bd0d8:18c4',NULL,NULL,NULL,NULL,NULL,NULL,NULL,'WT_MORE_THAN_3000KG','WT_MORE_THAN_3000KG',NULL,NULL,0),('RULACT43b92fb:14d8589b7da:-5864','RACT43b92fb:14d8589b7da:-5865','ACTPARAM-42dc4039:141afcf5119:-7e59',NULL,NULL,'RCOND43b92fb:14d8589b7da:-59f3','LOB',NULL,NULL,NULL,NULL,NULL,NULL,NULL,0),('RULACT43b92fb:14d8589b7da:-58b2','RACT43b92fb:14d8589b7da:-58b5','ACTPARAM7c61bd6d:1423fce917f:-7e73','0',NULL,NULL,NULL,NULL,NULL,NULL,NULL,NULL,NULL,NULL,0),('RULACT43b92fb:14d8589b7da:-58b3','RACT43b92fb:14d8589b7da:-58b5','ACTPARAM367174cc:141a62bd0d8:18c4',NULL,NULL,NULL,NULL,NULL,NULL,NULL,'WT_MORE_THAN_300KG_LESS_THAN_3000KG','WT_MORE_THAN_300KG_LESS_THAN_3000KG',NULL,NULL,0),('RULACT43b92fb:14d8589b7da:-58b4','RACT43b92fb:14d8589b7da:-58b5','ACTPARAM-42dc4039:141afcf5119:-7e59',NULL,NULL,'RCOND43b92fb:14d8589b7da:-59f3','LOB',NULL,NULL,NULL,NULL,NULL,NULL,NULL,0),('RULACT43b92fb:14d8589b7da:-5902','RACT43b92fb:14d8589b7da:-5905','ACTPARAM7c61bd6d:1423fce917f:-7e73','0',NULL,NULL,NULL,NULL,NULL,NULL,NULL,NULL,NULL,NULL,0),('RULACT43b92fb:14d8589b7da:-5903','RACT43b92fb:14d8589b7da:-5905','ACTPARAM367174cc:141a62bd0d8:18c4',NULL,NULL,NULL,NULL,NULL,NULL,NULL,'WT_MORE_THAN_30KG_LESS_THAN_300KG','WT_MORE_THAN_30KG_LESS_THAN_300KG',NULL,NULL,0),('RULACT43b92fb:14d8589b7da:-5904','RACT43b92fb:14d8589b7da:-5905','ACTPARAM-42dc4039:141afcf5119:-7e59',NULL,NULL,'RCOND43b92fb:14d8589b7da:-59f3','LOB',NULL,NULL,NULL,NULL,NULL,NULL,NULL,0),('RULACT43b92fb:14d8589b7da:-5952','RACT43b92fb:14d8589b7da:-5955','ACTPARAM7c61bd6d:1423fce917f:-7e73','0',NULL,NULL,NULL,NULL,NULL,NULL,NULL,NULL,NULL,NULL,0),('RULACT43b92fb:14d8589b7da:-5953','RACT43b92fb:14d8589b7da:-5955','ACTPARAM367174cc:141a62bd0d8:18c4',NULL,NULL,NULL,NULL,NULL,NULL,NULL,'WT_CAPACITY_NOT_MORE_THAN_30KG','WT CAPACITY NOT MORE THAN 30KG',NULL,NULL,0),('RULACT43b92fb:14d8589b7da:-5954','RACT43b92fb:14d8589b7da:-5955','ACTPARAM-42dc4039:141afcf5119:-7e59',NULL,NULL,'RCOND43b92fb:14d8589b7da:-59f3','LOB',NULL,NULL,NULL,NULL,NULL,NULL,NULL,0),('RULACT43b92fb:14d8589b7da:-5afb','RACT43b92fb:14d8589b7da:-5afe','ACTPARAM7c61bd6d:1423fce917f:-7e73','false',NULL,NULL,NULL,NULL,NULL,NULL,NULL,NULL,NULL,NULL,0),('RULACT43b92fb:14d8589b7da:-5afc','RACT43b92fb:14d8589b7da:-5afe','ACTPARAM367174cc:141a62bd0d8:18c4',NULL,NULL,NULL,NULL,NULL,NULL,NULL,'HAS_WEIGHT_AND_MEASURE','HAS_WEIGHT_AND_MEASURE',NULL,NULL,0),('RULACT43b92fb:14d8589b7da:-5afd','RACT43b92fb:14d8589b7da:-5afe','ACTPARAM-42dc4039:141afcf5119:-7e59',NULL,NULL,'RCOND43b92fb:14d8589b7da:-5c46','LOB',NULL,NULL,NULL,NULL,NULL,NULL,NULL,0),('RULACT43b92fb:14d8589b7da:-620a','RACT43b92fb:14d8589b7da:-620b','ACTPARAM33e8cb24:1423c4b40b2:-7e2a',NULL,NULL,'RCOND43b92fb:14d8589b7da:-62ad','BT',NULL,NULL,NULL,NULL,NULL,NULL,NULL,0),('RULACT43b92fb:14d8589b7da:-6612','RACT43b92fb:14d8589b7da:-6614','ACTPARAM-738e3cc6:14459101d11:-6afb',NULL,NULL,NULL,NULL,NULL,NULL,NULL,'ITMACCT397c6a5a:158e2330e8f:-7dcd','BUSINESS TAX - FINANCIAL',NULL,NULL,0),('RULACT43b92fb:14d8589b7da:-6613','RACT43b92fb:14d8589b7da:-6614','ACTPARAM-738e3cc6:14459101d11:-6b02',NULL,NULL,'RCOND43b92fb:14d8589b7da:-66ba','BT',NULL,NULL,NULL,NULL,NULL,NULL,NULL,0),('RULACT43b92fb:14d8589b7da:-67bb','RACT43b92fb:14d8589b7da:-67bd','ACTPARAM-738e3cc6:14459101d11:-6afb',NULL,NULL,NULL,NULL,NULL,NULL,NULL,'ITMACCT397c6a5a:158e2330e8f:-7d3c','BUSINESS TAX CONTRACTOR',NULL,NULL,0),('RULACT43b92fb:14d8589b7da:-67bc','RACT43b92fb:14d8589b7da:-67bd','ACTPARAM-738e3cc6:14459101d11:-6b02',NULL,NULL,'RCOND43b92fb:14d8589b7da:-6863','BT',NULL,NULL,NULL,NULL,NULL,NULL,NULL,0),('RULACT43b92fb:14d8589b7da:-695c','RACT43b92fb:14d8589b7da:-695e','ACTPARAM-738e3cc6:14459101d11:-6afb',NULL,NULL,NULL,NULL,NULL,NULL,NULL,'ITMACCT397c6a5a:158e2330e8f:-7df6','BUSINESS TAX - RETAILER',NULL,NULL,0),('RULACT43b92fb:14d8589b7da:-695d','RACT43b92fb:14d8589b7da:-695e','ACTPARAM-738e3cc6:14459101d11:-6b02',NULL,NULL,'RCOND43b92fb:14d8589b7da:-6a04','BT',NULL,NULL,NULL,NULL,NULL,NULL,NULL,0),('RULACT43b92fb:14d8589b7da:-6af7','RACT43b92fb:14d8589b7da:-6af9','ACTPARAM-738e3cc6:14459101d11:-6afb',NULL,NULL,NULL,NULL,NULL,NULL,NULL,'ITMACCT-37559040:15d820b3bd1:-5b5c','BUSINESS TAX - WHOLESALERS,DISTRIBUTORS',NULL,NULL,0),('RULACT43b92fb:14d8589b7da:-6af8','RACT43b92fb:14d8589b7da:-6af9','ACTPARAM-738e3cc6:14459101d11:-6b02',NULL,NULL,'RCOND43b92fb:14d8589b7da:-6b9f','BT',NULL,NULL,NULL,NULL,NULL,NULL,NULL,0),('RULACT43b92fb:14d8589b7da:-6cfb','RACT43b92fb:14d8589b7da:-6cfd','ACTPARAM-738e3cc6:14459101d11:-6afb',NULL,NULL,NULL,NULL,NULL,NULL,NULL,'ITMACCT397c6a5a:158e2330e8f:-7e20','BUSINESS TAX - MANUFACTURER',NULL,NULL,0),('RULACT43b92fb:14d8589b7da:-6cfc','RACT43b92fb:14d8589b7da:-6cfd','ACTPARAM-738e3cc6:14459101d11:-6b02',NULL,NULL,'RCOND43b92fb:14d8589b7da:-6da6','BT',NULL,NULL,NULL,NULL,NULL,NULL,NULL,0),('RULACT43b92fb:14d8589b7da:-70c2','RACT43b92fb:14d8589b7da:-70c5','ACTPARAM14a6f1c4:1419beaa022:-7fcf',NULL,NULL,'RCONST43b92fb:14d8589b7da:-7124','GROSS','<table border=\"1\" cellpadding=\"1\" cellspacing=\"0\">\n    <tr>\n        <td colspan=\"3\">Use Variable: GROSS</td>\n    </tr>\n    <tr>\n        <th>Greater than or equal to</th>\n        <th>Less than</th>\n        <th>Formula</th>\n    </tr>\n    \n        <tr>\n            <td></td>\n            <td>400000.00</td>\n            <td>GROSS * 0.026</td>\n        </tr>\n    \n        <tr>\n            <td>400000.00</td>\n            <td></td>\n            <td>10400 + ((GROSS - 400000) * 0.013)</td>\n        </tr>\n    \n</table>','range',NULL,NULL,NULL,'[[to:400000.00,from:0,value:\"GROSS * 0.026\"],[to:null,value:\"10400 + ((GROSS - 400000) * 0.013)\",from:400000.00]]',NULL,0),('RULACT43b92fb:14d8589b7da:-70c3','RACT43b92fb:14d8589b7da:-70c5','ACTPARAM-42dc4039:141afcf5119:-7fc4',NULL,NULL,NULL,NULL,NULL,NULL,NULL,'ITMACCT-418ba86:157923606da:-5fec','BUSINESS TAX',NULL,NULL,0),('RULACT43b92fb:14d8589b7da:-70c4','RACT43b92fb:14d8589b7da:-70c5','ACTPARAM-70cdc17d:141ab4f4c27:-7ebb',NULL,NULL,'RCOND43b92fb:14d8589b7da:-71c7','LOB',NULL,NULL,NULL,NULL,NULL,NULL,NULL,0),('RULACT43b92fb:14d8589b7da:-7270','RACT43b92fb:14d8589b7da:-7272','ACTPARAM72bb01b1:141b1fdca80:-7d98',NULL,NULL,NULL,NULL,'AMT * 0.50','expression',NULL,NULL,NULL,NULL,NULL,0),('RULACT43b92fb:14d8589b7da:-7271','RACT43b92fb:14d8589b7da:-7272','ACTPARAM-3f19ce39:141ff0de421:-7e8a',NULL,NULL,'RCOND43b92fb:14d8589b7da:-7444','BT',NULL,NULL,NULL,NULL,NULL,NULL,NULL,0),('RULACT43b92fb:14d8589b7da:-7caa','RACT43b92fb:14d8589b7da:-7cad','ACTPARAM14a6f1c4:1419beaa022:-7fcf',NULL,NULL,NULL,NULL,'CAPITAL * 0.60 * 0.01 ','expression',NULL,NULL,NULL,NULL,NULL,0),('RULACT43b92fb:14d8589b7da:-7cab','RACT43b92fb:14d8589b7da:-7cad','ACTPARAM-42dc4039:141afcf5119:-7fc4',NULL,NULL,NULL,NULL,NULL,NULL,NULL,'ITMACCT-418ba86:157923606da:-5fec','BUSINESS TAX',NULL,NULL,0),('RULACT43b92fb:14d8589b7da:-7cac','RACT43b92fb:14d8589b7da:-7cad','ACTPARAM-70cdc17d:141ab4f4c27:-7ebb',NULL,NULL,'RCOND43b92fb:14d8589b7da:-7df5','LOB',NULL,NULL,NULL,NULL,NULL,NULL,NULL,0),('RULACT49fb6db4:149c7eeb0ca:-54f3','RACT49fb6db4:149c7eeb0ca:-54f6','ACTPARAM-40a13e7c:14687914ed7:-7f4a',NULL,NULL,NULL,NULL,NULL,NULL,NULL,NULL,NULL,NULL,'BUSINESS',0),('RULACT49fb6db4:149c7eeb0ca:-54f4','RACT49fb6db4:149c7eeb0ca:-54f6','ACTPARAM-4a532d76:141ff563063:-7edf',NULL,NULL,NULL,NULL,NULL,NULL,NULL,NULL,NULL,NULL,NULL,0),('RULACT49fb6db4:149c7eeb0ca:-54f5','RACT49fb6db4:149c7eeb0ca:-54f6','ACTPARAM-4a532d76:141ff563063:-7eec',NULL,NULL,NULL,NULL,NULL,NULL,NULL,'SEC','SECURITY AND EXCHANGE COMMISION',NULL,NULL,0),('RULACT49fb6db4:149c7eeb0ca:-56ca','RACT49fb6db4:149c7eeb0ca:-56cd','ACTPARAM-40a13e7c:14687914ed7:-7f4a',NULL,NULL,NULL,NULL,NULL,NULL,NULL,NULL,NULL,NULL,'BUSINESS',0),('RULACT49fb6db4:149c7eeb0ca:-56cb','RACT49fb6db4:149c7eeb0ca:-56cd','ACTPARAM-4a532d76:141ff563063:-7edf',NULL,NULL,NULL,NULL,NULL,NULL,NULL,NULL,NULL,NULL,NULL,0),('RULACT49fb6db4:149c7eeb0ca:-56cc','RACT49fb6db4:149c7eeb0ca:-56cd','ACTPARAM-4a532d76:141ff563063:-7eec',NULL,NULL,NULL,NULL,NULL,NULL,NULL,'DTI','DEPARTMENT OF TRADE & INDUSTRY',NULL,NULL,0),('RULACT49fb6db4:149c7eeb0ca:-57f4','RACT49fb6db4:149c7eeb0ca:-57f7','ACTPARAM-40a13e7c:14687914ed7:-7f4a',NULL,NULL,NULL,NULL,NULL,NULL,NULL,NULL,NULL,NULL,'BUSINESS',0),('RULACT49fb6db4:149c7eeb0ca:-57f5','RACT49fb6db4:149c7eeb0ca:-57f7','ACTPARAM-4a532d76:141ff563063:-7edf',NULL,NULL,NULL,NULL,NULL,NULL,NULL,NULL,NULL,NULL,NULL,0),('RULACT49fb6db4:149c7eeb0ca:-57f6','RACT49fb6db4:149c7eeb0ca:-57f7','ACTPARAM-4a532d76:141ff563063:-7eec',NULL,NULL,NULL,NULL,NULL,NULL,NULL,'CDA','CDA',NULL,NULL,0),('RULACT4dd7c374:14eeb630b14:-7d28','RACT4dd7c374:14eeb630b14:-7d2b','ACTPARAM-40a13e7c:14687914ed7:-7f4a',NULL,NULL,NULL,NULL,NULL,NULL,NULL,NULL,NULL,NULL,'APPLICATION',0),('RULACT4dd7c374:14eeb630b14:-7d29','RACT4dd7c374:14eeb630b14:-7d2b','ACTPARAM-4a532d76:141ff563063:-7edf',NULL,NULL,NULL,NULL,NULL,NULL,NULL,NULL,NULL,NULL,NULL,0),('RULACT4dd7c374:14eeb630b14:-7d2a','RACT4dd7c374:14eeb630b14:-7d2b','ACTPARAM-4a532d76:141ff563063:-7eec',NULL,NULL,NULL,NULL,NULL,NULL,NULL,'ZC','ZONING CLEARANCE',NULL,NULL,0),('RULACT4dd7c374:14eeb630b14:-7d6f','RACT4dd7c374:14eeb630b14:-7d72','ACTPARAM-40a13e7c:14687914ed7:-7f4a',NULL,NULL,NULL,NULL,NULL,NULL,NULL,NULL,NULL,NULL,'APPLICATION',0),('RULACT4dd7c374:14eeb630b14:-7d70','RACT4dd7c374:14eeb630b14:-7d72','ACTPARAM-4a532d76:141ff563063:-7edf',NULL,NULL,NULL,NULL,NULL,NULL,NULL,NULL,NULL,NULL,NULL,0),('RULACT4dd7c374:14eeb630b14:-7d71','RACT4dd7c374:14eeb630b14:-7d72','ACTPARAM-4a532d76:141ff563063:-7eec',NULL,NULL,NULL,NULL,NULL,NULL,NULL,'SP','SANITARY PERMIT',NULL,NULL,0),('RULACT4dd7c374:14eeb630b14:-7dfe','RACT4dd7c374:14eeb630b14:-7e01','ACTPARAM-40a13e7c:14687914ed7:-7f4a',NULL,NULL,NULL,NULL,NULL,NULL,NULL,NULL,NULL,NULL,'APPLICATION',0),('RULACT4dd7c374:14eeb630b14:-7dff','RACT4dd7c374:14eeb630b14:-7e01','ACTPARAM-4a532d76:141ff563063:-7edf',NULL,NULL,NULL,NULL,NULL,NULL,NULL,NULL,NULL,NULL,NULL,0),('RULACT4dd7c374:14eeb630b14:-7e00','RACT4dd7c374:14eeb630b14:-7e01','ACTPARAM-4a532d76:141ff563063:-7eec',NULL,NULL,NULL,NULL,NULL,NULL,NULL,'OP','OCCUPANCY PERMIT',NULL,NULL,0),('RULACT5b4ac915:147baaa06b4:-6be7','RACT5b4ac915:147baaa06b4:-6be9','rptis.land.actions.AddAssessmentInfo.classificatio',NULL,NULL,'RCONST5b4ac915:147baaa06b4:-6d59','CLASS',NULL,NULL,NULL,NULL,NULL,NULL,NULL,NULL),('RULACT5b4ac915:147baaa06b4:-6be8','RACT5b4ac915:147baaa06b4:-6be9','rptis.land.actions.AddAssessmentInfo.landdetail',NULL,NULL,'RCOND5b4ac915:147baaa06b4:-6da4','LA',NULL,NULL,NULL,NULL,NULL,NULL,NULL,NULL),('RULACT5bc4ec91:14b5e07aca6:-6343','RACT5bc4ec91:14b5e07aca6:-6344','ACTPARAM-7438e141:1481e925549:-7fac',NULL,NULL,NULL,NULL,'if( BILLDATE <= DUEDATE )      return DUEDATE; else	    return @MONTHEND(  BILLDATE  );','expression',NULL,NULL,NULL,NULL,NULL,0),('RULACT5be4b64d:14d8574f264:-7d16','RACT5be4b64d:14d8574f264:-7d19','ACTPARAM7c61bd6d:1423fce917f:-7e73',NULL,NULL,NULL,NULL,NULL,NULL,NULL,NULL,NULL,NULL,NULL,0),('RULACT5be4b64d:14d8574f264:-7d17','RACT5be4b64d:14d8574f264:-7d19','ACTPARAM367174cc:141a62bd0d8:18c4',NULL,NULL,NULL,NULL,NULL,NULL,NULL,'GROSS','GROSS',NULL,NULL,0),('RULACT5be4b64d:14d8574f264:-7d18','RACT5be4b64d:14d8574f264:-7d19','ACTPARAM-42dc4039:141afcf5119:-7e59',NULL,NULL,'RCOND5be4b64d:14d8574f264:-7d86','LOB',NULL,NULL,NULL,NULL,NULL,NULL,NULL,0),('RULACT5be4b64d:14d8574f264:-7e1c','RACT5be4b64d:14d8574f264:-7e1f','ACTPARAM7c61bd6d:1423fce917f:-7e73',NULL,NULL,NULL,NULL,NULL,NULL,NULL,NULL,NULL,NULL,NULL,0),('RULACT5be4b64d:14d8574f264:-7e1d','RACT5be4b64d:14d8574f264:-7e1f','ACTPARAM367174cc:141a62bd0d8:18c4',NULL,NULL,NULL,NULL,NULL,NULL,NULL,'CAPITAL','CAPITAL',NULL,NULL,0),('RULACT5be4b64d:14d8574f264:-7e1e','RACT5be4b64d:14d8574f264:-7e1f','ACTPARAM-42dc4039:141afcf5119:-7e59',NULL,NULL,'RCOND5be4b64d:14d8574f264:-7e8d','LOB',NULL,NULL,NULL,NULL,NULL,NULL,NULL,0),('RULACT5d2ef71:1472236f427:-7eba','RACT5d2ef71:1472236f427:-7ebd','ACTPARAM7c61bd6d:1423fce917f:-7e73','0',NULL,NULL,NULL,NULL,NULL,NULL,NULL,NULL,NULL,NULL,0),('RULACT5d2ef71:1472236f427:-7ebb','RACT5d2ef71:1472236f427:-7ebd','ACTPARAM367174cc:141a62bd0d8:18c4',NULL,NULL,NULL,NULL,NULL,NULL,NULL,'DECLARED_GROSS','DECLARED_GROSS',NULL,NULL,0),('RULACT5d2ef71:1472236f427:-7ebc','RACT5d2ef71:1472236f427:-7ebd','ACTPARAM-42dc4039:141afcf5119:-7e59',NULL,NULL,'RCOND5d2ef71:1472236f427:-7f0d','LOB',NULL,NULL,NULL,NULL,NULL,NULL,NULL,0),('RULACT5ffbdc02:166e7b2c367:-6203','RACT5ffbdc02:166e7b2c367:-6229','rptis.landtax.actions.CalcInterest.expr',NULL,NULL,NULL,NULL,'TAX * NMON * 0.02','expression',NULL,NULL,NULL,NULL,NULL,NULL),('RULACT5ffbdc02:166e7b2c367:-6219','RACT5ffbdc02:166e7b2c367:-6229','rptis.landtax.actions.CalcInterest.rptledgeritem',NULL,NULL,'RC70978a15:166ae6875d1:-7f22','RLI',NULL,NULL,NULL,NULL,NULL,NULL,NULL,NULL),('RULACT77d680ba:14885b8719f:-7ab8','RACT77d680ba:14885b8719f:-7ab9','ACTPARAM-7438e141:1481e925549:-7fac',NULL,NULL,NULL,NULL,'@DATE( APPYEAR, 12 , 31 )','expression',NULL,NULL,NULL,NULL,NULL,0),('RULACT7ac941aa:157991d0117:-7b1b','RACT7ac941aa:157991d0117:-7b1c','ACTPARAM33e8cb24:1423c4b40b2:-7e2a',NULL,NULL,'RCOND7ac941aa:157991d0117:-7d24','BT',NULL,NULL,NULL,NULL,NULL,NULL,NULL,0),('RULACTec9d7ab:166235c2e16:-248e','RACTec9d7ab:166235c2e16:-249a','rptis.landtax.actions.AddBillItem.taxsummary',NULL,NULL,'RCONDec9d7ab:166235c2e16:-24fc','RLTS',NULL,NULL,NULL,NULL,NULL,NULL,NULL,NULL),('RULACTec9d7ab:166235c2e16:-2e08','RACTec9d7ab:166235c2e16:-2e2e','rptis.landtax.actions.SetBillExpiryDate.expr',NULL,NULL,NULL,NULL,'@MONTHEND( CDATE )','expression',NULL,NULL,NULL,NULL,NULL,NULL),('RULACTec9d7ab:166235c2e16:-2e1e','RACTec9d7ab:166235c2e16:-2e2e','rptis.landtax.actions.SetBillExpiryDate.bill',NULL,NULL,'RCONDec9d7ab:166235c2e16:-2ec7','BILL',NULL,NULL,NULL,NULL,NULL,NULL,NULL,NULL),('RULACTec9d7ab:166235c2e16:-35a7','RACTec9d7ab:166235c2e16:-35b3','rptis.landtax.actions.SplitLedgerItem.rptledgerite',NULL,NULL,'RC7280357:166235c1be7:-7fc7','RLI',NULL,NULL,NULL,NULL,NULL,NULL,NULL,NULL),('RULACTec9d7ab:166235c2e16:-386d','RACTec9d7ab:166235c2e16:-3879','rptis.landtax.actions.AggregateLedgerItem.rptledge',NULL,NULL,'RCONDec9d7ab:166235c2e16:-3b0b','RLI',NULL,NULL,NULL,NULL,NULL,NULL,NULL,NULL),('RULACTec9d7ab:166235c2e16:-5b63','RACTec9d7ab:166235c2e16:-5b6f','rptis.landtax.actions.SplitByQtr.rptledgeritem',NULL,NULL,'RCONDec9d7ab:166235c2e16:-5e7c','RLI',NULL,NULL,NULL,NULL,NULL,NULL,NULL,NULL);
/*!40000 ALTER TABLE `sys_rule_action_param` ENABLE KEYS */;
UNLOCK TABLES;

--
-- Table structure for table `sys_rule_actiondef`
--

DROP TABLE IF EXISTS `sys_rule_actiondef`;
/*!40101 SET @saved_cs_client     = @@character_set_client */;
/*!40101 SET character_set_client = utf8 */;
CREATE TABLE `sys_rule_actiondef` (
  `objid` varchar(50) NOT NULL,
  `name` varchar(50) NOT NULL,
  `title` varchar(250) DEFAULT NULL,
  `sortorder` int(11) DEFAULT NULL,
  `actionname` varchar(50) DEFAULT NULL,
  `domain` varchar(50) DEFAULT NULL,
  `actionclass` varchar(255) DEFAULT NULL,
  PRIMARY KEY (`objid`)
) ENGINE=InnoDB DEFAULT CHARSET=utf8;
/*!40101 SET character_set_client = @saved_cs_client */;

--
-- Dumping data for table `sys_rule_actiondef`
--

LOCK TABLES `sys_rule_actiondef` WRITE;
/*!40000 ALTER TABLE `sys_rule_actiondef` DISABLE KEYS */;
INSERT INTO `sys_rule_actiondef` VALUES ('AddRequirement','add-requirement','Add Requirement',1,'add-requirement','rpt','AddRequirement'),('rptis.actions.AddDeriveVar','add-derive-rpt-var','Add RPT Derive Variable',45,'add-derive-rpt-var','RPT','rptis.actions.AddDeriveVar'),('rptis.actions.AddDeriveVariable','add-derive-var','Add Derive Variable',50,'add-derive-var','RPT','rptis.actions.AddDeriveVariable'),('rptis.actions.CalcRPUAssessValue','recalc-rpuassessment','Recalculate Assessment AV',1050,'recalc-rpuassessment','rpt','rptis.actions.CalcRPUAssessValue'),('rptis.actions.CalcTotalRPUAssessValue','recalc-rpu-totalav','Recalculate RPU Total AV',1100,'recalc-rpu-totalav','rpt','rptis.actions.CalcTotalRPUAssessValue'),('rptis.bldg.actions.AddAssessmentInfo','add-assessment-info','Add Assessment Info',80,'add-assessment-info','RPT','rptis.bldg.actions.AddAssessmentInfo'),('rptis.bldg.actions.AdjustUnitValue','adjust-uv','Adjust Unit Value',2,'adjust-uv','RPT','rptis.bldg.actions.AdjustUnitValue'),('rptis.bldg.actions.CalcAssessLevel','calc-assess-level','Calculate Assess Level',85,'calc-assess-level','RPT','rptis.bldg.actions.CalcAssessLevel'),('rptis.bldg.actions.CalcBldgAge','calc-bldg-age','Calculate Building Age',1,'calc-bldg-age','RPT','rptis.bldg.actions.CalcBldgAge'),('rptis.bldg.actions.CalcBldgEffectiveAge','calc-bldg-effectiveage','Calculate Building Effective Age',2,'calc-bldg-effectiveage','RPT','rptis.bldg.actions.CalcBldgEffectiveAge'),('rptis.bldg.actions.CalcBldgUseBMV','calc-bldguse-bmv','Calculate Actual Use Base Market Value',20,'calc-bldguse-bmv','RPT','rptis.bldg.actions.CalcBldgUseBMV'),('rptis.bldg.actions.CalcBldgUseDepreciation','calc-bldguse-depreciation','Calculate Depreciation',60,'calc-bldguse-depreciation','RPT','rptis.bldg.actions.CalcBldgUseDepreciation'),('rptis.bldg.actions.CalcBldgUseMV','calc-bldguse-mv','Calculate Actual Use Market Value',24,'calc-bldguse-mv','RPT','rptis.bldg.actions.CalcBldgUseMV'),('rptis.bldg.actions.CalcDepreciationByRange','calc-depreciation-range','Calculate Depreciation Rate by Range',56,'calc-depreciation-range','rpt','rptis.bldg.actions.CalcDepreciationByRange'),('rptis.bldg.actions.CalcDepreciationFromSked','calc-depreciation-sked','Calculate Depreciation Rate',55,'calc-depreciation-sked','rpt','rptis.bldg.actions.CalcDepreciationFromSked'),('rptis.bldg.actions.CalcFloorBMV','calc-floor-bmv','Calculate Floor Base Market Value',10,'calc-floor-bmv','RPT','rptis.bldg.actions.CalcFloorBMV'),('rptis.bldg.actions.CalcFloorMV','calc-floor-mv','Calculate Floor Market Value',15,'calc-floor-mv','RPT','rptis.bldg.actions.CalcFloorMV'),('rptis.bldg.actions.ResetAdjustment','reset-adj','Reset Adjustment Value',70,'reset-adj','RPT','rptis.bldg.actions.ResetAdjustment'),('rptis.land.actions.AddAssessmentInfo','add-assessment-info','Add Assessment Summary',50,'add-assessment-info','rpt','rptis.land.actions.AddAssessmentInfo'),('rptis.land.actions.CalcAssessValue','calc-av','Calculate Assess Value',20,'calc-av','RPT','rptis.land.actions.CalcAssessValue'),('rptis.land.actions.CalcBaseMarketValue','calc-bmv','Calculate Base Market Value',1,'calc-bmv','RPT','rptis.land.actions.CalcBaseMarketValue'),('rptis.land.actions.CalcMarketValue','calc-mv','Calculate Market Value',5,'calc-mv','RPT','rptis.land.actions.CalcMarketValue'),('rptis.land.actions.UpdateAdjustment','update-adj','Update Adjustment',2,'update-adj','RPT','rptis.land.actions.UpdateAdjustment'),('rptis.land.actions.UpdateLandDetailActualUseAdj','update-landdetail-actualuse-adj','Update Appraisal Actual Use Adjustment',3,'update-landdetail-actualuse-adj','rpt','rptis.land.actions.UpdateLandDetailActualUseAdj'),('rptis.land.actions.UpdateLandDetailAdjustment','update-landdetail-adj','Update Appraisal Adjustment',3,'update-landdetail-adj','rpt','rptis.land.actions.UpdateLandDetailAdjustment'),('rptis.land.actions.UpdateLandDetailValueAdjustment','update-landdetail-value-adj','Update Appraisal Value Adjustment',3,'update-landdetail-value-adj','rpt','rptis.land.actions.UpdateLandDetailValueAdjustment'),('rptis.landtax.actions.AddBasic','add-basic','Add Basic Entry',1,'add-basic','landtax','rptis.landtax.actions.AddBasic'),('rptis.landtax.actions.AddBillItem','add-billitem','Add Bill Item',25,'add-billitem','landtax','rptis.landtax.actions.AddBillItem'),('rptis.landtax.actions.AddFireCode','add-firecode','Add Fire Code',10,'add-firecode','landtax','rptis.landtax.actions.AddFireCode'),('rptis.landtax.actions.AddIdleLand','add-basicidle','Add Idle Land Entry',6,'add-basicidle','landtax','rptis.landtax.actions.AddIdleLand'),('rptis.landtax.actions.AddSef','add-sef','Add SEF Entry',5,'add-sef','landtax','rptis.landtax.actions.AddSef'),('rptis.landtax.actions.AddShare','add-share','Add Revenue Share',28,'add-share','landtax','rptis.landtax.actions.AddShare'),('rptis.landtax.actions.AddSocialHousing','add-sh','Add Social Housing Entry',8,'add-sh','landtax','rptis.landtax.actions.AddSocialHousing'),('rptis.landtax.actions.AggregateLedgerItem','aggregate-bill-item','Aggregate Ledger Items',12,'aggregate-bill-item','landtax','rptis.landtax.actions.AggregateLedgerItem'),('rptis.landtax.actions.CalcDiscount','calc-discount','Calculate Discount',6,'calc-discount','landtax','rptis.landtax.actions.CalcDiscount'),('rptis.landtax.actions.CalcInterest','calc-interest','Calculate Interest',5,'calc-interest','landtax','rptis.landtax.actions.CalcInterest'),('rptis.landtax.actions.CalcTax','calc-tax','Calculate Tax',1001,'calc-tax','landtax','rptis.landtax.actions.CalcTax'),('rptis.landtax.actions.CreateTaxSummary','create-tax-summary','Create Tax Summary',20,'create-tax-summary','landtax','rptis.landtax.actions.CreateTaxSummary'),('rptis.landtax.actions.RemoveLedgerItem','remove-bill-item','Remove Ledger Item',11,'remove-bill-item','landtax','rptis.landtax.actions.RemoveLedgerItem'),('rptis.landtax.actions.SetBillExpiryDate','set-bill-expiry','Set Bill Expiry Date',20,'set-bill-expiry','landtax','rptis.landtax.actions.SetBillExpiryDate'),('rptis.landtax.actions.SplitByQtr','split-by-qtr','Split By Quarter',0,'split-by-qtr','LANDTAX','rptis.landtax.actions.SplitByQtr'),('rptis.landtax.actions.SplitLedgerItem','split-bill-item','Split Ledger Item',10,'split-bill-item','landtax','rptis.landtax.actions.SplitLedgerItem'),('rptis.landtax.actions.UpdateAV','update-av','Update AV',1000,'update-av','LANDTAX','rptis.landtax.actions.UpdateAV'),('rptis.mach.actions.AddAssessmentInfo','add-assessment-info','Add Assessment Info',1000,'add-assessment-info','rpt','rptis.mach.actions.AddAssessmentInfo'),('rptis.mach.actions.CalcMachineAssessLevel','calc-mach-al','Calculate Machine Assess Level',5,'calc-mach-al','RPT','rptis.mach.actions.CalcMachineAssessLevel'),('rptis.mach.actions.CalcMachineAV','calc-mach-av','Calculate Machine Assessed Value',6,'calc-mach-av','RPT','rptis.mach.actions.CalcMachineAV'),('rptis.mach.actions.CalcMachineBMV','calc-mach-bmv','Calculate Base Market Value',1,'calc-mach-bmv','rpt','rptis.mach.actions.CalcMachineBMV'),('rptis.mach.actions.CalcMachineDepreciation','calc-mach-depreciation','Calculate Depreciation',2,'calc-mach-depreciation','rpt','rptis.mach.actions.CalcMachineDepreciation'),('rptis.mach.actions.CalcMachineMV','calc-mach-mv','Calculate Machine Market Value',2,'calc-mach-mv','RPT','rptis.mach.actions.CalcMachineMV'),('rptis.mach.actions.CalcMachUseAssessLevel','calc-machuse-al','Calculate Actual Use Assess Level',10,'calc-machuse-al','RPT','rptis.mach.actions.CalcMachUseAssessLevel'),('rptis.mach.actions.CalcMachUseAV','calc-machuse-av','Calculate Actual Use Assessed Value',11,'calc-machuse-av','RPT','rptis.mach.actions.CalcMachUseAV'),('rptis.misc.actions.CalcAssessValue','calc-av','Calculate Assessed Value',4,'calc-av','RPT','rptis.misc.actions.CalcAssessValue'),('rptis.misc.actions.CalcBaseMarketValue','calc-bmv','Calculate Base Market Value',1,'calc-bmv','RPT','rptis.misc.actions.CalcBaseMarketValue'),('rptis.misc.actions.CalcDepreciation','calc-depreciation','Calculate Depreciation',1,'calc-depreciation','RPT','rptis.misc.actions.CalcDepreciation'),('rptis.misc.actions.CalcMarketValue','calc-mv','Calculate Market Value',3,'calc-mv','RPT','rptis.misc.actions.CalcMarketValue'),('rptis.misc.actions.CalcMiscRPUAssessLevel','calc-rpu-al','Calculate RPU Assess Level',12,'calc-rpu-al','RPT','rptis.misc.actions.CalcMiscRPUAssessLevel'),('rptis.misc.actions.CalcMiscRPUAssessValue','calc-rpu-av','Calculate RPU Assessed Value',13,'calc-rpu-av','RPT','rptis.misc.actions.CalcMiscRPUAssessValue'),('rptis.misc.actions.CalcMiscRPUBaseMarketValue','calc-rpu-bmv','Calculate RPU Base Market Value',10,'calc-rpu-bmv','RPT','rptis.misc.actions.CalcMiscRPUBaseMarketValue'),('rptis.misc.actions.CalcMiscRPUMarketValue','calc-rpu-mv','Calculate RPU Market Value',11,'calc-rpu-mv','RPT','rptis.misc.actions.CalcMiscRPUMarketValue'),('rptis.planttree.actions.AddPlantTreeAssessmentInfo','add-planttree-assessment-info','Add Assessment',100,'add-planttree-assessment-info','rpt','rptis.planttree.actions.AddPlantTreeAssessmentInfo'),('rptis.planttree.actions.CalcPlantTreeAdjustment','calc-planttree-adjustment','Calculate Adjustment',2,'calc-planttree-adjustment','RPT','rptis.planttree.actions.CalcPlantTreeAdjustment'),('rptis.planttree.actions.CalcPlantTreeAssessValue','calc-planttree-av','Calculate Assessed Value',4,'calc-planttree-av','RPT','rptis.planttree.actions.CalcPlantTreeAssessValue'),('rptis.planttree.actions.CalcPlantTreeBMV','calc-planttree-bmv','Calculate Base Market Value',1,'calc-planttree-bmv','RPT','rptis.planttree.actions.CalcPlantTreeBMV'),('rptis.planttree.actions.CalcPlantTreeMarketValue','calc-planttree-mv','Calculate Market Value',3,'calc-planttree-mv','RPT','rptis.planttree.actions.CalcPlantTreeMarketValue'),('RULADEF-2486b0ca:146fff66c3e:-723b','calc-adj','Calculate Adjustment',35,'calc-adj','RPT','rptis.bldg.actions.CalcAdjustment'),('RULADEF-2889615e:142fa67fc85:-7b7c','split_by_qtr','Schedule By Qtr',0,'split_by_qtr','bpls',NULL),('RULADEF-2ead5abf:1419bd607e6:-7fd9','compute_business_tax','Compute Business Tax',2,'compute_businesstax','bpls',NULL),('RULADEF-4a532d76:141ff563063:-7ef4','add_requirement','Add Requirement',0,'add_requirement','bpls',NULL),('RULADEF-627533eb:141ed7a179f:-7d7d','compute_regfee','Compute Regulatory Fee',3,'compute_regfee','bpls',NULL),('RULADEF-62a762db:14201d65080:-7576','print_test','Print Test. For debugging (developers) only.',100,'print_test','bpls',NULL),('RULADEF-66879e9a:1422b236b58:-7d0f','calc_discount','Calculate Discount',1,'calc_discount','bpls',NULL),('RULADEF-66879e9a:1422b236b58:-7d24','calc_interest','Calculate Interest',3,'calc_interest','bpls',NULL),('RULADEF-67ecfd73:141f2b84ce7:-743c','bpassessment_sysvar','Add System Variable',8,'add_sysvar','bpls',NULL),('RULADEF-67ecfd73:141f2b84ce7:-7b54','assert_business_info','Add Derived Business Info',1,'assert_business_info','bpls',NULL),('RULADEF-6960d46:146ef7fe055:-7722','set_basic_account','Setup Basic Account',0,'set_basic_account','bpls',NULL),('RULADEF-738e3cc6:14459101d11:-6b0b','change_business_account','Change Business Account',10,'change_business_account','bpls',NULL),('RULADEF-7438e141:1481e925549:-7fb5','set_billexpirydate','Set Bill Expiry Date',10,'set_billexpirydate','bpls',NULL),('RULADEF-fd840f:146ad32de46:-71f2','set_taxcredit_account','Set Up Tax Credit Account',4,'set_taxcredit_account','bpls',NULL),('RULADEF1441128c:1471efa4c1c:-69a5','calc-assess-value','Calculate Assess Value',90,'calc-assess-value','RPT','rptis.bldg.actions.CalcAssessValue'),('RULADEF33e8cb24:1423c4b40b2:-6aeb','select_taxfee','Select Tax Fee Account',5,'select_taxfee','bpls',NULL),('RULADEF33e8cb24:1423c4b40b2:-7f34','remove_taxfee','Remove Tax Fee',5,'remove_taxfee','bpls',NULL),('RULADEF367174cc:141a62bd0d8:-4486','ask_business_info','Ask Business Info',1,'ask_business_info','bpls',NULL),('RULADEF50ef92c8:147420ae632:-7be3','set_deleted_billitem','Remove BillItem',10,'set_deleted_billitem','bpls',NULL),('RULADEF72bb01b1:141b1fdca80:-7e34','update_taxfee','Update Tax Fee Amount',5,'update_taxfee','bpls',NULL),('RULADEF73d37911:141edb9db9a:-7f30','compute_other_charge','Compute Other Charge',4,'compute_othercharge','bpls',NULL),('RULADEF7ee0ab5e:141b6a15885:-7f52','calc_surcharge','Calculate Surcharge',2,'calc_surcharge','bpls',NULL),('treasury.actions.AddRevenueShare','add-share','Add Revenue Share',1,'add-share','TREASURY','treasury.actions.AddRevenueShare');
/*!40000 ALTER TABLE `sys_rule_actiondef` ENABLE KEYS */;
UNLOCK TABLES;

--
-- Table structure for table `sys_rule_actiondef_param`
--

DROP TABLE IF EXISTS `sys_rule_actiondef_param`;
/*!40101 SET @saved_cs_client     = @@character_set_client */;
/*!40101 SET character_set_client = utf8 */;
CREATE TABLE `sys_rule_actiondef_param` (
  `objid` varchar(255) NOT NULL,
  `parentid` varchar(50) DEFAULT NULL,
  `name` varchar(50) NOT NULL,
  `sortorder` int(11) DEFAULT NULL,
  `title` varchar(50) DEFAULT NULL,
  `datatype` varchar(50) DEFAULT NULL,
  `handler` varchar(50) DEFAULT NULL,
  `lookuphandler` varchar(50) DEFAULT NULL,
  `lookupkey` varchar(50) DEFAULT NULL,
  `lookupvalue` varchar(50) DEFAULT NULL,
  `vardatatype` varchar(50) DEFAULT NULL,
  `lovname` varchar(50) DEFAULT NULL,
  PRIMARY KEY (`objid`),
  KEY `parentid` (`parentid`),
  CONSTRAINT `sys_rule_actiondef_param_ibfk_1` FOREIGN KEY (`parentid`) REFERENCES `sys_rule_actiondef` (`objid`)
) ENGINE=InnoDB DEFAULT CHARSET=utf8;
/*!40101 SET character_set_client = @saved_cs_client */;

--
-- Dumping data for table `sys_rule_actiondef_param`
--

LOCK TABLES `sys_rule_actiondef_param` WRITE;
/*!40000 ALTER TABLE `sys_rule_actiondef_param` DISABLE KEYS */;
INSERT INTO `sys_rule_actiondef_param` VALUES ('ACTPARAM-2486b0ca:146fff66c3e:-7204','RULADEF-2486b0ca:146fff66c3e:-723b','expr',3,'Computation',NULL,'expression',NULL,NULL,NULL,NULL,NULL),('ACTPARAM-2486b0ca:146fff66c3e:-7224','RULADEF-2486b0ca:146fff66c3e:-723b','adjustment',1,'Adjustment',NULL,'var',NULL,NULL,NULL,'rptis.bldg.facts.BldgAdjustment',NULL),('ACTPARAM-2889615e:142fa67fc85:-7b71','RULADEF-2889615e:142fa67fc85:-7b7c','billitem',1,'Bill Item Account',NULL,'var',NULL,NULL,NULL,'bpls.facts.BillItem',NULL),('ACTPARAM-38b4c365:141f3574da5:-7f8f','RULADEF-67ecfd73:141f2b84ce7:-743c','aggregate',2,'Aggregate Type',NULL,'lov',NULL,NULL,NULL,NULL,'RULE_AGGREGATE_FUNCTIONS'),('ACTPARAM-3f19ce39:141ff0de421:-7e8a','RULADEF72bb01b1:141b1fdca80:-7e34','taxfee',1,'Tax Fee',NULL,'var',NULL,NULL,NULL,'bpls.facts.TaxFeeAccount',NULL),('ACTPARAM-40a13e7c:14687914ed7:-7f4a','RULADEF-4a532d76:141ff563063:-7ef4','context',3,'Apply Per',NULL,'lov',NULL,NULL,NULL,NULL,'BUSINESS_REQUIREMENT_CONTEXT'),('ACTPARAM-42dc4039:141afcf5119:-7e59','RULADEF367174cc:141a62bd0d8:-4486','lob',1,'Line of Business',NULL,'var',NULL,NULL,NULL,'bpls.facts.LOB',NULL),('ACTPARAM-42dc4039:141afcf5119:-7fc4','RULADEF-2ead5abf:1419bd607e6:-7fd9','account',2,'Account',NULL,'lookup','revenueitem:lookup','objid','title',NULL,NULL),('ACTPARAM-4a532d76:141ff563063:-7edf','RULADEF-4a532d76:141ff563063:-7ef4','step',2,'Required Before',NULL,'lov',NULL,NULL,NULL,NULL,'BP_APPLICATION_STEPS'),('ACTPARAM-4a532d76:141ff563063:-7eec','RULADEF-4a532d76:141ff563063:-7ef4','type',1,'Requirement Type',NULL,'lookup','businessrequirementtype:lookup','objid','title',NULL,NULL),('ACTPARAM-627533eb:141ed7a179f:-7d61','RULADEF-627533eb:141ed7a179f:-7d7d','amount',3,'Amount',NULL,'expression',NULL,NULL,NULL,NULL,NULL),('ACTPARAM-627533eb:141ed7a179f:-7d6e','RULADEF-627533eb:141ed7a179f:-7d7d','account',2,'Account',NULL,'lookup','revenueitem:lookup','objid','title',NULL,NULL),('ACTPARAM-627533eb:141ed7a179f:-7d75','RULADEF-627533eb:141ed7a179f:-7d7d','lob',1,'Line of Business',NULL,'var',NULL,NULL,NULL,'bpls.facts.LOB',NULL),('ACTPARAM-62a762db:14201d65080:-756e','RULADEF-62a762db:14201d65080:-7576','message',1,'Message',NULL,'expression',NULL,NULL,NULL,NULL,NULL),('ACTPARAM-66879e9a:1422b236b58:-7b1c','RULADEF-66879e9a:1422b236b58:-7d0f','amount',2,'Amount',NULL,'expression',NULL,NULL,NULL,NULL,NULL),('ACTPARAM-66879e9a:1422b236b58:-7b23','RULADEF-66879e9a:1422b236b58:-7d0f','billitem',1,'Bill Item',NULL,'var',NULL,NULL,NULL,'bpls.facts.BillItem',NULL),('ACTPARAM-66879e9a:1422b236b58:-7b40','RULADEF-66879e9a:1422b236b58:-7d24','amount',2,'Amount',NULL,'expression',NULL,NULL,NULL,NULL,NULL),('ACTPARAM-66879e9a:1422b236b58:-7b47','RULADEF-66879e9a:1422b236b58:-7d24','billitem',1,'Bill Item',NULL,'var',NULL,NULL,NULL,'bpls.facts.BillItem',NULL),('ACTPARAM-66879e9a:1422b236b58:-7ca9','RULADEF7ee0ab5e:141b6a15885:-7f52','billitem',1,'Bill Item',NULL,'var',NULL,NULL,NULL,'bpls.facts.BillItem',NULL),('ACTPARAM-67ecfd73:141f2b84ce7:-724b','RULADEF-67ecfd73:141f2b84ce7:-743c','datatype',3,'Value Data Type',NULL,'lov',NULL,NULL,NULL,NULL,'RULE_VAR_DATATYPE'),('ACTPARAM-67ecfd73:141f2b84ce7:-739d','RULADEF-67ecfd73:141f2b84ce7:-743c','value',4,'Value',NULL,'expression',NULL,NULL,NULL,NULL,NULL),('ACTPARAM-67ecfd73:141f2b84ce7:-73a4','RULADEF-67ecfd73:141f2b84ce7:-743c','name',1,'Variable Name','string','string',NULL,NULL,NULL,'string',NULL),('ACTPARAM-67ecfd73:141f2b84ce7:-79b7','RULADEF-67ecfd73:141f2b84ce7:-7b54','value',3,'Value',NULL,'expression',NULL,NULL,NULL,NULL,NULL),('ACTPARAM-67ecfd73:141f2b84ce7:-7a33','RULADEF-67ecfd73:141f2b84ce7:-7b54','attribute',2,'Attribute',NULL,'lookup','businessvariable:lookup','objid','name',NULL,NULL),('ACTPARAM-67ecfd73:141f2b84ce7:-7b4c','RULADEF-67ecfd73:141f2b84ce7:-7b54','lob',1,'Line of Business',NULL,'var',NULL,NULL,NULL,'bpls.facts.LOB',NULL),('ACTPARAM-70cdc17d:141ab4f4c27:-7ebb','RULADEF-2ead5abf:1419bd607e6:-7fd9','lob',1,'LOB',NULL,'var',NULL,NULL,NULL,'bpls.facts.LOB',NULL),('ACTPARAM-738e3cc6:14459101d11:-6afb','RULADEF-738e3cc6:14459101d11:-6b0b','account',2,'Business Account',NULL,'lookup','revenueitem:lookup','objid','title',NULL,NULL),('ACTPARAM-738e3cc6:14459101d11:-6b02','RULADEF-738e3cc6:14459101d11:-6b0b','taxfee',1,'Tax Fee Account',NULL,'var',NULL,NULL,NULL,'bpls.facts.TaxFeeAccount',NULL),('ACTPARAM-7438e141:1481e925549:-7fac','RULADEF-7438e141:1481e925549:-7fb5','expirydate',1,'Expiry date',NULL,'expression',NULL,NULL,NULL,NULL,NULL),('ACTPARAM-fd840f:146ad32de46:-71d4','RULADEF-fd840f:146ad32de46:-71f2','account',2,'Account',NULL,'lookup','revenueitem:lookup','objid','title',NULL,NULL),('ACTPARAM-fd840f:146ad32de46:-71e5','RULADEF-fd840f:146ad32de46:-71f2','excess',1,'Excess Payment',NULL,'var',NULL,NULL,NULL,'bpls.facts.ExcessPayment',NULL),('ACTPARAM102ab3e1:147190e9fe4:-f75','RULADEF-2486b0ca:146fff66c3e:-723b','var',2,'Derived Variable',NULL,'var',NULL,NULL,NULL,'rptis.bldg.facts.BldgVariable',NULL),('ACTPARAM11e0d3f3:146f0a05dc8:-7127','RULADEF-6960d46:146ef7fe055:-7722','account',1,'Account',NULL,'lookup','revenueitem:lookup','objid','title',NULL,NULL),('ACTPARAM11e0d3f3:146f0a05dc8:-75c8','RULADEF-6960d46:146ef7fe055:-7722','payment',3,'Payment',NULL,'var',NULL,NULL,NULL,'bpls.facts.AppliedPayment',NULL),('ACTPARAM11e0d3f3:146f0a05dc8:-7720','RULADEF-6960d46:146ef7fe055:-7722','lob',2,'Line of Business',NULL,'var',NULL,NULL,NULL,'bpls.facts.LOB',NULL),('ACTPARAM1441128c:1471efa4c1c:-6969','RULADEF1441128c:1471efa4c1c:-69a5','expr',2,'Computation',NULL,'expression',NULL,NULL,NULL,NULL,NULL),('ACTPARAM1441128c:1471efa4c1c:-698e','RULADEF1441128c:1471efa4c1c:-69a5','assessment',1,'Assessment Info',NULL,'var',NULL,NULL,NULL,'rptis.facts.RPUAssessment',NULL),('ACTPARAM14a6f1c4:1419beaa022:-7fcf','RULADEF-2ead5abf:1419bd607e6:-7fd9','amount',3,'Amount',NULL,'expression',NULL,NULL,NULL,NULL,NULL),('ACTPARAM33e8cb24:1423c4b40b2:-6adc','RULADEF33e8cb24:1423c4b40b2:-6aeb','taxfeeaccount',1,'Tax Fee Account',NULL,'var',NULL,NULL,NULL,'bpls.facts.TaxFeeAccount',NULL),('ACTPARAM33e8cb24:1423c4b40b2:-7e2a','RULADEF33e8cb24:1423c4b40b2:-7f34','taxfee',1,'Tax Fee Account',NULL,'var',NULL,NULL,NULL,'bpls.facts.TaxFeeAccount',NULL),('ACTPARAM367174cc:141a62bd0d8:18c4','RULADEF367174cc:141a62bd0d8:-4486','attribute',2,'Attribute',NULL,'lookup','businessvariable:lookup','objid','name','string',NULL),('ACTPARAM42da3868:148356b8ecf:-6e77','RULADEF-66879e9a:1422b236b58:-7d24','account',3,'Account',NULL,'lookup','revenueitem:lookup','objid','title',NULL,NULL),('ACTPARAM42da3868:148356b8ecf:-6e97','RULADEF7ee0ab5e:141b6a15885:-7f52','account',3,'Account',NULL,'lookup','revenueitem:lookup','objid','title',NULL,NULL),('ACTPARAM49a3c540:14e51feb8f6:-4c86','RULADEF-2486b0ca:146fff66c3e:-723b','var',2,'Variable',NULL,'var',NULL,NULL,NULL,'rptis.facts.RPTVariable',NULL),('ACTPARAM50ef92c8:147420ae632:-7bd8','RULADEF50ef92c8:147420ae632:-7be3','billitem',1,'BillItem',NULL,'var',NULL,NULL,NULL,'bpls.facts.BillItem',NULL),('ACTPARAM61c9e5c1:1423cdbf146:-7dcd','RULADEF33e8cb24:1423c4b40b2:-6aeb','selectoption',2,'Select Option',NULL,'lov',NULL,NULL,NULL,NULL,'TAXFEE_SELECT_OPTION'),('ACTPARAM72bb01b1:141b1fdca80:-7d98','RULADEF72bb01b1:141b1fdca80:-7e34','amount',2,'Amount',NULL,'expression',NULL,NULL,NULL,NULL,NULL),('ACTPARAM73d37911:141edb9db9a:-7f14','RULADEF73d37911:141edb9db9a:-7f30','amount',3,'Amount',NULL,'expression',NULL,NULL,NULL,NULL,NULL),('ACTPARAM73d37911:141edb9db9a:-7f21','RULADEF73d37911:141edb9db9a:-7f30','account',2,'Account',NULL,'lookup','revenueitem:lookup','objid','title',NULL,NULL),('ACTPARAM73d37911:141edb9db9a:-7f28','RULADEF73d37911:141edb9db9a:-7f30','lob',1,'Line of Business',NULL,'var',NULL,NULL,NULL,'bpls.facts.LOB',NULL),('ACTPARAM7c61bd6d:1423fce917f:-7e73','RULADEF367174cc:141a62bd0d8:-4486','defaultvalue',3,'Default Value','string','string',NULL,NULL,NULL,'string',NULL),('ACTPARAM7ee0ab5e:141b6a15885:-7f4c','RULADEF7ee0ab5e:141b6a15885:-7f52','amount',2,'Amount',NULL,'expression',NULL,NULL,NULL,NULL,NULL),('AddRequirement.requirementtype','AddRequirement','requirementtype',1,'Requirement Type',NULL,'lookup','rptrequirementtype:lookup','objid','name',NULL,NULL),('rptis.actions.AddDeriveVar.aggregatetype','rptis.actions.AddDeriveVar','aggregatetype',3,'Aggregation',NULL,'lov',NULL,NULL,NULL,NULL,'RPT_VAR_AGGRETATION_TYPES'),('rptis.actions.AddDeriveVar.expr','rptis.actions.AddDeriveVar','expr',4,'Computation',NULL,'expression',NULL,NULL,NULL,NULL,NULL),('rptis.actions.AddDeriveVar.refid','rptis.actions.AddDeriveVar','refid',1,'Reference ID',NULL,'var',NULL,NULL,NULL,'String',NULL),('rptis.actions.AddDeriveVar.var','rptis.actions.AddDeriveVar','var',2,'Variable',NULL,'lookup','rptparameter:lookup','objid','name',NULL,NULL),('rptis.actions.AddDeriveVariable.aggregatetype','rptis.actions.AddDeriveVariable','aggregatetype',3,'Aggregation',NULL,'lov',NULL,NULL,NULL,NULL,'RPT_VAR_AGGRETATION_TYPES'),('rptis.actions.AddDeriveVariable.bldguse','rptis.actions.AddDeriveVariable','bldguse',1,'Building Actual Use',NULL,'var',NULL,NULL,NULL,'rptis.bldg.facts.BldgUse',NULL),('rptis.actions.AddDeriveVariable.expr','rptis.actions.AddDeriveVariable','expr',4,'Value Computation',NULL,'expression',NULL,NULL,NULL,NULL,NULL),('rptis.actions.AddDeriveVariable.var','rptis.actions.AddDeriveVariable','var',2,'Variable',NULL,'lookup','rptparameter:lookup','objid','name',NULL,NULL),('rptis.actions.CalcRPUAssessValue.expr','rptis.actions.CalcRPUAssessValue','expr',2,'Computation',NULL,'expression',NULL,NULL,NULL,NULL,NULL),('rptis.actions.CalcRPUAssessValue.rpuassessment','rptis.actions.CalcRPUAssessValue','rpuassessment',1,'Assessment',NULL,'var',NULL,NULL,NULL,'rptis.facts.RPUAssessment',NULL),('rptis.actions.CalcTotalRPUAssessValue.expr','rptis.actions.CalcTotalRPUAssessValue','expr',2,'Computation',NULL,'expression',NULL,NULL,NULL,NULL,NULL),('rptis.actions.CalcTotalRPUAssessValue.rpu','rptis.actions.CalcTotalRPUAssessValue','rpu',1,'RPU',NULL,'var',NULL,NULL,NULL,'rptis.facts.RPU',NULL),('rptis.bldg.actions.AddAssessmentInfo.actualuseid','rptis.bldg.actions.AddAssessmentInfo','actualuseid',2,'Actual Use',NULL,'var',NULL,NULL,NULL,'string',NULL),('rptis.bldg.actions.AddAssessmentInfo.bldguse','rptis.bldg.actions.AddAssessmentInfo','bldguse',1,'Building Actual Use',NULL,'var',NULL,NULL,NULL,'rptis.bldg.facts.BldgUse',NULL),('rptis.bldg.actions.AdjustUnitValue.bldgstructure','rptis.bldg.actions.AdjustUnitValue','bldgstructure',1,'Building Structure',NULL,'var',NULL,NULL,NULL,'rptis.bldg.facts.BldgStructure',NULL),('rptis.bldg.actions.AdjustUnitValue.expr','rptis.bldg.actions.AdjustUnitValue','expr',2,'Computation',NULL,'expression',NULL,NULL,NULL,NULL,NULL),('rptis.bldg.actions.CalcAssessLevel.assessment','rptis.bldg.actions.CalcAssessLevel','assessment',1,'Assessment',NULL,'var',NULL,NULL,NULL,'rptis.facts.RPUAssessment',NULL),('rptis.bldg.actions.CalcBldgAge.expr','rptis.bldg.actions.CalcBldgAge','expr',2,'Computation',NULL,'expression',NULL,NULL,NULL,NULL,NULL),('rptis.bldg.actions.CalcBldgAge.rpu','rptis.bldg.actions.CalcBldgAge','rpu',1,'Building Real Property',NULL,'var',NULL,NULL,NULL,'rptis.bldg.facts.BldgRPU',NULL),('rptis.bldg.actions.CalcBldgEffectiveAge.expr','rptis.bldg.actions.CalcBldgEffectiveAge','expr',2,'Computation',NULL,'expression',NULL,NULL,NULL,NULL,NULL),('rptis.bldg.actions.CalcBldgEffectiveAge.rpu','rptis.bldg.actions.CalcBldgEffectiveAge','rpu',1,'Building Real Property',NULL,'var',NULL,NULL,NULL,'rptis.bldg.facts.BldgRPU',NULL),('rptis.bldg.actions.CalcBldgUseBMV.bldguse','rptis.bldg.actions.CalcBldgUseBMV','bldguse',1,'Building Actual Use',NULL,'var',NULL,NULL,NULL,'rptis.bldg.facts.BldgUse',NULL),('rptis.bldg.actions.CalcBldgUseBMV.expr','rptis.bldg.actions.CalcBldgUseBMV','expr',2,'Computation',NULL,'expression',NULL,NULL,NULL,NULL,NULL),('rptis.bldg.actions.CalcBldgUseDepreciation.bldguse','rptis.bldg.actions.CalcBldgUseDepreciation','bldguse',1,'Building Actual Use',NULL,'var',NULL,NULL,NULL,'rptis.bldg.facts.BldgUse',NULL),('rptis.bldg.actions.CalcBldgUseDepreciation.expr','rptis.bldg.actions.CalcBldgUseDepreciation','expr',2,'Computation',NULL,'expression',NULL,NULL,NULL,NULL,NULL),('rptis.bldg.actions.CalcBldgUseMV.bldguse','rptis.bldg.actions.CalcBldgUseMV','bldguse',1,'Building Actual Use',NULL,'var',NULL,NULL,NULL,'rptis.bldg.facts.BldgUse',NULL),('rptis.bldg.actions.CalcBldgUseMV.expr','rptis.bldg.actions.CalcBldgUseMV','expr',2,'Computation',NULL,'expression',NULL,NULL,NULL,NULL,NULL),('rptis.bldg.actions.CalcDepreciationByRange.bldgstr','rptis.bldg.actions.CalcDepreciationByRange','bldgstructure',1,'Building Structure',NULL,'var',NULL,NULL,NULL,'rptis.bldg.facts.BldgStructure',NULL),('rptis.bldg.actions.CalcDepreciationFromSked.bldgst','rptis.bldg.actions.CalcDepreciationFromSked','bldgstructure',1,'Building Structure',NULL,'var',NULL,NULL,NULL,'rptis.bldg.facts.BldgStructure',NULL),('rptis.bldg.actions.CalcFloorBMV.bldgfloor','rptis.bldg.actions.CalcFloorBMV','bldgfloor',1,'Building Floor',NULL,'var',NULL,NULL,NULL,'rptis.bldg.facts.BldgFloor',NULL),('rptis.bldg.actions.CalcFloorBMV.expr','rptis.bldg.actions.CalcFloorBMV','expr',2,'Computation',NULL,'expression',NULL,NULL,NULL,NULL,NULL),('rptis.bldg.actions.CalcFloorMV.bldgfloor','rptis.bldg.actions.CalcFloorMV','bldgfloor',1,'Building Floor',NULL,'var',NULL,NULL,NULL,'rptis.bldg.facts.BldgFloor',NULL),('rptis.bldg.actions.CalcFloorMV.expr','rptis.bldg.actions.CalcFloorMV','expr',2,'Computation',NULL,'expression',NULL,NULL,NULL,NULL,NULL),('rptis.bldg.actions.ResetAdjustment.adjustment','rptis.bldg.actions.ResetAdjustment','adjustment',1,'Building Adjustment',NULL,'var',NULL,NULL,NULL,'rptis.bldg.facts.BldgAdjustment',NULL),('rptis.land.actions.AddAssessmentInfo.classificatio','rptis.land.actions.AddAssessmentInfo','classification',2,'Classification',NULL,'var',NULL,NULL,NULL,'rptis.facts.Classification',NULL),('rptis.land.actions.AddAssessmentInfo.landdetail','rptis.land.actions.AddAssessmentInfo','landdetail',1,'Land Item Appraisal',NULL,'var',NULL,NULL,NULL,'rptis.land.facts.LandDetail',NULL),('rptis.land.actions.CalcAssessValue.expr','rptis.land.actions.CalcAssessValue','expr',2,'Computation',NULL,'expression',NULL,NULL,NULL,NULL,NULL),('rptis.land.actions.CalcAssessValue.landdetail','rptis.land.actions.CalcAssessValue','landdetail',1,'Land Item Appraisal',NULL,'var',NULL,NULL,NULL,'rptis.land.facts.LandDetail',NULL),('rptis.land.actions.CalcBaseMarketValue.expr','rptis.land.actions.CalcBaseMarketValue','expr',2,'Computation',NULL,'expression',NULL,NULL,NULL,NULL,NULL),('rptis.land.actions.CalcBaseMarketValue.landdetail','rptis.land.actions.CalcBaseMarketValue','landdetail',1,'Land Item Appraisal',NULL,'var',NULL,NULL,NULL,'rptis.land.facts.LandDetail',NULL),('rptis.land.actions.CalcMarketValue.expr','rptis.land.actions.CalcMarketValue','expr',2,'Computation',NULL,'expression',NULL,NULL,NULL,NULL,NULL),('rptis.land.actions.CalcMarketValue.landdetail','rptis.land.actions.CalcMarketValue','landdetail',1,'Land Item Appraisal',NULL,'var',NULL,NULL,NULL,'rptis.land.facts.LandDetail',NULL),('rptis.land.actions.UpdateAdjustment.adjustment','rptis.land.actions.UpdateAdjustment','adjustment',1,'Adjustment',NULL,'var',NULL,NULL,NULL,'rptis.land.facts.LandAdjustment',NULL),('rptis.land.actions.UpdateAdjustment.expr','rptis.land.actions.UpdateAdjustment','expr',2,'Computation',NULL,'expression',NULL,NULL,NULL,NULL,NULL),('rptis.land.actions.UpdateLandDetailActualUseAdj.ex','rptis.land.actions.UpdateLandDetailActualUseAdj','expr',2,'Computation',NULL,'expression',NULL,NULL,NULL,NULL,NULL),('rptis.land.actions.UpdateLandDetailActualUseAdj.la','rptis.land.actions.UpdateLandDetailActualUseAdj','landdetail',1,'Land Item Appraisal',NULL,'var',NULL,NULL,NULL,'rptis.land.facts.LandDetail',NULL),('rptis.land.actions.UpdateLandDetailAdjustment.expr','rptis.land.actions.UpdateLandDetailAdjustment','expr',2,'Computation',NULL,'expression',NULL,NULL,NULL,NULL,NULL),('rptis.land.actions.UpdateLandDetailAdjustment.land','rptis.land.actions.UpdateLandDetailAdjustment','landdetail',1,'Land Item Appraisal',NULL,'var',NULL,NULL,NULL,'rptis.land.facts.LandDetail',NULL),('rptis.land.actions.UpdateLandDetailValueAdjustment','rptis.land.actions.UpdateLandDetailValueAdjustment','expr',2,'Computation',NULL,'expression',NULL,NULL,NULL,NULL,NULL),('rptis.landtax.actions.AddBasic.av','rptis.landtax.actions.AddBasic','av',3,'AV',NULL,'expression',NULL,NULL,NULL,NULL,NULL),('rptis.landtax.actions.AddBasic.avfact','rptis.landtax.actions.AddBasic','avfact',1,'AV Info',NULL,'var',NULL,NULL,NULL,'rptis.landtax.facts.AssessedValue',NULL),('rptis.landtax.actions.AddBasic.year','rptis.landtax.actions.AddBasic','year',2,'Year',NULL,'var',NULL,NULL,NULL,'integer',NULL),('rptis.landtax.actions.AddBillItem.taxsummary','rptis.landtax.actions.AddBillItem','taxsummary',1,'Tax Summary',NULL,'var',NULL,NULL,NULL,'rptis.landtax.facts.RPTLedgerTaxSummaryFact',NULL),('rptis.landtax.actions.AddFireCode.av','rptis.landtax.actions.AddFireCode','av',3,'AV',NULL,'expression',NULL,NULL,NULL,NULL,NULL),('rptis.landtax.actions.AddFireCode.avfact','rptis.landtax.actions.AddFireCode','avfact',1,'AV Info',NULL,'var',NULL,NULL,NULL,'rptis.landtax.facts.AssessedValue',NULL),('rptis.landtax.actions.AddFireCode.year','rptis.landtax.actions.AddFireCode','year',2,'Year',NULL,'var',NULL,NULL,NULL,'integer',NULL),('rptis.landtax.actions.AddIdleLand.av','rptis.landtax.actions.AddIdleLand','av',3,'AV',NULL,'expression',NULL,NULL,NULL,NULL,NULL),('rptis.landtax.actions.AddIdleLand.avfact','rptis.landtax.actions.AddIdleLand','avfact',1,'AV Info',NULL,'var',NULL,NULL,NULL,'rptis.landtax.facts.AssessedValue',NULL),('rptis.landtax.actions.AddIdleLand.year','rptis.landtax.actions.AddIdleLand','year',2,'Year',NULL,'var',NULL,NULL,NULL,NULL,NULL),('rptis.landtax.actions.AddSef.av','rptis.landtax.actions.AddSef','av',3,'AV',NULL,'expression',NULL,NULL,NULL,NULL,NULL),('rptis.landtax.actions.AddSef.avfact','rptis.landtax.actions.AddSef','avfact',1,'AV Info',NULL,'var',NULL,NULL,NULL,'rptis.landtax.facts.AssessedValue',NULL),('rptis.landtax.actions.AddSef.year','rptis.landtax.actions.AddSef','year',2,'Year',NULL,'var',NULL,NULL,NULL,'integer',NULL),('rptis.landtax.actions.AddShare.amtdue','rptis.landtax.actions.AddShare','amtdue',5,'Amount Due',NULL,'expression',NULL,NULL,NULL,NULL,NULL),('rptis.landtax.actions.AddShare.billitem','rptis.landtax.actions.AddShare','billitem',1,'Bill Item',NULL,'var',NULL,NULL,NULL,'rptis.landtax.facts.RPTBillItem',NULL),('rptis.landtax.actions.AddShare.orgclass','rptis.landtax.actions.AddShare','orgclass',2,'Share Type',NULL,'lov',NULL,NULL,NULL,NULL,'RPT_BILLING_LGU_TYPES'),('rptis.landtax.actions.AddShare.orgid','rptis.landtax.actions.AddShare','orgid',3,'Org',NULL,'var','org:lookup','objid','name','String',NULL),('rptis.landtax.actions.AddShare.payableparentacct','rptis.landtax.actions.AddShare','payableparentacct',4,'Payable Account',NULL,'lookup','revenueitem:lookup','objid','title',NULL,NULL),('rptis.landtax.actions.AddShare.rate','rptis.landtax.actions.AddShare','rate',6,'Share (decimal)',NULL,'expression',NULL,NULL,NULL,NULL,NULL),('rptis.landtax.actions.AddSocialHousing.av','rptis.landtax.actions.AddSocialHousing','av',3,'AV',NULL,'expression',NULL,NULL,NULL,NULL,NULL),('rptis.landtax.actions.AddSocialHousing.avfact','rptis.landtax.actions.AddSocialHousing','avfact',1,'AV Info',NULL,'var',NULL,NULL,NULL,'rptis.landtax.facts.AssessedValue',NULL),('rptis.landtax.actions.AddSocialHousing.year','rptis.landtax.actions.AddSocialHousing','year',2,'Year',NULL,'var',NULL,NULL,NULL,NULL,NULL),('rptis.landtax.actions.AggregateLedgerItem.rptledge','rptis.landtax.actions.AggregateLedgerItem','rptledgeritem',1,'Ledger Item',NULL,'var',NULL,NULL,NULL,'rptis.landtax.facts.RPTLedgerItemFact',NULL),('rptis.landtax.actions.CalcDiscount.expr','rptis.landtax.actions.CalcDiscount','expr',2,'Computation',NULL,'expression',NULL,NULL,NULL,NULL,NULL),('rptis.landtax.actions.CalcDiscount.rptledgeritem','rptis.landtax.actions.CalcDiscount','rptledgeritem',1,'Ledger Item',NULL,'var',NULL,NULL,NULL,'rptis.landtax.facts.RPTLedgerItemFact',NULL),('rptis.landtax.actions.CalcInterest.expr','rptis.landtax.actions.CalcInterest','expr',2,'Computation',NULL,'expression',NULL,NULL,NULL,NULL,NULL),('rptis.landtax.actions.CalcInterest.rptledgeritem','rptis.landtax.actions.CalcInterest','rptledgeritem',1,'Ledger Item',NULL,'var',NULL,NULL,NULL,'rptis.landtax.facts.RPTLedgerItemFact',NULL),('rptis.landtax.actions.CalcTax.expr','rptis.landtax.actions.CalcTax','expr',2,'Computation',NULL,'expression',NULL,NULL,NULL,NULL,NULL),('rptis.landtax.actions.CalcTax.rptledgeritem','rptis.landtax.actions.CalcTax','rptledgeritem',1,'Ledger Item',NULL,'var',NULL,NULL,NULL,'rptis.landtax.facts.RPTLedgerItemFact',NULL),('rptis.landtax.actions.CreateTaxSummary.revperiod','rptis.landtax.actions.CreateTaxSummary','revperiod',2,'Revenue Period',NULL,'lov',NULL,NULL,NULL,NULL,'RPT_REVENUE_PERIODS'),('rptis.landtax.actions.CreateTaxSummary.rptledgerit','rptis.landtax.actions.CreateTaxSummary','rptledgeritem',1,'RPT Ledger Item','','var','','','','rptis.landtax.facts.RPTLedgerItemFact',''),('rptis.landtax.actions.CreateTaxSummary.var','rptis.landtax.actions.CreateTaxSummary','var',3,'Variable Name',NULL,'lookup','rptparameter:lookup','name','name',NULL,''),('rptis.landtax.actions.RemoveLedgerItem.rptledgerit','rptis.landtax.actions.RemoveLedgerItem','rptledgeritem',1,'Ledger Item',NULL,'var',NULL,NULL,NULL,'rptis.landtax.facts.RPTLedgerItemFact',NULL),('rptis.landtax.actions.SetBillExpiryDate.bill','rptis.landtax.actions.SetBillExpiryDate','bill',1,'Bill',NULL,'var',NULL,NULL,NULL,'rptis.landtax.facts.Bill',NULL),('rptis.landtax.actions.SetBillExpiryDate.expr','rptis.landtax.actions.SetBillExpiryDate','expr',2,'Expiry Date',NULL,'expression',NULL,NULL,NULL,NULL,NULL),('rptis.landtax.actions.SplitByQtr.rptledgeritem','rptis.landtax.actions.SplitByQtr','rptledgeritem',1,'Ledger Item',NULL,'var',NULL,NULL,NULL,'rptis.landtax.facts.RPTLedgerItemFact',NULL),('rptis.landtax.actions.SplitLedgerItem.rptledgerite','rptis.landtax.actions.SplitLedgerItem','rptledgeritem',1,'Ledger Item',NULL,'var',NULL,NULL,NULL,'rptis.landtax.facts.RPTLedgerItemFact',NULL),('rptis.landtax.actions.UpdateAV.avfact','rptis.landtax.actions.UpdateAV','avfact',1,'Assessed Value',NULL,'var',NULL,NULL,NULL,'rptis.landtax.facts.AssessedValue',NULL),('rptis.landtax.actions.UpdateAV.expr','rptis.landtax.actions.UpdateAV','expr',2,'Computation',NULL,'expression',NULL,NULL,NULL,NULL,NULL),('rptis.mach.actions.AddAssessmentInfo.machuse','rptis.mach.actions.AddAssessmentInfo','machuse',1,'Machine Actual Use',NULL,'var',NULL,NULL,NULL,'rptis.mach.facts.MachineActualUse',NULL),('rptis.mach.actions.CalcMachineAssessLevel.machine','rptis.mach.actions.CalcMachineAssessLevel','machine',2,'Machine',NULL,'var',NULL,NULL,NULL,'rptis.mach.facts.MachineDetail',NULL),('rptis.mach.actions.CalcMachineAssessLevel.machuse','rptis.mach.actions.CalcMachineAssessLevel','machuse',1,'Machine Use',NULL,'var',NULL,NULL,NULL,'rptis.mach.facts.MachineActualUse',NULL),('rptis.mach.actions.CalcMachineAV.expr','rptis.mach.actions.CalcMachineAV','expr',2,'Computation',NULL,'expression',NULL,NULL,NULL,NULL,NULL),('rptis.mach.actions.CalcMachineAV.machine','rptis.mach.actions.CalcMachineAV','machine',1,'Machinery',NULL,'var',NULL,NULL,NULL,'rptis.mach.facts.MachineDetail',NULL),('rptis.mach.actions.CalcMachineBMV.expr','rptis.mach.actions.CalcMachineBMV','expr',2,'Computation',NULL,'expression',NULL,NULL,NULL,NULL,NULL),('rptis.mach.actions.CalcMachineBMV.machine','rptis.mach.actions.CalcMachineBMV','machine',1,'Machinery',NULL,'var',NULL,NULL,NULL,'rptis.mach.facts.MachineDetail',NULL),('rptis.mach.actions.CalcMachineDepreciation.expr','rptis.mach.actions.CalcMachineDepreciation','expr',2,'Computation',NULL,'expression',NULL,NULL,NULL,NULL,NULL),('rptis.mach.actions.CalcMachineDepreciation.machine','rptis.mach.actions.CalcMachineDepreciation','machine',1,'Machinery',NULL,'var',NULL,NULL,NULL,'rptis.mach.facts.MachineDetail',NULL),('rptis.mach.actions.CalcMachineMV.expr','rptis.mach.actions.CalcMachineMV','expr',2,'Computation',NULL,'expression',NULL,NULL,NULL,NULL,NULL),('rptis.mach.actions.CalcMachineMV.machine','rptis.mach.actions.CalcMachineMV','machine',1,'Machinery',NULL,'var',NULL,NULL,NULL,'rptis.mach.facts.MachineDetail',NULL),('rptis.mach.actions.CalcMachUseAssessLevel.machuse','rptis.mach.actions.CalcMachUseAssessLevel','machuse',1,'Machine Actual Use',NULL,'var',NULL,NULL,NULL,'rptis.mach.facts.MachineActualUse',NULL),('rptis.mach.actions.CalcMachUseAV.machuse','rptis.mach.actions.CalcMachUseAV','machuse',1,'Machine Actual Use',NULL,'var',NULL,NULL,NULL,'rptis.mach.facts.MachineActualUse',NULL),('rptis.misc.actions.CalcAssessValue.expr','rptis.misc.actions.CalcAssessValue','expr',2,'Computation',NULL,'expression',NULL,NULL,NULL,NULL,NULL),('rptis.misc.actions.CalcAssessValue.miscitem','rptis.misc.actions.CalcAssessValue','miscitem',1,'Miscellaneous Item',NULL,'var',NULL,NULL,NULL,'rptis.misc.facts.MiscItem',NULL),('rptis.misc.actions.CalcBaseMarketValue.expr','rptis.misc.actions.CalcBaseMarketValue','expr',2,'Computation',NULL,'expression',NULL,NULL,NULL,NULL,NULL),('rptis.misc.actions.CalcBaseMarketValue.miscitem','rptis.misc.actions.CalcBaseMarketValue','miscitem',1,'Miscellaneous Item',NULL,'var',NULL,NULL,NULL,'rptis.misc.facts.MiscItem',NULL),('rptis.misc.actions.CalcDepreciation.expr','rptis.misc.actions.CalcDepreciation','expr',2,'Computation',NULL,'expression',NULL,NULL,NULL,NULL,NULL),('rptis.misc.actions.CalcDepreciation.miscitem','rptis.misc.actions.CalcDepreciation','miscitem',1,'Miscellaneous Item',NULL,'var',NULL,NULL,NULL,'rptis.misc.facts.MiscItem',NULL),('rptis.misc.actions.CalcMarketValue.expr','rptis.misc.actions.CalcMarketValue','expr',2,'Computation',NULL,'expression',NULL,NULL,NULL,NULL,NULL),('rptis.misc.actions.CalcMarketValue.miscitem','rptis.misc.actions.CalcMarketValue','miscitem',1,'Miscelleneous Item',NULL,'var',NULL,NULL,NULL,'rptis.misc.facts.MiscItem',NULL),('rptis.misc.actions.CalcMiscRPUAssessLevel.expr','rptis.misc.actions.CalcMiscRPUAssessLevel','expr',2,'Computation',NULL,'expression',NULL,NULL,NULL,NULL,NULL),('rptis.misc.actions.CalcMiscRPUAssessLevel.miscrpu','rptis.misc.actions.CalcMiscRPUAssessLevel','miscrpu',1,'Miscellaneous RPU',NULL,'var',NULL,NULL,NULL,'rptis.misc.facts.MiscRPU',NULL),('rptis.misc.actions.CalcMiscRPUAssessValue.expr','rptis.misc.actions.CalcMiscRPUAssessValue','expr',2,'Computation',NULL,'expression',NULL,NULL,NULL,NULL,NULL),('rptis.misc.actions.CalcMiscRPUAssessValue.miscrpu','rptis.misc.actions.CalcMiscRPUAssessValue','miscrpu',1,'Miscellaneous RPU',NULL,'var',NULL,NULL,NULL,'rptis.misc.facts.MiscRPU',NULL),('rptis.misc.actions.CalcMiscRPUBaseMarketValue.expr','rptis.misc.actions.CalcMiscRPUBaseMarketValue','expr',2,'Computation',NULL,'expression',NULL,NULL,NULL,NULL,NULL),('rptis.misc.actions.CalcMiscRPUBaseMarketValue.misc','rptis.misc.actions.CalcMiscRPUBaseMarketValue','miscrpu',1,'Miscellaneous RPU',NULL,'var',NULL,NULL,NULL,'rptis.misc.facts.MiscRPU',NULL),('rptis.misc.actions.CalcMiscRPUMarketValue.expr','rptis.misc.actions.CalcMiscRPUMarketValue','expr',2,'Computation',NULL,'expression',NULL,NULL,NULL,NULL,NULL),('rptis.misc.actions.CalcMiscRPUMarketValue.miscrpu','rptis.misc.actions.CalcMiscRPUMarketValue','miscrpu',1,'Miscellaneous RPU',NULL,'var',NULL,NULL,NULL,'rptis.misc.facts.MiscRPU',NULL),('rptis.planttree.actions.AddPlantTreeAssessmentInfo','rptis.planttree.actions.AddPlantTreeAssessmentInfo','planttreedetail',1,'Plant/Tree',NULL,'var',NULL,NULL,NULL,'rptis.planttree.facts.PlantTreeDetail',NULL),('rptis.planttree.actions.CalcPlantTreeAdjustment.ex','rptis.planttree.actions.CalcPlantTreeAdjustment','expr',2,'Computation',NULL,'expression',NULL,NULL,NULL,NULL,NULL),('rptis.planttree.actions.CalcPlantTreeAdjustment.pl','rptis.planttree.actions.CalcPlantTreeAdjustment','planttreedetail',1,'Plant/Tree Appraisal',NULL,'var',NULL,NULL,NULL,'rptis.planttree.facts.PlantTreeDetail',NULL),('rptis.planttree.actions.CalcPlantTreeAssessValue.e','rptis.planttree.actions.CalcPlantTreeAssessValue','expr',2,'Computation',NULL,'expression',NULL,NULL,NULL,NULL,NULL),('rptis.planttree.actions.CalcPlantTreeAssessValue.p','rptis.planttree.actions.CalcPlantTreeAssessValue','planttreedetail',1,'Plant/Tree Appraisal',NULL,'var',NULL,NULL,NULL,'rptis.planttree.facts.PlantTreeDetail',NULL),('rptis.planttree.actions.CalcPlantTreeBMV.expr','rptis.planttree.actions.CalcPlantTreeBMV','expr',2,'Computation',NULL,'expression',NULL,NULL,NULL,NULL,NULL),('rptis.planttree.actions.CalcPlantTreeBMV.planttree','rptis.planttree.actions.CalcPlantTreeBMV','planttreedetail',1,'Plant/Tree Appraisal',NULL,'var',NULL,NULL,NULL,'rptis.planttree.facts.PlantTreeDetail',NULL),('rptis.planttree.actions.CalcPlantTreeMarketValue.e','rptis.planttree.actions.CalcPlantTreeMarketValue','expr',2,'Computation',NULL,'expression',NULL,NULL,NULL,NULL,NULL),('rptis.planttree.actions.CalcPlantTreeMarketValue.p','rptis.planttree.actions.CalcPlantTreeMarketValue','planttreedetail',1,'Plant/Tree Appraisal',NULL,'var',NULL,NULL,NULL,'rptis.planttree.facts.PlantTreeDetail',NULL),('treasury.actions.AddRevenueShareByOrg.amount','treasury.actions.AddRevenueShare','amount',4,'Amount',NULL,'expression',NULL,NULL,NULL,NULL,NULL),('treasury.actions.AddRevenueShareByOrg.org','treasury.actions.AddRevenueShare','org',3,'Org',NULL,'var',NULL,NULL,NULL,'enterprise.facts.Org',NULL),('treasury.actions.AddRevenueShareByOrg.payableaccount','treasury.actions.AddRevenueShare','payableaccount',2,'Payable Account',NULL,'lookup','payableaccount:lookup','objid','title','string',NULL),('treasury.actions.AddRevenueShareByOrg.refitem','treasury.actions.AddRevenueShare','refitem',1,'Ref Item',NULL,'var','revenueitem:lookup','objid','title','treasury.facts.AbstractBillItem',NULL);
/*!40000 ALTER TABLE `sys_rule_actiondef_param` ENABLE KEYS */;
UNLOCK TABLES;

--
-- Table structure for table `sys_rule_condition`
--

DROP TABLE IF EXISTS `sys_rule_condition`;
/*!40101 SET @saved_cs_client     = @@character_set_client */;
/*!40101 SET character_set_client = utf8 */;
CREATE TABLE `sys_rule_condition` (
  `objid` varchar(50) NOT NULL,
  `parentid` varchar(50) DEFAULT NULL,
  `fact_name` varchar(50) DEFAULT NULL,
  `fact_objid` varchar(50) DEFAULT NULL,
  `varname` varchar(50) DEFAULT NULL,
  `pos` int(11) DEFAULT NULL,
  `ruletext` longtext,
  `displaytext` longtext,
  `dynamic_datatype` varchar(50) DEFAULT NULL,
  `dynamic_key` varchar(50) DEFAULT NULL,
  `dynamic_value` varchar(50) DEFAULT NULL,
  `notexist` int(11) NOT NULL DEFAULT '0',
  PRIMARY KEY (`objid`),
  KEY `ix_fact_objid` (`fact_objid`),
  KEY `ix_parentid` (`parentid`),
  CONSTRAINT `sys_rule_condition_ibfk_2` FOREIGN KEY (`parentid`) REFERENCES `sys_rule` (`objid`),
  CONSTRAINT `sys_rule_condition_ibfk_1` FOREIGN KEY (`fact_objid`) REFERENCES `sys_rule_fact` (`objid`)
) ENGINE=InnoDB DEFAULT CHARSET=utf8;
/*!40101 SET character_set_client = @saved_cs_client */;

--
-- Dumping data for table `sys_rule_condition`
--

LOCK TABLES `sys_rule_condition` WRITE;
/*!40000 ALTER TABLE `sys_rule_condition` DISABLE KEYS */;
INSERT INTO `sys_rule_condition` VALUES ('RC-17442746:16be936f033:-7e86','RUL483027b0:16be9375c61:-77e6','rptis.landtax.facts.RPTLedgerItemFact','rptis.landtax.facts.RPTLedgerItemFact','RLI',0,NULL,NULL,NULL,NULL,NULL,0),('RC16a7ee38:15cfcd300fe:-7fba','RUL-79a9a347:15cfcae84de:-55fd','rptis.facts.RPUAssessment','rptis.facts.RPUAssessment','RA',0,NULL,NULL,NULL,NULL,NULL,0),('RC16a7ee38:15cfcd300fe:-7fbc','RUL-79a9a347:15cfcae84de:-55fd','rptis.facts.RPU','rptis.facts.RPU','RPU',1,NULL,NULL,NULL,NULL,NULL,0),('RC387565a4:178b45fb088:-7eaa','RUL5ca73361:178b46b1030:-41a3','rptis.facts.RPU','rptis.facts.RPU','RPU',1,NULL,NULL,NULL,NULL,NULL,0),('RC387565a4:178b45fb088:-7ead','RUL5ca73361:178b46b1030:-41a3','rptis.facts.RPUAssessment','rptis.facts.RPUAssessment','RA',0,NULL,NULL,NULL,NULL,NULL,0),('RC440e47f4:166ae4152f1:-7fbe','RUL1262ad19:166ae41b1fb:-7c88','CurrentDate','CurrentDate',NULL,0,NULL,NULL,NULL,NULL,NULL,0),('RC440e47f4:166ae4152f1:-7fc0','RUL1262ad19:166ae41b1fb:-7c88','rptis.landtax.facts.RPTLedgerItemFact','rptis.landtax.facts.RPTLedgerItemFact','RLI',1,NULL,NULL,NULL,NULL,NULL,0),('RC70978a15:166ae6875d1:-7f22','RUL7e02b404:166ae687f42:-5511','rptis.landtax.facts.RPTLedgerItemFact','rptis.landtax.facts.RPTLedgerItemFact','RLI',1,NULL,NULL,NULL,NULL,NULL,0),('RC70978a15:166ae6875d1:-7f24','RUL7e02b404:166ae687f42:-5511','CurrentDate','CurrentDate',NULL,0,NULL,NULL,NULL,NULL,NULL,0),('RC7280357:166235c1be7:-7fad','RULec9d7ab:166235c2e16:-26bf','CurrentDate','CurrentDate',NULL,0,NULL,NULL,NULL,NULL,NULL,0),('RC7280357:166235c1be7:-7faf','RULec9d7ab:166235c2e16:-26bf','rptis.landtax.facts.RPTLedgerItemFact','rptis.landtax.facts.RPTLedgerItemFact','RLI',1,NULL,NULL,NULL,NULL,NULL,0),('RC7280357:166235c1be7:-7fb4','RULec9d7ab:166235c2e16:-26d0','CurrentDate','CurrentDate',NULL,0,NULL,NULL,NULL,NULL,NULL,0),('RC7280357:166235c1be7:-7fb6','RULec9d7ab:166235c2e16:-26d0','rptis.landtax.facts.RPTLedgerItemFact','rptis.landtax.facts.RPTLedgerItemFact','RLI',1,NULL,NULL,NULL,NULL,NULL,0),('RC7280357:166235c1be7:-7fbb','RULec9d7ab:166235c2e16:-319f','CurrentDate','CurrentDate',NULL,0,NULL,NULL,NULL,NULL,NULL,0),('RC7280357:166235c1be7:-7fbd','RULec9d7ab:166235c2e16:-319f','rptis.landtax.facts.RPTLedgerFact','rptis.landtax.facts.RPTLedgerFact','RL',1,NULL,NULL,NULL,NULL,NULL,0),('RC7280357:166235c1be7:-7fc0','RULec9d7ab:166235c2e16:-319f','rptis.landtax.facts.Bill','rptis.landtax.facts.Bill','BILL',2,NULL,NULL,NULL,NULL,NULL,0),('RC7280357:166235c1be7:-7fc7','RULec9d7ab:166235c2e16:-3811','rptis.landtax.facts.RPTLedgerItemFact','rptis.landtax.facts.RPTLedgerItemFact','RLI',1,NULL,NULL,NULL,NULL,NULL,0),('RC7280357:166235c1be7:-7fc9','RULec9d7ab:166235c2e16:-3811','rptis.landtax.facts.Bill','rptis.landtax.facts.Bill','BILL',2,NULL,NULL,NULL,NULL,NULL,0),('RC7280357:166235c1be7:-7fcf','RULec9d7ab:166235c2e16:-4197','CurrentDate','CurrentDate',NULL,0,NULL,NULL,NULL,NULL,NULL,0),('RC7280357:166235c1be7:-7fd4','RULec9d7ab:166235c2e16:-4197','rptis.landtax.facts.RPTLedgerItemFact','rptis.landtax.facts.RPTLedgerItemFact','RLI',1,NULL,NULL,NULL,NULL,NULL,0),('RCOND-103fed47:146ffb40356:-7d40','RUL3e2b89cb:146ff734573:-7dcc','rptis.bldg.facts.BldgRPU','rptis.bldg.facts.BldgRPU','RPU',0,NULL,NULL,NULL,NULL,NULL,0),('RCOND-128a4cad:146f96a678e:-7e14','RUL-128a4cad:146f96a678e:-7e52','rptis.land.facts.LandDetail','rptis.land.facts.LandDetail','LA',0,NULL,NULL,NULL,NULL,NULL,0),('RCOND-1a2d6e9b:1692d429304:-7748','RUL-1a2d6e9b:1692d429304:-7779','rptis.landtax.facts.AssessedValue','rptis.landtax.facts.AssessedValue','AVINFO',0,NULL,NULL,NULL,NULL,NULL,0),('RCOND-2486b0ca:146fff66c3e:-2bf1','RUL-2486b0ca:146fff66c3e:-2c4a','rptis.bldg.facts.BldgUse','rptis.bldg.facts.BldgUse','BU',0,NULL,NULL,NULL,NULL,NULL,0),('RCOND-2486b0ca:146fff66c3e:-3888','RUL-2486b0ca:146fff66c3e:-38e4','rptis.bldg.facts.BldgFloor','rptis.bldg.facts.BldgFloor','BF',0,NULL,NULL,NULL,NULL,NULL,0),('RCOND-2486b0ca:146fff66c3e:-3ed1','RUL-2486b0ca:146fff66c3e:-4192','rptis.bldg.facts.BldgUse','rptis.bldg.facts.BldgUse','BU',1,NULL,NULL,NULL,NULL,NULL,0),('RCOND-2486b0ca:146fff66c3e:-3f91','RUL-2486b0ca:146fff66c3e:-4192','rptis.bldg.facts.BldgRPU','rptis.bldg.facts.BldgRPU','RPU',0,NULL,NULL,NULL,NULL,NULL,0),('RCOND-2486b0ca:146fff66c3e:-445d','RUL-2486b0ca:146fff66c3e:-4697','rptis.bldg.facts.BldgStructure','rptis.bldg.facts.BldgStructure','BS',0,NULL,NULL,NULL,NULL,NULL,0),('RCOND-2486b0ca:146fff66c3e:-6aad','RUL-2486b0ca:146fff66c3e:-6b05','rptis.bldg.facts.BldgFloor','rptis.bldg.facts.BldgFloor','BF',0,NULL,NULL,NULL,NULL,NULL,0),('RCOND-28dc975:156bcab666c:-5f3d','RUL-3e8edbea:156bc08656a:-5f05','rptis.facts.RPTVariable','rptis.facts.RPTVariable','VAR',1,NULL,NULL,NULL,NULL,NULL,0),('RCOND-28dc975:156bcab666c:-6051','RUL-3e8edbea:156bc08656a:-5f05','rptis.facts.RPU','rptis.facts.RPU','RPU',0,NULL,NULL,NULL,NULL,NULL,0),('RCOND-2ede6703:16642adb9ce:-7a39','RUL-2ede6703:16642adb9ce:-7ba0','rptis.landtax.facts.Bill','rptis.landtax.facts.Bill','BILL',0,NULL,NULL,NULL,NULL,NULL,0),('RCOND-36ba5ccb:1430894b791:-5f71','RUL-36ba5ccb:1430894b791:-6677','BillDate','RULFACT-46f22f55:14231734d86:-7eca',NULL,1,NULL,NULL,NULL,NULL,NULL,0),('RCOND-36ba5ccb:1430894b791:-5ff4','RUL-36ba5ccb:1430894b791:-6677','qtrdate','RULFACT-fd57605:142324ab5d2:-7f33',NULL,0,NULL,NULL,NULL,NULL,NULL,0),('RCOND-3dc4dd90:14451e4a9d5:-6e9e','RUL-36ba5ccb:1430894b791:-6677','businesstax','RULFACT-1f3e2b64:14230dd8f62:-7eb6','BT',3,NULL,NULL,NULL,NULL,NULL,0),('RCOND-3dc4dd90:14451e4a9d5:-6f12','RUL-36ba5ccb:1430894b791:-6677','lob','RULFACT-76732870:14196dc4027:-7f87','LOB',2,NULL,NULL,NULL,NULL,NULL,0),('RCOND-43adaf20:179c6921191:-4d1d','RUL-43adaf20:179c6921191:-4d61','rptis.land.facts.LandDetail','rptis.land.facts.LandDetail','LA',0,NULL,NULL,NULL,NULL,NULL,0),('RCOND-43adaf20:179c6921191:-4ebf','RUL-43adaf20:179c6921191:-4f03','rptis.land.facts.LandDetail','rptis.land.facts.LandDetail','LA',0,NULL,NULL,NULL,NULL,NULL,0),('RCOND-43adaf20:179c6921191:-510e','RUL-43adaf20:179c6921191:-5152','rptis.land.facts.LandDetail','rptis.land.facts.LandDetail','LA',0,NULL,NULL,NULL,NULL,NULL,0),('RCOND-43adaf20:179c6921191:-5a08','RUL-43adaf20:179c6921191:-5b4f','rptis.landtax.facts.RPTLedgerItemFact','rptis.landtax.facts.RPTLedgerItemFact','RLI',1,NULL,NULL,NULL,NULL,NULL,0),('RCOND-43adaf20:179c6921191:-5afd','RUL-43adaf20:179c6921191:-5b4f','CurrentDate','CurrentDate',NULL,0,NULL,NULL,NULL,NULL,NULL,0),('RCOND-43adaf20:179c6921191:-5dbd','RUL-43adaf20:179c6921191:-5f04','rptis.landtax.facts.RPTLedgerItemFact','rptis.landtax.facts.RPTLedgerItemFact','RLI',1,NULL,NULL,NULL,NULL,NULL,0),('RCOND-43adaf20:179c6921191:-5eb2','RUL-43adaf20:179c6921191:-5f04','CurrentDate','CurrentDate',NULL,0,NULL,NULL,NULL,NULL,NULL,0),('RCOND-43adaf20:179c6921191:-60f0','RUL-43adaf20:179c6921191:-61e1','rptis.landtax.facts.RPTLedgerItemFact','rptis.landtax.facts.RPTLedgerItemFact','RLI',1,NULL,NULL,NULL,NULL,NULL,0),('RCOND-43adaf20:179c6921191:-618f','RUL-43adaf20:179c6921191:-61e1','CurrentDate','CurrentDate',NULL,0,NULL,NULL,NULL,NULL,NULL,0),('RCOND-43adaf20:179c6921191:-6304','RUL-43adaf20:179c6921191:-6498','rptis.landtax.facts.RPTLedgerItemFact','rptis.landtax.facts.RPTLedgerItemFact','RLI',2,NULL,NULL,NULL,NULL,NULL,0),('RCOND-43adaf20:179c6921191:-63a9','RUL-43adaf20:179c6921191:-6498','rptis.landtax.facts.RPTLedgerFact','rptis.landtax.facts.RPTLedgerFact','RL',1,NULL,NULL,NULL,NULL,NULL,0),('RCOND-43adaf20:179c6921191:-6446','RUL-43adaf20:179c6921191:-6498','CurrentDate','CurrentDate',NULL,0,NULL,NULL,NULL,NULL,NULL,0),('RCOND-43adaf20:179c6921191:-69ac','RUL-43adaf20:179c6921191:-6af3','rptis.landtax.facts.RPTLedgerItemFact','rptis.landtax.facts.RPTLedgerItemFact','RLI',1,NULL,NULL,NULL,NULL,NULL,0),('RCOND-43adaf20:179c6921191:-6aa1','RUL-43adaf20:179c6921191:-6af3','CurrentDate','CurrentDate',NULL,0,NULL,NULL,NULL,NULL,NULL,0),('RCOND-43adaf20:179c6921191:-6d1e','RUL-43adaf20:179c6921191:-6edf','rptis.landtax.facts.RPTLedgerItemFact','rptis.landtax.facts.RPTLedgerItemFact','RLI',1,NULL,NULL,NULL,NULL,NULL,0),('RCOND-43adaf20:179c6921191:-6e8d','RUL-43adaf20:179c6921191:-6edf','CurrentDate','CurrentDate',NULL,0,NULL,NULL,NULL,NULL,NULL,0),('RCOND-43adaf20:179c6921191:-7361','RUL-43adaf20:179c6921191:-74a8','rptis.landtax.facts.RPTLedgerItemFact','rptis.landtax.facts.RPTLedgerItemFact','RLI',1,NULL,NULL,NULL,NULL,NULL,0),('RCOND-43adaf20:179c6921191:-7456','RUL-43adaf20:179c6921191:-74a8','CurrentDate','CurrentDate',NULL,0,NULL,NULL,NULL,NULL,NULL,0),('RCOND-43adaf20:179c6921191:-7c1a','RUL-43adaf20:179c6921191:-7d0b','rptis.landtax.facts.RPTLedgerItemFact','rptis.landtax.facts.RPTLedgerItemFact','RLI',1,NULL,NULL,NULL,NULL,NULL,0),('RCOND-43adaf20:179c6921191:-7cb9','RUL-43adaf20:179c6921191:-7d0b','CurrentDate','CurrentDate',NULL,0,NULL,NULL,NULL,NULL,NULL,0),('RCOND-43c886ca:14b635c01aa:-7853','RUL5bc4ec91:14b5e07aca6:-7b58','qtrdate','RULFACT-fd57605:142324ab5d2:-7f33',NULL,2,NULL,NULL,NULL,NULL,NULL,0),('RCOND-43c886ca:14b635c01aa:-7926','RUL5bc4ec91:14b5e07aca6:-7b58','BillDate','RULFACT-46f22f55:14231734d86:-7eca',NULL,1,NULL,NULL,NULL,NULL,NULL,0),('RCOND-479f9644:17849e550ea:23b','RUL-479f9644:17849e550ea:143','rptis.facts.RPU','rptis.facts.RPU','RPU',0,NULL,NULL,NULL,NULL,NULL,0),('RCOND-479f9644:17849e550ea:2df','RUL-479f9644:17849e550ea:143','rptis.facts.RPTVariable','rptis.facts.RPTVariable','VAR',1,NULL,NULL,NULL,NULL,NULL,0),('RCOND-4fd26d3d:142fa7a65f9:-7124','RUL-4fd26d3d:142fa7a65f9:-7200','businesstax','RULFACT-1f3e2b64:14230dd8f62:-7eb6','BT',1,NULL,NULL,NULL,NULL,NULL,0),('RCOND-4fd26d3d:142fa7a65f9:-71a1','RUL-4fd26d3d:142fa7a65f9:-7200','lob','RULFACT-76732870:14196dc4027:-7f87','LOB',0,NULL,NULL,NULL,NULL,NULL,0),('RCOND-4fd26d3d:142fa7a65f9:-7414','RUL2491462a:142fa35d130:-5a95','businesstax','RULFACT-1f3e2b64:14230dd8f62:-7eb6','BT',1,NULL,NULL,NULL,NULL,NULL,0),('RCOND-4fd26d3d:142fa7a65f9:-7492','RUL2491462a:142fa35d130:-5a95','lob','RULFACT-76732870:14196dc4027:-7f87','LOB',0,NULL,NULL,NULL,NULL,NULL,0),('RCOND-5cc00751:179cb731d09:-69e4','RUL-5cc00751:179cb731d09:-6a11','RPTTxnInfoFact','RPTTxnInfoFact',NULL,0,NULL,NULL,NULL,NULL,NULL,0),('RCOND-60c99d04:1470b276e7f:-7dd3','RUL-60c99d04:1470b276e7f:-7ecc','rptis.bldg.facts.BldgUse','rptis.bldg.facts.BldgUse','BU',1,NULL,NULL,NULL,NULL,NULL,0),('RCOND-60c99d04:1470b276e7f:-7e2a','RUL-60c99d04:1470b276e7f:-7ecc','rptis.bldg.facts.BldgStructure','rptis.bldg.facts.BldgStructure','BS',0,NULL,NULL,NULL,NULL,NULL,0),('RCOND-6c640ca5:1469912956a:-7d0f','RUL-6c640ca5:1469912956a:-7ed8','lob','RULFACT-76732870:14196dc4027:-7f87','LOB',0,NULL,NULL,NULL,NULL,NULL,0),('RCOND-762e9176:15d067a9c42:-5928','RUL-762e9176:15d067a9c42:-5aa0','rptis.facts.RPU','rptis.facts.RPU','RPU',1,NULL,NULL,NULL,NULL,NULL,0),('RCOND-762e9176:15d067a9c42:-5a4b','RUL-762e9176:15d067a9c42:-5aa0','rptis.facts.RPTVariable','rptis.facts.RPTVariable','VAR',0,NULL,NULL,NULL,NULL,NULL,0),('RCOND-762e9176:15d067a9c42:-5d56','RUL-762e9176:15d067a9c42:-5e26','rptis.facts.RPU','rptis.facts.RPU','RPU',1,NULL,NULL,NULL,NULL,NULL,0),('RCOND-762e9176:15d067a9c42:-5dd2','RUL-762e9176:15d067a9c42:-5e26','rptis.facts.RPUAssessment','rptis.facts.RPUAssessment','RA',0,NULL,NULL,NULL,NULL,NULL,0),('RCOND-79a9a347:15cfcae84de:-5af4','RUL-79a9a347:15cfcae84de:-6f2a','rptis.facts.RPTVariable','rptis.facts.RPTVariable','VAR',1,NULL,NULL,NULL,NULL,NULL,0),('RCOND-79a9a347:15cfcae84de:-6222','RUL-79a9a347:15cfcae84de:-6401','rptis.facts.RPU','rptis.facts.RPU','RPU',1,NULL,NULL,NULL,NULL,NULL,0),('RCOND-79a9a347:15cfcae84de:-637a','RUL-79a9a347:15cfcae84de:-6401','rptis.facts.RPUAssessment','rptis.facts.RPUAssessment','RA',0,NULL,NULL,NULL,NULL,NULL,0),('RCOND-79a9a347:15cfcae84de:-6ebc','RUL-79a9a347:15cfcae84de:-6f2a','rptis.facts.RPU','rptis.facts.RPU','RPU',0,NULL,NULL,NULL,NULL,NULL,0),('RCOND-79a9a347:15cfcae84de:4fcd','RUL-79a9a347:15cfcae84de:4f83','rptis.facts.RPUAssessment','rptis.facts.RPUAssessment','RA',0,NULL,NULL,NULL,NULL,NULL,0),('RCOND-79a9a347:15cfcae84de:508d','RUL-79a9a347:15cfcae84de:4f83','rptis.facts.RPU','rptis.facts.RPU','RPU',1,NULL,NULL,NULL,NULL,NULL,0),('RCOND-79a9a347:15cfcae84de:553c','RUL-79a9a347:15cfcae84de:549e','rptis.facts.RPU','rptis.facts.RPU','RPU',1,NULL,NULL,NULL,NULL,NULL,0),('RCOND-79a9a347:15cfcae84de:55ab','RUL-79a9a347:15cfcae84de:549e','rptis.facts.RPTVariable','rptis.facts.RPTVariable','VAR',1,NULL,NULL,NULL,NULL,NULL,0),('RCOND1441128c:1471efa4c1c:-6add','RUL1441128c:1471efa4c1c:-6b41','rptis.facts.RPUAssessment','rptis.facts.RPUAssessment','BA',0,NULL,NULL,NULL,NULL,NULL,0),('RCOND1441128c:1471efa4c1c:-6c2f','RUL1441128c:1471efa4c1c:-6c93','rptis.facts.RPUAssessment','rptis.facts.RPUAssessment','BA',0,NULL,NULL,NULL,NULL,NULL,0),('RCOND1441128c:1471efa4c1c:-6d84','RUL1441128c:1471efa4c1c:-6eaa','rptis.bldg.facts.BldgUse','rptis.bldg.facts.BldgUse','BU',0,NULL,NULL,NULL,NULL,NULL,0),('RCOND1dc7a3de:142b70df9f8:-7f13','RUL1dc7a3de:142b70df9f8:-7fb7','businessinfo','RULFACT-bad19b4:141f3c18435:-7fa9',NULL,1,NULL,NULL,'integer','NUM_EMPLOYEE_FEMALE','NUM_EMPLOYEE_FEMALE',0),('RCOND1dc7a3de:142b70df9f8:-7f5e','RUL1dc7a3de:142b70df9f8:-7fb7','businessinfo','RULFACT-bad19b4:141f3c18435:-7fa9',NULL,0,NULL,NULL,'integer','NUM_EMPLOYEE_MALE','NUM_EMPLOYEE_MALE',0),('RCOND2659bca9:142b667ccd3:-7d1c','RUL2659bca9:142b667ccd3:-7f3f','bpapplication','RULFACT-26aa09fd:1419696e71f:-7feb',NULL,0,NULL,NULL,NULL,NULL,NULL,0),('RCOND36552f88:142c18ff1a4:-7eea','RUL36552f88:142c18ff1a4:-7f16','bpapplication','RULFACT-26aa09fd:1419696e71f:-7feb',NULL,0,NULL,NULL,NULL,NULL,NULL,0),('RCOND3c1a0174:1591f29348e:-486b','RUL43b92fb:14d8589b7da:-658a','bpapplication','RULFACT-26aa09fd:1419696e71f:-7feb',NULL,4,NULL,NULL,NULL,NULL,NULL,0),('RCOND43b92fb:14d8589b7da:-59b1','RUL43b92fb:14d8589b7da:-5ab9','businessinfo','RULFACT-bad19b4:141f3c18435:-7fa9',NULL,1,NULL,NULL,'boolean','HAS_WEIGHT_AND_MEASURE','HAS_WEIGHT_AND_MEASURE',0),('RCOND43b92fb:14d8589b7da:-59f3','RUL43b92fb:14d8589b7da:-5ab9','lob','RULFACT-76732870:14196dc4027:-7f87','LOB',0,NULL,NULL,NULL,NULL,NULL,0),('RCOND43b92fb:14d8589b7da:-5c46','RUL43b92fb:14d8589b7da:-5c97','lob','RULFACT-76732870:14196dc4027:-7f87','LOB',0,NULL,NULL,NULL,NULL,NULL,0),('RCOND43b92fb:14d8589b7da:-62ad','RUL43b92fb:14d8589b7da:-637c','businesstax','RULFACT72bb01b1:141b1fdca80:-7f86','BT',1,NULL,NULL,NULL,NULL,NULL,0),('RCOND43b92fb:14d8589b7da:-6329','RUL43b92fb:14d8589b7da:-637c','lob','RULFACT-76732870:14196dc4027:-7f87','LOB',0,NULL,NULL,NULL,NULL,NULL,0),('RCOND43b92fb:14d8589b7da:-64f6','RUL43b92fb:14d8589b7da:-658a','bpapplication','RULFACT-26aa09fd:1419696e71f:-7feb',NULL,0,NULL,NULL,NULL,NULL,NULL,0),('RCOND43b92fb:14d8589b7da:-66ba','RUL43b92fb:14d8589b7da:-6775','businesstax','RULFACT72bb01b1:141b1fdca80:-7f86','BT',1,NULL,NULL,NULL,NULL,NULL,0),('RCOND43b92fb:14d8589b7da:-6724','RUL43b92fb:14d8589b7da:-6775','lob','RULFACT-76732870:14196dc4027:-7f87','LOB',0,NULL,NULL,NULL,NULL,NULL,0),('RCOND43b92fb:14d8589b7da:-6863','RUL43b92fb:14d8589b7da:-691e','businesstax','RULFACT72bb01b1:141b1fdca80:-7f86','BT',1,NULL,NULL,NULL,NULL,NULL,0),('RCOND43b92fb:14d8589b7da:-68cd','RUL43b92fb:14d8589b7da:-691e','lob','RULFACT-76732870:14196dc4027:-7f87','LOB',0,NULL,NULL,NULL,NULL,NULL,0),('RCOND43b92fb:14d8589b7da:-6a04','RUL43b92fb:14d8589b7da:-6abf','businesstax','RULFACT72bb01b1:141b1fdca80:-7f86','BT',1,NULL,NULL,NULL,NULL,NULL,0),('RCOND43b92fb:14d8589b7da:-6a6e','RUL43b92fb:14d8589b7da:-6abf','lob','RULFACT-76732870:14196dc4027:-7f87','LOB',0,NULL,NULL,NULL,NULL,NULL,0),('RCOND43b92fb:14d8589b7da:-6b9f','RUL43b92fb:14d8589b7da:-6ccb','businesstax','RULFACT72bb01b1:141b1fdca80:-7f86','BT',1,NULL,NULL,NULL,NULL,NULL,0),('RCOND43b92fb:14d8589b7da:-6c0a','RUL43b92fb:14d8589b7da:-6ccb','lob','RULFACT-76732870:14196dc4027:-7f87','LOB',0,NULL,NULL,NULL,NULL,NULL,0),('RCOND43b92fb:14d8589b7da:-6da6','RUL43b92fb:14d8589b7da:-6e72','businesstax','RULFACT72bb01b1:141b1fdca80:-7f86','BT',1,NULL,NULL,NULL,NULL,NULL,0),('RCOND43b92fb:14d8589b7da:-6e21','RUL43b92fb:14d8589b7da:-6e72','lob','RULFACT-76732870:14196dc4027:-7f87','LOB',0,NULL,NULL,NULL,NULL,NULL,0),('RCOND43b92fb:14d8589b7da:-712b','RUL43b92fb:14d8589b7da:-7218','businessinfo','RULFACT-bad19b4:141f3c18435:-7fa9',NULL,1,NULL,NULL,'decimal','GROSS','GROSS',0),('RCOND43b92fb:14d8589b7da:-71c7','RUL43b92fb:14d8589b7da:-7218','lob','RULFACT-76732870:14196dc4027:-7f87','LOB',0,NULL,NULL,NULL,NULL,NULL,0),('RCOND43b92fb:14d8589b7da:-7444','RUL43b92fb:14d8589b7da:-757c','businesstax','RULFACT72bb01b1:141b1fdca80:-7f86','BT',1,NULL,NULL,NULL,NULL,NULL,0),('RCOND43b92fb:14d8589b7da:-752b','RUL43b92fb:14d8589b7da:-757c','lob','RULFACT-76732870:14196dc4027:-7f87','LOB',0,NULL,NULL,NULL,NULL,NULL,0),('RCOND43b92fb:14d8589b7da:-7d3b','RUL43b92fb:14d8589b7da:-7e46','businessinfo','RULFACT-bad19b4:141f3c18435:-7fa9',NULL,1,NULL,NULL,'decimal','CAPITAL','CAPITAL',0),('RCOND43b92fb:14d8589b7da:-7df5','RUL43b92fb:14d8589b7da:-7e46','lob','RULFACT-76732870:14196dc4027:-7f87','LOB',0,NULL,NULL,NULL,NULL,NULL,0),('RCOND49fb6db4:149c7eeb0ca:-5544','RUL49fb6db4:149c7eeb0ca:-568e','bpapplication','RULFACT-26aa09fd:1419696e71f:-7feb',NULL,0,NULL,NULL,NULL,NULL,NULL,0),('RCOND49fb6db4:149c7eeb0ca:-5759','RUL49fb6db4:149c7eeb0ca:-5780','bpapplication','RULFACT-26aa09fd:1419696e71f:-7feb',NULL,0,NULL,NULL,NULL,NULL,NULL,0),('RCOND49fb6db4:149c7eeb0ca:-58fb','RUL49fb6db4:149c7eeb0ca:-5922','bpapplication','RULFACT-26aa09fd:1419696e71f:-7feb',NULL,0,NULL,NULL,NULL,NULL,NULL,0),('RCOND5b4ac915:147baaa06b4:-6da4','RUL5b4ac915:147baaa06b4:-6f31','rptis.land.facts.LandDetail','rptis.land.facts.LandDetail','LA',0,NULL,NULL,NULL,NULL,NULL,0),('RCOND5bc4ec91:14b5e07aca6:-7b08','RUL5bc4ec91:14b5e07aca6:-7b58','bpapplication','RULFACT-26aa09fd:1419696e71f:-7feb',NULL,0,NULL,NULL,NULL,NULL,NULL,0),('RCOND5be4b64d:14d8574f264:-7d86','RUL5be4b64d:14d8574f264:-7dd7','lob','RULFACT-76732870:14196dc4027:-7f87','LOB',0,NULL,NULL,NULL,NULL,NULL,0),('RCOND5be4b64d:14d8574f264:-7e8d','RUL5be4b64d:14d8574f264:-7edc','lob','RULFACT-76732870:14196dc4027:-7f87','LOB',0,NULL,NULL,NULL,NULL,NULL,0),('RCOND5d2ef71:1472236f427:-7f0d','RUL5d2ef71:1472236f427:-7f50','lob','RULFACT-76732870:14196dc4027:-7f87','LOB',0,NULL,NULL,NULL,NULL,NULL,0),('RCOND6daebb4a:148d65c9a35:-7efc','RUL6daebb4a:148d65c9a35:-7f80','bpapplication','RULFACT-26aa09fd:1419696e71f:-7feb',NULL,0,NULL,NULL,NULL,NULL,NULL,0),('RCOND77d680ba:14885b8719f:-7be5','RUL77d680ba:14885b8719f:-7c30','bpapplication','RULFACT-26aa09fd:1419696e71f:-7feb',NULL,0,NULL,NULL,NULL,NULL,NULL,0),('RCOND7ac941aa:157991d0117:-7d24','RUL43b92fb:14d8589b7da:-658a','businesstax','RULFACT72bb01b1:141b1fdca80:-7f86','BT',2,NULL,NULL,NULL,NULL,NULL,0),('RCOND7ac941aa:157991d0117:-7d7c','RUL43b92fb:14d8589b7da:-658a','lob','RULFACT-76732870:14196dc4027:-7f87','LOB',1,NULL,NULL,NULL,NULL,NULL,0),('RCONDec9d7ab:166235c2e16:-24fc','RULec9d7ab:166235c2e16:-255e','rptis.landtax.facts.RPTLedgerTaxSummaryFact','rptis.landtax.facts.RPTLedgerTaxSummaryFact','RLTS',0,NULL,NULL,NULL,NULL,NULL,0),('RCONDec9d7ab:166235c2e16:-2ec7','RULec9d7ab:166235c2e16:-2f1f','rptis.landtax.facts.Bill','rptis.landtax.facts.Bill','BILL',0,NULL,NULL,NULL,NULL,NULL,0),('RCONDec9d7ab:166235c2e16:-3905','RULec9d7ab:166235c2e16:-3c17','rptis.landtax.facts.Bill','rptis.landtax.facts.Bill','BILL',2,NULL,NULL,NULL,NULL,NULL,0),('RCONDec9d7ab:166235c2e16:-3b0b','RULec9d7ab:166235c2e16:-3c17','rptis.landtax.facts.RPTLedgerItemFact','rptis.landtax.facts.RPTLedgerItemFact','RLI',1,NULL,NULL,NULL,NULL,NULL,0),('RCONDec9d7ab:166235c2e16:-3baa','RULec9d7ab:166235c2e16:-3c17','CurrentDate','CurrentDate',NULL,0,NULL,NULL,NULL,NULL,NULL,0),('RCONDec9d7ab:166235c2e16:-5e7c','RULec9d7ab:166235c2e16:-5fcb','rptis.landtax.facts.RPTLedgerItemFact','rptis.landtax.facts.RPTLedgerItemFact','RLI',1,NULL,NULL,NULL,NULL,NULL,0),('RCONDec9d7ab:166235c2e16:-5f7f','RULec9d7ab:166235c2e16:-5fcb','CurrentDate','CurrentDate',NULL,0,NULL,NULL,NULL,NULL,NULL,0);
/*!40000 ALTER TABLE `sys_rule_condition` ENABLE KEYS */;
UNLOCK TABLES;

--
-- Table structure for table `sys_rule_condition_constraint`
--

DROP TABLE IF EXISTS `sys_rule_condition_constraint`;
/*!40101 SET @saved_cs_client     = @@character_set_client */;
/*!40101 SET character_set_client = utf8 */;
CREATE TABLE `sys_rule_condition_constraint` (
  `objid` varchar(50) NOT NULL,
  `parentid` varchar(50) DEFAULT NULL,
  `field_objid` varchar(255) DEFAULT NULL,
  `fieldname` varchar(50) DEFAULT NULL,
  `varname` varchar(50) DEFAULT NULL,
  `operator_caption` varchar(50) DEFAULT NULL,
  `operator_symbol` varchar(50) DEFAULT NULL,
  `usevar` int(11) DEFAULT NULL,
  `var_objid` varchar(50) DEFAULT NULL,
  `var_name` varchar(50) DEFAULT NULL,
  `decimalvalue` decimal(16,2) DEFAULT NULL,
  `intvalue` int(11) DEFAULT NULL,
  `stringvalue` varchar(255) DEFAULT NULL,
  `listvalue` longtext,
  `datevalue` date DEFAULT NULL,
  `pos` int(11) DEFAULT NULL,
  PRIMARY KEY (`objid`),
  KEY `ix_parentid` (`parentid`),
  KEY `ix_var_objid` (`var_objid`),
  CONSTRAINT `sys_rule_condition_constraint_ibfk_2` FOREIGN KEY (`var_objid`) REFERENCES `sys_rule_condition_var` (`objid`),
  CONSTRAINT `sys_rule_condition_constraint_ibfk_1` FOREIGN KEY (`parentid`) REFERENCES `sys_rule_condition` (`objid`)
) ENGINE=InnoDB DEFAULT CHARSET=utf8;
/*!40101 SET character_set_client = @saved_cs_client */;

--
-- Dumping data for table `sys_rule_condition_constraint`
--

LOCK TABLES `sys_rule_condition_constraint` WRITE;
/*!40000 ALTER TABLE `sys_rule_condition_constraint` DISABLE KEYS */;
INSERT INTO `sys_rule_condition_constraint` VALUES ('RCC-17442746:16be936f033:-7e83','RC-17442746:16be936f033:-7e86','rptis.landtax.facts.RPTLedgerItemFact.av','av','AV',NULL,NULL,NULL,NULL,NULL,NULL,NULL,NULL,NULL,NULL,0),('RCC16a7ee38:15cfcd300fe:-7fb8','RC16a7ee38:15cfcd300fe:-7fba','rptis.facts.RPUAssessment.actualuseid','actualuseid',NULL,'not null','!= null',NULL,NULL,NULL,NULL,NULL,NULL,NULL,NULL,0),('RCC16a7ee38:15cfcd300fe:-7fb9','RC16a7ee38:15cfcd300fe:-7fba','rptis.facts.RPUAssessment.assessedvalue','assessedvalue','AV',NULL,NULL,NULL,NULL,NULL,NULL,NULL,NULL,NULL,NULL,1),('RCC16a7ee38:15cfcd300fe:-7fbb','RC16a7ee38:15cfcd300fe:-7fbc','rptis.facts.RPU.objid','objid','RPUID',NULL,NULL,NULL,NULL,NULL,NULL,NULL,NULL,NULL,NULL,0),('RCC387565a4:178b45fb088:-7ea9','RC387565a4:178b45fb088:-7eaa','rptis.facts.RPU.objid','objid','RPUID',NULL,NULL,NULL,NULL,NULL,NULL,NULL,NULL,NULL,NULL,0),('RCC387565a4:178b45fb088:-7eab','RC387565a4:178b45fb088:-7ead','rptis.facts.RPUAssessment.assessedvalue','assessedvalue','AV',NULL,NULL,NULL,NULL,NULL,NULL,NULL,NULL,NULL,NULL,1),('RCC387565a4:178b45fb088:-7eac','RC387565a4:178b45fb088:-7ead','rptis.facts.RPUAssessment.actualuseid','actualuseid',NULL,'not null','!= null',NULL,NULL,NULL,NULL,NULL,NULL,NULL,NULL,0),('RCC440e47f4:166ae4152f1:-7fbd','RC440e47f4:166ae4152f1:-7fbe','CurrentDate.year','year','CY',NULL,NULL,NULL,NULL,NULL,NULL,NULL,NULL,NULL,NULL,0),('RCC440e47f4:166ae4152f1:-7fbf','RC440e47f4:166ae4152f1:-7fc0','rptis.landtax.facts.RPTLedgerItemFact.year','year',NULL,'less than','<',1,'RCC440e47f4:166ae4152f1:-7fbd','CY',NULL,NULL,NULL,NULL,NULL,0),('RCC70978a15:166ae6875d1:-7f1d','RC70978a15:166ae6875d1:-7f22','rptis.landtax.facts.RPTLedgerItemFact.revtype','revtype',NULL,'is any of the ff.','matches',NULL,NULL,NULL,NULL,NULL,NULL,'[\"basic\",\"sef\"]',NULL,0),('RCC70978a15:166ae6875d1:-7f23','RC70978a15:166ae6875d1:-7f24','CurrentDate.year','year','CY',NULL,NULL,NULL,NULL,NULL,NULL,NULL,NULL,NULL,NULL,0),('RCC7280357:166235c1be7:-7fac','RC7280357:166235c1be7:-7fad','CurrentDate.year','year','CY',NULL,NULL,NULL,NULL,NULL,NULL,NULL,NULL,NULL,NULL,0),('RCC7280357:166235c1be7:-7fae','RC7280357:166235c1be7:-7faf','rptis.landtax.facts.RPTLedgerItemFact.year','year',NULL,'greater than','>',1,'RCC7280357:166235c1be7:-7fac','CY',NULL,NULL,NULL,NULL,NULL,0),('RCC7280357:166235c1be7:-7fb3','RC7280357:166235c1be7:-7fb4','CurrentDate.year','year','CY',NULL,NULL,NULL,NULL,NULL,NULL,NULL,NULL,NULL,NULL,0),('RCC7280357:166235c1be7:-7fb5','RC7280357:166235c1be7:-7fb6','rptis.landtax.facts.RPTLedgerItemFact.year','year',NULL,'equal to','==',1,'RCC7280357:166235c1be7:-7fb3','CY',NULL,NULL,NULL,NULL,NULL,0),('RCC7280357:166235c1be7:-7fba','RC7280357:166235c1be7:-7fbb','CurrentDate.year','year','CY',NULL,NULL,NULL,NULL,NULL,NULL,NULL,NULL,NULL,NULL,0),('RCC7280357:166235c1be7:-7fbc','RC7280357:166235c1be7:-7fbd','rptis.landtax.facts.RPTLedgerFact.lastyearpaid','lastyearpaid',NULL,'equal to','==',1,'RCC7280357:166235c1be7:-7fba','CY',NULL,NULL,NULL,NULL,NULL,0),('RCC7280357:166235c1be7:-7fbf','RC7280357:166235c1be7:-7fc0','rptis.landtax.facts.Bill.billtoyear','billtoyear',NULL,'greater than','>',1,'RCC7280357:166235c1be7:-7fba','CY',NULL,NULL,NULL,NULL,NULL,1),('RCC7280357:166235c1be7:-7fc6','RC7280357:166235c1be7:-7fc7','rptis.landtax.facts.RPTLedgerItemFact.qtrly','qtrly',NULL,'not true','== false',NULL,NULL,NULL,NULL,NULL,NULL,NULL,NULL,1),('RCC7280357:166235c1be7:-7fc8','RC7280357:166235c1be7:-7fc9','rptis.landtax.facts.Bill.forpayment','forpayment',NULL,'is true','== true',NULL,NULL,NULL,NULL,NULL,NULL,NULL,NULL,0),('RCC7280357:166235c1be7:-7fcd','RC7280357:166235c1be7:-7fcf','CurrentDate.year','year','CY',NULL,NULL,NULL,NULL,NULL,NULL,NULL,NULL,NULL,NULL,0),('RCC7280357:166235c1be7:-7fd0','RC7280357:166235c1be7:-7fd4','rptis.landtax.facts.RPTLedgerItemFact.year','year',NULL,'greater than','>',1,'RCC7280357:166235c1be7:-7fcd','CY',NULL,NULL,NULL,NULL,NULL,0),('RCC7280357:166235c1be7:-7fd3','RC7280357:166235c1be7:-7fd4','rptis.landtax.facts.RPTLedgerItemFact.amtdue','amtdue','TAX',NULL,NULL,NULL,NULL,NULL,NULL,NULL,NULL,NULL,NULL,3),('RCONST-103fed47:146ffb40356:-7c7c','RCOND-103fed47:146ffb40356:-7d40','rptis.bldg.facts.BldgRPU.yrcompleted','yrcompleted','YRCOMPLETED','greater than','>',0,NULL,NULL,NULL,0,NULL,NULL,NULL,1),('RCONST-103fed47:146ffb40356:-7ce5','RCOND-103fed47:146ffb40356:-7d40','rptis.bldg.facts.BldgRPU.yrappraised','yrappraised','YRAPPRAISED','greater than','>',0,NULL,NULL,NULL,0,NULL,NULL,NULL,0),('RCONST-128a4cad:146f96a678e:-7d80','RCOND-128a4cad:146f96a678e:-7e14','rptis.land.facts.LandDetail.assesslevel','assesslevel','AL',NULL,NULL,NULL,NULL,NULL,NULL,NULL,NULL,NULL,NULL,1),('RCONST-128a4cad:146f96a678e:-7dd0','RCOND-128a4cad:146f96a678e:-7e14','rptis.land.facts.LandDetail.marketvalue','marketvalue','MV',NULL,NULL,NULL,NULL,NULL,NULL,NULL,NULL,NULL,NULL,0),('RCONST-15d1e7ac:175ca23b778:-70c8','RCOND43b92fb:14d8589b7da:-6da6','FACTFLD72bb01b1:141b1fdca80:-7f7f','acctid',NULL,'is any of the ff.','matches',NULL,NULL,NULL,NULL,NULL,NULL,'[[key:\"ITMACCT-418ba86:157923606da:-5fec\",value:\"BUSINESS TAX\"]]',NULL,1),('RCONST-1a2d6e9b:1692d429304:-7746','RCOND-1a2d6e9b:1692d429304:-7748','rptis.landtax.facts.AssessedValue.av','av','AV',NULL,NULL,NULL,NULL,NULL,NULL,NULL,NULL,NULL,NULL,1),('RCONST-1a2d6e9b:1692d429304:-7747','RCOND-1a2d6e9b:1692d429304:-7748','rptis.landtax.facts.AssessedValue.year','year','YR',NULL,NULL,NULL,NULL,NULL,NULL,NULL,NULL,NULL,NULL,0),('RCONST-2486b0ca:146fff66c3e:-2b45','RCOND-2486b0ca:146fff66c3e:-2bf1','rptis.bldg.facts.BldgUse.adjustment','adjustment','ADJ',NULL,NULL,NULL,NULL,NULL,NULL,NULL,NULL,NULL,NULL,2),('RCONST-2486b0ca:146fff66c3e:-2b8c','RCOND-2486b0ca:146fff66c3e:-2bf1','rptis.bldg.facts.BldgUse.depreciationvalue','depreciationvalue','DEP',NULL,NULL,NULL,NULL,NULL,NULL,NULL,NULL,NULL,NULL,1),('RCONST-2486b0ca:146fff66c3e:-2bc5','RCOND-2486b0ca:146fff66c3e:-2bf1','rptis.bldg.facts.BldgUse.basemarketvalue','basemarketvalue','BMV',NULL,NULL,NULL,NULL,NULL,NULL,NULL,NULL,NULL,NULL,0),('RCONST-2486b0ca:146fff66c3e:-382b','RCOND-2486b0ca:146fff66c3e:-3888','rptis.bldg.facts.BldgFloor.adjustment','adjustment','ADJ',NULL,NULL,NULL,NULL,NULL,NULL,NULL,NULL,NULL,NULL,1),('RCONST-2486b0ca:146fff66c3e:-3860','RCOND-2486b0ca:146fff66c3e:-3888','rptis.bldg.facts.BldgFloor.basemarketvalue','basemarketvalue','BMV',NULL,NULL,NULL,NULL,NULL,NULL,NULL,NULL,NULL,NULL,0),('RCONST-2486b0ca:146fff66c3e:-3f19','RCOND-2486b0ca:146fff66c3e:-3f91','rptis.bldg.facts.BldgRPU.depreciation','depreciation','DPRATE',NULL,NULL,NULL,NULL,NULL,NULL,NULL,NULL,NULL,NULL,0),('RCONST-2486b0ca:146fff66c3e:-6a5a','RCOND-2486b0ca:146fff66c3e:-6aad','rptis.bldg.facts.BldgFloor.unitvalue','unitvalue','UV',NULL,NULL,NULL,NULL,NULL,NULL,NULL,NULL,NULL,NULL,1),('RCONST-2486b0ca:146fff66c3e:-6a8b','RCOND-2486b0ca:146fff66c3e:-6aad','rptis.bldg.facts.BldgFloor.area','area','AREA',NULL,NULL,NULL,NULL,NULL,NULL,NULL,NULL,NULL,NULL,0),('RCONST-28dc975:156bcab666c:-5ed8','RCOND-28dc975:156bcab666c:-5f3d','rptis.facts.RPTVariable.value','value','AV',NULL,NULL,NULL,NULL,NULL,NULL,NULL,NULL,NULL,NULL,1),('RCONST-28dc975:156bcab666c:-5f1b','RCOND-28dc975:156bcab666c:-5f3d','rptis.facts.RPTVariable.varid','varid',NULL,'is any of the ff.','matches',NULL,NULL,NULL,NULL,NULL,NULL,'[[key:\"P51c8b9d2:173606cb1cf:-3a4e\",value:\"TOTAL_AV\"]]',NULL,0),('RCONST-2ede6703:16642adb9ce:-79c8','RCOND-2ede6703:16642adb9ce:-7a39','rptis.landtax.facts.Bill.billdate','billdate','BILLDATE',NULL,NULL,NULL,NULL,NULL,NULL,NULL,NULL,NULL,NULL,1),('RCONST-2ede6703:16642adb9ce:-7a03','RCOND-2ede6703:16642adb9ce:-7a39','rptis.landtax.facts.Bill.advancebill','advancebill',NULL,'is true','== true',NULL,NULL,NULL,NULL,NULL,NULL,NULL,NULL,0),('RCONST-2ef3c345:147ed584975:-7e3d','RCOND-60c99d04:1470b276e7f:-7e2a','rptis.bldg.facts.BldgStructure.totalfloorarea','totalfloorarea','TOTALAREA',NULL,NULL,NULL,NULL,NULL,NULL,NULL,NULL,NULL,NULL,1),('RCONST-33cdb157:178b179a470:-7077','RC70978a15:166ae6875d1:-7f22','rptis.landtax.facts.RPTLedgerItemFact.monthsfromqt','monthsfromqtr','NMON',NULL,NULL,NULL,NULL,NULL,NULL,NULL,NULL,NULL,NULL,5),('RCONST-36ba5ccb:1430894b791:-5c05','RCOND-36ba5ccb:1430894b791:-5ff4','FACTFLD-435133e2:142c7ca3c49:-7abe','beginQtrDate','BEGINQTRDATE',NULL,NULL,NULL,NULL,NULL,NULL,NULL,NULL,NULL,NULL,1),('RCONST-36ba5ccb:1430894b791:-5f54','RCOND-36ba5ccb:1430894b791:-5f71','FACTFLD-42025b26:14237a79c92:-7f53','date','BILLDATE',NULL,NULL,NULL,NULL,NULL,NULL,NULL,NULL,NULL,NULL,0),('RCONST-36ba5ccb:1430894b791:-5fd5','RCOND-36ba5ccb:1430894b791:-5ff4','FACTFLD-fd57605:142324ab5d2:-7f08','qtr','QTR',NULL,NULL,NULL,NULL,NULL,NULL,NULL,NULL,NULL,NULL,0),('RCONST-3dc4dd90:14451e4a9d5:-59ae','RCOND-3dc4dd90:14451e4a9d5:-6f12','FACTFLD-45a06f70:141e85fbfd5:-7f6f','assessmenttype',NULL,'is any of the ff.','matches',NULL,NULL,NULL,NULL,NULL,NULL,'[\"RENEW\"]',NULL,0),('RCONST-3dc4dd90:14451e4a9d5:-6d6a','RCOND-3dc4dd90:14451e4a9d5:-6e9e','FACTFLD-fd57605:142324ab5d2:-78ff','surcharge','SURCHRG',NULL,NULL,NULL,NULL,NULL,NULL,NULL,NULL,NULL,NULL,4),('RCONST-3dc4dd90:14451e4a9d5:-6dba','RCOND-3dc4dd90:14451e4a9d5:-6e9e','FACTFLD-1f3e2b64:14230dd8f62:-7e94','amtdue','AMTDUE',NULL,NULL,NULL,NULL,NULL,NULL,NULL,NULL,NULL,NULL,3),('RCONST-3dc4dd90:14451e4a9d5:-6e05','RCOND-3dc4dd90:14451e4a9d5:-6e9e','FACTFLD-1f3e2b64:14230dd8f62:-7e8b','expired',NULL,'is true','== true',NULL,NULL,NULL,NULL,NULL,NULL,NULL,NULL,2),('RCONST-3dc4dd90:14451e4a9d5:-6e40','RCOND-3dc4dd90:14451e4a9d5:-6e9e','FACTFLD-fd57605:142324ab5d2:-7eaf','qtr',NULL,'equal to','==',1,'RCONST-36ba5ccb:1430894b791:-5fd5','QTR',NULL,NULL,NULL,NULL,NULL,1),('RCONST-3dc4dd90:14451e4a9d5:-6e6e','RCOND-3dc4dd90:14451e4a9d5:-6e9e','FACTFLD-234b5263:142c77537de:-7c17','lob',NULL,'equals','==',NULL,'RCOND-3dc4dd90:14451e4a9d5:-6f12','LOB',NULL,NULL,NULL,NULL,NULL,0),('RCONST-43adaf20:179c6921191:-4c4d','RCOND-43adaf20:179c6921191:-4d1d','rptis.land.facts.LandDetail.adjustment','adjustment','ADJ',NULL,NULL,NULL,NULL,NULL,NULL,NULL,NULL,NULL,NULL,1),('RCONST-43adaf20:179c6921191:-4cc1','RCOND-43adaf20:179c6921191:-4d1d','rptis.land.facts.LandDetail.basemarketvalue','basemarketvalue','BMV',NULL,NULL,NULL,NULL,NULL,NULL,NULL,NULL,NULL,NULL,0),('RCONST-43adaf20:179c6921191:-4e66','RCOND-43adaf20:179c6921191:-4ebf','rptis.land.facts.LandDetail.taxable','taxable',NULL,'not true','== false',NULL,NULL,NULL,NULL,NULL,NULL,NULL,NULL,0),('RCONST-43adaf20:179c6921191:-5051','RCOND-43adaf20:179c6921191:-510e','rptis.land.facts.LandDetail.unitvalue','unitvalue','UV',NULL,NULL,NULL,NULL,NULL,NULL,NULL,NULL,NULL,NULL,1),('RCONST-43adaf20:179c6921191:-50bf','RCOND-43adaf20:179c6921191:-510e','rptis.land.facts.LandDetail.area','area','AREA',NULL,NULL,NULL,NULL,NULL,NULL,NULL,NULL,NULL,NULL,0),('RCONST-43adaf20:179c6921191:-59b6','RCOND-43adaf20:179c6921191:-5a08','rptis.landtax.facts.RPTLedgerItemFact.year','year',NULL,'equal to','==',1,'RCONST-43adaf20:179c6921191:-5ae1','CY',NULL,NULL,NULL,NULL,NULL,0),('RCONST-43adaf20:179c6921191:-5aa6','RCOND-43adaf20:179c6921191:-5afd','CurrentDate.qtr','qtr',NULL,'greater than','>',NULL,NULL,NULL,NULL,1,NULL,NULL,NULL,1),('RCONST-43adaf20:179c6921191:-5ae1','RCOND-43adaf20:179c6921191:-5afd','CurrentDate.year','year','CY',NULL,NULL,NULL,NULL,NULL,NULL,NULL,NULL,NULL,NULL,0),('RCONST-43adaf20:179c6921191:-5c4c','RCOND-43adaf20:179c6921191:-5dbd','rptis.landtax.facts.RPTLedgerItemFact.qtrlypaymentavailed','qtrlypaymentavailed',NULL,'is true','== true',NULL,NULL,NULL,NULL,NULL,NULL,NULL,NULL,2),('RCONST-43adaf20:179c6921191:-5cf3','RCOND-43adaf20:179c6921191:-5dbd','rptis.landtax.facts.RPTLedgerItemFact.qtr','qtr',NULL,'greater than or equal to','>=',1,'RCONST-43adaf20:179c6921191:-5e5b','CQTR',NULL,NULL,NULL,NULL,NULL,1),('RCONST-43adaf20:179c6921191:-5d6b','RCOND-43adaf20:179c6921191:-5dbd','rptis.landtax.facts.RPTLedgerItemFact.year','year',NULL,'equal to','==',1,'RCONST-43adaf20:179c6921191:-5e96','CY',NULL,NULL,NULL,NULL,NULL,0),('RCONST-43adaf20:179c6921191:-5e5b','RCOND-43adaf20:179c6921191:-5eb2','CurrentDate.qtr','qtr','CQTR',NULL,NULL,NULL,NULL,NULL,NULL,NULL,NULL,NULL,NULL,1),('RCONST-43adaf20:179c6921191:-5e96','RCOND-43adaf20:179c6921191:-5eb2','CurrentDate.year','year','CY',NULL,NULL,NULL,NULL,NULL,NULL,NULL,NULL,NULL,NULL,0),('RCONST-43adaf20:179c6921191:-6003','RCOND-43adaf20:179c6921191:-60f0','rptis.landtax.facts.RPTLedgerItemFact.amtdue','amtdue','TAX',NULL,NULL,NULL,NULL,NULL,NULL,NULL,NULL,NULL,NULL,1),('RCONST-43adaf20:179c6921191:-609e','RCOND-43adaf20:179c6921191:-60f0','rptis.landtax.facts.RPTLedgerItemFact.year','year',NULL,'equal to','==',1,'RCONST-43adaf20:179c6921191:-6173','CY',NULL,NULL,NULL,NULL,NULL,0),('RCONST-43adaf20:179c6921191:-6173','RCOND-43adaf20:179c6921191:-618f','CurrentDate.year','year','CY',NULL,NULL,NULL,NULL,NULL,NULL,NULL,NULL,NULL,NULL,0),('RCONST-43adaf20:179c6921191:-62b2','RCOND-43adaf20:179c6921191:-6304','rptis.landtax.facts.RPTLedgerItemFact.year','year',NULL,'equal to','==',1,'RCONST-43adaf20:179c6921191:-642a','CY',NULL,NULL,NULL,NULL,NULL,0),('RCONST-43adaf20:179c6921191:-635b','RCOND-43adaf20:179c6921191:-63a9','rptis.landtax.facts.RPTLedgerFact.undercompromise','undercompromise',NULL,'is true','== true',NULL,NULL,NULL,NULL,NULL,NULL,NULL,NULL,0),('RCONST-43adaf20:179c6921191:-642a','RCOND-43adaf20:179c6921191:-6446','CurrentDate.year','year','CY',NULL,NULL,NULL,NULL,NULL,NULL,NULL,NULL,NULL,NULL,0),('RCONST-43adaf20:179c6921191:-6771','RCOND-43adaf20:179c6921191:-69ac','rptis.landtax.facts.RPTLedgerItemFact.amtdue','amtdue','TAX',NULL,NULL,NULL,NULL,NULL,NULL,NULL,NULL,NULL,NULL,2),('RCONST-43adaf20:179c6921191:-68e2','RCOND-43adaf20:179c6921191:-69ac','rptis.landtax.facts.RPTLedgerItemFact.qtr','qtr',NULL,'greater than or equal to','>=',1,'RCONST-43adaf20:179c6921191:-6a4a','CQTR',NULL,NULL,NULL,NULL,NULL,1),('RCONST-43adaf20:179c6921191:-695a','RCOND-43adaf20:179c6921191:-69ac','rptis.landtax.facts.RPTLedgerItemFact.year','year',NULL,'equal to','==',1,'RCONST-43adaf20:179c6921191:-6a85','CY',NULL,NULL,NULL,NULL,NULL,0),('RCONST-43adaf20:179c6921191:-6a4a','RCOND-43adaf20:179c6921191:-6aa1','CurrentDate.qtr','qtr','CQTR',NULL,NULL,NULL,NULL,NULL,NULL,NULL,NULL,NULL,NULL,1),('RCONST-43adaf20:179c6921191:-6a85','RCOND-43adaf20:179c6921191:-6aa1','CurrentDate.year','year','CY',NULL,NULL,NULL,NULL,NULL,NULL,NULL,NULL,NULL,NULL,0),('RCONST-43adaf20:179c6921191:-6c31','RCOND-43adaf20:179c6921191:-6d1e','rptis.landtax.facts.RPTLedgerItemFact.amtdue','amtdue','TAX',NULL,NULL,NULL,NULL,NULL,NULL,NULL,NULL,NULL,NULL,1),('RCONST-43adaf20:179c6921191:-6ccc','RCOND-43adaf20:179c6921191:-6d1e','rptis.landtax.facts.RPTLedgerItemFact.year','year',NULL,'equal to','==',1,'RCONST-43adaf20:179c6921191:-6e71','CY',NULL,NULL,NULL,NULL,NULL,0),('RCONST-43adaf20:179c6921191:-6dda','RCOND-43adaf20:179c6921191:-6e8d','CurrentDate.day','day',NULL,'less than or equal to','<=',NULL,NULL,NULL,NULL,16,NULL,NULL,NULL,2),('RCONST-43adaf20:179c6921191:-6e34','RCOND-43adaf20:179c6921191:-6e8d','CurrentDate.month','month',NULL,'equal to','==',NULL,NULL,NULL,NULL,1,NULL,NULL,NULL,1),('RCONST-43adaf20:179c6921191:-6e71','RCOND-43adaf20:179c6921191:-6e8d','CurrentDate.year','year','CY',NULL,NULL,NULL,NULL,NULL,NULL,NULL,NULL,NULL,NULL,0),('RCONST-43adaf20:179c6921191:-7049','RCOND-43adaf20:179c6921191:-7361','rptis.landtax.facts.RPTLedgerItemFact.amtdue','amtdue','TAX',NULL,NULL,NULL,NULL,NULL,NULL,NULL,NULL,NULL,NULL,4),('RCONST-43adaf20:179c6921191:-7133','RCOND-43adaf20:179c6921191:-7361','rptis.landtax.facts.RPTLedgerItemFact.monthsfromjan','monthsfromjan','NMON',NULL,NULL,NULL,NULL,NULL,NULL,NULL,NULL,NULL,NULL,3),('RCONST-43adaf20:179c6921191:-71f1','RCOND-43adaf20:179c6921191:-7361','rptis.landtax.facts.RPTLedgerItemFact.qtrlypaymentavailed','qtrlypaymentavailed',NULL,'is true','== true',NULL,NULL,NULL,NULL,NULL,NULL,NULL,NULL,2),('RCONST-43adaf20:179c6921191:-7297','RCOND-43adaf20:179c6921191:-7361','rptis.landtax.facts.RPTLedgerItemFact.qtr','qtr',NULL,'less than','<',1,'RCONST-43adaf20:179c6921191:-73ff','CQTR',NULL,NULL,NULL,NULL,NULL,1),('RCONST-43adaf20:179c6921191:-730f','RCOND-43adaf20:179c6921191:-7361','rptis.landtax.facts.RPTLedgerItemFact.year','year',NULL,'equal to','==',1,'RCONST-43adaf20:179c6921191:-73ff','CQTR',NULL,NULL,NULL,NULL,NULL,0),('RCONST-43adaf20:179c6921191:-73ff','RCOND-43adaf20:179c6921191:-7456','CurrentDate.qtr','qtr','CQTR','greater than','>',NULL,NULL,NULL,NULL,1,NULL,NULL,NULL,1),('RCONST-43adaf20:179c6921191:-743a','RCOND-43adaf20:179c6921191:-7456','CurrentDate.year','year','CY',NULL,NULL,NULL,NULL,NULL,NULL,NULL,NULL,NULL,NULL,0),('RCONST-43adaf20:179c6921191:-761f','RC70978a15:166ae6875d1:-7f22','rptis.landtax.facts.RPTLedgerItemFact.monthsfromjan','monthsfromjan','NMON',NULL,NULL,NULL,NULL,NULL,NULL,NULL,NULL,NULL,NULL,4),('RCONST-43adaf20:179c6921191:-76ef','RC70978a15:166ae6875d1:-7f22','rptis.landtax.facts.RPTLedgerItemFact.qtrlypaymentavailed','qtrlypaymentavailed',NULL,'not true','== false',NULL,NULL,NULL,NULL,NULL,NULL,NULL,NULL,3),('RCONST-43adaf20:179c6921191:-7a7d','RCOND-43adaf20:179c6921191:-7c1a','rptis.landtax.facts.RPTLedgerItemFact.monthsfromjan','monthsfromjan','NMON',NULL,NULL,NULL,NULL,NULL,NULL,NULL,NULL,NULL,NULL,2),('RCONST-43adaf20:179c6921191:-7b2c','RCOND-43adaf20:179c6921191:-7c1a','rptis.landtax.facts.RPTLedgerItemFact.amtdue','amtdue','TAX',NULL,NULL,NULL,NULL,NULL,NULL,NULL,NULL,NULL,NULL,1),('RCONST-43adaf20:179c6921191:-7bc8','RCOND-43adaf20:179c6921191:-7c1a','rptis.landtax.facts.RPTLedgerItemFact.year','year',NULL,'less than','<',1,'RCONST-43adaf20:179c6921191:-7c9d','CY',NULL,NULL,NULL,NULL,NULL,0),('RCONST-43adaf20:179c6921191:-7c9d','RCOND-43adaf20:179c6921191:-7cb9','CurrentDate.year','year','CY',NULL,NULL,NULL,NULL,NULL,NULL,NULL,NULL,NULL,NULL,0),('RCONST-43c886ca:14b635c01aa:-77dd','RCOND-43c886ca:14b635c01aa:-7853','FACTFLD-fd57605:142324ab5d2:-7f08','qtr','DUEQTR','equal to','==',1,'RCONST-43c886ca:14b635c01aa:-78b1','BILLQTR',NULL,NULL,NULL,NULL,NULL,2),('RCONST-43c886ca:14b635c01aa:-7811','RCOND-43c886ca:14b635c01aa:-7853','FACTFLD-fd57605:142324ab5d2:-7f19','year','DUEYEAR','equal to','==',1,'RCONST-43c886ca:14b635c01aa:-78e6','BILLYEAR',NULL,NULL,NULL,NULL,NULL,1),('RCONST-43c886ca:14b635c01aa:-7834','RCOND-43c886ca:14b635c01aa:-7853','FACTFLD-435133e2:142c7ca3c49:-7a9f','deadline','DUEDATE',NULL,NULL,NULL,NULL,NULL,NULL,NULL,NULL,NULL,NULL,0),('RCONST-43c886ca:14b635c01aa:-78b1','RCOND-43c886ca:14b635c01aa:-7926','FACTFLD50ef92c8:147420ae632:-7c1c','qtr','BILLQTR',NULL,NULL,NULL,NULL,NULL,NULL,NULL,NULL,NULL,NULL,2),('RCONST-43c886ca:14b635c01aa:-78e6','RCOND-43c886ca:14b635c01aa:-7926','FACTFLD-46f22f55:14231734d86:-7eb0','year','BILLYEAR',NULL,NULL,NULL,NULL,NULL,NULL,NULL,NULL,NULL,NULL,1),('RCONST-43c886ca:14b635c01aa:-7909','RCOND-43c886ca:14b635c01aa:-7926','FACTFLD-42025b26:14237a79c92:-7f53','date','BILLDATE',NULL,NULL,NULL,NULL,NULL,NULL,NULL,NULL,NULL,NULL,0),('RCONST-43d54639:143600ea5ae:-7c04','RCOND36552f88:142c18ff1a4:-7eea','FACTFLD-26aa09fd:1419696e71f:-7fe4','apptype',NULL,'is any of the ff.','matches',NULL,NULL,NULL,NULL,NULL,NULL,'[\"NEW\",\"RENEW\"]',NULL,0),('RCONST-479f9644:17849e550ea:305','RCOND-479f9644:17849e550ea:2df','rptis.facts.RPTVariable.varid','varid',NULL,'is any of the ff.','matches',NULL,NULL,NULL,NULL,NULL,NULL,'[[key:\"P51c8b9d2:173606cb1cf:-3a4e\",value:\"TOTAL_AV\"]]',NULL,0),('RCONST-479f9644:17849e550ea:342','RCOND-479f9644:17849e550ea:2df','rptis.facts.RPTVariable.value','value','AV',NULL,NULL,NULL,NULL,NULL,NULL,NULL,NULL,NULL,NULL,1),('RCONST-4fd26d3d:142fa7a65f9:-6ff5','RCOND-4fd26d3d:142fa7a65f9:-7124','FACTFLD-1f3e2b64:14230dd8f62:-7e94','amtdue','AMT',NULL,NULL,NULL,NULL,NULL,NULL,NULL,NULL,NULL,NULL,2),('RCONST-4fd26d3d:142fa7a65f9:-70d1','RCOND-4fd26d3d:142fa7a65f9:-7124','FACTFLD-1f3e2b64:14230dd8f62:-7e8b','expired',NULL,'is true','== true',NULL,NULL,NULL,NULL,NULL,NULL,NULL,NULL,1),('RCONST-4fd26d3d:142fa7a65f9:-70fb','RCOND-4fd26d3d:142fa7a65f9:-7124','FACTFLD-234b5263:142c77537de:-7c17','lob',NULL,'equals','==',NULL,'RCOND-4fd26d3d:142fa7a65f9:-71a1','LOB',NULL,NULL,NULL,NULL,NULL,0),('RCONST-4fd26d3d:142fa7a65f9:-7187','RCOND-4fd26d3d:142fa7a65f9:-71a1','FACTFLD-45a06f70:141e85fbfd5:-7f6f','assessmenttype',NULL,'is any of the ff.','matches',NULL,NULL,NULL,NULL,NULL,NULL,'[\"RENEW\"]',NULL,0),('RCONST-4fd26d3d:142fa7a65f9:-73eb','RCOND-4fd26d3d:142fa7a65f9:-7414','FACTFLD-234b5263:142c77537de:-7c17','lob',NULL,'equals','==',NULL,'RCOND-4fd26d3d:142fa7a65f9:-7492','LOB',NULL,NULL,NULL,NULL,NULL,0),('RCONST-4fd26d3d:142fa7a65f9:-7478','RCOND-4fd26d3d:142fa7a65f9:-7492','FACTFLD-45a06f70:141e85fbfd5:-7f6f','assessmenttype',NULL,'is any of the ff.','matches',NULL,NULL,NULL,NULL,NULL,NULL,'[\"RENEW\"]',NULL,0),('RCONST-60c99d04:1470b276e7f:-7d64','RCOND-60c99d04:1470b276e7f:-7dd3','rptis.bldg.facts.BldgUse.basevalue','basevalue','BASEVALUE',NULL,NULL,NULL,NULL,NULL,NULL,NULL,NULL,NULL,NULL,1),('RCONST-60c99d04:1470b276e7f:-7dae','RCOND-60c99d04:1470b276e7f:-7dd3','rptis.bldg.facts.BldgUse.bldgstructure','bldgstructure',NULL,'equals','==',NULL,'RCOND-60c99d04:1470b276e7f:-7e2a','BS',NULL,NULL,NULL,NULL,NULL,0),('RCONST-6c640ca5:1469912956a:-7cf5','RCOND-6c640ca5:1469912956a:-7d0f','FACTFLD-45a06f70:141e85fbfd5:-7f6f','assessmenttype',NULL,'is any of the ff.','matches',NULL,NULL,NULL,NULL,NULL,NULL,'[\"NEW\"]',NULL,0),('RCONST-762e9176:15d067a9c42:-59dc','RCOND-762e9176:15d067a9c42:-5a4b','rptis.facts.RPTVariable.value','value','TOTALAV',NULL,NULL,NULL,NULL,NULL,NULL,NULL,NULL,NULL,NULL,1),('RCONST-762e9176:15d067a9c42:-5a2a','RCOND-762e9176:15d067a9c42:-5a4b','rptis.facts.RPTVariable.varid','varid',NULL,'is any of the ff.','matches',NULL,NULL,NULL,NULL,NULL,NULL,'[[key:\"P51c8b9d2:173606cb1cf:-3a4e\",value:\"TOTAL_AV\"]]',NULL,0),('RCONST-762e9176:15d067a9c42:-5d1b','RCOND-762e9176:15d067a9c42:-5d56','rptis.facts.RPU.objid','objid','RPUID',NULL,NULL,NULL,NULL,NULL,NULL,NULL,NULL,NULL,NULL,0),('RCONST-762e9176:15d067a9c42:-5da3','RCOND-762e9176:15d067a9c42:-5dd2','rptis.facts.RPUAssessment.assessedvalue','assessedvalue','AV',NULL,NULL,NULL,NULL,NULL,NULL,NULL,NULL,NULL,NULL,1),('RCONST-762e9176:15d067a9c42:-5dd1','RCOND-762e9176:15d067a9c42:-5dd2','rptis.facts.RPUAssessment.actualuseid','actualuseid',NULL,'not null','!= null',NULL,NULL,NULL,NULL,NULL,NULL,NULL,NULL,0),('RCONST-79a9a347:15cfcae84de:-5a45','RCOND-79a9a347:15cfcae84de:-5af4','rptis.facts.RPTVariable.value','value','AV',NULL,NULL,NULL,NULL,NULL,NULL,NULL,NULL,NULL,NULL,2),('RCONST-79a9a347:15cfcae84de:-5aaa','RCOND-79a9a347:15cfcae84de:-5af4','rptis.facts.RPTVariable.varid','varid',NULL,'is any of the ff.','matches',NULL,NULL,NULL,NULL,NULL,NULL,'[[key:\"P51c8b9d2:173606cb1cf:-3a4e\",value:\"TOTAL_AV\"]]',NULL,1),('RCONST-79a9a347:15cfcae84de:-5ccd','RCOND-79a9a347:15cfcae84de:-6ebc','rptis.facts.RPU.objid','objid','RPUID',NULL,NULL,NULL,NULL,NULL,NULL,NULL,NULL,NULL,NULL,0),('RCONST-79a9a347:15cfcae84de:-61bf','RCOND-79a9a347:15cfcae84de:-6222','rptis.facts.RPU.objid','objid','RPUID',NULL,NULL,NULL,NULL,NULL,NULL,NULL,NULL,NULL,NULL,0),('RCONST-79a9a347:15cfcae84de:-62a7','RCOND-79a9a347:15cfcae84de:-637a','rptis.facts.RPUAssessment.assessedvalue','assessedvalue','AV',NULL,NULL,NULL,NULL,NULL,NULL,NULL,NULL,NULL,NULL,1),('RCONST-79a9a347:15cfcae84de:-6379','RCOND-79a9a347:15cfcae84de:-637a','rptis.facts.RPUAssessment.actualuseid','actualuseid',NULL,'not null','!= null',NULL,NULL,NULL,NULL,NULL,NULL,NULL,NULL,0),('RCONST-79a9a347:15cfcae84de:4fce','RCOND-79a9a347:15cfcae84de:4fcd','rptis.facts.RPUAssessment.actualuseid','actualuseid',NULL,'not null','!= null',NULL,NULL,NULL,NULL,NULL,NULL,NULL,NULL,0),('RCONST-79a9a347:15cfcae84de:4ffe','RCOND-79a9a347:15cfcae84de:4fcd','rptis.facts.RPUAssessment.assessedvalue','assessedvalue','AV',NULL,NULL,NULL,NULL,NULL,NULL,NULL,NULL,NULL,NULL,1),('RCONST-79a9a347:15cfcae84de:50f0','RCOND-79a9a347:15cfcae84de:508d','rptis.facts.RPU.objid','objid','RPUID',NULL,NULL,NULL,NULL,NULL,NULL,NULL,NULL,NULL,NULL,0),('RCONST-79a9a347:15cfcae84de:5606','RCOND-79a9a347:15cfcae84de:55ab','rptis.facts.RPTVariable.varid','varid',NULL,'is any of the ff.','matches',NULL,NULL,NULL,NULL,NULL,NULL,'[[key:\"P51c8b9d2:173606cb1cf:-3a4e\",value:\"TOTAL_AV\"]]',NULL,0),('RCONST-79a9a347:15cfcae84de:5657','RCOND-79a9a347:15cfcae84de:55ab','rptis.facts.RPTVariable.value','value','TOTALAV',NULL,NULL,NULL,NULL,NULL,NULL,NULL,NULL,NULL,NULL,1),('RCONST102ab3e1:147190e9fe4:-26f3','RCOND-2486b0ca:146fff66c3e:-3ed1','rptis.bldg.facts.BldgUse.adjustment','adjustment','ADJUSTMENT',NULL,NULL,NULL,NULL,NULL,NULL,NULL,NULL,NULL,NULL,1),('RCONST102ab3e1:147190e9fe4:-272e','RCOND-2486b0ca:146fff66c3e:-3ed1','rptis.bldg.facts.BldgUse.basemarketvalue','basemarketvalue','BMV',NULL,NULL,NULL,NULL,NULL,NULL,NULL,NULL,NULL,NULL,0),('RCONST1441128c:1471efa4c1c:-6a9b','RCOND1441128c:1471efa4c1c:-6add','rptis.facts.RPUAssessment.assesslevel','assesslevel','AL',NULL,NULL,NULL,NULL,NULL,NULL,NULL,NULL,NULL,NULL,2),('RCONST1441128c:1471efa4c1c:-6abf','RCOND1441128c:1471efa4c1c:-6add','rptis.facts.RPUAssessment.marketvalue','marketvalue','MV',NULL,NULL,NULL,NULL,NULL,NULL,NULL,NULL,NULL,NULL,1),('RCONST1441128c:1471efa4c1c:-6adc','RCOND1441128c:1471efa4c1c:-6add','rptis.facts.RPUAssessment.actualuseid','actualuseid',NULL,'not null','!= null',NULL,NULL,NULL,NULL,NULL,NULL,NULL,NULL,0),('RCONST1441128c:1471efa4c1c:-6c2e','RCOND1441128c:1471efa4c1c:-6c2f','rptis.facts.RPUAssessment.actualuseid','actualuseid',NULL,'not null','!= null',NULL,NULL,NULL,NULL,NULL,NULL,NULL,NULL,0),('RCONST1441128c:1471efa4c1c:-6d47','RCOND1441128c:1471efa4c1c:-6d84','rptis.bldg.facts.BldgUse.actualuseid','actualuseid','ACTUALUSE','not null','!= null',NULL,NULL,NULL,NULL,NULL,NULL,NULL,NULL,0),('RCONST1dc7a3de:142b70df9f8:-7f0e','RCOND1dc7a3de:142b70df9f8:-7f13','FACTFLD2713811e:141f3ed1502:-7ee7','intvalue','NUM_EMPLOYEE_FEMALE',NULL,NULL,NULL,NULL,NULL,NULL,NULL,NULL,NULL,NULL,0),('RCONST1dc7a3de:142b70df9f8:-7f59','RCOND1dc7a3de:142b70df9f8:-7f5e','FACTFLD2713811e:141f3ed1502:-7ee7','intvalue','NUM_EMPLOYEE_MALE',NULL,NULL,NULL,NULL,NULL,NULL,NULL,NULL,NULL,NULL,0),('RCONST2659bca9:142b667ccd3:-7cf8','RCOND2659bca9:142b667ccd3:-7d1c','FACTFLD-26aa09fd:1419696e71f:-7fe4','apptype',NULL,'is any of the ff.','matches',NULL,NULL,NULL,NULL,NULL,NULL,'[\"NEW\",\"RENEW\"]',NULL,0),('RCONST3c1a0174:1591f29348e:-4839','RCOND3c1a0174:1591f29348e:-486b','FACTFLD-26aa09fd:1419696e71f:-7fe4','apptype',NULL,'is any of the ff.','matches',NULL,NULL,NULL,NULL,NULL,NULL,'[\"NEW\",\"RENEW\",\"ADDITIONAL\"]',NULL,0),('RCONST40ac2a42:171728cfca4:-72f6','RCONDec9d7ab:166235c2e16:-5e7c','rptis.landtax.facts.RPTLedgerItemFact.year','year',NULL,'greater than or equal to','>=',1,'RCONSTec9d7ab:166235c2e16:-5f63','CY',NULL,NULL,NULL,NULL,NULL,0),('RCONST43877190:16db8bfd315:-6faf','RC-17442746:16be936f033:-7e86','rptis.landtax.facts.RPTLedgerItemFact.revtype','revtype',NULL,'is any of the ff.','matches',NULL,NULL,NULL,NULL,NULL,NULL,'[\"basic\",\"sef\"]',NULL,1),('RCONST43b92fb:14d8589b7da:-59aa','RCOND43b92fb:14d8589b7da:-59b1','FACTFLD2713811e:141f3ed1502:-7ede','booleanvalue','HAS_WEIGHT_AND_MEASURE','is true','== true',NULL,NULL,NULL,NULL,NULL,NULL,NULL,NULL,1),('RCONST43b92fb:14d8589b7da:-59ab','RCOND43b92fb:14d8589b7da:-59b1','FACTFLD-73089baf:141f3d279b0:-7f78','lob',NULL,'equals','==',NULL,'RCOND43b92fb:14d8589b7da:-59f3','LOB',NULL,NULL,NULL,NULL,NULL,0),('RCONST43b92fb:14d8589b7da:-5c05','RCOND43b92fb:14d8589b7da:-5c46','FACTFLD-7dcd2cc0:1419c36c939:-7f7f','attributes',NULL,'is any of the ff.','matches',NULL,NULL,NULL,NULL,NULL,NULL,'[[key:\"HAS_WEIGHT_AND_MEASURE\",value:\"HAS_WEIGHT_AND_MEASURE\"]]',NULL,1),('RCONST43b92fb:14d8589b7da:-5c2c','RCOND43b92fb:14d8589b7da:-5c46','FACTFLD-45a06f70:141e85fbfd5:-7f6f','assessmenttype',NULL,'is any of the ff.','matches',NULL,NULL,NULL,NULL,NULL,NULL,'[\"RENEW\",\"NEW\"]',NULL,0),('RCONST43b92fb:14d8589b7da:-6277','RCOND43b92fb:14d8589b7da:-62ad','FACTFLD72bb01b1:141b1fdca80:-7f7f','acctid',NULL,'is any of the ff.','matches',NULL,NULL,NULL,NULL,NULL,NULL,'[[key:\"ITMACCT-418ba86:157923606da:-5fec\",value:\"BUSINESS TAX\"]]',NULL,1),('RCONST43b92fb:14d8589b7da:-6298','RCOND43b92fb:14d8589b7da:-62ad','FACTFLD72bb01b1:141b1fdca80:-7f45','lob',NULL,'equals','==',NULL,'RCOND43b92fb:14d8589b7da:-6329','LOB',NULL,NULL,NULL,NULL,NULL,0),('RCONST43b92fb:14d8589b7da:-630a','RCOND43b92fb:14d8589b7da:-6329','FACTFLD-7dcd2cc0:1419c36c939:-7f7f','attributes',NULL,'is any of the ff.','matches',NULL,NULL,NULL,NULL,NULL,NULL,'[[key:\"NO_BUSINESS_TAX\",value:\"NO_BUSINESS_TAX\"]]',NULL,0),('RCONST43b92fb:14d8589b7da:-64cb','RCOND43b92fb:14d8589b7da:-64f6','FACTFLD-7c5c4c8f:141e84ee23e:-7f45','orgtype',NULL,'is any of the ff.','matches',NULL,NULL,NULL,NULL,NULL,NULL,'[\"COOP\",\"REL\",\"FOUND\",\"GOV\",\"SCH\"]',NULL,0),('RCONST43b92fb:14d8589b7da:-6684','RCOND43b92fb:14d8589b7da:-66ba','FACTFLD72bb01b1:141b1fdca80:-7f7f','acctid',NULL,'is any of the ff.','matches',NULL,NULL,NULL,NULL,NULL,NULL,'[[key:\"ITMACCT-418ba86:157923606da:-5fec\",value:\"BUSINESS TAX\"]]',NULL,1),('RCONST43b92fb:14d8589b7da:-66a5','RCOND43b92fb:14d8589b7da:-66ba','FACTFLD72bb01b1:141b1fdca80:-7f45','lob',NULL,'equals','==',NULL,'RCOND43b92fb:14d8589b7da:-6724','LOB',NULL,NULL,NULL,NULL,NULL,0),('RCONST43b92fb:14d8589b7da:-6712','RCOND43b92fb:14d8589b7da:-6724','FACTFLD-76732870:14196dc4027:-7f25','classification',NULL,'is any of the ff.','matches',NULL,NULL,NULL,NULL,NULL,NULL,'[[key:\"FINANCIAL\",value:\"FINANCIAL\"]]',NULL,0),('RCONST43b92fb:14d8589b7da:-682d','RCOND43b92fb:14d8589b7da:-6863','FACTFLD72bb01b1:141b1fdca80:-7f7f','acctid',NULL,'is any of the ff.','matches',NULL,NULL,NULL,NULL,NULL,NULL,'[[key:\"ITMACCT-418ba86:157923606da:-5fec\",value:\"BUSINESS TAX\"]]',NULL,1),('RCONST43b92fb:14d8589b7da:-684e','RCOND43b92fb:14d8589b7da:-6863','FACTFLD72bb01b1:141b1fdca80:-7f45','lob',NULL,'equals','==',NULL,'RCOND43b92fb:14d8589b7da:-68cd','LOB',NULL,NULL,NULL,NULL,NULL,0),('RCONST43b92fb:14d8589b7da:-68bb','RCOND43b92fb:14d8589b7da:-68cd','FACTFLD-76732870:14196dc4027:-7f25','classification',NULL,'is any of the ff.','matches',NULL,NULL,NULL,NULL,NULL,NULL,'[[key:\"SERVICE\",value:\"SERVICE\"]]',NULL,0),('RCONST43b92fb:14d8589b7da:-69ce','RCOND43b92fb:14d8589b7da:-6a04','FACTFLD72bb01b1:141b1fdca80:-7f7f','acctid',NULL,'is any of the ff.','matches',NULL,NULL,NULL,NULL,NULL,NULL,'[[key:\"ITMACCT-418ba86:157923606da:-5fec\",value:\"BUSINESS TAX\"]]',NULL,1),('RCONST43b92fb:14d8589b7da:-69ef','RCOND43b92fb:14d8589b7da:-6a04','FACTFLD72bb01b1:141b1fdca80:-7f45','lob',NULL,'equals','==',NULL,'RCOND43b92fb:14d8589b7da:-6a6e','LOB',NULL,NULL,NULL,NULL,NULL,0),('RCONST43b92fb:14d8589b7da:-6a5c','RCOND43b92fb:14d8589b7da:-6a6e','FACTFLD-76732870:14196dc4027:-7f25','classification',NULL,'is any of the ff.','matches',NULL,NULL,NULL,NULL,NULL,NULL,'[[key:\"RETAILER\",value:\"RETAILER\"]]',NULL,0),('RCONST43b92fb:14d8589b7da:-6b69','RCOND43b92fb:14d8589b7da:-6b9f','FACTFLD72bb01b1:141b1fdca80:-7f7f','acctid',NULL,'is any of the ff.','matches',NULL,NULL,NULL,NULL,NULL,NULL,'[[key:\"ITMACCT-418ba86:157923606da:-5fec\",value:\"BUSINESS TAX\"]]',NULL,1),('RCONST43b92fb:14d8589b7da:-6b8a','RCOND43b92fb:14d8589b7da:-6b9f','FACTFLD72bb01b1:141b1fdca80:-7f45','lob',NULL,'equals','==',NULL,'RCOND43b92fb:14d8589b7da:-6c0a','LOB',NULL,NULL,NULL,NULL,NULL,0),('RCONST43b92fb:14d8589b7da:-6bf8','RCOND43b92fb:14d8589b7da:-6c0a','FACTFLD-76732870:14196dc4027:-7f25','classification',NULL,'is any of the ff.','matches',NULL,NULL,NULL,NULL,NULL,NULL,'[[key:\"WHOLESALER\",value:\"WHOLESALER\"]]',NULL,0),('RCONST43b92fb:14d8589b7da:-6d91','RCOND43b92fb:14d8589b7da:-6da6','FACTFLD72bb01b1:141b1fdca80:-7f45','lob',NULL,'equals','==',NULL,'RCOND43b92fb:14d8589b7da:-6e21','LOB',NULL,NULL,NULL,NULL,NULL,0),('RCONST43b92fb:14d8589b7da:-6dfe','RCOND43b92fb:14d8589b7da:-6e21','FACTFLD-76732870:14196dc4027:-7f25','classification',NULL,'is any of the ff.','matches',NULL,NULL,NULL,NULL,NULL,NULL,'[[key:\"MANUFACTURER\",value:\"MANUFACTURER\"]]',NULL,0),('RCONST43b92fb:14d8589b7da:-7124','RCOND43b92fb:14d8589b7da:-712b','FACTFLD2713811e:141f3ed1502:-7ef0','decimalvalue','GROSS',NULL,NULL,NULL,NULL,NULL,NULL,NULL,NULL,NULL,NULL,1),('RCONST43b92fb:14d8589b7da:-7125','RCOND43b92fb:14d8589b7da:-712b','FACTFLD-73089baf:141f3d279b0:-7f78','lob',NULL,'equals','==',NULL,'RCOND43b92fb:14d8589b7da:-71c7','LOB',NULL,NULL,NULL,NULL,NULL,0),('RCONST43b92fb:14d8589b7da:-718c','RCOND43b92fb:14d8589b7da:-71c7','FACTFLD-76732870:14196dc4027:-7f25','classification',NULL,'is any of the ff.','matches',NULL,NULL,NULL,NULL,NULL,NULL,'[[key:\"RETAILER\",value:\"RETAILER\"]]',NULL,1),('RCONST43b92fb:14d8589b7da:-71ad','RCOND43b92fb:14d8589b7da:-71c7','FACTFLD-45a06f70:141e85fbfd5:-7f6f','assessmenttype',NULL,'is any of the ff.','matches',NULL,NULL,NULL,NULL,NULL,NULL,'[\"RENEW\",\"RETIRE\"]',NULL,0),('RCONST43b92fb:14d8589b7da:-733d','RCOND43b92fb:14d8589b7da:-7444','FACTFLD72bb01b1:141b1fdca80:-7f70','amount','AMT',NULL,NULL,NULL,NULL,NULL,NULL,NULL,NULL,NULL,NULL,2),('RCONST43b92fb:14d8589b7da:-736b','RCOND43b92fb:14d8589b7da:-7444','FACTFLD72bb01b1:141b1fdca80:-7f45','lob',NULL,'equals','==',NULL,'RCOND43b92fb:14d8589b7da:-752b','LOB',NULL,NULL,NULL,NULL,NULL,1),('RCONST43b92fb:14d8589b7da:-742b','RCOND43b92fb:14d8589b7da:-7444','FACTFLD72bb01b1:141b1fdca80:-7f7f','acctid',NULL,'is any of the ff.','matches',NULL,NULL,NULL,NULL,NULL,NULL,'[[key:\"ITMACCT-418ba86:157923606da:-5fec\",value:\"BUSINESS TAX\"]]',NULL,0),('RCONST43b92fb:14d8589b7da:-74b7','RCOND43b92fb:14d8589b7da:-752b','FACTFLD-7dcd2cc0:1419c36c939:-7f7f','attributes',NULL,'is any of the ff.','matches',NULL,NULL,NULL,NULL,NULL,NULL,'[[key:\"ESSENTIAL\",value:\"ESSENTIAL\"]]',NULL,2),('RCONST43b92fb:14d8589b7da:-74f0','RCOND43b92fb:14d8589b7da:-752b','FACTFLD-76732870:14196dc4027:-7f25','classification',NULL,'is any of the ff.','matches',NULL,NULL,NULL,NULL,NULL,NULL,'[[key:\"MANUFACTURER\",value:\"MANUFACTURER\"],[key:\"RETAILER\",value:\"RETAILER\"],[key:\"WHOLESALER\",value:\"WHOLESALER\"]]',NULL,1),('RCONST43b92fb:14d8589b7da:-7511','RCOND43b92fb:14d8589b7da:-752b','FACTFLD-45a06f70:141e85fbfd5:-7f6f','assessmenttype',NULL,'is any of the ff.','matches',NULL,NULL,NULL,NULL,NULL,NULL,'[\"RENEW\",\"RETIRE\"]',NULL,0),('RCONST43b92fb:14d8589b7da:-7d34','RCOND43b92fb:14d8589b7da:-7d3b','FACTFLD2713811e:141f3ed1502:-7ef0','decimalvalue','CAPITAL',NULL,NULL,NULL,NULL,NULL,NULL,NULL,NULL,NULL,NULL,1),('RCONST43b92fb:14d8589b7da:-7d35','RCOND43b92fb:14d8589b7da:-7d3b','FACTFLD-73089baf:141f3d279b0:-7f78','lob',NULL,'equals','==',NULL,'RCOND43b92fb:14d8589b7da:-7df5','LOB',NULL,NULL,NULL,NULL,NULL,0),('RCONST43b92fb:14d8589b7da:-7ddb','RCOND43b92fb:14d8589b7da:-7df5','FACTFLD-45a06f70:141e85fbfd5:-7f6f','assessmenttype',NULL,'is any of the ff.','matches',NULL,NULL,NULL,NULL,NULL,NULL,'[\"NEW\"]',NULL,0),('RCONST49fb6db4:149c7eeb0ca:-551c','RCOND49fb6db4:149c7eeb0ca:-5544','FACTFLD-7c5c4c8f:141e84ee23e:-7f45','orgtype',NULL,'is any of the ff.','matches',NULL,NULL,NULL,NULL,NULL,NULL,'[\"CORP\",\"ASSO\",\"PART\"]',NULL,0),('RCONST49fb6db4:149c7eeb0ca:-56fe','RCOND49fb6db4:149c7eeb0ca:-5759','FACTFLD-7c5c4c8f:141e84ee23e:-7f45','orgtype',NULL,'is any of the ff.','matches',NULL,NULL,NULL,NULL,NULL,NULL,'[\"SING\"]',NULL,1),('RCONST49fb6db4:149c7eeb0ca:-583f','RCOND49fb6db4:149c7eeb0ca:-58fb','FACTFLD-7c5c4c8f:141e84ee23e:-7f45','orgtype',NULL,'is any of the ff.','matches',NULL,NULL,NULL,NULL,NULL,NULL,'[\"COOP\"]',NULL,1),('RCONST5b4ac915:147baaa06b4:-6d59','RCOND5b4ac915:147baaa06b4:-6da4','rptis.land.facts.LandDetail.classification','classification','CLASS','not null','!= null',NULL,NULL,NULL,NULL,NULL,NULL,NULL,NULL,0),('RCONST5bc4ec91:14b5e07aca6:-7a9f','RCOND5bc4ec91:14b5e07aca6:-7b08','FACTFLD-62a762db:14201d65080:-72f2','appyear','APPYEAR',NULL,NULL,NULL,NULL,NULL,NULL,NULL,NULL,NULL,NULL,1),('RCONST5bc4ec91:14b5e07aca6:-7ae1','RCOND5bc4ec91:14b5e07aca6:-7b08','FACTFLD-26aa09fd:1419696e71f:-7fe4','apptype',NULL,'is any of the ff.','matches',NULL,NULL,NULL,NULL,NULL,NULL,'[\"RENEW\"]',NULL,0),('RCONST5be4b64d:14d8574f264:-7d6c','RCOND5be4b64d:14d8574f264:-7d86','FACTFLD-45a06f70:141e85fbfd5:-7f6f','assessmenttype',NULL,'is any of the ff.','matches',NULL,NULL,NULL,NULL,NULL,NULL,'[\"RENEW\",\"RETIRE\"]',NULL,0),('RCONST5be4b64d:14d8574f264:-7e72','RCOND5be4b64d:14d8574f264:-7e8d','FACTFLD-45a06f70:141e85fbfd5:-7f6f','assessmenttype',NULL,'is any of the ff.','matches',NULL,NULL,NULL,NULL,NULL,NULL,'[\"NEW\"]',NULL,0),('RCONST5ca73361:178b46b1030:-3fbe','RCOND-479f9644:17849e550ea:23b','rptis.facts.RPU.objid','objid','REFID',NULL,NULL,NULL,NULL,NULL,NULL,NULL,NULL,NULL,NULL,0),('RCONST5ca73361:178b46b1030:-411c','RC387565a4:178b45fb088:-7ead','rptis.facts.RPUAssessment.taxable','taxable',NULL,'is true','== true',NULL,NULL,NULL,NULL,NULL,NULL,NULL,NULL,2),('RCONST5d2ef71:1472236f427:-7ef3','RCOND5d2ef71:1472236f427:-7f0d','FACTFLD-45a06f70:141e85fbfd5:-7f6f','assessmenttype',NULL,'is any of the ff.','matches',NULL,NULL,NULL,NULL,NULL,NULL,'[\"RENEW\",\"RETIRE\"]',NULL,0),('RCONST5ffbdc02:166e7b2c367:-641c','RC70978a15:166ae6875d1:-7f22','rptis.landtax.facts.RPTLedgerItemFact.amtdue','amtdue','TAX',NULL,NULL,NULL,NULL,NULL,NULL,NULL,NULL,NULL,NULL,4),('RCONST5ffbdc02:166e7b2c367:-66a5','RC70978a15:166ae6875d1:-7f22','rptis.landtax.facts.RPTLedgerItemFact.year','year',NULL,'equal to','==',1,'RCC70978a15:166ae6875d1:-7f23','CY',NULL,NULL,NULL,NULL,NULL,1),('RCONST6daebb4a:148d65c9a35:-7ed8','RCOND6daebb4a:148d65c9a35:-7efc','FACTFLD-26aa09fd:1419696e71f:-7fe4','apptype',NULL,'is any of the ff.','matches',NULL,NULL,NULL,NULL,NULL,NULL,'[\"NEW\",\"RENEW\"]',NULL,0),('RCONST77d680ba:14885b8719f:-7b26','RCOND77d680ba:14885b8719f:-7be5','FACTFLD-62a762db:14201d65080:-72f2','appyear','APPYEAR',NULL,NULL,NULL,NULL,NULL,NULL,NULL,NULL,NULL,NULL,1),('RCONST77d680ba:14885b8719f:-7bc1','RCOND77d680ba:14885b8719f:-7be5','FACTFLD-26aa09fd:1419696e71f:-7fe4','apptype',NULL,'is any of the ff.','matches',NULL,NULL,NULL,NULL,NULL,NULL,'[\"NEW\"]',NULL,0),('RCONST7ac941aa:157991d0117:-7ce1','RCOND7ac941aa:157991d0117:-7d24','FACTFLD72bb01b1:141b1fdca80:-7f7f','acctid',NULL,'is any of the ff.','matches',NULL,NULL,NULL,NULL,NULL,NULL,'[[key:\"ITMACCT-418ba86:157923606da:-5fec\",value:\"BUSINESS TAX\"]]',NULL,1),('RCONST7ac941aa:157991d0117:-7d0f','RCOND7ac941aa:157991d0117:-7d24','FACTFLD72bb01b1:141b1fdca80:-7f45','lob',NULL,'equals','==',NULL,'RCOND7ac941aa:157991d0117:-7d7c','LOB',NULL,NULL,NULL,NULL,NULL,0),('RCONST7e02b404:166ae687f42:-54ad','RC70978a15:166ae6875d1:-7f24','CurrentDate.qtr','qtr','CQTR','greater than','>',NULL,NULL,NULL,NULL,1,NULL,NULL,NULL,1),('RCONSTec9d7ab:166235c2e16:-2ea1','RCONDec9d7ab:166235c2e16:-2ec7','rptis.landtax.facts.Bill.currentdate','currentdate','CDATE',NULL,NULL,NULL,NULL,NULL,NULL,NULL,NULL,NULL,NULL,0),('RCONSTec9d7ab:166235c2e16:-311f','RC7280357:166235c1be7:-7fbd','rptis.landtax.facts.RPTLedgerFact.lastqtrpaid','lastqtrpaid',NULL,'equal to','==',NULL,NULL,NULL,NULL,4,NULL,NULL,NULL,1),('RCONSTec9d7ab:166235c2e16:-36b2','RC7280357:166235c1be7:-7fc7','rptis.landtax.facts.RPTLedgerItemFact.revtype','revtype',NULL,'is any of the ff.','matches',0,NULL,NULL,NULL,NULL,NULL,'[\"basic\",\"sef\"]',NULL,1),('RCONSTec9d7ab:166235c2e16:-38dd','RCONDec9d7ab:166235c2e16:-3905','rptis.landtax.facts.Bill.forpayment','forpayment',NULL,'not true','== false',NULL,NULL,NULL,NULL,NULL,NULL,NULL,NULL,0),('RCONSTec9d7ab:166235c2e16:-39af','RCONDec9d7ab:166235c2e16:-3b0b','rptis.landtax.facts.RPTLedgerItemFact.qtrly','qtrly',NULL,'is true','== true',NULL,NULL,NULL,NULL,NULL,NULL,NULL,NULL,1),('RCONSTec9d7ab:166235c2e16:-3abb','RCONDec9d7ab:166235c2e16:-3b0b','rptis.landtax.facts.RPTLedgerItemFact.year','year',NULL,'less than','<',1,'RCONSTec9d7ab:166235c2e16:-3b8e','CY',NULL,NULL,NULL,NULL,NULL,0),('RCONSTec9d7ab:166235c2e16:-3b8e','RCONDec9d7ab:166235c2e16:-3baa','CurrentDate.year','year','CY',NULL,NULL,NULL,NULL,NULL,NULL,NULL,NULL,NULL,NULL,0),('RCONSTec9d7ab:166235c2e16:-5f63','RCONDec9d7ab:166235c2e16:-5f7f','CurrentDate.year','year','CY',NULL,NULL,NULL,NULL,NULL,NULL,NULL,NULL,NULL,NULL,0);
/*!40000 ALTER TABLE `sys_rule_condition_constraint` ENABLE KEYS */;
UNLOCK TABLES;

--
-- Table structure for table `sys_rule_condition_var`
--

DROP TABLE IF EXISTS `sys_rule_condition_var`;
/*!40101 SET @saved_cs_client     = @@character_set_client */;
/*!40101 SET character_set_client = utf8 */;
CREATE TABLE `sys_rule_condition_var` (
  `objid` varchar(50) NOT NULL,
  `parentid` varchar(50) DEFAULT NULL,
  `ruleid` varchar(50) DEFAULT NULL,
  `varname` varchar(50) DEFAULT NULL,
  `datatype` varchar(50) DEFAULT NULL,
  `pos` int(11) DEFAULT NULL,
  PRIMARY KEY (`objid`),
  KEY `ix_parentid` (`parentid`),
  CONSTRAINT `sys_rule_condition_var_ibfk_1` FOREIGN KEY (`parentid`) REFERENCES `sys_rule_condition` (`objid`)
) ENGINE=InnoDB DEFAULT CHARSET=utf8;
/*!40101 SET character_set_client = @saved_cs_client */;

--
-- Dumping data for table `sys_rule_condition_var`
--

LOCK TABLES `sys_rule_condition_var` WRITE;
/*!40000 ALTER TABLE `sys_rule_condition_var` DISABLE KEYS */;
INSERT INTO `sys_rule_condition_var` VALUES ('RC-17442746:16be936f033:-7e86','RC-17442746:16be936f033:-7e86','RUL483027b0:16be9375c61:-77e6','RLI','rptis.landtax.facts.RPTLedgerItemFact',0),('RC16a7ee38:15cfcd300fe:-7fba','RC16a7ee38:15cfcd300fe:-7fba','RUL-79a9a347:15cfcae84de:-55fd','RA','rptis.facts.RPUAssessment',0),('RC16a7ee38:15cfcd300fe:-7fbc','RC16a7ee38:15cfcd300fe:-7fbc','RUL-79a9a347:15cfcae84de:-55fd','RPU','rptis.facts.RPU',1),('RC387565a4:178b45fb088:-7eaa','RC387565a4:178b45fb088:-7eaa','RUL5ca73361:178b46b1030:-41a3','RPU','rptis.facts.RPU',1),('RC387565a4:178b45fb088:-7ead','RC387565a4:178b45fb088:-7ead','RUL5ca73361:178b46b1030:-41a3','RA','rptis.facts.RPUAssessment',0),('RC440e47f4:166ae4152f1:-7fc0','RC440e47f4:166ae4152f1:-7fc0','RUL1262ad19:166ae41b1fb:-7c88','RLI','rptis.landtax.facts.RPTLedgerItemFact',1),('RC70978a15:166ae6875d1:-7f22','RC70978a15:166ae6875d1:-7f22','RUL7e02b404:166ae687f42:-5511','RLI','rptis.landtax.facts.RPTLedgerItemFact',1),('RC7280357:166235c1be7:-7faf','RC7280357:166235c1be7:-7faf','RULec9d7ab:166235c2e16:-26bf','RLI','rptis.landtax.facts.RPTLedgerItemFact',1),('RC7280357:166235c1be7:-7fb6','RC7280357:166235c1be7:-7fb6','RULec9d7ab:166235c2e16:-26d0','RLI','rptis.landtax.facts.RPTLedgerItemFact',1),('RC7280357:166235c1be7:-7fbd','RC7280357:166235c1be7:-7fbd','RULec9d7ab:166235c2e16:-319f','RL','rptis.landtax.facts.RPTLedgerFact',1),('RC7280357:166235c1be7:-7fc0','RC7280357:166235c1be7:-7fc0','RULec9d7ab:166235c2e16:-319f','BILL','rptis.landtax.facts.Bill',2),('RC7280357:166235c1be7:-7fc7','RC7280357:166235c1be7:-7fc7','RULec9d7ab:166235c2e16:-3811','RLI','rptis.landtax.facts.RPTLedgerItemFact',1),('RC7280357:166235c1be7:-7fc9','RC7280357:166235c1be7:-7fc9','RULec9d7ab:166235c2e16:-3811','BILL','rptis.landtax.facts.Bill',2),('RC7280357:166235c1be7:-7fd4','RC7280357:166235c1be7:-7fd4','RULec9d7ab:166235c2e16:-4197','RLI','rptis.landtax.facts.RPTLedgerItemFact',1),('RCC-17442746:16be936f033:-7e83','RC-17442746:16be936f033:-7e86','RUL483027b0:16be9375c61:-77e6','AV','decimal',0),('RCC16a7ee38:15cfcd300fe:-7fb9','RC16a7ee38:15cfcd300fe:-7fba','RUL-79a9a347:15cfcae84de:-55fd','AV','decimal',1),('RCC16a7ee38:15cfcd300fe:-7fbb','RC16a7ee38:15cfcd300fe:-7fbc','RUL-79a9a347:15cfcae84de:-55fd','RPUID','string',0),('RCC387565a4:178b45fb088:-7ea9','RC387565a4:178b45fb088:-7eaa','RUL5ca73361:178b46b1030:-41a3','RPUID','string',0),('RCC387565a4:178b45fb088:-7eab','RC387565a4:178b45fb088:-7ead','RUL5ca73361:178b46b1030:-41a3','AV','decimal',1),('RCC440e47f4:166ae4152f1:-7fbd','RC440e47f4:166ae4152f1:-7fbe','RUL1262ad19:166ae41b1fb:-7c88','CY','integer',0),('RCC70978a15:166ae6875d1:-7f23','RC70978a15:166ae6875d1:-7f24','RUL7e02b404:166ae687f42:-5511','CY','integer',0),('RCC7280357:166235c1be7:-7fac','RC7280357:166235c1be7:-7fad','RULec9d7ab:166235c2e16:-26bf','CY','integer',0),('RCC7280357:166235c1be7:-7fb3','RC7280357:166235c1be7:-7fb4','RULec9d7ab:166235c2e16:-26d0','CY','integer',0),('RCC7280357:166235c1be7:-7fba','RC7280357:166235c1be7:-7fbb','RULec9d7ab:166235c2e16:-319f','CY','integer',0),('RCC7280357:166235c1be7:-7fcd','RC7280357:166235c1be7:-7fcf','RULec9d7ab:166235c2e16:-4197','CY','integer',0),('RCC7280357:166235c1be7:-7fd3','RC7280357:166235c1be7:-7fd4','RULec9d7ab:166235c2e16:-4197','TAX','decimal',3),('RCOND-103fed47:146ffb40356:-7d40','RCOND-103fed47:146ffb40356:-7d40','RUL3e2b89cb:146ff734573:-7dcc','RPU','rptis.bldg.facts.BldgRPU',0),('RCOND-128a4cad:146f96a678e:-7e14','RCOND-128a4cad:146f96a678e:-7e14','RUL-128a4cad:146f96a678e:-7e52','LA','rptis.land.facts.LandDetail',0),('RCOND-1a2d6e9b:1692d429304:-7748','RCOND-1a2d6e9b:1692d429304:-7748','RUL-1a2d6e9b:1692d429304:-7779','AVINFO','rptis.landtax.facts.AssessedValue',0),('RCOND-2486b0ca:146fff66c3e:-2bf1','RCOND-2486b0ca:146fff66c3e:-2bf1','RUL-2486b0ca:146fff66c3e:-2c4a','BU','rptis.bldg.facts.BldgUse',0),('RCOND-2486b0ca:146fff66c3e:-3888','RCOND-2486b0ca:146fff66c3e:-3888','RUL-2486b0ca:146fff66c3e:-38e4','BF','rptis.bldg.facts.BldgFloor',0),('RCOND-2486b0ca:146fff66c3e:-3ed1','RCOND-2486b0ca:146fff66c3e:-3ed1','RUL-2486b0ca:146fff66c3e:-4192','BU','rptis.bldg.facts.BldgUse',1),('RCOND-2486b0ca:146fff66c3e:-3f91','RCOND-2486b0ca:146fff66c3e:-3f91','RUL-2486b0ca:146fff66c3e:-4192','RPU','rptis.bldg.facts.BldgRPU',0),('RCOND-2486b0ca:146fff66c3e:-445d','RCOND-2486b0ca:146fff66c3e:-445d','RUL-2486b0ca:146fff66c3e:-4697','BS','rptis.bldg.facts.BldgStructure',0),('RCOND-2486b0ca:146fff66c3e:-6aad','RCOND-2486b0ca:146fff66c3e:-6aad','RUL-2486b0ca:146fff66c3e:-6b05','BF','rptis.bldg.facts.BldgFloor',0),('RCOND-28dc975:156bcab666c:-5f3d','RCOND-28dc975:156bcab666c:-5f3d','RUL-3e8edbea:156bc08656a:-5f05','VAR','rptis.facts.RPTVariable',1),('RCOND-28dc975:156bcab666c:-6051','RCOND-28dc975:156bcab666c:-6051','RUL-3e8edbea:156bc08656a:-5f05','RPU','rptis.facts.RPU',0),('RCOND-2ede6703:16642adb9ce:-7a39','RCOND-2ede6703:16642adb9ce:-7a39','RUL-2ede6703:16642adb9ce:-7ba0','BILL','rptis.landtax.facts.Bill',0),('RCOND-3dc4dd90:14451e4a9d5:-6e9e','RCOND-3dc4dd90:14451e4a9d5:-6e9e','RUL-36ba5ccb:1430894b791:-6677','BT','bpls.facts.BillItem',3),('RCOND-3dc4dd90:14451e4a9d5:-6f12','RCOND-3dc4dd90:14451e4a9d5:-6f12','RUL-36ba5ccb:1430894b791:-6677','LOB','bpls.facts.LOB',2),('RCOND-43adaf20:179c6921191:-4d1d','RCOND-43adaf20:179c6921191:-4d1d','RUL-43adaf20:179c6921191:-4d61','LA','rptis.land.facts.LandDetail',0),('RCOND-43adaf20:179c6921191:-4ebf','RCOND-43adaf20:179c6921191:-4ebf','RUL-43adaf20:179c6921191:-4f03','LA','rptis.land.facts.LandDetail',0),('RCOND-43adaf20:179c6921191:-510e','RCOND-43adaf20:179c6921191:-510e','RUL-43adaf20:179c6921191:-5152','LA','rptis.land.facts.LandDetail',0),('RCOND-43adaf20:179c6921191:-5a08','RCOND-43adaf20:179c6921191:-5a08','RUL-43adaf20:179c6921191:-5b4f','RLI','rptis.landtax.facts.RPTLedgerItemFact',1),('RCOND-43adaf20:179c6921191:-5dbd','RCOND-43adaf20:179c6921191:-5dbd','RUL-43adaf20:179c6921191:-5f04','RLI','rptis.landtax.facts.RPTLedgerItemFact',1),('RCOND-43adaf20:179c6921191:-60f0','RCOND-43adaf20:179c6921191:-60f0','RUL-43adaf20:179c6921191:-61e1','RLI','rptis.landtax.facts.RPTLedgerItemFact',1),('RCOND-43adaf20:179c6921191:-6304','RCOND-43adaf20:179c6921191:-6304','RUL-43adaf20:179c6921191:-6498','RLI','rptis.landtax.facts.RPTLedgerItemFact',2),('RCOND-43adaf20:179c6921191:-63a9','RCOND-43adaf20:179c6921191:-63a9','RUL-43adaf20:179c6921191:-6498','RL','rptis.landtax.facts.RPTLedgerFact',1),('RCOND-43adaf20:179c6921191:-69ac','RCOND-43adaf20:179c6921191:-69ac','RUL-43adaf20:179c6921191:-6af3','RLI','rptis.landtax.facts.RPTLedgerItemFact',1),('RCOND-43adaf20:179c6921191:-6d1e','RCOND-43adaf20:179c6921191:-6d1e','RUL-43adaf20:179c6921191:-6edf','RLI','rptis.landtax.facts.RPTLedgerItemFact',1),('RCOND-43adaf20:179c6921191:-7361','RCOND-43adaf20:179c6921191:-7361','RUL-43adaf20:179c6921191:-74a8','RLI','rptis.landtax.facts.RPTLedgerItemFact',1),('RCOND-43adaf20:179c6921191:-7c1a','RCOND-43adaf20:179c6921191:-7c1a','RUL-43adaf20:179c6921191:-7d0b','RLI','rptis.landtax.facts.RPTLedgerItemFact',1),('RCOND-479f9644:17849e550ea:23b','RCOND-479f9644:17849e550ea:23b','RUL-479f9644:17849e550ea:143','RPU','rptis.facts.RPU',0),('RCOND-479f9644:17849e550ea:2df','RCOND-479f9644:17849e550ea:2df','RUL-479f9644:17849e550ea:143','VAR','rptis.facts.RPTVariable',1),('RCOND-4fd26d3d:142fa7a65f9:-7124','RCOND-4fd26d3d:142fa7a65f9:-7124','RUL-4fd26d3d:142fa7a65f9:-7200','BT','bpls.facts.BillItem',1),('RCOND-4fd26d3d:142fa7a65f9:-71a1','RCOND-4fd26d3d:142fa7a65f9:-71a1','RUL-4fd26d3d:142fa7a65f9:-7200','LOB','bpls.facts.LOB',0),('RCOND-4fd26d3d:142fa7a65f9:-7414','RCOND-4fd26d3d:142fa7a65f9:-7414','RUL2491462a:142fa35d130:-5a95','BT','bpls.facts.BillItem',1),('RCOND-4fd26d3d:142fa7a65f9:-7492','RCOND-4fd26d3d:142fa7a65f9:-7492','RUL2491462a:142fa35d130:-5a95','LOB','bpls.facts.LOB',0),('RCOND-60c99d04:1470b276e7f:-7dd3','RCOND-60c99d04:1470b276e7f:-7dd3','RUL-60c99d04:1470b276e7f:-7ecc','BU','rptis.bldg.facts.BldgUse',1),('RCOND-60c99d04:1470b276e7f:-7e2a','RCOND-60c99d04:1470b276e7f:-7e2a','RUL-60c99d04:1470b276e7f:-7ecc','BS','rptis.bldg.facts.BldgStructure',0),('RCOND-6c640ca5:1469912956a:-7d0f','RCOND-6c640ca5:1469912956a:-7d0f','RUL-6c640ca5:1469912956a:-7ed8','LOB','bpls.facts.LOB',0),('RCOND-762e9176:15d067a9c42:-5928','RCOND-762e9176:15d067a9c42:-5928','RUL-762e9176:15d067a9c42:-5aa0','RPU','rptis.facts.RPU',1),('RCOND-762e9176:15d067a9c42:-5a4b','RCOND-762e9176:15d067a9c42:-5a4b','RUL-762e9176:15d067a9c42:-5aa0','VAR','rptis.facts.RPTVariable',0),('RCOND-762e9176:15d067a9c42:-5d56','RCOND-762e9176:15d067a9c42:-5d56','RUL-762e9176:15d067a9c42:-5e26','RPU','rptis.facts.RPU',1),('RCOND-762e9176:15d067a9c42:-5dd2','RCOND-762e9176:15d067a9c42:-5dd2','RUL-762e9176:15d067a9c42:-5e26','RA','rptis.facts.RPUAssessment',0),('RCOND-79a9a347:15cfcae84de:-5af4','RCOND-79a9a347:15cfcae84de:-5af4','RUL-79a9a347:15cfcae84de:-6f2a','VAR','rptis.facts.RPTVariable',1),('RCOND-79a9a347:15cfcae84de:-6222','RCOND-79a9a347:15cfcae84de:-6222','RUL-79a9a347:15cfcae84de:-6401','RPU','rptis.facts.RPU',1),('RCOND-79a9a347:15cfcae84de:-637a','RCOND-79a9a347:15cfcae84de:-637a','RUL-79a9a347:15cfcae84de:-6401','RA','rptis.facts.RPUAssessment',0),('RCOND-79a9a347:15cfcae84de:-6ebc','RCOND-79a9a347:15cfcae84de:-6ebc','RUL-79a9a347:15cfcae84de:-6f2a','RPU','rptis.facts.RPU',0),('RCOND-79a9a347:15cfcae84de:4fcd','RCOND-79a9a347:15cfcae84de:4fcd','RUL-79a9a347:15cfcae84de:4f83','RA','rptis.facts.RPUAssessment',0),('RCOND-79a9a347:15cfcae84de:508d','RCOND-79a9a347:15cfcae84de:508d','RUL-79a9a347:15cfcae84de:4f83','RPU','rptis.facts.RPU',1),('RCOND-79a9a347:15cfcae84de:553c','RCOND-79a9a347:15cfcae84de:553c','RUL-79a9a347:15cfcae84de:549e','RPU','rptis.facts.RPU',1),('RCOND-79a9a347:15cfcae84de:55ab','RCOND-79a9a347:15cfcae84de:55ab','RUL-79a9a347:15cfcae84de:549e','VAR','rptis.facts.RPTVariable',1),('RCOND1441128c:1471efa4c1c:-6add','RCOND1441128c:1471efa4c1c:-6add','RUL1441128c:1471efa4c1c:-6b41','BA','rptis.facts.RPUAssessment',0),('RCOND1441128c:1471efa4c1c:-6c2f','RCOND1441128c:1471efa4c1c:-6c2f','RUL1441128c:1471efa4c1c:-6c93','BA','rptis.facts.RPUAssessment',0),('RCOND1441128c:1471efa4c1c:-6d84','RCOND1441128c:1471efa4c1c:-6d84','RUL1441128c:1471efa4c1c:-6eaa','BU','rptis.bldg.facts.BldgUse',0),('RCOND43b92fb:14d8589b7da:-59f3','RCOND43b92fb:14d8589b7da:-59f3','RUL43b92fb:14d8589b7da:-5ab9','LOB','bpls.facts.LOB',0),('RCOND43b92fb:14d8589b7da:-5c46','RCOND43b92fb:14d8589b7da:-5c46','RUL43b92fb:14d8589b7da:-5c97','LOB','bpls.facts.LOB',0),('RCOND43b92fb:14d8589b7da:-62ad','RCOND43b92fb:14d8589b7da:-62ad','RUL43b92fb:14d8589b7da:-637c','BT','bpls.facts.TaxFeeAccount',1),('RCOND43b92fb:14d8589b7da:-6329','RCOND43b92fb:14d8589b7da:-6329','RUL43b92fb:14d8589b7da:-637c','LOB','bpls.facts.LOB',0),('RCOND43b92fb:14d8589b7da:-66ba','RCOND43b92fb:14d8589b7da:-66ba','RUL43b92fb:14d8589b7da:-6775','BT','bpls.facts.TaxFeeAccount',1),('RCOND43b92fb:14d8589b7da:-6724','RCOND43b92fb:14d8589b7da:-6724','RUL43b92fb:14d8589b7da:-6775','LOB','bpls.facts.LOB',0),('RCOND43b92fb:14d8589b7da:-6863','RCOND43b92fb:14d8589b7da:-6863','RUL43b92fb:14d8589b7da:-691e','BT','bpls.facts.TaxFeeAccount',1),('RCOND43b92fb:14d8589b7da:-68cd','RCOND43b92fb:14d8589b7da:-68cd','RUL43b92fb:14d8589b7da:-691e','LOB','bpls.facts.LOB',0),('RCOND43b92fb:14d8589b7da:-6a04','RCOND43b92fb:14d8589b7da:-6a04','RUL43b92fb:14d8589b7da:-6abf','BT','bpls.facts.TaxFeeAccount',1),('RCOND43b92fb:14d8589b7da:-6a6e','RCOND43b92fb:14d8589b7da:-6a6e','RUL43b92fb:14d8589b7da:-6abf','LOB','bpls.facts.LOB',0),('RCOND43b92fb:14d8589b7da:-6b9f','RCOND43b92fb:14d8589b7da:-6b9f','RUL43b92fb:14d8589b7da:-6ccb','BT','bpls.facts.TaxFeeAccount',1),('RCOND43b92fb:14d8589b7da:-6c0a','RCOND43b92fb:14d8589b7da:-6c0a','RUL43b92fb:14d8589b7da:-6ccb','LOB','bpls.facts.LOB',0),('RCOND43b92fb:14d8589b7da:-6da6','RCOND43b92fb:14d8589b7da:-6da6','RUL43b92fb:14d8589b7da:-6e72','BT','bpls.facts.TaxFeeAccount',1),('RCOND43b92fb:14d8589b7da:-6e21','RCOND43b92fb:14d8589b7da:-6e21','RUL43b92fb:14d8589b7da:-6e72','LOB','bpls.facts.LOB',0),('RCOND43b92fb:14d8589b7da:-71c7','RCOND43b92fb:14d8589b7da:-71c7','RUL43b92fb:14d8589b7da:-7218','LOB','bpls.facts.LOB',0),('RCOND43b92fb:14d8589b7da:-7444','RCOND43b92fb:14d8589b7da:-7444','RUL43b92fb:14d8589b7da:-757c','BT','bpls.facts.TaxFeeAccount',1),('RCOND43b92fb:14d8589b7da:-752b','RCOND43b92fb:14d8589b7da:-752b','RUL43b92fb:14d8589b7da:-757c','LOB','bpls.facts.LOB',0),('RCOND43b92fb:14d8589b7da:-7df5','RCOND43b92fb:14d8589b7da:-7df5','RUL43b92fb:14d8589b7da:-7e46','LOB','bpls.facts.LOB',0),('RCOND5b4ac915:147baaa06b4:-6da4','RCOND5b4ac915:147baaa06b4:-6da4','RUL5b4ac915:147baaa06b4:-6f31','LA','rptis.land.facts.LandDetail',0),('RCOND5be4b64d:14d8574f264:-7d86','RCOND5be4b64d:14d8574f264:-7d86','RUL5be4b64d:14d8574f264:-7dd7','LOB','bpls.facts.LOB',0),('RCOND5be4b64d:14d8574f264:-7e8d','RCOND5be4b64d:14d8574f264:-7e8d','RUL5be4b64d:14d8574f264:-7edc','LOB','bpls.facts.LOB',0),('RCOND5d2ef71:1472236f427:-7f0d','RCOND5d2ef71:1472236f427:-7f0d','RUL5d2ef71:1472236f427:-7f50','LOB','bpls.facts.LOB',0),('RCOND7ac941aa:157991d0117:-7d24','RCOND7ac941aa:157991d0117:-7d24','RUL43b92fb:14d8589b7da:-658a','BT','bpls.facts.TaxFeeAccount',2),('RCOND7ac941aa:157991d0117:-7d7c','RCOND7ac941aa:157991d0117:-7d7c','RUL43b92fb:14d8589b7da:-658a','LOB','bpls.facts.LOB',1),('RCONDec9d7ab:166235c2e16:-24fc','RCONDec9d7ab:166235c2e16:-24fc','RULec9d7ab:166235c2e16:-255e','RLTS','rptis.landtax.facts.RPTLedgerTaxSummaryFact',0),('RCONDec9d7ab:166235c2e16:-2ec7','RCONDec9d7ab:166235c2e16:-2ec7','RULec9d7ab:166235c2e16:-2f1f','BILL','rptis.landtax.facts.Bill',0),('RCONDec9d7ab:166235c2e16:-3905','RCONDec9d7ab:166235c2e16:-3905','RULec9d7ab:166235c2e16:-3c17','BILL','rptis.landtax.facts.Bill',2),('RCONDec9d7ab:166235c2e16:-3b0b','RCONDec9d7ab:166235c2e16:-3b0b','RULec9d7ab:166235c2e16:-3c17','RLI','rptis.landtax.facts.RPTLedgerItemFact',1),('RCONDec9d7ab:166235c2e16:-5e7c','RCONDec9d7ab:166235c2e16:-5e7c','RULec9d7ab:166235c2e16:-5fcb','RLI','rptis.landtax.facts.RPTLedgerItemFact',1),('RCONST-103fed47:146ffb40356:-7c7c','RCOND-103fed47:146ffb40356:-7d40','RUL3e2b89cb:146ff734573:-7dcc','YRCOMPLETED','integer',1),('RCONST-103fed47:146ffb40356:-7ce5','RCOND-103fed47:146ffb40356:-7d40','RUL3e2b89cb:146ff734573:-7dcc','YRAPPRAISED','integer',0),('RCONST-128a4cad:146f96a678e:-7d80','RCOND-128a4cad:146f96a678e:-7e14','RUL-128a4cad:146f96a678e:-7e52','AL','decimal',1),('RCONST-128a4cad:146f96a678e:-7dd0','RCOND-128a4cad:146f96a678e:-7e14','RUL-128a4cad:146f96a678e:-7e52','MV','decimal',0),('RCONST-1a2d6e9b:1692d429304:-7746','RCOND-1a2d6e9b:1692d429304:-7748','RUL-1a2d6e9b:1692d429304:-7779','AV','decimal',1),('RCONST-1a2d6e9b:1692d429304:-7747','RCOND-1a2d6e9b:1692d429304:-7748','RUL-1a2d6e9b:1692d429304:-7779','YR','integer',0),('RCONST-2486b0ca:146fff66c3e:-2b45','RCOND-2486b0ca:146fff66c3e:-2bf1','RUL-2486b0ca:146fff66c3e:-2c4a','ADJ','decimal',2),('RCONST-2486b0ca:146fff66c3e:-2b8c','RCOND-2486b0ca:146fff66c3e:-2bf1','RUL-2486b0ca:146fff66c3e:-2c4a','DEP','decimal',1),('RCONST-2486b0ca:146fff66c3e:-2bc5','RCOND-2486b0ca:146fff66c3e:-2bf1','RUL-2486b0ca:146fff66c3e:-2c4a','BMV','decimal',0),('RCONST-2486b0ca:146fff66c3e:-382b','RCOND-2486b0ca:146fff66c3e:-3888','RUL-2486b0ca:146fff66c3e:-38e4','ADJ','decimal',1),('RCONST-2486b0ca:146fff66c3e:-3860','RCOND-2486b0ca:146fff66c3e:-3888','RUL-2486b0ca:146fff66c3e:-38e4','BMV','decimal',0),('RCONST-2486b0ca:146fff66c3e:-3f19','RCOND-2486b0ca:146fff66c3e:-3f91','RUL-2486b0ca:146fff66c3e:-4192','DPRATE','decimal',0),('RCONST-2486b0ca:146fff66c3e:-6a5a','RCOND-2486b0ca:146fff66c3e:-6aad','RUL-2486b0ca:146fff66c3e:-6b05','UV','decimal',1),('RCONST-2486b0ca:146fff66c3e:-6a8b','RCOND-2486b0ca:146fff66c3e:-6aad','RUL-2486b0ca:146fff66c3e:-6b05','AREA','decimal',0),('RCONST-28dc975:156bcab666c:-5ed8','RCOND-28dc975:156bcab666c:-5f3d','RUL-3e8edbea:156bc08656a:-5f05','AV','decimal',1),('RCONST-2ede6703:16642adb9ce:-79c8','RCOND-2ede6703:16642adb9ce:-7a39','RUL-2ede6703:16642adb9ce:-7ba0','BILLDATE','date',1),('RCONST-2ef3c345:147ed584975:-7e3d','RCOND-60c99d04:1470b276e7f:-7e2a','RUL-60c99d04:1470b276e7f:-7ecc','TOTALAREA','decimal',1),('RCONST-33cdb157:178b179a470:-7077','RC70978a15:166ae6875d1:-7f22','RUL7e02b404:166ae687f42:-5511','NMON','integer',5),('RCONST-36ba5ccb:1430894b791:-5c05','RCOND-36ba5ccb:1430894b791:-5ff4','RUL-36ba5ccb:1430894b791:-6677','BEGINQTRDATE','date',1),('RCONST-36ba5ccb:1430894b791:-5f54','RCOND-36ba5ccb:1430894b791:-5f71','RUL-36ba5ccb:1430894b791:-6677','BILLDATE','date',0),('RCONST-36ba5ccb:1430894b791:-5fd5','RCOND-36ba5ccb:1430894b791:-5ff4','RUL-36ba5ccb:1430894b791:-6677','QTR','integer',0),('RCONST-3dc4dd90:14451e4a9d5:-6d6a','RCOND-3dc4dd90:14451e4a9d5:-6e9e','RUL-36ba5ccb:1430894b791:-6677','SURCHRG','decimal',4),('RCONST-3dc4dd90:14451e4a9d5:-6dba','RCOND-3dc4dd90:14451e4a9d5:-6e9e','RUL-36ba5ccb:1430894b791:-6677','AMTDUE','decimal',3),('RCONST-43adaf20:179c6921191:-4c4d','RCOND-43adaf20:179c6921191:-4d1d','RUL-43adaf20:179c6921191:-4d61','ADJ','decimal',1),('RCONST-43adaf20:179c6921191:-4cc1','RCOND-43adaf20:179c6921191:-4d1d','RUL-43adaf20:179c6921191:-4d61','BMV','decimal',0),('RCONST-43adaf20:179c6921191:-5051','RCOND-43adaf20:179c6921191:-510e','RUL-43adaf20:179c6921191:-5152','UV','decimal',1),('RCONST-43adaf20:179c6921191:-50bf','RCOND-43adaf20:179c6921191:-510e','RUL-43adaf20:179c6921191:-5152','AREA','decimal',0),('RCONST-43adaf20:179c6921191:-5ae1','RCOND-43adaf20:179c6921191:-5afd','RUL-43adaf20:179c6921191:-5b4f','CY','integer',0),('RCONST-43adaf20:179c6921191:-5e5b','RCOND-43adaf20:179c6921191:-5eb2','RUL-43adaf20:179c6921191:-5f04','CQTR','integer',1),('RCONST-43adaf20:179c6921191:-5e96','RCOND-43adaf20:179c6921191:-5eb2','RUL-43adaf20:179c6921191:-5f04','CY','integer',0),('RCONST-43adaf20:179c6921191:-6003','RCOND-43adaf20:179c6921191:-60f0','RUL-43adaf20:179c6921191:-61e1','TAX','decimal',1),('RCONST-43adaf20:179c6921191:-6173','RCOND-43adaf20:179c6921191:-618f','RUL-43adaf20:179c6921191:-61e1','CY','integer',0),('RCONST-43adaf20:179c6921191:-642a','RCOND-43adaf20:179c6921191:-6446','RUL-43adaf20:179c6921191:-6498','CY','integer',0),('RCONST-43adaf20:179c6921191:-6771','RCOND-43adaf20:179c6921191:-69ac','RUL-43adaf20:179c6921191:-6af3','TAX','decimal',2),('RCONST-43adaf20:179c6921191:-6a4a','RCOND-43adaf20:179c6921191:-6aa1','RUL-43adaf20:179c6921191:-6af3','CQTR','integer',1),('RCONST-43adaf20:179c6921191:-6a85','RCOND-43adaf20:179c6921191:-6aa1','RUL-43adaf20:179c6921191:-6af3','CY','integer',0),('RCONST-43adaf20:179c6921191:-6c31','RCOND-43adaf20:179c6921191:-6d1e','RUL-43adaf20:179c6921191:-6edf','TAX','decimal',1),('RCONST-43adaf20:179c6921191:-6e71','RCOND-43adaf20:179c6921191:-6e8d','RUL-43adaf20:179c6921191:-6edf','CY','integer',0),('RCONST-43adaf20:179c6921191:-7049','RCOND-43adaf20:179c6921191:-7361','RUL-43adaf20:179c6921191:-74a8','TAX','decimal',4),('RCONST-43adaf20:179c6921191:-7133','RCOND-43adaf20:179c6921191:-7361','RUL-43adaf20:179c6921191:-74a8','NMON','integer',3),('RCONST-43adaf20:179c6921191:-73ff','RCOND-43adaf20:179c6921191:-7456','RUL-43adaf20:179c6921191:-74a8','CQTR','integer',1),('RCONST-43adaf20:179c6921191:-743a','RCOND-43adaf20:179c6921191:-7456','RUL-43adaf20:179c6921191:-74a8','CY','integer',0),('RCONST-43adaf20:179c6921191:-761f','RC70978a15:166ae6875d1:-7f22','RUL7e02b404:166ae687f42:-5511','NMON','integer',4),('RCONST-43adaf20:179c6921191:-7a7d','RCOND-43adaf20:179c6921191:-7c1a','RUL-43adaf20:179c6921191:-7d0b','NMON','integer',2),('RCONST-43adaf20:179c6921191:-7b2c','RCOND-43adaf20:179c6921191:-7c1a','RUL-43adaf20:179c6921191:-7d0b','TAX','decimal',1),('RCONST-43adaf20:179c6921191:-7c9d','RCOND-43adaf20:179c6921191:-7cb9','RUL-43adaf20:179c6921191:-7d0b','CY','integer',0),('RCONST-43c886ca:14b635c01aa:-77dd','RCOND-43c886ca:14b635c01aa:-7853','RUL5bc4ec91:14b5e07aca6:-7b58','DUEQTR','integer',2),('RCONST-43c886ca:14b635c01aa:-7811','RCOND-43c886ca:14b635c01aa:-7853','RUL5bc4ec91:14b5e07aca6:-7b58','DUEYEAR','integer',1),('RCONST-43c886ca:14b635c01aa:-7834','RCOND-43c886ca:14b635c01aa:-7853','RUL5bc4ec91:14b5e07aca6:-7b58','DUEDATE','date',0),('RCONST-43c886ca:14b635c01aa:-78b1','RCOND-43c886ca:14b635c01aa:-7926','RUL5bc4ec91:14b5e07aca6:-7b58','BILLQTR','integer',2),('RCONST-43c886ca:14b635c01aa:-78e6','RCOND-43c886ca:14b635c01aa:-7926','RUL5bc4ec91:14b5e07aca6:-7b58','BILLYEAR','integer',1),('RCONST-43c886ca:14b635c01aa:-7909','RCOND-43c886ca:14b635c01aa:-7926','RUL5bc4ec91:14b5e07aca6:-7b58','BILLDATE','date',0),('RCONST-479f9644:17849e550ea:342','RCOND-479f9644:17849e550ea:2df','RUL-479f9644:17849e550ea:143','AV','decimal',1),('RCONST-4fd26d3d:142fa7a65f9:-6ff5','RCOND-4fd26d3d:142fa7a65f9:-7124','RUL-4fd26d3d:142fa7a65f9:-7200','AMT','decimal',2),('RCONST-60c99d04:1470b276e7f:-7d64','RCOND-60c99d04:1470b276e7f:-7dd3','RUL-60c99d04:1470b276e7f:-7ecc','BASEVALUE','decimal',1),('RCONST-762e9176:15d067a9c42:-59dc','RCOND-762e9176:15d067a9c42:-5a4b','RUL-762e9176:15d067a9c42:-5aa0','TOTALAV','decimal',1),('RCONST-762e9176:15d067a9c42:-5d1b','RCOND-762e9176:15d067a9c42:-5d56','RUL-762e9176:15d067a9c42:-5e26','RPUID','string',0),('RCONST-762e9176:15d067a9c42:-5da3','RCOND-762e9176:15d067a9c42:-5dd2','RUL-762e9176:15d067a9c42:-5e26','AV','decimal',1),('RCONST-79a9a347:15cfcae84de:-5a45','RCOND-79a9a347:15cfcae84de:-5af4','RUL-79a9a347:15cfcae84de:-6f2a','AV','decimal',2),('RCONST-79a9a347:15cfcae84de:-5ccd','RCOND-79a9a347:15cfcae84de:-6ebc','RUL-79a9a347:15cfcae84de:-6f2a','RPUID','string',0),('RCONST-79a9a347:15cfcae84de:-61bf','RCOND-79a9a347:15cfcae84de:-6222','RUL-79a9a347:15cfcae84de:-6401','RPUID','string',0),('RCONST-79a9a347:15cfcae84de:-62a7','RCOND-79a9a347:15cfcae84de:-637a','RUL-79a9a347:15cfcae84de:-6401','AV','decimal',1),('RCONST-79a9a347:15cfcae84de:4ffe','RCOND-79a9a347:15cfcae84de:4fcd','RUL-79a9a347:15cfcae84de:4f83','AV','decimal',1),('RCONST-79a9a347:15cfcae84de:50f0','RCOND-79a9a347:15cfcae84de:508d','RUL-79a9a347:15cfcae84de:4f83','RPUID','string',0),('RCONST-79a9a347:15cfcae84de:5657','RCOND-79a9a347:15cfcae84de:55ab','RUL-79a9a347:15cfcae84de:549e','TOTALAV','decimal',1),('RCONST102ab3e1:147190e9fe4:-26f3','RCOND-2486b0ca:146fff66c3e:-3ed1','RUL-2486b0ca:146fff66c3e:-4192','ADJUSTMENT','decimal',1),('RCONST102ab3e1:147190e9fe4:-272e','RCOND-2486b0ca:146fff66c3e:-3ed1','RUL-2486b0ca:146fff66c3e:-4192','BMV','decimal',0),('RCONST1441128c:1471efa4c1c:-6a9b','RCOND1441128c:1471efa4c1c:-6add','RUL1441128c:1471efa4c1c:-6b41','AL','decimal',2),('RCONST1441128c:1471efa4c1c:-6abf','RCOND1441128c:1471efa4c1c:-6add','RUL1441128c:1471efa4c1c:-6b41','MV','decimal',1),('RCONST1441128c:1471efa4c1c:-6d47','RCOND1441128c:1471efa4c1c:-6d84','RUL1441128c:1471efa4c1c:-6eaa','ACTUALUSE','string',0),('RCONST1dc7a3de:142b70df9f8:-7f0e','RCOND1dc7a3de:142b70df9f8:-7f13','RUL1dc7a3de:142b70df9f8:-7fb7','NUM_EMPLOYEE_FEMALE','integer',0),('RCONST1dc7a3de:142b70df9f8:-7f59','RCOND1dc7a3de:142b70df9f8:-7f5e','RUL1dc7a3de:142b70df9f8:-7fb7','NUM_EMPLOYEE_MALE','integer',0),('RCONST43b92fb:14d8589b7da:-59aa','RCOND43b92fb:14d8589b7da:-59b1','RUL43b92fb:14d8589b7da:-5ab9','HAS_WEIGHT_AND_MEASURE','boolean',1),('RCONST43b92fb:14d8589b7da:-7124','RCOND43b92fb:14d8589b7da:-712b','RUL43b92fb:14d8589b7da:-7218','GROSS','decimal',1),('RCONST43b92fb:14d8589b7da:-733d','RCOND43b92fb:14d8589b7da:-7444','RUL43b92fb:14d8589b7da:-757c','AMT','decimal',2),('RCONST43b92fb:14d8589b7da:-7d34','RCOND43b92fb:14d8589b7da:-7d3b','RUL43b92fb:14d8589b7da:-7e46','CAPITAL','decimal',1),('RCONST5b4ac915:147baaa06b4:-6d59','RCOND5b4ac915:147baaa06b4:-6da4','RUL5b4ac915:147baaa06b4:-6f31','CLASS','rptis.facts.Classification',0),('RCONST5bc4ec91:14b5e07aca6:-7a9f','RCOND5bc4ec91:14b5e07aca6:-7b08','RUL5bc4ec91:14b5e07aca6:-7b58','APPYEAR','integer',1),('RCONST5ca73361:178b46b1030:-3fbe','RCOND-479f9644:17849e550ea:23b','RUL-479f9644:17849e550ea:143','REFID','string',0),('RCONST5ffbdc02:166e7b2c367:-641c','RC70978a15:166ae6875d1:-7f22','RUL7e02b404:166ae687f42:-5511','TAX','decimal',4),('RCONST77d680ba:14885b8719f:-7b26','RCOND77d680ba:14885b8719f:-7be5','RUL77d680ba:14885b8719f:-7c30','APPYEAR','integer',1),('RCONST7e02b404:166ae687f42:-54ad','RC70978a15:166ae6875d1:-7f24','RUL7e02b404:166ae687f42:-5511','CQTR','integer',1),('RCONSTec9d7ab:166235c2e16:-2ea1','RCONDec9d7ab:166235c2e16:-2ec7','RULec9d7ab:166235c2e16:-2f1f','CDATE','date',0),('RCONSTec9d7ab:166235c2e16:-3b8e','RCONDec9d7ab:166235c2e16:-3baa','RULec9d7ab:166235c2e16:-3c17','CY','integer',0),('RCONSTec9d7ab:166235c2e16:-5f63','RCONDec9d7ab:166235c2e16:-5f7f','RULec9d7ab:166235c2e16:-5fcb','CY','integer',0);
/*!40000 ALTER TABLE `sys_rule_condition_var` ENABLE KEYS */;
UNLOCK TABLES;

--
-- Table structure for table `sys_rule_deployed`
--

DROP TABLE IF EXISTS `sys_rule_deployed`;
/*!40101 SET @saved_cs_client     = @@character_set_client */;
/*!40101 SET character_set_client = utf8 */;
CREATE TABLE `sys_rule_deployed` (
  `objid` varchar(50) NOT NULL,
  `ruletext` longtext,
  PRIMARY KEY (`objid`),
  CONSTRAINT `sys_rule_deployed_ibfk_1` FOREIGN KEY (`objid`) REFERENCES `sys_rule` (`objid`)
) ENGINE=InnoDB DEFAULT CHARSET=utf8;
/*!40101 SET character_set_client = @saved_cs_client */;

--
-- Dumping data for table `sys_rule_deployed`
--

LOCK TABLES `sys_rule_deployed` WRITE;
/*!40000 ALTER TABLE `sys_rule_deployed` DISABLE KEYS */;
INSERT INTO `sys_rule_deployed` VALUES ('RUL-128a4cad:146f96a678e:-7e52','\npackage landassessment.COMPUTE_AV;\nimport landassessment.*;\nimport java.util.*;\nimport com.rameses.rules.common.*;\n\nglobal RuleAction action;\n\nrule \"COMPUTE_AV\"\n  agenda-group \"ASSESSEDVALUE\"\n  salience 50000\n  no-loop\n when\n    \n    \n    LA: rptis.land.facts.LandDetail (  MV:marketvalue,AL:assesslevel ) \n   \n  then\n    Map bindings = new HashMap();\n   \n    bindings.put(\"LA\", LA );\n    \n    bindings.put(\"MV\", MV );\n    \n    bindings.put(\"AL\", AL );\n    \n  Map _p0 = new HashMap();\n_p0.put( \"landdetail\", LA );\n_p0.put( \"expr\", (new ActionExpression(\"@ROUNDTOTEN(  MV * AL / 100.0  )\", bindings)) );\naction.execute( \"calc-av\",_p0,drools);\n\nend\n\n\n '),('RUL-1a2d6e9b:1692d429304:-7779','\npackage rptledger.BASIC_AND_SEF;\nimport rptledger.*;\nimport java.util.*;\nimport com.rameses.rules.common.*;\n\nglobal RuleAction action;\n\nrule \"BASIC_AND_SEF\"\n  agenda-group \"LEDGER_ITEM\"\n  salience 50000\n  no-loop\n when\n    \n    \n    AVINFO: rptis.landtax.facts.AssessedValue (  YR:year,AV:av ) \n   \n  then\n    Map bindings = new HashMap();\n   \n    bindings.put(\"AVINFO\", AVINFO );\n    \n    bindings.put(\"YR\", YR );\n    \n    bindings.put(\"AV\", AV );\n    \n  Map _p0 = new HashMap();\n_p0.put( \"avfact\", AVINFO );\n_p0.put( \"year\", YR );\n_p0.put( \"av\", (new ActionExpression(\"AV\", bindings)) );\naction.execute( \"add-sef\",_p0,drools);\nMap _p1 = new HashMap();\n_p1.put( \"avfact\", AVINFO );\n_p1.put( \"year\", YR );\n_p1.put( \"av\", (new ActionExpression(\"AV\", bindings)) );\naction.execute( \"add-basic\",_p1,drools);\n\nend\n\n\n '),('RUL-2486b0ca:146fff66c3e:-2c4a','\npackage bldgassessment.CALC_ACTUAL_USE_MV;\nimport bldgassessment.*;\nimport java.util.*;\nimport com.rameses.rules.common.*;\n\nglobal RuleAction action;\n\nrule \"CALC_ACTUAL_USE_MV\"\n	agenda-group \"MARKETVALUE\"\n	salience 50000\n	no-loop\n	when\n		\n		\n		BU: rptis.bldg.facts.BldgUse (  BMV:basemarketvalue,DEP:depreciationvalue,ADJ:adjustment ) \n		\n	then\n		Map bindings = new HashMap();\n		\n		bindings.put(\"BU\", BU );\n		\n		bindings.put(\"BMV\", BMV );\n		\n		bindings.put(\"DEP\", DEP );\n		\n		bindings.put(\"ADJ\", ADJ );\n		\n	Map _p0 = new HashMap();\r\n_p0.put( \"bldguse\", BU );\r\n_p0.put( \"expr\", (new ActionExpression(\"@ROUNDTOTEN( BMV + ADJ - DEP  )\", bindings)) );\r\naction.execute( \"calc-bldguse-mv\",_p0,drools);\r\n\nend\n\n\n	'),('RUL-2486b0ca:146fff66c3e:-38e4','\npackage bldgassessment.CALC_FLOOR_MARKET_VALUE;\nimport bldgassessment.*;\nimport java.util.*;\nimport com.rameses.rules.common.*;\n\nglobal RuleAction action;\n\nrule \"CALC_FLOOR_MARKET_VALUE\"\n	agenda-group \"BEFORE-MARKETVALUE\"\n	salience 50000\n	no-loop\n	when\n		\n		\n		BF: rptis.bldg.facts.BldgFloor (  BMV:basemarketvalue,ADJ:adjustment ) \n		\n	then\n		Map bindings = new HashMap();\n		\n		bindings.put(\"BF\", BF );\n		\n		bindings.put(\"BMV\", BMV );\n		\n		bindings.put(\"ADJ\", ADJ );\n		\n	Map _p0 = new HashMap();\r\n_p0.put( \"bldgfloor\", BF );\r\n_p0.put( \"expr\", (new ActionExpression(\"@ROUND( BMV + ADJ )\", bindings)) );\r\naction.execute( \"calc-floor-mv\",_p0,drools);\r\n\nend\n\n\n	'),('RUL-2486b0ca:146fff66c3e:-4192','\npackage bldgassessment.CALC_DEPRECIATION;\nimport bldgassessment.*;\nimport java.util.*;\nimport com.rameses.rules.common.*;\n\nglobal RuleAction action;\n\nrule \"CALC_DEPRECIATION\"\n	agenda-group \"DEPRECIATION\"\n	salience 50000\n	no-loop\n	when\n		\n		\n		RPU: rptis.bldg.facts.BldgRPU (  DPRATE:depreciation ) \n		\n		BU: rptis.bldg.facts.BldgUse (  BMV:basemarketvalue,ADJUSTMENT:adjustment ) \n		\n	then\n		Map bindings = new HashMap();\n		\n		bindings.put(\"RPU\", RPU );\n		\n		bindings.put(\"DPRATE\", DPRATE );\n		\n		bindings.put(\"BMV\", BMV );\n		\n		bindings.put(\"BU\", BU );\n		\n		bindings.put(\"ADJUSTMENT\", ADJUSTMENT );\n		\n	Map _p0 = new HashMap();\r\n_p0.put( \"bldguse\", BU );\r\n_p0.put( \"expr\", (new ActionExpression(\"@ROUND( (BMV + ADJUSTMENT) * DPRATE / 100.0  )\", bindings)) );\r\naction.execute( \"calc-bldguse-depreciation\",_p0,drools);\r\n\nend\n\n\n	'),('RUL-2486b0ca:146fff66c3e:-4697','\npackage bldgassessment.CALC_DEPRECATION_RATE_FROM_SKED;\nimport bldgassessment.*;\nimport java.util.*;\nimport com.rameses.rules.common.*;\n\nglobal RuleAction action;\n\nrule \"CALC_DEPRECATION_RATE_FROM_SKED\"\n	agenda-group \"BEFORE-DEPRECIATON\"\n	salience 50000\n	no-loop\n	when\n		\n		\n		BS: rptis.bldg.facts.BldgStructure (   ) \n		\n	then\n		Map bindings = new HashMap();\n		\n		bindings.put(\"BS\", BS );\n		\n	Map _p0 = new HashMap();\r\n_p0.put( \"bldgstructure\", BS );\r\naction.execute( \"calc-depreciation-sked\",_p0,drools);\r\n\nend\n\n\n	'),('RUL-2486b0ca:146fff66c3e:-6b05','\npackage bldgassessment.CALC_FLOOR_BMV;\nimport bldgassessment.*;\nimport java.util.*;\nimport com.rameses.rules.common.*;\n\nglobal RuleAction action;\n\nrule \"CALC_FLOOR_BMV\"\n	agenda-group \"FLOOR\"\n	salience 50000\n	no-loop\n	when\n		\n		\n		BF: rptis.bldg.facts.BldgFloor (  AREA:area,UV:unitvalue ) \n		\n	then\n		Map bindings = new HashMap();\n		\n		bindings.put(\"BF\", BF );\n		\n		bindings.put(\"AREA\", AREA );\n		\n		bindings.put(\"UV\", UV );\n		\n	Map _p0 = new HashMap();\r\n_p0.put( \"bldgfloor\", BF );\r\n_p0.put( \"expr\", (new ActionExpression(\"AREA * UV\", bindings)) );\r\naction.execute( \"calc-floor-bmv\",_p0,drools);\r\n\nend\n\n\n	'),('RUL-2ede6703:16642adb9ce:-7ba0','\npackage rptbilling.EXPIRY_ADVANCE_BILLING;\nimport rptbilling.*;\nimport java.util.*;\nimport com.rameses.rules.common.*;\n\nglobal RuleAction action;\n\nrule \"EXPIRY_ADVANCE_BILLING\"\n  agenda-group \"BEFORE_SUMMARY\"\n salience 5000\n no-loop\n when\n    \n    \n    BILL: rptis.landtax.facts.Bill (  advancebill == true ,BILLDATE:billdate ) \n   \n  then\n    Map bindings = new HashMap();\n   \n    bindings.put(\"BILL\", BILL );\n    \n    bindings.put(\"BILLDATE\", BILLDATE );\n    \n  Map _p0 = new HashMap();\n_p0.put( \"bill\", BILL );\n_p0.put( \"expr\", (new ActionExpression(\"@MONTHEND( BILLDATE )\", bindings)) );\naction.execute( \"set-bill-expiry\",_p0,drools);\n\nend\n\n\n  '),('RUL-3e8edbea:156bc08656a:-5f05','\npackage landassessment.RECALC_RPU_TOTAL_AV;\nimport landassessment.*;\nimport java.util.*;\nimport com.rameses.rules.common.*;\n\nglobal RuleAction action;\n\nrule \"RECALC_RPU_TOTAL_AV\"\n	agenda-group \"AFTER-SUMMARY\"\n	salience 30000\n	no-loop\n	when\n		\n		\n		RPU: rptis.facts.RPU (   ) \n		\n		VAR: rptis.facts.RPTVariable (  varid matches \"P51c8b9d2:173606cb1cf:-3a4e\",AV:value ) \n		\n	then\n		Map bindings = new HashMap();\n		\n		bindings.put(\"RPU\", RPU );\n		\n		bindings.put(\"VAR\", VAR );\n		\n		bindings.put(\"AV\", AV );\n		\n	Map _p0 = new HashMap();\r\n_p0.put( \"rpu\", RPU );\r\n_p0.put( \"expr\", (new ActionExpression(\"AV\", bindings)) );\r\naction.execute( \"recalc-rpu-totalav\",_p0,drools);\r\n\nend\n\n\n	'),('RUL-43adaf20:179c6921191:-4d61','\npackage landassessment.CALC_MV;\nimport landassessment.*;\nimport java.util.*;\nimport com.rameses.rules.common.*;\n\nglobal RuleAction action;\n\nrule \"CALC_MV\"\n	agenda-group \"MARKETVALUE\"\n	salience 50000\n	no-loop\n	when\n		\n		\n		LA: rptis.land.facts.LandDetail (  BMV:basemarketvalue,ADJ:adjustment ) \n		\n	then\n		Map bindings = new HashMap();\n		\n		bindings.put(\"LA\", LA );\n		\n		bindings.put(\"BMV\", BMV );\n		\n		bindings.put(\"ADJ\", ADJ );\n		\n	Map _p0 = new HashMap();\r\n_p0.put( \"landdetail\", LA );\r\n_p0.put( \"expr\", (new ActionExpression(\"@ROUNDTOTEN(  BMV + ADJ  )\", bindings)) );\r\naction.execute( \"calc-mv\",_p0,drools);\r\n\nend\n\n\n	'),('RUL-43adaf20:179c6921191:-4f03','\npackage landassessment.BMV_ZERO_FOR_EXEMPT;\nimport landassessment.*;\nimport java.util.*;\nimport com.rameses.rules.common.*;\n\nglobal RuleAction action;\n\nrule \"BMV_ZERO_FOR_EXEMPT\"\n	agenda-group \"AFTER-BASEMARKETVALUE\"\n	salience 50000\n	no-loop\n	when\n		\n		\n		LA: rptis.land.facts.LandDetail (  taxable == false  ) \n		\n	then\n		Map bindings = new HashMap();\n		\n		bindings.put(\"LA\", LA );\n		\n	Map _p0 = new HashMap();\r\n_p0.put( \"landdetail\", LA );\r\n_p0.put( \"expr\", (new ActionExpression(\"0\", bindings)) );\r\naction.execute( \"calc-bmv\",_p0,drools);\r\n\nend\n\n\n	'),('RUL-43adaf20:179c6921191:-5152','\npackage landassessment.CALC_BMV;\nimport landassessment.*;\nimport java.util.*;\nimport com.rameses.rules.common.*;\n\nglobal RuleAction action;\n\nrule \"CALC_BMV\"\n	agenda-group \"BASEMARKETVALUE\"\n	salience 50000\n	no-loop\n	when\n		\n		\n		LA: rptis.land.facts.LandDetail (  AREA:area,UV:unitvalue ) \n		\n	then\n		Map bindings = new HashMap();\n		\n		bindings.put(\"LA\", LA );\n		\n		bindings.put(\"AREA\", AREA );\n		\n		bindings.put(\"UV\", UV );\n		\n	Map _p0 = new HashMap();\r\n_p0.put( \"landdetail\", LA );\r\n_p0.put( \"expr\", (new ActionExpression(\"@ROUND( AREA * UV, 2)\", bindings)) );\r\naction.execute( \"calc-bmv\",_p0,drools);\r\n\nend\n\n\n	'),('RUL-43adaf20:179c6921191:-5b4f','\npackage rptbilling.WAIVE_DISCOUNT_AFTER_1ST_QTR;\nimport rptbilling.*;\nimport java.util.*;\nimport com.rameses.rules.common.*;\n\nglobal RuleAction action;\n\nrule \"WAIVE_DISCOUNT_AFTER_1ST_QTR\"\n	agenda-group \"AFTER_DISCOUNT\"\n	salience 50000\n	no-loop\n	when\n		\n		\n		 CurrentDate (  CY:year,qtr > 1 ) \n		\n		RLI: rptis.landtax.facts.RPTLedgerItemFact (  year == CY ) \n		\n	then\n		Map bindings = new HashMap();\n		\n		bindings.put(\"CY\", CY );\n		\n		bindings.put(\"RLI\", RLI );\n		\n	Map _p0 = new HashMap();\r\n_p0.put( \"rptledgeritem\", RLI );\r\n_p0.put( \"expr\", (new ActionExpression(\"0\", bindings)) );\r\naction.execute( \"calc-discount\",_p0,drools);\r\n\nend\n\n\n	'),('RUL-43adaf20:179c6921191:-5f04','\npackage rptbilling.QTRLY_PAYMENT_NO_DISCOUNT;\nimport rptbilling.*;\nimport java.util.*;\nimport com.rameses.rules.common.*;\n\nglobal RuleAction action;\n\nrule \"QTRLY_PAYMENT_NO_DISCOUNT\"\n	agenda-group \"AFTER_DISCOUNT\"\n	salience 50000\n	no-loop\n	when\n		\n		\n		 CurrentDate (  CY:year,CQTR:qtr ) \n		\n		RLI: rptis.landtax.facts.RPTLedgerItemFact (  year == CY,qtr >= CQTR,qtrlypaymentavailed == true  ) \n		\n	then\n		Map bindings = new HashMap();\n		\n		bindings.put(\"CY\", CY );\n		\n		bindings.put(\"RLI\", RLI );\n		\n		bindings.put(\"CQTR\", CQTR );\n		\n	Map _p0 = new HashMap();\r\n_p0.put( \"rptledgeritem\", RLI );\r\n_p0.put( \"expr\", (new ActionExpression(\"0\", bindings)) );\r\naction.execute( \"calc-discount\",_p0,drools);\r\n\nend\n\n\n	'),('RUL-43adaf20:179c6921191:-61e1','\npackage rptbilling.PROMPT_PAYMENT_EXTENSION_NO_PENALTY;\nimport rptbilling.*;\nimport java.util.*;\nimport com.rameses.rules.common.*;\n\nglobal RuleAction action;\n\nrule \"PROMPT_PAYMENT_EXTENSION_NO_PENALTY\"\n	agenda-group \"AFTER_DISCOUNT\"\n	salience 30000\n	no-loop\n	when\n		\n		\n		 CurrentDate (  CY:year ) \n		\n		RLI: rptis.landtax.facts.RPTLedgerItemFact (  year == CY,TAX:amtdue ) \n		\n	then\n		Map bindings = new HashMap();\n		\n		bindings.put(\"CY\", CY );\n		\n		bindings.put(\"RLI\", RLI );\n		\n		bindings.put(\"TAX\", TAX );\n		\n	Map _p0 = new HashMap();\r\n_p0.put( \"rptledgeritem\", RLI );\r\n_p0.put( \"expr\", (new ActionExpression(\"0\", bindings)) );\r\naction.execute( \"calc-interest\",_p0,drools);\r\n\nend\n\n\n	'),('RUL-43adaf20:179c6921191:-6498','\npackage rptbilling.DISCOUNT_UNDER_COMPROMISE_ADJ;\nimport rptbilling.*;\nimport java.util.*;\nimport com.rameses.rules.common.*;\n\nglobal RuleAction action;\n\nrule \"DISCOUNT_UNDER_COMPROMISE_ADJ\"\n	agenda-group \"AFTER_DISCOUNT\"\n	salience 50000\n	no-loop\n	when\n		\n		\n		 CurrentDate (  CY:year ) \n		\n		RL: rptis.landtax.facts.RPTLedgerFact (  undercompromise == true  ) \n		\n		RLI: rptis.landtax.facts.RPTLedgerItemFact (  year == CY ) \n		\n	then\n		Map bindings = new HashMap();\n		\n		bindings.put(\"CY\", CY );\n		\n		bindings.put(\"RL\", RL );\n		\n		bindings.put(\"RLI\", RLI );\n		\n	Map _p0 = new HashMap();\r\n_p0.put( \"rptledgeritem\", RLI );\r\n_p0.put( \"expr\", (new ActionExpression(\"0\", bindings)) );\r\naction.execute( \"calc-discount\",_p0,drools);\r\n\nend\n\n\n	'),('RUL-43adaf20:179c6921191:-6af3','\npackage rptbilling.DISCOUNT_PROMPT_PAYMENT;\nimport rptbilling.*;\nimport java.util.*;\nimport com.rameses.rules.common.*;\n\nglobal RuleAction action;\n\nrule \"DISCOUNT_PROMPT_PAYMENT\"\n	agenda-group \"DISCOUNT\"\n	salience 50000\n	no-loop\n	when\n		\n		\n		 CurrentDate (  CY:year,CQTR:qtr ) \n		\n		RLI: rptis.landtax.facts.RPTLedgerItemFact (  year == CY,qtr >= CQTR,TAX:amtdue ) \n		\n	then\n		Map bindings = new HashMap();\n		\n		bindings.put(\"CY\", CY );\n		\n		bindings.put(\"RLI\", RLI );\n		\n		bindings.put(\"CQTR\", CQTR );\n		\n		bindings.put(\"TAX\", TAX );\n		\n	Map _p0 = new HashMap();\r\n_p0.put( \"rptledgeritem\", RLI );\r\n_p0.put( \"expr\", (new ActionExpression(\"TAX * 0.10\", bindings)) );\r\naction.execute( \"calc-discount\",_p0,drools);\r\n\nend\n\n\n	'),('RUL-43adaf20:179c6921191:-6edf','\npackage rptbilling.DISCOUNT_JAN_1_TO_16;\nimport rptbilling.*;\nimport java.util.*;\nimport com.rameses.rules.common.*;\n\nglobal RuleAction action;\n\nrule \"DISCOUNT_JAN_1_TO_16\"\n	agenda-group \"DISCOUNT\"\n	salience 40000\n	no-loop\n	when\n		\n		\n		 CurrentDate (  CY:year,month == 1,day <= 16 ) \n		\n		RLI: rptis.landtax.facts.RPTLedgerItemFact (  year == CY,TAX:amtdue ) \n		\n	then\n		Map bindings = new HashMap();\n		\n		bindings.put(\"CY\", CY );\n		\n		bindings.put(\"RLI\", RLI );\n		\n		bindings.put(\"TAX\", TAX );\n		\n	Map _p0 = new HashMap();\r\n_p0.put( \"rptledgeritem\", RLI );\r\n_p0.put( \"expr\", (new ActionExpression(\"TAX * 0.15\", bindings)) );\r\naction.execute( \"calc-discount\",_p0,drools);\r\n\nend\n\n\n	'),('RUL-43adaf20:179c6921191:-74a8','\npackage rptbilling.PENALTY_FOR_QTRLY_PAYMENT;\nimport rptbilling.*;\nimport java.util.*;\nimport com.rameses.rules.common.*;\n\nglobal RuleAction action;\n\nrule \"PENALTY_FOR_QTRLY_PAYMENT\"\n	agenda-group \"AFTER_PENALTY\"\n	salience 50000\n	no-loop\n	when\n		\n		\n		 CurrentDate (  CY:year,CQTR:qtr > 1 ) \n		\n		RLI: rptis.landtax.facts.RPTLedgerItemFact (  year == CQTR,qtr < CQTR,qtrlypaymentavailed == true ,NMON:monthsfromjan,TAX:amtdue ) \n		\n	then\n		Map bindings = new HashMap();\n		\n		bindings.put(\"CY\", CY );\n		\n		bindings.put(\"RLI\", RLI );\n		\n		bindings.put(\"CQTR\", CQTR );\n		\n		bindings.put(\"NMON\", NMON );\n		\n		bindings.put(\"TAX\", TAX );\n		\n	Map _p0 = new HashMap();\r\n_p0.put( \"rptledgeritem\", RLI );\r\n_p0.put( \"expr\", (new ActionExpression(\"TAX * NMON * 0.02\", bindings)) );\r\naction.execute( \"calc-interest\",_p0,drools);\r\n\nend\n\n\n	'),('RUL-43adaf20:179c6921191:-7d0b','\npackage rptbilling.PENALTY_LESS_CY;\nimport rptbilling.*;\nimport java.util.*;\nimport com.rameses.rules.common.*;\n\nglobal RuleAction action;\n\nrule \"PENALTY_LESS_CY\"\n	agenda-group \"PENALTY\"\n	salience 50000\n	no-loop\n	when\n		\n		\n		 CurrentDate (  CY:year ) \n		\n		RLI: rptis.landtax.facts.RPTLedgerItemFact (  year < CY,TAX:amtdue,NMON:monthsfromjan ) \n		\n	then\n		Map bindings = new HashMap();\n		\n		bindings.put(\"CY\", CY );\n		\n		bindings.put(\"RLI\", RLI );\n		\n		bindings.put(\"TAX\", TAX );\n		\n		bindings.put(\"NMON\", NMON );\n		\n	Map _p0 = new HashMap();\r\n_p0.put( \"rptledgeritem\", RLI );\r\n_p0.put( \"expr\", (new ActionExpression(\"@IIF(  NMON * 0.02 > 0.72,  TAX * 0.72 , NMON * 0.02 * TAX  )\", bindings)) );\r\naction.execute( \"calc-interest\",_p0,drools);\r\n\nend\n\n\n	'),('RUL-479f9644:17849e550ea:143','\npackage machassessment.RECALC_RPU_TOTALAV;\nimport machassessment.*;\nimport java.util.*;\nimport com.rameses.rules.common.*;\n\nglobal RuleAction action;\n\nrule \"RECALC_RPU_TOTALAV\"\n	agenda-group \"AFTER-SUMMARY\"\n	salience 60000\n	no-loop\n	when\n		\n		\n		RPU: rptis.facts.RPU (  REFID:objid ) \n		\n		VAR: rptis.facts.RPTVariable (  varid matches \"P51c8b9d2:173606cb1cf:-3a4e\",AV:value ) \n		\n	then\n		Map bindings = new HashMap();\n		\n		bindings.put(\"RPU\", RPU );\n		\n		bindings.put(\"REFID\", REFID );\n		\n		bindings.put(\"VAR\", VAR );\n		\n		bindings.put(\"AV\", AV );\n		\n	Map _p0 = new HashMap();\r\n_p0.put( \"rpu\", RPU );\r\n_p0.put( \"expr\", (new ActionExpression(\"AV\", bindings)) );\r\naction.execute( \"recalc-rpu-totalav\",_p0,drools);\r\n\nend\n\n\n	'),('RUL-5cc00751:179cb731d09:-6a11','\npackage rptrequirement.DEFAULT_REQUIREMENTS;\nimport rptrequirement.*;\nimport java.util.*;\nimport com.rameses.rules.common.*;\n\nglobal RuleAction action;\n\nrule \"DEFAULT_REQUIREMENTS\"\n	agenda-group \"REQUIREMENT\"\n	salience 50000\n	no-loop\n	when\n		\n		\n		 RPTTxnInfoFact (   ) \n		\n	then\n		Map bindings = new HashMap();\n		\n	Map _p0 = new HashMap();\r\n_p0.put( \"requirementtype\", new KeyValue(\"RT877154a:14db7d7d0cc:-7fd8\", \"REQUIREMENTS\") );\r\naction.execute( \"add-requirement\",_p0,drools);\r\n\nend\n\n\n	'),('RUL-60c99d04:1470b276e7f:-7ecc','\npackage bldgassessment.CALC_BMV;\nimport bldgassessment.*;\nimport java.util.*;\nimport com.rameses.rules.common.*;\n\nglobal RuleAction action;\n\nrule \"CALC_BMV\"\n	agenda-group \"BASEMARKETVALUE\"\n	salience 50000\n	no-loop\n	when\n		\n		\n		BS: rptis.bldg.facts.BldgStructure (  TOTALAREA:totalfloorarea ) \n		\n		BU: rptis.bldg.facts.BldgUse (  bldgstructure == BS,BASEVALUE:basevalue ) \n		\n	then\n		Map bindings = new HashMap();\n		\n		bindings.put(\"BS\", BS );\n		\n		bindings.put(\"BU\", BU );\n		\n		bindings.put(\"TOTALAREA\", TOTALAREA );\n		\n		bindings.put(\"BASEVALUE\", BASEVALUE );\n		\n	Map _p0 = new HashMap();\r\n_p0.put( \"bldguse\", BU );\r\n_p0.put( \"expr\", (new ActionExpression(\"@ROUND( TOTALAREA * BASEVALUE )\", bindings)) );\r\naction.execute( \"calc-bldguse-bmv\",_p0,drools);\r\n\nend\n\n\n	'),('RUL-762e9176:15d067a9c42:-5aa0','\npackage miscassessment.RECALC_RPU_TOTAL_AV;\nimport miscassessment.*;\nimport java.util.*;\nimport com.rameses.rules.common.*;\n\nglobal RuleAction action;\n\nrule \"RECALC_RPU_TOTAL_AV\"\n	agenda-group \"AFTER-SUMMARY\"\n	salience 60000\n	no-loop\n	when\n		\n		\n		VAR: rptis.facts.RPTVariable (  varid matches \"P51c8b9d2:173606cb1cf:-3a4e\",TOTALAV:value ) \n		\n		RPU: rptis.facts.RPU (   ) \n		\n	then\n		Map bindings = new HashMap();\n		\n		bindings.put(\"VAR\", VAR );\n		\n		bindings.put(\"RPU\", RPU );\n		\n		bindings.put(\"TOTALAV\", TOTALAV );\n		\n	Map _p0 = new HashMap();\r\n_p0.put( \"rpu\", RPU );\r\n_p0.put( \"expr\", (new ActionExpression(\"@ROUNDTOTEN( TOTALAV)\", bindings)) );\r\naction.execute( \"recalc-rpu-totalav\",_p0,drools);\r\n\nend\n\n\n	'),('RUL-762e9176:15d067a9c42:-5e26','\npackage miscassessment.CALC_TOTAL_ASSESSEMENT_AV;\nimport miscassessment.*;\nimport java.util.*;\nimport com.rameses.rules.common.*;\n\nglobal RuleAction action;\n\nrule \"CALC_TOTAL_ASSESSEMENT_AV\"\n	agenda-group \"AFTER-SUMMARY\"\n	salience 50000\n	no-loop\n	when\n		\n		\n		RA: rptis.facts.RPUAssessment (  actualuseid != null,AV:assessedvalue ) \n		\n		RPU: rptis.facts.RPU (  RPUID:objid ) \n		\n	then\n		Map bindings = new HashMap();\n		\n		bindings.put(\"RA\", RA );\n		\n		bindings.put(\"RPUID\", RPUID );\n		\n		bindings.put(\"RPU\", RPU );\n		\n		bindings.put(\"AV\", AV );\n		\n	Map _p0 = new HashMap();\r\n_p0.put( \"refid\", RPUID );\r\n_p0.put( \"var\", new KeyValue(\"P51c8b9d2:173606cb1cf:-3a4e\", \"TOTAL_AV\") );\r\n_p0.put( \"aggregatetype\", \"sum\" );\r\n_p0.put( \"expr\", (new ActionExpression(\"AV\", bindings)) );\r\naction.execute( \"add-derive-rpt-var\",_p0,drools);\r\n\nend\n\n\n	'),('RUL-79a9a347:15cfcae84de:-55fd','\npackage landassessment.CALC_TOTAL_ASSESSEMENT_AV;\nimport landassessment.*;\nimport java.util.*;\nimport com.rameses.rules.common.*;\n\nglobal RuleAction action;\n\nrule \"CALC_TOTAL_ASSESSEMENT_AV\"\n	agenda-group \"AFTER-SUMMARY\"\n	salience 40000\n	no-loop\n	when\n		\n		\n		RA: rptis.facts.RPUAssessment (  actualuseid != null,AV:assessedvalue ) \n		\n		RPU: rptis.facts.RPU (  RPUID:objid ) \n		\n	then\n		Map bindings = new HashMap();\n		\n		bindings.put(\"RA\", RA );\n		\n		bindings.put(\"RPUID\", RPUID );\n		\n		bindings.put(\"RPU\", RPU );\n		\n		bindings.put(\"AV\", AV );\n		\n	Map _p0 = new HashMap();\r\n_p0.put( \"refid\", RPUID );\r\n_p0.put( \"var\", new KeyValue(\"P51c8b9d2:173606cb1cf:-3a4e\", \"TOTAL_AV\") );\r\n_p0.put( \"aggregatetype\", \"sum\" );\r\n_p0.put( \"expr\", (new ActionExpression(\"AV\", bindings)) );\r\naction.execute( \"add-derive-rpt-var\",_p0,drools);\r\n\nend\n\n\n	'),('RUL-79a9a347:15cfcae84de:-6401','\npackage bldgassessment.CALC_TOTAL_ASSESSEMENT_AV;\nimport bldgassessment.*;\nimport java.util.*;\nimport com.rameses.rules.common.*;\n\nglobal RuleAction action;\n\nrule \"CALC_TOTAL_ASSESSEMENT_AV\"\n	agenda-group \"AFTER-SUMMARY\"\n	salience 40000\n	no-loop\n	when\n		\n		\n		RA: rptis.facts.RPUAssessment (  actualuseid != null,AV:assessedvalue ) \n		\n		RPU: rptis.facts.RPU (  RPUID:objid ) \n		\n	then\n		Map bindings = new HashMap();\n		\n		bindings.put(\"RA\", RA );\n		\n		bindings.put(\"RPUID\", RPUID );\n		\n		bindings.put(\"RPU\", RPU );\n		\n		bindings.put(\"AV\", AV );\n		\n	Map _p0 = new HashMap();\r\n_p0.put( \"var\", new KeyValue(\"P51c8b9d2:173606cb1cf:-3a4e\", \"TOTAL_AV\") );\r\n_p0.put( \"aggregatetype\", \"sum\" );\r\n_p0.put( \"expr\", (new ActionExpression(\"AV\", bindings)) );\r\naction.execute( \"add-derive-var\",_p0,drools);\r\n\nend\n\n\n	'),('RUL-79a9a347:15cfcae84de:-6f2a','\npackage bldgassessment.RECALC_TOTAL_AV;\nimport bldgassessment.*;\nimport java.util.*;\nimport com.rameses.rules.common.*;\n\nglobal RuleAction action;\n\nrule \"RECALC_TOTAL_AV\"\n	agenda-group \"AFTER-SUMMARY\"\n	salience 50000\n	no-loop\n	when\n		\n		\n		RPU: rptis.facts.RPU (  RPUID:objid ) \n		\n		VAR: rptis.facts.RPTVariable (  varid matches \"P51c8b9d2:173606cb1cf:-3a4e\",AV:value ) \n		\n	then\n		Map bindings = new HashMap();\n		\n		bindings.put(\"RPU\", RPU );\n		\n		bindings.put(\"RPUID\", RPUID );\n		\n		bindings.put(\"VAR\", VAR );\n		\n		bindings.put(\"AV\", AV );\n		\n	Map _p0 = new HashMap();\r\n_p0.put( \"rpu\", RPU );\r\n_p0.put( \"expr\", (new ActionExpression(\"@ROUNDTOTEN(AV );\", bindings)) );\r\naction.execute( \"recalc-rpu-totalav\",_p0,drools);\r\n\nend\n\n\n	'),('RUL-79a9a347:15cfcae84de:4f83','\npackage planttreeassessment.CALC_TOTAL_ASSESSEMENT_AV;\nimport planttreeassessment.*;\nimport java.util.*;\nimport com.rameses.rules.common.*;\n\nglobal RuleAction action;\n\nrule \"CALC_TOTAL_ASSESSEMENT_AV\"\n	agenda-group \"AFTER-SUMMARY\"\n	salience 50000\n	no-loop\n	when\n		\n		\n		RA: rptis.facts.RPUAssessment (  actualuseid != null,AV:assessedvalue ) \n		\n		RPU: rptis.facts.RPU (  RPUID:objid ) \n		\n	then\n		Map bindings = new HashMap();\n		\n		bindings.put(\"RA\", RA );\n		\n		bindings.put(\"RPUID\", RPUID );\n		\n		bindings.put(\"RPU\", RPU );\n		\n		bindings.put(\"AV\", AV );\n		\n	Map _p0 = new HashMap();\r\n_p0.put( \"refid\", RPUID );\r\n_p0.put( \"var\", new KeyValue(\"P51c8b9d2:173606cb1cf:-3a4e\", \"TOTAL_AV\") );\r\n_p0.put( \"aggregatetype\", \"sum\" );\r\n_p0.put( \"expr\", (new ActionExpression(\"AV\", bindings)) );\r\naction.execute( \"add-derive-rpt-var\",_p0,drools);\r\n\nend\n\n\n	'),('RUL-79a9a347:15cfcae84de:549e','\npackage planttreeassessment.RECALC_TOTAL_AV;\nimport planttreeassessment.*;\nimport java.util.*;\nimport com.rameses.rules.common.*;\n\nglobal RuleAction action;\n\nrule \"RECALC_TOTAL_AV\"\n	agenda-group \"AFTER-SUMMARY\"\n	salience 60000\n	no-loop\n	when\n		\n		\n		RPU: rptis.facts.RPU (   ) \n		\n		VAR: rptis.facts.RPTVariable (  varid matches \"P51c8b9d2:173606cb1cf:-3a4e\",TOTALAV:value ) \n		\n	then\n		Map bindings = new HashMap();\n		\n		bindings.put(\"RPU\", RPU );\n		\n		bindings.put(\"VAR\", VAR );\n		\n		bindings.put(\"TOTALAV\", TOTALAV );\n		\n	Map _p0 = new HashMap();\r\n_p0.put( \"rpu\", RPU );\r\n_p0.put( \"expr\", (new ActionExpression(\"@ROUNDTOTEN(TOTALAV)\", bindings)) );\r\naction.execute( \"recalc-rpu-totalav\",_p0,drools);\r\n\nend\n\n\n	'),('RUL1262ad19:166ae41b1fb:-7c88','\npackage rptbilling.TOTAL_PREVIOUS;\nimport rptbilling.*;\nimport java.util.*;\nimport com.rameses.rules.common.*;\n\nglobal RuleAction action;\n\nrule \"TOTAL_PREVIOUS\"\n agenda-group \"SUMMARY\"\n  salience 50000\n  no-loop\n when\n    \n    \n     CurrentDate (  CY:year ) \n    \n    RLI: rptis.landtax.facts.RPTLedgerItemFact (  year < CY ) \n    \n  then\n    Map bindings = new HashMap();\n   \n    bindings.put(\"CY\", CY );\n    \n    bindings.put(\"RLI\", RLI );\n    \n  Map _p0 = new HashMap();\n_p0.put( \"rptledgeritem\", RLI );\n_p0.put( \"revperiod\", \"previous\" );\naction.execute( \"create-tax-summary\",_p0,drools);\n\nend\n\n\n '),('RUL1441128c:1471efa4c1c:-6b41','\npackage bldgassessment.CALC_ASSESS_VALUE;\nimport bldgassessment.*;\nimport java.util.*;\nimport com.rameses.rules.common.*;\n\nglobal RuleAction action;\n\nrule \"CALC_ASSESS_VALUE\"\n	agenda-group \"ASSESSVALUE\"\n	salience 50000\n	no-loop\n	when\n		\n		\n		BA: rptis.facts.RPUAssessment (  actualuseid != null,MV:marketvalue,AL:assesslevel ) \n		\n	then\n		Map bindings = new HashMap();\n		\n		bindings.put(\"BA\", BA );\n		\n		bindings.put(\"MV\", MV );\n		\n		bindings.put(\"AL\", AL );\n		\n	Map _p0 = new HashMap();\r\n_p0.put( \"assessment\", BA );\r\n_p0.put( \"expr\", (new ActionExpression(\"@ROUNDTOTEN(  MV * AL  / 100.0 )\", bindings)) );\r\naction.execute( \"calc-assess-value\",_p0,drools);\r\n\nend\n\n\n	'),('RUL1441128c:1471efa4c1c:-6c93','\npackage bldgassessment.CALC_ASSESS_LEVEL;\nimport bldgassessment.*;\nimport java.util.*;\nimport com.rameses.rules.common.*;\n\nglobal RuleAction action;\n\nrule \"CALC_ASSESS_LEVEL\"\n	agenda-group \"AFTER-ASSESSLEVEL\"\n	salience 50000\n	no-loop\n	when\n		\n		\n		BA: rptis.facts.RPUAssessment (  actualuseid != null ) \n		\n	then\n		Map bindings = new HashMap();\n		\n		bindings.put(\"BA\", BA );\n		\n	Map _p0 = new HashMap();\r\n_p0.put( \"assessment\", BA );\r\naction.execute( \"calc-assess-level\",_p0,drools);\r\n\nend\n\n\n	'),('RUL1441128c:1471efa4c1c:-6eaa','\npackage bldgassessment.BUILD_ASSESSMENT_INFO;\nimport bldgassessment.*;\nimport java.util.*;\nimport com.rameses.rules.common.*;\n\nglobal RuleAction action;\n\nrule \"BUILD_ASSESSMENT_INFO\"\n	agenda-group \"BEFORE-ASSESSLEVEL\"\n	salience 50000\n	no-loop\n	when\n		\n		\n		BU: rptis.bldg.facts.BldgUse (  ACTUALUSE:actualuseid != null ) \n		\n	then\n		Map bindings = new HashMap();\n		\n		bindings.put(\"BU\", BU );\n		\n		bindings.put(\"ACTUALUSE\", ACTUALUSE );\n		\n	Map _p0 = new HashMap();\r\n_p0.put( \"bldguse\", BU );\r\n_p0.put( \"actualuseid\", ACTUALUSE );\r\naction.execute( \"add-assessment-info\",_p0,drools);\r\n\nend\n\n\n	'),('RUL3e2b89cb:146ff734573:-7dcc','\npackage bldgassessment.COMPUTE_BLDG_AGE;\nimport bldgassessment.*;\nimport java.util.*;\nimport com.rameses.rules.common.*;\n\nglobal RuleAction action;\n\nrule \"COMPUTE_BLDG_AGE\"\n	agenda-group \"PRE-ASSESSMENT\"\n	salience 50000\n	no-loop\n	when\n		\n		\n		RPU: rptis.bldg.facts.BldgRPU (  YRAPPRAISED:yrappraised > 0,YRCOMPLETED:yrcompleted > 0 ) \n		\n	then\n		Map bindings = new HashMap();\n		\n		bindings.put(\"RPU\", RPU );\n		\n		bindings.put(\"YRAPPRAISED\", YRAPPRAISED );\n		\n		bindings.put(\"YRCOMPLETED\", YRCOMPLETED );\n		\n	Map _p0 = new HashMap();\r\n_p0.put( \"rpu\", RPU );\r\n_p0.put( \"expr\", (new ActionExpression(\"YRAPPRAISED - YRCOMPLETED\", bindings)) );\r\naction.execute( \"calc-bldg-age\",_p0,drools);\r\n\nend\n\n\n	'),('RUL483027b0:16be9375c61:-77e6','\npackage rptledger.BASIC_AND_SEF_TAX;\nimport rptledger.*;\nimport java.util.*;\nimport com.rameses.rules.common.*;\n\nglobal RuleAction action;\n\nrule \"BASIC_AND_SEF_TAX\"\n agenda-group \"TAX\"\n  salience 50000\n  no-loop\n when\n    \n    \n    RLI: rptis.landtax.facts.RPTLedgerItemFact (  AV:av,revtype matches \"basic|sef\" ) \n    \n  then\n    Map bindings = new HashMap();\n   \n    bindings.put(\"RLI\", RLI );\n    \n    bindings.put(\"AV\", AV );\n    \n  Map _p0 = new HashMap();\n_p0.put( \"rptledgeritem\", RLI );\n_p0.put( \"expr\", (new ActionExpression(\"AV * 0.01\", bindings)) );\naction.execute( \"calc-tax\",_p0,drools);\n\nend\n\n\n '),('RUL5b4ac915:147baaa06b4:-6f31','\npackage landassessment.BUILD_ASSESSMENT_INFO_SPLIT;\nimport landassessment.*;\nimport java.util.*;\nimport com.rameses.rules.common.*;\n\nglobal RuleAction action;\n\nrule \"BUILD_ASSESSMENT_INFO_SPLIT\"\n agenda-group \"SUMMARY\"\n  salience 50000\n  no-loop\n when\n    \n    \n    LA: rptis.land.facts.LandDetail (  CLASS:classification != null ) \n    \n  then\n    Map bindings = new HashMap();\n   \n    bindings.put(\"LA\", LA );\n    \n    bindings.put(\"CLASS\", CLASS );\n    \n  Map _p0 = new HashMap();\n_p0.put( \"landdetail\", LA );\n_p0.put( \"classification\", CLASS );\naction.execute( \"add-assessment-info\",_p0,drools);\n\nend\n\n\n  '),('RUL5ca73361:178b46b1030:-41a3','\npackage machassessment.CALC_TOTAL_AV;\nimport machassessment.*;\nimport java.util.*;\nimport com.rameses.rules.common.*;\n\nglobal RuleAction action;\n\nrule \"CALC_TOTAL_AV\"\n	agenda-group \"AFTER-SUMMARY\"\n	salience 50000\n	no-loop\n	when\n		\n		\n		RA: rptis.facts.RPUAssessment (  actualuseid != null,AV:assessedvalue,taxable == true  ) \n		\n		RPU: rptis.facts.RPU (  RPUID:objid ) \n		\n	then\n		Map bindings = new HashMap();\n		\n		bindings.put(\"RA\", RA );\n		\n		bindings.put(\"RPUID\", RPUID );\n		\n		bindings.put(\"RPU\", RPU );\n		\n		bindings.put(\"AV\", AV );\n		\n	Map _p0 = new HashMap();\r\n_p0.put( \"refid\", RPUID );\r\n_p0.put( \"var\", new KeyValue(\"P51c8b9d2:173606cb1cf:-3a4e\", \"TOTAL_AV\") );\r\n_p0.put( \"aggregatetype\", \"sum\" );\r\n_p0.put( \"expr\", (new ActionExpression(\"AV\", bindings)) );\r\naction.execute( \"add-derive-rpt-var\",_p0,drools);\r\n\nend\n\n\n	'),('RUL7e02b404:166ae687f42:-5511','\npackage rptbilling.PENALTY_CURRENT_YEAR;\nimport rptbilling.*;\nimport java.util.*;\nimport com.rameses.rules.common.*;\n\nglobal RuleAction action;\n\nrule \"PENALTY_CURRENT_YEAR\"\n	agenda-group \"PENALTY\"\n	salience 50000\n	no-loop\n	when\n		\n		\n		 CurrentDate (  CY:year,CQTR:qtr > 1 ) \n		\n		RLI: rptis.landtax.facts.RPTLedgerItemFact (  revtype matches \"basic|sef\",year == CY,qtrlypaymentavailed == false ,TAX:amtdue,NMON:monthsfromjan ) \n		\n	then\n		Map bindings = new HashMap();\n		\n		bindings.put(\"CY\", CY );\n		\n		bindings.put(\"RLI\", RLI );\n		\n		bindings.put(\"CQTR\", CQTR );\n		\n		bindings.put(\"NMON\", NMON );\n		\n		bindings.put(\"TAX\", TAX );\n		\n		bindings.put(\"NMON\", NMON );\n		\n	Map _p0 = new HashMap();\r\n_p0.put( \"rptledgeritem\", RLI );\r\n_p0.put( \"expr\", (new ActionExpression(\"TAX * NMON * 0.02\", bindings)) );\r\naction.execute( \"calc-interest\",_p0,drools);\r\n\nend\n\n\n	'),('RULec9d7ab:166235c2e16:-255e','\npackage rptbilling.BUILD_BILL_ITEMS;\nimport rptbilling.*;\nimport java.util.*;\nimport com.rameses.rules.common.*;\n\nglobal RuleAction action;\n\nrule \"BUILD_BILL_ITEMS\"\n  agenda-group \"AFTER_SUMMARY\"\n  salience 50000\n  no-loop\n when\n    \n    \n    RLTS: rptis.landtax.facts.RPTLedgerTaxSummaryFact (   ) \n    \n  then\n    Map bindings = new HashMap();\n   \n    bindings.put(\"RLTS\", RLTS );\n    \n  Map _p0 = new HashMap();\n_p0.put( \"taxsummary\", RLTS );\naction.execute( \"add-billitem\",_p0,drools);\n\nend\n\n\n  '),('RULec9d7ab:166235c2e16:-26bf','\npackage rptbilling.TOTAL_ADVANCE;\nimport rptbilling.*;\nimport java.util.*;\nimport com.rameses.rules.common.*;\n\nglobal RuleAction action;\n\nrule \"TOTAL_ADVANCE\"\n  agenda-group \"SUMMARY\"\n  salience 50000\n  no-loop\n when\n    \n    \n     CurrentDate (  CY:year ) \n    \n    RLI: rptis.landtax.facts.RPTLedgerItemFact (  year > CY ) \n    \n  then\n    Map bindings = new HashMap();\n   \n    bindings.put(\"CY\", CY );\n    \n    bindings.put(\"RLI\", RLI );\n    \n  Map _p0 = new HashMap();\n_p0.put( \"rptledgeritem\", RLI );\n_p0.put( \"revperiod\", \"advance\" );\naction.execute( \"create-tax-summary\",_p0,drools);\n\nend\n\n\n  '),('RULec9d7ab:166235c2e16:-26d0','\npackage rptbilling.TOTAL_CURRENT;\nimport rptbilling.*;\nimport java.util.*;\nimport com.rameses.rules.common.*;\n\nglobal RuleAction action;\n\nrule \"TOTAL_CURRENT\"\n  agenda-group \"SUMMARY\"\n  salience 50000\n  no-loop\n when\n    \n    \n     CurrentDate (  CY:year ) \n    \n    RLI: rptis.landtax.facts.RPTLedgerItemFact (  year == CY ) \n   \n  then\n    Map bindings = new HashMap();\n   \n    bindings.put(\"CY\", CY );\n    \n    bindings.put(\"RLI\", RLI );\n    \n  Map _p0 = new HashMap();\n_p0.put( \"rptledgeritem\", RLI );\n_p0.put( \"revperiod\", \"current\" );\naction.execute( \"create-tax-summary\",_p0,drools);\n\nend\n\n\n  '),('RULec9d7ab:166235c2e16:-2f1f','\npackage rptbilling.EXPIRY_DATE_DEFAULT;\nimport rptbilling.*;\nimport java.util.*;\nimport com.rameses.rules.common.*;\n\nglobal RuleAction action;\n\nrule \"EXPIRY_DATE_DEFAULT\"\n  agenda-group \"BEFORE_SUMMARY\"\n salience 10000\n  no-loop\n when\n    \n    \n    BILL: rptis.landtax.facts.Bill (  CDATE:currentdate ) \n    \n  then\n    Map bindings = new HashMap();\n   \n    bindings.put(\"BILL\", BILL );\n    \n    bindings.put(\"CDATE\", CDATE );\n    \n  Map _p0 = new HashMap();\n_p0.put( \"bill\", BILL );\n_p0.put( \"expr\", (new ActionExpression(\"@MONTHEND( CDATE )\", bindings)) );\naction.execute( \"set-bill-expiry\",_p0,drools);\n\nend\n\n\n '),('RULec9d7ab:166235c2e16:-319f','\npackage rptbilling.EXPIRY_DATE_ADVANCE_YEAR;\nimport rptbilling.*;\nimport java.util.*;\nimport com.rameses.rules.common.*;\n\nglobal RuleAction action;\n\nrule \"EXPIRY_DATE_ADVANCE_YEAR\"\n  agenda-group \"BEFORE_SUMMARY\"\n salience 5000\n no-loop\n when\n    \n    \n     CurrentDate (  CY:year ) \n    \n    RL: rptis.landtax.facts.RPTLedgerFact (  lastyearpaid == CY,lastqtrpaid == 4 ) \n   \n    BILL: rptis.landtax.facts.Bill (  billtoyear > CY ) \n    \n  then\n    Map bindings = new HashMap();\n   \n    bindings.put(\"CY\", CY );\n    \n    bindings.put(\"RL\", RL );\n    \n    bindings.put(\"BILL\", BILL );\n    \n  Map _p0 = new HashMap();\n_p0.put( \"bill\", BILL );\n_p0.put( \"expr\", (new ActionExpression(\"@MONTHEND(@DATE(CY, 12, 1));\", bindings)) );\naction.execute( \"set-bill-expiry\",_p0,drools);\n\nend\n\n\n '),('RULec9d7ab:166235c2e16:-3811','\npackage rptbilling.SPLIT_QUARTERLY_BILLED_ITEMS;\nimport rptbilling.*;\nimport java.util.*;\nimport com.rameses.rules.common.*;\n\nglobal RuleAction action;\n\nrule \"SPLIT_QUARTERLY_BILLED_ITEMS\"\n  agenda-group \"BEFORE_SUMMARY\"\n salience 50000\n  no-loop\n when\n    \n    \n    RLI: rptis.landtax.facts.RPTLedgerItemFact (  qtrly == false ,revtype matches \"basic|sef\" ) \n    \n    BILL: rptis.landtax.facts.Bill (  forpayment == true  ) \n    \n  then\n    Map bindings = new HashMap();\n   \n    bindings.put(\"RLI\", RLI );\n    \n    bindings.put(\"BILL\", BILL );\n    \n  Map _p0 = new HashMap();\n_p0.put( \"rptledgeritem\", RLI );\naction.execute( \"split-bill-item\",_p0,drools);\n\nend\n\n\n '),('RULec9d7ab:166235c2e16:-3c17','\npackage rptbilling.AGGREGATE_PREVIOUS_ITEMS;\nimport rptbilling.*;\nimport java.util.*;\nimport com.rameses.rules.common.*;\n\nglobal RuleAction action;\n\nrule \"AGGREGATE_PREVIOUS_ITEMS\"\n  agenda-group \"BEFORE_SUMMARY\"\n salience 60000\n  no-loop\n when\n    \n    \n     CurrentDate (  CY:year ) \n    \n    RLI: rptis.landtax.facts.RPTLedgerItemFact (  year < CY,qtrly == true  ) \n   \n    BILL: rptis.landtax.facts.Bill (  forpayment == false  ) \n   \n  then\n    Map bindings = new HashMap();\n   \n    bindings.put(\"CY\", CY );\n    \n    bindings.put(\"RLI\", RLI );\n    \n    bindings.put(\"BILL\", BILL );\n    \n  Map _p0 = new HashMap();\n_p0.put( \"rptledgeritem\", RLI );\naction.execute( \"aggregate-bill-item\",_p0,drools);\n\nend\n\n\n '),('RULec9d7ab:166235c2e16:-4197','\npackage rptbilling.DISCOUNT_ADVANCE;\nimport rptbilling.*;\nimport java.util.*;\nimport com.rameses.rules.common.*;\n\nglobal RuleAction action;\n\nrule \"DISCOUNT_ADVANCE\"\n  agenda-group \"DISCOUNT\"\n salience 40000\n  no-loop\n when\n    \n    \n     CurrentDate (  CY:year ) \n    \n    RLI: rptis.landtax.facts.RPTLedgerItemFact (  year > CY,TAX:amtdue ) \n   \n  then\n    Map bindings = new HashMap();\n   \n    bindings.put(\"CY\", CY );\n    \n    bindings.put(\"RLI\", RLI );\n    \n    bindings.put(\"TAX\", TAX );\n    \n  Map _p0 = new HashMap();\n_p0.put( \"rptledgeritem\", RLI );\n_p0.put( \"expr\", (new ActionExpression(\"@ROUND(TAX * 0.20)\", bindings)) );\naction.execute( \"calc-discount\",_p0,drools);\n\nend\n\n\n '),('RULec9d7ab:166235c2e16:-5fcb','\npackage rptbilling.SPLIT_QTR;\nimport rptbilling.*;\nimport java.util.*;\nimport com.rameses.rules.common.*;\n\nglobal RuleAction action;\n\nrule \"SPLIT_QTR\"\n  agenda-group \"INIT\"\n salience 50000\n  no-loop\n when\n    \n    \n     CurrentDate (  CY:year ) \n    \n    RLI: rptis.landtax.facts.RPTLedgerItemFact (  year >= CY ) \n   \n  then\n    Map bindings = new HashMap();\n   \n    bindings.put(\"CY\", CY );\n    \n    bindings.put(\"RLI\", RLI );\n    \n  Map _p0 = new HashMap();\n_p0.put( \"rptledgeritem\", RLI );\naction.execute( \"split-by-qtr\",_p0,drools);\n\nend\n\n\n  ');
/*!40000 ALTER TABLE `sys_rule_deployed` ENABLE KEYS */;
UNLOCK TABLES;

--
-- Table structure for table `sys_rule_fact`
--

DROP TABLE IF EXISTS `sys_rule_fact`;
/*!40101 SET @saved_cs_client     = @@character_set_client */;
/*!40101 SET character_set_client = utf8 */;
CREATE TABLE `sys_rule_fact` (
  `objid` varchar(50) NOT NULL,
  `name` varchar(50) NOT NULL,
  `title` varchar(160) DEFAULT NULL,
  `factclass` varchar(50) DEFAULT NULL,
  `sortorder` int(11) DEFAULT NULL,
  `handler` varchar(50) DEFAULT NULL,
  `defaultvarname` varchar(25) DEFAULT NULL,
  `dynamic` int(11) DEFAULT NULL,
  `lookuphandler` varchar(50) DEFAULT NULL,
  `lookupkey` varchar(50) DEFAULT NULL,
  `lookupvalue` varchar(50) DEFAULT NULL,
  `lookupdatatype` varchar(50) DEFAULT NULL,
  `dynamicfieldname` varchar(50) DEFAULT NULL,
  `builtinconstraints` varchar(50) DEFAULT NULL,
  `domain` varchar(50) DEFAULT NULL,
  `factsuperclass` varchar(255) DEFAULT NULL,
  PRIMARY KEY (`objid`)
) ENGINE=InnoDB DEFAULT CHARSET=utf8;
/*!40101 SET character_set_client = @saved_cs_client */;

--
-- Dumping data for table `sys_rule_fact`
--

LOCK TABLES `sys_rule_fact` WRITE;
/*!40000 ALTER TABLE `sys_rule_fact` DISABLE KEYS */;
INSERT INTO `sys_rule_fact` VALUES ('com.rameses.rules.common.CurrentDate','com.rameses.rules.common.CurrentDate','Current Date','com.rameses.rules.common.CurrentDate',0,NULL,NULL,NULL,NULL,NULL,NULL,NULL,NULL,NULL,'SYSTEM',NULL),('CurrentDate','CurrentDate','Current Date','CurrentDate',1,'','',NULL,'','','','','','','LANDTAX',NULL),('enterprise.facts.DateInfo','enterprise.facts.DateInfo','Date Info','enterprise.facts.DateInfo',0,NULL,NULL,NULL,NULL,NULL,NULL,NULL,NULL,NULL,'ENTERPRISE','enterprise.facts.VariableInfo'),('enterprise.facts.Org','enterprise.facts.Org','Org','enterprise.facts.Org',1,NULL,'ORG',NULL,NULL,NULL,NULL,NULL,NULL,NULL,'ENTERPRISE',NULL),('rptis.bldg.facts.BldgAdjustment','rptis.bldg.facts.BldgAdjustment','Building Adjustment','rptis.bldg.facts.BldgAdjustment',10,NULL,'ADJ',NULL,NULL,NULL,NULL,NULL,NULL,NULL,'RPT',NULL),('rptis.bldg.facts.BldgFloor','rptis.bldg.facts.BldgFloor','Building Floor','rptis.bldg.facts.BldgFloor',4,NULL,'BF',NULL,NULL,NULL,NULL,NULL,NULL,NULL,'RPT',NULL),('rptis.bldg.facts.BldgRPU','rptis.bldg.facts.BldgRPU','Building RPU','rptis.bldg.facts.BldgRPU',1,NULL,'RPU',NULL,NULL,NULL,NULL,NULL,NULL,NULL,'rpt',NULL),('rptis.bldg.facts.BldgStructure','rptis.bldg.facts.BldgStructure','Building Structure','rptis.bldg.facts.BldgStructure',2,NULL,'BS',NULL,NULL,NULL,NULL,NULL,NULL,NULL,'RPT',NULL),('rptis.bldg.facts.BldgUse','rptis.bldg.facts.BldgUse','Building Actual Use','rptis.bldg.facts.BldgUse',3,NULL,'BU',NULL,NULL,NULL,NULL,NULL,NULL,NULL,'RPT',NULL),('rptis.bldg.facts.BldgVariable','rptis.bldg.facts.BldgVariable','Derived Variable','rptis.bldg.facts.BldgVariable',35,NULL,'VAR',NULL,NULL,NULL,NULL,NULL,NULL,NULL,'RPT',NULL),('rptis.facts.Classification','rptis.facts.Classification','Classification','rptis.facts.Classification',45,NULL,'PC',NULL,NULL,NULL,NULL,NULL,NULL,NULL,'RPT',NULL),('rptis.facts.RPTVariable','rptis.facts.RPTVariable','Derived RPT Variable','rptis.facts.RPTVariable',1000,NULL,'VAR',NULL,NULL,NULL,NULL,NULL,NULL,NULL,'RPT',NULL),('rptis.facts.RPU','rptis.facts.RPU','RPU','rptis.facts.RPU',-1,NULL,'RPU',NULL,NULL,NULL,NULL,NULL,NULL,NULL,'rpt',NULL),('rptis.facts.RPUAssessment','rptis.facts.RPUAssessment','Assessment','rptis.facts.RPUAssessment',80,NULL,'RA',NULL,NULL,NULL,NULL,NULL,NULL,NULL,'rpt',NULL),('rptis.land.facts.LandAdjustment','rptis.land.facts.LandAdjustment','Adjustment','rptis.land.facts.LandAdjustment',6,NULL,'ADJ',NULL,NULL,NULL,NULL,NULL,NULL,NULL,'RPT',NULL),('rptis.land.facts.LandDetail','rptis.land.facts.LandDetail','Appraisal','rptis.land.facts.LandDetail',2,NULL,'LA',NULL,NULL,NULL,NULL,NULL,NULL,NULL,'rpt',NULL),('rptis.landtax.facts.AssessedValue','rptis.landtax.facts.AssessedValue','Assessed Value','rptis.landtax.facts.AssessedValue',2,NULL,'AVINFO',NULL,NULL,NULL,NULL,NULL,NULL,NULL,'landtax',NULL),('rptis.landtax.facts.Bill','rptis.landtax.facts.Bill','Bill','rptis.landtax.facts.Bill',2,NULL,'BILL',NULL,NULL,NULL,NULL,NULL,NULL,NULL,'landtax',NULL),('rptis.landtax.facts.Classification','rptis.landtax.facts.Classification','Classification','rptis.landtax.facts.Classification',0,NULL,'CLASS',NULL,NULL,NULL,NULL,NULL,NULL,NULL,'landtax',NULL),('rptis.landtax.facts.RPTBillItem','rptis.landtax.facts.RPTBillItem','Bill Item','rptis.landtax.facts.RPTBillItem',3,NULL,'BILLITEM',NULL,NULL,NULL,NULL,NULL,NULL,NULL,'landtax',NULL),('rptis.landtax.facts.RPTIncentive','rptis.landtax.facts.RPTIncentive','Incentive','rptis.landtax.facts.RPTIncentive',10,NULL,'INCENTIVE',NULL,NULL,NULL,NULL,NULL,NULL,NULL,'landtax',NULL),('rptis.landtax.facts.RPTLedgerFact','rptis.landtax.facts.RPTLedgerFact','Ledger','rptis.landtax.facts.RPTLedgerFact',5,NULL,'RL',0,'','','','','',NULL,'landtax',NULL),('rptis.landtax.facts.RPTLedgerItemFact','rptis.landtax.facts.RPTLedgerItemFact','Ledger Item','rptis.landtax.facts.RPTLedgerItemFact',6,NULL,'RLI',NULL,'','','','','',NULL,'landtax',NULL),('rptis.landtax.facts.RPTLedgerTaxSummaryFact','rptis.landtax.facts.RPTLedgerTaxSummaryFact','Tax Summary','rptis.landtax.facts.RPTLedgerTaxSummaryFact',21,NULL,'RLTS',NULL,'','','','','',NULL,'landtax',NULL),('rptis.landtax.facts.ShareFact','rptis.landtax.facts.ShareFact','Share','rptis.landtax.facts.ShareFact',50,NULL,'LSH',NULL,'','','','','',NULL,'landtax',NULL),('rptis.mach.facts.MachineActualUse','rptis.mach.facts.MachineActualUse','Actual Use','rptis.mach.facts.MachineActualUse',3,NULL,'MAU',NULL,NULL,NULL,NULL,NULL,NULL,NULL,'rpt',NULL),('rptis.mach.facts.MachineDetail','rptis.mach.facts.MachineDetail','Machine','rptis.mach.facts.MachineDetail',2,NULL,'MACH',NULL,NULL,NULL,NULL,NULL,NULL,NULL,'rpt',NULL),('rptis.misc.facts.MiscItem','rptis.misc.facts.MiscItem','Miscellaneous Item','rptis.misc.facts.MiscItem',1,NULL,'MI',NULL,NULL,NULL,NULL,NULL,NULL,NULL,'RPT',NULL),('rptis.misc.facts.MiscRPU','rptis.misc.facts.MiscRPU','Miscellaneous RPU','rptis.misc.facts.MiscRPU',0,NULL,'MRPU',NULL,NULL,NULL,NULL,NULL,NULL,NULL,'RPT',NULL),('rptis.planttree.facts.PlantTreeDetail','rptis.planttree.facts.PlantTreeDetail','Plant/Tree Appraisal','rptis.planttree.facts.PlantTreeDetail',1,NULL,'PTD',NULL,NULL,NULL,NULL,NULL,NULL,NULL,'RPT',NULL),('RPTTxnInfoFact','RPTTxnInfoFact','Transaction','RPTTxnInfoFact',0,NULL,NULL,NULL,NULL,NULL,NULL,NULL,NULL,NULL,'RPT',NULL),('RULFACT-1f3e2b64:14230dd8f62:-7dd8','othercharge','Other Charge Bill Item','bpls.facts.BillItem',8,NULL,'OC',NULL,NULL,NULL,NULL,NULL,NULL,'type == \"OTHERCHARGE\"','bpls',NULL),('RULFACT-1f3e2b64:14230dd8f62:-7e29','regfee','Regulatory Fee Bill Item','bpls.facts.BillItem',7,NULL,'RF',NULL,NULL,NULL,NULL,NULL,NULL,'type == \"REGFEE\"','bpls',NULL),('RULFACT-1f3e2b64:14230dd8f62:-7eb6','businesstax','Business Tax Bill Item','bpls.facts.BillItem',6,NULL,'BT',NULL,NULL,NULL,NULL,NULL,NULL,'type == \"TAX\"','bpls',NULL),('RULFACT-2067b891:1502c6f04ca:-7f71','PartialPayment','Partial Payment','rptis.landtax.facts.PartialPayment',15,NULL,NULL,NULL,NULL,NULL,NULL,NULL,NULL,NULL,'RPT',NULL),('RULFACT-245f3fbb:14f9b505a11:-7f93','TxnAttributeFact','Attributes','TxnAttributeFact',1,NULL,NULL,NULL,NULL,NULL,NULL,NULL,NULL,NULL,'rpt',NULL),('RULFACT-2486b0ca:146fff66c3e:-57b0','variable','Derived Variable','rptis.bldg.facts.BldgVariable',35,NULL,'VAR',NULL,NULL,NULL,NULL,NULL,NULL,NULL,'RPT',NULL),('RULFACT-2486b0ca:146fff66c3e:-711c','BldgAdjustment','Building Adjustment','rptis.bldg.facts.BldgAdjustment',10,NULL,'ADJ',NULL,NULL,NULL,NULL,NULL,NULL,NULL,'RPT',NULL),('RULFACT-2486b0ca:146fff66c3e:-7ad1','BldgFloor','Building Floor','rptis.bldg.facts.BldgFloor',4,NULL,'BF',NULL,NULL,NULL,NULL,NULL,NULL,NULL,'RPT',NULL),('RULFACT-2486b0ca:146fff66c3e:-7b6a','BldgUse','Building Actual Use','rptis.bldg.facts.BldgUse',3,NULL,'BU',NULL,NULL,NULL,NULL,NULL,NULL,NULL,'RPT',NULL),('RULFACT-2486b0ca:146fff66c3e:-7e0e','BldgStructure','Building Structure','rptis.bldg.facts.BldgStructure',2,NULL,'BS',NULL,NULL,NULL,NULL,NULL,NULL,NULL,'RPT',NULL),('RULFACT-26aa09fd:1419696e71f:-7feb','bpapplication','BPApplication','bpls.facts.BPApplication',2,NULL,NULL,NULL,NULL,NULL,NULL,NULL,NULL,NULL,'bpls',NULL),('RULFACT-39192c48:1471ebc2797:-7faf','RPUAssessment','Assessment Info','rptis.facts.RPUAssessment',80,NULL,'RA',NULL,NULL,NULL,NULL,NULL,NULL,NULL,'RPT',NULL),('RULFACT-46f22f55:14231734d86:-7eca','BillDate','Bill Date','bpls.facts.BillDate',1,NULL,NULL,NULL,NULL,NULL,NULL,NULL,NULL,NULL,'bpls',NULL),('RULFACT-5e76cf73:14d69e9c549:-7f07','LandAdjustment','Adjustment','rptis.land.facts.LandAdjustment',6,NULL,'ADJ',NULL,NULL,NULL,NULL,NULL,NULL,NULL,'RPT',NULL),('RULFACT-76732870:14196dc4027:-7f87','lob','Line of Business','bpls.facts.LOB',3,NULL,'LOB',NULL,NULL,NULL,NULL,NULL,NULL,NULL,'bpls',NULL),('RULFACT-bad19b4:141f3c18435:-7fa9','businessinfo','Business Info','bpls.facts.BusinessInfo',4,NULL,NULL,1,'businessvariable:lookup','objid','name','datatype','name',NULL,'bpls',NULL),('RULFACT-fd57605:142324ab5d2:-7f33','qtrdate','Qtr Date','bpls.facts.QtrDeadline',0,NULL,NULL,NULL,NULL,NULL,NULL,NULL,NULL,NULL,'bpls',NULL),('RULFACT-fd840f:146ad32de46:-735f','excess','Excess Payment','bpls.facts.ExcessPayment',0,NULL,'EXCESS',NULL,NULL,NULL,NULL,NULL,NULL,NULL,'bpls',NULL),('RULFACT17d6e7ce:141df4b60c2:-7c21','assessedvalue','Assessed Value Data','rptis.landtax.facts.AssessedValueFact',20,NULL,NULL,NULL,'','','','','',NULL,'LANDTAX',NULL),('RULFACT1b4af871:14e3cc46e09:-34c1','miscvariable','Derived Variable','rptis.facts.RPTVariable',1000,NULL,'VAR',NULL,NULL,NULL,NULL,NULL,NULL,NULL,'RPT',NULL),('RULFACT1b4af871:14e3cc46e09:-36aa','MiscRPU','Miscellaneous RPU','rptis.misc.facts.MiscRPU',0,NULL,'MRPU',NULL,NULL,NULL,NULL,NULL,NULL,NULL,'RPT',NULL),('RULFACT1e772168:14c5a447e35:-7f78','MachineDetail','Machine','rptis.mach.facts.MachineDetail',2,NULL,'MACH',NULL,NULL,NULL,NULL,NULL,NULL,NULL,'rpt',NULL),('RULFACT1e772168:14c5a447e35:-7fd5','MachineActualUse','Machine Actual Use','rptis.mach.facts.MachineActualUse',1,NULL,'MAU',NULL,NULL,NULL,NULL,NULL,NULL,NULL,'RPT',NULL),('RULFACT2e8bac67:1422b41d3b3:-7f64','CurrentDate','Current Date','CurrentDate',0,NULL,NULL,NULL,NULL,NULL,NULL,NULL,NULL,NULL,'bpls',NULL),('RULFACT357018a9:1452a5dcbf7:-793b','ShareInfoFact','LGU Share Info','rptis.landtax.facts.ShareInfoFact',50,NULL,'LSH',NULL,'','','','','',NULL,'LANDTAX',NULL),('RULFACT3a2b180:142b73535d5:-7fb1','LateRenewal','Late Renewal','bpls.facts.LateRenewal',20,NULL,'LateRenewal',NULL,NULL,NULL,NULL,NULL,NULL,NULL,'bpls',NULL),('RULFACT3afe51b9:146f7088d9c:-7db1','LandDetail','Land Item Appraisal','rptis.land.facts.LandDetail',2,NULL,'LA',NULL,NULL,NULL,NULL,NULL,NULL,NULL,'RPT',NULL),('RULFACT3afe51b9:146f7088d9c:-7eb6','RPU','RPU','rptis.facts.RPU',1,NULL,'RPU',NULL,NULL,NULL,NULL,NULL,NULL,NULL,'rpt',NULL),('RULFACT3e2b89cb:146ff734573:-7fcb','BldgRPU','Building Real Property','rptis.bldg.facts.BldgRPU',1,NULL,'RPU',NULL,NULL,NULL,NULL,NULL,NULL,NULL,'RPT',NULL),('RULFACT4a03cdfb:141f9a6dc3c:-784a','sysvariable','Sys Variable','bpls.facts.SysVariable',10,NULL,NULL,1,'bpassessment_sysvar:lookup','name','name','datatype','name',NULL,'bpls',NULL),('RULFACT4ca00100:141fe894560:-7d8e','othercharge','Other Charge Account','bpls.facts.TaxFeeAccount',7,NULL,'OC',NULL,NULL,NULL,NULL,NULL,NULL,'type==\"OTHERCHARGE\"','bpls',NULL),('RULFACT4ca00100:141fe894560:-7e3f','regfee','Regulatory Fee Account','bpls.facts.TaxFeeAccount',6,NULL,'RF',NULL,NULL,NULL,NULL,NULL,NULL,'type == \"REGFEE\"','bpls',NULL),('RULFACT547c5381:1451ae1cd9c:-75e0','paymentoption','Payment Option','rptis.landtax.facts.PaymentOptionFact',2,NULL,NULL,NULL,'','','','','',NULL,'LANDTAX',NULL),('RULFACT59614e16:14c5e56ecc8:-7fd1','MiscItem','Miscellaneous Item','rptis.misc.facts.MiscItem',1,NULL,'MI',NULL,NULL,NULL,NULL,NULL,NULL,NULL,'RPT',NULL),('RULFACT5b4ac915:147baaa06b4:-7146','classification','Classification','rptis.facts.Classification',45,NULL,'PC',NULL,NULL,NULL,NULL,NULL,NULL,NULL,'RPT',NULL),('RULFACT64302071:14232ed987c:-7f4e','payoption','Pay Option','bpls.facts.PayOption',0,NULL,NULL,NULL,NULL,NULL,NULL,NULL,NULL,NULL,'RPT',NULL),('RULFACT682fd2e6:145de99014c:-7f3e','BusinessLocation','Business Location','bpls.facts.BusinessLocation',0,NULL,NULL,NULL,NULL,NULL,NULL,NULL,NULL,NULL,'bpls',NULL),('RULFACT6b62feef:14c53ac1f59:-7f69','PlantTreeDetail','Plant/Tree Appraisal','rptis.planttree.facts.PlantTreeDetail',1,NULL,'PTD',NULL,NULL,NULL,NULL,NULL,NULL,NULL,'RPT',NULL),('RULFACT6d66cc31:1446cc9522e:-7ee1','RPTTxnInfoFact','Transaction','RPTTxnInfoFact',0,NULL,NULL,NULL,NULL,NULL,NULL,NULL,NULL,NULL,'rpt',NULL),('RULFACT72bb01b1:141b1fdca80:-7f86','businesstax','Business Tax Account','bpls.facts.TaxFeeAccount',5,NULL,'BT',NULL,NULL,NULL,NULL,NULL,NULL,'type == \"TAX\"','bpls',NULL),('RULFACT7ee0ab5e:141b6a15885:-7ff1','Ledger','Business Ledger','BPLedger',1,NULL,NULL,NULL,NULL,NULL,NULL,NULL,NULL,NULL,'RPT',NULL),('RULFACTe058e4:1481f37895f:-720c','billitem','BillItem','bpls.facts.BillItem',9,NULL,'BILLITEM',NULL,NULL,NULL,NULL,NULL,NULL,NULL,'bpls',NULL),('treasury.facts.BillItem','treasury.facts.BillItem','Bill Item','treasury.facts.BillItem',1,NULL,'BILLITEM',NULL,NULL,NULL,NULL,NULL,NULL,NULL,'TREASURY','treasury.facts.AbstractBillItem'),('treasury.facts.CollectionGroup','treasury.facts.CollectionGroup','Collection Group','treasury.facts.CollectionGroup',0,NULL,'CG',NULL,NULL,NULL,NULL,NULL,NULL,NULL,'TREASURY',NULL),('treasury.facts.RevenueShare','treasury.facts.RevenueShare','Revenue Share','treasury.facts.RevenueShare',1,NULL,'RS',NULL,NULL,NULL,NULL,NULL,NULL,NULL,'TREASURY',NULL),('TxnAttributeFact','TxnAttributeFact','Attribute','TxnAttributeFact',1,NULL,NULL,NULL,NULL,NULL,NULL,NULL,NULL,NULL,'RPT',NULL);
/*!40000 ALTER TABLE `sys_rule_fact` ENABLE KEYS */;
UNLOCK TABLES;

--
-- Table structure for table `sys_rule_fact_field`
--

DROP TABLE IF EXISTS `sys_rule_fact_field`;
/*!40101 SET @saved_cs_client     = @@character_set_client */;
/*!40101 SET character_set_client = utf8 */;
CREATE TABLE `sys_rule_fact_field` (
  `objid` varchar(255) NOT NULL,
  `parentid` varchar(50) DEFAULT NULL,
  `name` varchar(50) NOT NULL,
  `title` varchar(160) DEFAULT NULL,
  `datatype` varchar(50) DEFAULT NULL,
  `sortorder` int(11) DEFAULT NULL,
  `handler` varchar(50) DEFAULT NULL,
  `lookuphandler` varchar(50) DEFAULT NULL,
  `lookupkey` varchar(50) DEFAULT NULL,
  `lookupvalue` varchar(50) DEFAULT NULL,
  `lookupdatatype` varchar(50) DEFAULT NULL,
  `multivalued` int(11) DEFAULT NULL,
  `required` int(11) DEFAULT NULL,
  `vardatatype` varchar(50) DEFAULT NULL,
  `lovname` varchar(50) DEFAULT NULL,
  PRIMARY KEY (`objid`),
  KEY `ix_parentid` (`parentid`),
  CONSTRAINT `sys_rule_fact_field_ibfk_1` FOREIGN KEY (`parentid`) REFERENCES `sys_rule_fact` (`objid`)
) ENGINE=InnoDB DEFAULT CHARSET=utf8;
/*!40101 SET character_set_client = @saved_cs_client */;

--
-- Dumping data for table `sys_rule_fact_field`
--

LOCK TABLES `sys_rule_fact_field` WRITE;
/*!40000 ALTER TABLE `sys_rule_fact_field` DISABLE KEYS */;
INSERT INTO `sys_rule_fact_field` VALUES ('com.rameses.rules.common.CurrentDate.date','com.rameses.rules.common.CurrentDate','date','Date','date',4,'date',NULL,NULL,NULL,NULL,NULL,NULL,'date',NULL),('com.rameses.rules.common.CurrentDate.day','com.rameses.rules.common.CurrentDate','day','Day','integer',5,'integer',NULL,NULL,NULL,NULL,NULL,NULL,'integer',NULL),('com.rameses.rules.common.CurrentDate.month','com.rameses.rules.common.CurrentDate','month','Month','integer',3,'integer',NULL,NULL,NULL,NULL,NULL,NULL,'integer',NULL),('com.rameses.rules.common.CurrentDate.qtr','com.rameses.rules.common.CurrentDate','qtr','Qtr','integer',1,'integer',NULL,NULL,NULL,NULL,NULL,NULL,'integer',NULL),('com.rameses.rules.common.CurrentDate.year','com.rameses.rules.common.CurrentDate','year','Year','integer',2,'integer',NULL,NULL,NULL,NULL,NULL,NULL,'integer',NULL),('CurrentDate.day','CurrentDate','day','Day','integer',4,'integer','','','','',NULL,NULL,'integer',''),('CurrentDate.month','CurrentDate','month','Month','integer',3,'integer','','','','',NULL,NULL,'integer',''),('CurrentDate.qtr','CurrentDate','qtr','Quarter','integer',2,'integer','','','','',NULL,NULL,'integer',''),('CurrentDate.year','CurrentDate','year','Year','integer',1,'integer','','','','',NULL,NULL,'integer',''),('enterprise.facts.DateInfo.day','enterprise.facts.DateInfo','day','Day','integer',4,'integer',NULL,NULL,NULL,NULL,NULL,NULL,'integer',NULL),('enterprise.facts.DateInfo.month','enterprise.facts.DateInfo','month','Month','integer',3,'integer',NULL,NULL,NULL,NULL,NULL,NULL,'integer',NULL),('enterprise.facts.DateInfo.name','enterprise.facts.DateInfo','name','Name','string',5,'lookup','variableinfo_date:lookup','name','name',NULL,NULL,1,'string',NULL),('enterprise.facts.DateInfo.qtr','enterprise.facts.DateInfo','qtr','Qtr','integer',1,'integer',NULL,NULL,NULL,NULL,NULL,NULL,'integer',NULL),('enterprise.facts.DateInfo.value','enterprise.facts.DateInfo','value','Date','date',6,'date',NULL,NULL,NULL,NULL,NULL,1,'date',NULL),('enterprise.facts.DateInfo.year','enterprise.facts.DateInfo','year','Year','integer',2,'integer',NULL,NULL,NULL,NULL,NULL,NULL,'integer',NULL),('enterprise.facts.Org.orgid','enterprise.facts.Org','orgid','Org ID','string',1,'lookup','org:lookup','objid','title',NULL,NULL,NULL,'string',NULL),('FACTFLD-1be9605b:1561ac64a9e:-7ce0','RULFACT-2486b0ca:146fff66c3e:-711c','depreciate','Depreciate?','boolean',6,'boolean',NULL,NULL,NULL,NULL,NULL,NULL,'boolean',NULL),('FACTFLD-1be9605b:1561ac64a9e:-7d39','RULFACT-2486b0ca:146fff66c3e:-7b6a','adjfordepreciation','Adjustment for Depreciation','decimal',15,'decimal',NULL,NULL,NULL,NULL,NULL,NULL,'decimal',NULL),('FACTFLD-1f3e2b64:14230dd8f62:-7da5','RULFACT-1f3e2b64:14230dd8f62:-7dd8','expired','Expired','boolean',3,'boolean',NULL,NULL,NULL,NULL,NULL,NULL,'boolean',NULL),('FACTFLD-1f3e2b64:14230dd8f62:-7db6','RULFACT-1f3e2b64:14230dd8f62:-7dd8','amtdue','Amount Due','decimal',2,'decimal',NULL,NULL,NULL,NULL,NULL,NULL,'decimal',NULL),('FACTFLD-1f3e2b64:14230dd8f62:-7dc7','RULFACT-1f3e2b64:14230dd8f62:-7dd8','acctid','Account','string',1,'lookup','revenueitem:lookup','objid','title',NULL,NULL,NULL,'string',NULL),('FACTFLD-1f3e2b64:14230dd8f62:-7dfe','RULFACT-1f3e2b64:14230dd8f62:-7e29','expired','Expired','boolean',3,'boolean',NULL,NULL,NULL,NULL,NULL,NULL,'boolean',NULL),('FACTFLD-1f3e2b64:14230dd8f62:-7e07','RULFACT-1f3e2b64:14230dd8f62:-7e29','amtdue','Amount Due','decimal',2,'decimal',NULL,NULL,NULL,NULL,NULL,NULL,'decimal',NULL),('FACTFLD-1f3e2b64:14230dd8f62:-7e18','RULFACT-1f3e2b64:14230dd8f62:-7e29','acctid','Account','string',1,'lookup','revenueitem:lookup','objid','title',NULL,NULL,NULL,'string',NULL),('FACTFLD-1f3e2b64:14230dd8f62:-7e8b','RULFACT-1f3e2b64:14230dd8f62:-7eb6','expired','Expired','boolean',3,'boolean',NULL,NULL,NULL,NULL,NULL,NULL,'boolean',NULL),('FACTFLD-1f3e2b64:14230dd8f62:-7e94','RULFACT-1f3e2b64:14230dd8f62:-7eb6','amtdue','Amount Due','decimal',2,'decimal',NULL,NULL,NULL,NULL,NULL,NULL,'decimal',NULL),('FACTFLD-1f3e2b64:14230dd8f62:-7ea5','RULFACT-1f3e2b64:14230dd8f62:-7eb6','acctid','Account','string',1,'lookup','revenueitem:lookup','objid','title',NULL,NULL,NULL,'string',NULL),('FACTFLD-1f48c8dc:149efbd2046:-72d3','RULFACT-26aa09fd:1419696e71f:-7feb','officetype','Office Type','string',11,'string',NULL,NULL,NULL,NULL,NULL,NULL,'string','BUSINESS_OFFICE_TYPES'),('FACTFLD-20603cf4:146f0c708c1:-7a25','RULFACT357018a9:1452a5dcbf7:-793b','lguid','LGU','string',4,'lookup','municipality:lookup','objid','name',NULL,NULL,NULL,'string',NULL),('FACTFLD-2067b891:1502c6f04ca:-7f55','RULFACT-2067b891:1502c6f04ca:-7f71','rptledger','RPT Ledger','string',1,'var',NULL,NULL,NULL,NULL,NULL,NULL,'rptis.landtax.facts.RPTLedgerFact',NULL),('FACTFLD-234b5263:142c77537de:-7af4','RULFACT-1f3e2b64:14230dd8f62:-7dd8','lob','Line of Business','string',6,'var',NULL,NULL,NULL,NULL,NULL,NULL,'bpls.facts.LOB',NULL),('FACTFLD-234b5263:142c77537de:-7b3b','RULFACT-1f3e2b64:14230dd8f62:-7e29','lob','Line of Business','string',6,'var',NULL,NULL,NULL,NULL,NULL,NULL,'bpls.facts.LOB',NULL),('FACTFLD-234b5263:142c77537de:-7c17','RULFACT-1f3e2b64:14230dd8f62:-7eb6','lob','Line of Business','string',7,'var',NULL,NULL,NULL,NULL,NULL,NULL,'bpls.facts.LOB',NULL),('FACTFLD-23b1baca:15620373769:-7c10','RULFACT-39192c48:1471ebc2797:-7faf','exemptedmarketvalue','Exempted Market Value','decimal',3,'decimal',NULL,NULL,NULL,NULL,NULL,NULL,'decimal',NULL),('FACTFLD-245f3fbb:14f9b505a11:-7f76','RULFACT-245f3fbb:14f9b505a11:-7f93','attribute','Attribute','string',2,'lookup','faastxnattributetype:lookup','attribute','attribute',NULL,NULL,1,'string',NULL),('FACTFLD-245f3fbb:14f9b505a11:-7f7f','RULFACT-245f3fbb:14f9b505a11:-7f93','txntype','Txn Type','string',1,'string',NULL,NULL,NULL,NULL,NULL,0,'string',NULL),('FACTFLD-2486b0ca:146fff66c3e:-5751','RULFACT-2486b0ca:146fff66c3e:-57b0','value','Value','decimal',3,'decimal',NULL,NULL,NULL,NULL,NULL,NULL,'decimal',NULL),('FACTFLD-2486b0ca:146fff66c3e:-5ee6','RULFACT3e2b89cb:146ff734573:-7fcb','fixrate','Fix Rate Assess Level?','boolean',26,'boolean',NULL,NULL,NULL,NULL,NULL,NULL,'boolean',NULL),('FACTFLD-2486b0ca:146fff66c3e:-70e6','RULFACT-2486b0ca:146fff66c3e:-711c','amount','Amount','decimal',5,'decimal',NULL,NULL,NULL,NULL,NULL,NULL,'decimal',NULL),('FACTFLD-2486b0ca:146fff66c3e:-70f0','RULFACT-2486b0ca:146fff66c3e:-711c','adjtype','Adjustment Type','string',4,'lov',NULL,NULL,NULL,NULL,NULL,NULL,'string','RPT_BLDG_ADJUSTMENT_TYPES'),('FACTFLD-2486b0ca:146fff66c3e:-7104','RULFACT-2486b0ca:146fff66c3e:-711c','bldgfloor','Building Floor','string',2,'var',NULL,NULL,NULL,NULL,NULL,1,'rptis.bldg.facts.BldgFloor',NULL),('FACTFLD-2486b0ca:146fff66c3e:-78af','RULFACT-2486b0ca:146fff66c3e:-7b6a','fixrate','Fix Rate Assess Level?','boolean',11,'boolean',NULL,NULL,NULL,NULL,NULL,NULL,'boolean',NULL),('FACTFLD-2486b0ca:146fff66c3e:-7a4a','RULFACT-2486b0ca:146fff66c3e:-7ad1','storeyrate','Storey Adjustment','decimal',9,'decimal',NULL,NULL,NULL,NULL,NULL,NULL,'decimal',NULL),('FACTFLD-2486b0ca:146fff66c3e:-7a55','RULFACT-2486b0ca:146fff66c3e:-7ad1','marketvalue','Market Value','decimal',8,'decimal',NULL,NULL,NULL,NULL,NULL,NULL,'decimal',NULL),('FACTFLD-2486b0ca:146fff66c3e:-7a60','RULFACT-2486b0ca:146fff66c3e:-7ad1','adjustment','Adjustment','decimal',7,'decimal',NULL,NULL,NULL,NULL,NULL,NULL,'decimal',NULL),('FACTFLD-2486b0ca:146fff66c3e:-7a6b','RULFACT-2486b0ca:146fff66c3e:-7ad1','basemarketvalue','Base Market Value','decimal',6,'decimal',NULL,NULL,NULL,NULL,NULL,NULL,'decimal',NULL),('FACTFLD-2486b0ca:146fff66c3e:-7a76','RULFACT-2486b0ca:146fff66c3e:-7ad1','unitvalue','Unit Value','decimal',5,'decimal',NULL,NULL,NULL,NULL,NULL,NULL,'decimal',NULL),('FACTFLD-2486b0ca:146fff66c3e:-7a81','RULFACT-2486b0ca:146fff66c3e:-7ad1','basevalue','Base Value','decimal',4,'decimal',NULL,NULL,NULL,NULL,NULL,NULL,'decimal',NULL),('FACTFLD-2486b0ca:146fff66c3e:-7a99','RULFACT-2486b0ca:146fff66c3e:-7ad1','area','Area','decimal',3,'decimal',NULL,NULL,NULL,NULL,NULL,NULL,'decimal',NULL),('FACTFLD-2486b0ca:146fff66c3e:-7aa6','RULFACT-2486b0ca:146fff66c3e:-7ad1','bldguse','Building Actual Use','string',2,'var',NULL,NULL,NULL,NULL,NULL,NULL,'rptis.bldg.facts.BldgUse',NULL),('FACTFLD-2486b0ca:146fff66c3e:-7b08','RULFACT-2486b0ca:146fff66c3e:-7b6a','assessedvalue','Assess Value','decimal',10,'decimal',NULL,NULL,NULL,NULL,NULL,NULL,'decimal',NULL),('FACTFLD-2486b0ca:146fff66c3e:-7b11','RULFACT-2486b0ca:146fff66c3e:-7b6a','assesslevel','Assess Level','decimal',9,'decimal',NULL,NULL,NULL,NULL,NULL,NULL,'decimal',NULL),('FACTFLD-2486b0ca:146fff66c3e:-7b1a','RULFACT-2486b0ca:146fff66c3e:-7b6a','marketvalue','Market Value','decimal',8,'decimal',NULL,NULL,NULL,NULL,NULL,NULL,'decimal',NULL),('FACTFLD-2486b0ca:146fff66c3e:-7b23','RULFACT-2486b0ca:146fff66c3e:-7b6a','adjustment','Adjustment','decimal',7,'decimal',NULL,NULL,NULL,NULL,NULL,NULL,'decimal',NULL),('FACTFLD-2486b0ca:146fff66c3e:-7b2c','RULFACT-2486b0ca:146fff66c3e:-7b6a','depreciationvalue','Depreciation Value','decimal',6,'decimal',NULL,NULL,NULL,NULL,NULL,NULL,'decimal',NULL),('FACTFLD-2486b0ca:146fff66c3e:-7b35','RULFACT-2486b0ca:146fff66c3e:-7b6a','basemarketvalue','Base Market Value','decimal',5,'decimal',NULL,NULL,NULL,NULL,NULL,NULL,'decimal',NULL),('FACTFLD-2486b0ca:146fff66c3e:-7b3e','RULFACT-2486b0ca:146fff66c3e:-7b6a','area','Area','decimal',4,'decimal',NULL,NULL,NULL,NULL,NULL,NULL,'decimal',NULL),('FACTFLD-2486b0ca:146fff66c3e:-7b47','RULFACT-2486b0ca:146fff66c3e:-7b6a','basevalue','Base Value','decimal',3,'decimal',NULL,NULL,NULL,NULL,NULL,NULL,'decimal',NULL),('FACTFLD-2486b0ca:146fff66c3e:-7b50','RULFACT-2486b0ca:146fff66c3e:-7b6a','bldgstructure','Building Structure','string',2,'var',NULL,NULL,NULL,NULL,NULL,NULL,'rptis.bldg.facts.BldgStructure',NULL),('FACTFLD-2486b0ca:146fff66c3e:-7db5','RULFACT-2486b0ca:146fff66c3e:-7e0e','unitvalue','Unit Value','decimal',6,'decimal',NULL,NULL,NULL,NULL,NULL,NULL,'decimal',NULL),('FACTFLD-2486b0ca:146fff66c3e:-7dbe','RULFACT-2486b0ca:146fff66c3e:-7e0e','basevalue','Base Value','decimal',5,'decimal',NULL,NULL,NULL,NULL,NULL,NULL,'decimal',NULL),('FACTFLD-2486b0ca:146fff66c3e:-7dc7','RULFACT-2486b0ca:146fff66c3e:-7e0e','totalfloorarea','Total Floor Area','decimal',4,'decimal',NULL,NULL,NULL,NULL,NULL,NULL,'decimal',NULL),('FACTFLD-2486b0ca:146fff66c3e:-7dd0','RULFACT-2486b0ca:146fff66c3e:-7e0e','basefloorarea','Base Floor Area','decimal',3,'decimal',NULL,NULL,NULL,NULL,NULL,NULL,'decimal',NULL),('FACTFLD-2486b0ca:146fff66c3e:-7dd9','RULFACT-2486b0ca:146fff66c3e:-7e0e','floorcount','Floor Count','integer',2,'integer',NULL,NULL,NULL,NULL,NULL,NULL,'integer',NULL),('FACTFLD-2486b0ca:146fff66c3e:-7dea','RULFACT-2486b0ca:146fff66c3e:-7e0e','rpu','Building Real Property','string',1,'var',NULL,NULL,NULL,NULL,NULL,0,'rptis.bldg.facts.BldgRPU',NULL),('FACTFLD-2486b0ca:146fff66c3e:-a3f','RULFACT-2486b0ca:146fff66c3e:-711c','additionalitemcode','Adjustment Code','string',3,'string',NULL,NULL,NULL,NULL,NULL,NULL,'string',NULL),('FACTFLD-26aa09fd:1419696e71f:-7fe4','RULFACT-26aa09fd:1419696e71f:-7feb','apptype','App Type','BUSINESS_APP_TYPES',1,'lov',NULL,NULL,NULL,NULL,NULL,NULL,NULL,'BUSINESS_APP_TYPES'),('FACTFLD-28dc975:156bcab666c:-6789','RULFACT3afe51b9:146f7088d9c:-7eb6','objid','RPUID','string',13,'string',NULL,NULL,NULL,NULL,NULL,NULL,'string',NULL),('FACTFLD-345b6aee:15625b107e8:-2d2d','RULFACT1e772168:14c5a447e35:-7fd5','taxable','Taxable','boolean',5,'boolean',NULL,NULL,NULL,NULL,NULL,NULL,'boolean',NULL),('FACTFLD-37d4447c:1480b43afb0:-7f10','RULFACT-1f3e2b64:14230dd8f62:-7dd8','asssessmenttype','Assessment Type','string',7,'lov',NULL,NULL,NULL,NULL,NULL,NULL,'string','BUSINESS_APP_TYPES'),('FACTFLD-37d4447c:1480b43afb0:-7f52','RULFACT-1f3e2b64:14230dd8f62:-7e29','assessmenttype','Assessment Type','string',10,'lov',NULL,NULL,NULL,NULL,NULL,NULL,'string','BUSINESS_APP_TYPES'),('FACTFLD-37d4447c:1480b43afb0:-7f89','RULFACT-1f3e2b64:14230dd8f62:-7eb6','assessmenttype','Assessment Type','string',10,'lov',NULL,NULL,NULL,NULL,NULL,NULL,'string','BUSINESS_APP_TYPES'),('FACTFLD-39192c48:1471ebc2797:-7f3a','RULFACT-39192c48:1471ebc2797:-7faf','assessedvalue','Assessed Value','decimal',4,'decimal',NULL,NULL,NULL,NULL,NULL,NULL,'decimal',NULL),('FACTFLD-39192c48:1471ebc2797:-7f51','RULFACT-39192c48:1471ebc2797:-7faf','assesslevel','Assess Level','decimal',3,'decimal',NULL,NULL,NULL,NULL,NULL,NULL,'decimal',NULL),('FACTFLD-39192c48:1471ebc2797:-7f7e','RULFACT-39192c48:1471ebc2797:-7faf','marketvalue','Market Value','decimal',2,'decimal',NULL,NULL,NULL,NULL,NULL,NULL,'decimal',NULL),('FACTFLD-39192c48:1471ebc2797:-7f95','RULFACT-39192c48:1471ebc2797:-7faf','actualuseid','Actual Use','string',1,'var',NULL,NULL,NULL,NULL,NULL,1,'string',NULL),('FACTFLD-3e0f5e2c:14a3b56e470:-7f67','RULFACT682fd2e6:145de99014c:-7f3e','type','Location Type','string',2,'lov',NULL,NULL,NULL,NULL,NULL,NULL,'string','BUSINESS_LOCATION_TYPES'),('FACTFLD-3ff2d28f:1508dea0692:-769e','RULFACT1b4af871:14e3cc46e09:-34c1','objid','Objid',NULL,1,NULL,NULL,NULL,NULL,NULL,NULL,NULL,NULL,NULL),('FACTFLD-42025b26:14237a79c92:-7f53','RULFACT-46f22f55:14231734d86:-7eca','date','Date','date',4,'date',NULL,NULL,NULL,NULL,NULL,NULL,'date',NULL),('FACTFLD-435133e2:142c7ca3c49:-7a9f','RULFACT-fd57605:142324ab5d2:-7f33','deadline','Deadline date','date',5,'date',NULL,NULL,NULL,NULL,NULL,NULL,'date',NULL),('FACTFLD-435133e2:142c7ca3c49:-7abe','RULFACT-fd57605:142324ab5d2:-7f33','beginQtrDate','Begin date of Qtr','date',4,'date',NULL,NULL,NULL,NULL,NULL,NULL,'date',NULL),('FACTFLD-45a06f70:141e85fbfd5:-7f6f','RULFACT-76732870:14196dc4027:-7f87','assessmenttype','Assessment Type',NULL,4,'lov',NULL,NULL,NULL,NULL,NULL,NULL,NULL,'LOB_ASSESSMENT_TYPES'),('FACTFLD-46f22f55:14231734d86:-7ea7','RULFACT-46f22f55:14231734d86:-7eca','day','Day','integer',3,'integer',NULL,NULL,NULL,NULL,NULL,NULL,'integer',NULL),('FACTFLD-46f22f55:14231734d86:-7eb0','RULFACT-46f22f55:14231734d86:-7eca','year','Year','integer',2,'integer',NULL,NULL,NULL,NULL,NULL,NULL,'integer',NULL),('FACTFLD-46f22f55:14231734d86:-7eb9','RULFACT-46f22f55:14231734d86:-7eca','month','Month','integer',1,'integer',NULL,NULL,NULL,NULL,NULL,NULL,'integer',NULL),('FACTFLD-46fca07e:14c545f3e6a:-79a6','RULFACT3afe51b9:146f7088d9c:-7db1','area','Area','decimal',2,'decimal',NULL,NULL,NULL,NULL,NULL,NULL,'decimal',NULL),('FACTFLD-533535f1:14ff7d1a0c7:2246','RULFACT6d66cc31:1446cc9522e:-7ee1','rputype','Property Type','string',1,'lov',NULL,NULL,NULL,NULL,NULL,NULL,'string','RPT_RPUTYPES'),('FACTFLD-533535f1:14ff7d1a0c7:226d','RULFACT6d66cc31:1446cc9522e:-7ee1','classificationid','Classification','string',2,'lookup','propertyclassification:lookup','objid','name',NULL,NULL,NULL,'string',NULL),('FACTFLD-5c8064e4:143fb646ea9:-7ec0','RULFACT-1f3e2b64:14230dd8f62:-7e29','surcharge','Surcharge','decimal',7,'decimal',NULL,NULL,NULL,NULL,NULL,NULL,'decimal',NULL),('FACTFLD-5e76cf73:14d69e9c549:-7ec9','RULFACT-5e76cf73:14d69e9c549:-7f07','type','Adjustment Type','string',4,'lov',NULL,NULL,NULL,NULL,NULL,NULL,'string','RPT_LAND_ADJUSTMENT_TYPES'),('FACTFLD-5e76cf73:14d69e9c549:-7ed2','RULFACT-5e76cf73:14d69e9c549:-7f07','adjustment','Adjustment','decimal',3,'decimal',NULL,NULL,NULL,NULL,NULL,NULL,'decimal',NULL),('FACTFLD-5e76cf73:14d69e9c549:-7ee3','RULFACT-5e76cf73:14d69e9c549:-7f07','landdetail','Land Detail','string',2,'var',NULL,NULL,NULL,NULL,NULL,NULL,'rptis.land.facts.LandDetail',NULL),('FACTFLD-5e76cf73:14d69e9c549:-7eec','RULFACT-5e76cf73:14d69e9c549:-7f07','rpu','RPU','string',1,'var',NULL,NULL,NULL,NULL,NULL,NULL,'rptis.facts.RPU',NULL),('FACTFLD-62a762db:14201d65080:-7250','RULFACT-26aa09fd:1419696e71f:-7feb','appqtr','App Qtr','integer',8,'integer',NULL,NULL,NULL,NULL,NULL,NULL,'integer',NULL),('FACTFLD-62a762db:14201d65080:-72d8','RULFACT-26aa09fd:1419696e71f:-7feb','appdate','App date','integer',7,'integer',NULL,NULL,NULL,NULL,NULL,NULL,'integer',NULL),('FACTFLD-62a762db:14201d65080:-72e9','RULFACT-26aa09fd:1419696e71f:-7feb','appmonth','App. Month','integer',6,'integer',NULL,NULL,NULL,NULL,NULL,NULL,'integer',NULL),('FACTFLD-62a762db:14201d65080:-72f2','RULFACT-26aa09fd:1419696e71f:-7feb','appyear','App Year','integer',5,'integer',NULL,NULL,NULL,NULL,NULL,NULL,'integer',NULL),('FACTFLD-62a762db:14201d65080:-7303','RULFACT-26aa09fd:1419696e71f:-7feb','yearstarted','Year Started','integer',4,'integer',NULL,NULL,NULL,NULL,NULL,NULL,'integer',NULL),('FACTFLD-66ddf216:14f92338db7:-797f','RULFACT-2486b0ca:146fff66c3e:-7b6a','useswornamount','Use Sworn Amount?','boolean',14,'boolean',NULL,NULL,NULL,NULL,NULL,NULL,'boolean',NULL),('FACTFLD-66ddf216:14f92338db7:-798a','RULFACT-2486b0ca:146fff66c3e:-7b6a','swornamount','Sworn Amount','decimal',13,'decimal',NULL,NULL,NULL,NULL,NULL,NULL,'decimal',NULL),('FACTFLD-6c4ec747:154bd626092:-5677','RULFACT1e772168:14c5a447e35:-7f78','useswornamount','Is Sworn Amount?','boolean',6,'boolean',NULL,NULL,NULL,NULL,NULL,NULL,'boolean',NULL),('FACTFLD-6c4ec747:154bd626092:-5693','RULFACT1e772168:14c5a447e35:-7f78','swornamount','Sworn Amount','decimal',7,'decimal',NULL,NULL,NULL,NULL,NULL,NULL,'decimal',NULL),('FACTFLD-73089baf:141f3d279b0:-7f78','RULFACT-bad19b4:141f3c18435:-7fa9','lob','Line of Business',NULL,1,'var',NULL,NULL,NULL,NULL,NULL,1,'bpls.facts.LOB',NULL),('FACTFLD-7530836f:1508909e112:-7693','RULFACT-2486b0ca:146fff66c3e:-7ad1','objid','Objid','string',1,'string',NULL,NULL,NULL,NULL,NULL,NULL,'string',NULL),('FACTFLD-76732870:14196dc4027:-7f25','RULFACT-76732870:14196dc4027:-7f87','classification','Classification','string',1,'lookup','lobclassification:lookup','objid','name',NULL,NULL,NULL,NULL,NULL),('FACTFLD-76732870:14196dc4027:-7f80','RULFACT-76732870:14196dc4027:-7f87','lobid','Name','string',2,'lookup','lob:lookup','objid','name',NULL,NULL,NULL,NULL,NULL),('FACTFLD-7c5c4c8f:141e84ee23e:-7f45','RULFACT-26aa09fd:1419696e71f:-7feb','orgtype','Org. Type',NULL,2,'lov',NULL,NULL,NULL,NULL,NULL,NULL,NULL,'ORG_TYPES'),('FACTFLD-7dcd2cc0:1419c36c939:-7f7f','RULFACT-76732870:14196dc4027:-7f87','attributes','Attributes',NULL,3,'lookup','lobattribute:lookup','name','name',NULL,1,NULL,NULL,NULL),('FACTFLD-a35dd35:14e51ec3311:-608a','RULFACT1b4af871:14e3cc46e09:-36aa','swornamount','Sworn Amount','decimal',5,'decimal',NULL,NULL,NULL,NULL,NULL,NULL,'decimal',NULL),('FACTFLD-a35dd35:14e51ec3311:-6104','RULFACT1b4af871:14e3cc46e09:-36aa','useswornamount','Use Sworn Amount?','boolean',4,'boolean',NULL,NULL,NULL,NULL,NULL,NULL,'boolean',NULL),('FACTFLD-fd57605:142324ab5d2:-78ff','RULFACT-1f3e2b64:14230dd8f62:-7eb6','surcharge','Surcharge','decimal',5,'decimal',NULL,NULL,NULL,NULL,NULL,NULL,'decimal',NULL),('FACTFLD-fd57605:142324ab5d2:-7e3f','RULFACT-1f3e2b64:14230dd8f62:-7dd8','qtr','Qtr','integer',4,'integer',NULL,NULL,NULL,NULL,NULL,NULL,'integer',NULL),('FACTFLD-fd57605:142324ab5d2:-7e7b','RULFACT-1f3e2b64:14230dd8f62:-7e29','qtr','Qtr','integer',4,'integer',NULL,NULL,NULL,NULL,NULL,NULL,'integer',NULL),('FACTFLD-fd57605:142324ab5d2:-7eaf','RULFACT-1f3e2b64:14230dd8f62:-7eb6','qtr','Qtr','integer',4,'integer',NULL,NULL,NULL,NULL,NULL,NULL,'integer',NULL),('FACTFLD-fd57605:142324ab5d2:-7f08','RULFACT-fd57605:142324ab5d2:-7f33','qtr','Qtr','integer',3,'integer',NULL,NULL,NULL,NULL,NULL,NULL,'integer',NULL),('FACTFLD-fd57605:142324ab5d2:-7f19','RULFACT-fd57605:142324ab5d2:-7f33','year','Year','integer',2,'integer',NULL,NULL,NULL,NULL,NULL,NULL,'integer',NULL),('FACTFLD-fd57605:142324ab5d2:-7f22','RULFACT-fd57605:142324ab5d2:-7f33','month','Month','integer',1,'integer',NULL,NULL,NULL,NULL,NULL,NULL,'integer',NULL),('FACTFLD-fd840f:146ad32de46:-733f','RULFACT-fd840f:146ad32de46:-735f','amount','Amount','decimal',1,'decimal',NULL,NULL,NULL,NULL,NULL,NULL,'decimal',NULL),('FACTFLD102ab3e1:147190e9fe4:-56af','RULFACT-2486b0ca:146fff66c3e:-57b0','bldguse','Building Actual Use','string',1,'var',NULL,NULL,NULL,NULL,NULL,NULL,'rptis.bldg.facts.BldgUse',NULL),('FACTFLD102ab3e1:147190e9fe4:-66be','RULFACT-2486b0ca:146fff66c3e:-711c','bldguse','Building Actual Use','string',1,'var',NULL,NULL,NULL,NULL,NULL,NULL,'rptis.bldg.facts.BldgUse',NULL),('FACTFLD1441128c:1471efa4c1c:-6de2','RULFACT-2486b0ca:146fff66c3e:-7b6a','actualuseid','Actual Use','string',12,'var',NULL,NULL,NULL,NULL,NULL,NULL,'string',NULL),('FACTFLD1441128c:1471efa4c1c:-75ab','RULFACT-2486b0ca:146fff66c3e:-57b0','varid','Variable Name','string',2,'lookup','rptparameter:lookup','objid','name',NULL,NULL,NULL,'string',NULL),('FACTFLD16890479:155dcd2ec4e:-7dd1','RULFACT1e772168:14c5a447e35:-7f78','taxable','Is Taxable','boolean',6,'boolean',NULL,NULL,NULL,NULL,NULL,NULL,'boolean',NULL),('FACTFLD17d6e7ce:141df4b60c2:-7c0c','RULFACT17d6e7ce:141df4b60c2:-7c21','assessedvalue','Assessed Value','decimal',2,'decimal','','','','',NULL,NULL,'decimal',''),('FACTFLD17d6e7ce:141df4b60c2:-7c13','RULFACT17d6e7ce:141df4b60c2:-7c21','year','Year','integer',1,'integer','','','','',NULL,NULL,'integer',''),('FACTFLD184d0b9f:142789765e5:-7da5','RULFACT-1f3e2b64:14230dd8f62:-7dd8','deadline','Deadline Date','date',5,'date',NULL,NULL,NULL,NULL,NULL,NULL,'date',NULL),('FACTFLD184d0b9f:142789765e5:-7de2','RULFACT-1f3e2b64:14230dd8f62:-7e29','deadline','Deadline Date','date',5,'date',NULL,NULL,NULL,NULL,NULL,NULL,'date',NULL),('FACTFLD184d0b9f:142789765e5:-7e5f','RULFACT-1f3e2b64:14230dd8f62:-7eb6','deadline','Deadline Date','date',6,'date',NULL,NULL,NULL,NULL,NULL,NULL,'date',NULL),('FACTFLD1b4af871:14e3cc46e09:-3491','RULFACT1b4af871:14e3cc46e09:-34c1','value','Value','decimal',4,'decimal',NULL,NULL,NULL,NULL,NULL,NULL,'decimal',NULL),('FACTFLD1b4af871:14e3cc46e09:-34a2','RULFACT1b4af871:14e3cc46e09:-34c1','varid','Variable Name','string',3,'lookup','rptparameter:lookup','objid','name',NULL,NULL,NULL,'string',NULL),('FACTFLD1b4af871:14e3cc46e09:-34ab','RULFACT1b4af871:14e3cc46e09:-34c1','refid','Reference ID','string',2,'string',NULL,NULL,NULL,NULL,NULL,NULL,'string',NULL),('FACTFLD1b4af871:14e3cc46e09:-3642','RULFACT1b4af871:14e3cc46e09:-36aa','assessedvalue','Asessed Value','decimal',9,'decimal',NULL,NULL,NULL,NULL,NULL,NULL,'decimal',NULL),('FACTFLD1b4af871:14e3cc46e09:-364b','RULFACT1b4af871:14e3cc46e09:-36aa','assesslevel','Assess Level','decimal',8,'decimal',NULL,NULL,NULL,NULL,NULL,NULL,'decimal',NULL),('FACTFLD1b4af871:14e3cc46e09:-3654','RULFACT1b4af871:14e3cc46e09:-36aa','marketvalue','Market Value','decimal',7,'decimal',NULL,NULL,NULL,NULL,NULL,NULL,'decimal',NULL),('FACTFLD1b4af871:14e3cc46e09:-365d','RULFACT1b4af871:14e3cc46e09:-36aa','basemarketvalue','Base Market Value','decimal',6,'decimal',NULL,NULL,NULL,NULL,NULL,NULL,'decimal',NULL),('FACTFLD1b4af871:14e3cc46e09:-366e','RULFACT1b4af871:14e3cc46e09:-36aa','actualuseid','Actual Use','string',3,'lookup','propertyclassification:objid','objid','name',NULL,NULL,NULL,'string',NULL),('FACTFLD1b4af871:14e3cc46e09:-367f','RULFACT1b4af871:14e3cc46e09:-36aa','classificationid','Classification','string',2,'lookup','propertyclassification:lookup','objid','name',NULL,NULL,NULL,'string',NULL),('FACTFLD1be07afa:1452a9809e9:-332b','RULFACT357018a9:1452a5dcbf7:-793b','lgutype','LGU Type','string',1,'lov','','','','',NULL,1,'string','RPT_BILLING_LGU_TYPES'),('FACTFLD1be07afa:1452a9809e9:-3ee8','RULFACT357018a9:1452a5dcbf7:-793b','sefint','SEF Interest','decimal',11,'decimal','','','','',NULL,0,'decimal',''),('FACTFLD1be07afa:1452a9809e9:-3f01','RULFACT357018a9:1452a5dcbf7:-793b','sefdisc','SEF Discount','decimal',10,'decimal','','','','',NULL,0,'decimal',''),('FACTFLD1be07afa:1452a9809e9:-3f1a','RULFACT357018a9:1452a5dcbf7:-793b','sef','SEF','decimal',9,'decimal','','','','',NULL,0,'decimal',''),('FACTFLD1be07afa:1452a9809e9:-3f33','RULFACT357018a9:1452a5dcbf7:-793b','basicint','Basic Interest','decimal',8,'decimal','','','','',NULL,0,'decimal',''),('FACTFLD1be07afa:1452a9809e9:-3f4c','RULFACT357018a9:1452a5dcbf7:-793b','basicdisc','Basic Discount','decimal',7,'decimal','','','','',NULL,0,'decimal',''),('FACTFLD1be07afa:1452a9809e9:-3f65','RULFACT357018a9:1452a5dcbf7:-793b','basic','Basic','decimal',6,'decimal','','','','',NULL,0,'decimal',''),('FACTFLD1be07afa:1452a9809e9:-45b2','RULFACT357018a9:1452a5dcbf7:-793b','revperiod','Revenue Period','string',3,'lov','','','','',NULL,0,'string','RPT_REVENUE_PERIODS'),('FACTFLD1be07afa:1452a9809e9:-608c','RULFACT357018a9:1452a5dcbf7:-793b','barangay','Barangay','string',5,'lookup','barangay:lookup','objid','name','',NULL,NULL,'string',''),('FACTFLD1cb5fe2e:14cdb1a6034:-4308','RULFACT-2486b0ca:146fff66c3e:-711c','additionalitemcode','Adjustment Code','string',3,'string','bldgadditionalitem:lookup','objid','name',NULL,NULL,0,'string',NULL),('FACTFLD1e772168:14c5a447e35:-662f','RULFACT1e772168:14c5a447e35:-7f78','depreciationvalue','Depreciation Value','decimal',3,'decimal',NULL,NULL,NULL,NULL,NULL,NULL,'decimal',NULL),('FACTFLD1e772168:14c5a447e35:-7f47','RULFACT1e772168:14c5a447e35:-7f78','assessedvalue','Assessed Value','decimal',5,'decimal',NULL,NULL,NULL,NULL,NULL,NULL,'decimal',NULL),('FACTFLD1e772168:14c5a447e35:-7f50','RULFACT1e772168:14c5a447e35:-7f78','marketvalue','Market Value','decimal',4,'decimal',NULL,NULL,NULL,NULL,NULL,NULL,'decimal',NULL),('FACTFLD1e772168:14c5a447e35:-7f59','RULFACT1e772168:14c5a447e35:-7f78','basemarketvalue','Base Market Value','decimal',2,'decimal',NULL,NULL,NULL,NULL,NULL,NULL,'decimal',NULL),('FACTFLD1e772168:14c5a447e35:-7f62','RULFACT1e772168:14c5a447e35:-7f78','machuse','Machine Actual Use','string',1,'var',NULL,NULL,NULL,NULL,NULL,NULL,'MachineActualUse',NULL),('FACTFLD1e772168:14c5a447e35:-7f98','RULFACT1e772168:14c5a447e35:-7fd5','assessedvalue','Assessed Value','decimal',4,'decimal',NULL,NULL,NULL,NULL,NULL,NULL,'decimal',NULL),('FACTFLD1e772168:14c5a447e35:-7fa3','RULFACT1e772168:14c5a447e35:-7fd5','marketvalue','Market Value','decimal',3,'decimal',NULL,NULL,NULL,NULL,NULL,NULL,'decimal',NULL),('FACTFLD1e772168:14c5a447e35:-7fae','RULFACT1e772168:14c5a447e35:-7fd5','basemarketvalue','Base Market Value','decimal',2,'decimal',NULL,NULL,NULL,NULL,NULL,NULL,'decimal',NULL),('FACTFLD1e772168:14c5a447e35:-7fc1','RULFACT1e772168:14c5a447e35:-7fd5','actualuseid','Actual Use','string',1,'lookup','propertyclassification:lookup','objid','name',NULL,NULL,NULL,'string',NULL),('FACTFLD2553f086:14743f5755a:-7ca8','RULFACT-1f3e2b64:14230dd8f62:-7eb6','fullamtdue','Full Amt Due','decimal',8,'decimal',NULL,NULL,NULL,NULL,NULL,NULL,'decimal',NULL),('FACTFLD2701c487:141e346f838:-7f2e','RULFACT17d6e7ce:141df4b60c2:-7c21','rptledger','RPT Ledger','string',3,'var','','','','',NULL,NULL,'rptis.landtax.facts.RPTLedgerFact',''),('FACTFLD2713811e:141f3ed1502:-7ed5','RULFACT-bad19b4:141f3c18435:-7fa9','stringvalue','Value','string',5,'string',NULL,NULL,NULL,NULL,NULL,NULL,'string',NULL),('FACTFLD2713811e:141f3ed1502:-7ede','RULFACT-bad19b4:141f3c18435:-7fa9','booleanvalue','Value','boolean',4,'boolean',NULL,NULL,NULL,NULL,NULL,NULL,'boolean',NULL),('FACTFLD2713811e:141f3ed1502:-7ee7','RULFACT-bad19b4:141f3c18435:-7fa9','intvalue','Value','integer',3,'integer',NULL,NULL,NULL,NULL,NULL,NULL,'integer',NULL),('FACTFLD2713811e:141f3ed1502:-7ef0','RULFACT-bad19b4:141f3c18435:-7fa9','decimalvalue','Value','decimal',2,'decimal',NULL,NULL,NULL,NULL,NULL,NULL,'decimal',NULL),('FACTFLD27c10060:1481e95fd06:-7eb5','RULFACT2e8bac67:1422b41d3b3:-7f64','date','Date','date',4,'date',NULL,NULL,NULL,NULL,NULL,NULL,'date',NULL),('FACTFLD29e16c33:156249fdf8e:-6e66','RULFACT-39192c48:1471ebc2797:-7faf','taxable','Taxable','boolean',6,'boolean',NULL,NULL,NULL,NULL,NULL,NULL,'boolean',NULL),('FACTFLD2e8bac67:1422b41d3b3:-7f30','RULFACT2e8bac67:1422b41d3b3:-7f64','month','Month','integer',3,'integer',NULL,NULL,NULL,NULL,NULL,NULL,'integer',NULL),('FACTFLD2e8bac67:1422b41d3b3:-7f4a','RULFACT2e8bac67:1422b41d3b3:-7f64','year','Year','integer',2,'integer',NULL,NULL,NULL,NULL,NULL,NULL,'integer',NULL),('FACTFLD2e8bac67:1422b41d3b3:-7f53','RULFACT2e8bac67:1422b41d3b3:-7f64','qtr','Qtr','integer',1,'integer',NULL,NULL,NULL,NULL,NULL,NULL,'integer',NULL),('FACTFLD357018a9:1452a5dcbf7:-7765','RULFACT357018a9:1452a5dcbf7:-793b','sharetype','Share Type','string',2,'lov','','','','',NULL,0,'string','RPT_BILLING_SHARE_TYPES'),('FACTFLD3a2b180:142b73535d5:-7f95','RULFACT3a2b180:142b73535d5:-7fb1','year','Year','integer',1,'integer',NULL,NULL,NULL,NULL,NULL,NULL,'integer',NULL),('FACTFLD3afe51b9:146f7088d9c:-7d2b','RULFACT3afe51b9:146f7088d9c:-7db1','assessedvalue','Assessed Value','decimal',14,'decimal',NULL,NULL,NULL,NULL,NULL,NULL,'decimal',NULL),('FACTFLD3afe51b9:146f7088d9c:-7d34','RULFACT3afe51b9:146f7088d9c:-7db1','assesslevel','Assess Level','decimal',13,'decimal',NULL,NULL,NULL,NULL,NULL,NULL,'decimal',NULL),('FACTFLD3afe51b9:146f7088d9c:-7d3d','RULFACT3afe51b9:146f7088d9c:-7db1','marketvalue','Market Value','decimal',12,'decimal',NULL,NULL,NULL,NULL,NULL,NULL,'decimal',NULL),('FACTFLD3afe51b9:146f7088d9c:-7d46','RULFACT3afe51b9:146f7088d9c:-7db1','actualuseadjustment','Actual Use Adjustment','decimal',11,'decimal',NULL,NULL,NULL,NULL,NULL,NULL,'decimal',NULL),('FACTFLD3afe51b9:146f7088d9c:-7d4f','RULFACT3afe51b9:146f7088d9c:-7db1','landvalueadjustment','Land Value Adjustment','decimal',10,'decimal',NULL,NULL,NULL,NULL,NULL,NULL,'decimal',NULL),('FACTFLD3afe51b9:146f7088d9c:-7d58','RULFACT3afe51b9:146f7088d9c:-7db1','adjustment','Adjustment','decimal',9,'decimal',NULL,NULL,NULL,NULL,NULL,NULL,'decimal',NULL),('FACTFLD3afe51b9:146f7088d9c:-7d61','RULFACT3afe51b9:146f7088d9c:-7db1','basemarketvalue','Base Market Value','decimal',8,'decimal',NULL,NULL,NULL,NULL,NULL,NULL,'decimal',NULL),('FACTFLD3afe51b9:146f7088d9c:-7d6a','RULFACT3afe51b9:146f7088d9c:-7db1','taxable','Taxable','boolean',7,'boolean',NULL,NULL,NULL,NULL,NULL,NULL,'boolean',NULL),('FACTFLD3afe51b9:146f7088d9c:-7d73','RULFACT3afe51b9:146f7088d9c:-7db1','unitvalue','Unit Value','decimal',6,'decimal',NULL,NULL,NULL,NULL,NULL,NULL,'decimal',NULL),('FACTFLD3afe51b9:146f7088d9c:-7d7c','RULFACT3afe51b9:146f7088d9c:-7db1','basevalue','Base Value','decimal',5,'decimal',NULL,NULL,NULL,NULL,NULL,NULL,'decimal',NULL),('FACTFLD3afe51b9:146f7088d9c:-7d85','RULFACT3afe51b9:146f7088d9c:-7db1','areaha','Area in Hectare','decimal',4,'decimal',NULL,NULL,NULL,NULL,NULL,NULL,'decimal',NULL),('FACTFLD3afe51b9:146f7088d9c:-7d8e','RULFACT3afe51b9:146f7088d9c:-7db1','areasqm','Area in Sq. Meter','decimal',3,'decimal',NULL,NULL,NULL,NULL,NULL,NULL,'decimal',NULL),('FACTFLD3afe51b9:146f7088d9c:-7d97','RULFACT3afe51b9:146f7088d9c:-7db1','rpu','RPU','string',1,'var',NULL,NULL,NULL,NULL,NULL,NULL,'RPU',NULL),('FACTFLD3afe51b9:146f7088d9c:-7de0','RULFACT3afe51b9:146f7088d9c:-7eb6','useswornamount','Use Sworn Amount?','boolean',11,'boolean',NULL,NULL,NULL,NULL,NULL,NULL,'boolean',NULL),('FACTFLD3afe51b9:146f7088d9c:-7dfb','RULFACT3afe51b9:146f7088d9c:-7eb6','swornamount','Sworn Amount','decimal',12,'decimal',NULL,NULL,NULL,NULL,NULL,NULL,'decimal',NULL),('FACTFLD3afe51b9:146f7088d9c:-7e0d','RULFACT3afe51b9:146f7088d9c:-7eb6','totalav','Assessed Value','decimal',10,'decimal',NULL,NULL,NULL,NULL,NULL,NULL,'decimal',NULL),('FACTFLD3afe51b9:146f7088d9c:-7e16','RULFACT3afe51b9:146f7088d9c:-7eb6','totalmv','Market Value','decimal',9,'decimal',NULL,NULL,NULL,NULL,NULL,NULL,'decimal',NULL),('FACTFLD3afe51b9:146f7088d9c:-7e1f','RULFACT3afe51b9:146f7088d9c:-7eb6','totalbmv','Base Market Value','decimal',8,'decimal',NULL,NULL,NULL,NULL,NULL,NULL,'decimal',NULL),('FACTFLD3afe51b9:146f7088d9c:-7e28','RULFACT3afe51b9:146f7088d9c:-7eb6','totalareaha','Area in Hectare','decimal',7,'decimal',NULL,NULL,NULL,NULL,NULL,NULL,'decimal',NULL),('FACTFLD3afe51b9:146f7088d9c:-7e31','RULFACT3afe51b9:146f7088d9c:-7eb6','totalareasqm','Area in Sq. Meter','decimal',6,'decimal',NULL,NULL,NULL,NULL,NULL,NULL,'decimal',NULL),('FACTFLD3afe51b9:146f7088d9c:-7e3a','RULFACT3afe51b9:146f7088d9c:-7eb6','taxable','Taxable?','boolean',5,'boolean',NULL,NULL,NULL,NULL,NULL,NULL,'boolean',NULL),('FACTFLD3afe51b9:146f7088d9c:-7e4b','RULFACT3afe51b9:146f7088d9c:-7eb6','exemptiontypeid','Exemption Type','string',4,'lookup','exemptiontype:lookup','objid','name',NULL,NULL,NULL,'string',NULL),('FACTFLD3afe51b9:146f7088d9c:-7e5c','RULFACT3afe51b9:146f7088d9c:-7eb6','classificationid','Classification','string',3,'lookup','propertyclassification:lookup','objid','name',NULL,NULL,NULL,'string',NULL),('FACTFLD3afe51b9:146f7088d9c:-7e65','RULFACT3afe51b9:146f7088d9c:-7eb6','ry','Revision Year','integer',2,'integer',NULL,NULL,NULL,NULL,NULL,NULL,'integer',NULL),('FACTFLD3afe51b9:146f7088d9c:-7e92','RULFACT3afe51b9:146f7088d9c:-7eb6','rputype','Property Type','string',1,'lov',NULL,NULL,NULL,NULL,NULL,NULL,'string','RPT_RPUTYPES'),('FACTFLD3c33cd02:14744856d01:-7e35','RULFACT-1f3e2b64:14230dd8f62:-7e29','firstdateofyear','First Date of Year','date',9,'date',NULL,NULL,NULL,NULL,NULL,NULL,'date',NULL),('FACTFLD3c33cd02:14744856d01:-7e3e','RULFACT-1f3e2b64:14230dd8f62:-7e29','fullamtdue','Full Amount Due','decimal',8,'decimal',NULL,NULL,NULL,NULL,NULL,NULL,'decimal',NULL),('FACTFLD3c33cd02:14744856d01:-7ed2','RULFACT-1f3e2b64:14230dd8f62:-7eb6','firstdateofyear','First Date of Year','date',9,'date',NULL,NULL,NULL,NULL,NULL,NULL,'date',NULL),('FACTFLD3e2b89cb:146ff734573:-7e70','RULFACT3e2b89cb:146ff734573:-7fcb','bldgclass','Building Class','string',25,'lov',NULL,NULL,NULL,NULL,NULL,NULL,'string','RPT_BLDG_CLASS'),('FACTFLD3e2b89cb:146ff734573:-7e79','RULFACT3e2b89cb:146ff734573:-7fcb','condominium','Is Condominium','boolean',24,'boolean',NULL,NULL,NULL,NULL,NULL,NULL,'boolean',NULL),('FACTFLD3e2b89cb:146ff734573:-7e82','RULFACT3e2b89cb:146ff734573:-7fcb','assesslevel','Assess Level','decimal',23,'decimal',NULL,NULL,NULL,NULL,NULL,NULL,'decimal',NULL),('FACTFLD3e2b89cb:146ff734573:-7e8b','RULFACT3e2b89cb:146ff734573:-7fcb','percentcompleted','Percent Completed','integer',22,'integer',NULL,NULL,NULL,NULL,NULL,NULL,'integer',NULL),('FACTFLD3e2b89cb:146ff734573:-7e96','RULFACT3e2b89cb:146ff734573:-7fcb','totaladjustment','Total Adjustment','decimal',21,'decimal',NULL,NULL,NULL,NULL,NULL,NULL,'decimal',NULL),('FACTFLD3e2b89cb:146ff734573:-7e9f','RULFACT3e2b89cb:146ff734573:-7fcb','depreciationvalue','Deprecation Value','decimal',20,'decimal',NULL,NULL,NULL,NULL,NULL,NULL,'decimal',NULL),('FACTFLD3e2b89cb:146ff734573:-7ea8','RULFACT3e2b89cb:146ff734573:-7fcb','depreciation','Depreciation Rate','decimal',19,'decimal',NULL,NULL,NULL,NULL,NULL,NULL,'decimal',NULL),('FACTFLD3e2b89cb:146ff734573:-7eb1','RULFACT3e2b89cb:146ff734573:-7fcb','floorcount','Floor Count','integer',18,'integer',NULL,NULL,NULL,NULL,NULL,NULL,'integer',NULL),('FACTFLD3e2b89cb:146ff734573:-7eba','RULFACT3e2b89cb:146ff734573:-7fcb','effectiveage','Effective Building Age','integer',17,'integer',NULL,NULL,NULL,NULL,NULL,NULL,'integer',NULL),('FACTFLD3e2b89cb:146ff734573:-7ec3','RULFACT3e2b89cb:146ff734573:-7fcb','bldgage','Building Age','integer',16,'integer',NULL,NULL,NULL,NULL,NULL,NULL,'integer',NULL),('FACTFLD3e2b89cb:146ff734573:-7ecc','RULFACT3e2b89cb:146ff734573:-7fcb','yroccupied','Year Occupied','integer',15,'integer',NULL,NULL,NULL,NULL,NULL,NULL,'integer',NULL),('FACTFLD3e2b89cb:146ff734573:-7ed5','RULFACT3e2b89cb:146ff734573:-7fcb','yrcompleted','Year Completed','integer',14,'integer',NULL,NULL,NULL,NULL,NULL,NULL,'integer',NULL),('FACTFLD3e2b89cb:146ff734573:-7ede','RULFACT3e2b89cb:146ff734573:-7fcb','yrappraised','Year Appraised','integer',13,'integer',NULL,NULL,NULL,NULL,NULL,NULL,'integer',NULL),('FACTFLD3e2b89cb:146ff734573:-7ee7','RULFACT3e2b89cb:146ff734573:-7fcb','basevalue','Base Value','decimal',12,'decimal',NULL,NULL,NULL,NULL,NULL,NULL,'decimal',NULL),('FACTFLD3e2b89cb:146ff734573:-7ef9','RULFACT3e2b89cb:146ff734573:-7fcb','useswornamount','Use Sworn Amount?','boolean',11,'boolean',NULL,NULL,NULL,NULL,NULL,NULL,'boolean',NULL),('FACTFLD3e2b89cb:146ff734573:-7f02','RULFACT3e2b89cb:146ff734573:-7fcb','swornamount','Sworn Amount','decimal',10,'decimal',NULL,NULL,NULL,NULL,NULL,NULL,'decimal',NULL),('FACTFLD3e2b89cb:146ff734573:-7f0b','RULFACT3e2b89cb:146ff734573:-7fcb','totalav','Assess Value','decimal',9,'decimal',NULL,NULL,NULL,NULL,NULL,NULL,'decimal',NULL),('FACTFLD3e2b89cb:146ff734573:-7f14','RULFACT3e2b89cb:146ff734573:-7fcb','totalmv','Market Value','decimal',8,'decimal',NULL,NULL,NULL,NULL,NULL,NULL,'decimal',NULL),('FACTFLD3e2b89cb:146ff734573:-7f1d','RULFACT3e2b89cb:146ff734573:-7fcb','totalbmv','Base Market Value','decimal',7,'decimal',NULL,NULL,NULL,NULL,NULL,NULL,'decimal',NULL),('FACTFLD3e2b89cb:146ff734573:-7f26','RULFACT3e2b89cb:146ff734573:-7fcb','totalareasqm','Area in Sq. Meter','decimal',6,'decimal',NULL,NULL,NULL,NULL,NULL,NULL,'decimal',NULL),('FACTFLD3e2b89cb:146ff734573:-7f2f','RULFACT3e2b89cb:146ff734573:-7fcb','totalareaha','Area in Hectare','decimal',5,'decimal',NULL,NULL,NULL,NULL,NULL,NULL,'decimal',NULL),('FACTFLD3e2b89cb:146ff734573:-7f38','RULFACT3e2b89cb:146ff734573:-7fcb','taxable','Taxable?','boolean',4,'boolean',NULL,NULL,NULL,NULL,NULL,NULL,'boolean',NULL),('FACTFLD3e2b89cb:146ff734573:-7f49','RULFACT3e2b89cb:146ff734573:-7fcb','exemptiontypeid','Exemption Type','string',3,'lookup','exemptiontype:lookup','objid','name',NULL,NULL,NULL,'string',NULL),('FACTFLD3e2b89cb:146ff734573:-7f5a','RULFACT3e2b89cb:146ff734573:-7fcb','classificationid','Classification','string',2,'lookup','propertyclassification:lookup','objid','name',NULL,NULL,NULL,'string','property'),('FACTFLD3e2b89cb:146ff734573:-7f63','RULFACT3e2b89cb:146ff734573:-7fcb','ry','Revision Year','integer',1,'integer',NULL,NULL,NULL,NULL,NULL,NULL,'integer',NULL),('FACTFLD441bb08f:1436c079bff:-7fc1','RULFACT17d6e7ce:141df4b60c2:-7c21','qtrlyav','Quarterly Assessed Value','decimal',4,'decimal','','','','',NULL,NULL,'decimal',''),('FACTFLD49a3c540:14e51feb8f6:-5a4c','RULFACT-2486b0ca:146fff66c3e:-7b6a','objid','Objid','string',1,'string',NULL,NULL,NULL,NULL,NULL,NULL,'string',NULL),('FACTFLD49a3c540:14e51feb8f6:-6cc5','RULFACT1b4af871:14e3cc46e09:-36aa','objid','RPU ID','string',1,'string',NULL,NULL,NULL,NULL,NULL,NULL,'string',NULL),('FACTFLD4a03cdfb:141f9a6dc3c:-7816','RULFACT4a03cdfb:141f9a6dc3c:-784a','stringvalue','Value','string',5,'string',NULL,NULL,NULL,NULL,NULL,0,'string',NULL),('FACTFLD4a03cdfb:141f9a6dc3c:-781f','RULFACT4a03cdfb:141f9a6dc3c:-784a','intvalue','Value','integer',4,'integer',NULL,NULL,NULL,NULL,NULL,0,'integer',NULL),('FACTFLD4a03cdfb:141f9a6dc3c:-7828','RULFACT4a03cdfb:141f9a6dc3c:-784a','decimalvalue','Value','decimal',3,'decimal',NULL,NULL,NULL,NULL,NULL,0,'decimal',NULL),('FACTFLD4a03cdfb:141f9a6dc3c:-7831','RULFACT4a03cdfb:141f9a6dc3c:-784a','booleanvalue','Value','boolean',2,'boolean',NULL,NULL,NULL,NULL,NULL,0,'boolean',NULL),('FACTFLD4a03cdfb:141f9a6dc3c:-783a','RULFACT4a03cdfb:141f9a6dc3c:-784a','lob','Line of Business','string',1,'var',NULL,NULL,NULL,NULL,NULL,0,'bpls.facts.LOB',NULL),('FACTFLD4a03cdfb:141f9a6dc3c:-7b91','RULFACT72bb01b1:141b1fdca80:-7f86','lowest','Is Lowest Amount','boolean',5,'boolean',NULL,NULL,NULL,NULL,NULL,NULL,'boolean',NULL),('FACTFLD4a03cdfb:141f9a6dc3c:-7b9a','RULFACT72bb01b1:141b1fdca80:-7f86','highest','Is Highest Amount','boolean',4,'boolean',NULL,NULL,NULL,NULL,NULL,NULL,'boolean',NULL),('FACTFLD4b5f47bd:142219e4784:-7f46','RULFACT-26aa09fd:1419696e71f:-7feb','txnmode','Txn Mode','string',3,'lov',NULL,NULL,NULL,NULL,NULL,NULL,'string','BP_TXNMODES'),('FACTFLD4bf973aa:1562a233196:-4e2d','RULFACT1e772168:14c5a447e35:-7f78','depreciation','Depreciation Rate','boolean',9,'boolean',NULL,NULL,NULL,NULL,NULL,NULL,'boolean',NULL),('FACTFLD4ca00100:141fe894560:-7d51','RULFACT4ca00100:141fe894560:-7d8e','lowest','Is Lowest Amount','boolean',5,'boolean',NULL,NULL,NULL,NULL,NULL,NULL,'boolean',NULL),('FACTFLD4ca00100:141fe894560:-7d5a','RULFACT4ca00100:141fe894560:-7d8e','highest','Is Highest Amount','boolean',4,'boolean',NULL,NULL,NULL,NULL,NULL,0,'boolean',NULL),('FACTFLD4ca00100:141fe894560:-7d63','RULFACT4ca00100:141fe894560:-7d8e','amount','Amount','decimal',3,'decimal',NULL,NULL,NULL,NULL,NULL,NULL,'decimal',NULL),('FACTFLD4ca00100:141fe894560:-7d74','RULFACT4ca00100:141fe894560:-7d8e','acctid','Account','string',2,'lookup','revenueitem:lookup','objid','title',NULL,NULL,NULL,NULL,NULL),('FACTFLD4ca00100:141fe894560:-7d7d','RULFACT4ca00100:141fe894560:-7d8e','lob','Line of Business','string',1,'var',NULL,NULL,NULL,NULL,NULL,NULL,'bpls.facts.LOB',NULL),('FACTFLD4ca00100:141fe894560:-7e02','RULFACT4ca00100:141fe894560:-7e3f','lowest','Is Lowest Amount','boolean',5,'boolean',NULL,NULL,NULL,NULL,NULL,NULL,'boolean',NULL),('FACTFLD4ca00100:141fe894560:-7e0b','RULFACT4ca00100:141fe894560:-7e3f','highest','Is Highest Amount','boolean',4,'boolean',NULL,NULL,NULL,NULL,NULL,NULL,'boolean',NULL),('FACTFLD4ca00100:141fe894560:-7e14','RULFACT4ca00100:141fe894560:-7e3f','amount','Amount','decimal',3,'decimal',NULL,NULL,NULL,NULL,NULL,NULL,'decimal',NULL),('FACTFLD4ca00100:141fe894560:-7e25','RULFACT4ca00100:141fe894560:-7e3f','acctid','Account','string',2,'lookup','revenueitem:lookup','objid','title',NULL,NULL,NULL,'string',NULL),('FACTFLD4ca00100:141fe894560:-7e2e','RULFACT4ca00100:141fe894560:-7e3f','lob','Line of Business','string',1,'var',NULL,NULL,NULL,NULL,NULL,NULL,'bpls.facts.LOB',NULL),('FACTFLD50ef92c8:147420ae632:-7c1c','RULFACT-46f22f55:14231734d86:-7eca','qtr','Qtr','integer',5,'integer',NULL,NULL,NULL,NULL,NULL,NULL,'integer',NULL),('FACTFLD547c5381:1451ae1cd9c:-75c6','RULFACT547c5381:1451ae1cd9c:-75e0','type','Type','string',1,'lov','','','','',NULL,NULL,'string','RPT_BILLING_PAYMENT_OPTIONS'),('FACTFLD56c737e:14747f7ef52:-7ea4','RULFACT-26aa09fd:1419696e71f:-7feb','dateapplied','Date Applied','date',10,'date',NULL,NULL,NULL,NULL,NULL,NULL,'date',NULL),('FACTFLD59614e16:14c5e56ecc8:-7ea9','RULFACT59614e16:14c5e56ecc8:-7fd1','depreciation','Deprecation Rate','decimal',2,'decimal',NULL,NULL,NULL,NULL,NULL,NULL,'decimal',NULL),('FACTFLD59614e16:14c5e56ecc8:-7f8f','RULFACT59614e16:14c5e56ecc8:-7fd1','assessedvalue','Assessed Value','decimal',6,'decimal',NULL,NULL,NULL,NULL,NULL,NULL,'decimal',NULL),('FACTFLD59614e16:14c5e56ecc8:-7f9a','RULFACT59614e16:14c5e56ecc8:-7fd1','assesslevel','Assess Level','decimal',5,'decimal',NULL,NULL,NULL,NULL,NULL,NULL,'decimal',NULL),('FACTFLD59614e16:14c5e56ecc8:-7fa5','RULFACT59614e16:14c5e56ecc8:-7fd1','marketvalue','Market Value','decimal',4,'decimal',NULL,NULL,NULL,NULL,NULL,NULL,'decimal',NULL),('FACTFLD59614e16:14c5e56ecc8:-7fb0','RULFACT59614e16:14c5e56ecc8:-7fd1','depreciatedvalue','Depreciation','decimal',3,'decimal',NULL,NULL,NULL,NULL,NULL,NULL,'decimal',NULL),('FACTFLD59614e16:14c5e56ecc8:-7fbb','RULFACT59614e16:14c5e56ecc8:-7fd1','basemarketvalue','Base Market Value','decimal',1,'decimal',NULL,NULL,NULL,NULL,NULL,NULL,'decimal',NULL),('FACTFLD5b4ac915:147baaa06b4:-6e01','RULFACT3afe51b9:146f7088d9c:-7db1','classification','Classification','string',15,'var',NULL,NULL,NULL,NULL,NULL,NULL,'rptis.facts.Classification',NULL),('FACTFLD5b4ac915:147baaa06b4:-7111','RULFACT5b4ac915:147baaa06b4:-7146','objid','Classification','string',1,'lookup','propertyclassification:lookup','objid','name',NULL,NULL,NULL,'string',NULL),('FACTFLD64302071:14232ed987c:-7f3d','RULFACT64302071:14232ed987c:-7f4e','type','Type','string',1,'lov',NULL,NULL,NULL,NULL,NULL,NULL,'string','BP_PAYOPTIONS'),('FACTFLD682fd2e6:145de99014c:-7e46','RULFACT682fd2e6:145de99014c:-7f3e','barangayid','Barangay','string',1,'lookup','barangay:lookup','objid','name',NULL,NULL,NULL,'string',NULL),('FACTFLD686e4ec:146a335ed43:-7df0','RULFACT-26aa09fd:1419696e71f:-7feb','purpose','Purpose','string',9,'lov',NULL,NULL,NULL,NULL,NULL,NULL,'string','BUSINESS_PURPOSE'),('FACTFLD6b62feef:14c53ac1f59:-7ec5','RULFACT6b62feef:14c53ac1f59:-7f69','assessedvalue','Assessed Value','decimal',13,'decimal',NULL,NULL,NULL,NULL,NULL,NULL,'decimal',NULL),('FACTFLD6b62feef:14c53ac1f59:-7ece','RULFACT6b62feef:14c53ac1f59:-7f69','assesslevel','Assess Level','decimal',12,'decimal',NULL,NULL,NULL,NULL,NULL,NULL,'decimal',NULL),('FACTFLD6b62feef:14c53ac1f59:-7ed7','RULFACT6b62feef:14c53ac1f59:-7f69','marketvalue','Market Value','decimal',11,'decimal',NULL,NULL,NULL,NULL,NULL,NULL,'decimal',NULL),('FACTFLD6b62feef:14c53ac1f59:-7ee0','RULFACT6b62feef:14c53ac1f59:-7f69','adjustmentrate','Adjustment Rate','decimal',10,'decimal',NULL,NULL,NULL,NULL,NULL,NULL,'decimal',NULL),('FACTFLD6b62feef:14c53ac1f59:-7ee9','RULFACT6b62feef:14c53ac1f59:-7f69','adjustment','Adjustment','decimal',9,'decimal',NULL,NULL,NULL,NULL,NULL,NULL,'decimal',NULL),('FACTFLD6b62feef:14c53ac1f59:-7ef2','RULFACT6b62feef:14c53ac1f59:-7f69','basemarketvalue','Base Market Value','decimal',8,'decimal',NULL,NULL,NULL,NULL,NULL,NULL,'decimal',NULL),('FACTFLD6b62feef:14c53ac1f59:-7efb','RULFACT6b62feef:14c53ac1f59:-7f69','unitvalue','Unit Value','decimal',7,'decimal',NULL,NULL,NULL,NULL,NULL,NULL,'decimal',NULL),('FACTFLD6b62feef:14c53ac1f59:-7f04','RULFACT6b62feef:14c53ac1f59:-7f69','areacovered','Area Covered','decimal',6,'decimal',NULL,NULL,NULL,NULL,NULL,NULL,'decimal',NULL),('FACTFLD6b62feef:14c53ac1f59:-7f0d','RULFACT6b62feef:14c53ac1f59:-7f69','nonproductive','Non-Productive','decimal',5,'decimal',NULL,NULL,NULL,NULL,NULL,NULL,'decimal',NULL),('FACTFLD6b62feef:14c53ac1f59:-7f16','RULFACT6b62feef:14c53ac1f59:-7f69','productive','Productive','decimal',4,'decimal',NULL,NULL,NULL,NULL,NULL,NULL,'decimal',NULL),('FACTFLD6b62feef:14c53ac1f59:-7f39','RULFACT6b62feef:14c53ac1f59:-7f69','classificationid','Classification','string',2,'lookup','propertyclassification:lookup','objid','name',NULL,NULL,NULL,'string',NULL),('FACTFLD6b62feef:14c53ac1f59:-7f4a','RULFACT6b62feef:14c53ac1f59:-7f69','actualuseid','Actual Use','string',3,'lookup','propertyclassification:lookup','objid','name',NULL,NULL,NULL,'string',NULL),('FACTFLD6b62feef:14c53ac1f59:-7f53','RULFACT6b62feef:14c53ac1f59:-7f69','RPU','RPU','string',1,'var',NULL,NULL,NULL,NULL,NULL,NULL,'RPU',NULL),('FACTFLD6d66cc31:1446cc9522e:-7e84','RULFACT6d66cc31:1446cc9522e:-7ee1','planRequired','Approved Plan Required','boolean',4,'boolean',NULL,NULL,NULL,NULL,NULL,NULL,'boolean',NULL),('FACTFLD6d66cc31:1446cc9522e:-7ea0','RULFACT6d66cc31:1446cc9522e:-7ee1','txntypemode','Txn Type Mode','string',3,'lov',NULL,NULL,NULL,NULL,NULL,NULL,'string','RPT_TXN_TYPE_MODES'),('FACTFLD6d66cc31:1446cc9522e:-7ebd','RULFACT6d66cc31:1446cc9522e:-7ee1','txntype','Txn Type','string',5,'lov',NULL,NULL,NULL,NULL,NULL,1,'string','RPT_TXN_TYPES'),('FACTFLD72bb01b1:141b1fdca80:-7f45','RULFACT72bb01b1:141b1fdca80:-7f86','lob','Line of Business',NULL,1,'var',NULL,NULL,NULL,NULL,NULL,0,'bpls.facts.LOB',NULL),('FACTFLD72bb01b1:141b1fdca80:-7f70','RULFACT72bb01b1:141b1fdca80:-7f86','amount','Amount','decimal',3,'decimal',NULL,NULL,NULL,NULL,NULL,NULL,'decimal',NULL),('FACTFLD72bb01b1:141b1fdca80:-7f7f','RULFACT72bb01b1:141b1fdca80:-7f86','acctid','Account',NULL,2,'lookup','revenueitem:lookup','objid','title',NULL,NULL,0,NULL,NULL),('FACTFLD7ee0ab5e:141b6a15885:-7fd5','RULFACT7ee0ab5e:141b6a15885:-7ff1','amtdue','Amount Due','decimal',1,'decimal',NULL,NULL,NULL,NULL,NULL,NULL,'decimal',NULL),('FACTFLD7ee0ab5e:141b6a15885:-7fdc','RULFACT7ee0ab5e:141b6a15885:-7ff1','qtr','Qtr','integer',2,'integer',NULL,NULL,NULL,NULL,NULL,NULL,'integer',NULL),('FACTFLD7ee0ab5e:141b6a15885:-7fe3','RULFACT7ee0ab5e:141b6a15885:-7ff1','year','Year','integer',3,'integer',NULL,NULL,NULL,NULL,NULL,NULL,'integer',NULL),('FACTFLD7ee0ab5e:141b6a15885:-7fea','RULFACT7ee0ab5e:141b6a15885:-7ff1','apptype','Application Type',NULL,4,'lov',NULL,NULL,NULL,NULL,NULL,NULL,NULL,'BUSINESS_APP_TYPES'),('FACTFLDe058e4:1481f37895f:-710d','RULFACTe058e4:1481f37895f:-720c','assessmenttype','Assessment Type','string',10,'lov',NULL,NULL,NULL,NULL,NULL,NULL,'string','BUSINESS_APP_TYPES'),('FACTFLDe058e4:1481f37895f:-7116','RULFACTe058e4:1481f37895f:-720c','firstdateofyear','First Date of Year','date',9,'date',NULL,NULL,NULL,NULL,NULL,NULL,'date',NULL),('FACTFLDe058e4:1481f37895f:-7127','RULFACTe058e4:1481f37895f:-720c','fullamtdue','Full Amount Due','decimal',8,'decimal',NULL,NULL,NULL,NULL,NULL,NULL,'decimal',NULL),('FACTFLDe058e4:1481f37895f:-7130','RULFACTe058e4:1481f37895f:-720c','lob','Line of Business','string',7,'var',NULL,NULL,NULL,NULL,NULL,NULL,'bpls.facts.LOB',NULL),('FACTFLDe058e4:1481f37895f:-7139','RULFACTe058e4:1481f37895f:-720c','deadline','Deadline','date',6,'date',NULL,NULL,NULL,NULL,NULL,NULL,'date',NULL),('FACTFLDe058e4:1481f37895f:-7142','RULFACTe058e4:1481f37895f:-720c','surcharge','Surcharge','decimal',5,'decimal',NULL,NULL,NULL,NULL,NULL,NULL,'decimal',NULL),('FACTFLDe058e4:1481f37895f:-714b','RULFACTe058e4:1481f37895f:-720c','qtr','Qtr','integer',4,'integer',NULL,NULL,NULL,NULL,NULL,NULL,'integer',NULL),('FACTFLDe058e4:1481f37895f:-7154','RULFACTe058e4:1481f37895f:-720c','expired','Expired','boolean',3,'boolean',NULL,NULL,NULL,NULL,NULL,NULL,'boolean',NULL),('FACTFLDe058e4:1481f37895f:-715d','RULFACTe058e4:1481f37895f:-720c','amtdue','Amount Due','decimal',2,'decimal',NULL,NULL,NULL,NULL,NULL,NULL,'decimal',NULL),('FACTFLDe058e4:1481f37895f:-71f8','RULFACTe058e4:1481f37895f:-720c','acctid','Account','string',1,'lookup','revenueitem:lookup','objid','title',NULL,NULL,NULL,'string',NULL),('rptis.bldg.facts.BldgAdjustment.additionalitemcode','rptis.bldg.facts.BldgAdjustment','additionalitemcode','Adjustment Code','string',3,'string','bldgadditionalitem:lookup','objid','name',NULL,NULL,0,'string',NULL),('rptis.bldg.facts.BldgAdjustment.adjtype','rptis.bldg.facts.BldgAdjustment','adjtype','Adjustment Type','string',4,'lov',NULL,NULL,NULL,NULL,NULL,NULL,'string','RPT_BLDG_ADJUSTMENT_TYPES'),('rptis.bldg.facts.BldgAdjustment.amount','rptis.bldg.facts.BldgAdjustment','amount','Amount','decimal',5,'decimal',NULL,NULL,NULL,NULL,NULL,NULL,'decimal',NULL),('rptis.bldg.facts.BldgAdjustment.bldgfloor','rptis.bldg.facts.BldgAdjustment','bldgfloor','Building Floor','string',2,'var',NULL,NULL,NULL,NULL,NULL,1,'rptis.bldg.facts.BldgFloor',NULL),('rptis.bldg.facts.BldgAdjustment.bldguse','rptis.bldg.facts.BldgAdjustment','bldguse','Building Actual Use','string',1,'var',NULL,NULL,NULL,NULL,NULL,NULL,'rptis.bldg.facts.BldgUse',NULL),('rptis.bldg.facts.BldgAdjustment.depreciate','rptis.bldg.facts.BldgAdjustment','depreciate','Depreciate?','boolean',6,'boolean',NULL,NULL,NULL,NULL,NULL,NULL,'boolean',NULL),('rptis.bldg.facts.BldgFloor.adjustment','rptis.bldg.facts.BldgFloor','adjustment','Adjustment','decimal',7,'decimal',NULL,NULL,NULL,NULL,NULL,NULL,'decimal',NULL),('rptis.bldg.facts.BldgFloor.area','rptis.bldg.facts.BldgFloor','area','Area','decimal',3,'decimal',NULL,NULL,NULL,NULL,NULL,NULL,'decimal',NULL),('rptis.bldg.facts.BldgFloor.basemarketvalue','rptis.bldg.facts.BldgFloor','basemarketvalue','Base Market Value','decimal',6,'decimal',NULL,NULL,NULL,NULL,NULL,NULL,'decimal',NULL),('rptis.bldg.facts.BldgFloor.basevalue','rptis.bldg.facts.BldgFloor','basevalue','Base Value','decimal',4,'decimal',NULL,NULL,NULL,NULL,NULL,NULL,'decimal',NULL),('rptis.bldg.facts.BldgFloor.bldguse','rptis.bldg.facts.BldgFloor','bldguse','Building Actual Use','string',2,'var',NULL,NULL,NULL,NULL,NULL,NULL,'rptis.bldg.facts.BldgUse',NULL),('rptis.bldg.facts.BldgFloor.marketvalue','rptis.bldg.facts.BldgFloor','marketvalue','Market Value','decimal',8,'decimal',NULL,NULL,NULL,NULL,NULL,NULL,'decimal',NULL),('rptis.bldg.facts.BldgFloor.objid','rptis.bldg.facts.BldgFloor','objid','Objid','string',1,'string',NULL,NULL,NULL,NULL,NULL,NULL,'string',NULL),('rptis.bldg.facts.BldgFloor.storeyrate','rptis.bldg.facts.BldgFloor','storeyrate','Storey Adjustment','decimal',9,'decimal',NULL,NULL,NULL,NULL,NULL,NULL,'decimal',NULL),('rptis.bldg.facts.BldgFloor.unitvalue','rptis.bldg.facts.BldgFloor','unitvalue','Unit Value','decimal',5,'decimal',NULL,NULL,NULL,NULL,NULL,NULL,'decimal',NULL),('rptis.bldg.facts.BldgRPU.assesslevel','rptis.bldg.facts.BldgRPU','assesslevel','Assess Level','decimal',23,'decimal',NULL,NULL,NULL,NULL,NULL,NULL,'decimal',NULL),('rptis.bldg.facts.BldgRPU.basevalue','rptis.bldg.facts.BldgRPU','basevalue','Base Value','decimal',12,'decimal',NULL,NULL,NULL,NULL,NULL,NULL,'decimal',NULL),('rptis.bldg.facts.BldgRPU.bldgage','rptis.bldg.facts.BldgRPU','bldgage','Building Age','integer',16,'integer',NULL,NULL,NULL,NULL,NULL,NULL,'integer',NULL),('rptis.bldg.facts.BldgRPU.bldgclass','rptis.bldg.facts.BldgRPU','bldgclass','Building Class','string',25,'lov',NULL,NULL,NULL,NULL,NULL,NULL,'string','RPT_BLDG_CLASS'),('rptis.bldg.facts.BldgRPU.classificationid','rptis.bldg.facts.BldgRPU','classificationid','Classification','string',2,'lookup','propertyclassification:lookup','objid','name',NULL,NULL,NULL,'string','property'),('rptis.bldg.facts.BldgRPU.condominium','rptis.bldg.facts.BldgRPU','condominium','Is Condominium','boolean',24,'boolean',NULL,NULL,NULL,NULL,NULL,NULL,'boolean',NULL),('rptis.bldg.facts.BldgRPU.depreciation','rptis.bldg.facts.BldgRPU','depreciation','Depreciation Rate','decimal',19,'decimal',NULL,NULL,NULL,NULL,NULL,NULL,'decimal',NULL),('rptis.bldg.facts.BldgRPU.depreciationvalue','rptis.bldg.facts.BldgRPU','depreciationvalue','Deprecation Value','decimal',20,'decimal',NULL,NULL,NULL,NULL,NULL,NULL,'decimal',NULL),('rptis.bldg.facts.BldgRPU.effectiveage','rptis.bldg.facts.BldgRPU','effectiveage','Effective Building Age','integer',17,'integer',NULL,NULL,NULL,NULL,NULL,NULL,'integer',NULL),('rptis.bldg.facts.BldgRPU.exemptiontypeid','rptis.bldg.facts.BldgRPU','exemptiontypeid','Exemption Type','string',3,'lookup','exemptiontype:lookup','objid','name',NULL,NULL,NULL,'string',NULL),('rptis.bldg.facts.BldgRPU.fixrate','rptis.bldg.facts.BldgRPU','fixrate','Fix Rate Assess Level?','boolean',26,'boolean',NULL,NULL,NULL,NULL,NULL,NULL,'boolean',NULL),('rptis.bldg.facts.BldgRPU.floorcount','rptis.bldg.facts.BldgRPU','floorcount','Floor Count','integer',18,'integer',NULL,NULL,NULL,NULL,NULL,NULL,'integer',NULL),('rptis.bldg.facts.BldgRPU.percentcompleted','rptis.bldg.facts.BldgRPU','percentcompleted','Percent Completed','integer',22,'integer',NULL,NULL,NULL,NULL,NULL,NULL,'integer',NULL),('rptis.bldg.facts.BldgRPU.ry','rptis.bldg.facts.BldgRPU','ry','Revision Year','integer',1,'integer',NULL,NULL,NULL,NULL,NULL,NULL,'integer',NULL),('rptis.bldg.facts.BldgRPU.swornamount','rptis.bldg.facts.BldgRPU','swornamount','Sworn Amount','decimal',10,'decimal',NULL,NULL,NULL,NULL,NULL,NULL,'decimal',NULL),('rptis.bldg.facts.BldgRPU.taxable','rptis.bldg.facts.BldgRPU','taxable','Taxable?','boolean',4,'boolean',NULL,NULL,NULL,NULL,NULL,NULL,'boolean',NULL),('rptis.bldg.facts.BldgRPU.totaladjustment','rptis.bldg.facts.BldgRPU','totaladjustment','Total Adjustment','decimal',21,'decimal',NULL,NULL,NULL,NULL,NULL,NULL,'decimal',NULL),('rptis.bldg.facts.BldgRPU.totalareaha','rptis.bldg.facts.BldgRPU','totalareaha','Area in Hectare','decimal',5,'decimal',NULL,NULL,NULL,NULL,NULL,NULL,'decimal',NULL),('rptis.bldg.facts.BldgRPU.totalareasqm','rptis.bldg.facts.BldgRPU','totalareasqm','Area in Sq. Meter','decimal',6,'decimal',NULL,NULL,NULL,NULL,NULL,NULL,'decimal',NULL),('rptis.bldg.facts.BldgRPU.totalav','rptis.bldg.facts.BldgRPU','totalav','Assess Value','decimal',9,'decimal',NULL,NULL,NULL,NULL,NULL,NULL,'decimal',NULL),('rptis.bldg.facts.BldgRPU.totalbmv','rptis.bldg.facts.BldgRPU','totalbmv','Base Market Value','decimal',7,'decimal',NULL,NULL,NULL,NULL,NULL,NULL,'decimal',NULL),('rptis.bldg.facts.BldgRPU.totalmv','rptis.bldg.facts.BldgRPU','totalmv','Market Value','decimal',8,'decimal',NULL,NULL,NULL,NULL,NULL,NULL,'decimal',NULL),('rptis.bldg.facts.BldgRPU.useswornamount','rptis.bldg.facts.BldgRPU','useswornamount','Use Sworn Amount?','boolean',11,'boolean',NULL,NULL,NULL,NULL,NULL,NULL,'boolean',NULL),('rptis.bldg.facts.BldgRPU.yrappraised','rptis.bldg.facts.BldgRPU','yrappraised','Year Appraised','integer',13,'integer',NULL,NULL,NULL,NULL,NULL,NULL,'integer',NULL),('rptis.bldg.facts.BldgRPU.yrcompleted','rptis.bldg.facts.BldgRPU','yrcompleted','Year Completed','integer',14,'integer',NULL,NULL,NULL,NULL,NULL,NULL,'integer',NULL),('rptis.bldg.facts.BldgRPU.yroccupied','rptis.bldg.facts.BldgRPU','yroccupied','Year Occupied','integer',15,'integer',NULL,NULL,NULL,NULL,NULL,NULL,'integer',NULL),('rptis.bldg.facts.BldgStructure.basefloorarea','rptis.bldg.facts.BldgStructure','basefloorarea','Base Floor Area','decimal',3,'decimal',NULL,NULL,NULL,NULL,NULL,NULL,'decimal',NULL),('rptis.bldg.facts.BldgStructure.basevalue','rptis.bldg.facts.BldgStructure','basevalue','Base Value','decimal',5,'decimal',NULL,NULL,NULL,NULL,NULL,NULL,'decimal',NULL),('rptis.bldg.facts.BldgStructure.floorcount','rptis.bldg.facts.BldgStructure','floorcount','Floor Count','integer',2,'integer',NULL,NULL,NULL,NULL,NULL,NULL,'integer',NULL),('rptis.bldg.facts.BldgStructure.rpu','rptis.bldg.facts.BldgStructure','rpu','Building Real Property','string',1,'var',NULL,NULL,NULL,NULL,NULL,0,'rptis.bldg.facts.BldgRPU',NULL),('rptis.bldg.facts.BldgStructure.totalfloorarea','rptis.bldg.facts.BldgStructure','totalfloorarea','Total Floor Area','decimal',4,'decimal',NULL,NULL,NULL,NULL,NULL,NULL,'decimal',NULL),('rptis.bldg.facts.BldgStructure.unitvalue','rptis.bldg.facts.BldgStructure','unitvalue','Unit Value','decimal',6,'decimal',NULL,NULL,NULL,NULL,NULL,NULL,'decimal',NULL),('rptis.bldg.facts.BldgUse.actualuseid','rptis.bldg.facts.BldgUse','actualuseid','Actual Use','string',12,'var',NULL,NULL,NULL,NULL,NULL,NULL,'string',NULL),('rptis.bldg.facts.BldgUse.adjfordepreciation','rptis.bldg.facts.BldgUse','adjfordepreciation','Adjustment for Depreciation','decimal',15,'decimal',NULL,NULL,NULL,NULL,NULL,NULL,'decimal',NULL),('rptis.bldg.facts.BldgUse.adjustment','rptis.bldg.facts.BldgUse','adjustment','Adjustment','decimal',7,'decimal',NULL,NULL,NULL,NULL,NULL,NULL,'decimal',NULL),('rptis.bldg.facts.BldgUse.area','rptis.bldg.facts.BldgUse','area','Area','decimal',4,'decimal',NULL,NULL,NULL,NULL,NULL,NULL,'decimal',NULL),('rptis.bldg.facts.BldgUse.assessedvalue','rptis.bldg.facts.BldgUse','assessedvalue','Assess Value','decimal',10,'decimal',NULL,NULL,NULL,NULL,NULL,NULL,'decimal',NULL),('rptis.bldg.facts.BldgUse.assesslevel','rptis.bldg.facts.BldgUse','assesslevel','Assess Level','decimal',9,'decimal',NULL,NULL,NULL,NULL,NULL,NULL,'decimal',NULL),('rptis.bldg.facts.BldgUse.basemarketvalue','rptis.bldg.facts.BldgUse','basemarketvalue','Base Market Value','decimal',5,'decimal',NULL,NULL,NULL,NULL,NULL,NULL,'decimal',NULL),('rptis.bldg.facts.BldgUse.basevalue','rptis.bldg.facts.BldgUse','basevalue','Base Value','decimal',3,'decimal',NULL,NULL,NULL,NULL,NULL,NULL,'decimal',NULL),('rptis.bldg.facts.BldgUse.bldgstructure','rptis.bldg.facts.BldgUse','bldgstructure','Building Structure','string',2,'var',NULL,NULL,NULL,NULL,NULL,NULL,'rptis.bldg.facts.BldgStructure',NULL),('rptis.bldg.facts.BldgUse.depreciationvalue','rptis.bldg.facts.BldgUse','depreciationvalue','Depreciation Value','decimal',6,'decimal',NULL,NULL,NULL,NULL,NULL,NULL,'decimal',NULL),('rptis.bldg.facts.BldgUse.fixrate','rptis.bldg.facts.BldgUse','fixrate','Fix Rate Assess Level?','boolean',11,'boolean',NULL,NULL,NULL,NULL,NULL,NULL,'boolean',NULL),('rptis.bldg.facts.BldgUse.marketvalue','rptis.bldg.facts.BldgUse','marketvalue','Market Value','decimal',8,'decimal',NULL,NULL,NULL,NULL,NULL,NULL,'decimal',NULL),('rptis.bldg.facts.BldgUse.objid','rptis.bldg.facts.BldgUse','objid','Objid','string',1,'string',NULL,NULL,NULL,NULL,NULL,NULL,'string',NULL),('rptis.bldg.facts.BldgUse.swornamount','rptis.bldg.facts.BldgUse','swornamount','Sworn Amount','decimal',13,'decimal',NULL,NULL,NULL,NULL,NULL,NULL,'decimal',NULL),('rptis.bldg.facts.BldgUse.useswornamount','rptis.bldg.facts.BldgUse','useswornamount','Use Sworn Amount?','boolean',14,'boolean',NULL,NULL,NULL,NULL,NULL,NULL,'boolean',NULL),('rptis.bldg.facts.BldgVariable.bldguse','rptis.bldg.facts.BldgVariable','bldguse','Building Actual Use','string',1,'var',NULL,NULL,NULL,NULL,NULL,NULL,'rptis.bldg.facts.BldgUse',NULL),('rptis.bldg.facts.BldgVariable.value','rptis.bldg.facts.BldgVariable','value','Value','decimal',3,'decimal',NULL,NULL,NULL,NULL,NULL,NULL,'decimal',NULL),('rptis.bldg.facts.BldgVariable.varid','rptis.bldg.facts.BldgVariable','varid','Variable Name','string',2,'lookup','rptparameter:lookup','objid','name',NULL,NULL,NULL,'string',NULL),('rptis.facts.Classification.objid','rptis.facts.Classification','objid','Classification','string',1,'lookup','propertyclassification:lookup','objid','name',NULL,NULL,NULL,'string',NULL),('rptis.facts.RPTVariable.objid','rptis.facts.RPTVariable','objid','Objid',NULL,1,NULL,NULL,NULL,NULL,NULL,NULL,NULL,NULL,NULL),('rptis.facts.RPTVariable.refid','rptis.facts.RPTVariable','refid','Reference ID','string',2,'string',NULL,NULL,NULL,NULL,NULL,NULL,'string',NULL),('rptis.facts.RPTVariable.value','rptis.facts.RPTVariable','value','Value','decimal',4,'decimal',NULL,NULL,NULL,NULL,NULL,NULL,'decimal',NULL),('rptis.facts.RPTVariable.varid','rptis.facts.RPTVariable','varid','Variable Name','string',3,'lookup','rptparameter:lookup','objid','name',NULL,NULL,NULL,'string',NULL),('rptis.facts.RPU.classificationid','rptis.facts.RPU','classificationid','Classification','string',4,'lookup','propertyclassification:lookup','objid','name',NULL,NULL,NULL,'string',NULL),('rptis.facts.RPU.exemptiontypeid','rptis.facts.RPU','exemptiontypeid','Exemption Type','string',5,'lookup','exemptiontype:lookup','objid','name',NULL,NULL,NULL,'string',NULL),('rptis.facts.RPU.objid','rptis.facts.RPU','objid','objid','string',1,'string',NULL,NULL,NULL,NULL,NULL,NULL,'string',NULL),('rptis.facts.RPU.rputype','rptis.facts.RPU','rputype','Property Type','string',2,'lov',NULL,NULL,NULL,NULL,NULL,NULL,'string','RPT_RPUTYPES'),('rptis.facts.RPU.ry','rptis.facts.RPU','ry','Revision Year','integer',3,'integer',NULL,NULL,NULL,NULL,NULL,NULL,'integer',NULL),('rptis.facts.RPU.swornamount','rptis.facts.RPU','swornamount','Sworn Amount','decimal',13,'decimal',NULL,NULL,NULL,NULL,NULL,NULL,'decimal',NULL),('rptis.facts.RPU.taxable','rptis.facts.RPU','taxable','Taxable?','boolean',6,'boolean',NULL,NULL,NULL,NULL,NULL,NULL,'boolean',NULL),('rptis.facts.RPU.totalareaha','rptis.facts.RPU','totalareaha','Area in Hectare','decimal',8,'decimal',NULL,NULL,NULL,NULL,NULL,NULL,'decimal',NULL),('rptis.facts.RPU.totalareasqm','rptis.facts.RPU','totalareasqm','Area in Sq. Meter','decimal',7,'decimal',NULL,NULL,NULL,NULL,NULL,NULL,'decimal',NULL),('rptis.facts.RPU.totalav','rptis.facts.RPU','totalav','Assessed Value','decimal',11,'decimal',NULL,NULL,NULL,NULL,NULL,NULL,'decimal',NULL),('rptis.facts.RPU.totalbmv','rptis.facts.RPU','totalbmv','Base Market Value','decimal',9,'decimal',NULL,NULL,NULL,NULL,NULL,NULL,'decimal',NULL),('rptis.facts.RPU.totalmv','rptis.facts.RPU','totalmv','Market Value','decimal',10,'decimal',NULL,NULL,NULL,NULL,NULL,NULL,'decimal',NULL),('rptis.facts.RPU.useswornamount','rptis.facts.RPU','useswornamount','Use Sworn Amount?','boolean',12,'boolean',NULL,NULL,NULL,NULL,NULL,NULL,'boolean',NULL),('rptis.facts.RPUAssessment.actualuseid','rptis.facts.RPUAssessment','actualuseid','Actual Use','string',1,'var',NULL,NULL,NULL,NULL,NULL,1,'string',NULL),('rptis.facts.RPUAssessment.assessedvalue','rptis.facts.RPUAssessment','assessedvalue','Assessed Value','decimal',5,'decimal',NULL,NULL,NULL,NULL,NULL,NULL,'decimal',NULL),('rptis.facts.RPUAssessment.assesslevel','rptis.facts.RPUAssessment','assesslevel','Assess Level','decimal',4,'decimal',NULL,NULL,NULL,NULL,NULL,NULL,'decimal',NULL),('rptis.facts.RPUAssessment.exemptedmarketvalue','rptis.facts.RPUAssessment','exemptedmarketvalue','Exempted Market Value','decimal',3,'decimal',NULL,NULL,NULL,NULL,NULL,NULL,'decimal',NULL),('rptis.facts.RPUAssessment.marketvalue','rptis.facts.RPUAssessment','marketvalue','Market Value','decimal',2,'decimal',NULL,NULL,NULL,NULL,NULL,NULL,'decimal',NULL),('rptis.facts.RPUAssessment.taxable','rptis.facts.RPUAssessment','taxable','Taxable','boolean',6,'boolean',NULL,NULL,NULL,NULL,NULL,NULL,'boolean',NULL),('rptis.land.facts.LandAdjustment.adjustment','rptis.land.facts.LandAdjustment','adjustment','Adjustment','decimal',3,'decimal',NULL,NULL,NULL,NULL,NULL,NULL,'decimal',NULL),('rptis.land.facts.LandAdjustment.landdetail','rptis.land.facts.LandAdjustment','landdetail','Land Detail','string',2,'var',NULL,NULL,NULL,NULL,NULL,NULL,'rptis.land.facts.LandDetail',NULL),('rptis.land.facts.LandAdjustment.rpu','rptis.land.facts.LandAdjustment','rpu','RPU','string',1,'var',NULL,NULL,NULL,NULL,NULL,NULL,'rptis.facts.RPU',NULL),('rptis.land.facts.LandAdjustment.type','rptis.land.facts.LandAdjustment','type','Adjustment Type','string',4,'lov',NULL,NULL,NULL,NULL,NULL,NULL,'string','RPT_LAND_ADJUSTMENT_TYPES'),('rptis.land.facts.LandDetail.actualuseadjustment','rptis.land.facts.LandDetail','actualuseadjustment','Actual Use Adjustment','decimal',11,'decimal',NULL,NULL,NULL,NULL,NULL,NULL,'decimal',NULL),('rptis.land.facts.LandDetail.adjustment','rptis.land.facts.LandDetail','adjustment','Adjustment','decimal',9,'decimal',NULL,NULL,NULL,NULL,NULL,NULL,'decimal',NULL),('rptis.land.facts.LandDetail.area','rptis.land.facts.LandDetail','area','Area','decimal',2,'decimal',NULL,NULL,NULL,NULL,NULL,NULL,'decimal',NULL),('rptis.land.facts.LandDetail.areaha','rptis.land.facts.LandDetail','areaha','Area in Hectare','decimal',4,'decimal',NULL,NULL,NULL,NULL,NULL,NULL,'decimal',NULL),('rptis.land.facts.LandDetail.areasqm','rptis.land.facts.LandDetail','areasqm','Area in Sq. Meter','decimal',3,'decimal',NULL,NULL,NULL,NULL,NULL,NULL,'decimal',NULL),('rptis.land.facts.LandDetail.assessedvalue','rptis.land.facts.LandDetail','assessedvalue','Assessed Value','decimal',14,'decimal',NULL,NULL,NULL,NULL,NULL,NULL,'decimal',NULL),('rptis.land.facts.LandDetail.assesslevel','rptis.land.facts.LandDetail','assesslevel','Assess Level','decimal',13,'decimal',NULL,NULL,NULL,NULL,NULL,NULL,'decimal',NULL),('rptis.land.facts.LandDetail.basemarketvalue','rptis.land.facts.LandDetail','basemarketvalue','Base Market Value','decimal',8,'decimal',NULL,NULL,NULL,NULL,NULL,NULL,'decimal',NULL),('rptis.land.facts.LandDetail.basevalue','rptis.land.facts.LandDetail','basevalue','Base Value','decimal',5,'decimal',NULL,NULL,NULL,NULL,NULL,NULL,'decimal',NULL),('rptis.land.facts.LandDetail.classification','rptis.land.facts.LandDetail','classification','Classification','string',15,'var',NULL,NULL,NULL,NULL,NULL,NULL,'rptis.facts.Classification',NULL),('rptis.land.facts.LandDetail.landvalueadjustment','rptis.land.facts.LandDetail','landvalueadjustment','Land Value Adjustment','decimal',10,'decimal',NULL,NULL,NULL,NULL,NULL,NULL,'decimal',NULL),('rptis.land.facts.LandDetail.marketvalue','rptis.land.facts.LandDetail','marketvalue','Market Value','decimal',12,'decimal',NULL,NULL,NULL,NULL,NULL,NULL,'decimal',NULL),('rptis.land.facts.LandDetail.rpu','rptis.land.facts.LandDetail','rpu','RPU','string',1,'var',NULL,NULL,NULL,NULL,NULL,NULL,'RPU',NULL),('rptis.land.facts.LandDetail.taxable','rptis.land.facts.LandDetail','taxable','Taxable','boolean',7,'boolean',NULL,NULL,NULL,NULL,NULL,NULL,'boolean',NULL),('rptis.land.facts.LandDetail.unitvalue','rptis.land.facts.LandDetail','unitvalue','Unit Value','decimal',6,'decimal',NULL,NULL,NULL,NULL,NULL,NULL,'decimal',NULL),('rptis.landtax.facts.AssessedValue.actualuse','rptis.landtax.facts.AssessedValue','actualuse','Actual Use','string',4,'var','propertyclassification:lookup','objid','name',NULL,NULL,0,'rptis.landtax.facts.Classification',NULL),('rptis.landtax.facts.AssessedValue.av','rptis.landtax.facts.AssessedValue','av','Assessed Value','decimal',6,'decimal',NULL,NULL,NULL,NULL,NULL,1,'decimal',NULL),('rptis.landtax.facts.AssessedValue.basicav','rptis.landtax.facts.AssessedValue','basicav','Basic Assessed Value','decimal',7,'decimal',NULL,NULL,NULL,NULL,NULL,NULL,'decimal',NULL),('rptis.landtax.facts.AssessedValue.classification','rptis.landtax.facts.AssessedValue','classification','Classification','string',3,'var','propertyclassification:lookup','objid','name',NULL,NULL,NULL,'rptis.landtax.facts.Classification',NULL),('rptis.landtax.facts.AssessedValue.idleland','rptis.landtax.facts.AssessedValue','idleland','Is Idle Land?','boolean',9,'boolean',NULL,NULL,NULL,NULL,NULL,NULL,'boolean',NULL),('rptis.landtax.facts.AssessedValue.rputype','rptis.landtax.facts.AssessedValue','rputype','Property Type','string',1,'lov',NULL,NULL,NULL,NULL,NULL,NULL,'string','RPT_RPUTYPES'),('rptis.landtax.facts.AssessedValue.sefav','rptis.landtax.facts.AssessedValue','sefav','SEF Assessed Value','decimal',8,'decimal',NULL,NULL,NULL,NULL,NULL,NULL,'decimal',NULL),('rptis.landtax.facts.AssessedValue.txntype','rptis.landtax.facts.AssessedValue','txntype','Transaction Type','string',2,'lov',NULL,NULL,NULL,NULL,NULL,NULL,'string','RPT_TXN_TYPES'),('rptis.landtax.facts.AssessedValue.year','rptis.landtax.facts.AssessedValue','year','Year','integer',5,'integer',NULL,NULL,NULL,NULL,NULL,1,'integer',NULL),('rptis.landtax.facts.Bill.advancebill','rptis.landtax.facts.Bill','advancebill','Is Advance Billing?','boolean',6,'boolean',NULL,NULL,NULL,NULL,NULL,NULL,'boolean',NULL),('rptis.landtax.facts.Bill.billdate','rptis.landtax.facts.Bill','billdate','Bill Date','date',5,'date',NULL,NULL,NULL,NULL,NULL,NULL,'date',NULL),('rptis.landtax.facts.Bill.billtoqtr','rptis.landtax.facts.Bill','billtoqtr','Quarter','integer',2,'integer',NULL,NULL,NULL,NULL,NULL,0,'integer',NULL),('rptis.landtax.facts.Bill.billtoyear','rptis.landtax.facts.Bill','billtoyear','Year','integer',1,'integer',NULL,NULL,NULL,NULL,NULL,NULL,'integer',NULL),('rptis.landtax.facts.Bill.currentdate','rptis.landtax.facts.Bill','currentdate','Current Date','date',3,'date',NULL,NULL,NULL,NULL,NULL,NULL,'date',NULL),('rptis.landtax.facts.Bill.forpayment','rptis.landtax.facts.Bill','forpayment','Is for Payment?','boolean',4,'boolean',NULL,NULL,NULL,NULL,NULL,NULL,'boolean',NULL),('rptis.landtax.facts.Classification.objid','rptis.landtax.facts.Classification','objid','Classification','string',1,'lookup','propertyclassification:lookup','objid','name',NULL,NULL,NULL,'string',NULL),('rptis.landtax.facts.RPTBillItem.amount','rptis.landtax.facts.RPTBillItem','amount','Amount','decimal',5,'decimal',NULL,NULL,NULL,NULL,NULL,NULL,'decimal',NULL),('rptis.landtax.facts.RPTBillItem.parentacctid','rptis.landtax.facts.RPTBillItem','parentacctid','Account','string',1,'lookup','revenueitem:lookup','objid','title',NULL,NULL,NULL,'string',NULL),('rptis.landtax.facts.RPTBillItem.revperiod','rptis.landtax.facts.RPTBillItem','revperiod','Revenue Period','string',3,'lov',NULL,NULL,NULL,NULL,NULL,NULL,'string','RPT_REVENUE_PERIODS'),('rptis.landtax.facts.RPTBillItem.revtype','rptis.landtax.facts.RPTBillItem','revtype','Revenue Type','string',2,'lov',NULL,NULL,NULL,NULL,NULL,NULL,'string','RPT_BILLING_REVENUE_TYPES'),('rptis.landtax.facts.RPTBillItem.sharetype','rptis.landtax.facts.RPTBillItem','sharetype','Share Type','string',4,'lov',NULL,NULL,NULL,NULL,NULL,NULL,'string','RPT_BILLING_LGU_TYPES'),('rptis.landtax.facts.RPTIncentive.basicrate','rptis.landtax.facts.RPTIncentive','basicrate','Basic Rate','decimal',2,'decimal',NULL,NULL,NULL,NULL,NULL,NULL,'decimal',NULL),('rptis.landtax.facts.RPTIncentive.fromyear','rptis.landtax.facts.RPTIncentive','fromyear','From Year','integer',4,'integer',NULL,NULL,NULL,NULL,NULL,NULL,'integer',NULL),('rptis.landtax.facts.RPTIncentive.rptledger','rptis.landtax.facts.RPTIncentive','rptledger','Ledger','string',1,'var',NULL,NULL,NULL,NULL,NULL,NULL,'rptis.landtax.facts.RPTLedgerFact',NULL),('rptis.landtax.facts.RPTIncentive.sefrate','rptis.landtax.facts.RPTIncentive','sefrate','SEF Rate','decimal',3,'decimal',NULL,NULL,NULL,NULL,NULL,NULL,'decimal',NULL),('rptis.landtax.facts.RPTIncentive.toyear','rptis.landtax.facts.RPTIncentive','toyear','To Year','integer',5,'integer',NULL,NULL,NULL,NULL,NULL,NULL,'integer',NULL),('rptis.landtax.facts.RPTLedgerFact.barangay','rptis.landtax.facts.RPTLedgerFact','barangay','Barangay','string',8,'lookup','barangay:lookup','objid','name','',NULL,NULL,'string',''),('rptis.landtax.facts.RPTLedgerFact.barangayid','rptis.landtax.facts.RPTLedgerFact','barangayid','Barangay ID','string',12,'lookup','barangay:lookup','objid','name',NULL,NULL,NULL,'string',NULL),('rptis.landtax.facts.RPTLedgerFact.firstqtrpaidontime','rptis.landtax.facts.RPTLedgerFact','firstqtrpaidontime','1st Qtr is Paid On-Time','boolean',4,'boolean','','','','',NULL,NULL,'boolean',''),('rptis.landtax.facts.RPTLedgerFact.lastqtrpaid','rptis.landtax.facts.RPTLedgerFact','lastqtrpaid','Last Qtr Paid','integer',3,'integer','','','','',NULL,NULL,'integer',''),('rptis.landtax.facts.RPTLedgerFact.lastyearpaid','rptis.landtax.facts.RPTLedgerFact','lastyearpaid','Last Year Paid','integer',2,'integer','','','','',NULL,NULL,'integer',''),('rptis.landtax.facts.RPTLedgerFact.lguid','rptis.landtax.facts.RPTLedgerFact','lguid','LGU ID','string',11,'lookup','municipality:lookup','objid','name',NULL,NULL,NULL,'string',NULL),('rptis.landtax.facts.RPTLedgerFact.missedpayment','rptis.landtax.facts.RPTLedgerFact','missedpayment','Has missed current year Quarterly Payment?','boolean',7,'boolean',NULL,NULL,NULL,NULL,NULL,NULL,'boolean',NULL),('rptis.landtax.facts.RPTLedgerFact.objid','rptis.landtax.facts.RPTLedgerFact','objid','Objid','string',1,'lookup','rptledger:lookup','objid','tdno',NULL,NULL,NULL,'string',NULL),('rptis.landtax.facts.RPTLedgerFact.parentlguid','rptis.landtax.facts.RPTLedgerFact','parentlguid','Parent LGU','string',10,'lookup','province:lookup','objid','name',NULL,NULL,NULL,'string',NULL),('rptis.landtax.facts.RPTLedgerFact.qtrlypaymentpaidontime','rptis.landtax.facts.RPTLedgerFact','qtrlypaymentpaidontime','Quarterly Payment is Paid On-Time','boolean',5,'boolean','','','','',NULL,NULL,'boolean',''),('rptis.landtax.facts.RPTLedgerFact.rputype','rptis.landtax.facts.RPTLedgerFact','rputype','Property Type','string',9,'lov','','','','',NULL,NULL,'string','RPT_RPUTYPES'),('rptis.landtax.facts.RPTLedgerFact.undercompromise','rptis.landtax.facts.RPTLedgerFact','undercompromise','Is under Compromise?','boolean',6,'boolean',NULL,NULL,NULL,NULL,NULL,NULL,'boolean',NULL),('rptis.landtax.facts.RPTLedgerItemFact.actualuse','rptis.landtax.facts.RPTLedgerItemFact','actualuse','Actual Use','string',9,'lookup','propertyclassification:lookup','objid','name',NULL,NULL,NULL,'string',NULL),('rptis.landtax.facts.RPTLedgerItemFact.amtdue','rptis.landtax.facts.RPTLedgerItemFact','amtdue','Tax','decimal',21,'decimal','','','','',NULL,NULL,'decimal',''),('rptis.landtax.facts.RPTLedgerItemFact.av','rptis.landtax.facts.RPTLedgerItemFact','av','Assessed Value','decimal',4,'decimal','','','','',NULL,NULL,'decimal',''),('rptis.landtax.facts.RPTLedgerItemFact.backtax','rptis.landtax.facts.RPTLedgerItemFact','backtax','Is Back Tax?','boolean',18,'boolean','','','','',NULL,NULL,'boolean',''),('rptis.landtax.facts.RPTLedgerItemFact.basicav','rptis.landtax.facts.RPTLedgerItemFact','basicav','AV for Basic','decimal',5,'decimal',NULL,NULL,NULL,NULL,NULL,NULL,'decimal',NULL),('rptis.landtax.facts.RPTLedgerItemFact.classification','rptis.landtax.facts.RPTLedgerItemFact','classification','Classification','string',8,'lookup','propertyclassification:lookup','objid','name','',0,NULL,'string',''),('rptis.landtax.facts.RPTLedgerItemFact.discount','rptis.landtax.facts.RPTLedgerItemFact','discount','Discount','decimal',23,'decimal',NULL,NULL,NULL,NULL,NULL,NULL,'decimal',NULL),('rptis.landtax.facts.RPTLedgerItemFact.fullypaid','rptis.landtax.facts.RPTLedgerItemFact','fullypaid','Is Fully Paid?','boolean',13,'boolean',NULL,NULL,NULL,NULL,NULL,NULL,'boolean',NULL),('rptis.landtax.facts.RPTLedgerItemFact.idleland','rptis.landtax.facts.RPTLedgerItemFact','idleland','Is Idle Land?','boolean',12,'boolean',NULL,NULL,NULL,NULL,NULL,NULL,'boolean',NULL),('rptis.landtax.facts.RPTLedgerItemFact.interest','rptis.landtax.facts.RPTLedgerItemFact','interest','Interest','decimal',22,'decimal','','','','',NULL,NULL,'decimal',''),('rptis.landtax.facts.RPTLedgerItemFact.monthsfromjan','rptis.landtax.facts.RPTLedgerItemFact','monthsfromjan','Number of Months from January','integer',17,'integer','','','','',NULL,NULL,'integer',''),('rptis.landtax.facts.RPTLedgerItemFact.monthsfromqtr','rptis.landtax.facts.RPTLedgerItemFact','monthsfromqtr','Number of Months From Quarter','integer',16,'integer','','','','',NULL,NULL,'integer',''),('rptis.landtax.facts.RPTLedgerItemFact.originalav','rptis.landtax.facts.RPTLedgerItemFact','originalav','Original AV','decimal',10,'decimal','','','','',NULL,NULL,'decimal',''),('rptis.landtax.facts.RPTLedgerItemFact.qtr','rptis.landtax.facts.RPTLedgerItemFact','qtr','Qtr','integer',2,'integer','','','','',NULL,NULL,'integer',''),('rptis.landtax.facts.RPTLedgerItemFact.qtrly','rptis.landtax.facts.RPTLedgerItemFact','qtrly','Is quarterly computed?','boolean',24,'boolean',NULL,NULL,NULL,NULL,NULL,NULL,'boolean',NULL),('rptis.landtax.facts.RPTLedgerItemFact.qtrlypaymentavailed','rptis.landtax.facts.RPTLedgerItemFact','qtrlypaymentavailed','Is Quarterly Payment?','boolean',14,'boolean',NULL,NULL,NULL,NULL,NULL,NULL,'boolean',NULL),('rptis.landtax.facts.RPTLedgerItemFact.reclassed','rptis.landtax.facts.RPTLedgerItemFact','reclassed','Is Reclassed?','boolean',11,'boolean','','','','',NULL,NULL,'boolean',''),('rptis.landtax.facts.RPTLedgerItemFact.revperiod','rptis.landtax.facts.RPTLedgerItemFact','revperiod','Revenue Period','string',20,'lov','','','','',NULL,NULL,'string','RPT_REVENUE_PERIODS'),('rptis.landtax.facts.RPTLedgerItemFact.revtype','rptis.landtax.facts.RPTLedgerItemFact','revtype','Revenue Type','string',19,'lov',NULL,NULL,NULL,NULL,NULL,NULL,'string','RPT_BILLING_REVENUE_TYPES'),('rptis.landtax.facts.RPTLedgerItemFact.rptledger','rptis.landtax.facts.RPTLedgerItemFact','rptledger','RPT Ledger','string',3,'var','','','','',NULL,0,'rptis.landtax.facts.RPTLedgerFact',''),('rptis.landtax.facts.RPTLedgerItemFact.sefav','rptis.landtax.facts.RPTLedgerItemFact','sefav','AV for SEF','decimal',6,'decimal',NULL,NULL,NULL,NULL,NULL,NULL,'decimal',NULL),('rptis.landtax.facts.RPTLedgerItemFact.taxdifference','rptis.landtax.facts.RPTLedgerItemFact','taxdifference','Is Tax Difference?','boolean',15,'boolean',NULL,NULL,NULL,NULL,NULL,NULL,'boolean',NULL),('rptis.landtax.facts.RPTLedgerItemFact.txntype','rptis.landtax.facts.RPTLedgerItemFact','txntype','Txn Type','string',7,'lov','','','','',NULL,NULL,'string','RPT_TXN_TYPES'),('rptis.landtax.facts.RPTLedgerItemFact.year','rptis.landtax.facts.RPTLedgerItemFact','year','Year','integer',1,'integer','','','','',NULL,NULL,'integer',''),('rptis.landtax.facts.RPTLedgerTaxSummaryFact.amount','rptis.landtax.facts.RPTLedgerTaxSummaryFact','amount','Amount','decimal',6,'decimal','','','','',NULL,0,'decimal',''),('rptis.landtax.facts.RPTLedgerTaxSummaryFact.discount','rptis.landtax.facts.RPTLedgerTaxSummaryFact','discount','Discount','decimal',7,'decimal','','','','',NULL,0,'decimal',''),('rptis.landtax.facts.RPTLedgerTaxSummaryFact.firecode','rptis.landtax.facts.RPTLedgerTaxSummaryFact','firecode','Fire Code','decimal',10,'decimal','','','','',NULL,NULL,'decimal',''),('rptis.landtax.facts.RPTLedgerTaxSummaryFact.interest','rptis.landtax.facts.RPTLedgerTaxSummaryFact','interest','Interest','decimal',8,'decimal','','','','',NULL,0,'decimal',''),('rptis.landtax.facts.RPTLedgerTaxSummaryFact.ledger','rptis.landtax.facts.RPTLedgerTaxSummaryFact','ledger','Ledger','string',1,'var',NULL,NULL,NULL,NULL,NULL,NULL,'rptis.landtax.facts.RPTLedgerFact',NULL),('rptis.landtax.facts.RPTLedgerTaxSummaryFact.objid','rptis.landtax.facts.RPTLedgerTaxSummaryFact','objid','Variable Name','string',2,'lookup','rptparameter:lookup','name','name','',NULL,0,'string',''),('rptis.landtax.facts.RPTLedgerTaxSummaryFact.revperiod','rptis.landtax.facts.RPTLedgerTaxSummaryFact','revperiod','Revenue Period','string',5,'lov',NULL,NULL,NULL,NULL,NULL,0,'string','RPT_REVENUE_PERIODS'),('rptis.landtax.facts.RPTLedgerTaxSummaryFact.revtype','rptis.landtax.facts.RPTLedgerTaxSummaryFact','revtype','Revenue Type','string',4,'lov',NULL,NULL,NULL,NULL,NULL,NULL,'string','RPT_BILLING_REVENUE_TYPES'),('rptis.landtax.facts.RPTLedgerTaxSummaryFact.rptledger','rptis.landtax.facts.RPTLedgerTaxSummaryFact','rptledger','RPT Ledger','string',3,'var','','','','',NULL,NULL,'rptis.landtax.facts.RPTLedgerFact',''),('rptis.landtax.facts.RPTLedgerTaxSummaryFact.sef','rptis.landtax.facts.RPTLedgerTaxSummaryFact','sef','SEF','decimal',7,'decimal','','','','',NULL,0,'decimal',''),('rptis.landtax.facts.RPTLedgerTaxSummaryFact.sefdisc','rptis.landtax.facts.RPTLedgerTaxSummaryFact','sefdisc','SEF Discount','decimal',8,'decimal','','','','',NULL,0,'decimal',''),('rptis.landtax.facts.RPTLedgerTaxSummaryFact.sefint','rptis.landtax.facts.RPTLedgerTaxSummaryFact','sefint','SEF Interest','decimal',9,'decimal','','','','',NULL,0,'decimal',''),('rptis.landtax.facts.RPTLedgerTaxSummaryFact.sh','rptis.landtax.facts.RPTLedgerTaxSummaryFact','sh','Socialized Housing Tax','decimal',11,'decimal',NULL,NULL,NULL,NULL,NULL,NULL,'decimal',NULL),('rptis.landtax.facts.RPTLedgerTaxSummaryFact.shdisc','rptis.landtax.facts.RPTLedgerTaxSummaryFact','shdisc','Socialized Housing Discount','decimal',13,'decimal',NULL,NULL,NULL,NULL,NULL,NULL,'decimal',NULL),('rptis.landtax.facts.RPTLedgerTaxSummaryFact.shint','rptis.landtax.facts.RPTLedgerTaxSummaryFact','shint','Socialized Housing Interest','decimal',12,'decimal',NULL,NULL,NULL,NULL,NULL,NULL,'decimal',NULL),('rptis.landtax.facts.ShareFact.amount','rptis.landtax.facts.ShareFact','amount','Amount','decimal',6,'decimal',NULL,NULL,NULL,NULL,NULL,NULL,'decimal',NULL),('rptis.landtax.facts.ShareFact.barangay','rptis.landtax.facts.ShareFact','barangay','Barangay','string',7,'lookup','barangay:lookup','objid','name','',NULL,NULL,'string',''),('rptis.landtax.facts.ShareFact.basic','rptis.landtax.facts.ShareFact','basic','Basic','decimal',6,'decimal','','','','',NULL,0,'decimal',''),('rptis.landtax.facts.ShareFact.basicdisc','rptis.landtax.facts.ShareFact','basicdisc','Basic Discount','decimal',7,'decimal','','','','',NULL,0,'decimal',''),('rptis.landtax.facts.ShareFact.basicint','rptis.landtax.facts.ShareFact','basicint','Basic Interest','decimal',8,'decimal','','','','',NULL,0,'decimal',''),('rptis.landtax.facts.ShareFact.discount','rptis.landtax.facts.ShareFact','discount','Discount','decimal',8,'decimal',NULL,NULL,NULL,NULL,NULL,NULL,'decimal',NULL),('rptis.landtax.facts.ShareFact.lguid','rptis.landtax.facts.ShareFact','lguid','LGU','string',5,'lookup','municipality:lookup','objid','name',NULL,NULL,NULL,'string',NULL),('rptis.landtax.facts.ShareFact.lgutype','rptis.landtax.facts.ShareFact','lgutype','LGU Type','string',1,'lov','','','','',NULL,1,'string','RPT_BILLING_LGU_TYPES'),('rptis.landtax.facts.ShareFact.revperiod','rptis.landtax.facts.ShareFact','revperiod','Revenue Period','string',4,'lov','','','','',NULL,1,'string','RPT_REVENUE_PERIODS'),('rptis.landtax.facts.ShareFact.revtype','rptis.landtax.facts.ShareFact','revtype','Revenue Type','string',3,'lov',NULL,NULL,NULL,NULL,NULL,1,'string','RPT_BILLING_REVENUE_TYPES'),('rptis.landtax.facts.ShareFact.sef','rptis.landtax.facts.ShareFact','sef','SEF','decimal',9,'decimal','','','','',NULL,0,'decimal',''),('rptis.landtax.facts.ShareFact.sefdisc','rptis.landtax.facts.ShareFact','sefdisc','SEF Discount','decimal',10,'decimal','','','','',NULL,0,'decimal',''),('rptis.landtax.facts.ShareFact.sefint','rptis.landtax.facts.ShareFact','sefint','SEF Interest','decimal',11,'decimal','','','','',NULL,0,'decimal',''),('rptis.landtax.facts.ShareFact.sh','rptis.landtax.facts.ShareFact','sh','Socialized Housing Tax','decimal',12,'decimal',NULL,NULL,NULL,NULL,NULL,NULL,'decimal',NULL),('rptis.landtax.facts.ShareFact.sharetype','rptis.landtax.facts.ShareFact','sharetype','Share Type','string',2,'lov','','','','',NULL,1,'string','RPT_BILLING_SHARE_TYPES'),('rptis.landtax.facts.ShareFact.shdisc','rptis.landtax.facts.ShareFact','shdisc','Socialized Housing Discount','decimal',14,'decimal',NULL,NULL,NULL,NULL,NULL,NULL,'decimal',NULL),('rptis.landtax.facts.ShareFact.shint','rptis.landtax.facts.ShareFact','shint','Socialized Housing Interest','decimal',13,'decimal',NULL,NULL,NULL,NULL,NULL,NULL,'decimal',NULL),('rptis.mach.facts.MachineActualUse.actualuseid','rptis.mach.facts.MachineActualUse','actualuseid','Actual Use','string',1,'lookup','propertyclassification:lookup','objid','name',NULL,NULL,NULL,'string',NULL),('rptis.mach.facts.MachineActualUse.assessedvalue','rptis.mach.facts.MachineActualUse','assessedvalue','Assessed Value','decimal',4,'decimal',NULL,NULL,NULL,NULL,NULL,NULL,'decimal',NULL),('rptis.mach.facts.MachineActualUse.basemarketvalue','rptis.mach.facts.MachineActualUse','basemarketvalue','Base Market Value','decimal',2,'decimal',NULL,NULL,NULL,NULL,NULL,NULL,'decimal',NULL),('rptis.mach.facts.MachineActualUse.marketvalue','rptis.mach.facts.MachineActualUse','marketvalue','Market Value','decimal',3,'decimal',NULL,NULL,NULL,NULL,NULL,NULL,'decimal',NULL),('rptis.mach.facts.MachineActualUse.taxable','rptis.mach.facts.MachineActualUse','taxable','Taxable','boolean',5,'boolean',NULL,NULL,NULL,NULL,NULL,NULL,'boolean',NULL),('rptis.mach.facts.MachineDetail.assessedvalue','rptis.mach.facts.MachineDetail','assessedvalue','Assessed Value','decimal',6,'decimal',NULL,NULL,NULL,NULL,NULL,NULL,'decimal',NULL),('rptis.mach.facts.MachineDetail.assesslevel','rptis.mach.facts.MachineDetail','assesslevel','Assess Level','decimal',5,'decimal',NULL,NULL,NULL,NULL,NULL,NULL,'decimal',NULL),('rptis.mach.facts.MachineDetail.basemarketvalue','rptis.mach.facts.MachineDetail','basemarketvalue','Base Market Value','decimal',2,'decimal',NULL,NULL,NULL,NULL,NULL,NULL,'decimal',NULL),('rptis.mach.facts.MachineDetail.depreciation','rptis.mach.facts.MachineDetail','depreciation','Depreciation Rate','boolean',10,'boolean',NULL,NULL,NULL,NULL,NULL,NULL,'boolean',NULL),('rptis.mach.facts.MachineDetail.depreciationvalue','rptis.mach.facts.MachineDetail','depreciationvalue','Depreciation Value','decimal',3,'decimal',NULL,NULL,NULL,NULL,NULL,NULL,'decimal',NULL),('rptis.mach.facts.MachineDetail.machuse','rptis.mach.facts.MachineDetail','machuse','Machine Actual Use','string',1,'var',NULL,NULL,NULL,NULL,NULL,NULL,'rptis.mach.facts.MachineActualUse',NULL),('rptis.mach.facts.MachineDetail.marketvalue','rptis.mach.facts.MachineDetail','marketvalue','Market Value','decimal',4,'decimal',NULL,NULL,NULL,NULL,NULL,NULL,'decimal',NULL),('rptis.mach.facts.MachineDetail.swornamount','rptis.mach.facts.MachineDetail','swornamount','Sworn Amount','decimal',9,'decimal',NULL,NULL,NULL,NULL,NULL,NULL,'decimal',NULL),('rptis.mach.facts.MachineDetail.taxable','rptis.mach.facts.MachineDetail','taxable','Is Taxable','boolean',7,'boolean',NULL,NULL,NULL,NULL,NULL,NULL,'boolean',NULL),('rptis.mach.facts.MachineDetail.useswornamount','rptis.mach.facts.MachineDetail','useswornamount','Is Sworn Amount?','boolean',8,'boolean',NULL,NULL,NULL,NULL,NULL,NULL,'boolean',NULL),('rptis.misc.facts.MiscItem.assessedvalue','rptis.misc.facts.MiscItem','assessedvalue','Assessed Value','decimal',6,'decimal',NULL,NULL,NULL,NULL,NULL,NULL,'decimal',NULL),('rptis.misc.facts.MiscItem.assesslevel','rptis.misc.facts.MiscItem','assesslevel','Assess Level','decimal',5,'decimal',NULL,NULL,NULL,NULL,NULL,NULL,'decimal',NULL),('rptis.misc.facts.MiscItem.basemarketvalue','rptis.misc.facts.MiscItem','basemarketvalue','Base Market Value','decimal',1,'decimal',NULL,NULL,NULL,NULL,NULL,NULL,'decimal',NULL),('rptis.misc.facts.MiscItem.depreciatedvalue','rptis.misc.facts.MiscItem','depreciatedvalue','Depreciation','decimal',3,'decimal',NULL,NULL,NULL,NULL,NULL,NULL,'decimal',NULL),('rptis.misc.facts.MiscItem.depreciation','rptis.misc.facts.MiscItem','depreciation','Deprecation Rate','decimal',2,'decimal',NULL,NULL,NULL,NULL,NULL,NULL,'decimal',NULL),('rptis.misc.facts.MiscItem.marketvalue','rptis.misc.facts.MiscItem','marketvalue','Market Value','decimal',4,'decimal',NULL,NULL,NULL,NULL,NULL,NULL,'decimal',NULL),('rptis.misc.facts.MiscRPU.actualuseid','rptis.misc.facts.MiscRPU','actualuseid','Actual Use','string',3,'lookup','propertyclassification:objid','objid','name',NULL,NULL,NULL,'string',NULL),('rptis.misc.facts.MiscRPU.assessedvalue','rptis.misc.facts.MiscRPU','assessedvalue','Asessed Value','decimal',9,'decimal',NULL,NULL,NULL,NULL,NULL,NULL,'decimal',NULL),('rptis.misc.facts.MiscRPU.assesslevel','rptis.misc.facts.MiscRPU','assesslevel','Assess Level','decimal',8,'decimal',NULL,NULL,NULL,NULL,NULL,NULL,'decimal',NULL),('rptis.misc.facts.MiscRPU.basemarketvalue','rptis.misc.facts.MiscRPU','basemarketvalue','Base Market Value','decimal',6,'decimal',NULL,NULL,NULL,NULL,NULL,NULL,'decimal',NULL),('rptis.misc.facts.MiscRPU.classificationid','rptis.misc.facts.MiscRPU','classificationid','Classification','string',2,'lookup','propertyclassification:lookup','objid','name',NULL,NULL,NULL,'string',NULL),('rptis.misc.facts.MiscRPU.marketvalue','rptis.misc.facts.MiscRPU','marketvalue','Market Value','decimal',7,'decimal',NULL,NULL,NULL,NULL,NULL,NULL,'decimal',NULL),('rptis.misc.facts.MiscRPU.objid','rptis.misc.facts.MiscRPU','objid','RPU ID','string',1,'string',NULL,NULL,NULL,NULL,NULL,NULL,'string',NULL),('rptis.misc.facts.MiscRPU.swornamount','rptis.misc.facts.MiscRPU','swornamount','Sworn Amount','decimal',5,'decimal',NULL,NULL,NULL,NULL,NULL,NULL,'decimal',NULL),('rptis.misc.facts.MiscRPU.useswornamount','rptis.misc.facts.MiscRPU','useswornamount','Use Sworn Amount?','boolean',4,'boolean',NULL,NULL,NULL,NULL,NULL,NULL,'boolean',NULL),('rptis.planttree.facts.PlantTreeDetail.actualuseid','rptis.planttree.facts.PlantTreeDetail','actualuseid','Actual Use','string',3,'lookup','propertyclassification:lookup','objid','name',NULL,NULL,NULL,'string',NULL),('rptis.planttree.facts.PlantTreeDetail.adjustment','rptis.planttree.facts.PlantTreeDetail','adjustment','Adjustment','decimal',9,'decimal',NULL,NULL,NULL,NULL,NULL,NULL,'decimal',NULL),('rptis.planttree.facts.PlantTreeDetail.adjustmentrate','rptis.planttree.facts.PlantTreeDetail','adjustmentrate','Adjustment Rate','decimal',10,'decimal',NULL,NULL,NULL,NULL,NULL,NULL,'decimal',NULL),('rptis.planttree.facts.PlantTreeDetail.areacovered','rptis.planttree.facts.PlantTreeDetail','areacovered','Area Covered','decimal',6,'decimal',NULL,NULL,NULL,NULL,NULL,NULL,'decimal',NULL),('rptis.planttree.facts.PlantTreeDetail.assessedvalue','rptis.planttree.facts.PlantTreeDetail','assessedvalue','Assessed Value','decimal',13,'decimal',NULL,NULL,NULL,NULL,NULL,NULL,'decimal',NULL),('rptis.planttree.facts.PlantTreeDetail.assesslevel','rptis.planttree.facts.PlantTreeDetail','assesslevel','Assess Level','decimal',12,'decimal',NULL,NULL,NULL,NULL,NULL,NULL,'decimal',NULL),('rptis.planttree.facts.PlantTreeDetail.basemarketvalue','rptis.planttree.facts.PlantTreeDetail','basemarketvalue','Base Market Value','decimal',8,'decimal',NULL,NULL,NULL,NULL,NULL,NULL,'decimal',NULL),('rptis.planttree.facts.PlantTreeDetail.classificationid','rptis.planttree.facts.PlantTreeDetail','classificationid','Classification','string',2,'lookup','propertyclassification:lookup','objid','name',NULL,NULL,NULL,'string',NULL),('rptis.planttree.facts.PlantTreeDetail.marketvalue','rptis.planttree.facts.PlantTreeDetail','marketvalue','Market Value','decimal',11,'decimal',NULL,NULL,NULL,NULL,NULL,NULL,'decimal',NULL),('rptis.planttree.facts.PlantTreeDetail.nonproductive','rptis.planttree.facts.PlantTreeDetail','nonproductive','Non-Productive','decimal',5,'decimal',NULL,NULL,NULL,NULL,NULL,NULL,'decimal',NULL),('rptis.planttree.facts.PlantTreeDetail.productive','rptis.planttree.facts.PlantTreeDetail','productive','Productive','decimal',4,'decimal',NULL,NULL,NULL,NULL,NULL,NULL,'decimal',NULL),('rptis.planttree.facts.PlantTreeDetail.RPU','rptis.planttree.facts.PlantTreeDetail','RPU','RPU','string',1,'var',NULL,NULL,NULL,NULL,NULL,NULL,'RPU',NULL),('rptis.planttree.facts.PlantTreeDetail.unitvalue','rptis.planttree.facts.PlantTreeDetail','unitvalue','Unit Value','decimal',7,'decimal',NULL,NULL,NULL,NULL,NULL,NULL,'decimal',NULL),('RPTTxnInfoFact.planRequired','RPTTxnInfoFact','planRequired','Approved Plan Required','boolean',3,'boolean',NULL,NULL,NULL,NULL,NULL,NULL,'boolean',NULL),('RPTTxnInfoFact.txntype','RPTTxnInfoFact','txntype','Txn Type','string',1,'lov',NULL,NULL,NULL,NULL,NULL,NULL,'string','RPT_TXN_TYPES'),('RPTTxnInfoFact.txntypemode','RPTTxnInfoFact','txntypemode','Txn Type Mode','string',2,'lov',NULL,NULL,NULL,NULL,NULL,NULL,'string','RPT_TXN_TYPE_MODES'),('treasury.facts.BillItem.account','treasury.facts.BillItem','account','Account','string',3,'lookup','revenueitem:lookup','objid','title',NULL,NULL,NULL,'object',NULL),('treasury.facts.BillItem.account.objid','treasury.facts.BillItem','account.objid','Account ID','string',2,'lookup','revenueitem:lookup','objid','title',NULL,NULL,NULL,'string',NULL),('treasury.facts.BillItem.amount','treasury.facts.BillItem','amount','Amount','decimal',1,'decimal',NULL,NULL,NULL,NULL,NULL,NULL,'decimal',NULL),('treasury.facts.BillItem.billrefid','treasury.facts.BillItem','billrefid','Bill Ref ID','string',7,'var',NULL,NULL,NULL,NULL,NULL,NULL,'string',NULL),('treasury.facts.BillItem.discount','treasury.facts.BillItem','discount','Discount','decimal',8,'decimal',NULL,NULL,NULL,NULL,NULL,NULL,'decimal',NULL),('treasury.facts.BillItem.duedate','treasury.facts.BillItem','duedate','Due Date','date',4,'date',NULL,NULL,NULL,NULL,NULL,NULL,'date',NULL),('treasury.facts.BillItem.fromdate','treasury.facts.BillItem','fromdate','From Date','date',14,'date',NULL,NULL,NULL,NULL,NULL,NULL,'date',NULL),('treasury.facts.BillItem.interest','treasury.facts.BillItem','interest','Interest','decimal',11,'decimal',NULL,NULL,NULL,NULL,NULL,NULL,'decimal',NULL),('treasury.facts.BillItem.month','treasury.facts.BillItem','month','Month','integer',13,'integer',NULL,NULL,NULL,NULL,NULL,NULL,'integer',NULL),('treasury.facts.BillItem.org','treasury.facts.BillItem','org','Org','string',10,'var',NULL,NULL,NULL,NULL,NULL,NULL,'enterprise.facts.Org',NULL),('treasury.facts.BillItem.parentaccount','treasury.facts.BillItem','parentaccount','Parent Account','string',9,'lookup','revenueitem:lookup','objid','title',NULL,NULL,NULL,'object',NULL),('treasury.facts.BillItem.paypriority','treasury.facts.BillItem','paypriority','Pay Priority','integer',18,'integer',NULL,NULL,NULL,NULL,NULL,NULL,'integer',NULL),('treasury.facts.BillItem.refid','treasury.facts.BillItem','refid','Ref ID','string',16,'var',NULL,NULL,NULL,NULL,NULL,NULL,'string',NULL),('treasury.facts.BillItem.remarks','treasury.facts.BillItem','remarks','Remarks','string',17,'string',NULL,NULL,NULL,NULL,NULL,NULL,'string',NULL),('treasury.facts.BillItem.sortorder','treasury.facts.BillItem','sortorder','Sort Order','integer',19,'integer',NULL,NULL,NULL,NULL,NULL,NULL,'integer',NULL),('treasury.facts.BillItem.surcharge','treasury.facts.BillItem','surcharge','Surcharge','decimal',5,'decimal',NULL,NULL,NULL,NULL,NULL,NULL,'decimal',NULL),('treasury.facts.BillItem.tag','treasury.facts.BillItem','tag','Tag','string',20,'string',NULL,NULL,NULL,NULL,NULL,NULL,'string',NULL),('treasury.facts.BillItem.todate','treasury.facts.BillItem','todate','To Date','date',15,'date',NULL,NULL,NULL,NULL,NULL,NULL,'date',NULL),('treasury.facts.BillItem.txntype','treasury.facts.BillItem','txntype','Txn Type','string',6,'lookup','billitem_txntype:lookup','objid','title',NULL,NULL,NULL,'string',NULL),('treasury.facts.BillItem.year','treasury.facts.BillItem','year','Year','integer',12,'integer',NULL,NULL,NULL,NULL,NULL,NULL,'integer',NULL),('treasury.facts.CollectionGroup.objid','treasury.facts.CollectionGroup','objid','Name','string',1,'lookup','collectiongroup:lookup','objid','name',NULL,NULL,NULL,'string',NULL),('treasury.facts.RevenueShare.amount','treasury.facts.RevenueShare','amount','Amount','decimal',3,'decimal',NULL,NULL,NULL,NULL,NULL,NULL,'decimal',NULL),('treasury.facts.RevenueShare.payableaccount','treasury.facts.RevenueShare','payableaccount','Payable Account','string',2,'lookup','revenueitem:lookup','objid','title',NULL,NULL,NULL,'string',NULL),('treasury.facts.RevenueShare.refaccount','treasury.facts.RevenueShare','refaccount','Reference Account','string',1,'lookup','revenueitem:lookup','objid','title',NULL,NULL,NULL,'string',NULL),('TxnAttributeFact.attribute','TxnAttributeFact','attribute','Attribute','string',2,'lookup','faastxnattributetype:lookup','attribute','attribute',NULL,NULL,1,'string',NULL),('TxnAttributeFact.txntype','TxnAttributeFact','txntype','Txn Type','string',1,'string',NULL,NULL,NULL,NULL,NULL,0,'string',NULL);
/*!40000 ALTER TABLE `sys_rule_fact_field` ENABLE KEYS */;
UNLOCK TABLES;

--
-- Table structure for table `sys_rulegroup`
--

DROP TABLE IF EXISTS `sys_rulegroup`;
/*!40101 SET @saved_cs_client     = @@character_set_client */;
/*!40101 SET character_set_client = utf8 */;
CREATE TABLE `sys_rulegroup` (
  `name` varchar(50) NOT NULL,
  `ruleset` varchar(50) NOT NULL,
  `title` varchar(160) DEFAULT NULL,
  `sortorder` int(11) DEFAULT NULL,
  PRIMARY KEY (`name`,`ruleset`),
  KEY `ruleset` (`ruleset`),
  CONSTRAINT `sys_rulegroup_ibfk_1` FOREIGN KEY (`ruleset`) REFERENCES `sys_ruleset` (`name`)
) ENGINE=InnoDB DEFAULT CHARSET=utf8;
/*!40101 SET character_set_client = @saved_cs_client */;

--
-- Dumping data for table `sys_rulegroup`
--

LOCK TABLES `sys_rulegroup` WRITE;
/*!40000 ALTER TABLE `sys_rulegroup` DISABLE KEYS */;
INSERT INTO `sys_rulegroup` VALUES ('ADDITIONAL','bldgassessment','Additional Item Computation',18),('ADJUSTMENT','bldgassessment','Adjustment Computation',25),('ADJUSTMENT','landassessment','Adjustment Computation',14),('ADJUSTMENT','planttreeassessment','Adjustment Computation',15),('AFER-DEPRECIATION','miscassessment','After Depreciation Computation',16),('AFTER-ADDITIONAL','bldgassessment','After Additional Item Computation',19),('AFTER-ADJUSTMENT','bldgassessment','After Adjustment Computation',30),('AFTER-ADJUSTMENT','landassessment','After Adjustment Computation',15),('AFTER-ADJUSTMENT','planttreeassessment','After Adjustment Computation',16),('AFTER-ASSESSEDVALUE','landassessment','After Assessed Value Computation',45),('AFTER-ASSESSEDVALUE','machassessment','After  Assessed Value Computation',45),('AFTER-ASSESSEDVALUE','miscassessment','After Assessed Value Computation',45),('AFTER-ASSESSEDVALUE','planttreeassessment','After Assessed Value Computation',45),('AFTER-ASSESSLEVEL','bldgassessment','After Calculate Assess Level',60),('AFTER-ASSESSLEVEL','landassessment','After Assess Level Computation',36),('AFTER-ASSESSLEVEL','machassessment','After  Assess Level Computation',36),('AFTER-ASSESSLEVEL','miscassessment','After Assess Level Computation',36),('AFTER-ASSESSLEVEL','planttreeassessment','After Assess Level Computation',36),('AFTER-ASSESSVALUE','bldgassessment','After Assess Value Computation',75),('AFTER-BASEMARKETVALUE','bldgassessment','After Base Market Value Computation',15),('AFTER-BASEMARKETVALUE','landassessment','After Base Market Value Computation',10),('AFTER-BASEMARKETVALUE','machassessment','After  Base Market Value Computation',10),('AFTER-BASEMARKETVALUE','miscassessment','After Base Market Value Computation',10),('AFTER-BASEMARKETVALUE','planttreeassessment','After Base Market Value Computation',10),('after-compute-share','revenuesharing','After Compute Share',1),('AFTER-DEPRECIATION','bldgassessment','After Depreciation Computation',34),('AFTER-DEPRECIATION','machassessment','After  Depreciation Computation',12),('AFTER-FLOOR','bldgassessment','AFter Floor Computation',3),('AFTER-MARKETVALUE','bldgassessment','After Market Value Computation',45),('AFTER-MARKETVALUE','landassessment','After Market Value Computation',30),('AFTER-MARKETVALUE','machassessment','After  Market Value Computation',30),('AFTER-MARKETVALUE','miscassessment','After Market Value Computation',30),('AFTER-MARKETVALUE','planttreeassessment','After Market Value Computation',30),('after-payment','bpbilling','After Payment',7),('AFTER-SUMMARY','bldgassessment','After Summary Computation',105),('AFTER-SUMMARY','landassessment','After Summary Computation',105),('AFTER-SUMMARY','machassessment','After Summary Computation',105),('AFTER-SUMMARY','miscassessment','After Summary Computation',105),('AFTER-SUMMARY','planttreeassessment','After Summary Computation',105),('AFTER_DISCOUNT','rptbilling','After Discount Computation',10),('after_misc','rptbilling','After Misc Compputation',17),('AFTER_PENALTY','rptbilling','After Penalty Computation',8),('AFTER_REQUIREMENT','rptrequirement','After Requirement',2),('AFTER_SUMMARY','rptbilling','After Summary',21),('AFTER_TAX','rptledger','Post Tax Computation',3),('appinfo','bpassessment','Application Info',1),('apply-payment','bpbilling','Apply Payment',6),('ASSESSEDVALUE','landassessment','Assessed Value Computation',40),('ASSESSEDVALUE','machassessment','Assessed Value Computation',40),('ASSESSEDVALUE','miscassessment','Assessed Value Computation',40),('ASSESSEDVALUE','planttreeassessment','Assessed Value Computation',40),('ASSESSLEVEL','bldgassessment','Calculate Assess Level',55),('ASSESSLEVEL','landassessment','Assess Level Computation',35),('ASSESSLEVEL','machassessment','Assess Level Computation',35),('ASSESSLEVEL','miscassessment','Assess Level Computation',35),('ASSESSLEVEL','planttreeassessment','Assess Level Computation',35),('ASSESSVALUE','bldgassessment','Assess Value Computation',70),('BASEMARKETVALUE','bldgassessment','Base Market Value Computation',10),('BASEMARKETVALUE','landassessment','Base Market Value Computation',5),('BASEMARKETVALUE','machassessment','Base Market Value Computation',5),('BASEMARKETVALUE','miscassessment','Base Market Value Computation',5),('BASEMARKETVALUE','planttreeassessment','Base Market Value Computation',5),('BEFORE-ADDITIONAL','bldgassessment','Before Additional Item Computation',17),('BEFORE-ADJUSTMENT','bldgassessment','Before Adjustment Computation',20),('BEFORE-ADJUSTMENT','landassessment','Before Adjustment Computation',13),('BEFORE-ASSESSLEVEL','bldgassessment','Before Calculate Assess Level',50),('BEFORE-ASSESSLEVEL','miscassessment','Before Assess Level Computation',34),('BEFORE-ASSESSVALUE','bldgassessment','Before Assess Value Computation',65),('BEFORE-BASEMARKETVALUE','bldgassessment','Before Base Market Value Computation',5),('BEFORE-DEPRECIATON','bldgassessment','Before Depreciation Computation',32),('BEFORE-MARKETVALUE','bldgassessment','Before Market Value Computation',35),('BEFORE-MARKETVALUE','landassessment','Before Market Value',25),('before_misc','rptbilling','Before Misc Computation',15),('BEFORE_SUMMARY','rptbilling','Before Summary ',19),('BRGY_SHARE','rptbilling','Barangay Share Computation',25),('businesstax','bpassessment','Business Tax Computation',3),('compute-share','revenuesharing','Compute Share',0),('default','bpinfo','Application Info',0),('DEPRECIATION','bldgassessment','Depreciation Computation',33),('DEPRECIATION','machassessment','Depreciation Computation',11),('DEPRECIATION','miscassessment','Depreciation Computation',15),('discount','bpbilling','Discount',1),('DISCOUNT','rptbilling','Discount Computation',9),('FLOOR','bldgassessment','Floor Computation',2),('INIT','rptbilling','Init',0),('INIT','rptledger','Init',0),('initial','bpbilling','Initialization',0),('initial','bprequirement','Initial',0),('INITIAL','landassessment','Initial Computation',0),('INITIAL','machassessment','Initial Computation',0),('INITIAL','miscassessment','Initial Computation',0),('INITIAL','planttreeassessment','Initial Computation',0),('interest','bpbilling','Interest',3),('LEDGER_ITEM','rptledger','Ledger Item Posting',1),('LGU_SHARE','rptbilling','LGU Share Computation',26),('MARKETVALUE','bldgassessment','Market Value Computation',40),('MARKETVALUE','landassessment','Market Value Computation',26),('MARKETVALUE','machassessment','Market Value Computation',25),('MARKETVALUE','miscassessment','Market Value Computation',25),('MARKETVALUE','planttreeassessment','Market Value Computation',25),('misc','rptbilling','Misc Computation',16),('MUASSESSEDVALUE','machassessment','Actual Use Assessed Value Computation',55),('MUASSESSLEVEL','machassessment','Actual Use Assess Level Computation',50),('othercharge','bpassessment','Other Charge Computation',7),('PENALTY','rptbilling','Penalty Computation',7),('postappinfo','bpassessment','Post Application Info',2),('postbusinesstax','bpassessment','Post Business Tax Computation',4),('postinfo','bpinfo','Post App Info',1),('postothercharge','bpassessment','Post Other Charge Computation',8),('postregfee','bpassessment','Post Regulatory Fee Computation',6),('postsummary','bpassessment','Postsummary',10),('PRE-ASSESSMENT','bldgassessment','Pre-Assessment',1),('preappinfo','bpassessment','Pre-Application Info',0),('PROV_SHARE','rptbilling','Province Share Computation',27),('regfee','bpassessment','Regulatory Fee Computation',5),('requirement','bpinfo','Requirements',2),('REQUIREMENT','rptrequirement','Requirement',1),('SUMMARY','bldgassessment','Summary',100),('summary','bpassessment','Summary',9),('summary','bpbilling','Summary',5),('SUMMARY','landassessment','Summary Computation',100),('SUMMARY','machassessment','Summary Computation',100),('SUMMARY','miscassessment','Summary Computation',100),('SUMMARY','planttreeassessment','Summary Computation',100),('SUMMARY','rptbilling','Summary',20),('surcharge','bpbilling','Surcharge',2),('TAX','rptledger','Tax Computation',2);
/*!40000 ALTER TABLE `sys_rulegroup` ENABLE KEYS */;
UNLOCK TABLES;

--
-- Table structure for table `sys_ruleset`
--

DROP TABLE IF EXISTS `sys_ruleset`;
/*!40101 SET @saved_cs_client     = @@character_set_client */;
/*!40101 SET character_set_client = utf8 */;
CREATE TABLE `sys_ruleset` (
  `name` varchar(50) NOT NULL,
  `title` varchar(160) DEFAULT NULL,
  `packagename` varchar(50) DEFAULT NULL,
  `domain` varchar(50) DEFAULT NULL,
  `role` varchar(50) DEFAULT NULL,
  `permission` varchar(50) DEFAULT NULL,
  PRIMARY KEY (`name`)
) ENGINE=InnoDB DEFAULT CHARSET=utf8;
/*!40101 SET character_set_client = @saved_cs_client */;

--
-- Dumping data for table `sys_ruleset`
--

LOCK TABLES `sys_ruleset` WRITE;
/*!40000 ALTER TABLE `sys_ruleset` DISABLE KEYS */;
INSERT INTO `sys_ruleset` VALUES ('bldgassessment','Building Assessment Rules','bldgassessment','RPT','RULE_AUTHOR',NULL),('bpassessment','BP Assessment Rules',NULL,'bpls','DATAMGMT',NULL),('bpbilling','BPLS Billing Rules',NULL,'bpls','DATAMGMT',NULL),('bpinfo','BP Info',NULL,'bpls','DATAMGMT',NULL),('bprequirement','BP Requirement Rules','bprequirement','bpls','DATAMGMT',NULL),('landassessment','Land Assessment Rules','landassessment','RPT','RULE_AUTHOR',NULL),('machassessment','Machinery Assessment Rules','machassessment','RPT','RULE_AUTHOR',NULL),('miscassessment','Miscellaneous Assessment Rules','miscassessment','RPT','RULE_AUTHOR',NULL),('planttreeassessment','Plant/Tree Assessment Rules','planttreeassessment','RPT','RULE_AUTHOR',NULL),('revenuesharing','Revenue Sharing','revenuesharing','TREASURY','RULE_AUTHOR',NULL),('rptbilling','RPT Billing Rules','rptbilling','LANDTAX','RULE_AUTHOR',NULL),('rptledger','Ledger Billing Rules','rptledger','LANDTAX','RULE_AUTHOR',NULL),('rptrequirement','RPT Requirement Rules','rptrequirement','RPT','RULE_AUTHOR',NULL);
/*!40000 ALTER TABLE `sys_ruleset` ENABLE KEYS */;
UNLOCK TABLES;

--
-- Table structure for table `sys_ruleset_actiondef`
--

DROP TABLE IF EXISTS `sys_ruleset_actiondef`;
/*!40101 SET @saved_cs_client     = @@character_set_client */;
/*!40101 SET character_set_client = utf8 */;
CREATE TABLE `sys_ruleset_actiondef` (
  `ruleset` varchar(50) NOT NULL,
  `actiondef` varchar(50) NOT NULL,
  PRIMARY KEY (`actiondef`,`ruleset`),
  KEY `actiondef` (`actiondef`),
  KEY `sys_ruleset_actiondef_ibfk_2` (`ruleset`),
  CONSTRAINT `sys_ruleset_actiondef_ibfk_2` FOREIGN KEY (`ruleset`) REFERENCES `sys_ruleset` (`name`)
) ENGINE=InnoDB DEFAULT CHARSET=utf8;
/*!40101 SET character_set_client = @saved_cs_client */;

--
-- Dumping data for table `sys_ruleset_actiondef`
--

LOCK TABLES `sys_ruleset_actiondef` WRITE;
/*!40000 ALTER TABLE `sys_ruleset_actiondef` DISABLE KEYS */;
INSERT INTO `sys_ruleset_actiondef` VALUES ('rptrequirement','AddRequirement'),('bldgassessment','rptis.actions.AddDeriveVar'),('machassessment','rptis.actions.AddDeriveVar'),('bldgassessment','rptis.actions.AddDeriveVariable'),('landassessment','rptis.actions.AddDeriveVariable'),('miscassessment','rptis.actions.AddDeriveVariable'),('planttreeassessment','rptis.actions.AddDeriveVariable'),('rptrequirement','rptis.actions.AddRequirement'),('bldgassessment','rptis.actions.CalcRPUAssessValue'),('landassessment','rptis.actions.CalcRPUAssessValue'),('machassessment','rptis.actions.CalcRPUAssessValue'),('miscassessment','rptis.actions.CalcRPUAssessValue'),('planttreeassessment','rptis.actions.CalcRPUAssessValue'),('bldgassessment','rptis.actions.CalcTotalRPUAssessValue'),('landassessment','rptis.actions.CalcTotalRPUAssessValue'),('machassessment','rptis.actions.CalcTotalRPUAssessValue'),('miscassessment','rptis.actions.CalcTotalRPUAssessValue'),('planttreeassessment','rptis.actions.CalcTotalRPUAssessValue'),('bldgassessment','rptis.bldg.actions.AddAssessmentInfo'),('bldgassessment','rptis.bldg.actions.AdjustUnitValue'),('bldgassessment','rptis.bldg.actions.CalcAssessLevel'),('bldgassessment','rptis.bldg.actions.CalcBldgAge'),('bldgassessment','rptis.bldg.actions.CalcBldgEffectiveAge'),('bldgassessment','rptis.bldg.actions.CalcBldgUseBMV'),('bldgassessment','rptis.bldg.actions.CalcBldgUseDepreciation'),('bldgassessment','rptis.bldg.actions.CalcBldgUseMV'),('bldgassessment','rptis.bldg.actions.CalcDepreciationByRange'),('bldgassessment','rptis.bldg.actions.CalcDepreciationFromSked'),('bldgassessment','rptis.bldg.actions.CalcFloorBMV'),('bldgassessment','rptis.bldg.actions.CalcFloorMV'),('bldgassessment','rptis.bldg.actions.ResetAdjustment'),('landassessment','rptis.land.actions.AddAssessmentInfo'),('landassessment','rptis.land.actions.CalcAssessValue'),('landassessment','rptis.land.actions.CalcBaseMarketValue'),('landassessment','rptis.land.actions.CalcMarketValue'),('landassessment','rptis.land.actions.UpdateAdjustment'),('landassessment','rptis.land.actions.UpdateLandDetailActualUseAdj'),('landassessment','rptis.land.actions.UpdateLandDetailAdjustment'),('landassessment','rptis.land.actions.UpdateLandDetailValueAdjustment'),('rptledger','rptis.landtax.actions.AddBasic'),('rptbilling','rptis.landtax.actions.AddBillItem'),('rptledger','rptis.landtax.actions.AddFireCode'),('rptledger','rptis.landtax.actions.AddIdleLand'),('rptledger','rptis.landtax.actions.AddSef'),('rptbilling','rptis.landtax.actions.AddShare'),('rptledger','rptis.landtax.actions.AddSocialHousing'),('rptbilling','rptis.landtax.actions.AggregateLedgerItem'),('rptbilling','rptis.landtax.actions.CalcDiscount'),('rptbilling','rptis.landtax.actions.CalcInterest'),('rptledger','rptis.landtax.actions.CalcTax'),('rptbilling','rptis.landtax.actions.CreateTaxSummary'),('rptbilling','rptis.landtax.actions.RemoveLedgerItem'),('rptbilling','rptis.landtax.actions.SetBillExpiryDate'),('rptbilling','rptis.landtax.actions.SplitByQtr'),('rptbilling','rptis.landtax.actions.SplitLedgerItem'),('rptledger','rptis.landtax.actions.UpdateAV'),('machassessment','rptis.mach.actions.AddAssessmentInfo'),('machassessment','rptis.mach.actions.CalcMachineAssessLevel'),('machassessment','rptis.mach.actions.CalcMachineAV'),('machassessment','rptis.mach.actions.CalcMachineBMV'),('machassessment','rptis.mach.actions.CalcMachineDepreciation'),('machassessment','rptis.mach.actions.CalcMachineMV'),('machassessment','rptis.mach.actions.CalcMachUseAssessLevel'),('machassessment','rptis.mach.actions.CalcMachUseAV'),('miscassessment','rptis.misc.actions.CalcAssessValue'),('miscassessment','rptis.misc.actions.CalcBaseMarketValue'),('miscassessment','rptis.misc.actions.CalcDepreciation'),('miscassessment','rptis.misc.actions.CalcMarketValue'),('miscassessment','rptis.misc.actions.CalcMiscRPUAssessLevel'),('miscassessment','rptis.misc.actions.CalcMiscRPUAssessValue'),('miscassessment','rptis.misc.actions.CalcMiscRPUBaseMarketValue'),('miscassessment','rptis.misc.actions.CalcMiscRPUMarketValue'),('planttreeassessment','rptis.planttree.actions.AddPlantTreeAssessmentInfo'),('planttreeassessment','rptis.planttree.actions.CalcPlantTreeAdjustment'),('planttreeassessment','rptis.planttree.actions.CalcPlantTreeAssessValue'),('planttreeassessment','rptis.planttree.actions.CalcPlantTreeBMV'),('planttreeassessment','rptis.planttree.actions.CalcPlantTreeMarketValue'),('bldgassessment','RULADEF-2486b0ca:146fff66c3e:-723b'),('bpbilling','RULADEF-2889615e:142fa67fc85:-7b7c'),('bpassessment','RULADEF-2ead5abf:1419bd607e6:-7fd9'),('bpassessment','RULADEF-4a532d76:141ff563063:-7ef4'),('bpinfo','RULADEF-4a532d76:141ff563063:-7ef4'),('bprequirement','RULADEF-4a532d76:141ff563063:-7ef4'),('bpassessment','RULADEF-627533eb:141ed7a179f:-7d7d'),('bpassessment','RULADEF-62a762db:14201d65080:-7576'),('bpbilling','RULADEF-62a762db:14201d65080:-7576'),('bpinfo','RULADEF-62a762db:14201d65080:-7576'),('bpbilling','RULADEF-66879e9a:1422b236b58:-7d0f'),('bpbilling','RULADEF-66879e9a:1422b236b58:-7d24'),('bpassessment','RULADEF-67ecfd73:141f2b84ce7:-743c'),('bpassessment','RULADEF-67ecfd73:141f2b84ce7:-7b54'),('bpinfo','RULADEF-67ecfd73:141f2b84ce7:-7b54'),('bpbilling','RULADEF-6960d46:146ef7fe055:-7722'),('bpassessment','RULADEF-738e3cc6:14459101d11:-6b0b'),('bpbilling','RULADEF-7438e141:1481e925549:-7fb5'),('bpbilling','RULADEF-fd840f:146ad32de46:-71f2'),('bldgassessment','RULADEF1441128c:1471efa4c1c:-69a5'),('bpassessment','RULADEF33e8cb24:1423c4b40b2:-6aeb'),('bpassessment','RULADEF33e8cb24:1423c4b40b2:-7f34'),('bpassessment','RULADEF367174cc:141a62bd0d8:-4486'),('bpinfo','RULADEF367174cc:141a62bd0d8:-4486'),('bpbilling','RULADEF50ef92c8:147420ae632:-7be3'),('bpassessment','RULADEF72bb01b1:141b1fdca80:-7e34'),('bpassessment','RULADEF73d37911:141edb9db9a:-7f30'),('bpbilling','RULADEF7ee0ab5e:141b6a15885:-7f52'),('revenuesharing','treasury.actions.AddRevenueShare');
/*!40000 ALTER TABLE `sys_ruleset_actiondef` ENABLE KEYS */;
UNLOCK TABLES;

--
-- Table structure for table `sys_ruleset_fact`
--

DROP TABLE IF EXISTS `sys_ruleset_fact`;
/*!40101 SET @saved_cs_client     = @@character_set_client */;
/*!40101 SET character_set_client = utf8 */;
CREATE TABLE `sys_ruleset_fact` (
  `ruleset` varchar(50) NOT NULL,
  `rulefact` varchar(50) NOT NULL,
  PRIMARY KEY (`rulefact`,`ruleset`),
  KEY `rulefact` (`rulefact`),
  KEY `sys_ruleset_fact_ibfk_2` (`ruleset`),
  CONSTRAINT `sys_ruleset_fact_ibfk_2` FOREIGN KEY (`ruleset`) REFERENCES `sys_ruleset` (`name`)
) ENGINE=InnoDB DEFAULT CHARSET=utf8;
/*!40101 SET character_set_client = @saved_cs_client */;

--
-- Dumping data for table `sys_ruleset_fact`
--

LOCK TABLES `sys_ruleset_fact` WRITE;
/*!40000 ALTER TABLE `sys_ruleset_fact` DISABLE KEYS */;
INSERT INTO `sys_ruleset_fact` VALUES ('revenuesharing','com.rameses.rules.common.CurrentDate'),('rptbilling','CurrentDate'),('revenuesharing','enterprise.facts.DateInfo'),('revenuesharing','enterprise.facts.Org'),('bldgassessment','rptis.bldg.facts.BldgAdjustment'),('bldgassessment','rptis.bldg.facts.BldgFloor'),('bldgassessment','rptis.bldg.facts.BldgRPU'),('bldgassessment','rptis.bldg.facts.BldgStructure'),('bldgassessment','rptis.bldg.facts.BldgUse'),('bldgassessment','rptis.bldg.facts.BldgVariable'),('bldgassessment','rptis.facts.Classification'),('landassessment','rptis.facts.Classification'),('bldgassessment','rptis.facts.RPTVariable'),('machassessment','rptis.facts.RPTVariable'),('bldgassessment','rptis.facts.RPU'),('machassessment','rptis.facts.RPU'),('miscassessment','rptis.facts.RPU'),('planttreeassessment','rptis.facts.RPU'),('rptrequirement','rptis.facts.RPU'),('bldgassessment','rptis.facts.RPUAssessment'),('landassessment','rptis.facts.RPUAssessment'),('machassessment','rptis.facts.RPUAssessment'),('miscassessment','rptis.facts.RPUAssessment'),('landassessment','rptis.land.facts.LandAdjustment'),('landassessment','rptis.land.facts.LandDetail'),('rptledger','rptis.landtax.facts.AssessedValue'),('rptbilling','rptis.landtax.facts.Bill'),('rptledger','rptis.landtax.facts.Classification'),('rptbilling','rptis.landtax.facts.RPTBillItem'),('rptbilling','rptis.landtax.facts.RPTIncentive'),('rptbilling','rptis.landtax.facts.RPTLedgerFact'),('rptledger','rptis.landtax.facts.RPTLedgerFact'),('rptbilling','rptis.landtax.facts.RPTLedgerItemFact'),('rptledger','rptis.landtax.facts.RPTLedgerItemFact'),('rptbilling','rptis.landtax.facts.RPTLedgerTaxSummaryFact'),('rptbilling','rptis.landtax.facts.ShareFact'),('machassessment','rptis.mach.facts.MachineActualUse'),('machassessment','rptis.mach.facts.MachineDetail'),('miscassessment','rptis.misc.facts.MiscItem'),('miscassessment','rptis.misc.facts.MiscRPU'),('planttreeassessment','rptis.planttree.facts.PlantTreeDetail'),('rptrequirement','RPTTxnInfoFact'),('bpbilling','RULFACT-1f3e2b64:14230dd8f62:-7dd8'),('bpbilling','RULFACT-1f3e2b64:14230dd8f62:-7e29'),('bpbilling','RULFACT-1f3e2b64:14230dd8f62:-7eb6'),('bpassessment','RULFACT-26aa09fd:1419696e71f:-7feb'),('bpbilling','RULFACT-26aa09fd:1419696e71f:-7feb'),('bpinfo','RULFACT-26aa09fd:1419696e71f:-7feb'),('bprequirement','RULFACT-26aa09fd:1419696e71f:-7feb'),('bpbilling','RULFACT-46f22f55:14231734d86:-7eca'),('bpassessment','RULFACT-76732870:14196dc4027:-7f87'),('bpbilling','RULFACT-76732870:14196dc4027:-7f87'),('bpinfo','RULFACT-76732870:14196dc4027:-7f87'),('bprequirement','RULFACT-76732870:14196dc4027:-7f87'),('bpassessment','RULFACT-bad19b4:141f3c18435:-7fa9'),('bpinfo','RULFACT-bad19b4:141f3c18435:-7fa9'),('bprequirement','RULFACT-bad19b4:141f3c18435:-7fa9'),('bpbilling','RULFACT-fd57605:142324ab5d2:-7f33'),('bpbilling','RULFACT-fd840f:146ad32de46:-735f'),('bldgassessment','RULFACT1b4af871:14e3cc46e09:-34c1'),('bpassessment','RULFACT2e8bac67:1422b41d3b3:-7f64'),('bpbilling','RULFACT2e8bac67:1422b41d3b3:-7f64'),('bpassessment','RULFACT3a2b180:142b73535d5:-7fb1'),('bpassessment','RULFACT4a03cdfb:141f9a6dc3c:-784a'),('bpassessment','RULFACT4ca00100:141fe894560:-7d8e'),('bpassessment','RULFACT4ca00100:141fe894560:-7e3f'),('bpassessment','RULFACT682fd2e6:145de99014c:-7f3e'),('bpinfo','RULFACT682fd2e6:145de99014c:-7f3e'),('bprequirement','RULFACT682fd2e6:145de99014c:-7f3e'),('bpassessment','RULFACT72bb01b1:141b1fdca80:-7f86'),('bpbilling','RULFACT7ee0ab5e:141b6a15885:-7ff1'),('bpbilling','RULFACTe058e4:1481f37895f:-720c'),('revenuesharing','treasury.facts.BillItem'),('revenuesharing','treasury.facts.CollectionGroup'),('revenuesharing','treasury.facts.RevenueShare'),('rptrequirement','TxnAttributeFact');
/*!40000 ALTER TABLE `sys_ruleset_fact` ENABLE KEYS */;
UNLOCK TABLES;

--
-- Table structure for table `sys_script`
--

DROP TABLE IF EXISTS `sys_script`;
/*!40101 SET @saved_cs_client     = @@character_set_client */;
/*!40101 SET character_set_client = utf8 */;
CREATE TABLE `sys_script` (
  `name` varchar(50) NOT NULL,
  `title` longblob,
  `content` longtext,
  `category` varchar(20) DEFAULT NULL,
  `dtcreated` datetime DEFAULT NULL,
  `createdby` varchar(50) DEFAULT NULL,
  PRIMARY KEY (`name`)
) ENGINE=InnoDB DEFAULT CHARSET=utf8;
/*!40101 SET character_set_client = @saved_cs_client */;

--
-- Dumping data for table `sys_script`
--

LOCK TABLES `sys_script` WRITE;
/*!40000 ALTER TABLE `sys_script` DISABLE KEYS */;
/*!40000 ALTER TABLE `sys_script` ENABLE KEYS */;
UNLOCK TABLES;

--
-- Table structure for table `sys_securitygroup`
--

DROP TABLE IF EXISTS `sys_securitygroup`;
/*!40101 SET @saved_cs_client     = @@character_set_client */;
/*!40101 SET character_set_client = utf8 */;
CREATE TABLE `sys_securitygroup` (
  `objid` varchar(100) NOT NULL,
  `name` varchar(50) DEFAULT NULL,
  `usergroup_objid` varchar(50) DEFAULT NULL,
  `exclude` longtext,
  PRIMARY KEY (`objid`),
  KEY `FK_sys_securitygroup_usergroup` (`usergroup_objid`),
  CONSTRAINT `sys_securitygroup_ibfk_1` FOREIGN KEY (`usergroup_objid`) REFERENCES `sys_usergroup` (`objid`)
) ENGINE=InnoDB DEFAULT CHARSET=utf8;
/*!40101 SET character_set_client = @saved_cs_client */;

--
-- Dumping data for table `sys_securitygroup`
--

LOCK TABLES `sys_securitygroup` WRITE;
/*!40000 ALTER TABLE `sys_securitygroup` DISABLE KEYS */;
/*!40000 ALTER TABLE `sys_securitygroup` ENABLE KEYS */;
UNLOCK TABLES;

--
-- Table structure for table `sys_sequence`
--

DROP TABLE IF EXISTS `sys_sequence`;
/*!40101 SET @saved_cs_client     = @@character_set_client */;
/*!40101 SET character_set_client = utf8 */;
CREATE TABLE `sys_sequence` (
  `objid` varchar(100) NOT NULL,
  `nextSeries` int(11) DEFAULT NULL,
  PRIMARY KEY (`objid`)
) ENGINE=InnoDB DEFAULT CHARSET=utf8;
/*!40101 SET character_set_client = @saved_cs_client */;

--
-- Dumping data for table `sys_sequence`
--

LOCK TABLES `sys_sequence` WRITE;
/*!40000 ALTER TABLE `sys_sequence` DISABLE KEYS */;
/*!40000 ALTER TABLE `sys_sequence` ENABLE KEYS */;
UNLOCK TABLES;

--
-- Table structure for table `sys_session`
--

DROP TABLE IF EXISTS `sys_session`;
/*!40101 SET @saved_cs_client     = @@character_set_client */;
/*!40101 SET character_set_client = utf8 */;
CREATE TABLE `sys_session` (
  `sessionid` varchar(50) NOT NULL,
  `userid` varchar(50) DEFAULT NULL,
  `username` varchar(50) DEFAULT NULL,
  `clienttype` varchar(12) DEFAULT NULL,
  `accesstime` datetime DEFAULT NULL,
  `accessexpiry` datetime DEFAULT NULL,
  `timein` datetime DEFAULT NULL,
  `terminalid` varchar(50) DEFAULT NULL,
  PRIMARY KEY (`sessionid`),
  KEY `ix_timein` (`timein`),
  KEY `ix_userid` (`userid`),
  KEY `ix_username` (`username`)
) ENGINE=InnoDB DEFAULT CHARSET=utf8;
/*!40101 SET character_set_client = @saved_cs_client */;

--
-- Dumping data for table `sys_session`
--

LOCK TABLES `sys_session` WRITE;
/*!40000 ALTER TABLE `sys_session` DISABLE KEYS */;
/*!40000 ALTER TABLE `sys_session` ENABLE KEYS */;
UNLOCK TABLES;

--
-- Table structure for table `sys_session_log`
--

DROP TABLE IF EXISTS `sys_session_log`;
/*!40101 SET @saved_cs_client     = @@character_set_client */;
/*!40101 SET character_set_client = utf8 */;
CREATE TABLE `sys_session_log` (
  `sessionid` varchar(50) NOT NULL,
  `userid` varchar(50) DEFAULT NULL,
  `username` varchar(50) DEFAULT NULL,
  `clienttype` varchar(12) DEFAULT NULL,
  `accesstime` datetime DEFAULT NULL,
  `accessexpiry` datetime DEFAULT NULL,
  `timein` datetime DEFAULT NULL,
  `timeout` datetime DEFAULT NULL,
  `state` varchar(10) DEFAULT NULL,
  `terminalid` varchar(50) DEFAULT NULL,
  PRIMARY KEY (`sessionid`),
  KEY `ix_timein` (`timein`),
  KEY `ix_timeout` (`timeout`),
  KEY `ix_userid` (`userid`),
  KEY `ix_username` (`username`)
) ENGINE=InnoDB DEFAULT CHARSET=utf8;
/*!40101 SET character_set_client = @saved_cs_client */;

--
-- Dumping data for table `sys_session_log`
--

LOCK TABLES `sys_session_log` WRITE;
/*!40000 ALTER TABLE `sys_session_log` DISABLE KEYS */;
/*!40000 ALTER TABLE `sys_session_log` ENABLE KEYS */;
UNLOCK TABLES;

--
-- Table structure for table `sys_terminal`
--

DROP TABLE IF EXISTS `sys_terminal`;
/*!40101 SET @saved_cs_client     = @@character_set_client */;
/*!40101 SET character_set_client = utf8 */;
CREATE TABLE `sys_terminal` (
  `terminalid` varchar(50) NOT NULL,
  `parentid` varchar(50) DEFAULT NULL,
  `parentcode` varchar(50) DEFAULT NULL,
  `parenttype` varchar(50) DEFAULT NULL,
  `macaddress` varchar(50) DEFAULT NULL,
  `dtregistered` datetime DEFAULT NULL,
  `registeredby` varchar(50) DEFAULT NULL,
  `info` longtext,
  `state` int(11) DEFAULT NULL,
  PRIMARY KEY (`terminalid`)
) ENGINE=InnoDB DEFAULT CHARSET=utf8;
/*!40101 SET character_set_client = @saved_cs_client */;

--
-- Dumping data for table `sys_terminal`
--

LOCK TABLES `sys_terminal` WRITE;
/*!40000 ALTER TABLE `sys_terminal` DISABLE KEYS */;
INSERT INTO `sys_terminal` VALUES ('T001',NULL,NULL,NULL,'00-15-5D-10-9F-3D','2021-06-09 13:51:43','ADMIN',NULL,NULL),('T002',NULL,NULL,NULL,NULL,NULL,NULL,NULL,NULL),('T003',NULL,NULL,NULL,NULL,NULL,NULL,NULL,NULL);
/*!40000 ALTER TABLE `sys_terminal` ENABLE KEYS */;
UNLOCK TABLES;

--
-- Table structure for table `sys_user`
--

DROP TABLE IF EXISTS `sys_user`;
/*!40101 SET @saved_cs_client     = @@character_set_client */;
/*!40101 SET character_set_client = utf8 */;
CREATE TABLE `sys_user` (
  `objid` varchar(50) NOT NULL,
  `state` varchar(15) DEFAULT NULL,
  `dtcreated` datetime DEFAULT NULL,
  `createdby` varchar(50) DEFAULT NULL,
  `username` varchar(50) DEFAULT NULL,
  `pwd` varchar(50) DEFAULT NULL,
  `firstname` varchar(50) DEFAULT NULL,
  `lastname` varchar(50) DEFAULT NULL,
  `middlename` varchar(50) DEFAULT NULL,
  `name` varchar(50) DEFAULT NULL,
  `jobtitle` varchar(50) DEFAULT NULL,
  `pwdlogincount` int(11) DEFAULT NULL,
  `pwdexpirydate` datetime DEFAULT NULL,
  `usedpwds` longtext,
  `lockid` varchar(32) DEFAULT NULL,
  `txncode` varchar(10) DEFAULT NULL,
  PRIMARY KEY (`objid`),
  UNIQUE KEY `uix_username` (`username`),
  KEY `ix_lastname_firstname` (`lastname`,`firstname`),
  KEY `ix_name` (`name`)
) ENGINE=InnoDB DEFAULT CHARSET=utf8;
/*!40101 SET character_set_client = @saved_cs_client */;

--
-- Dumping data for table `sys_user`
--

LOCK TABLES `sys_user` WRITE;
/*!40000 ALTER TABLE `sys_user` DISABLE KEYS */;
INSERT INTO `sys_user` VALUES ('USR-ADMIN',NULL,NULL,NULL,'ADMIN','557a4295dcca1a044b690f8b6486f33d','ADMIN','ADMIN','.','ADMIN, ADMIN .','ADMIN',0,'2050-06-09 15:34:43','e320774659b1b23333bd033754d2ac1a',NULL,NULL);
/*!40000 ALTER TABLE `sys_user` ENABLE KEYS */;
UNLOCK TABLES;

--
-- Temporary table structure for view `sys_user_role`
--

DROP TABLE IF EXISTS `sys_user_role`;
/*!50001 DROP VIEW IF EXISTS `sys_user_role`*/;
SET @saved_cs_client     = @@character_set_client;
SET character_set_client = utf8;
/*!50001 CREATE TABLE `sys_user_role` (
  `objid` tinyint NOT NULL,
  `lastname` tinyint NOT NULL,
  `firstname` tinyint NOT NULL,
  `middlename` tinyint NOT NULL,
  `username` tinyint NOT NULL,
  `name` tinyint NOT NULL,
  `role` tinyint NOT NULL,
  `domain` tinyint NOT NULL,
  `orgid` tinyint NOT NULL,
  `txncode` tinyint NOT NULL,
  `jobtitle` tinyint NOT NULL,
  `usergroupmemberid` tinyint NOT NULL,
  `usergroup_objid` tinyint NOT NULL,
  `respcenter_objid` tinyint NOT NULL,
  `respcenter_name` tinyint NOT NULL
) ENGINE=MyISAM */;
SET character_set_client = @saved_cs_client;

--
-- Table structure for table `sys_usergroup`
--

DROP TABLE IF EXISTS `sys_usergroup`;
/*!40101 SET @saved_cs_client     = @@character_set_client */;
/*!40101 SET character_set_client = utf8 */;
CREATE TABLE `sys_usergroup` (
  `objid` varchar(50) NOT NULL,
  `title` varchar(255) DEFAULT NULL,
  `domain` varchar(25) DEFAULT NULL,
  `userclass` varchar(25) DEFAULT NULL,
  `orgclass` varchar(50) DEFAULT NULL,
  `role` varchar(50) DEFAULT NULL,
  PRIMARY KEY (`objid`)
) ENGINE=InnoDB DEFAULT CHARSET=utf8;
/*!40101 SET character_set_client = @saved_cs_client */;

--
-- Dumping data for table `sys_usergroup`
--

LOCK TABLES `sys_usergroup` WRITE;
/*!40000 ALTER TABLE `sys_usergroup` DISABLE KEYS */;
INSERT INTO `sys_usergroup` VALUES ('ADMIN.NOTIFICATION','SYSTEM ADMINISTRATOR','ADMIN','usergroup',NULL,'NOTIFICATION'),('ADMIN.SYSADMIN','SYSTEM ADMINISTRATOR','ADMIN','usergroup',NULL,'SYSADMIN'),('BPLS.ADMIN','BPLS ADMINISTRATOR','BPLS','usergroup',NULL,'ADMIN'),('BPLS.APPROVER','BUSINESS APPROVER','BPLS','usergroup',NULL,'APPROVER'),('BPLS.ASSESSOR','BPLS ASSESSOR','BPLS','usergroup',NULL,'ASSESSOR'),('BPLS.BUSINESSINFO','BUSINESS INFORMATION','BPLS','usergroup',NULL,'BUSINESSINFO'),('BPLS.CAPTURE_ENCODER','BPLS CAPTURE ENCODER','BPLS','usergroup',NULL,'CAPTURE_ENCODER'),('BPLS.LICENSING','BPLS LICENSING','BPLS','usergroup',NULL,'LICENSING'),('BPLS.MASTER','BPLS MASTER','BPLS','usergroup',NULL,'MASTER'),('BPLS.ONLINE_DATA_APPROVER','BPLS - ONLINE DATA APPROVER','BPLS','usergroup',NULL,'ONLINE_DATA_APPROVER'),('BPLS.REPORT','BPLS REPORT','BPLS','usergroup',NULL,'REPORT'),('BPLS.RULE_AUTHOR','BPLS RULE AUTHOR','BPLS','usergroup',NULL,'RULE_AUTHOR'),('BPLS.SHARED','BPLS SHARED','BPLS','usergroup',NULL,'SHARED'),('DEVELOPER.REPORT','SYSTEM ADMINISTRATOR','DEVELOPER','usergroup',NULL,'REPORT'),('ENTERPRISE.MASTER','ENTERPRISE MASTER','ENTERPRISE','usergroup',NULL,'MASTER'),('ENTITY.ADMIN','ENTITY ADMIN','ENTITY','usergroup',NULL,'ADMIN'),('ENTITY.APPROVER','ENTITY APPROVER','ENTITY','usergroup',NULL,'APPROVER'),('ENTITY.MASTER','ENTITY MASTER','ENTITY','usergroup',NULL,'MASTER'),('EPAYMENT.MASTER','EPAYMENT MASTER','EPAYMENT',NULL,NULL,'MASTER'),('FINANCIAL.ADMIN','FINANCIAL ADMIN','FINANCIAL','usergroup',NULL,'ADMIN'),('FINANCIAL.MASTER','FINANCIAL MASTER','FINANCIAL','usergroup',NULL,'MASTER'),('FINANCIAL.REPORT','FINANCIAL REPORT','FINANCIAL','usergroup',NULL,'REPORT'),('LANDTAX.ADMIN','ADMIN','LANDTAX',NULL,NULL,'ADMIN'),('LANDTAX.LANDTAX','LANDTAX LANDTAX','LANDTAX','usergroup',NULL,'LANDTAX'),('LANDTAX.LANDTAX_SHARED','SHARED','LANDTAX',NULL,NULL,'SHARED'),('LANDTAX.RECORD','RECORD','LANDTAX',NULL,NULL,'RECORD'),('LANDTAX.RECORD_APPROVER','RECORD APPROVER','LANDTAX',NULL,NULL,'RECORD_APPROVER'),('LANDTAX.REPORT','REPORT','LANDTAX',NULL,NULL,'REPORT'),('LANDTAX.RULE_AUTHOR','RULE AUTHOR','LANDTAX',NULL,NULL,'RULE_AUTHOR'),('QUEUE.ADMIN','QUEUE ADMIN','QUEUE',NULL,NULL,'ADMIN'),('QUEUE.USER','QUEUE USER','QUEUE',NULL,NULL,'USER'),('RPT.ADMIN','ADMIN','RPT',NULL,NULL,'ADMIN'),('RPT.APPRAISAL_CHIEF','APPRAISAL DIVISION CHIEF','RPT','usergroup',NULL,'APPRAISAL_CHIEF'),('RPT.APPRAISER','APPRAISER','RPT','usergroup',NULL,'APPRAISER'),('RPT.APPROVER','APPROVER','RPT','usergroup',NULL,'APPROVER'),('RPT.ASSESSOR','ASSESSOR','RPT','usergroup',NULL,'ASSESSOR'),('RPT.ASSESSOR_DATAMGMT','ASSESSOR DATA MANAGEMENT','RPT','usergroup',NULL,'ASSESSOR_DATAMGMT'),('RPT.ASSESSOR_REPORT','ASSESSOR REPORT','RPT','usergroup',NULL,'ASSESSOR_REPORT'),('RPT.ASSESSOR_SHARED','ASSESSOR SHARED','RPT','usergroup',NULL,'ASSESSOR_SHARED'),('RPT.ASSISTANT_ASSESSOR','ASSISTANT ASSESSOR','RPT','usergroup',NULL,'ASSISTANT_ASSESSOR'),('RPT.CERTIFICATION_ISSUER','CERTIFICATION_ISSUER','RPT','usergroup',NULL,'CERTIFICATION_ISSUER'),('RPT.ENCODER','ENCODER','RPT',NULL,NULL,'ENCODER'),('RPT.ENCODING_APPROVER','ENCODING_APPROVER','RPT',NULL,NULL,'ENCODING_APPROVER'),('RPT.EXAMINER','EXAMINER','RPT','usergroup',NULL,'EXAMINER'),('RPT.LANDTAX','LANDTAX','RPT','usergroup',NULL,'LANDTAX'),('RPT.LANDTAX_DATAMGMT','LANDTAX DATA MANAGEMENT','RPT','usergroup',NULL,'LANDTAX_DATAMGMT'),('RPT.LANDTAX_REPORT','LANDTAX REPORT','RPT','usergroup',NULL,'LANDTAX_REPORT'),('RPT.LANDTAX_SHARED','LANDTAX SHARED','RPT','usergroup',NULL,'LANDTAX_SHARED'),('RPT.MANAGEMENT','MANAGEMENT','RPT',NULL,NULL,'MANAGEMENT'),('RPT.MASTER','MASTER','RPT','usergroup',NULL,'MASTER'),('RPT.MUNICIPAL_ASSESSOR','MUNICIPAL ASSESSOR','RPT','usergroup',NULL,'MUNICIPAL_ASSESSOR'),('RPT.PROVINCIAL_ASSESSOR','PROVINCIAL ASSESSOR','RPT','usergroup','','PROVINCIAL_ASSESSOR'),('RPT.RECEIVER','RECEIVER','RPT',NULL,NULL,'RECEIVER'),('RPT.RECOMMENDER','RECOMMENDER','RPT','usergroup',NULL,'RECOMMENDER'),('RPT.RECORD','RECORD','RPT','usergroup',NULL,'RECORD'),('RPT.RECORD_APPROVER','RPT RECORD_APPROVER','RPT',NULL,NULL,'RECORD_APPROVER'),('RPT.REPORT','REPORT','RPT','usergroup',NULL,'REPORT'),('RPT.RULE_AUTHOR','RULE AUTHOR','RPT','usergroup',NULL,'RULE_AUTHOR'),('RPT.SHARED','RPT SHARED','RPT',NULL,NULL,'SHARED'),('RPT.TAXMAPPER','TAXMAPPER','RPT','usergroup',NULL,'TAXMAPPER'),('RPT.TAXMAPPER_CHIEF','TAXMAPPER DIVISION CHIEF','RPT','usergroup',NULL,'TAXMAPPER_CHIEF'),('RULEMGMT.DEV','RULEMGMT DEV','RULEMGMT','usergroup',NULL,'DEV'),('SIGNATORYTEMPLATE.MASTER','SIGNATORYTEMPLATE MASTER','SIGNATORYTEMPLATE','usergroup',NULL,'MASTER'),('TREASURY.ADMIN','TREASURY ADMIN','TREASURY','usergroup',NULL,'ADMIN'),('TREASURY.AFO','ACCOUNTABLE FORM OFFICER','TREASURY','usergroup',NULL,'AFO'),('TREASURY.AFO_ADMIN','TREASURY AFO ADMIN','TREASURY','usergroup',NULL,'AFO_ADMIN'),('TREASURY.APPROVER','TREASURY APPROVER','TREASURY','usergroup',NULL,'APPROVER'),('TREASURY.CASHIER','CASHIER','TREASURY','usergroup',NULL,'CASHIER'),('TREASURY.COLLECTOR','COLLECTOR','TREASURY','usergroup',NULL,'COLLECTOR'),('TREASURY.COLLECTOR_ADMIN','TREASURY COLLECTOR ADMIN','TREASURY','usergroup',NULL,'COLLECTOR_ADMIN'),('TREASURY.DATA_CONTROLLER','TREASURY DATA CONTROLLER','TREASURY','usergroup',NULL,'DATA_CONTROLLER'),('TREASURY.LIQUIDATING_OFFICER','LIQUIDATING OFFICER','TREASURY','usergroup',NULL,'LIQUIDATING_OFFICER'),('TREASURY.LIQ_OFFICER_ADMIN','TREASURY LIQ. OFFICER ADMIN','TREASURY','usergroup',NULL,'LIQ_OFFICER_ADMIN'),('TREASURY.MASTER','TREASURY MASTER','TREASURY','usergroup',NULL,'MASTER'),('TREASURY.REPORT','TREASURY REPORT','TREASURY','usergroup',NULL,'REPORT'),('TREASURY.RIS_APPROVER','TREASURY RIS_APPROVER','TREASURY','usergroup',NULL,'RIS_APPROVER'),('TREASURY.RULE_AUTHOR','TREASURY RULE AUTHOR','TREASURY','userclass',NULL,'RULE_AUTHOR'),('TREASURY.SHARED','TREASURY SHARED','TREASURY','usergroup',NULL,'SHARED'),('TREASURY.SUBCOLLECTOR','SUBCOLLECTOR','TREASURY','usergroup',NULL,'SUBCOLLECTOR'),('WORKFLOW.ADMIN','WORKFLOW ADMIN','WORKFLOW','usergroup',NULL,'ADMIN'),('WORKFLOW.DEV','WORKFLOW DEV','WORKFLOW','usergroup',NULL,'DEV');
/*!40000 ALTER TABLE `sys_usergroup` ENABLE KEYS */;
UNLOCK TABLES;

--
-- Table structure for table `sys_usergroup_admin`
--

DROP TABLE IF EXISTS `sys_usergroup_admin`;
/*!40101 SET @saved_cs_client     = @@character_set_client */;
/*!40101 SET character_set_client = utf8 */;
CREATE TABLE `sys_usergroup_admin` (
  `objid` varchar(50) NOT NULL,
  `usergroupid` varchar(50) DEFAULT NULL,
  `user_objid` varchar(50) DEFAULT NULL,
  `user_username` varchar(50) DEFAULT NULL,
  `user_firstname` varchar(50) NOT NULL,
  `user_lastname` varchar(50) DEFAULT NULL,
  `exclude` varchar(255) DEFAULT NULL,
  PRIMARY KEY (`objid`),
  KEY `FK_sys_usergroup_admin` (`user_objid`),
  KEY `usergroupid` (`usergroupid`),
  CONSTRAINT `sys_usergroup_admin_ibfk_2` FOREIGN KEY (`usergroupid`) REFERENCES `sys_usergroup` (`objid`),
  CONSTRAINT `sys_usergroup_admin_ibfk_1` FOREIGN KEY (`user_objid`) REFERENCES `sys_user` (`objid`)
) ENGINE=InnoDB DEFAULT CHARSET=utf8;
/*!40101 SET character_set_client = @saved_cs_client */;

--
-- Dumping data for table `sys_usergroup_admin`
--

LOCK TABLES `sys_usergroup_admin` WRITE;
/*!40000 ALTER TABLE `sys_usergroup_admin` DISABLE KEYS */;
/*!40000 ALTER TABLE `sys_usergroup_admin` ENABLE KEYS */;
UNLOCK TABLES;

--
-- Table structure for table `sys_usergroup_member`
--

DROP TABLE IF EXISTS `sys_usergroup_member`;
/*!40101 SET @saved_cs_client     = @@character_set_client */;
/*!40101 SET character_set_client = utf8 */;
CREATE TABLE `sys_usergroup_member` (
  `objid` varchar(50) NOT NULL,
  `state` varchar(10) DEFAULT NULL,
  `usergroup_objid` varchar(50) DEFAULT NULL,
  `user_objid` varchar(50) NOT NULL,
  `user_username` varchar(50) DEFAULT NULL,
  `user_firstname` varchar(50) NOT NULL,
  `user_lastname` varchar(50) NOT NULL,
  `org_objid` varchar(50) DEFAULT NULL,
  `org_name` varchar(50) DEFAULT NULL,
  `org_orgclass` varchar(50) DEFAULT NULL,
  `securitygroup_objid` varchar(50) DEFAULT NULL,
  `exclude` varchar(255) DEFAULT NULL,
  `displayname` varchar(50) DEFAULT NULL,
  `jobtitle` varchar(50) DEFAULT NULL,
  PRIMARY KEY (`objid`),
  KEY `FK_sys_usergroup_member` (`user_objid`),
  KEY `FK_sys_usergroup_member_org` (`org_objid`),
  KEY `FK_sys_usergroup_member_securitygorup` (`securitygroup_objid`),
  KEY `ix_user_firstname` (`user_firstname`),
  KEY `ix_user_lastname_firstname` (`user_lastname`,`user_firstname`),
  KEY `ix_username` (`user_username`),
  KEY `usergroup_objid` (`usergroup_objid`),
  CONSTRAINT `sys_usergroup_member_ibfk_4` FOREIGN KEY (`usergroup_objid`) REFERENCES `sys_usergroup` (`objid`),
  CONSTRAINT `sys_usergroup_member_ibfk_1` FOREIGN KEY (`user_objid`) REFERENCES `sys_user` (`objid`),
  CONSTRAINT `sys_usergroup_member_ibfk_2` FOREIGN KEY (`org_objid`) REFERENCES `sys_org` (`objid`),
  CONSTRAINT `sys_usergroup_member_ibfk_3` FOREIGN KEY (`securitygroup_objid`) REFERENCES `sys_securitygroup` (`objid`)
) ENGINE=InnoDB DEFAULT CHARSET=utf8;
/*!40101 SET character_set_client = @saved_cs_client */;

--
-- Dumping data for table `sys_usergroup_member`
--

LOCK TABLES `sys_usergroup_member` WRITE;
/*!40000 ALTER TABLE `sys_usergroup_member` DISABLE KEYS */;
INSERT INTO `sys_usergroup_member` VALUES ('UGM-053ba9e2eb4dbb243621c0214a72cd1f',NULL,'BPLS.APPROVER','USR-ADMIN','ADMIN','ADMIN','ADMIN',NULL,NULL,NULL,NULL,NULL,NULL,NULL),('UGM-19ff998a:17830a63cb3:-7d79',NULL,'TREASURY.ADMIN','USR-ADMIN','ADMIN','ADMIN','ADMIN',NULL,NULL,NULL,NULL,NULL,NULL,NULL),('UGM-19ff998a:17830a63cb3:-7d8a',NULL,'TREASURY.RULE_AUTHOR','USR-ADMIN','ADMIN','ADMIN','ADMIN',NULL,NULL,NULL,NULL,NULL,NULL,NULL),('UGM-19ff998a:17830a63cb3:-7d9b',NULL,'TREASURY.LIQ_OFFICER_ADMIN','USR-ADMIN','ADMIN','ADMIN','ADMIN',NULL,NULL,NULL,NULL,NULL,NULL,NULL),('UGM-19ff998a:17830a63cb3:-7dac',NULL,'TREASURY.COLLECTOR_ADMIN','USR-ADMIN','ADMIN','ADMIN','ADMIN',NULL,NULL,NULL,NULL,NULL,NULL,NULL),('UGM-19ff998a:17830a63cb3:-7dc3',NULL,'TREASURY.AFO_ADMIN','USR-ADMIN','ADMIN','ADMIN','ADMIN',NULL,NULL,NULL,NULL,NULL,NULL,NULL),('UGM-19ff998a:17830a63cb3:-7dd4',NULL,'TREASURY.AFO','USR-ADMIN','ADMIN','ADMIN','ADMIN',NULL,NULL,NULL,NULL,NULL,NULL,NULL),('UGM-19ff998a:17830a63cb3:-7de5',NULL,'FINANCIAL.ADMIN','USR-ADMIN','ADMIN','ADMIN','ADMIN',NULL,NULL,NULL,NULL,NULL,NULL,NULL),('UGM-19ff998a:17830a63cb3:-7e07',NULL,'FINANCIAL.MASTER','USR-ADMIN','ADMIN','ADMIN','ADMIN',NULL,NULL,NULL,NULL,NULL,NULL,NULL),('UGM-2a6cb40093475f5d00297281240b7f7f',NULL,'TREASURY.APPROVER','USR-ADMIN','ADMIN','ADMIN','ADMIN',NULL,NULL,NULL,NULL,NULL,NULL,NULL),('UGM-2c2d88e6b6ef39e1648853c086777e62',NULL,'BPLS.REPORT','USR-ADMIN','ADMIN','ADMIN','ADMIN',NULL,NULL,NULL,NULL,NULL,NULL,NULL),('UGM-2cf2c430ee691a848348ff3a4da4d07b',NULL,'BPLS.BUSINESSINFO','USR-ADMIN','ADMIN','ADMIN','ADMIN',NULL,NULL,NULL,NULL,NULL,NULL,NULL),('UGM-3a127f07:158fb7bfb39:-766e',NULL,'FINANCIAL.REPORT','USR-ADMIN','ADMIN','ADMIN','ADMIN',NULL,NULL,NULL,NULL,NULL,NULL,NULL),('UGM-3a127f07:158fb7bfb39:-7722',NULL,'TREASURY.SHARED','USR-ADMIN','ADMIN','ADMIN','ADMIN',NULL,NULL,NULL,NULL,NULL,NULL,NULL),('UGM-3a127f07:158fb7bfb39:-7741',NULL,'TREASURY.REPORT','USR-ADMIN','ADMIN','ADMIN','ADMIN',NULL,NULL,NULL,NULL,NULL,NULL,NULL),('UGM-3a127f07:158fb7bfb39:-7760',NULL,'TREASURY.MASTER','USR-ADMIN','ADMIN','ADMIN','ADMIN',NULL,NULL,NULL,NULL,NULL,NULL,NULL),('UGM-3a127f07:158fb7bfb39:-79c4',NULL,'ENTERPRISE.MASTER','USR-ADMIN','ADMIN','ADMIN','ADMIN',NULL,NULL,NULL,NULL,NULL,NULL,NULL),('UGM-3a127f07:158fb7bfb39:-79e3',NULL,'ENTITY.APPROVER','USR-ADMIN','ADMIN','ADMIN','ADMIN',NULL,NULL,NULL,NULL,NULL,NULL,NULL),('UGM-3a127f07:158fb7bfb39:-7a03',NULL,'ENTITY.ADMIN','USR-ADMIN','ADMIN','ADMIN','ADMIN',NULL,NULL,NULL,NULL,NULL,NULL,NULL),('UGM-3a430ac4:178fd1d1553:-7e0a',NULL,'EPAYMENT.MASTER','USR-ADMIN','ADMIN','ADMIN','ADMIN',NULL,NULL,NULL,NULL,NULL,NULL,NULL),('UGM-51cf983:15798b81fa8:-7e30',NULL,'DEVELOPER.REPORT','USR-ADMIN','ADMIN','ADMIN','ADMIN',NULL,NULL,NULL,NULL,NULL,NULL,NULL),('UGM-5efaf218:158d81a2e88:-72f1',NULL,'ENTITY.MASTER','USR-ADMIN','ADMIN','ADMIN','ADMIN',NULL,NULL,NULL,NULL,NULL,NULL,NULL),('UGM-600f9e7f5b7fded7579e9e1afb94d299',NULL,'BPLS.SHARED','USR-ADMIN','ADMIN','ADMIN','ADMIN',NULL,NULL,NULL,NULL,NULL,NULL,NULL),('UGM-6085e3a2c5aec35335d70bd4b6be7b69',NULL,'BPLS.CAPTURE_ENCODER','USR-ADMIN','ADMIN','ADMIN','ADMIN',NULL,NULL,NULL,NULL,NULL,NULL,NULL),('UGM-ADMIN-SYS-0001',NULL,'ADMIN.SYSADMIN','USR-ADMIN','ADMIN','ADMIN','ADMIN',NULL,NULL,NULL,NULL,NULL,NULL,NULL),('UGM-ADMIN-SYS-0002',NULL,'ADMIN.NOTIFICATION','USR-ADMIN','ADMIN','ADMIN','ADMIN',NULL,NULL,NULL,NULL,NULL,NULL,NULL),('UGM-cc40b24db380bf327509bfdfd4056051',NULL,'BPLS.ADMIN','USR-ADMIN','ADMIN','ADMIN','ADMIN',NULL,NULL,NULL,NULL,NULL,NULL,NULL),('UGM-d7e91df896cc4d52c27bf40a186f2d41',NULL,'BPLS.LICENSING','USR-ADMIN','ADMIN','ADMIN','ADMIN',NULL,NULL,NULL,NULL,NULL,NULL,NULL),('UGM-e9eb4d252dc87b803f783a3984d98866',NULL,'BPLS.MASTER','USR-ADMIN','ADMIN','ADMIN','ADMIN',NULL,NULL,NULL,NULL,NULL,NULL,NULL),('UGM-ea39590fa46571bcf7c58570b656ed70',NULL,'BPLS.RULE_AUTHOR','USR-ADMIN','ADMIN','ADMIN','ADMIN',NULL,NULL,NULL,NULL,NULL,NULL,NULL),('UGM-efea991cbc7b2a57b0074d2eb973c208',NULL,'BPLS.ASSESSOR','USR-ADMIN','ADMIN','ADMIN','ADMIN',NULL,NULL,NULL,NULL,NULL,NULL,NULL),('UGM-f63c4b1043af76a8ccab505ca4a9c473',NULL,'BPLS.ONLINE_DATA_APPROVER','USR-ADMIN','ADMIN','ADMIN','ADMIN',NULL,NULL,NULL,NULL,NULL,NULL,NULL),('UGM5108190:179ef5a1e72:-7d5f',NULL,'RPT.RULE_AUTHOR','USR-ADMIN','ADMIN','ADMIN','ADMIN',NULL,NULL,NULL,NULL,NULL,NULL,NULL),('UGM5108190:179ef5a1e72:-7d70',NULL,'LANDTAX.RULE_AUTHOR','USR-ADMIN','ADMIN','ADMIN','ADMIN',NULL,NULL,NULL,NULL,NULL,NULL,NULL),('UGM537c8c6b:158d6f237ce:-6f11',NULL,'RULEMGMT.DEV','USR-ADMIN','ADMIN','ADMIN','ADMIN',NULL,NULL,NULL,NULL,NULL,NULL,NULL),('UGM537c8c6b:158d6f237ce:-7111',NULL,'WORKFLOW.DEV','USR-ADMIN','ADMIN','ADMIN','ADMIN',NULL,NULL,NULL,NULL,NULL,NULL,NULL),('UGM537c8c6b:158d6f237ce:-7130',NULL,'WORKFLOW.ADMIN','USR-ADMIN','ADMIN','ADMIN','ADMIN',NULL,NULL,NULL,NULL,NULL,NULL,NULL),('UGM53a5737a:178c9d6d0d8:-7e0c',NULL,'TREASURY.APPROVER','USR-ADMIN','ADMIN','ADMIN','ADMIN',NULL,NULL,NULL,NULL,NULL,NULL,NULL);
/*!40000 ALTER TABLE `sys_usergroup_member` ENABLE KEYS */;
UNLOCK TABLES;

--
-- Table structure for table `sys_usergroup_permission`
--

DROP TABLE IF EXISTS `sys_usergroup_permission`;
/*!40101 SET @saved_cs_client     = @@character_set_client */;
/*!40101 SET character_set_client = utf8 */;
CREATE TABLE `sys_usergroup_permission` (
  `objid` varchar(100) NOT NULL,
  `usergroup_objid` varchar(50) DEFAULT NULL,
  `object` varchar(25) DEFAULT NULL,
  `permission` varchar(25) DEFAULT NULL,
  `title` varchar(50) DEFAULT NULL,
  PRIMARY KEY (`objid`),
  KEY `FK_sys_usergroup_permission_usergroup` (`usergroup_objid`),
  CONSTRAINT `sys_usergroup_permission_ibfk_2` FOREIGN KEY (`usergroup_objid`) REFERENCES `sys_usergroup` (`objid`),
  CONSTRAINT `sys_usergroup_permission_ibfk_1` FOREIGN KEY (`usergroup_objid`) REFERENCES `sys_usergroup` (`objid`)
) ENGINE=InnoDB DEFAULT CHARSET=utf8;
/*!40101 SET character_set_client = @saved_cs_client */;

--
-- Dumping data for table `sys_usergroup_permission`
--

LOCK TABLES `sys_usergroup_permission` WRITE;
/*!40000 ALTER TABLE `sys_usergroup_permission` DISABLE KEYS */;
INSERT INTO `sys_usergroup_permission` VALUES ('BPLS-BUSINESSINFO-captureBusiness','BPLS.BUSINESSINFO','business','capture','Capture'),('ENTITY-MASTER-createIndividual','ENTITY.MASTER','entityindividual','create','Create'),('ENTITY-MASTER-createJuridical','ENTITY.MASTER','entityjuridical','create','Create'),('ENTITY-MASTER-createMultiple','ENTITY.MASTER','entitymultiple','create','Create'),('ENTITY-MASTER-deleteIndividual','ENTITY.MASTER','entityindividual','delete','Delete'),('ENTITY-MASTER-deleteJuridical','ENTITY.MASTER','entityjuridical','delete','Delete'),('ENTITY-MASTER-deleteMultiple','ENTITY.MASTER','entitymultiple','delete','Delete'),('ENTITY-MASTER-editIndividual','ENTITY.MASTER','entityindividual','edit','Edit'),('ENTITY-MASTER-editJuridical','ENTITY.MASTER','entityjuridical','edit','Edit'),('ENTITY-MASTER-editMultiple','ENTITY.MASTER','entitymultiple','edit','Edit'),('ENTITY-MASTER-editname','ENTITY.MASTER','entityindividual','editname','Edit Name'),('ENTITY-MASTER-openIndividual','ENTITY.MASTER','entityindividual','open','Open'),('ENTITY-MASTER-openJuridical','ENTITY.MASTER','entityjuridical','open','Open'),('ENTITY-MASTER-openMultiple','ENTITY.MASTER','entitymultiple','open','Open'),('LANDTAX.ADMIN-add_new_ledger_faas','LANDTAX.ADMIN','rptledger','add_new_ledger_faas','Add New Ledger FAAS'),('LANDTAX.ADMIN-change_faas_reference','LANDTAX.ADMIN','rptledger','change_faas_reference','Change FAAS Reference'),('LANDTAX.ADMIN-fix_ledger_faas','LANDTAX.ADMIN','rptledger','fix_ledger_faas','Fix Ledger FAAS'),('LANDTAX.REPORT.restricted-property.generate','LANDTAX.REPORT','restricted-property','generate','Generate List of Restricted Properties'),('PER-41ea09c:157ef7851c2:-7df4','RPT.MANAGEMENT','report','txn-monitoring','Transaction Monitoring'),('RPT-ANNOTATION-C','RPT.APPRAISER','annotation','create','create'),('RPT-ANNOTATION-R','RPT.APPRAISER','annotation','read','read'),('RPT-BILLING-C','RPT.LANDTAX','rptbilling','create','create'),('RPT-CANCELANNOTATION-C','RPT.APPRAISER','cancelannotation','create','create'),('RPT-CANCELFAAS-C','RPT.APPRAISER','cancelfaas','create','create'),('RPT-CERTICICATION-LE','RPT.CERTIFICATION_ISSUER','certification','latestandexisting','latestandexisting'),('RPT-CERTIFICATION-LH','RPT.CERTIFICATION_ISSUER','certification','landholding','landholding'),('RPT-CERTIFICATION-MP','RPT.CERTIFICATION_ISSUER','certification','multipleproperty','multipleproperty'),('RPT-CERTIFICATION-NE','RPT.CERTIFICATION_ISSUER','certification','noencumbrance','noencumbrance'),('RPT-CERTIFICATION-NP','RPT.CERTIFICATION_ISSUER','certification','noproperty','noproperty'),('RPT-CERTIFICATION-OWN','RPT.CERTIFICATION_ISSUER','certification','ownership','ownership'),('RPT-CERTIFICATION-TDT','RPT.CERTIFICATION_ISSUER','certification','tdtruecopy','tdtruecopy'),('RPT-CS-C','RPT.APPRAISER','consolidation','create','create'),('RPT-CS-D','RPT.APPRAISER','consolidation','delete','delete'),('RPT-CS-R','RPT.APPRAISER','consolidation','read','read'),('RPT-CS-U','RPT.APPRAISER','consolidation','edit','edit'),('RPT-FA-C','RPT.APPRAISER','annotation','create','create'),('RPT-FA-D','RPT.APPRAISER','annotation','delete','delete'),('RPT-FA-R','RPT.APPRAISER','annotation','read','read'),('RPT-FA-U','RPT.APPRAISER','annotation','edit','edit'),('RPT-FAAS-APPROVER-A','RPT.APPROVER','faas','approve','approve'),('RPT-FAAS-APPROVER-D','RPT.APPROVER','faas','disapprove','disapprove'),('RPT-FAAS-C-CC','RPT.APPRAISER','faas','createChangeClassificatio','createChangeClassificatio'),('RPT-FAAS-C-CD','RPT.APPRAISER','faas','createChangeDepreciation','createChangeDepreciation'),('RPT-FAAS-C-CE','RPT.APPRAISER','faas','createCorrection','createCorrection'),('RPT-FAAS-C-CT','RPT.APPRAISER','faas','createChangeTaxability','createChangeTaxability'),('RPT-FAAS-C-DC','RPT.APPRAISER','faas','createDataCapture','createDataCapture'),('RPT-FAAS-C-GR','RPT.APPRAISER','faas','createGeneralRevision','createGeneralRevision'),('RPT-FAAS-C-MC','RPT.APPRAISER','faas','createMultipleClaim','createMultipleClaim'),('RPT-FAAS-C-ND','RPT.APPRAISER','faas','createNewDiscovery','createNewDiscovery'),('RPT-FAAS-C-RE','RPT.APPRAISER','faas','createReassessment','createReassessment'),('RPT-FAAS-C-TR','RPT.APPRAISER','faas','createTransfer','createTransfer'),('RPT-FAAS-D','RPT.APPRAISER','faas','delete','delete'),('RPT-FAAS-E','RPT.APPRAISER','faas','edit','edit'),('RPT-FAAS-R','RPT.APPRAISER','faas','read','read'),('RPT-FAAS-REC-A','RPT.RECOMMENDER','faas','approve','approve'),('RPT-FAAS-REC-D','RPT.RECOMMENDER','faas','disapprove','disapprove'),('RPT-FAAS-REC-S','RPT.RECOMMENDER','faas','submitToProvince','submitToProvince'),('RPT-FAAS-S','RPT.APPRAISER','faas','submit','submit'),('RPT-FAASUPDATE-C','RPT.APPRAISER','faasupdate','create','create'),('RPT-GR-BATCH','RPT.ASSESSOR','batchgr','create','create'),('RPT-LEDGER-A','RPT.LANDTAX','rptledger','approve','approve'),('RPT-LEDGER-C','RPT.LANDTAX','rptledger','capturepayment','capturepayment'),('RPT-LEDGER-CHANGESTATE','RPT.LANDTAX','rptledger','changestate','changestate'),('RPT-LEDGER-E','RPT.LANDTAX','rptledger','edit','edit'),('RPT-LEDGER-FL','RPT.LANDTAX','rptledger','fixledger','fixledger'),('RPT-LEDGER-LS','LANDTAX.LANDTAX_SHARED','rptledger','list','list'),('RPT-LEDGER-PP','LANDTAX.LANDTAX','rptledger','postpayment','postpayment'),('RPT-LEDGER-R','LANDTAX.LANDTAX','rptledger','read','read'),('RPT-NA-C','RPT.APPRAISER','noticeofassessment','create','create'),('RPT-NA-R','RPT.APPRAISER','noticeofassessment','read','read'),('RPT-RESECTION-C','RPT.APPRAISER','resection','create','create'),('RPT-RESECTION-D','RPT.APPRAISER','resection','delete','delete'),('RPT-RESECTION-E','RPT.APPRAISER','resection','edit','edit'),('RPT-RESECTION-S','RPT.APPRAISER','resection','submit','submit'),('RPT-SD-C','RPT.APPRAISER','subdivision','create','create'),('RPT-SD-D','RPT.APPRAISER','subdivision','delete','delete'),('RPT-SD-R','RPT.APPRAISER','subdivision','read','read'),('RPT-SD-S','RPT.APPRAISER','subdivision','submit','submit'),('RPT-SD-U','RPT.APPRAISER','subdivision','edit','edit'),('RPT-TAXCLEARANCE-C','RPT.LANDTAX','taxclearance','create','create'),('RPT-UTIL-MODIFYPIN','RPT.APPRAISER','util','modifypin','modifypin'),('RPT.MASTER-approve','RPT.MASTER','master','approve','Approve Memoranda Template'),('RPT.MASTER-bldgkind-create','RPT.MASTER','bldgkind','create','Create Kind of Building'),('RPT.MASTER-bldgkind-delete','RPT.MASTER','bldgkind','delete','Delete Kind of Building'),('RPT.MASTER-bldgkind-edit','RPT.MASTER','bldgkind','edit','Edit Kind of Building'),('RPT.MASTER-bldgkind-read','RPT.MASTER','bldgkind','read','Open Kind of Building'),('RPT.MASTER-classification-create','RPT.MASTER','propertyclassification','create','Create Property Classification'),('RPT.MASTER-classification-delete','RPT.MASTER','propertyclassification','delete','Delete Property Classification'),('RPT.MASTER-classification-edit','RPT.MASTER','propertyclassification','edit','Edit Property Classification'),('RPT.MASTER-classification-read','RPT.MASTER','propertyclassification','read','Open Property Classification'),('RPT.MASTER-disapprove','RPT.MASTER','master','disapprove','Disapprove Memoranda Template'),('RPT.MASTER-exemptiontype-create','RPT.MASTER','exemptiontype','create','Create Exemption Type'),('RPT.MASTER-exemptiontype-delete','RPT.MASTER','exemptiontype','delete','Delete Exemption Type'),('RPT.MASTER-exemptiontype-edit','RPT.MASTER','exemptiontype','edit','Edit Exemption Type'),('RPT.MASTER-exemptiontype-read','RPT.MASTER','exemptiontype','read','Open Exemption Type'),('RPT.MASTER-export','RPT.MASTER','master','export','Export Master Files'),('RPT.MASTER-faastxntype-edit','RPT.MASTER','faastxntype','edit','Edit Transaction Types'),('RPT.MASTER-faastxntype-read','RPT.MASTER','faastxntype','read','Open Transaction Types'),('RPT.MASTER-import','RPT.MASTER','master','import','Import Master Files'),('RPT.MASTER-landspecificclass-create','RPT.MASTER','landspecificclass','create','Create Land Specific Class'),('RPT.MASTER-landspecificclass-delete','RPT.MASTER','landspecificclass','delete','Delete Land Specific Class'),('RPT.MASTER-landspecificclass-edit','RPT.MASTER','landspecificclass','edit','Edit Land Specific Class'),('RPT.MASTER-landspecificclass-read','RPT.MASTER','landspecificclass','read','Open Land Specific Class'),('RPT.MASTER-machine-create','RPT.MASTER','machine','create','Create Machine'),('RPT.MASTER-machine-delete','RPT.MASTER','machine','delete','Delete Machine'),('RPT.MASTER-machine-edit','RPT.MASTER','machine','edit','Edit Machine'),('RPT.MASTER-machine-read','RPT.MASTER','machine','read','Open Machine'),('RPT.MASTER-material-create','RPT.MASTER','material','create','Create Material'),('RPT.MASTER-material-delete','RPT.MASTER','material','delete','Delete Material'),('RPT.MASTER-material-edit','RPT.MASTER','material','edit','Edit Material'),('RPT.MASTER-material-read','RPT.MASTER','material','read','Open Material'),('RPT.MASTER-memoranda-create','RPT.MASTER','rptis_memoranda_template','create','Create Memoranda Template'),('RPT.MASTER-memoranda-delete','RPT.MASTER','rptis_memoranda_template','delete','Delete Memoranda Template'),('RPT.MASTER-memoranda-edit','RPT.MASTER','rptis_memoranda_template','edit','Edit Memoranda Template'),('RPT.MASTER-memoranda-read','RPT.MASTER','rptis_memoranda_template','read','Open Memoranda Template'),('RPT.MASTER-miscitem-create','RPT.MASTER','miscitem','create','Create Miscellaneous Item'),('RPT.MASTER-miscitem-delete','RPT.MASTER','miscitem','delete','Delete Miscellaneous Item'),('RPT.MASTER-miscitem-edit','RPT.MASTER','miscitem','edit','Edit Miscellaneous Item'),('RPT.MASTER-miscitem-read','RPT.MASTER','miscitem','read','Open Miscellaneous Item'),('RPT.MASTER-plant-create','RPT.MASTER','planttree','create','Create Plant/Tree'),('RPT.MASTER-plant-delete','RPT.MASTER','planttree','delete','Delete Plant/Tree'),('RPT.MASTER-plant-edit','RPT.MASTER','planttree','edit','Edit Plant/Tree'),('RPT.MASTER-plant-read','RPT.MASTER','planttree','read','Open Plant/Tree'),('RPT.MASTER-requirementtype-create','RPT.MASTER','requirementtype','create','Create Requirement Type'),('RPT.MASTER-requirementtype-delete','RPT.MASTER','requirementtype','delete','Delete Requirement Type'),('RPT.MASTER-requirementtype-edit','RPT.MASTER','requirementtype','edit','Edit Requirement Type'),('RPT.MASTER-requirementtype-read','RPT.MASTER','requirementtype','read','Open Requirement Type'),('RPT.MASTER-rptparameter-create','RPT.MASTER','rptparameter','create','Create Parameter'),('RPT.MASTER-rptparameter-delete','RPT.MASTER','rptparameter','delete','Delete Parameter'),('RPT.MASTER-rptparameter-edit','RPT.MASTER','rptparameter','edit','Edit Parameter'),('RPT.MASTER-rptparameter-read','RPT.MASTER','rptparameter','read','Open Parameter'),('RPT.MASTER-structure-create','RPT.MASTER','structure','create','Create Structure'),('RPT.MASTER-structure-delete','RPT.MASTER','structure','delete','Delete Structure'),('RPT.MASTER-structure-edit','RPT.MASTER','structure','edit','Edit Structure'),('RPT.MASTER-structure-read','RPT.MASTER','structure','read','Open Structure'),('RPT.MASTER-sync','RPT.MASTER','master','sync','Synchronize Master Files'),('RPT.MASTER-viewlist','RPT.MASTER','master','viewlist','View Master Files'),('RPT.REPORT-faas-titled-report-viewreport','RPT.REPORT','faas-titled-report','viewreport','View Report'),('SUBCOLLECTOR-DISAPPROVED','TREASURY.SUBCOLLECTOR','batchcapture','disapprove','disapprove'),('SUBCOLLECTOR-POST','TREASURY.SUBCOLLECTOR','batchcapture','post','post'),('TREASURY-ADMIN-receipt-void','TREASURY.ADMIN','receipt','void','Void Receipt'),('TREASURY-AFO-ADMIN-aftxn-changetxntype','TREASURY.AFO_ADMIN','aftxn','changeTxnType','Change Txn Type'),('TREASURY-AFO-afserial-forward','TREASURY.AFO','afserial','forward','Forward'),('TREASURY-AFO-cashticket-forward','TREASURY.AFO','cashticket','forward','Forward'),('TREASURY-COLLECTOR','TREASURY.COLLECTOR','receipt','online','online'),('TREASURY-COLLECTOR-ADMIN-aftxn-changetxntype','TREASURY.COLLECTOR_ADMIN','remittance','rebuildFund','Rebuild Remittance Fund'),('TREASURY-COLLECTOR-ADMIN-remittance-modifyCashBreakdown','TREASURY.COLLECTOR_ADMIN','remittance','modifyCashBreakdown','Modify Remittance Cash Breakdown'),('TREASURY-COLLECTOR-ADMIN-remittance-voidReceipt','TREASURY.COLLECTOR_ADMIN','remittance','voidReceipt','Void Receipt'),('TREASURY-COLLECTOR-receipt-void','TREASURY.COLLECTOR','receipt','void','Void Receipt'),('TREASURY-DATA_CONTROLLER-batchcapture-manage','TREASURY.DATA_CONTROLLER','batchcapture','manage','Manage Batch Capture'),('TREASURY-LIQUIDATING_OFFICER','TREASURY.LIQUIDATING_OFFICER','cashbook','list','list'),('TREASURY-MASTER-createbank','TREASURY.MASTER','bank','create','Create'),('TREASURY-MASTER-createcashbook','TREASURY.MASTER','cashbook','create','Create'),('TREASURY-MASTER-createcollectiongroup','TREASURY.MASTER','collectiongroup','create','Create'),('TREASURY-MASTER-createcollectiontype','TREASURY.MASTER','collectiontype','create','Create'),('TREASURY-MASTER-createFund','TREASURY.MASTER','fund','create','Create'),('TREASURY-MASTER-createRevenueItem','TREASURY.MASTER','revenueitem','create','Create'),('TREASURY-MASTER-createsreaccount','TREASURY.MASTER','sreaccount','create','Create'),('TREASURY-MASTER-deletebank','TREASURY.MASTER','bank','delete','Delete'),('TREASURY-MASTER-deletecashbook','TREASURY.MASTER','cashbook','delete','Delete'),('TREASURY-MASTER-deletecollectiongroup','TREASURY.MASTER','collectiongroup','delete','Delete'),('TREASURY-MASTER-deletecollectiontype','TREASURY.MASTER','collectiontype','delete','Delete'),('TREASURY-MASTER-deleteFund','TREASURY.MASTER','fund','delete','Delete'),('TREASURY-MASTER-deleteRevenueItem','TREASURY.MASTER','revenueitem','delete','Delete'),('TREASURY-MASTER-deletesreaccount','TREASURY.MASTER','sreaccount','delete','Delete'),('TREASURY-MASTER-editbank','TREASURY.MASTER','bank','edit','Edit'),('TREASURY-MASTER-editcashbook','TREASURY.MASTER','cashbook','edit','Edit'),('TREASURY-MASTER-editcollectiongroup','TREASURY.MASTER','collectiongroup','edit','Edit'),('TREASURY-MASTER-editcollectiontype','TREASURY.MASTER','collectiontype','edit','Edit'),('TREASURY-MASTER-editFund','TREASURY.MASTER','fund','edit','Edit'),('TREASURY-MASTER-editRevenueItem','TREASURY.MASTER','revenueitem','edit','Edit'),('TREASURY-MASTER-editsreaccount','TREASURY.MASTER','sreaccount','edit','Edit'),('TREASURY-MASTER-openbank','TREASURY.MASTER','bank','open','Open'),('TREASURY-MASTER-opencashbook','TREASURY.MASTER','cashbook','open','Open'),('TREASURY-MASTER-opencollectiongroup','TREASURY.MASTER','collectiongroup','open','Open'),('TREASURY-MASTER-opencollectiontype','TREASURY.MASTER','collectiontype','open','Open'),('TREASURY-MASTER-openFund','TREASURY.MASTER','fund','open','Open'),('TREASURY-MASTER-openRevenueItem','TREASURY.MASTER','revenueitem','open','Open'),('TREASURY-MASTER-opensreaccount','TREASURY.MASTER','sreaccount','open','Open'),('TREASURY-MASTER-viewbank','TREASURY.MASTER','bank','view','View'),('TREASURY-MASTER-viewcashbook','TREASURY.MASTER','cashbook','view','View'),('TREASURY-MASTER-viewcollectiongroup','TREASURY.MASTER','collectiongroup','view','View'),('TREASURY-MASTER-viewcollectiontype','TREASURY.MASTER','collectiontype','view','View'),('TREASURY-MASTER-viewFund','TREASURY.MASTER','fund','view','View'),('TREASURY-MASTER-viewRevenueItem','TREASURY.MASTER','revenueitem','view','View'),('TREASURY-MASTER-viewsreaccount','TREASURY.MASTER','sreaccount','view','View'),('TREASURY-REPORT-collectionbyfund-viewreport','TREASURY.REPORT','collectionbyfund','viewreport','View Report'),('TREASURY-REPORT-directtocash-viewreport','TREASURY.REPORT','directtocash','viewreport','View Report'),('TREASURY-REPORT-srs-viewreport','TREASURY.REPORT','srs','viewreport','View Report'),('TREASURY-REPORT-statementofrevenue-viewreport','TREASURY.REPORT','statementofrevenue','viewreport','View Report'),('TREASURY-SHARED-bankdeposit-view','TREASURY.SHARED','bankdeposit','view','View List'),('TREASURY-SHARED-liquidation-view','TREASURY.SHARED','liquidation','view','View List'),('TREASURY-SHARED-remittance-view','TREASURY.SHARED','remittance','view','View List'),('TREASURY-SUBCOLLECTOR-receipt-void','TREASURY.SUBCOLLECTOR','receipt','void','Void Receipt'),('TREASURY.ADMIN.checkpayment_dishonored.view','TREASURY.ADMIN','checkpayment_dishonored','view','View Dishonored Checks'),('TREASURY.CASHIER.checkpayment_dishonored.view','TREASURY.CASHIER','checkpayment_dishonored','view','View Dishonored Checks'),('TREASURY.COLLECTOR.cashreceipt.convertCashToCheck','TREASURY.COLLECTOR','cashreceipt','convertCashToCheck','Convert Cash To Check'),('TREASURY.COLLECTOR.cashreceipt.convertCheckToCash','TREASURY.COLLECTOR','cashreceipt','convertCheckToCash','Convert Check To Cash'),('TREASURY.SHARED.checkpayment_dishonored.view','TREASURY.SHARED','checkpayment_dishonored','view','View Dishonored Checks'),('TREASURY.SUBCOLLECTOR.cashreceipt.convertCashToCheck','TREASURY.SUBCOLLECTOR','cashreceipt','convertCashToCheck','Convert Cash To Check'),('TREASURY.SUBCOLLECTOR.cashreceipt.convertCheckToCash','TREASURY.SUBCOLLECTOR','cashreceipt','convertCheckToCash','Convert Check To Cash'),('UGP-3219ec222220f68d1f69d4d1d76021e0','TREASURY.LIQ_OFFICER_ADMIN','collectionvoucher','modifyCashBreakdown','Modify Cash Breakdown'),('UGP-4e508bdd04888894926f677bbc0be374','TREASURY.LIQ_OFFICER_ADMIN','collectionvoucher','rebuildFund','Rebuild Fund Summary'),('UGP-cf543fabc2aca483c6e5d3d48c39c4cc','TREASURY.LIQ_OFFICER_ADMIN','incomesummary','rebuild','Rebuild Income Summary'),('UGP-d2bb69a6769517e0c8e672fec41f5fd7','TREASURY.LIQ_OFFICER_ADMIN','collectionvoucher','changeLiqOfficer','Change Liquidating Officer'),('USRGRPPERMS-4bed8ed4:1679ca684b3:-7510','TREASURY.APPROVER','cashreceipt','approve_void','Void Cash Receipt'),('USRGRPPERMS-4bed8ed4:1679ca684b3:-759f','TREASURY.APPROVER','cashreceipt','approve_reprint','Reprint Cash Receipt');
/*!40000 ALTER TABLE `sys_usergroup_permission` ENABLE KEYS */;
UNLOCK TABLES;

--
-- Table structure for table `sys_var`
--

DROP TABLE IF EXISTS `sys_var`;
/*!40101 SET @saved_cs_client     = @@character_set_client */;
/*!40101 SET character_set_client = utf8 */;
CREATE TABLE `sys_var` (
  `name` varchar(50) NOT NULL,
  `value` longtext,
  `description` varchar(255) DEFAULT NULL,
  `datatype` varchar(15) DEFAULT NULL,
  `category` varchar(50) DEFAULT NULL,
  PRIMARY KEY (`name`)
) ENGINE=InnoDB DEFAULT CHARSET=utf8;
/*!40101 SET character_set_client = @saved_cs_client */;

--
-- Dumping data for table `sys_var`
--

LOCK TABLES `sys_var` WRITE;
/*!40000 ALTER TABLE `sys_var` DISABLE KEYS */;
INSERT INTO `sys_var` VALUES ('allow_consolidation_with_balance','false',NULL,'checkbox','ASSESSOR'),('allow_faas_transaction_with_balance','false',NULL,'checkbox','ASSESSOR'),('allow_general_collection_discount','0',NULL,'boolean','TC'),('allow_multiple_open_liquidation','1',NULL,NULL,NULL),('allow_subdivision_with_balance','false',NULL,'checkbox','ASSESSOR'),('assttreasurername','-',NULL,NULL,NULL),('assttreasurertitle','-',NULL,NULL,NULL),('bldg_rpu_auto_depreciate','1',NULL,NULL,'ASSESSOR'),('ctc_brgyshare','0.50','CTC Barangay Share',NULL,'CTC'),('current_ry','2017',NULL,'integer','ASSESSOR'),('deposit_collection_by_bank_account','0','Deposit collection by bank account instead of by fund','checkbox','TC'),('deposit_print_date','0',NULL,NULL,'TC'),('faas_affected_rpu_txntype_dp','0','Set affected improvements FAAS txntype to DP e.g. SD and CS','checkbox','ASSESSOR'),('faas_datacapture_allow_edit_av','0',NULL,'checkbox','ASSESSOR'),('faas_formalize_owner_name','0','Formalize Owner Name upon lookup','checkbox','ASSESSOR'),('faas_land_auto_agricultural_adjustment','1','Land RPU Auto Adjustment','checkbox','ASSESSOR'),('faas_transaction_process_as_capture','0','Allow processing of online transaction as data capture','checkbox','ASSESSOR'),('gr_ordinance_no','2017-37',NULL,'text','ASSESSOR'),('gr_renumber_pin','0',NULL,'checkbox','ASSESSOR'),('gr_td_autonumber','true',NULL,'checkbox','ASSESSOR'),('invalid_login_access_date_interval','1m','number of hours/days access date is moved when failed_login_max_retries is reached( d=days, h=hours)',NULL,NULL),('invalid_login_action','1','0 - suspend 1-move access to a later date',NULL,NULL),('invalid_login_max_retries','5','No. of times a user can retry login before disabling account',NULL,NULL),('landtax_certifiedby','-',NULL,'text','LANDTAX'),('landtax_certifiedby_title','-',NULL,'text','LANDTAX'),('liquidate_remittance_as_of_date','1','Liquidate Remittance up to date','checkbox','TC'),('liquidation_report_show_accountable_forms','0','Show Accoutable Forms in RCD Liquidation Report ',NULL,'TC'),('pin_autonumber','0',NULL,'checkbox','ASSESSOR'),('pin_type','new','PIN Formatting Type valid values: old or new','text','ASSESSOR'),('pwd_change_cycle','1','No. of times the user cannot use a repeating password',NULL,'SYSTEM'),('pwd_change_date_interval','365M','No. of days/months before a user is required to change their password (d=days, M=months)',NULL,'SYSTEM'),('pwd_change_login_count','0','No. of times a user has successfully logged in before changing their password. (0=no limit) ',NULL,'SYSTEM'),('receipt_item_printout_count','10',NULL,NULL,'SYSTEM'),('rptbilling_assessed_value_fact_years','2002,2013',NULL,NULL,'LANDTAX'),('rptledger_post_ledgerfaas_by_actualuse','0','Post by Ledger FAAS by actual use','checkbox','LANDTAX'),('rptledger_rule_include_ledger_faases','0','Include Ledger FAASes as rule facts','checkbox','LANDTAX'),('rpt_round_to_ten_item_assessed_value','0',NULL,'checkbox','ASSESSOR'),('ry_ordinance_no','2017-37',NULL,NULL,'ASSESSOR'),('sangguinan_name','SANGGUNIANG PANLALAWIGAN','sangguinian name','text','ASSESSOR'),('sa_pwd','ba4d084b31b41fbe55302c0429d93c81',NULL,NULL,NULL),('secretary_name',NULL,NULL,NULL,NULL),('secretary_title',NULL,NULL,NULL,NULL),('server_timezone','Asia/Shanghai','this must be matched with default timezone of server',NULL,NULL),('session_timeout_interval','1d ','expiry dates of inactive session (d=days, h=hours)',NULL,'SYSTEM'),('subdivision_allow_equal_area_only','false','Allow Subdivision with equal area only ','checkbox','ASSESSOR'),('system_pwd','!1234#','system password',NULL,'SYSTEM'),('td_autonumber','true',NULL,'checkbox','ASSESSOR'),('td_autonumber_sequence_count','5',NULL,'integer','ASSESSOR'),('td_format','Y-M-B','Tax Declaration No. format. Options: Y- revision year, M-municipality index, C - city index, D-district index, B=-barangay index','text','ASSESSOR'),('td_report_display_appraisedby','0',NULL,'checkbox','ASSESSOR'),('td_report_display_recommendedby','0','Display Recommended by ',NULL,'ASSESSOR'),('td_report_item_format','BLGF','Valid Values: BLGF or MODIFIED','text','ASSESSOR'),('td_show_landinfo_on_improvements','1','Show the land information such as boundary etc in the improvement tax declaration. Options: 1 - show; 0 - hide','checkbox','ASSESSOR');
/*!40000 ALTER TABLE `sys_var` ENABLE KEYS */;
UNLOCK TABLES;

--
-- Table structure for table `sys_wf`
--

DROP TABLE IF EXISTS `sys_wf`;
/*!40101 SET @saved_cs_client     = @@character_set_client */;
/*!40101 SET character_set_client = utf8 */;
CREATE TABLE `sys_wf` (
  `name` varchar(50) NOT NULL,
  `title` varchar(100) DEFAULT NULL,
  `domain` varchar(50) DEFAULT NULL,
  PRIMARY KEY (`name`)
) ENGINE=InnoDB DEFAULT CHARSET=utf8;
/*!40101 SET character_set_client = @saved_cs_client */;

--
-- Dumping data for table `sys_wf`
--

LOCK TABLES `sys_wf` WRITE;
/*!40000 ALTER TABLE `sys_wf` DISABLE KEYS */;
INSERT INTO `sys_wf` VALUES ('business_application','Business Application Workflow',NULL);
/*!40000 ALTER TABLE `sys_wf` ENABLE KEYS */;
UNLOCK TABLES;

--
-- Table structure for table `sys_wf_assignee`
--

DROP TABLE IF EXISTS `sys_wf_assignee`;
/*!40101 SET @saved_cs_client     = @@character_set_client */;
/*!40101 SET character_set_client = utf8 */;
CREATE TABLE `sys_wf_assignee` (
  `objid` varchar(50) NOT NULL,
  `processname` varchar(50) DEFAULT NULL,
  `state` varchar(50) DEFAULT NULL,
  `domain` varchar(50) DEFAULT NULL,
  `role` varchar(50) DEFAULT NULL,
  `user_objid` varchar(50) DEFAULT NULL,
  `expr` varchar(255) DEFAULT NULL,
  PRIMARY KEY (`objid`)
) ENGINE=InnoDB DEFAULT CHARSET=utf8;
/*!40101 SET character_set_client = @saved_cs_client */;

--
-- Dumping data for table `sys_wf_assignee`
--

LOCK TABLES `sys_wf_assignee` WRITE;
/*!40000 ALTER TABLE `sys_wf_assignee` DISABLE KEYS */;
/*!40000 ALTER TABLE `sys_wf_assignee` ENABLE KEYS */;
UNLOCK TABLES;

--
-- Table structure for table `sys_wf_node`
--

DROP TABLE IF EXISTS `sys_wf_node`;
/*!40101 SET @saved_cs_client     = @@character_set_client */;
/*!40101 SET character_set_client = utf8 */;
CREATE TABLE `sys_wf_node` (
  `name` varchar(50) NOT NULL,
  `processname` varchar(50) NOT NULL DEFAULT '',
  `title` varchar(100) DEFAULT NULL,
  `nodetype` varchar(10) DEFAULT NULL,
  `idx` int(11) NOT NULL,
  `salience` int(11) DEFAULT NULL,
  `domain` varchar(50) DEFAULT NULL,
  `role` varchar(255) DEFAULT NULL,
  `properties` text,
  `ui` text,
  `tracktime` int(11) DEFAULT NULL,
  PRIMARY KEY (`name`,`processname`)
) ENGINE=InnoDB DEFAULT CHARSET=utf8;
/*!40101 SET character_set_client = @saved_cs_client */;

--
-- Dumping data for table `sys_wf_node`
--

LOCK TABLES `sys_wf_node` WRITE;
/*!40000 ALTER TABLE `sys_wf_node` DISABLE KEYS */;
INSERT INTO `sys_wf_node` VALUES ('appraiser','batchgr','Appraisal','state',45,NULL,'RPT','APPRAISER',NULL,NULL,NULL),('appraiser','cancelledfaas','Appraisal','state',45,NULL,'RPT','APPRAISER',NULL,NULL,NULL),('appraiser','consolidation','Appraisal','state',45,NULL,'RPT','APPRAISER',NULL,NULL,NULL),('appraiser','faas','Appraisal','state',45,NULL,'RPT','APPRAISER',NULL,NULL,NULL),('appraiser','resection','Appraisal','state',45,NULL,'RPT','APPRAISER',NULL,NULL,NULL),('appraiser','subdivision','Appraisal','state',45,NULL,'RPT','APPRAISER',NULL,NULL,NULL),('appraiser_chief','batchgr','Appraisal Approval','state',55,NULL,'RPT','APPRAISAL_CHIEF',NULL,NULL,NULL),('appraiser_chief','cancelledfaas','Appraisal Chief Approval','state',55,NULL,'RPT','APPRAISAL_CHIEF',NULL,NULL,NULL),('appraiser_chief','consolidation','Appraisal Approval','state',55,NULL,'RPT','APPRAISAL_CHIEF',NULL,NULL,NULL),('appraiser_chief','faas','Appraisal Chief Approval','state',55,NULL,'RPT','APPRAISAL_CHIEF',NULL,NULL,NULL),('appraiser_chief','resection','Appraisal Approval','state',55,NULL,'RPT','APPRAISAL_CHIEF',NULL,NULL,NULL),('appraiser_chief','subdivision','Appraisal Approval','state',55,NULL,'RPT','APPRAISAL_CHIEF',NULL,NULL,NULL),('approval','business_application','Approval','state',6,0,'BPLS','APPROVER',NULL,NULL,NULL),('approver','batchgr','Provincial Assessor Approval','state',95,NULL,'RPT','APPROVER,ASSESSOR',NULL,NULL,NULL),('approver','cancelledfaas','Assessor Approval','state',85,NULL,'RPT','APPROVER,ASSESSOR',NULL,NULL,NULL),('approver','consolidation','Province Approval','state',90,NULL,'RPT','RECOMMENDER,ASSESSOR',NULL,NULL,NULL),('approver','faas','Assessor Approval','state',85,NULL,'RPT','APPROVER,ASSESSOR',NULL,NULL,NULL),('approver','resection','Province Approval','state',90,NULL,'RPT','RECOMMENDER,ASSESSOR',NULL,NULL,NULL),('approver','subdivision','Province Approval','state',90,NULL,'RPT','RECOMMENDER,ASSESSOR',NULL,NULL,NULL),('assessment','business_application','Assessment','state',4,100,'BPLS','ASSESSOR',NULL,NULL,NULL),('assign-appraisal-chief','batchgr','For Appraisal Approval','state',50,NULL,'RPT','APPRAISAL_CHIEF',NULL,NULL,NULL),('assign-appraisal-chief','cancelledfaas','For Appraisal Chief Approval','state',50,NULL,'RPT','APPRAISAL_CHIEF',NULL,NULL,NULL),('assign-appraisal-chief','consolidation','For Appraisal Approval','state',50,NULL,'RPT','APPRAISAL_CHIEF',NULL,NULL,NULL),('assign-appraisal-chief','faas','For Appraisal Chief Approval','state',50,NULL,'RPT','APPRAISAL_CHIEF',NULL,NULL,NULL),('assign-appraisal-chief','resection','For Appraisal Approval','state',50,NULL,'RPT','APPRAISAL_CHIEF',NULL,NULL,NULL),('assign-appraisal-chief','subdivision','For Appraisal Approval','state',50,NULL,'RPT','APPRAISAL_CHIEF',NULL,NULL,NULL),('assign-appraiser','batchgr','For Appraisal','state',40,NULL,'RPT','APPRAISER',NULL,NULL,NULL),('assign-appraiser','cancelledfaas','For Appraisal','state',40,NULL,'RPT','APPRAISER',NULL,NULL,NULL),('assign-appraiser','consolidation','For Appraisal','state',40,NULL,'RPT','APPRAISER',NULL,NULL,NULL),('assign-appraiser','faas','For Appraisal','state',40,NULL,'RPT','APPRAISER',NULL,NULL,NULL),('assign-appraiser','resection','For Appraisal','state',40,NULL,'RPT','APPRAISER',NULL,NULL,NULL),('assign-appraiser','subdivision','For Appraisal','state',40,NULL,'RPT','APPRAISER',NULL,NULL,NULL),('assign-approver','batchgr','For Provincial Assessor Approval','state',90,NULL,'RPT','APPROVER,ASSESSOR',NULL,NULL,NULL),('assign-approver','cancelledfaas','For Assessor Approval','state',80,NULL,'RPT','APPROVER,ASSESSOR',NULL,NULL,NULL),('assign-approver','faas','For Assessor Approval','state',80,NULL,'RPT','APPROVER,ASSESSOR',NULL,NULL,NULL),('assign-assessor','business_application','Assign Assessor','state',2,0,'BPLS','ASSESSOR',NULL,NULL,NULL),('assign-examiner','batchgr','For Examination','state',10,NULL,'RPT','EXAMINER',NULL,NULL,NULL),('assign-examiner','cancelledfaas','For Examination','state',10,NULL,'RPT','EXAMINER',NULL,NULL,NULL),('assign-examiner','consolidation','For Examination','state',10,NULL,'RPT','EXAMINER',NULL,NULL,NULL),('assign-examiner','faas','For Examination','state',10,NULL,'RPT','EXAMINER',NULL,NULL,NULL),('assign-examiner','resection','For Examination','state',10,NULL,'RPT','EXAMINER',NULL,NULL,NULL),('assign-examiner','subdivision','For Examination','state',10,NULL,'RPT','EXAMINER',NULL,NULL,NULL),('assign-provappraiser','batchgr','For Appraisal','state',40,NULL,'RPT','APPRAISER',NULL,NULL,NULL),('assign-provappraiser','cancelledfaas','For Appraisal','state',210,0,'RPT','APPRAISER',NULL,NULL,NULL),('assign-provappraiser','faas','For Appraisal','state',210,0,'RPT','APPRAISER',NULL,NULL,NULL),('assign-provappraiserchief','cancelledfaas','For Appraisal Chief Approval','state',201,0,'RPT','APPRAISAL_CHIEF',NULL,NULL,NULL),('assign-provappraiserchief','faas','For Appraisal Chief Approval','state',201,0,'RPT','APPRAISAL_CHIEF',NULL,NULL,NULL),('assign-provapprover','cancelledfaas','For Provincial Assessor Approval','state',220,0,'RPT','APPROVER',NULL,NULL,NULL),('assign-provapprover','faas','For Provincial Assessor Approval','state',220,0,'RPT','APPROVER',NULL,NULL,NULL),('assign-provrecommender','cancelledfaas','For Recommending Approval','state',71,NULL,'RPT','RECOMMENDER',NULL,NULL,NULL),('assign-provrecommender','faas','For Recommending Approval','state',71,NULL,'RPT','RECOMMENDER',NULL,NULL,NULL),('assign-provtaxmapper','batchgr','For Taxmapping','state',20,NULL,'RPT','TAXMAPPER',NULL,NULL,NULL),('assign-provtaxmapper','cancelledfaas','For Taxmapping','state',200,0,'RPT','TAXMAPPER',NULL,NULL,NULL),('assign-provtaxmapper','faas','For Taxmapping','state',200,0,'RPT','TAXMAPPER',NULL,NULL,NULL),('assign-provtaxmapperchief','cancelledfaas','For Taxmapping Approval','state',25,0,'RPT','TAXMAPPER_CHIEF',NULL,NULL,NULL),('assign-provtaxmapperchief','faas','For Taxmapping Approval','state',25,0,'RPT','TAXMAPPER_CHIEF',NULL,NULL,NULL),('assign-receiver','batchgr','For Review and Verification','state',2,NULL,'RPT','RECEIVER',NULL,NULL,NULL),('assign-receiver','cancelledfaas','Assign Receiver','state',2,0,'RPT','RECEIVER',NULL,NULL,NULL),('assign-receiver','faas','Assign Receiver','state',2,0,'RPT','RECEIVER',NULL,NULL,NULL),('assign-recommender','batchgr','For Recommending Approval','state',70,NULL,'RPT','RECOMMENDER,ASSESSOR',NULL,NULL,NULL),('assign-recommender','cancelledfaas','For Recommending Approval','state',70,NULL,'RPT','RECOMMENDER',NULL,NULL,NULL),('assign-recommender','consolidation','For Recommending Approval','state',70,NULL,'RPT','RECOMMENDER,ASSESSOR',NULL,NULL,NULL),('assign-recommender','faas','For Recommending Approval','state',70,NULL,'RPT','RECOMMENDER',NULL,NULL,NULL),('assign-recommender','resection','For Recommending Approval','state',70,NULL,'RPT','RECOMMENDER,ASSESSOR',NULL,NULL,NULL),('assign-recommender','subdivision','For Recommending Approval','state',70,NULL,'RPT','RECOMMENDER,ASSESSOR',NULL,NULL,NULL),('assign-taxmapper','batchgr','For Taxmapping','state',20,NULL,'RPT','TAXMAPPER',NULL,NULL,NULL),('assign-taxmapper','cancelledfaas','For Taxmapping','state',20,NULL,'RPT','TAXMAPPER',NULL,NULL,NULL),('assign-taxmapper','consolidation','For Taxmapping','state',20,NULL,'RPT','TAXMAPPER',NULL,NULL,NULL),('assign-taxmapper','faas','For Taxmapping','state',20,NULL,'RPT','TAXMAPPER',NULL,NULL,NULL),('assign-taxmapper','resection','For Taxmapping','state',20,NULL,'RPT','TAXMAPPER',NULL,NULL,NULL),('assign-taxmapper','subdivision','For Taxmapping','state',20,NULL,'RPT','TAXMAPPER',NULL,NULL,NULL),('assign-taxmapping-approval','batchgr','For Taxmapping Approval','state',30,NULL,'RPT','TAXMAPPER_CHIEF',NULL,NULL,NULL),('assign-taxmapping-approval','cancelledfaas','For Taxmapper Chief Approval','state',30,NULL,'RPT','TAXMAPPER_CHIEF',NULL,NULL,NULL),('assign-taxmapping-approval','consolidation','For Taxmapping Approval','state',30,NULL,'RPT','TAXMAPPER_CHIEF',NULL,NULL,NULL),('assign-taxmapping-approval','faas','For Taxmapper Chief Approval','state',30,NULL,'RPT','TAXMAPPER_CHIEF',NULL,NULL,NULL),('assign-taxmapping-approval','resection','For Taxmapping Approval','state',30,NULL,'RPT','TAXMAPPER_CHIEF',NULL,NULL,NULL),('assign-taxmapping-approval','subdivision','For Taxmapping Approval','state',30,NULL,'RPT','TAXMAPPER_CHIEF',NULL,NULL,NULL),('end','batchgr','End','end',1000,NULL,'RPT',NULL,NULL,NULL,NULL),('end','business_application','end','end',10,0,'BPLS',NULL,NULL,NULL,NULL),('end','cancelledfaas','End','end',1000,NULL,'RPT',NULL,NULL,NULL,NULL),('end','consolidation','End','end',1000,NULL,'RPT',NULL,NULL,NULL,NULL),('end','faas','End','end',1000,NULL,'RPT',NULL,NULL,NULL,NULL),('end','resection','End','end',1000,NULL,'RPT',NULL,NULL,NULL,NULL),('end','subdivision','End','end',1000,NULL,'RPT',NULL,NULL,NULL,NULL),('examiner','batchgr','Examination','state',15,NULL,'RPT','EXAMINER',NULL,NULL,NULL),('examiner','cancelledfaas','Examination','state',15,NULL,'RPT','EXAMINER',NULL,NULL,NULL),('examiner','consolidation','Examination','state',15,NULL,'RPT','EXAMINER',NULL,NULL,NULL),('examiner','faas','Examination','state',15,NULL,'RPT','EXAMINER',NULL,NULL,NULL),('examiner','resection','Examination','state',15,NULL,'RPT','EXAMINER',NULL,NULL,NULL),('examiner','subdivision','Examination','state',15,NULL,'RPT','EXAMINER',NULL,NULL,NULL),('forapproval','batchgr','Provincial Assessor Approval','state',85,NULL,'RPT','APPROVER,ASSESSOR',NULL,NULL,NULL),('forapproval','consolidation','For Province Approval','state',85,NULL,'RPT','RECOMMENDER,ASSESSOR',NULL,NULL,NULL),('forapproval','resection','For Province Approval','state',85,NULL,'RPT','RECOMMENDER,ASSESSOR',NULL,NULL,NULL),('forapproval','subdivision','For Province Approval','state',85,NULL,'RPT','RECOMMENDER,ASSESSOR',NULL,NULL,NULL),('forprovapproval','batchgr','For Province Approval','state',81,NULL,'RPT','RECOMMENDER,ASSESSOR',NULL,NULL,NULL),('forprovapproval','consolidation','For Province Approval','state',81,NULL,'RPT','RECOMMENDER,ASSESSOR',NULL,NULL,NULL),('forprovapproval','resection','For Province Approval','state',81,NULL,'RPT','RECOMMENDER,ASSESSOR',NULL,NULL,NULL),('forprovapproval','subdivision','For Province Approval','state',81,NULL,'RPT','RECOMMENDER,ASSESSOR',NULL,NULL,NULL),('forprovsubmission','batchgr','For Province Submission','state',80,NULL,'RPT','RECOMMENDER,ASSESSOR',NULL,NULL,NULL),('forprovsubmission','consolidation','For Province Submission','state',80,NULL,'RPT','RECOMMENDER,ASSESSOR',NULL,NULL,NULL),('forprovsubmission','resection','For Province Submission','state',80,NULL,'RPT','RECOMMENDER,ASSESSOR',NULL,NULL,NULL),('forprovsubmission','subdivision','For Province Submission','state',80,NULL,'RPT','RECOMMENDER,ASSESSOR',NULL,NULL,NULL),('payment','business_application','For Payment','state',8,0,'BPLS','APPROVER',NULL,NULL,NULL),('provappraiser','batchgr','Appraisal','state',45,NULL,'RPT','APPRAISER',NULL,NULL,NULL),('provappraiser','cancelledfaas','Appraisal','state',215,0,'RPT','APPRAISER',NULL,NULL,NULL),('provappraiser','faas','Appraisal','state',215,0,'RPT','APPRAISER',NULL,NULL,NULL),('provappraiserchief','cancelledfaas','Appraisal Chief Approval','state',55,NULL,'RPT','APPRAISAL_CHIEF',NULL,NULL,NULL),('provappraiserchief','faas','Appraisal Chief Approval','state',55,NULL,'RPT','APPRAISAL_CHIEF',NULL,NULL,NULL),('provapprover','batchgr','Approved By Province','state',96,NULL,'RPT','APPROVER',NULL,NULL,NULL),('provapprover','cancelledfaas','Provincial Assessor Approval','state',230,NULL,'RPT','APPROVER,ASSESSOR',NULL,NULL,NULL),('provapprover','consolidation','Approved By Province','state',96,NULL,'RPT','APPROVER',NULL,NULL,NULL),('provapprover','faas','Provincial Assessor Approval','state',230,NULL,'RPT','APPROVER,ASSESSOR',NULL,NULL,NULL),('provapprover','resection','Approved By Province','state',96,NULL,'RPT','APPROVER',NULL,NULL,NULL),('provapprover','subdivision','Approved By Province','state',96,NULL,'RPT','APPROVER',NULL,NULL,NULL),('provrecommender','cancelledfaas','Recommending Approval','state',76,NULL,'RPT','RECOMMENDER',NULL,NULL,NULL),('provrecommender','faas','Recommending Approval','state',76,NULL,'RPT','RECOMMENDER',NULL,NULL,NULL),('provtaxmapper','batchgr','Taxmapping','state',25,NULL,'RPT','TAXMAPPER',NULL,NULL,NULL),('provtaxmapper','cancelledfaas','Taxmapping','state',205,0,'RPT','TAXMAPPER',NULL,NULL,NULL),('provtaxmapper','faas','Taxmapping','state',205,0,'RPT','TAXMAPPER',NULL,NULL,NULL),('provtaxmapperchief','cancelledfaas','Taxmapping Chief Approval','state',35,NULL,'RPT','TAXMAPPER_CHIEF',NULL,NULL,NULL),('provtaxmapperchief','faas','Taxmapping Chief Approval','state',35,NULL,'RPT','TAXMAPPER_CHIEF',NULL,NULL,NULL),('reassessment','business_application','Reassessment','state',7,0,'BPLS','ASSESSOR',NULL,NULL,NULL),('receiver','batchgr','Review and Verification','state',5,NULL,'RPT','RECEIVER',NULL,NULL,NULL),('receiver','cancelledfaas','Review and Verification','state',5,NULL,'RPT','RECEIVER',NULL,NULL,NULL),('receiver','consolidation','Review and Verification','state',5,NULL,'RPT','RECEIVER',NULL,NULL,NULL),('receiver','faas','Review and Verification','state',5,NULL,'RPT','RECEIVER',NULL,NULL,NULL),('receiver','resection','Review and Verification','state',5,NULL,'RPT','RECEIVER',NULL,NULL,NULL),('receiver','subdivision','Review and Verification','state',5,NULL,'RPT','RECEIVER',NULL,NULL,NULL),('recommender','batchgr','Recommending Approval','state',75,NULL,'RPT','RECOMMENDER,ASSESSOR',NULL,NULL,NULL),('recommender','cancelledfaas','Recommending Approval','state',75,NULL,'RPT','RECOMMENDER',NULL,NULL,NULL),('recommender','consolidation','Recommending Approval','state',75,NULL,'RPT','RECOMMENDER,ASSESSOR',NULL,NULL,NULL),('recommender','faas','Recommending Approval','state',75,NULL,'RPT','RECOMMENDER',NULL,NULL,NULL),('recommender','resection','Recommending Approval','state',75,NULL,'RPT','RECOMMENDER,ASSESSOR',NULL,NULL,NULL),('recommender','subdivision','Recommending Approval','state',75,NULL,'RPT','RECOMMENDER,ASSESSOR',NULL,NULL,NULL),('release','business_application','For Release','state',9,0,'BPLS','LICENSING',NULL,NULL,NULL),('start','batchgr','Start','start',1,NULL,'RPT',NULL,NULL,NULL,NULL),('start','business_application','Start','start',0,0,'BPLS',NULL,NULL,NULL,NULL),('start','cancelledfaas','Start','start',1,NULL,'RPT',NULL,NULL,NULL,NULL),('start','consolidation','Start','start',1,NULL,'RPT',NULL,NULL,NULL,NULL),('start','faas','Start','start',1,NULL,'RPT',NULL,NULL,NULL,NULL),('start','resection','Start','start',1,NULL,'RPT',NULL,NULL,NULL,NULL),('start','subdivision','Start','start',1,NULL,'RPT',NULL,NULL,NULL,NULL),('taxmapper','batchgr','Taxmapping','state',25,NULL,'RPT','TAXMAPPER',NULL,NULL,NULL),('taxmapper','cancelledfaas','Taxmapping','state',25,NULL,'RPT','TAXMAPPER',NULL,NULL,NULL),('taxmapper','consolidation','Taxmapping','state',25,NULL,'RPT','TAXMAPPER',NULL,NULL,NULL),('taxmapper','faas','Taxmapping','state',25,NULL,'RPT','TAXMAPPER',NULL,NULL,NULL),('taxmapper','resection','Taxmapping','state',25,NULL,'RPT','TAXMAPPER',NULL,NULL,NULL),('taxmapper','subdivision','Taxmapping','state',25,NULL,'RPT','TAXMAPPER',NULL,NULL,NULL),('taxmapper_chief','batchgr','Taxmapping Approval','state',35,NULL,'RPT','TAXMAPPER_CHIEF',NULL,NULL,NULL),('taxmapper_chief','cancelledfaas','Taxmapping Approval','state',35,NULL,'RPT','TAXMAPPER_CHIEF',NULL,NULL,NULL),('taxmapper_chief','consolidation','Taxmapping Approval','state',35,NULL,'RPT','TAXMAPPER_CHIEF',NULL,NULL,NULL),('taxmapper_chief','faas','Taxmapping Approval','state',35,NULL,'RPT','TAXMAPPER_CHIEF',NULL,NULL,NULL),('taxmapper_chief','resection','Taxmapping Approval','state',35,NULL,'RPT','TAXMAPPER_CHIEF',NULL,NULL,NULL),('taxmapper_chief','subdivision','Taxmapping Approval','state',35,NULL,'RPT','TAXMAPPER_CHIEF',NULL,NULL,NULL);
/*!40000 ALTER TABLE `sys_wf_node` ENABLE KEYS */;
UNLOCK TABLES;

--
-- Table structure for table `sys_wf_subtask`
--

DROP TABLE IF EXISTS `sys_wf_subtask`;
/*!40101 SET @saved_cs_client     = @@character_set_client */;
/*!40101 SET character_set_client = utf8 */;
CREATE TABLE `sys_wf_subtask` (
  `objid` varchar(50) NOT NULL DEFAULT '',
  `taskid` varchar(50) DEFAULT NULL,
  `requester_objid` varchar(50) DEFAULT NULL,
  `requester_name` varchar(100) DEFAULT NULL,
  `requestdate` datetime DEFAULT NULL,
  `startdate` datetime DEFAULT NULL,
  `enddate` datetime DEFAULT NULL,
  `assignee_objid` varchar(50) DEFAULT NULL,
  `assignee_name` varchar(100) DEFAULT NULL,
  `actor_objid` varchar(50) DEFAULT NULL,
  `actor_name` varchar(100) DEFAULT NULL,
  `remarks` varchar(255) DEFAULT NULL,
  `message` varchar(255) DEFAULT NULL,
  `action` varchar(50) DEFAULT NULL,
  PRIMARY KEY (`objid`),
  KEY `FK_sys_wf_subtask_sys_wf_task` (`taskid`),
  CONSTRAINT `FK_sys_wf_subtask_sys_wf_task` FOREIGN KEY (`taskid`) REFERENCES `sys_wf_task` (`objid`)
) ENGINE=InnoDB DEFAULT CHARSET=utf8;
/*!40101 SET character_set_client = @saved_cs_client */;

--
-- Dumping data for table `sys_wf_subtask`
--

LOCK TABLES `sys_wf_subtask` WRITE;
/*!40000 ALTER TABLE `sys_wf_subtask` DISABLE KEYS */;
/*!40000 ALTER TABLE `sys_wf_subtask` ENABLE KEYS */;
UNLOCK TABLES;

--
-- Table structure for table `sys_wf_task`
--

DROP TABLE IF EXISTS `sys_wf_task`;
/*!40101 SET @saved_cs_client     = @@character_set_client */;
/*!40101 SET character_set_client = utf8 */;
CREATE TABLE `sys_wf_task` (
  `objid` varchar(50) NOT NULL DEFAULT '',
  `refid` varchar(50) DEFAULT NULL,
  `parentprocessid` varchar(50) DEFAULT NULL,
  `state` varchar(50) DEFAULT NULL,
  `startdate` datetime DEFAULT NULL,
  `enddate` datetime DEFAULT NULL,
  `assignee_objid` varchar(50) DEFAULT NULL,
  `assignee_name` varchar(100) DEFAULT NULL,
  `actor_objid` varchar(50) DEFAULT NULL,
  `actor_name` varchar(100) DEFAULT NULL,
  `message` varchar(255) DEFAULT NULL,
  PRIMARY KEY (`objid`)
) ENGINE=InnoDB DEFAULT CHARSET=utf8;
/*!40101 SET character_set_client = @saved_cs_client */;

--
-- Dumping data for table `sys_wf_task`
--

LOCK TABLES `sys_wf_task` WRITE;
/*!40000 ALTER TABLE `sys_wf_task` DISABLE KEYS */;
/*!40000 ALTER TABLE `sys_wf_task` ENABLE KEYS */;
UNLOCK TABLES;

--
-- Table structure for table `sys_wf_transition`
--

DROP TABLE IF EXISTS `sys_wf_transition`;
/*!40101 SET @saved_cs_client     = @@character_set_client */;
/*!40101 SET character_set_client = utf8 */;
CREATE TABLE `sys_wf_transition` (
  `parentid` varchar(50) NOT NULL DEFAULT '',
  `processname` varchar(50) NOT NULL DEFAULT '',
  `action` varchar(50) NOT NULL DEFAULT '',
  `to` varchar(50) NOT NULL,
  `idx` int(11) DEFAULT NULL,
  `eval` mediumtext,
  `properties` varchar(255) DEFAULT NULL,
  `permission` varchar(255) DEFAULT NULL,
  `caption` varchar(255) DEFAULT NULL,
  `ui` text,
  PRIMARY KEY (`action`,`parentid`,`processname`,`to`),
  KEY `FK_sys_wf_transition_wf_node` (`parentid`,`processname`),
  CONSTRAINT `FK_sys_wf_transition_wf_node` FOREIGN KEY (`parentid`, `processname`) REFERENCES `sys_wf_node` (`name`, `processname`)
) ENGINE=InnoDB DEFAULT CHARSET=utf8;
/*!40101 SET character_set_client = @saved_cs_client */;

--
-- Dumping data for table `sys_wf_transition`
--

LOCK TABLES `sys_wf_transition` WRITE;
/*!40000 ALTER TABLE `sys_wf_transition` DISABLE KEYS */;
INSERT INTO `sys_wf_transition` VALUES ('approver','consolidation','','provapprover',90,NULL,'[caption:\'Manually Approve Consolidation\', confirm:\'Approve?\', messagehandler:\'rptmessage:approval\']',NULL,NULL,NULL),('approver','resection','','processing-approval',90,NULL,'[caption:\'Manually Approve\', confirm:\'Approve?\', messagehandler:\'rptmessage:approval\']','',NULL,NULL),('approver','subdivision','','provapprover',90,NULL,'[caption:\'Manually Approve Subdivision\', confirm:\'Approve?\', messagehandler:\'rptmessage:approval\']','',NULL,NULL),('assign-appraiser','consolidation','','appraiser',40,NULL,'[caption:\'Assign To Me\', confirm:\'Assign task to you?\']',NULL,NULL,NULL),('assign-appraiser','faas','','appraiser',40,NULL,'[caption:\'Assign To Me\', confirm:\'Assign task to you?\']',NULL,NULL,NULL),('assign-appraiser','resection','','appraiser',40,NULL,'[caption:\'Assign To Me\', confirm:\'Assign task to you?\']',NULL,NULL,NULL),('assign-appraiser','subdivision','','appraiser',40,NULL,'[caption:\'Assign To Me\', confirm:\'Assign task to you?\']',NULL,NULL,NULL),('assign-approver','batchgr','','approver',70,NULL,'[caption:\'Assign To Me\', confirm:\'Assign task to you?\']',NULL,NULL,NULL),('assign-approver','cancelledfaas','','approver',80,NULL,'[caption:\'Assign To Me\', confirm:\'Assign task to you?\']',NULL,NULL,NULL),('assign-assessor','business_application','','assessment',NULL,NULL,'[\n   caption:\"Assign To Me\",\n   icon: \"approve\"\n]',NULL,NULL,NULL),('assign-examiner','batchgr','','examiner',10,NULL,'[caption:\'Assign To Me\', confirm:\'Assign task to you?\']',NULL,NULL,NULL),('assign-examiner','consolidation','','examiner',10,NULL,'[caption:\'Assign To Me\', confirm:\'Assign task to you?\']',NULL,NULL,NULL),('assign-examiner','faas','','examiner',15,NULL,'[caption:\'Assign To Me\', confirm:\'Assign task to you?\']',NULL,NULL,NULL),('assign-examiner','resection','','examiner',10,NULL,'[caption:\'Assign To Me\', confirm:\'Assign task to you?\']',NULL,NULL,NULL),('assign-examiner','subdivision','','examiner',10,NULL,'[caption:\'Assign To Me\', confirm:\'Assign task to you?\']',NULL,NULL,NULL),('assign-provappraiser','batchgr','','provappraiser',40,NULL,'[caption:\'Assign To Me\', confirm:\'Assign task to you?\']',NULL,NULL,NULL),('assign-provtaxmapper','batchgr','','provtaxmapper',20,NULL,'[caption:\'Assign To Me\', confirm:\'Assign task to you?\']',NULL,NULL,NULL),('assign-receiver','batchgr','','receiver',2,NULL,'[caption:\'Assign To Me\', confirm:\'Assign task to you?\']',NULL,NULL,NULL),('assign-recommender','cancelledfaas','','recommender',70,NULL,'[caption:\'Assign To Me\', confirm:\'Assign task to you?\']',NULL,NULL,NULL),('assign-recommender','consolidation','','recommender',70,NULL,'[caption:\'Assign To Me\', confirm:\'Assign task to you?\']',NULL,NULL,NULL),('assign-recommender','faas','','recommender',70,NULL,'[caption:\'Assign To Me\', confirm:\'Assign task to you?\']',NULL,NULL,NULL),('assign-recommender','resection','','recommender',70,NULL,'[caption:\'Assign To Me\', confirm:\'Assign task to you?\']',NULL,NULL,NULL),('assign-recommender','subdivision','','recommender',70,NULL,'[caption:\'Assign To Me\', confirm:\'Assign task to you?\']',NULL,NULL,NULL),('assign-taxmapper','cancelledfaas','','taxmapper',20,NULL,'[caption:\'Assign To Me\', confirm:\'Assign task to you?\']',NULL,NULL,NULL),('assign-taxmapper','consolidation','','taxmapper',20,NULL,'[caption:\'Assign To Me\', confirm:\'Assign task to you?\']',NULL,NULL,NULL),('assign-taxmapper','faas','','taxmapper',20,NULL,'[caption:\'Assign To Me\', confirm:\'Assign task to you?\']',NULL,NULL,NULL),('assign-taxmapper','resection','','taxmapper',20,NULL,'[caption:\'Assign To Me\', confirm:\'Assign task to you?\']',NULL,NULL,NULL),('assign-taxmapper','subdivision','','taxmapper',20,NULL,'[caption:\'Assign To Me\', confirm:\'Assign task to you?\']',NULL,NULL,NULL),('reassessment','business_application','','approval',NULL,NULL,'[\n  caption:\"Submit for Approval\",\n  messagehandler: \'default\'	\n]',NULL,NULL,NULL),('start','batchgr','','assign-receiver',1,NULL,NULL,NULL,NULL,NULL),('start','business_application','','assign-assessor',1,NULL,NULL,NULL,NULL,NULL),('start','cancelledfaas','','receiver',1,NULL,NULL,NULL,NULL,NULL),('start','consolidation','','receiver',1,NULL,NULL,NULL,NULL,NULL),('start','faas','','receiver',1,NULL,NULL,NULL,NULL,NULL),('start','resection','','receiver',1,NULL,NULL,NULL,NULL,NULL),('start','subdivision','','receiver',1,NULL,NULL,NULL,NULL,NULL),('approver','batchgr','approve','provapprover',90,NULL,'[caption:\'Approve\', confirm:\'Approve record?\', messagehandler:\'rptmessage:sign\']',NULL,NULL,NULL),('approver','cancelledfaas','approve','end',110,NULL,'[caption:\'Manually Approve\',confirm:\'Manually approve cancellation?\']',NULL,NULL,NULL),('approver','faas','approve','end',100,NULL,'[caption:\'Approve\', confirm:\'Approve FAAS?\', closeonend:false, messagehandler:\'rptmessage:create\']',NULL,NULL,NULL),('provapprover','faas','approve','end',110,NULL,'[caption:\'Approve\', visible:false]',NULL,NULL,NULL),('provapprover','batchgr','backforprovapproval','approver',95,NULL,'[caption:\'Cancel Posting\', confirm:\'Cancel posting record?\']',NULL,NULL,NULL),('provapprover','consolidation','backforprovapproval','approver',95,NULL,'[caption:\'Cancel Posting\', confirm:\'Cancel posting record?\']',NULL,NULL,NULL),('provapprover','resection','backforprovapproval','approver',95,'#{data != null && data.state != \'APROVED\'}','[caption:\'Cancel Posting\', confirm:\'Cancel posting record?\', visibleWhen=\"#{entity.state != \'APPROVED\'}\"]','',NULL,NULL),('provapprover','subdivision','backforprovapproval','approver',95,NULL,'[caption:\'Cancel Posting\', confirm:\'Cancel posting record?\']','',NULL,NULL),('forprovsubmission','consolidation','completed','approver',81,NULL,'[caption:\'Completed\', visible:false]',NULL,NULL,NULL),('forprovsubmission','resection','completed','approver',81,NULL,'[caption:\'Completed\', visible:false]','',NULL,NULL),('forprovsubmission','subdivision','completed','approver',81,NULL,'[caption:\'Completed\', visible:false]','',NULL,NULL),('provapprover','batchgr','completed','end',100,NULL,'[caption:\'Approved\', visible:false]',NULL,NULL,NULL),('provapprover','consolidation','completed','end',100,NULL,'[caption:\'Approved\', visible:false]',NULL,NULL,NULL),('provapprover','resection','completed','end',100,NULL,'[caption:\'Approved\', visible:false]','',NULL,NULL),('provapprover','subdivision','completed','end',100,NULL,'[caption:\'Approved\', visible:false]','',NULL,NULL),('receiver','cancelledfaas','delete','end',5,NULL,'[caption:\'Delete\', confirm:\'Delete record?\', closeonend:true]',NULL,NULL,NULL),('receiver','consolidation','delete','end',6,NULL,'[caption:\'Delete\', confirm:\'Delete?\', closeonend:true]',NULL,NULL,NULL),('receiver','faas','delete','end',5,NULL,'[caption:\'Delete\', confirm:\'Delete record?\', closeonend:true]',NULL,NULL,NULL),('receiver','resection','delete','end',6,NULL,'[caption:\'Delete\', confirm:\'Delete?\', closeonend:true]',NULL,NULL,NULL),('receiver','subdivision','delete','end',6,NULL,'[caption:\'Delete\', confirm:\'Delete?\', closeonend:true]',NULL,NULL,NULL),('payment','business_application','release','release',1,NULL,'[visible:false]',NULL,NULL,NULL),('approval','business_application','return-assessment','reassessment',1,NULL,'[\n   caption:\"Return to assessment\",\n   icon: \"return\",\n   messagehandler: \'default\'	\n]',NULL,NULL,NULL),('recommender','consolidation','returnappraiser','appraiser',77,NULL,'[caption:\'Return to Appraiser\', confirm:\'Return to appraiser?\', messagehandler:\'default\']',NULL,NULL,NULL),('recommender','resection','returnappraiser','appraiser',77,NULL,'[caption:\'Return to Appraiser\', confirm:\'Return to appraiser?\', messagehandler:\'default\']',NULL,NULL,NULL),('recommender','subdivision','returnappraiser','appraiser',77,NULL,'[caption:\'Return to Appraiser\', confirm:\'Return to appraiser?\', messagehandler:\'default\']',NULL,NULL,NULL),('forprovsubmission','consolidation','returnapprover','recommender',80,NULL,'[caption:\'Cancel Posting\', confirm:\'Cancel posting record?\']',NULL,NULL,NULL),('forprovsubmission','resection','returnapprover','recommender',80,NULL,'[caption:\'Cancel Posting\', confirm:\'Cancel posting record?\']','',NULL,NULL),('forprovsubmission','subdivision','returnapprover','recommender',80,NULL,'[caption:\'Cancel Posting\', confirm:\'Cancel posting record?\']','',NULL,NULL),('appraiser','consolidation','returnexaminer','examiner',46,NULL,'[caption:\'Return to Examiner\', confirm:\'Return to examiner?\', messagehandler:\'default\']',NULL,NULL,NULL),('appraiser','resection','returnexaminer','examiner',46,NULL,'[caption:\'Return to Examiner\', confirm:\'Return to examiner?\', messagehandler:\'default\']',NULL,NULL,NULL),('appraiser','subdivision','returnexaminer','examiner',46,NULL,'[caption:\'Return to Examiner\', confirm:\'Return to examiner?\', messagehandler:\'default\']',NULL,NULL,NULL),('provappraiser','batchgr','returnexaminer','examiner',46,NULL,'[caption:\'Return to Examiner\', confirm:\'Return to examiner?\', messagehandler:\'default\']',NULL,NULL,NULL),('provtaxmapper','batchgr','returnexaminer','examiner',25,NULL,'[caption:\'Return to Examiner\', confirm:\'Return to examiner?\', messagehandler:\'default\']',NULL,NULL,NULL),('recommender','consolidation','returnexaminer','examiner',75,NULL,'[caption:\'Return to Examiner\', confirm:\'Return to examiner?\', messagehandler:\'default\']',NULL,NULL,NULL),('recommender','resection','returnexaminer','examiner',75,NULL,'[caption:\'Return to Examiner\', confirm:\'Return to examiner?\', messagehandler:\'default\']',NULL,NULL,NULL),('recommender','subdivision','returnexaminer','examiner',75,NULL,'[caption:\'Return to Examiner\', confirm:\'Return to examiner?\', messagehandler:\'default\']',NULL,NULL,NULL),('taxmapper','consolidation','returnexaminer','examiner',26,NULL,'[caption:\'Return to Examiner\', confirm:\'Return to examiner?\', messagehandler:\'default\']',NULL,NULL,NULL),('taxmapper','resection','returnexaminer','examiner',26,NULL,'[caption:\'Return to Examiner\', confirm:\'Return to examiner?\', messagehandler:\'default\']',NULL,NULL,NULL),('taxmapper','subdivision','returnexaminer','examiner',26,NULL,'[caption:\'Return to Examiner\', confirm:\'Return to examiner?\', messagehandler:\'default\']',NULL,NULL,NULL),('examiner','batchgr','returnreceiver','receiver',15,NULL,'[caption:\'Return to Receiver\', confirm:\'Return to receiver?\', messagehandler:\'default\']',NULL,NULL,NULL),('examiner','consolidation','returnreceiver','receiver',15,NULL,'[caption:\'Return to Receiver\', confirm:\'Return to receiver?\', messagehandler:\'default\']',NULL,NULL,NULL),('examiner','faas','returnreceiver','receiver',16,NULL,'[caption:\'Return to Receiver\', confirm:\'Return to receiver?\', messagehandler:\'default\']',NULL,NULL,NULL),('examiner','resection','returnreceiver','receiver',15,NULL,'[caption:\'Return to Receiver\', confirm:\'Return to receiver?\', messagehandler:\'default\']',NULL,NULL,NULL),('examiner','subdivision','returnreceiver','receiver',15,NULL,'[caption:\'Return to Receiver\', confirm:\'Return to receiver?\', messagehandler:\'default\']',NULL,NULL,NULL),('taxmapper','consolidation','returnreceiver','receiver',25,NULL,'[caption:\'Return to Receiver\', confirm:\'Return to receiver?\', messagehandler:\'default\']',NULL,NULL,NULL),('taxmapper','resection','returnreceiver','receiver',25,NULL,'[caption:\'Return to Receiver\', confirm:\'Return to receiver?\', messagehandler:\'default\']','',NULL,NULL),('taxmapper','subdivision','returnreceiver','receiver',25,NULL,'[caption:\'Return to Receiver\', confirm:\'Return to receiver?\', messagehandler:\'default\']','',NULL,NULL),('appraiser','consolidation','returntaxmapper','taxmapper',45,NULL,'[caption:\'Return to Taxmapper\', confirm:\'Return to taxmapper?\', messagehandler:\'default\']',NULL,NULL,NULL),('appraiser','resection','returntaxmapper','taxmapper',45,NULL,'[caption:\'Return to Taxmapper\', confirm:\'Return to taxmapper?\', messagehandler:\'default\']',NULL,NULL,NULL),('appraiser','subdivision','returntaxmapper','taxmapper',45,NULL,'[caption:\'Return to Taxmapper\', confirm:\'Return to taxmapper?\', messagehandler:\'default\']',NULL,NULL,NULL),('provappraiser','batchgr','returntaxmapper','provtaxmapper',45,NULL,'[caption:\'Return to Taxmapper\', confirm:\'Return to taxmapper?\', messagehandler:\'default\']',NULL,NULL,NULL),('recommender','consolidation','returntaxmapper','taxmapper',76,NULL,'[caption:\'Return to Taxmapper\', confirm:\'Return to taxmapper?\', messagehandler:\'default\']',NULL,NULL,NULL),('recommender','resection','returntaxmapper','taxmapper',76,NULL,'[caption:\'Return to Taxmapper\', confirm:\'Return to taxmapper?\', messagehandler:\'default\']',NULL,NULL,NULL),('recommender','subdivision','returntaxmapper','taxmapper',76,NULL,'[caption:\'Return to Taxmapper\', confirm:\'Return to taxmapper?\', messagehandler:\'default\']',NULL,NULL,NULL),('approver','faas','return_appraiser','appraiser',87,NULL,'[caption:\'Return to Appraiser\',confirm:\'Return to Appraiser?\', messagehandler:\'default\']',NULL,NULL,NULL),('recommender','cancelledfaas','return_appraiser','appraiser',72,NULL,'[caption:\'Return to Appraiser\',confirm:\'Return to appraiser?\', messagehandler:\'default\']',NULL,NULL,NULL),('recommender','faas','return_appraiser','appraiser',72,NULL,'[caption:\'Return to Appraiser\',confirm:\'Return to appraiser?\', messagehandler:\'default\']',NULL,NULL,NULL),('appraiser','faas','return_receiver','receiver',45,NULL,'[caption:\'Return to Receiver\',confirm:\'Return to receiver?\', messagehandler:\'default\']',NULL,NULL,NULL),('recommender','cancelledfaas','return_receiver','receiver',71,NULL,'[caption:\'Return to Receiver\',confirm:\'Return to receiver?\', messagehandler:\'default\']','',NULL,NULL),('taxmapper','cancelledfaas','return_receiver','receiver',25,NULL,'[caption:\'Return to Receiver\',confirm:\'Return to receiver?\',messagehandler:\'default\']',NULL,NULL,NULL),('taxmapper','faas','return_receiver','receiver',25,NULL,'[caption:\'Return to Receiver\',confirm:\'Return to receiver?\',messagehandler:\'default\']',NULL,NULL,NULL),('approver','faas','return_recommender','recommender',85,NULL,'[caption:\'Return to Recommender\',confirm:\'Return to Recommender?\', messagehandler:\'default\']',NULL,NULL,NULL),('appraiser','faas','return_taxmapper','taxmapper',46,NULL,'[caption:\'Return to Taxmapper\',confirm:\'Return to taxmapper?\', messagehandler:\'default\']',NULL,NULL,NULL),('approver','faas','return_taxmapper','taxmapper',86,NULL,'[caption:\'Return to Taxmapper\',confirm:\'Return to Taxmapper?\', messagehandler:\'default\']',NULL,NULL,NULL),('recommender','cancelledfaas','return_taxmapper','taxmapper',73,NULL,'[caption:\'Return to Taxmapper\',confirm:\'Return to taxmapper?\', messagehandler:\'default\']',NULL,NULL,NULL),('recommender','faas','return_taxmapper','taxmapper',73,NULL,'[caption:\'Return to Taxmapper\',confirm:\'Return to taxmapper?\', messagehandler:\'default\']',NULL,NULL,NULL),('payment','business_application','reverse-approval','approval',2,NULL,'[caption:\'Reverse Approval\']',NULL,NULL,NULL),('payment','business_application','revert','payment',2,NULL,'[caption:\'Reverse Payment\', visible:false]',NULL,NULL,NULL),('release','business_application','revert','payment',3,NULL,'[caption:\'Return to Assessor\', messagehandler:\'default\']',NULL,NULL,NULL),('appraiser','consolidation','submit','assign-recommender',47,NULL,'[caption:\'Submit for Recommending Approval\', confirm:\'Submit?\', messagehandler:\'rptmessage:create\']',NULL,NULL,NULL),('appraiser','faas','submit','assign-recommender',47,NULL,'[caption:\'Submit to Assessor\', confirm:\'Submit for approval?\', messagehandler:\'rptmessage:create\']',NULL,NULL,NULL),('appraiser','resection','submit','assign-recommender',47,NULL,'[caption:\'Submit for Recommending Approval\', confirm:\'Submit?\', messagehandler:\'rptmessage:create\']',NULL,NULL,NULL),('appraiser','subdivision','submit','assign-recommender',47,NULL,'[caption:\'Submit for Recommending Approval\', confirm:\'Submit?\', messagehandler:\'rptmessage:create\']',NULL,NULL,NULL),('approval','business_application','submit','payment',0,NULL,'[\n  caption:\"Approve For Payment\",\n  icon:\"approve\",\n  confirm: \'You are about to submit this for payment. Proceed?\'\n]',NULL,NULL,NULL),('assessment','business_application','submit','approval',NULL,NULL,'[\n   caption: \'Submit for Approval\',\n   icon: \'approve\',\n   messagehandler: \'default\'	 	\n]',NULL,NULL,NULL),('examiner','batchgr','submit','assign-provtaxmapper',16,NULL,'[caption:\'Submit for Approval\', confirm:\'Submit?\']',NULL,NULL,NULL),('examiner','consolidation','submit','assign-taxmapper',16,NULL,'[caption:\'Submit for Taxmapping\', confirm:\'Submit?\']',NULL,NULL,NULL),('examiner','faas','submit','assign-taxmapper',17,NULL,'[caption:\'Submit for Taxmapping\', confirm:\'Submit?\']',NULL,NULL,NULL),('examiner','resection','submit','assign-taxmapper',16,NULL,'[caption:\'Submit for Taxmapping\', confirm:\'Submit?\']',NULL,NULL,NULL),('examiner','subdivision','submit','assign-taxmapper',16,NULL,'[caption:\'Submit for Taxmapping\', confirm:\'Submit?\']',NULL,NULL,NULL),('provappraiser','batchgr','submit','assign-approver',47,NULL,'[caption:\'Submit for Approval\', confirm:\'Submit?\', messagehandler:\'rptmessage:sign\']',NULL,NULL,NULL),('provtaxmapper','batchgr','submit','assign-provappraiser',26,NULL,'[caption:\'Submit for Approval\', confirm:\'Submit?\', messagehandler:\'rptmessage:sign\']',NULL,NULL,NULL),('receiver','batchgr','submit','assign-provtaxmapper',5,NULL,'[caption:\'Submit For Taxmapping\', confirm:\'Submit?\']',NULL,NULL,NULL),('receiver','cancelledfaas','submit','assign-taxmapper',16,NULL,'[caption:\'Submit for Taxmapping\', confirm:\'Submit for taxmapping?\', messagehandler:\'default\']',NULL,NULL,NULL),('receiver','consolidation','submit','assign-examiner',5,NULL,'[caption:\'Submit For Examination\', confirm:\'Submit?\']',NULL,NULL,NULL),('receiver','resection','submit','assign-examiner',5,NULL,'[caption:\'Submit For Examination\', confirm:\'Submit?\']',NULL,NULL,NULL),('receiver','subdivision','submit','assign-examiner',5,NULL,'[caption:\'Submit For Examination\', confirm:\'Submit?\']',NULL,NULL,NULL),('recommender','consolidation','submit','forprovsubmission',78,NULL,'[caption:\'Submit to Province\', confirm:\'Submit to Province?\', messagehandler:\'rptmessage:create\']',NULL,NULL,NULL),('recommender','resection','submit','forprovsubmission',78,NULL,'[caption:\'Submit to Province\', confirm:\'Submit to Province?\', messagehandler:\'rptmessage:create\']','',NULL,NULL),('recommender','subdivision','submit','forprovsubmission',78,NULL,'[caption:\'Submit to Province\', confirm:\'Submit to Province?\', messagehandler:\'rptmessage:create\']','',NULL,NULL),('release','business_application','submit','end',2,NULL,'[\ncaption:\'Release\', \nconfirm: \'You are about to release this application. Proceed?\'\n]',NULL,NULL,NULL),('taxmapper','cancelledfaas','submit','assign-recommender',27,NULL,'[caption:\'Submit for Recommending Approval\', confirm:\'Submit?\', messagehandler:\'rptmessage:create\']',NULL,NULL,NULL),('taxmapper','consolidation','submit','assign-appraiser',26,NULL,'[caption:\'Submit for Appraisal\', confirm:\'Submit?\', messagehandler:\'rptmessage:create\']',NULL,NULL,NULL),('taxmapper','faas','submit','assign-appraiser',27,NULL,'[caption:\'Submit for Appraisal\', confirm:\'Submit for appraisal?\', messagehandler:\'rptmessage:create\']',NULL,NULL,NULL),('taxmapper','resection','submit','assign-appraiser',26,NULL,'[caption:\'Submit for Appraisal\', confirm:\'Submit?\', messagehandler:\'rptmessage:create\']',NULL,NULL,NULL),('taxmapper','subdivision','submit','assign-appraiser',26,NULL,'[caption:\'Submit for Appraisal\', confirm:\'Submit?\', messagehandler:\'rptmessage:create\']',NULL,NULL,NULL),('recommender','cancelledfaas','submit_approver','assign-approver',74,NULL,'[caption:\'Submit for Assessor Approval\', confirm:\'Submit to assessor approval?\', messagehandler:\'default\']',NULL,NULL,NULL),('receiver','faas','submit_examiner','assign-examiner',11,NULL,'[caption:\'Submit for Examination\', confirm:\'Submit for examination?\', messagehandler:\'default\']',NULL,NULL,NULL),('receiver','faas','submit_taxmapper','assign-taxmapper',12,NULL,'[caption:\'Submit for Taxmapping\', confirm:\'Submit for taxmapping?\', messagehandler:\'default\']',NULL,NULL,NULL),('recommender','cancelledfaas','submit_to_province','approver',75,NULL,'[caption:\'Submit to Province\', confirm:\'Submit to Province?\', messagehandler:\'rptmessage:create\']',NULL,NULL,NULL),('recommender','faas','submit_to_province','provapprover',75,NULL,'[caption:\'Submit to Province\', confirm:\'Submit to Province?\', messagehandler:\'rptmessage:create\']',NULL,NULL,NULL);
/*!40000 ALTER TABLE `sys_wf_transition` ENABLE KEYS */;
UNLOCK TABLES;

--
-- Table structure for table `sys_wf_workitemtype`
--

DROP TABLE IF EXISTS `sys_wf_workitemtype`;
/*!40101 SET @saved_cs_client     = @@character_set_client */;
/*!40101 SET character_set_client = utf8 */;
CREATE TABLE `sys_wf_workitemtype` (
  `objid` varchar(50) NOT NULL DEFAULT '',
  `name` varchar(50) NOT NULL,
  `state` varchar(50) NOT NULL DEFAULT '',
  `processname` varchar(50) NOT NULL,
  `title` varchar(100) DEFAULT NULL,
  `action` varchar(50) DEFAULT NULL,
  `domain` varchar(50) DEFAULT NULL,
  `role` varchar(50) DEFAULT NULL,
  `expr` varchar(255) DEFAULT NULL,
  `handler` varchar(50) DEFAULT NULL,
  PRIMARY KEY (`name`,`processname`,`state`),
  KEY `FK_sys_wf_subtasktype_node` (`state`,`processname`),
  CONSTRAINT `FK_sys_wf_subtasktype_node` FOREIGN KEY (`state`, `processname`) REFERENCES `sys_wf_node` (`name`, `processname`)
) ENGINE=InnoDB DEFAULT CHARSET=utf8;
/*!40101 SET character_set_client = @saved_cs_client */;

--
-- Dumping data for table `sys_wf_workitemtype`
--

LOCK TABLES `sys_wf_workitemtype` WRITE;
/*!40000 ALTER TABLE `sys_wf_workitemtype` DISABLE KEYS */;
/*!40000 ALTER TABLE `sys_wf_workitemtype` ENABLE KEYS */;
UNLOCK TABLES;

--
-- Table structure for table `treasury_variableinfo`
--

DROP TABLE IF EXISTS `treasury_variableinfo`;
/*!40101 SET @saved_cs_client     = @@character_set_client */;
/*!40101 SET character_set_client = utf8 */;
CREATE TABLE `treasury_variableinfo` (
  `objid` varchar(50) NOT NULL,
  `state` varchar(10) NOT NULL,
  `name` varchar(50) NOT NULL,
  `datatype` varchar(20) NOT NULL,
  `caption` varchar(50) NOT NULL,
  `description` varchar(100) DEFAULT NULL,
  `arrayvalues` longtext,
  `system` int(11) DEFAULT NULL,
  `sortorder` int(11) DEFAULT NULL,
  `category` varchar(100) DEFAULT NULL,
  `handler` varchar(50) DEFAULT NULL,
  PRIMARY KEY (`objid`),
  KEY `ix_name` (`name`)
) ENGINE=InnoDB DEFAULT CHARSET=utf8;
/*!40101 SET character_set_client = @saved_cs_client */;

--
-- Dumping data for table `treasury_variableinfo`
--

LOCK TABLES `treasury_variableinfo` WRITE;
/*!40000 ALTER TABLE `treasury_variableinfo` DISABLE KEYS */;
/*!40000 ALTER TABLE `treasury_variableinfo` ENABLE KEYS */;
UNLOCK TABLES;

--
-- Table structure for table `txnlog`
--

DROP TABLE IF EXISTS `txnlog`;
/*!40101 SET @saved_cs_client     = @@character_set_client */;
/*!40101 SET character_set_client = utf8 */;
CREATE TABLE `txnlog` (
  `objid` varchar(50) NOT NULL,
  `ref` varchar(100) NOT NULL,
  `refid` varchar(255) NOT NULL,
  `txndate` datetime NOT NULL,
  `action` varchar(50) NOT NULL,
  `userid` varchar(50) NOT NULL,
  `remarks` text,
  `diff` longtext,
  `username` varchar(150) DEFAULT NULL,
  PRIMARY KEY (`objid`),
  KEY `ix_refid` (`refid`),
  KEY `ix_txndate` (`txndate`),
  KEY `ix_txnlog_action` (`action`),
  KEY `ix_txnlog_ref` (`ref`),
  KEY `ix_txnlog_userid` (`userid`),
  KEY `ix_txnlog_useridaction` (`userid`,`action`)
) ENGINE=InnoDB DEFAULT CHARSET=utf8;
/*!40101 SET character_set_client = @saved_cs_client */;

--
-- Dumping data for table `txnlog`
--

LOCK TABLES `txnlog` WRITE;
/*!40000 ALTER TABLE `txnlog` DISABLE KEYS */;
/*!40000 ALTER TABLE `txnlog` ENABLE KEYS */;
UNLOCK TABLES;

--
-- Table structure for table `txnref`
--

DROP TABLE IF EXISTS `txnref`;
/*!40101 SET @saved_cs_client     = @@character_set_client */;
/*!40101 SET character_set_client = utf8 */;
CREATE TABLE `txnref` (
  `oid` int(11) NOT NULL AUTO_INCREMENT,
  `objid` varchar(50) NOT NULL,
  `refid` varchar(50) NOT NULL,
  `msg` varchar(255) NOT NULL,
  PRIMARY KEY (`oid`),
  KEY `ix_txnref_objid` (`objid`),
  KEY `ix_txnref_refid` (`refid`)
) ENGINE=InnoDB DEFAULT CHARSET=utf8;
/*!40101 SET character_set_client = @saved_cs_client */;

--
-- Dumping data for table `txnref`
--

LOCK TABLES `txnref` WRITE;
/*!40000 ALTER TABLE `txnref` DISABLE KEYS */;
/*!40000 ALTER TABLE `txnref` ENABLE KEYS */;
UNLOCK TABLES;

--
-- Table structure for table `txnsignatory`
--

DROP TABLE IF EXISTS `txnsignatory`;
/*!40101 SET @saved_cs_client     = @@character_set_client */;
/*!40101 SET character_set_client = utf8 */;
CREATE TABLE `txnsignatory` (
  `objid` varchar(50) NOT NULL,
  `refid` varchar(50) NOT NULL,
  `personnelid` varchar(50) DEFAULT NULL,
  `type` varchar(25) NOT NULL,
  `caption` varchar(25) DEFAULT NULL,
  `name` varchar(200) DEFAULT NULL,
  `title` varchar(50) DEFAULT NULL,
  `dtsigned` datetime DEFAULT NULL,
  `seqno` int(11) NOT NULL,
  PRIMARY KEY (`objid`),
  KEY `ix_signatory_refid` (`refid`)
) ENGINE=InnoDB DEFAULT CHARSET=utf8;
/*!40101 SET character_set_client = @saved_cs_client */;

--
-- Dumping data for table `txnsignatory`
--

LOCK TABLES `txnsignatory` WRITE;
/*!40000 ALTER TABLE `txnsignatory` DISABLE KEYS */;
/*!40000 ALTER TABLE `txnsignatory` ENABLE KEYS */;
UNLOCK TABLES;

--
-- Table structure for table `variableinfo`
--

DROP TABLE IF EXISTS `variableinfo`;
/*!40101 SET @saved_cs_client     = @@character_set_client */;
/*!40101 SET character_set_client = utf8 */;
CREATE TABLE `variableinfo` (
  `objid` varchar(50) NOT NULL,
  `state` varchar(10) NOT NULL,
  `name` varchar(50) NOT NULL,
  `datatype` varchar(20) NOT NULL,
  `caption` varchar(50) NOT NULL,
  `description` varchar(100) DEFAULT NULL,
  `arrayvalues` longtext,
  `system` int(11) DEFAULT NULL,
  `sortorder` int(11) DEFAULT NULL,
  `category` varchar(100) DEFAULT NULL,
  `handler` varchar(50) DEFAULT NULL,
  PRIMARY KEY (`objid`),
  KEY `ix_name` (`name`)
) ENGINE=InnoDB DEFAULT CHARSET=utf8;
/*!40101 SET character_set_client = @saved_cs_client */;

--
-- Dumping data for table `variableinfo`
--

LOCK TABLES `variableinfo` WRITE;
/*!40000 ALTER TABLE `variableinfo` DISABLE KEYS */;
/*!40000 ALTER TABLE `variableinfo` ENABLE KEYS */;
UNLOCK TABLES;

--
-- Temporary table structure for view `vw_account_income_summary`
--

DROP TABLE IF EXISTS `vw_account_income_summary`;
/*!50001 DROP VIEW IF EXISTS `vw_account_income_summary`*/;
SET @saved_cs_client     = @@character_set_client;
SET character_set_client = utf8;
/*!50001 CREATE TABLE `vw_account_income_summary` (
  `objid` tinyint NOT NULL,
  `maingroupid` tinyint NOT NULL,
  `code` tinyint NOT NULL,
  `title` tinyint NOT NULL,
  `groupid` tinyint NOT NULL,
  `type` tinyint NOT NULL,
  `leftindex` tinyint NOT NULL,
  `rightindex` tinyint NOT NULL,
  `level` tinyint NOT NULL,
  `amount` tinyint NOT NULL,
  `acctid` tinyint NOT NULL,
  `fundid` tinyint NOT NULL,
  `collectorid` tinyint NOT NULL,
  `refdate` tinyint NOT NULL,
  `remittancedate` tinyint NOT NULL,
  `liquidationdate` tinyint NOT NULL,
  `accttype` tinyint NOT NULL
) ENGINE=MyISAM */;
SET character_set_client = @saved_cs_client;

--
-- Temporary table structure for view `vw_account_incometarget`
--

DROP TABLE IF EXISTS `vw_account_incometarget`;
/*!50001 DROP VIEW IF EXISTS `vw_account_incometarget`*/;
SET @saved_cs_client     = @@character_set_client;
SET character_set_client = utf8;
/*!50001 CREATE TABLE `vw_account_incometarget` (
  `objid` tinyint NOT NULL,
  `itemid` tinyint NOT NULL,
  `year` tinyint NOT NULL,
  `target` tinyint NOT NULL,
  `maingroupid` tinyint NOT NULL,
  `item_objid` tinyint NOT NULL,
  `item_code` tinyint NOT NULL,
  `item_title` tinyint NOT NULL,
  `item_level` tinyint NOT NULL,
  `item_leftindex` tinyint NOT NULL,
  `group_objid` tinyint NOT NULL,
  `group_code` tinyint NOT NULL,
  `group_title` tinyint NOT NULL,
  `group_level` tinyint NOT NULL,
  `group_leftindex` tinyint NOT NULL
) ENGINE=MyISAM */;
SET character_set_client = @saved_cs_client;

--
-- Temporary table structure for view `vw_account_item_mapping`
--

DROP TABLE IF EXISTS `vw_account_item_mapping`;
/*!50001 DROP VIEW IF EXISTS `vw_account_item_mapping`*/;
SET @saved_cs_client     = @@character_set_client;
SET character_set_client = utf8;
/*!50001 CREATE TABLE `vw_account_item_mapping` (
  `objid` tinyint NOT NULL,
  `maingroupid` tinyint NOT NULL,
  `code` tinyint NOT NULL,
  `title` tinyint NOT NULL,
  `groupid` tinyint NOT NULL,
  `type` tinyint NOT NULL,
  `leftindex` tinyint NOT NULL,
  `rightindex` tinyint NOT NULL,
  `level` tinyint NOT NULL,
  `amount` tinyint NOT NULL,
  `fundid` tinyint NOT NULL,
  `year` tinyint NOT NULL,
  `month` tinyint NOT NULL,
  `itemid` tinyint NOT NULL,
  `itemcode` tinyint NOT NULL,
  `itemtitle` tinyint NOT NULL
) ENGINE=MyISAM */;
SET character_set_client = @saved_cs_client;

--
-- Temporary table structure for view `vw_account_mapping`
--

DROP TABLE IF EXISTS `vw_account_mapping`;
/*!50001 DROP VIEW IF EXISTS `vw_account_mapping`*/;
SET @saved_cs_client     = @@character_set_client;
SET character_set_client = utf8;
/*!50001 CREATE TABLE `vw_account_mapping` (
  `objid` tinyint NOT NULL,
  `maingroupid` tinyint NOT NULL,
  `code` tinyint NOT NULL,
  `title` tinyint NOT NULL,
  `groupid` tinyint NOT NULL,
  `type` tinyint NOT NULL,
  `leftindex` tinyint NOT NULL,
  `rightindex` tinyint NOT NULL,
  `level` tinyint NOT NULL,
  `itemid` tinyint NOT NULL,
  `acctid` tinyint NOT NULL
) ENGINE=MyISAM */;
SET character_set_client = @saved_cs_client;

--
-- Temporary table structure for view `vw_af_control_detail`
--

DROP TABLE IF EXISTS `vw_af_control_detail`;
/*!50001 DROP VIEW IF EXISTS `vw_af_control_detail`*/;
SET @saved_cs_client     = @@character_set_client;
SET character_set_client = utf8;
/*!50001 CREATE TABLE `vw_af_control_detail` (
  `objid` tinyint NOT NULL,
  `state` tinyint NOT NULL,
  `controlid` tinyint NOT NULL,
  `indexno` tinyint NOT NULL,
  `refid` tinyint NOT NULL,
  `aftxnitemid` tinyint NOT NULL,
  `refno` tinyint NOT NULL,
  `reftype` tinyint NOT NULL,
  `refdate` tinyint NOT NULL,
  `txndate` tinyint NOT NULL,
  `txntype` tinyint NOT NULL,
  `receivedstartseries` tinyint NOT NULL,
  `receivedendseries` tinyint NOT NULL,
  `beginstartseries` tinyint NOT NULL,
  `beginendseries` tinyint NOT NULL,
  `issuedstartseries` tinyint NOT NULL,
  `issuedendseries` tinyint NOT NULL,
  `endingstartseries` tinyint NOT NULL,
  `endingendseries` tinyint NOT NULL,
  `qtyreceived` tinyint NOT NULL,
  `qtybegin` tinyint NOT NULL,
  `qtyissued` tinyint NOT NULL,
  `qtyending` tinyint NOT NULL,
  `qtycancelled` tinyint NOT NULL,
  `remarks` tinyint NOT NULL,
  `issuedto_objid` tinyint NOT NULL,
  `issuedto_name` tinyint NOT NULL,
  `respcenter_objid` tinyint NOT NULL,
  `respcenter_name` tinyint NOT NULL,
  `prevdetailid` tinyint NOT NULL,
  `aftxnid` tinyint NOT NULL,
  `afid` tinyint NOT NULL,
  `unit` tinyint NOT NULL,
  `formtype` tinyint NOT NULL,
  `denomination` tinyint NOT NULL,
  `serieslength` tinyint NOT NULL,
  `qty` tinyint NOT NULL,
  `saleprice` tinyint NOT NULL,
  `startseries` tinyint NOT NULL,
  `endseries` tinyint NOT NULL,
  `currentseries` tinyint NOT NULL,
  `stubno` tinyint NOT NULL,
  `prefix` tinyint NOT NULL,
  `suffix` tinyint NOT NULL,
  `cost` tinyint NOT NULL,
  `batchno` tinyint NOT NULL,
  `controlstate` tinyint NOT NULL,
  `qtybalance` tinyint NOT NULL
) ENGINE=MyISAM */;
SET character_set_client = @saved_cs_client;

--
-- Temporary table structure for view `vw_af_inventory_summary`
--

DROP TABLE IF EXISTS `vw_af_inventory_summary`;
/*!50001 DROP VIEW IF EXISTS `vw_af_inventory_summary`*/;
SET @saved_cs_client     = @@character_set_client;
SET character_set_client = utf8;
/*!50001 CREATE TABLE `vw_af_inventory_summary` (
  `objid` tinyint NOT NULL,
  `title` tinyint NOT NULL,
  `unit` tinyint NOT NULL,
  `formtype` tinyint NOT NULL,
  `formtypeindex` tinyint NOT NULL,
  `countopen` tinyint NOT NULL,
  `countissued` tinyint NOT NULL,
  `countclosed` tinyint NOT NULL,
  `countsold` tinyint NOT NULL,
  `countprocessing` tinyint NOT NULL,
  `counthold` tinyint NOT NULL
) ENGINE=MyISAM */;
SET character_set_client = @saved_cs_client;

--
-- Temporary table structure for view `vw_afunit`
--

DROP TABLE IF EXISTS `vw_afunit`;
/*!50001 DROP VIEW IF EXISTS `vw_afunit`*/;
SET @saved_cs_client     = @@character_set_client;
SET character_set_client = utf8;
/*!50001 CREATE TABLE `vw_afunit` (
  `objid` tinyint NOT NULL,
  `title` tinyint NOT NULL,
  `usetype` tinyint NOT NULL,
  `serieslength` tinyint NOT NULL,
  `system` tinyint NOT NULL,
  `denomination` tinyint NOT NULL,
  `formtype` tinyint NOT NULL,
  `itemid` tinyint NOT NULL,
  `unit` tinyint NOT NULL,
  `qty` tinyint NOT NULL,
  `saleprice` tinyint NOT NULL,
  `interval` tinyint NOT NULL,
  `cashreceiptprintout` tinyint NOT NULL,
  `cashreceiptdetailprintout` tinyint NOT NULL
) ENGINE=MyISAM */;
SET character_set_client = @saved_cs_client;

--
-- Temporary table structure for view `vw_assessment_notice`
--

DROP TABLE IF EXISTS `vw_assessment_notice`;
/*!50001 DROP VIEW IF EXISTS `vw_assessment_notice`*/;
SET @saved_cs_client     = @@character_set_client;
SET character_set_client = utf8;
/*!50001 CREATE TABLE `vw_assessment_notice` (
  `objid` tinyint NOT NULL,
  `state` tinyint NOT NULL,
  `txnno` tinyint NOT NULL,
  `txndate` tinyint NOT NULL,
  `taxpayerid` tinyint NOT NULL,
  `taxpayername` tinyint NOT NULL,
  `taxpayeraddress` tinyint NOT NULL,
  `dtdelivered` tinyint NOT NULL,
  `receivedby` tinyint NOT NULL,
  `remarks` tinyint NOT NULL,
  `assessmentyear` tinyint NOT NULL,
  `administrator_name` tinyint NOT NULL,
  `administrator_address` tinyint NOT NULL,
  `tdno` tinyint NOT NULL,
  `fullpin` tinyint NOT NULL,
  `cadastrallotno` tinyint NOT NULL,
  `titleno` tinyint NOT NULL
) ENGINE=MyISAM */;
SET character_set_client = @saved_cs_client;

--
-- Temporary table structure for view `vw_assessment_notice_item`
--

DROP TABLE IF EXISTS `vw_assessment_notice_item`;
/*!50001 DROP VIEW IF EXISTS `vw_assessment_notice_item`*/;
SET @saved_cs_client     = @@character_set_client;
SET character_set_client = utf8;
/*!50001 CREATE TABLE `vw_assessment_notice_item` (
  `objid` tinyint NOT NULL,
  `assessmentnoticeid` tinyint NOT NULL,
  `faasid` tinyint NOT NULL,
  `effectivityyear` tinyint NOT NULL,
  `effectivityqtr` tinyint NOT NULL,
  `tdno` tinyint NOT NULL,
  `taxpayer_objid` tinyint NOT NULL,
  `taxpayer_name` tinyint NOT NULL,
  `taxpayer_address` tinyint NOT NULL,
  `owner_name` tinyint NOT NULL,
  `owner_address` tinyint NOT NULL,
  `administrator_name` tinyint NOT NULL,
  `administrator_address` tinyint NOT NULL,
  `rpuid` tinyint NOT NULL,
  `lguid` tinyint NOT NULL,
  `txntype_objid` tinyint NOT NULL,
  `txntype_code` tinyint NOT NULL,
  `rputype` tinyint NOT NULL,
  `ry` tinyint NOT NULL,
  `fullpin` tinyint NOT NULL,
  `taxable` tinyint NOT NULL,
  `totalareaha` tinyint NOT NULL,
  `totalareasqm` tinyint NOT NULL,
  `totalbmv` tinyint NOT NULL,
  `totalmv` tinyint NOT NULL,
  `totalav` tinyint NOT NULL,
  `section` tinyint NOT NULL,
  `parcel` tinyint NOT NULL,
  `surveyno` tinyint NOT NULL,
  `cadastrallotno` tinyint NOT NULL,
  `blockno` tinyint NOT NULL,
  `claimno` tinyint NOT NULL,
  `street` tinyint NOT NULL,
  `lguname` tinyint NOT NULL,
  `barangay` tinyint NOT NULL,
  `classcode` tinyint NOT NULL,
  `classification` tinyint NOT NULL
) ENGINE=MyISAM */;
SET character_set_client = @saved_cs_client;

--
-- Temporary table structure for view `vw_batch_rpttaxcredit_error`
--

DROP TABLE IF EXISTS `vw_batch_rpttaxcredit_error`;
/*!50001 DROP VIEW IF EXISTS `vw_batch_rpttaxcredit_error`*/;
SET @saved_cs_client     = @@character_set_client;
SET character_set_client = utf8;
/*!50001 CREATE TABLE `vw_batch_rpttaxcredit_error` (
  `objid` tinyint NOT NULL,
  `parentid` tinyint NOT NULL,
  `state` tinyint NOT NULL,
  `error` tinyint NOT NULL,
  `barangayid` tinyint NOT NULL,
  `tdno` tinyint NOT NULL
) ENGINE=MyISAM */;
SET character_set_client = @saved_cs_client;

--
-- Temporary table structure for view `vw_batchgr`
--

DROP TABLE IF EXISTS `vw_batchgr`;
/*!50001 DROP VIEW IF EXISTS `vw_batchgr`*/;
SET @saved_cs_client     = @@character_set_client;
SET character_set_client = utf8;
/*!50001 CREATE TABLE `vw_batchgr` (
  `objid` tinyint NOT NULL,
  `state` tinyint NOT NULL,
  `ry` tinyint NOT NULL,
  `lgu_objid` tinyint NOT NULL,
  `barangay_objid` tinyint NOT NULL,
  `rputype` tinyint NOT NULL,
  `classification_objid` tinyint NOT NULL,
  `section` tinyint NOT NULL,
  `memoranda` tinyint NOT NULL,
  `txntype_objid` tinyint NOT NULL,
  `txnno` tinyint NOT NULL,
  `txndate` tinyint NOT NULL,
  `effectivityyear` tinyint NOT NULL,
  `effectivityqtr` tinyint NOT NULL,
  `originlgu_objid` tinyint NOT NULL,
  `lgu_name` tinyint NOT NULL,
  `barangay_name` tinyint NOT NULL,
  `classification_name` tinyint NOT NULL,
  `taskid` tinyint NOT NULL,
  `taskstate` tinyint NOT NULL,
  `assignee_objid` tinyint NOT NULL
) ENGINE=MyISAM */;
SET character_set_client = @saved_cs_client;

--
-- Temporary table structure for view `vw_business_application_lob_retire`
--

DROP TABLE IF EXISTS `vw_business_application_lob_retire`;
/*!50001 DROP VIEW IF EXISTS `vw_business_application_lob_retire`*/;
SET @saved_cs_client     = @@character_set_client;
SET character_set_client = utf8;
/*!50001 CREATE TABLE `vw_business_application_lob_retire` (
  `businessid` tinyint NOT NULL,
  `applicationid` tinyint NOT NULL,
  `appno` tinyint NOT NULL,
  `appyear` tinyint NOT NULL,
  `dtfiled` tinyint NOT NULL,
  `txndate` tinyint NOT NULL,
  `tradename` tinyint NOT NULL,
  `bin` tinyint NOT NULL,
  `assessmenttype` tinyint NOT NULL,
  `lobid` tinyint NOT NULL,
  `lobname` tinyint NOT NULL,
  `refid` tinyint NOT NULL,
  `refno` tinyint NOT NULL
) ENGINE=MyISAM */;
SET character_set_client = @saved_cs_client;

--
-- Temporary table structure for view `vw_cashbook_cashreceipt`
--

DROP TABLE IF EXISTS `vw_cashbook_cashreceipt`;
/*!50001 DROP VIEW IF EXISTS `vw_cashbook_cashreceipt`*/;
SET @saved_cs_client     = @@character_set_client;
SET character_set_client = utf8;
/*!50001 CREATE TABLE `vw_cashbook_cashreceipt` (
  `objid` tinyint NOT NULL,
  `txndate` tinyint NOT NULL,
  `refdate` tinyint NOT NULL,
  `refid` tinyint NOT NULL,
  `refno` tinyint NOT NULL,
  `reftype` tinyint NOT NULL,
  `particulars` tinyint NOT NULL,
  `fundid` tinyint NOT NULL,
  `collectorid` tinyint NOT NULL,
  `dr` tinyint NOT NULL,
  `cr` tinyint NOT NULL,
  `formno` tinyint NOT NULL,
  `formtype` tinyint NOT NULL,
  `series` tinyint NOT NULL,
  `controlid` tinyint NOT NULL,
  `sortdate` tinyint NOT NULL,
  `receiptdate` tinyint NOT NULL,
  `receiptid` tinyint NOT NULL,
  `remittanceid` tinyint NOT NULL,
  `remittancedate` tinyint NOT NULL,
  `remittancedtposted` tinyint NOT NULL
) ENGINE=MyISAM */;
SET character_set_client = @saved_cs_client;

--
-- Temporary table structure for view `vw_cashbook_cashreceipt_share`
--

DROP TABLE IF EXISTS `vw_cashbook_cashreceipt_share`;
/*!50001 DROP VIEW IF EXISTS `vw_cashbook_cashreceipt_share`*/;
SET @saved_cs_client     = @@character_set_client;
SET character_set_client = utf8;
/*!50001 CREATE TABLE `vw_cashbook_cashreceipt_share` (
  `objid` tinyint NOT NULL,
  `txndate` tinyint NOT NULL,
  `refdate` tinyint NOT NULL,
  `refid` tinyint NOT NULL,
  `refno` tinyint NOT NULL,
  `reftype` tinyint NOT NULL,
  `particulars` tinyint NOT NULL,
  `fundid` tinyint NOT NULL,
  `collectorid` tinyint NOT NULL,
  `dr` tinyint NOT NULL,
  `cr` tinyint NOT NULL,
  `formno` tinyint NOT NULL,
  `formtype` tinyint NOT NULL,
  `series` tinyint NOT NULL,
  `controlid` tinyint NOT NULL,
  `sortdate` tinyint NOT NULL,
  `receiptdate` tinyint NOT NULL,
  `receiptid` tinyint NOT NULL,
  `refitemid` tinyint NOT NULL,
  `remittanceid` tinyint NOT NULL,
  `remittancedate` tinyint NOT NULL,
  `remittancedtposted` tinyint NOT NULL
) ENGINE=MyISAM */;
SET character_set_client = @saved_cs_client;

--
-- Temporary table structure for view `vw_cashbook_cashreceipt_share_payable`
--

DROP TABLE IF EXISTS `vw_cashbook_cashreceipt_share_payable`;
/*!50001 DROP VIEW IF EXISTS `vw_cashbook_cashreceipt_share_payable`*/;
SET @saved_cs_client     = @@character_set_client;
SET character_set_client = utf8;
/*!50001 CREATE TABLE `vw_cashbook_cashreceipt_share_payable` (
  `objid` tinyint NOT NULL,
  `txndate` tinyint NOT NULL,
  `refdate` tinyint NOT NULL,
  `refid` tinyint NOT NULL,
  `refno` tinyint NOT NULL,
  `reftype` tinyint NOT NULL,
  `particulars` tinyint NOT NULL,
  `fundid` tinyint NOT NULL,
  `collectorid` tinyint NOT NULL,
  `dr` tinyint NOT NULL,
  `cr` tinyint NOT NULL,
  `formno` tinyint NOT NULL,
  `formtype` tinyint NOT NULL,
  `series` tinyint NOT NULL,
  `controlid` tinyint NOT NULL,
  `sortdate` tinyint NOT NULL,
  `receiptdate` tinyint NOT NULL,
  `receiptid` tinyint NOT NULL,
  `payableitemid` tinyint NOT NULL,
  `remittanceid` tinyint NOT NULL,
  `remittancedate` tinyint NOT NULL,
  `remittancedtposted` tinyint NOT NULL
) ENGINE=MyISAM */;
SET character_set_client = @saved_cs_client;

--
-- Temporary table structure for view `vw_cashbook_cashreceiptvoid`
--

DROP TABLE IF EXISTS `vw_cashbook_cashreceiptvoid`;
/*!50001 DROP VIEW IF EXISTS `vw_cashbook_cashreceiptvoid`*/;
SET @saved_cs_client     = @@character_set_client;
SET character_set_client = utf8;
/*!50001 CREATE TABLE `vw_cashbook_cashreceiptvoid` (
  `objid` tinyint NOT NULL,
  `txndate` tinyint NOT NULL,
  `refdate` tinyint NOT NULL,
  `refid` tinyint NOT NULL,
  `refno` tinyint NOT NULL,
  `reftype` tinyint NOT NULL,
  `particulars` tinyint NOT NULL,
  `fundid` tinyint NOT NULL,
  `collectorid` tinyint NOT NULL,
  `dr` tinyint NOT NULL,
  `cr` tinyint NOT NULL,
  `formno` tinyint NOT NULL,
  `formtype` tinyint NOT NULL,
  `series` tinyint NOT NULL,
  `controlid` tinyint NOT NULL,
  `sortdate` tinyint NOT NULL,
  `receiptdate` tinyint NOT NULL,
  `remittanceid` tinyint NOT NULL,
  `remittancedate` tinyint NOT NULL,
  `remittancedtposted` tinyint NOT NULL
) ENGINE=MyISAM */;
SET character_set_client = @saved_cs_client;

--
-- Temporary table structure for view `vw_cashbook_cashreceiptvoid_share`
--

DROP TABLE IF EXISTS `vw_cashbook_cashreceiptvoid_share`;
/*!50001 DROP VIEW IF EXISTS `vw_cashbook_cashreceiptvoid_share`*/;
SET @saved_cs_client     = @@character_set_client;
SET character_set_client = utf8;
/*!50001 CREATE TABLE `vw_cashbook_cashreceiptvoid_share` (
  `objid` tinyint NOT NULL,
  `txndate` tinyint NOT NULL,
  `refdate` tinyint NOT NULL,
  `refid` tinyint NOT NULL,
  `refno` tinyint NOT NULL,
  `reftype` tinyint NOT NULL,
  `particulars` tinyint NOT NULL,
  `fundid` tinyint NOT NULL,
  `collectorid` tinyint NOT NULL,
  `dr` tinyint NOT NULL,
  `cr` tinyint NOT NULL,
  `formno` tinyint NOT NULL,
  `formtype` tinyint NOT NULL,
  `series` tinyint NOT NULL,
  `controlid` tinyint NOT NULL,
  `sortdate` tinyint NOT NULL,
  `receiptdate` tinyint NOT NULL,
  `remittanceid` tinyint NOT NULL,
  `remittancedate` tinyint NOT NULL,
  `remittancedtposted` tinyint NOT NULL
) ENGINE=MyISAM */;
SET character_set_client = @saved_cs_client;

--
-- Temporary table structure for view `vw_cashbook_cashreceiptvoid_share_payable`
--

DROP TABLE IF EXISTS `vw_cashbook_cashreceiptvoid_share_payable`;
/*!50001 DROP VIEW IF EXISTS `vw_cashbook_cashreceiptvoid_share_payable`*/;
SET @saved_cs_client     = @@character_set_client;
SET character_set_client = utf8;
/*!50001 CREATE TABLE `vw_cashbook_cashreceiptvoid_share_payable` (
  `objid` tinyint NOT NULL,
  `txndate` tinyint NOT NULL,
  `refdate` tinyint NOT NULL,
  `refid` tinyint NOT NULL,
  `refno` tinyint NOT NULL,
  `reftype` tinyint NOT NULL,
  `particulars` tinyint NOT NULL,
  `fundid` tinyint NOT NULL,
  `collectorid` tinyint NOT NULL,
  `dr` tinyint NOT NULL,
  `cr` tinyint NOT NULL,
  `formno` tinyint NOT NULL,
  `formtype` tinyint NOT NULL,
  `series` tinyint NOT NULL,
  `controlid` tinyint NOT NULL,
  `sortdate` tinyint NOT NULL,
  `receiptdate` tinyint NOT NULL,
  `remittanceid` tinyint NOT NULL,
  `remittancedate` tinyint NOT NULL,
  `remittancedtposted` tinyint NOT NULL
) ENGINE=MyISAM */;
SET character_set_client = @saved_cs_client;

--
-- Temporary table structure for view `vw_cashbook_remittance`
--

DROP TABLE IF EXISTS `vw_cashbook_remittance`;
/*!50001 DROP VIEW IF EXISTS `vw_cashbook_remittance`*/;
SET @saved_cs_client     = @@character_set_client;
SET character_set_client = utf8;
/*!50001 CREATE TABLE `vw_cashbook_remittance` (
  `objid` tinyint NOT NULL,
  `txndate` tinyint NOT NULL,
  `refdate` tinyint NOT NULL,
  `refid` tinyint NOT NULL,
  `refno` tinyint NOT NULL,
  `reftype` tinyint NOT NULL,
  `particulars` tinyint NOT NULL,
  `fundid` tinyint NOT NULL,
  `collectorid` tinyint NOT NULL,
  `dr` tinyint NOT NULL,
  `cr` tinyint NOT NULL,
  `formno` tinyint NOT NULL,
  `formtype` tinyint NOT NULL,
  `series` tinyint NOT NULL,
  `controlid` tinyint NOT NULL,
  `sortdate` tinyint NOT NULL,
  `liquidatingofficer_objid` tinyint NOT NULL,
  `liquidatingofficer_name` tinyint NOT NULL,
  `voidid` tinyint NOT NULL,
  `voiddate` tinyint NOT NULL
) ENGINE=MyISAM */;
SET character_set_client = @saved_cs_client;

--
-- Temporary table structure for view `vw_cashbook_remittance_share`
--

DROP TABLE IF EXISTS `vw_cashbook_remittance_share`;
/*!50001 DROP VIEW IF EXISTS `vw_cashbook_remittance_share`*/;
SET @saved_cs_client     = @@character_set_client;
SET character_set_client = utf8;
/*!50001 CREATE TABLE `vw_cashbook_remittance_share` (
  `objid` tinyint NOT NULL,
  `txndate` tinyint NOT NULL,
  `refdate` tinyint NOT NULL,
  `refid` tinyint NOT NULL,
  `refno` tinyint NOT NULL,
  `reftype` tinyint NOT NULL,
  `particulars` tinyint NOT NULL,
  `fundid` tinyint NOT NULL,
  `collectorid` tinyint NOT NULL,
  `dr` tinyint NOT NULL,
  `cr` tinyint NOT NULL,
  `formno` tinyint NOT NULL,
  `formtype` tinyint NOT NULL,
  `series` tinyint NOT NULL,
  `controlid` tinyint NOT NULL,
  `sortdate` tinyint NOT NULL,
  `liquidatingofficer_objid` tinyint NOT NULL,
  `liquidatingofficer_name` tinyint NOT NULL,
  `voidid` tinyint NOT NULL,
  `voiddate` tinyint NOT NULL
) ENGINE=MyISAM */;
SET character_set_client = @saved_cs_client;

--
-- Temporary table structure for view `vw_cashbook_remittance_share_payable`
--

DROP TABLE IF EXISTS `vw_cashbook_remittance_share_payable`;
/*!50001 DROP VIEW IF EXISTS `vw_cashbook_remittance_share_payable`*/;
SET @saved_cs_client     = @@character_set_client;
SET character_set_client = utf8;
/*!50001 CREATE TABLE `vw_cashbook_remittance_share_payable` (
  `objid` tinyint NOT NULL,
  `txndate` tinyint NOT NULL,
  `refdate` tinyint NOT NULL,
  `refid` tinyint NOT NULL,
  `refno` tinyint NOT NULL,
  `reftype` tinyint NOT NULL,
  `particulars` tinyint NOT NULL,
  `fundid` tinyint NOT NULL,
  `collectorid` tinyint NOT NULL,
  `dr` tinyint NOT NULL,
  `cr` tinyint NOT NULL,
  `formno` tinyint NOT NULL,
  `formtype` tinyint NOT NULL,
  `series` tinyint NOT NULL,
  `controlid` tinyint NOT NULL,
  `sortdate` tinyint NOT NULL,
  `liquidatingofficer_objid` tinyint NOT NULL,
  `liquidatingofficer_name` tinyint NOT NULL,
  `voidid` tinyint NOT NULL,
  `voiddate` tinyint NOT NULL
) ENGINE=MyISAM */;
SET character_set_client = @saved_cs_client;

--
-- Temporary table structure for view `vw_cashreceipt_itemaccount`
--

DROP TABLE IF EXISTS `vw_cashreceipt_itemaccount`;
/*!50001 DROP VIEW IF EXISTS `vw_cashreceipt_itemaccount`*/;
SET @saved_cs_client     = @@character_set_client;
SET character_set_client = utf8;
/*!50001 CREATE TABLE `vw_cashreceipt_itemaccount` (
  `objid` tinyint NOT NULL,
  `state` tinyint NOT NULL,
  `code` tinyint NOT NULL,
  `title` tinyint NOT NULL,
  `description` tinyint NOT NULL,
  `type` tinyint NOT NULL,
  `fund_objid` tinyint NOT NULL,
  `fund_code` tinyint NOT NULL,
  `fund_title` tinyint NOT NULL,
  `defaultvalue` tinyint NOT NULL,
  `valuetype` tinyint NOT NULL,
  `sortorder` tinyint NOT NULL,
  `orgid` tinyint NOT NULL,
  `hidefromlookup` tinyint NOT NULL
) ENGINE=MyISAM */;
SET character_set_client = @saved_cs_client;

--
-- Temporary table structure for view `vw_cashreceipt_itemaccount_collectiongroup`
--

DROP TABLE IF EXISTS `vw_cashreceipt_itemaccount_collectiongroup`;
/*!50001 DROP VIEW IF EXISTS `vw_cashreceipt_itemaccount_collectiongroup`*/;
SET @saved_cs_client     = @@character_set_client;
SET character_set_client = utf8;
/*!50001 CREATE TABLE `vw_cashreceipt_itemaccount_collectiongroup` (
  `objid` tinyint NOT NULL,
  `state` tinyint NOT NULL,
  `code` tinyint NOT NULL,
  `title` tinyint NOT NULL,
  `description` tinyint NOT NULL,
  `type` tinyint NOT NULL,
  `fund_objid` tinyint NOT NULL,
  `fund_code` tinyint NOT NULL,
  `fund_title` tinyint NOT NULL,
  `defaultvalue` tinyint NOT NULL,
  `valuetype` tinyint NOT NULL,
  `sortorder` tinyint NOT NULL,
  `orgid` tinyint NOT NULL,
  `collectiongroupid` tinyint NOT NULL,
  `generic` tinyint NOT NULL
) ENGINE=MyISAM */;
SET character_set_client = @saved_cs_client;

--
-- Temporary table structure for view `vw_cashreceipt_itemaccount_collectiontype`
--

DROP TABLE IF EXISTS `vw_cashreceipt_itemaccount_collectiontype`;
/*!50001 DROP VIEW IF EXISTS `vw_cashreceipt_itemaccount_collectiontype`*/;
SET @saved_cs_client     = @@character_set_client;
SET character_set_client = utf8;
/*!50001 CREATE TABLE `vw_cashreceipt_itemaccount_collectiontype` (
  `objid` tinyint NOT NULL,
  `state` tinyint NOT NULL,
  `code` tinyint NOT NULL,
  `title` tinyint NOT NULL,
  `description` tinyint NOT NULL,
  `type` tinyint NOT NULL,
  `fund_objid` tinyint NOT NULL,
  `fund_code` tinyint NOT NULL,
  `fund_title` tinyint NOT NULL,
  `defaultvalue` tinyint NOT NULL,
  `valuetype` tinyint NOT NULL,
  `sortorder` tinyint NOT NULL,
  `orgid` tinyint NOT NULL,
  `collectiontypeid` tinyint NOT NULL,
  `hasorg` tinyint NOT NULL,
  `hidefromlookup` tinyint NOT NULL
) ENGINE=MyISAM */;
SET character_set_client = @saved_cs_client;

--
-- Temporary table structure for view `vw_cashreceiptpayment_noncash`
--

DROP TABLE IF EXISTS `vw_cashreceiptpayment_noncash`;
/*!50001 DROP VIEW IF EXISTS `vw_cashreceiptpayment_noncash`*/;
SET @saved_cs_client     = @@character_set_client;
SET character_set_client = utf8;
/*!50001 CREATE TABLE `vw_cashreceiptpayment_noncash` (
  `objid` tinyint NOT NULL,
  `receiptid` tinyint NOT NULL,
  `refno` tinyint NOT NULL,
  `refdate` tinyint NOT NULL,
  `reftype` tinyint NOT NULL,
  `amount` tinyint NOT NULL,
  `particulars` tinyint NOT NULL,
  `account_objid` tinyint NOT NULL,
  `account_code` tinyint NOT NULL,
  `account_name` tinyint NOT NULL,
  `account_fund_objid` tinyint NOT NULL,
  `account_fund_name` tinyint NOT NULL,
  `account_bank` tinyint NOT NULL,
  `fund_objid` tinyint NOT NULL,
  `refid` tinyint NOT NULL,
  `checkid` tinyint NOT NULL,
  `voidamount` tinyint NOT NULL,
  `void_objid` tinyint NOT NULL,
  `voided` tinyint NOT NULL,
  `receipt_receiptno` tinyint NOT NULL,
  `receipt_receiptdate` tinyint NOT NULL,
  `receipt_amount` tinyint NOT NULL,
  `receipt_collector_objid` tinyint NOT NULL,
  `receipt_collector_name` tinyint NOT NULL,
  `remittanceid` tinyint NOT NULL,
  `remittance_objid` tinyint NOT NULL,
  `remittance_controlno` tinyint NOT NULL,
  `remittance_controldate` tinyint NOT NULL
) ENGINE=MyISAM */;
SET character_set_client = @saved_cs_client;

--
-- Temporary table structure for view `vw_cashreceiptpayment_noncash_liquidated`
--

DROP TABLE IF EXISTS `vw_cashreceiptpayment_noncash_liquidated`;
/*!50001 DROP VIEW IF EXISTS `vw_cashreceiptpayment_noncash_liquidated`*/;
SET @saved_cs_client     = @@character_set_client;
SET character_set_client = utf8;
/*!50001 CREATE TABLE `vw_cashreceiptpayment_noncash_liquidated` (
  `objid` tinyint NOT NULL,
  `receiptid` tinyint NOT NULL,
  `refno` tinyint NOT NULL,
  `refdate` tinyint NOT NULL,
  `reftype` tinyint NOT NULL,
  `amount` tinyint NOT NULL,
  `particulars` tinyint NOT NULL,
  `account_objid` tinyint NOT NULL,
  `account_code` tinyint NOT NULL,
  `account_name` tinyint NOT NULL,
  `account_fund_objid` tinyint NOT NULL,
  `account_fund_name` tinyint NOT NULL,
  `account_bank` tinyint NOT NULL,
  `fund_objid` tinyint NOT NULL,
  `refid` tinyint NOT NULL,
  `checkid` tinyint NOT NULL,
  `voidamount` tinyint NOT NULL,
  `void_objid` tinyint NOT NULL,
  `voided` tinyint NOT NULL,
  `receipt_receiptno` tinyint NOT NULL,
  `receipt_receiptdate` tinyint NOT NULL,
  `receipt_amount` tinyint NOT NULL,
  `receipt_collector_objid` tinyint NOT NULL,
  `receipt_collector_name` tinyint NOT NULL,
  `remittanceid` tinyint NOT NULL,
  `remittance_objid` tinyint NOT NULL,
  `remittance_controlno` tinyint NOT NULL,
  `remittance_controldate` tinyint NOT NULL,
  `collectionvoucherid` tinyint NOT NULL,
  `collectionvoucher_objid` tinyint NOT NULL,
  `collectionvoucher_controlno` tinyint NOT NULL,
  `collectionvoucher_controldate` tinyint NOT NULL,
  `depositvoucherid` tinyint NOT NULL
) ENGINE=MyISAM */;
SET character_set_client = @saved_cs_client;

--
-- Temporary table structure for view `vw_collectiongroup`
--

DROP TABLE IF EXISTS `vw_collectiongroup`;
/*!50001 DROP VIEW IF EXISTS `vw_collectiongroup`*/;
SET @saved_cs_client     = @@character_set_client;
SET character_set_client = utf8;
/*!50001 CREATE TABLE `vw_collectiongroup` (
  `objid` tinyint NOT NULL,
  `name` tinyint NOT NULL,
  `sharing` tinyint NOT NULL,
  `orgid` tinyint NOT NULL
) ENGINE=MyISAM */;
SET character_set_client = @saved_cs_client;

--
-- Temporary table structure for view `vw_collectiontype`
--

DROP TABLE IF EXISTS `vw_collectiontype`;
/*!50001 DROP VIEW IF EXISTS `vw_collectiontype`*/;
SET @saved_cs_client     = @@character_set_client;
SET character_set_client = utf8;
/*!50001 CREATE TABLE `vw_collectiontype` (
  `objid` tinyint NOT NULL,
  `state` tinyint NOT NULL,
  `name` tinyint NOT NULL,
  `title` tinyint NOT NULL,
  `formno` tinyint NOT NULL,
  `handler` tinyint NOT NULL,
  `allowbatch` tinyint NOT NULL,
  `barcodekey` tinyint NOT NULL,
  `allowonline` tinyint NOT NULL,
  `allowoffline` tinyint NOT NULL,
  `sortorder` tinyint NOT NULL,
  `orgid` tinyint NOT NULL,
  `fund_objid` tinyint NOT NULL,
  `fund_title` tinyint NOT NULL,
  `category` tinyint NOT NULL,
  `queuesection` tinyint NOT NULL,
  `system` tinyint NOT NULL,
  `af_formtype` tinyint NOT NULL,
  `af_serieslength` tinyint NOT NULL,
  `af_denomination` tinyint NOT NULL,
  `af_baseunit` tinyint NOT NULL,
  `allowpaymentorder` tinyint NOT NULL,
  `allowkiosk` tinyint NOT NULL,
  `allowcreditmemo` tinyint NOT NULL
) ENGINE=MyISAM */;
SET character_set_client = @saved_cs_client;

--
-- Temporary table structure for view `vw_collectiontype_account`
--

DROP TABLE IF EXISTS `vw_collectiontype_account`;
/*!50001 DROP VIEW IF EXISTS `vw_collectiontype_account`*/;
SET @saved_cs_client     = @@character_set_client;
SET character_set_client = utf8;
/*!50001 CREATE TABLE `vw_collectiontype_account` (
  `objid` tinyint NOT NULL,
  `code` tinyint NOT NULL,
  `title` tinyint NOT NULL,
  `fund_objid` tinyint NOT NULL,
  `fund_code` tinyint NOT NULL,
  `fund_title` tinyint NOT NULL,
  `collectiontypeid` tinyint NOT NULL,
  `tag` tinyint NOT NULL,
  `valuetype` tinyint NOT NULL,
  `defaultvalue` tinyint NOT NULL
) ENGINE=MyISAM */;
SET character_set_client = @saved_cs_client;

--
-- Temporary table structure for view `vw_collectionvoucher_cashreceiptitem`
--

DROP TABLE IF EXISTS `vw_collectionvoucher_cashreceiptitem`;
/*!50001 DROP VIEW IF EXISTS `vw_collectionvoucher_cashreceiptitem`*/;
SET @saved_cs_client     = @@character_set_client;
SET character_set_client = utf8;
/*!50001 CREATE TABLE `vw_collectionvoucher_cashreceiptitem` (
  `collectionvoucher_controldate` tinyint NOT NULL,
  `collectionvoucher_controlno` tinyint NOT NULL,
  `remittanceid` tinyint NOT NULL,
  `remittance_controldate` tinyint NOT NULL,
  `remittance_controlno` tinyint NOT NULL,
  `collectionvoucherid` tinyint NOT NULL,
  `collectiontype_objid` tinyint NOT NULL,
  `collectiontype_name` tinyint NOT NULL,
  `org_objid` tinyint NOT NULL,
  `org_name` tinyint NOT NULL,
  `formtype` tinyint NOT NULL,
  `formno` tinyint NOT NULL,
  `receiptid` tinyint NOT NULL,
  `receiptdate` tinyint NOT NULL,
  `receiptno` tinyint NOT NULL,
  `controlid` tinyint NOT NULL,
  `series` tinyint NOT NULL,
  `stubno` tinyint NOT NULL,
  `paidby` tinyint NOT NULL,
  `paidbyaddress` tinyint NOT NULL,
  `collectorid` tinyint NOT NULL,
  `collectorname` tinyint NOT NULL,
  `collectortitle` tinyint NOT NULL,
  `fundid` tinyint NOT NULL,
  `acctid` tinyint NOT NULL,
  `acctcode` tinyint NOT NULL,
  `acctname` tinyint NOT NULL,
  `remarks` tinyint NOT NULL,
  `amount` tinyint NOT NULL,
  `voided` tinyint NOT NULL,
  `voidamount` tinyint NOT NULL,
  `formtypeindex` tinyint NOT NULL
) ENGINE=MyISAM */;
SET character_set_client = @saved_cs_client;

--
-- Temporary table structure for view `vw_collectionvoucher_cashreceiptshare`
--

DROP TABLE IF EXISTS `vw_collectionvoucher_cashreceiptshare`;
/*!50001 DROP VIEW IF EXISTS `vw_collectionvoucher_cashreceiptshare`*/;
SET @saved_cs_client     = @@character_set_client;
SET character_set_client = utf8;
/*!50001 CREATE TABLE `vw_collectionvoucher_cashreceiptshare` (
  `collectionvoucher_controldate` tinyint NOT NULL,
  `collectionvoucher_controlno` tinyint NOT NULL,
  `remittanceid` tinyint NOT NULL,
  `remittance_controldate` tinyint NOT NULL,
  `remittance_controlno` tinyint NOT NULL,
  `collectionvoucherid` tinyint NOT NULL,
  `formno` tinyint NOT NULL,
  `formtype` tinyint NOT NULL,
  `controlid` tinyint NOT NULL,
  `receiptid` tinyint NOT NULL,
  `receiptdate` tinyint NOT NULL,
  `receiptno` tinyint NOT NULL,
  `paidby` tinyint NOT NULL,
  `paidbyaddress` tinyint NOT NULL,
  `org_objid` tinyint NOT NULL,
  `org_name` tinyint NOT NULL,
  `collectiontype_objid` tinyint NOT NULL,
  `collectiontype_name` tinyint NOT NULL,
  `collectorid` tinyint NOT NULL,
  `collectorname` tinyint NOT NULL,
  `collectortitle` tinyint NOT NULL,
  `refacctid` tinyint NOT NULL,
  `fundid` tinyint NOT NULL,
  `acctid` tinyint NOT NULL,
  `acctcode` tinyint NOT NULL,
  `acctname` tinyint NOT NULL,
  `amount` tinyint NOT NULL,
  `voided` tinyint NOT NULL,
  `voidamount` tinyint NOT NULL,
  `formtypeindex` tinyint NOT NULL
) ENGINE=MyISAM */;
SET character_set_client = @saved_cs_client;

--
-- Temporary table structure for view `vw_deposit_fund_transfer`
--

DROP TABLE IF EXISTS `vw_deposit_fund_transfer`;
/*!50001 DROP VIEW IF EXISTS `vw_deposit_fund_transfer`*/;
SET @saved_cs_client     = @@character_set_client;
SET character_set_client = utf8;
/*!50001 CREATE TABLE `vw_deposit_fund_transfer` (
  `objid` tinyint NOT NULL,
  `amount` tinyint NOT NULL,
  `todepositvoucherfundid` tinyint NOT NULL,
  `todepositvoucherfund_fund_objid` tinyint NOT NULL,
  `todepositvoucherfund_fund_code` tinyint NOT NULL,
  `todepositvoucherfund_fund_title` tinyint NOT NULL,
  `fromdepositvoucherfundid` tinyint NOT NULL,
  `fromdepositvoucherfund_fund_objid` tinyint NOT NULL,
  `fromdepositvoucherfund_fund_code` tinyint NOT NULL,
  `fromdepositvoucherfund_fund_title` tinyint NOT NULL
) ENGINE=MyISAM */;
SET character_set_client = @saved_cs_client;

--
-- Temporary table structure for view `vw_entity_mapping`
--

DROP TABLE IF EXISTS `vw_entity_mapping`;
/*!50001 DROP VIEW IF EXISTS `vw_entity_mapping`*/;
SET @saved_cs_client     = @@character_set_client;
SET character_set_client = utf8;
/*!50001 CREATE TABLE `vw_entity_mapping` (
  `objid` tinyint NOT NULL,
  `parent_objid` tinyint NOT NULL,
  `org_objid` tinyint NOT NULL,
  `entityno` tinyint NOT NULL,
  `name` tinyint NOT NULL,
  `address_text` tinyint NOT NULL,
  `address_province` tinyint NOT NULL,
  `address_municipality` tinyint NOT NULL
) ENGINE=MyISAM */;
SET character_set_client = @saved_cs_client;

--
-- Temporary table structure for view `vw_entity_relation`
--

DROP TABLE IF EXISTS `vw_entity_relation`;
/*!50001 DROP VIEW IF EXISTS `vw_entity_relation`*/;
SET @saved_cs_client     = @@character_set_client;
SET character_set_client = utf8;
/*!50001 CREATE TABLE `vw_entity_relation` (
  `objid` tinyint NOT NULL,
  `ownerid` tinyint NOT NULL,
  `entityid` tinyint NOT NULL,
  `entityno` tinyint NOT NULL,
  `name` tinyint NOT NULL,
  `firstname` tinyint NOT NULL,
  `lastname` tinyint NOT NULL,
  `middlename` tinyint NOT NULL,
  `birthdate` tinyint NOT NULL,
  `gender` tinyint NOT NULL,
  `relationship` tinyint NOT NULL
) ENGINE=MyISAM */;
SET character_set_client = @saved_cs_client;

--
-- Temporary table structure for view `vw_entityindividual`
--

DROP TABLE IF EXISTS `vw_entityindividual`;
/*!50001 DROP VIEW IF EXISTS `vw_entityindividual`*/;
SET @saved_cs_client     = @@character_set_client;
SET character_set_client = utf8;
/*!50001 CREATE TABLE `vw_entityindividual` (
  `objid` tinyint NOT NULL,
  `lastname` tinyint NOT NULL,
  `firstname` tinyint NOT NULL,
  `middlename` tinyint NOT NULL,
  `birthdate` tinyint NOT NULL,
  `birthplace` tinyint NOT NULL,
  `citizenship` tinyint NOT NULL,
  `gender` tinyint NOT NULL,
  `civilstatus` tinyint NOT NULL,
  `profession` tinyint NOT NULL,
  `tin` tinyint NOT NULL,
  `sss` tinyint NOT NULL,
  `height` tinyint NOT NULL,
  `weight` tinyint NOT NULL,
  `acr` tinyint NOT NULL,
  `religion` tinyint NOT NULL,
  `photo` tinyint NOT NULL,
  `thumbnail` tinyint NOT NULL,
  `profileid` tinyint NOT NULL,
  `entityno` tinyint NOT NULL,
  `type` tinyint NOT NULL,
  `name` tinyint NOT NULL,
  `entityname` tinyint NOT NULL,
  `mobileno` tinyint NOT NULL,
  `phoneno` tinyint NOT NULL,
  `address_objid` tinyint NOT NULL,
  `address_text` tinyint NOT NULL
) ENGINE=MyISAM */;
SET character_set_client = @saved_cs_client;

--
-- Temporary table structure for view `vw_entityindividual_lookup`
--

DROP TABLE IF EXISTS `vw_entityindividual_lookup`;
/*!50001 DROP VIEW IF EXISTS `vw_entityindividual_lookup`*/;
SET @saved_cs_client     = @@character_set_client;
SET character_set_client = utf8;
/*!50001 CREATE TABLE `vw_entityindividual_lookup` (
  `objid` tinyint NOT NULL,
  `entityno` tinyint NOT NULL,
  `name` tinyint NOT NULL,
  `addresstext` tinyint NOT NULL,
  `type` tinyint NOT NULL,
  `lastname` tinyint NOT NULL,
  `firstname` tinyint NOT NULL,
  `middlename` tinyint NOT NULL,
  `gender` tinyint NOT NULL,
  `birthdate` tinyint NOT NULL,
  `mobileno` tinyint NOT NULL,
  `phoneno` tinyint NOT NULL
) ENGINE=MyISAM */;
SET character_set_client = @saved_cs_client;

--
-- Temporary table structure for view `vw_entityrelation_lookup`
--

DROP TABLE IF EXISTS `vw_entityrelation_lookup`;
/*!50001 DROP VIEW IF EXISTS `vw_entityrelation_lookup`*/;
SET @saved_cs_client     = @@character_set_client;
SET character_set_client = utf8;
/*!50001 CREATE TABLE `vw_entityrelation_lookup` (
  `objid` tinyint NOT NULL,
  `entity_objid` tinyint NOT NULL,
  `relateto_objid` tinyint NOT NULL,
  `relation_objid` tinyint NOT NULL,
  `entityno` tinyint NOT NULL,
  `name` tinyint NOT NULL,
  `addresstext` tinyint NOT NULL,
  `type` tinyint NOT NULL,
  `lastname` tinyint NOT NULL,
  `firstname` tinyint NOT NULL,
  `middlename` tinyint NOT NULL,
  `gender` tinyint NOT NULL,
  `birthdate` tinyint NOT NULL,
  `mobileno` tinyint NOT NULL,
  `phoneno` tinyint NOT NULL
) ENGINE=MyISAM */;
SET character_set_client = @saved_cs_client;

--
-- Temporary table structure for view `vw_faas_lookup`
--

DROP TABLE IF EXISTS `vw_faas_lookup`;
/*!50001 DROP VIEW IF EXISTS `vw_faas_lookup`*/;
SET @saved_cs_client     = @@character_set_client;
SET character_set_client = utf8;
/*!50001 CREATE TABLE `vw_faas_lookup` (
  `objid` tinyint NOT NULL,
  `state` tinyint NOT NULL,
  `rpuid` tinyint NOT NULL,
  `utdno` tinyint NOT NULL,
  `tdno` tinyint NOT NULL,
  `txntype_objid` tinyint NOT NULL,
  `effectivityyear` tinyint NOT NULL,
  `effectivityqtr` tinyint NOT NULL,
  `taxpayer_objid` tinyint NOT NULL,
  `owner_name` tinyint NOT NULL,
  `owner_address` tinyint NOT NULL,
  `prevtdno` tinyint NOT NULL,
  `cancelreason` tinyint NOT NULL,
  `cancelledbytdnos` tinyint NOT NULL,
  `lguid` tinyint NOT NULL,
  `realpropertyid` tinyint NOT NULL,
  `fullpin` tinyint NOT NULL,
  `originlguid` tinyint NOT NULL,
  `taxpayer_name` tinyint NOT NULL,
  `taxpayer_address` tinyint NOT NULL,
  `classification_code` tinyint NOT NULL,
  `classcode` tinyint NOT NULL,
  `classification_name` tinyint NOT NULL,
  `classname` tinyint NOT NULL,
  `ry` tinyint NOT NULL,
  `rputype` tinyint NOT NULL,
  `totalmv` tinyint NOT NULL,
  `totalav` tinyint NOT NULL,
  `totalareasqm` tinyint NOT NULL,
  `totalareaha` tinyint NOT NULL,
  `barangayid` tinyint NOT NULL,
  `cadastrallotno` tinyint NOT NULL,
  `blockno` tinyint NOT NULL,
  `surveyno` tinyint NOT NULL,
  `pin` tinyint NOT NULL,
  `barangay_name` tinyint NOT NULL,
  `trackingno` tinyint NOT NULL
) ENGINE=MyISAM */;
SET character_set_client = @saved_cs_client;

--
-- Temporary table structure for view `vw_fund`
--

DROP TABLE IF EXISTS `vw_fund`;
/*!50001 DROP VIEW IF EXISTS `vw_fund`*/;
SET @saved_cs_client     = @@character_set_client;
SET character_set_client = utf8;
/*!50001 CREATE TABLE `vw_fund` (
  `objid` tinyint NOT NULL,
  `parentid` tinyint NOT NULL,
  `state` tinyint NOT NULL,
  `code` tinyint NOT NULL,
  `title` tinyint NOT NULL,
  `type` tinyint NOT NULL,
  `special` tinyint NOT NULL,
  `system` tinyint NOT NULL,
  `groupid` tinyint NOT NULL,
  `depositoryfundid` tinyint NOT NULL,
  `group_objid` tinyint NOT NULL,
  `group_title` tinyint NOT NULL,
  `group_indexno` tinyint NOT NULL,
  `depositoryfund_objid` tinyint NOT NULL,
  `depositoryfund_state` tinyint NOT NULL,
  `depositoryfund_code` tinyint NOT NULL,
  `depositoryfund_title` tinyint NOT NULL
) ENGINE=MyISAM */;
SET character_set_client = @saved_cs_client;

--
-- Temporary table structure for view `vw_income_ledger`
--

DROP TABLE IF EXISTS `vw_income_ledger`;
/*!50001 DROP VIEW IF EXISTS `vw_income_ledger`*/;
SET @saved_cs_client     = @@character_set_client;
SET character_set_client = utf8;
/*!50001 CREATE TABLE `vw_income_ledger` (
  `year` tinyint NOT NULL,
  `month` tinyint NOT NULL,
  `fundid` tinyint NOT NULL,
  `itemacctid` tinyint NOT NULL,
  `amount` tinyint NOT NULL,
  `jevid` tinyint NOT NULL,
  `objid` tinyint NOT NULL
) ENGINE=MyISAM */;
SET character_set_client = @saved_cs_client;

--
-- Temporary table structure for view `vw_income_summary`
--

DROP TABLE IF EXISTS `vw_income_summary`;
/*!50001 DROP VIEW IF EXISTS `vw_income_summary`*/;
SET @saved_cs_client     = @@character_set_client;
SET character_set_client = utf8;
/*!50001 CREATE TABLE `vw_income_summary` (
  `refid` tinyint NOT NULL,
  `refdate` tinyint NOT NULL,
  `refno` tinyint NOT NULL,
  `reftype` tinyint NOT NULL,
  `acctid` tinyint NOT NULL,
  `fundid` tinyint NOT NULL,
  `amount` tinyint NOT NULL,
  `orgid` tinyint NOT NULL,
  `collectorid` tinyint NOT NULL,
  `refyear` tinyint NOT NULL,
  `refmonth` tinyint NOT NULL,
  `refqtr` tinyint NOT NULL,
  `remittanceid` tinyint NOT NULL,
  `remittancedate` tinyint NOT NULL,
  `remittanceyear` tinyint NOT NULL,
  `remittancemonth` tinyint NOT NULL,
  `remittanceqtr` tinyint NOT NULL,
  `liquidationid` tinyint NOT NULL,
  `liquidationdate` tinyint NOT NULL,
  `liquidationyear` tinyint NOT NULL,
  `liquidationmonth` tinyint NOT NULL,
  `liquidationqtr` tinyint NOT NULL,
  `fundgroupid` tinyint NOT NULL,
  `itemid` tinyint NOT NULL,
  `itemcode` tinyint NOT NULL,
  `itemtitle` tinyint NOT NULL,
  `itemtype` tinyint NOT NULL
) ENGINE=MyISAM */;
SET character_set_client = @saved_cs_client;

--
-- Temporary table structure for view `vw_landtax_lgu_account_mapping`
--

DROP TABLE IF EXISTS `vw_landtax_lgu_account_mapping`;
/*!50001 DROP VIEW IF EXISTS `vw_landtax_lgu_account_mapping`*/;
SET @saved_cs_client     = @@character_set_client;
SET character_set_client = utf8;
/*!50001 CREATE TABLE `vw_landtax_lgu_account_mapping` (
  `org_objid` tinyint NOT NULL,
  `org_name` tinyint NOT NULL,
  `org_class` tinyint NOT NULL,
  `parent_objid` tinyint NOT NULL,
  `parent_code` tinyint NOT NULL,
  `parent_title` tinyint NOT NULL,
  `item_objid` tinyint NOT NULL,
  `item_code` tinyint NOT NULL,
  `item_title` tinyint NOT NULL,
  `item_fund_objid` tinyint NOT NULL,
  `item_fund_code` tinyint NOT NULL,
  `item_fund_title` tinyint NOT NULL,
  `item_type` tinyint NOT NULL,
  `item_tag` tinyint NOT NULL
) ENGINE=MyISAM */;
SET character_set_client = @saved_cs_client;

--
-- Temporary table structure for view `vw_landtax_report_rptdelinquency`
--

DROP TABLE IF EXISTS `vw_landtax_report_rptdelinquency`;
/*!50001 DROP VIEW IF EXISTS `vw_landtax_report_rptdelinquency`*/;
SET @saved_cs_client     = @@character_set_client;
SET character_set_client = utf8;
/*!50001 CREATE TABLE `vw_landtax_report_rptdelinquency` (
  `rptledgerid` tinyint NOT NULL,
  `barangayid` tinyint NOT NULL,
  `year` tinyint NOT NULL,
  `qtr` tinyint NOT NULL,
  `dtgenerated` tinyint NOT NULL,
  `generatedby_name` tinyint NOT NULL,
  `generatedby_title` tinyint NOT NULL,
  `basic` tinyint NOT NULL,
  `basicint` tinyint NOT NULL,
  `basicdisc` tinyint NOT NULL,
  `basicdp` tinyint NOT NULL,
  `basicnet` tinyint NOT NULL,
  `basicidle` tinyint NOT NULL,
  `basicidleint` tinyint NOT NULL,
  `basicidledisc` tinyint NOT NULL,
  `basicidledp` tinyint NOT NULL,
  `basicidlenet` tinyint NOT NULL,
  `sef` tinyint NOT NULL,
  `sefint` tinyint NOT NULL,
  `sefdisc` tinyint NOT NULL,
  `sefdp` tinyint NOT NULL,
  `sefnet` tinyint NOT NULL,
  `firecode` tinyint NOT NULL,
  `firecodeint` tinyint NOT NULL,
  `firecodedisc` tinyint NOT NULL,
  `firecodedp` tinyint NOT NULL,
  `firecodenet` tinyint NOT NULL,
  `sh` tinyint NOT NULL,
  `shint` tinyint NOT NULL,
  `shdisc` tinyint NOT NULL,
  `shdp` tinyint NOT NULL,
  `shnet` tinyint NOT NULL,
  `total` tinyint NOT NULL
) ENGINE=MyISAM */;
SET character_set_client = @saved_cs_client;

--
-- Temporary table structure for view `vw_landtax_report_rptdelinquency_detail`
--

DROP TABLE IF EXISTS `vw_landtax_report_rptdelinquency_detail`;
/*!50001 DROP VIEW IF EXISTS `vw_landtax_report_rptdelinquency_detail`*/;
SET @saved_cs_client     = @@character_set_client;
SET character_set_client = utf8;
/*!50001 CREATE TABLE `vw_landtax_report_rptdelinquency_detail` (
  `parentid` tinyint NOT NULL,
  `rptledgerid` tinyint NOT NULL,
  `barangayid` tinyint NOT NULL,
  `year` tinyint NOT NULL,
  `qtr` tinyint NOT NULL,
  `basic` tinyint NOT NULL,
  `basicint` tinyint NOT NULL,
  `basicdisc` tinyint NOT NULL,
  `basicdp` tinyint NOT NULL,
  `basicnet` tinyint NOT NULL,
  `basicidle` tinyint NOT NULL,
  `basicidleint` tinyint NOT NULL,
  `basicidledisc` tinyint NOT NULL,
  `basicidledp` tinyint NOT NULL,
  `basicidlenet` tinyint NOT NULL,
  `sef` tinyint NOT NULL,
  `sefint` tinyint NOT NULL,
  `sefdisc` tinyint NOT NULL,
  `sefdp` tinyint NOT NULL,
  `sefnet` tinyint NOT NULL,
  `firecode` tinyint NOT NULL,
  `firecodeint` tinyint NOT NULL,
  `firecodedisc` tinyint NOT NULL,
  `firecodedp` tinyint NOT NULL,
  `firecodenet` tinyint NOT NULL,
  `sh` tinyint NOT NULL,
  `shint` tinyint NOT NULL,
  `shdisc` tinyint NOT NULL,
  `shdp` tinyint NOT NULL,
  `shnet` tinyint NOT NULL,
  `total` tinyint NOT NULL
) ENGINE=MyISAM */;
SET character_set_client = @saved_cs_client;

--
-- Temporary table structure for view `vw_machine_smv`
--

DROP TABLE IF EXISTS `vw_machine_smv`;
/*!50001 DROP VIEW IF EXISTS `vw_machine_smv`*/;
SET @saved_cs_client     = @@character_set_client;
SET character_set_client = utf8;
/*!50001 CREATE TABLE `vw_machine_smv` (
  `objid` tinyint NOT NULL,
  `parent_objid` tinyint NOT NULL,
  `machine_objid` tinyint NOT NULL,
  `expr` tinyint NOT NULL,
  `previd` tinyint NOT NULL,
  `code` tinyint NOT NULL,
  `name` tinyint NOT NULL
) ENGINE=MyISAM */;
SET character_set_client = @saved_cs_client;

--
-- Temporary table structure for view `vw_online_business_application`
--

DROP TABLE IF EXISTS `vw_online_business_application`;
/*!50001 DROP VIEW IF EXISTS `vw_online_business_application`*/;
SET @saved_cs_client     = @@character_set_client;
SET character_set_client = utf8;
/*!50001 CREATE TABLE `vw_online_business_application` (
  `objid` tinyint NOT NULL,
  `state` tinyint NOT NULL,
  `dtcreated` tinyint NOT NULL,
  `createdby_objid` tinyint NOT NULL,
  `createdby_name` tinyint NOT NULL,
  `controlno` tinyint NOT NULL,
  `apptype` tinyint NOT NULL,
  `appyear` tinyint NOT NULL,
  `appdate` tinyint NOT NULL,
  `prevapplicationid` tinyint NOT NULL,
  `business_objid` tinyint NOT NULL,
  `bin` tinyint NOT NULL,
  `tradename` tinyint NOT NULL,
  `businessname` tinyint NOT NULL,
  `address_text` tinyint NOT NULL,
  `address_objid` tinyint NOT NULL,
  `owner_name` tinyint NOT NULL,
  `owner_address_text` tinyint NOT NULL,
  `owner_address_objid` tinyint NOT NULL,
  `yearstarted` tinyint NOT NULL,
  `orgtype` tinyint NOT NULL,
  `permittype` tinyint NOT NULL,
  `officetype` tinyint NOT NULL,
  `step` tinyint NOT NULL
) ENGINE=MyISAM */;
SET character_set_client = @saved_cs_client;

--
-- Temporary table structure for view `vw_remittance_cashreceipt`
--

DROP TABLE IF EXISTS `vw_remittance_cashreceipt`;
/*!50001 DROP VIEW IF EXISTS `vw_remittance_cashreceipt`*/;
SET @saved_cs_client     = @@character_set_client;
SET character_set_client = utf8;
/*!50001 CREATE TABLE `vw_remittance_cashreceipt` (
  `remittance_objid` tinyint NOT NULL,
  `remittance_controldate` tinyint NOT NULL,
  `remittance_controlno` tinyint NOT NULL,
  `remittanceid` tinyint NOT NULL,
  `collectionvoucherid` tinyint NOT NULL,
  `controlid` tinyint NOT NULL,
  `formtype` tinyint NOT NULL,
  `formtypeindexno` tinyint NOT NULL,
  `formno` tinyint NOT NULL,
  `stubno` tinyint NOT NULL,
  `series` tinyint NOT NULL,
  `receiptno` tinyint NOT NULL,
  `receiptdate` tinyint NOT NULL,
  `amount` tinyint NOT NULL,
  `totalnoncash` tinyint NOT NULL,
  `totalcash` tinyint NOT NULL,
  `voided` tinyint NOT NULL,
  `voidamount` tinyint NOT NULL,
  `paidby` tinyint NOT NULL,
  `paidbyaddress` tinyint NOT NULL,
  `payer_objid` tinyint NOT NULL,
  `payer_name` tinyint NOT NULL,
  `collector_objid` tinyint NOT NULL,
  `collector_name` tinyint NOT NULL,
  `collector_title` tinyint NOT NULL,
  `receiptid` tinyint NOT NULL,
  `collectiontype_objid` tinyint NOT NULL,
  `org_objid` tinyint NOT NULL
) ENGINE=MyISAM */;
SET character_set_client = @saved_cs_client;

--
-- Temporary table structure for view `vw_remittance_cashreceipt_af`
--

DROP TABLE IF EXISTS `vw_remittance_cashreceipt_af`;
/*!50001 DROP VIEW IF EXISTS `vw_remittance_cashreceipt_af`*/;
SET @saved_cs_client     = @@character_set_client;
SET character_set_client = utf8;
/*!50001 CREATE TABLE `vw_remittance_cashreceipt_af` (
  `remittanceid` tinyint NOT NULL,
  `collector_objid` tinyint NOT NULL,
  `controlid` tinyint NOT NULL,
  `fromreceiptno` tinyint NOT NULL,
  `toreceiptno` tinyint NOT NULL,
  `fromseries` tinyint NOT NULL,
  `toseries` tinyint NOT NULL,
  `qty` tinyint NOT NULL,
  `amount` tinyint NOT NULL,
  `qtyvoided` tinyint NOT NULL,
  `voidamt` tinyint NOT NULL,
  `qtycancelled` tinyint NOT NULL,
  `cancelledamt` tinyint NOT NULL,
  `formtype` tinyint NOT NULL,
  `serieslength` tinyint NOT NULL,
  `denomination` tinyint NOT NULL,
  `formno` tinyint NOT NULL,
  `stubno` tinyint NOT NULL,
  `startseries` tinyint NOT NULL,
  `endseries` tinyint NOT NULL,
  `prefix` tinyint NOT NULL,
  `suffix` tinyint NOT NULL
) ENGINE=MyISAM */;
SET character_set_client = @saved_cs_client;

--
-- Temporary table structure for view `vw_remittance_cashreceipt_afsummary`
--

DROP TABLE IF EXISTS `vw_remittance_cashreceipt_afsummary`;
/*!50001 DROP VIEW IF EXISTS `vw_remittance_cashreceipt_afsummary`*/;
SET @saved_cs_client     = @@character_set_client;
SET character_set_client = utf8;
/*!50001 CREATE TABLE `vw_remittance_cashreceipt_afsummary` (
  `objid` tinyint NOT NULL,
  `remittanceid` tinyint NOT NULL,
  `collector_objid` tinyint NOT NULL,
  `controlid` tinyint NOT NULL,
  `fromreceiptno` tinyint NOT NULL,
  `toreceiptno` tinyint NOT NULL,
  `fromseries` tinyint NOT NULL,
  `toseries` tinyint NOT NULL,
  `qty` tinyint NOT NULL,
  `amount` tinyint NOT NULL,
  `qtyvoided` tinyint NOT NULL,
  `voidamt` tinyint NOT NULL,
  `qtycancelled` tinyint NOT NULL,
  `cancelledamt` tinyint NOT NULL,
  `formtype` tinyint NOT NULL,
  `serieslength` tinyint NOT NULL,
  `denomination` tinyint NOT NULL,
  `formno` tinyint NOT NULL,
  `stubno` tinyint NOT NULL,
  `startseries` tinyint NOT NULL,
  `endseries` tinyint NOT NULL,
  `prefix` tinyint NOT NULL,
  `suffix` tinyint NOT NULL
) ENGINE=MyISAM */;
SET character_set_client = @saved_cs_client;

--
-- Temporary table structure for view `vw_remittance_cashreceiptitem`
--

DROP TABLE IF EXISTS `vw_remittance_cashreceiptitem`;
/*!50001 DROP VIEW IF EXISTS `vw_remittance_cashreceiptitem`*/;
SET @saved_cs_client     = @@character_set_client;
SET character_set_client = utf8;
/*!50001 CREATE TABLE `vw_remittance_cashreceiptitem` (
  `remittanceid` tinyint NOT NULL,
  `remittance_controldate` tinyint NOT NULL,
  `remittance_controlno` tinyint NOT NULL,
  `collectionvoucherid` tinyint NOT NULL,
  `collectiontype_objid` tinyint NOT NULL,
  `collectiontype_name` tinyint NOT NULL,
  `org_objid` tinyint NOT NULL,
  `org_name` tinyint NOT NULL,
  `formtype` tinyint NOT NULL,
  `formno` tinyint NOT NULL,
  `receiptid` tinyint NOT NULL,
  `receiptdate` tinyint NOT NULL,
  `receiptno` tinyint NOT NULL,
  `controlid` tinyint NOT NULL,
  `series` tinyint NOT NULL,
  `stubno` tinyint NOT NULL,
  `paidby` tinyint NOT NULL,
  `paidbyaddress` tinyint NOT NULL,
  `collectorid` tinyint NOT NULL,
  `collectorname` tinyint NOT NULL,
  `collectortitle` tinyint NOT NULL,
  `fundid` tinyint NOT NULL,
  `acctid` tinyint NOT NULL,
  `acctcode` tinyint NOT NULL,
  `acctname` tinyint NOT NULL,
  `remarks` tinyint NOT NULL,
  `amount` tinyint NOT NULL,
  `voided` tinyint NOT NULL,
  `voidamount` tinyint NOT NULL,
  `formtypeindex` tinyint NOT NULL
) ENGINE=MyISAM */;
SET character_set_client = @saved_cs_client;

--
-- Temporary table structure for view `vw_remittance_cashreceiptpayment_noncash`
--

DROP TABLE IF EXISTS `vw_remittance_cashreceiptpayment_noncash`;
/*!50001 DROP VIEW IF EXISTS `vw_remittance_cashreceiptpayment_noncash`*/;
SET @saved_cs_client     = @@character_set_client;
SET character_set_client = utf8;
/*!50001 CREATE TABLE `vw_remittance_cashreceiptpayment_noncash` (
  `objid` tinyint NOT NULL,
  `receiptid` tinyint NOT NULL,
  `refno` tinyint NOT NULL,
  `refdate` tinyint NOT NULL,
  `reftype` tinyint NOT NULL,
  `particulars` tinyint NOT NULL,
  `fundid` tinyint NOT NULL,
  `refid` tinyint NOT NULL,
  `amount` tinyint NOT NULL,
  `voided` tinyint NOT NULL,
  `voidamount` tinyint NOT NULL,
  `bankid` tinyint NOT NULL,
  `bank_name` tinyint NOT NULL,
  `remittanceid` tinyint NOT NULL,
  `collectionvoucherid` tinyint NOT NULL
) ENGINE=MyISAM */;
SET character_set_client = @saved_cs_client;

--
-- Temporary table structure for view `vw_remittance_cashreceiptshare`
--

DROP TABLE IF EXISTS `vw_remittance_cashreceiptshare`;
/*!50001 DROP VIEW IF EXISTS `vw_remittance_cashreceiptshare`*/;
SET @saved_cs_client     = @@character_set_client;
SET character_set_client = utf8;
/*!50001 CREATE TABLE `vw_remittance_cashreceiptshare` (
  `remittanceid` tinyint NOT NULL,
  `remittance_controldate` tinyint NOT NULL,
  `remittance_controlno` tinyint NOT NULL,
  `collectionvoucherid` tinyint NOT NULL,
  `formno` tinyint NOT NULL,
  `formtype` tinyint NOT NULL,
  `controlid` tinyint NOT NULL,
  `receiptid` tinyint NOT NULL,
  `receiptdate` tinyint NOT NULL,
  `receiptno` tinyint NOT NULL,
  `paidby` tinyint NOT NULL,
  `paidbyaddress` tinyint NOT NULL,
  `org_objid` tinyint NOT NULL,
  `org_name` tinyint NOT NULL,
  `collectiontype_objid` tinyint NOT NULL,
  `collectiontype_name` tinyint NOT NULL,
  `collectorid` tinyint NOT NULL,
  `collectorname` tinyint NOT NULL,
  `collectortitle` tinyint NOT NULL,
  `refacctid` tinyint NOT NULL,
  `fundid` tinyint NOT NULL,
  `acctid` tinyint NOT NULL,
  `acctcode` tinyint NOT NULL,
  `acctname` tinyint NOT NULL,
  `amount` tinyint NOT NULL,
  `voided` tinyint NOT NULL,
  `voidamount` tinyint NOT NULL,
  `formtypeindex` tinyint NOT NULL
) ENGINE=MyISAM */;
SET character_set_client = @saved_cs_client;

--
-- Temporary table structure for view `vw_rptcertification_item`
--

DROP TABLE IF EXISTS `vw_rptcertification_item`;
/*!50001 DROP VIEW IF EXISTS `vw_rptcertification_item`*/;
SET @saved_cs_client     = @@character_set_client;
SET character_set_client = utf8;
/*!50001 CREATE TABLE `vw_rptcertification_item` (
  `rptcertificationid` tinyint NOT NULL,
  `faasid` tinyint NOT NULL,
  `fullpin` tinyint NOT NULL,
  `tdno` tinyint NOT NULL,
  `taxpayerid` tinyint NOT NULL,
  `taxpayer_name` tinyint NOT NULL,
  `owner_name` tinyint NOT NULL,
  `administrator_name` tinyint NOT NULL,
  `titleno` tinyint NOT NULL,
  `rpuid` tinyint NOT NULL,
  `classcode` tinyint NOT NULL,
  `classname` tinyint NOT NULL,
  `lguname` tinyint NOT NULL,
  `barangay` tinyint NOT NULL,
  `rputype` tinyint NOT NULL,
  `suffix` tinyint NOT NULL,
  `totalareaha` tinyint NOT NULL,
  `totalareasqm` tinyint NOT NULL,
  `totalav` tinyint NOT NULL,
  `totalmv` tinyint NOT NULL,
  `street` tinyint NOT NULL,
  `blockno` tinyint NOT NULL,
  `cadastrallotno` tinyint NOT NULL,
  `surveyno` tinyint NOT NULL,
  `taxable` tinyint NOT NULL,
  `effectivityyear` tinyint NOT NULL,
  `effectivityqtr` tinyint NOT NULL
) ENGINE=MyISAM */;
SET character_set_client = @saved_cs_client;

--
-- Temporary table structure for view `vw_rptledger_avdifference`
--

DROP TABLE IF EXISTS `vw_rptledger_avdifference`;
/*!50001 DROP VIEW IF EXISTS `vw_rptledger_avdifference`*/;
SET @saved_cs_client     = @@character_set_client;
SET character_set_client = utf8;
/*!50001 CREATE TABLE `vw_rptledger_avdifference` (
  `objid` tinyint NOT NULL,
  `state` tinyint NOT NULL,
  `rptledgerid` tinyint NOT NULL,
  `faasid` tinyint NOT NULL,
  `tdno` tinyint NOT NULL,
  `txntype_objid` tinyint NOT NULL,
  `classification_objid` tinyint NOT NULL,
  `actualuse_objid` tinyint NOT NULL,
  `taxable` tinyint NOT NULL,
  `backtax` tinyint NOT NULL,
  `fromyear` tinyint NOT NULL,
  `fromqtr` tinyint NOT NULL,
  `toyear` tinyint NOT NULL,
  `toqtr` tinyint NOT NULL,
  `assessedvalue` tinyint NOT NULL,
  `systemcreated` tinyint NOT NULL,
  `reclassed` tinyint NOT NULL,
  `idleland` tinyint NOT NULL,
  `taxdifference` tinyint NOT NULL
) ENGINE=MyISAM */;
SET character_set_client = @saved_cs_client;

--
-- Temporary table structure for view `vw_rptpayment_item`
--

DROP TABLE IF EXISTS `vw_rptpayment_item`;
/*!50001 DROP VIEW IF EXISTS `vw_rptpayment_item`*/;
SET @saved_cs_client     = @@character_set_client;
SET character_set_client = utf8;
/*!50001 CREATE TABLE `vw_rptpayment_item` (
  `rptledgerid` tinyint NOT NULL,
  `parentid` tinyint NOT NULL,
  `rptledgerfaasid` tinyint NOT NULL,
  `year` tinyint NOT NULL,
  `qtr` tinyint NOT NULL,
  `revperiod` tinyint NOT NULL,
  `basic` tinyint NOT NULL,
  `basicint` tinyint NOT NULL,
  `basicdisc` tinyint NOT NULL,
  `basicdp` tinyint NOT NULL,
  `basicnet` tinyint NOT NULL,
  `basicidle` tinyint NOT NULL,
  `basicidleint` tinyint NOT NULL,
  `basicidledisc` tinyint NOT NULL,
  `basicidledp` tinyint NOT NULL,
  `sef` tinyint NOT NULL,
  `sefint` tinyint NOT NULL,
  `sefdisc` tinyint NOT NULL,
  `sefdp` tinyint NOT NULL,
  `sefnet` tinyint NOT NULL,
  `firecode` tinyint NOT NULL,
  `sh` tinyint NOT NULL,
  `shint` tinyint NOT NULL,
  `shdisc` tinyint NOT NULL,
  `shdp` tinyint NOT NULL,
  `amount` tinyint NOT NULL,
  `partialled` tinyint NOT NULL,
  `voided` tinyint NOT NULL
) ENGINE=MyISAM */;
SET character_set_client = @saved_cs_client;

--
-- Temporary table structure for view `vw_rptpayment_item_detail`
--

DROP TABLE IF EXISTS `vw_rptpayment_item_detail`;
/*!50001 DROP VIEW IF EXISTS `vw_rptpayment_item_detail`*/;
SET @saved_cs_client     = @@character_set_client;
SET character_set_client = utf8;
/*!50001 CREATE TABLE `vw_rptpayment_item_detail` (
  `objid` tinyint NOT NULL,
  `parentid` tinyint NOT NULL,
  `rptledgerid` tinyint NOT NULL,
  `rptledgerfaasid` tinyint NOT NULL,
  `year` tinyint NOT NULL,
  `qtr` tinyint NOT NULL,
  `revperiod` tinyint NOT NULL,
  `basic` tinyint NOT NULL,
  `basicint` tinyint NOT NULL,
  `basicdisc` tinyint NOT NULL,
  `basicdp` tinyint NOT NULL,
  `basicnet` tinyint NOT NULL,
  `basicidle` tinyint NOT NULL,
  `basicidleint` tinyint NOT NULL,
  `basicidledisc` tinyint NOT NULL,
  `basicidledp` tinyint NOT NULL,
  `sef` tinyint NOT NULL,
  `sefint` tinyint NOT NULL,
  `sefdisc` tinyint NOT NULL,
  `sefdp` tinyint NOT NULL,
  `sefnet` tinyint NOT NULL,
  `firecode` tinyint NOT NULL,
  `sh` tinyint NOT NULL,
  `shint` tinyint NOT NULL,
  `shdisc` tinyint NOT NULL,
  `shdp` tinyint NOT NULL,
  `amount` tinyint NOT NULL,
  `partialled` tinyint NOT NULL,
  `voided` tinyint NOT NULL
) ENGINE=MyISAM */;
SET character_set_client = @saved_cs_client;

--
-- Temporary table structure for view `vw_rpu_assessment`
--

DROP TABLE IF EXISTS `vw_rpu_assessment`;
/*!50001 DROP VIEW IF EXISTS `vw_rpu_assessment`*/;
SET @saved_cs_client     = @@character_set_client;
SET character_set_client = utf8;
/*!50001 CREATE TABLE `vw_rpu_assessment` (
  `objid` tinyint NOT NULL,
  `rputype` tinyint NOT NULL,
  `dominantclass_objid` tinyint NOT NULL,
  `dominantclass_code` tinyint NOT NULL,
  `dominantclass_name` tinyint NOT NULL,
  `dominantclass_orderno` tinyint NOT NULL,
  `areasqm` tinyint NOT NULL,
  `areaha` tinyint NOT NULL,
  `marketvalue` tinyint NOT NULL,
  `assesslevel` tinyint NOT NULL,
  `assessedvalue` tinyint NOT NULL,
  `taxable` tinyint NOT NULL,
  `actualuse_code` tinyint NOT NULL,
  `actualuse_name` tinyint NOT NULL,
  `actualuse_objid` tinyint NOT NULL,
  `actualuse_classcode` tinyint NOT NULL,
  `actualuse_classname` tinyint NOT NULL,
  `actualuse_orderno` tinyint NOT NULL
) ENGINE=MyISAM */;
SET character_set_client = @saved_cs_client;

--
-- Temporary table structure for view `vw_rpu_list`
--

DROP TABLE IF EXISTS `vw_rpu_list`;
/*!50001 DROP VIEW IF EXISTS `vw_rpu_list`*/;
SET @saved_cs_client     = @@character_set_client;
SET character_set_client = utf8;
/*!50001 CREATE TABLE `vw_rpu_list` (
  `classcode` tinyint NOT NULL,
  `classname` tinyint NOT NULL,
  `taxable` tinyint NOT NULL,
  `barangayid` tinyint NOT NULL,
  `barangayname` tinyint NOT NULL,
  `ry` tinyint NOT NULL,
  `fullpin` tinyint NOT NULL,
  `totalareasqm` tinyint NOT NULL,
  `totalav` tinyint NOT NULL,
  `totalbmv` tinyint NOT NULL,
  `totalmv` tinyint NOT NULL,
  `state` tinyint NOT NULL
) ENGINE=MyISAM */;
SET character_set_client = @saved_cs_client;

--
-- Temporary table structure for view `vw_txn_log`
--

DROP TABLE IF EXISTS `vw_txn_log`;
/*!50001 DROP VIEW IF EXISTS `vw_txn_log`*/;
SET @saved_cs_client     = @@character_set_client;
SET character_set_client = utf8;
/*!50001 CREATE TABLE `vw_txn_log` (
  `userid` tinyint NOT NULL,
  `username` tinyint NOT NULL,
  `txndate` tinyint NOT NULL,
  `ref` tinyint NOT NULL,
  `action` tinyint NOT NULL,
  `cnt` tinyint NOT NULL
) ENGINE=MyISAM */;
SET character_set_client = @saved_cs_client;

--
-- Table structure for table `workflowstate`
--

DROP TABLE IF EXISTS `workflowstate`;
/*!40101 SET @saved_cs_client     = @@character_set_client */;
/*!40101 SET character_set_client = utf8 */;
CREATE TABLE `workflowstate` (
  `objid` varchar(50) NOT NULL,
  `state` varchar(50) NOT NULL,
  `txndate` datetime DEFAULT NULL,
  `userid` varchar(50) DEFAULT NULL,
  `username` varchar(100) DEFAULT NULL,
  PRIMARY KEY (`objid`,`state`),
  KEY `ix_txndate` (`txndate`),
  KEY `ix_userid` (`userid`),
  KEY `ix_username` (`username`)
) ENGINE=InnoDB DEFAULT CHARSET=utf8;
/*!40101 SET character_set_client = @saved_cs_client */;

--
-- Dumping data for table `workflowstate`
--

LOCK TABLES `workflowstate` WRITE;
/*!40000 ALTER TABLE `workflowstate` DISABLE KEYS */;
/*!40000 ALTER TABLE `workflowstate` ENABLE KEYS */;
UNLOCK TABLES;

--
-- Current Database: `etracs255_kiamba`
--

USE `etracs255_kiamba`;

--
-- Final view structure for view `sys_user_role`
--

/*!50001 DROP TABLE IF EXISTS `sys_user_role`*/;
/*!50001 DROP VIEW IF EXISTS `sys_user_role`*/;
/*!50001 SET @saved_cs_client          = @@character_set_client */;
/*!50001 SET @saved_cs_results         = @@character_set_results */;
/*!50001 SET @saved_col_connection     = @@collation_connection */;
/*!50001 SET character_set_client      = utf8 */;
/*!50001 SET character_set_results     = utf8 */;
/*!50001 SET collation_connection      = utf8_general_ci */;
/*!50001 CREATE ALGORITHM=UNDEFINED */
/*!50013 DEFINER=`root`@`localhost` SQL SECURITY DEFINER */
/*!50001 VIEW `sys_user_role` AS select `u`.`objid` AS `objid`,`u`.`lastname` AS `lastname`,`u`.`firstname` AS `firstname`,`u`.`middlename` AS `middlename`,`u`.`username` AS `username`,concat(`u`.`lastname`,', ',`u`.`firstname`,(case when isnull(`u`.`middlename`) then '' else concat(' ',`u`.`middlename`) end)) AS `name`,`ug`.`role` AS `role`,`ug`.`domain` AS `domain`,`ugm`.`org_objid` AS `orgid`,`u`.`txncode` AS `txncode`,`u`.`jobtitle` AS `jobtitle`,`ugm`.`objid` AS `usergroupmemberid`,`ugm`.`usergroup_objid` AS `usergroup_objid`,`ugm`.`org_objid` AS `respcenter_objid`,`ugm`.`org_name` AS `respcenter_name` from ((`sys_usergroup_member` `ugm` join `sys_usergroup` `ug` on((`ug`.`objid` = `ugm`.`usergroup_objid`))) join `sys_user` `u` on((`u`.`objid` = `ugm`.`user_objid`))) */;
/*!50001 SET character_set_client      = @saved_cs_client */;
/*!50001 SET character_set_results     = @saved_cs_results */;
/*!50001 SET collation_connection      = @saved_col_connection */;

--
-- Final view structure for view `vw_account_income_summary`
--

/*!50001 DROP TABLE IF EXISTS `vw_account_income_summary`*/;
/*!50001 DROP VIEW IF EXISTS `vw_account_income_summary`*/;
/*!50001 SET @saved_cs_client          = @@character_set_client */;
/*!50001 SET @saved_cs_results         = @@character_set_results */;
/*!50001 SET @saved_col_connection     = @@collation_connection */;
/*!50001 SET character_set_client      = utf8 */;
/*!50001 SET character_set_results     = utf8 */;
/*!50001 SET collation_connection      = utf8_general_ci */;
/*!50001 CREATE ALGORITHM=UNDEFINED */
/*!50013 DEFINER=`root`@`localhost` SQL SECURITY DEFINER */
/*!50001 VIEW `vw_account_income_summary` AS select `a`.`objid` AS `objid`,`a`.`maingroupid` AS `maingroupid`,`a`.`code` AS `code`,`a`.`title` AS `title`,`a`.`groupid` AS `groupid`,`a`.`type` AS `type`,`a`.`leftindex` AS `leftindex`,`a`.`rightindex` AS `rightindex`,`a`.`level` AS `level`,`inc`.`amount` AS `amount`,`inc`.`acctid` AS `acctid`,`inc`.`fundid` AS `fundid`,`inc`.`collectorid` AS `collectorid`,`inc`.`refdate` AS `refdate`,`inc`.`remittancedate` AS `remittancedate`,`inc`.`liquidationdate` AS `liquidationdate`,`ia`.`type` AS `accttype` from (((`account_item_mapping` `aim` join `account` `a` on((`a`.`objid` = `aim`.`acctid`))) join `itemaccount` `ia` on((`ia`.`objid` = `aim`.`itemid`))) join `income_summary` `inc` on((`inc`.`acctid` = `ia`.`objid`))) */;
/*!50001 SET character_set_client      = @saved_cs_client */;
/*!50001 SET character_set_results     = @saved_cs_results */;
/*!50001 SET collation_connection      = @saved_col_connection */;

--
-- Final view structure for view `vw_account_incometarget`
--

/*!50001 DROP TABLE IF EXISTS `vw_account_incometarget`*/;
/*!50001 DROP VIEW IF EXISTS `vw_account_incometarget`*/;
/*!50001 SET @saved_cs_client          = @@character_set_client */;
/*!50001 SET @saved_cs_results         = @@character_set_results */;
/*!50001 SET @saved_col_connection     = @@collation_connection */;
/*!50001 SET character_set_client      = utf8 */;
/*!50001 SET character_set_results     = utf8 */;
/*!50001 SET collation_connection      = utf8_general_ci */;
/*!50001 CREATE ALGORITHM=UNDEFINED */
/*!50013 DEFINER=`root`@`localhost` SQL SECURITY DEFINER */
/*!50001 VIEW `vw_account_incometarget` AS select `t`.`objid` AS `objid`,`t`.`itemid` AS `itemid`,`t`.`year` AS `year`,`t`.`target` AS `target`,`a`.`maingroupid` AS `maingroupid`,`a`.`objid` AS `item_objid`,`a`.`code` AS `item_code`,`a`.`title` AS `item_title`,`a`.`level` AS `item_level`,`a`.`leftindex` AS `item_leftindex`,`g`.`objid` AS `group_objid`,`g`.`code` AS `group_code`,`g`.`title` AS `group_title`,`g`.`level` AS `group_level`,`g`.`leftindex` AS `group_leftindex` from ((`account_incometarget` `t` join `account` `a` on((`a`.`objid` = `t`.`itemid`))) join `account` `g` on((`g`.`objid` = `a`.`groupid`))) */;
/*!50001 SET character_set_client      = @saved_cs_client */;
/*!50001 SET character_set_results     = @saved_cs_results */;
/*!50001 SET collation_connection      = @saved_col_connection */;

--
-- Final view structure for view `vw_account_item_mapping`
--

/*!50001 DROP TABLE IF EXISTS `vw_account_item_mapping`*/;
/*!50001 DROP VIEW IF EXISTS `vw_account_item_mapping`*/;
/*!50001 SET @saved_cs_client          = @@character_set_client */;
/*!50001 SET @saved_cs_results         = @@character_set_results */;
/*!50001 SET @saved_col_connection     = @@collation_connection */;
/*!50001 SET character_set_client      = utf8 */;
/*!50001 SET character_set_results     = utf8 */;
/*!50001 SET collation_connection      = utf8_general_ci */;
/*!50001 CREATE ALGORITHM=UNDEFINED */
/*!50013 DEFINER=`root`@`localhost` SQL SECURITY DEFINER */
/*!50001 VIEW `vw_account_item_mapping` AS select `a`.`objid` AS `objid`,`a`.`maingroupid` AS `maingroupid`,`a`.`code` AS `code`,`a`.`title` AS `title`,`a`.`groupid` AS `groupid`,`a`.`type` AS `type`,`a`.`leftindex` AS `leftindex`,`a`.`rightindex` AS `rightindex`,`a`.`level` AS `level`,`l`.`amount` AS `amount`,`l`.`fundid` AS `fundid`,`l`.`year` AS `year`,`l`.`month` AS `month`,`aim`.`itemid` AS `itemid`,`ia`.`code` AS `itemcode`,`ia`.`title` AS `itemtitle` from (((`account_item_mapping` `aim` join `account` `a` on((`a`.`objid` = `aim`.`acctid`))) join `itemaccount` `ia` on((`ia`.`objid` = `aim`.`itemid`))) join `vw_income_ledger` `l` on((`l`.`itemacctid` = `aim`.`itemid`))) */;
/*!50001 SET character_set_client      = @saved_cs_client */;
/*!50001 SET character_set_results     = @saved_cs_results */;
/*!50001 SET collation_connection      = @saved_col_connection */;

--
-- Final view structure for view `vw_account_mapping`
--

/*!50001 DROP TABLE IF EXISTS `vw_account_mapping`*/;
/*!50001 DROP VIEW IF EXISTS `vw_account_mapping`*/;
/*!50001 SET @saved_cs_client          = @@character_set_client */;
/*!50001 SET @saved_cs_results         = @@character_set_results */;
/*!50001 SET @saved_col_connection     = @@collation_connection */;
/*!50001 SET character_set_client      = utf8 */;
/*!50001 SET character_set_results     = utf8 */;
/*!50001 SET collation_connection      = utf8_general_ci */;
/*!50001 CREATE ALGORITHM=UNDEFINED */
/*!50013 DEFINER=`root`@`localhost` SQL SECURITY DEFINER */
/*!50001 VIEW `vw_account_mapping` AS select `a`.`objid` AS `objid`,`a`.`maingroupid` AS `maingroupid`,`a`.`code` AS `code`,`a`.`title` AS `title`,`a`.`groupid` AS `groupid`,`a`.`type` AS `type`,`a`.`leftindex` AS `leftindex`,`a`.`rightindex` AS `rightindex`,`a`.`level` AS `level`,`m`.`itemid` AS `itemid`,`m`.`acctid` AS `acctid` from (`account_item_mapping` `m` join `account` `a` on((`a`.`objid` = `m`.`acctid`))) */;
/*!50001 SET character_set_client      = @saved_cs_client */;
/*!50001 SET character_set_results     = @saved_cs_results */;
/*!50001 SET collation_connection      = @saved_col_connection */;

--
-- Final view structure for view `vw_af_control_detail`
--

/*!50001 DROP TABLE IF EXISTS `vw_af_control_detail`*/;
/*!50001 DROP VIEW IF EXISTS `vw_af_control_detail`*/;
/*!50001 SET @saved_cs_client          = @@character_set_client */;
/*!50001 SET @saved_cs_results         = @@character_set_results */;
/*!50001 SET @saved_col_connection     = @@collation_connection */;
/*!50001 SET character_set_client      = utf8 */;
/*!50001 SET character_set_results     = utf8 */;
/*!50001 SET collation_connection      = utf8_general_ci */;
/*!50001 CREATE ALGORITHM=UNDEFINED */
/*!50013 DEFINER=`root`@`localhost` SQL SECURITY DEFINER */
/*!50001 VIEW `vw_af_control_detail` AS select `afd`.`objid` AS `objid`,`afd`.`state` AS `state`,`afd`.`controlid` AS `controlid`,`afd`.`indexno` AS `indexno`,`afd`.`refid` AS `refid`,`afd`.`aftxnitemid` AS `aftxnitemid`,`afd`.`refno` AS `refno`,`afd`.`reftype` AS `reftype`,`afd`.`refdate` AS `refdate`,`afd`.`txndate` AS `txndate`,`afd`.`txntype` AS `txntype`,`afd`.`receivedstartseries` AS `receivedstartseries`,`afd`.`receivedendseries` AS `receivedendseries`,`afd`.`beginstartseries` AS `beginstartseries`,`afd`.`beginendseries` AS `beginendseries`,`afd`.`issuedstartseries` AS `issuedstartseries`,`afd`.`issuedendseries` AS `issuedendseries`,`afd`.`endingstartseries` AS `endingstartseries`,`afd`.`endingendseries` AS `endingendseries`,`afd`.`qtyreceived` AS `qtyreceived`,`afd`.`qtybegin` AS `qtybegin`,`afd`.`qtyissued` AS `qtyissued`,`afd`.`qtyending` AS `qtyending`,`afd`.`qtycancelled` AS `qtycancelled`,`afd`.`remarks` AS `remarks`,`afd`.`issuedto_objid` AS `issuedto_objid`,`afd`.`issuedto_name` AS `issuedto_name`,`afd`.`respcenter_objid` AS `respcenter_objid`,`afd`.`respcenter_name` AS `respcenter_name`,`afd`.`prevdetailid` AS `prevdetailid`,`afd`.`aftxnid` AS `aftxnid`,`afc`.`afid` AS `afid`,`afc`.`unit` AS `unit`,`af`.`formtype` AS `formtype`,`af`.`denomination` AS `denomination`,`af`.`serieslength` AS `serieslength`,`afu`.`qty` AS `qty`,`afu`.`saleprice` AS `saleprice`,`afc`.`startseries` AS `startseries`,`afc`.`endseries` AS `endseries`,`afc`.`currentseries` AS `currentseries`,`afc`.`stubno` AS `stubno`,`afc`.`prefix` AS `prefix`,`afc`.`suffix` AS `suffix`,`afc`.`cost` AS `cost`,`afc`.`batchno` AS `batchno`,`afc`.`state` AS `controlstate`,`afd`.`qtyending` AS `qtybalance` from (((`af_control_detail` `afd` join `af_control` `afc` on((`afc`.`objid` = `afd`.`controlid`))) join `af` on((`af`.`objid` = `afc`.`afid`))) join `afunit` `afu` on(((`afu`.`itemid` = `af`.`objid`) and (`afu`.`unit` = `afc`.`unit`)))) */;
/*!50001 SET character_set_client      = @saved_cs_client */;
/*!50001 SET character_set_results     = @saved_cs_results */;
/*!50001 SET collation_connection      = @saved_col_connection */;

--
-- Final view structure for view `vw_af_inventory_summary`
--

/*!50001 DROP TABLE IF EXISTS `vw_af_inventory_summary`*/;
/*!50001 DROP VIEW IF EXISTS `vw_af_inventory_summary`*/;
/*!50001 SET @saved_cs_client          = @@character_set_client */;
/*!50001 SET @saved_cs_results         = @@character_set_results */;
/*!50001 SET @saved_col_connection     = @@collation_connection */;
/*!50001 SET character_set_client      = utf8 */;
/*!50001 SET character_set_results     = utf8 */;
/*!50001 SET collation_connection      = utf8_general_ci */;
/*!50001 CREATE ALGORITHM=UNDEFINED */
/*!50013 DEFINER=`root`@`localhost` SQL SECURITY DEFINER */
/*!50001 VIEW `vw_af_inventory_summary` AS select `af`.`objid` AS `objid`,`af`.`title` AS `title`,`u`.`unit` AS `unit`,`af`.`formtype` AS `formtype`,(case when (`af`.`formtype` = 'serial') then 0 else 1 end) AS `formtypeindex`,(select count(0) from `af_control` where ((`af_control`.`afid` = `af`.`objid`) and (`af_control`.`state` = 'OPEN'))) AS `countopen`,(select count(0) from `af_control` where ((`af_control`.`afid` = `af`.`objid`) and (`af_control`.`state` = 'ISSUED'))) AS `countissued`,(select count(0) from `af_control` where ((`af_control`.`afid` = `af`.`objid`) and (`af_control`.`state` = 'ISSUED') and (`af_control`.`currentseries` > `af_control`.`endseries`))) AS `countclosed`,(select count(0) from `af_control` where ((`af_control`.`afid` = `af`.`objid`) and (`af_control`.`state` = 'SOLD'))) AS `countsold`,(select count(0) from `af_control` where ((`af_control`.`afid` = `af`.`objid`) and (`af_control`.`state` = 'PROCESSING'))) AS `countprocessing`,(select count(0) from `af_control` where ((`af_control`.`afid` = `af`.`objid`) and (`af_control`.`state` = 'HOLD'))) AS `counthold` from (`af` join `afunit` `u`) where (`af`.`objid` = `u`.`itemid`) order by (case when (`af`.`formtype` = 'serial') then 0 else 1 end),`af`.`objid` */;
/*!50001 SET character_set_client      = @saved_cs_client */;
/*!50001 SET character_set_results     = @saved_cs_results */;
/*!50001 SET collation_connection      = @saved_col_connection */;

--
-- Final view structure for view `vw_afunit`
--

/*!50001 DROP TABLE IF EXISTS `vw_afunit`*/;
/*!50001 DROP VIEW IF EXISTS `vw_afunit`*/;
/*!50001 SET @saved_cs_client          = @@character_set_client */;
/*!50001 SET @saved_cs_results         = @@character_set_results */;
/*!50001 SET @saved_col_connection     = @@collation_connection */;
/*!50001 SET character_set_client      = utf8 */;
/*!50001 SET character_set_results     = utf8 */;
/*!50001 SET collation_connection      = utf8_general_ci */;
/*!50001 CREATE ALGORITHM=UNDEFINED */
/*!50013 DEFINER=`root`@`localhost` SQL SECURITY DEFINER */
/*!50001 VIEW `vw_afunit` AS select `u`.`objid` AS `objid`,`af`.`title` AS `title`,`af`.`usetype` AS `usetype`,`af`.`serieslength` AS `serieslength`,`af`.`system` AS `system`,`af`.`denomination` AS `denomination`,`af`.`formtype` AS `formtype`,`u`.`itemid` AS `itemid`,`u`.`unit` AS `unit`,`u`.`qty` AS `qty`,`u`.`saleprice` AS `saleprice`,`u`.`interval` AS `interval`,`u`.`cashreceiptprintout` AS `cashreceiptprintout`,`u`.`cashreceiptdetailprintout` AS `cashreceiptdetailprintout` from (`afunit` `u` join `af` on((`af`.`objid` = `u`.`itemid`))) */;
/*!50001 SET character_set_client      = @saved_cs_client */;
/*!50001 SET character_set_results     = @saved_cs_results */;
/*!50001 SET collation_connection      = @saved_col_connection */;

--
-- Final view structure for view `vw_assessment_notice`
--

/*!50001 DROP TABLE IF EXISTS `vw_assessment_notice`*/;
/*!50001 DROP VIEW IF EXISTS `vw_assessment_notice`*/;
/*!50001 SET @saved_cs_client          = @@character_set_client */;
/*!50001 SET @saved_cs_results         = @@character_set_results */;
/*!50001 SET @saved_col_connection     = @@collation_connection */;
/*!50001 SET character_set_client      = utf8 */;
/*!50001 SET character_set_results     = utf8 */;
/*!50001 SET collation_connection      = utf8_general_ci */;
/*!50001 CREATE ALGORITHM=UNDEFINED */
/*!50013 DEFINER=`root`@`localhost` SQL SECURITY DEFINER */
/*!50001 VIEW `vw_assessment_notice` AS select `a`.`objid` AS `objid`,`a`.`state` AS `state`,`a`.`txnno` AS `txnno`,`a`.`txndate` AS `txndate`,`a`.`taxpayerid` AS `taxpayerid`,`a`.`taxpayername` AS `taxpayername`,`a`.`taxpayeraddress` AS `taxpayeraddress`,`a`.`dtdelivered` AS `dtdelivered`,`a`.`receivedby` AS `receivedby`,`a`.`remarks` AS `remarks`,`a`.`assessmentyear` AS `assessmentyear`,`a`.`administrator_name` AS `administrator_name`,`a`.`administrator_address` AS `administrator_address`,`fl`.`tdno` AS `tdno`,`fl`.`displaypin` AS `fullpin`,`fl`.`cadastrallotno` AS `cadastrallotno`,`fl`.`titleno` AS `titleno` from ((`assessmentnotice` `a` join `assessmentnoticeitem` `i` on((`a`.`objid` = `i`.`assessmentnoticeid`))) join `faas_list` `fl` on((`i`.`faasid` = `fl`.`objid`))) */;
/*!50001 SET character_set_client      = @saved_cs_client */;
/*!50001 SET character_set_results     = @saved_cs_results */;
/*!50001 SET collation_connection      = @saved_col_connection */;

--
-- Final view structure for view `vw_assessment_notice_item`
--

/*!50001 DROP TABLE IF EXISTS `vw_assessment_notice_item`*/;
/*!50001 DROP VIEW IF EXISTS `vw_assessment_notice_item`*/;
/*!50001 SET @saved_cs_client          = @@character_set_client */;
/*!50001 SET @saved_cs_results         = @@character_set_results */;
/*!50001 SET @saved_col_connection     = @@collation_connection */;
/*!50001 SET character_set_client      = utf8 */;
/*!50001 SET character_set_results     = utf8 */;
/*!50001 SET collation_connection      = utf8_general_ci */;
/*!50001 CREATE ALGORITHM=UNDEFINED */
/*!50013 DEFINER=`root`@`localhost` SQL SECURITY DEFINER */
/*!50001 VIEW `vw_assessment_notice_item` AS select `ni`.`objid` AS `objid`,`ni`.`assessmentnoticeid` AS `assessmentnoticeid`,`f`.`objid` AS `faasid`,`f`.`effectivityyear` AS `effectivityyear`,`f`.`effectivityqtr` AS `effectivityqtr`,`f`.`tdno` AS `tdno`,`f`.`taxpayer_objid` AS `taxpayer_objid`,`e`.`name` AS `taxpayer_name`,`e`.`address_text` AS `taxpayer_address`,`f`.`owner_name` AS `owner_name`,`f`.`owner_address` AS `owner_address`,`f`.`administrator_name` AS `administrator_name`,`f`.`administrator_address` AS `administrator_address`,`f`.`rpuid` AS `rpuid`,`f`.`lguid` AS `lguid`,`f`.`txntype_objid` AS `txntype_objid`,`ft`.`displaycode` AS `txntype_code`,`rpu`.`rputype` AS `rputype`,`rpu`.`ry` AS `ry`,`rpu`.`fullpin` AS `fullpin`,`rpu`.`taxable` AS `taxable`,`rpu`.`totalareaha` AS `totalareaha`,`rpu`.`totalareasqm` AS `totalareasqm`,`rpu`.`totalbmv` AS `totalbmv`,`rpu`.`totalmv` AS `totalmv`,`rpu`.`totalav` AS `totalav`,`rp`.`section` AS `section`,`rp`.`parcel` AS `parcel`,`rp`.`surveyno` AS `surveyno`,`rp`.`cadastrallotno` AS `cadastrallotno`,`rp`.`blockno` AS `blockno`,`rp`.`claimno` AS `claimno`,`rp`.`street` AS `street`,`o`.`name` AS `lguname`,`b`.`name` AS `barangay`,`pc`.`code` AS `classcode`,`pc`.`name` AS `classification` from (((((((((`assessmentnoticeitem` `ni` join `faas` `f` on((`ni`.`faasid` = `f`.`objid`))) left join `txnsignatory` `ts` on(((`ts`.`refid` = `f`.`objid`) and (`ts`.`type` = 'APPROVER')))) join `rpu` on((`f`.`rpuid` = `rpu`.`objid`))) join `propertyclassification` `pc` on((`rpu`.`classification_objid` = `pc`.`objid`))) join `realproperty` `rp` on((`f`.`realpropertyid` = `rp`.`objid`))) join `barangay` `b` on((`rp`.`barangayid` = `b`.`objid`))) join `sys_org` `o` on((`f`.`lguid` = `o`.`objid`))) join `entity` `e` on((`f`.`taxpayer_objid` = `e`.`objid`))) join `faas_txntype` `ft` on((`f`.`txntype_objid` = `ft`.`objid`))) */;
/*!50001 SET character_set_client      = @saved_cs_client */;
/*!50001 SET character_set_results     = @saved_cs_results */;
/*!50001 SET collation_connection      = @saved_col_connection */;

--
-- Final view structure for view `vw_batch_rpttaxcredit_error`
--

/*!50001 DROP TABLE IF EXISTS `vw_batch_rpttaxcredit_error`*/;
/*!50001 DROP VIEW IF EXISTS `vw_batch_rpttaxcredit_error`*/;
/*!50001 SET @saved_cs_client          = @@character_set_client */;
/*!50001 SET @saved_cs_results         = @@character_set_results */;
/*!50001 SET @saved_col_connection     = @@collation_connection */;
/*!50001 SET character_set_client      = utf8 */;
/*!50001 SET character_set_results     = utf8 */;
/*!50001 SET collation_connection      = utf8_general_ci */;
/*!50001 CREATE ALGORITHM=UNDEFINED */
/*!50013 DEFINER=`root`@`localhost` SQL SECURITY DEFINER */
/*!50001 VIEW `vw_batch_rpttaxcredit_error` AS select `br`.`objid` AS `objid`,`br`.`parentid` AS `parentid`,`br`.`state` AS `state`,`br`.`error` AS `error`,`br`.`barangayid` AS `barangayid`,`rl`.`tdno` AS `tdno` from (`batch_rpttaxcredit_ledger` `br` join `rptledger` `rl` on((`br`.`objid` = `rl`.`objid`))) where (`br`.`state` = 'ERROR') */;
/*!50001 SET character_set_client      = @saved_cs_client */;
/*!50001 SET character_set_results     = @saved_cs_results */;
/*!50001 SET collation_connection      = @saved_col_connection */;

--
-- Final view structure for view `vw_batchgr`
--

/*!50001 DROP TABLE IF EXISTS `vw_batchgr`*/;
/*!50001 DROP VIEW IF EXISTS `vw_batchgr`*/;
/*!50001 SET @saved_cs_client          = @@character_set_client */;
/*!50001 SET @saved_cs_results         = @@character_set_results */;
/*!50001 SET @saved_col_connection     = @@collation_connection */;
/*!50001 SET character_set_client      = utf8 */;
/*!50001 SET character_set_results     = utf8 */;
/*!50001 SET collation_connection      = utf8_general_ci */;
/*!50001 CREATE ALGORITHM=UNDEFINED */
/*!50013 DEFINER=`root`@`localhost` SQL SECURITY DEFINER */
/*!50001 VIEW `vw_batchgr` AS select `bg`.`objid` AS `objid`,`bg`.`state` AS `state`,`bg`.`ry` AS `ry`,`bg`.`lgu_objid` AS `lgu_objid`,`bg`.`barangay_objid` AS `barangay_objid`,`bg`.`rputype` AS `rputype`,`bg`.`classification_objid` AS `classification_objid`,`bg`.`section` AS `section`,`bg`.`memoranda` AS `memoranda`,`bg`.`txntype_objid` AS `txntype_objid`,`bg`.`txnno` AS `txnno`,`bg`.`txndate` AS `txndate`,`bg`.`effectivityyear` AS `effectivityyear`,`bg`.`effectivityqtr` AS `effectivityqtr`,`bg`.`originlgu_objid` AS `originlgu_objid`,`l`.`name` AS `lgu_name`,`b`.`name` AS `barangay_name`,`pc`.`name` AS `classification_name`,`t`.`objid` AS `taskid`,`t`.`state` AS `taskstate`,`t`.`assignee_objid` AS `assignee_objid` from ((((`batchgr` `bg` join `sys_org` `l` on((`bg`.`lgu_objid` = `l`.`objid`))) left join `sys_org` `b` on((`bg`.`barangay_objid` = `b`.`objid`))) left join `propertyclassification` `pc` on((`bg`.`classification_objid` = `pc`.`objid`))) left join `batchgr_task` `t` on(((`bg`.`objid` = `t`.`refid`) and isnull(`t`.`enddate`)))) */;
/*!50001 SET character_set_client      = @saved_cs_client */;
/*!50001 SET character_set_results     = @saved_cs_results */;
/*!50001 SET collation_connection      = @saved_col_connection */;

--
-- Final view structure for view `vw_business_application_lob_retire`
--

/*!50001 DROP TABLE IF EXISTS `vw_business_application_lob_retire`*/;
/*!50001 DROP VIEW IF EXISTS `vw_business_application_lob_retire`*/;
/*!50001 SET @saved_cs_client          = @@character_set_client */;
/*!50001 SET @saved_cs_results         = @@character_set_results */;
/*!50001 SET @saved_col_connection     = @@collation_connection */;
/*!50001 SET character_set_client      = utf8 */;
/*!50001 SET character_set_results     = utf8 */;
/*!50001 SET collation_connection      = utf8_general_ci */;
/*!50001 CREATE ALGORITHM=UNDEFINED */
/*!50013 DEFINER=`root`@`localhost` SQL SECURITY DEFINER */
/*!50001 VIEW `vw_business_application_lob_retire` AS select `a`.`business_objid` AS `businessid`,`a`.`objid` AS `applicationid`,`a`.`appno` AS `appno`,`a`.`appyear` AS `appyear`,`a`.`dtfiled` AS `dtfiled`,`a`.`txndate` AS `txndate`,`a`.`tradename` AS `tradename`,`b`.`bin` AS `bin`,`alob`.`assessmenttype` AS `assessmenttype`,`alob`.`lobid` AS `lobid`,`alob`.`name` AS `lobname`,`a`.`objid` AS `refid`,`a`.`appno` AS `refno` from ((`business_application` `a` join `business_application_lob` `alob` on((`alob`.`applicationid` = `a`.`objid`))) join `business` `b` on((`b`.`objid` = `a`.`business_objid`))) where ((`alob`.`assessmenttype` = 'RETIRE') and (`a`.`state` = 'COMPLETED') and isnull(`a`.`parentapplicationid`)) union all select `pa`.`business_objid` AS `businessid`,`pa`.`objid` AS `applicationid`,`pa`.`appno` AS `appno`,`pa`.`appyear` AS `appyear`,`pa`.`dtfiled` AS `dtfiled`,`pa`.`txndate` AS `txndate`,`pa`.`tradename` AS `tradename`,`b`.`bin` AS `bin`,`alob`.`assessmenttype` AS `assessmenttype`,`alob`.`lobid` AS `lobid`,`alob`.`name` AS `lobname`,`a`.`objid` AS `refid`,`a`.`appno` AS `refno` from (((`business_application` `a` join `business_application` `pa` on((`pa`.`objid` = `a`.`parentapplicationid`))) join `business_application_lob` `alob` on((`alob`.`applicationid` = `a`.`objid`))) join `business` `b` on((`b`.`objid` = `pa`.`business_objid`))) where ((`alob`.`assessmenttype` = 'RETIRE') and (`a`.`state` = 'COMPLETED')) */;
/*!50001 SET character_set_client      = @saved_cs_client */;
/*!50001 SET character_set_results     = @saved_cs_results */;
/*!50001 SET collation_connection      = @saved_col_connection */;

--
-- Final view structure for view `vw_cashbook_cashreceipt`
--

/*!50001 DROP TABLE IF EXISTS `vw_cashbook_cashreceipt`*/;
/*!50001 DROP VIEW IF EXISTS `vw_cashbook_cashreceipt`*/;
/*!50001 SET @saved_cs_client          = @@character_set_client */;
/*!50001 SET @saved_cs_results         = @@character_set_results */;
/*!50001 SET @saved_col_connection     = @@collation_connection */;
/*!50001 SET character_set_client      = utf8 */;
/*!50001 SET character_set_results     = utf8 */;
/*!50001 SET collation_connection      = utf8_general_ci */;
/*!50001 CREATE ALGORITHM=UNDEFINED */
/*!50013 DEFINER=`root`@`localhost` SQL SECURITY DEFINER */
/*!50001 VIEW `vw_cashbook_cashreceipt` AS select `c`.`objid` AS `objid`,`c`.`txndate` AS `txndate`,cast(`c`.`receiptdate` as date) AS `refdate`,`c`.`objid` AS `refid`,`c`.`receiptno` AS `refno`,'cashreceipt' AS `reftype`,concat(`ct`.`name`,' (',`c`.`paidby`,')') AS `particulars`,`ci`.`item_fund_objid` AS `fundid`,`c`.`collector_objid` AS `collectorid`,`ci`.`amount` AS `dr`,0.0 AS `cr`,`c`.`formno` AS `formno`,`c`.`formtype` AS `formtype`,`c`.`series` AS `series`,`c`.`controlid` AS `controlid`,`c`.`txndate` AS `sortdate`,`c`.`receiptdate` AS `receiptdate`,`c`.`objid` AS `receiptid`,`c`.`remittanceid` AS `remittanceid`,`r`.`controldate` AS `remittancedate`,`r`.`dtposted` AS `remittancedtposted` from (((`cashreceipt` `c` join `collectiontype` `ct` on((`ct`.`objid` = `c`.`collectiontype_objid`))) join `cashreceiptitem` `ci` on((`ci`.`receiptid` = `c`.`objid`))) left join `remittance` `r` on((`r`.`objid` = `c`.`remittanceid`))) */;
/*!50001 SET character_set_client      = @saved_cs_client */;
/*!50001 SET character_set_results     = @saved_cs_results */;
/*!50001 SET collation_connection      = @saved_col_connection */;

--
-- Final view structure for view `vw_cashbook_cashreceipt_share`
--

/*!50001 DROP TABLE IF EXISTS `vw_cashbook_cashreceipt_share`*/;
/*!50001 DROP VIEW IF EXISTS `vw_cashbook_cashreceipt_share`*/;
/*!50001 SET @saved_cs_client          = @@character_set_client */;
/*!50001 SET @saved_cs_results         = @@character_set_results */;
/*!50001 SET @saved_col_connection     = @@collation_connection */;
/*!50001 SET character_set_client      = utf8 */;
/*!50001 SET character_set_results     = utf8 */;
/*!50001 SET collation_connection      = utf8_general_ci */;
/*!50001 CREATE ALGORITHM=UNDEFINED */
/*!50013 DEFINER=`root`@`localhost` SQL SECURITY DEFINER */
/*!50001 VIEW `vw_cashbook_cashreceipt_share` AS select `c`.`objid` AS `objid`,`c`.`txndate` AS `txndate`,cast(`c`.`receiptdate` as date) AS `refdate`,`c`.`objid` AS `refid`,`c`.`receiptno` AS `refno`,'cashreceipt' AS `reftype`,concat(`ct`.`name`,' (',`c`.`paidby`,')') AS `particulars`,`ia`.`fund_objid` AS `fundid`,`c`.`collector_objid` AS `collectorid`,`cs`.`amount` AS `dr`,0.0 AS `cr`,`c`.`formno` AS `formno`,`c`.`formtype` AS `formtype`,`c`.`series` AS `series`,`c`.`controlid` AS `controlid`,`c`.`txndate` AS `sortdate`,`c`.`receiptdate` AS `receiptdate`,`c`.`objid` AS `receiptid`,`cs`.`refitem_objid` AS `refitemid`,`c`.`remittanceid` AS `remittanceid`,`r`.`controldate` AS `remittancedate`,`r`.`dtposted` AS `remittancedtposted` from ((((`cashreceipt` `c` join `collectiontype` `ct` on((`ct`.`objid` = `c`.`collectiontype_objid`))) join `cashreceipt_share` `cs` on((`cs`.`receiptid` = `c`.`objid`))) join `itemaccount` `ia` on((`ia`.`objid` = `cs`.`refitem_objid`))) left join `remittance` `r` on((`r`.`objid` = `c`.`remittanceid`))) */;
/*!50001 SET character_set_client      = @saved_cs_client */;
/*!50001 SET character_set_results     = @saved_cs_results */;
/*!50001 SET collation_connection      = @saved_col_connection */;

--
-- Final view structure for view `vw_cashbook_cashreceipt_share_payable`
--

/*!50001 DROP TABLE IF EXISTS `vw_cashbook_cashreceipt_share_payable`*/;
/*!50001 DROP VIEW IF EXISTS `vw_cashbook_cashreceipt_share_payable`*/;
/*!50001 SET @saved_cs_client          = @@character_set_client */;
/*!50001 SET @saved_cs_results         = @@character_set_results */;
/*!50001 SET @saved_col_connection     = @@collation_connection */;
/*!50001 SET character_set_client      = utf8 */;
/*!50001 SET character_set_results     = utf8 */;
/*!50001 SET collation_connection      = utf8_general_ci */;
/*!50001 CREATE ALGORITHM=UNDEFINED */
/*!50013 DEFINER=`root`@`localhost` SQL SECURITY DEFINER */
/*!50001 VIEW `vw_cashbook_cashreceipt_share_payable` AS select `c`.`objid` AS `objid`,`c`.`txndate` AS `txndate`,cast(`c`.`receiptdate` as date) AS `refdate`,`c`.`objid` AS `refid`,`c`.`receiptno` AS `refno`,'cashreceipt' AS `reftype`,concat(`ct`.`name`,' (',`c`.`paidby`,')') AS `particulars`,`ia`.`fund_objid` AS `fundid`,`c`.`collector_objid` AS `collectorid`,`cs`.`amount` AS `dr`,0.0 AS `cr`,`c`.`formno` AS `formno`,`c`.`formtype` AS `formtype`,`c`.`series` AS `series`,`c`.`controlid` AS `controlid`,`c`.`txndate` AS `sortdate`,`c`.`receiptdate` AS `receiptdate`,`c`.`objid` AS `receiptid`,`cs`.`payableitem_objid` AS `payableitemid`,`c`.`remittanceid` AS `remittanceid`,`r`.`controldate` AS `remittancedate`,`r`.`dtposted` AS `remittancedtposted` from ((((`cashreceipt` `c` join `collectiontype` `ct` on((`ct`.`objid` = `c`.`collectiontype_objid`))) join `cashreceipt_share` `cs` on((`cs`.`receiptid` = `c`.`objid`))) join `itemaccount` `ia` on((`ia`.`objid` = `cs`.`payableitem_objid`))) left join `remittance` `r` on((`r`.`objid` = `c`.`remittanceid`))) */;
/*!50001 SET character_set_client      = @saved_cs_client */;
/*!50001 SET character_set_results     = @saved_cs_results */;
/*!50001 SET collation_connection      = @saved_col_connection */;

--
-- Final view structure for view `vw_cashbook_cashreceiptvoid`
--

/*!50001 DROP TABLE IF EXISTS `vw_cashbook_cashreceiptvoid`*/;
/*!50001 DROP VIEW IF EXISTS `vw_cashbook_cashreceiptvoid`*/;
/*!50001 SET @saved_cs_client          = @@character_set_client */;
/*!50001 SET @saved_cs_results         = @@character_set_results */;
/*!50001 SET @saved_col_connection     = @@collation_connection */;
/*!50001 SET character_set_client      = utf8 */;
/*!50001 SET character_set_results     = utf8 */;
/*!50001 SET collation_connection      = utf8_general_ci */;
/*!50001 CREATE ALGORITHM=UNDEFINED */
/*!50013 DEFINER=`root`@`localhost` SQL SECURITY DEFINER */
/*!50001 VIEW `vw_cashbook_cashreceiptvoid` AS select `v`.`objid` AS `objid`,`v`.`txndate` AS `txndate`,cast(`v`.`txndate` as date) AS `refdate`,`v`.`objid` AS `refid`,`c`.`receiptno` AS `refno`,'cashreceipt:void' AS `reftype`,concat('VOID ',`v`.`reason`) AS `particulars`,`ci`.`item_fund_objid` AS `fundid`,`c`.`collector_objid` AS `collectorid`,`ci`.`amount` AS `dr`,(case when isnull(`r`.`liquidatingofficer_objid`) then 0.0 when (`v`.`txndate` > `r`.`dtposted`) then `ci`.`amount` else 0.0 end) AS `cr`,`c`.`formno` AS `formno`,`c`.`formtype` AS `formtype`,`c`.`series` AS `series`,`c`.`controlid` AS `controlid`,`v`.`txndate` AS `sortdate`,`c`.`receiptdate` AS `receiptdate`,`c`.`remittanceid` AS `remittanceid`,`r`.`controldate` AS `remittancedate`,`r`.`dtposted` AS `remittancedtposted` from ((((`cashreceipt_void` `v` join `cashreceipt` `c` on((`c`.`objid` = `v`.`receiptid`))) join `cashreceiptitem` `ci` on((`ci`.`receiptid` = `c`.`objid`))) join `collectiontype` `ct` on((`ct`.`objid` = `c`.`collectiontype_objid`))) left join `remittance` `r` on((`r`.`objid` = `c`.`remittanceid`))) */;
/*!50001 SET character_set_client      = @saved_cs_client */;
/*!50001 SET character_set_results     = @saved_cs_results */;
/*!50001 SET collation_connection      = @saved_col_connection */;

--
-- Final view structure for view `vw_cashbook_cashreceiptvoid_share`
--

/*!50001 DROP TABLE IF EXISTS `vw_cashbook_cashreceiptvoid_share`*/;
/*!50001 DROP VIEW IF EXISTS `vw_cashbook_cashreceiptvoid_share`*/;
/*!50001 SET @saved_cs_client          = @@character_set_client */;
/*!50001 SET @saved_cs_results         = @@character_set_results */;
/*!50001 SET @saved_col_connection     = @@collation_connection */;
/*!50001 SET character_set_client      = utf8 */;
/*!50001 SET character_set_results     = utf8 */;
/*!50001 SET collation_connection      = utf8_general_ci */;
/*!50001 CREATE ALGORITHM=UNDEFINED */
/*!50013 DEFINER=`root`@`localhost` SQL SECURITY DEFINER */
/*!50001 VIEW `vw_cashbook_cashreceiptvoid_share` AS select `v`.`objid` AS `objid`,`v`.`txndate` AS `txndate`,cast(`v`.`txndate` as date) AS `refdate`,`v`.`objid` AS `refid`,`c`.`receiptno` AS `refno`,'cashreceipt:void' AS `reftype`,concat('VOID ',`v`.`reason`) AS `particulars`,`ia`.`fund_objid` AS `fundid`,`c`.`collector_objid` AS `collectorid`,`cs`.`amount` AS `dr`,(case when isnull(`r`.`liquidatingofficer_objid`) then 0.0 when (`v`.`txndate` > `r`.`dtposted`) then `cs`.`amount` else 0.0 end) AS `cr`,`c`.`formno` AS `formno`,`c`.`formtype` AS `formtype`,`c`.`series` AS `series`,`c`.`controlid` AS `controlid`,`v`.`txndate` AS `sortdate`,`c`.`receiptdate` AS `receiptdate`,`c`.`remittanceid` AS `remittanceid`,`r`.`controldate` AS `remittancedate`,`r`.`dtposted` AS `remittancedtposted` from (((((`cashreceipt_void` `v` join `cashreceipt` `c` on((`c`.`objid` = `v`.`receiptid`))) join `cashreceipt_share` `cs` on((`cs`.`receiptid` = `c`.`objid`))) join `itemaccount` `ia` on((`ia`.`objid` = `cs`.`refitem_objid`))) join `collectiontype` `ct` on((`ct`.`objid` = `c`.`collectiontype_objid`))) left join `remittance` `r` on((`r`.`objid` = `c`.`remittanceid`))) */;
/*!50001 SET character_set_client      = @saved_cs_client */;
/*!50001 SET character_set_results     = @saved_cs_results */;
/*!50001 SET collation_connection      = @saved_col_connection */;

--
-- Final view structure for view `vw_cashbook_cashreceiptvoid_share_payable`
--

/*!50001 DROP TABLE IF EXISTS `vw_cashbook_cashreceiptvoid_share_payable`*/;
/*!50001 DROP VIEW IF EXISTS `vw_cashbook_cashreceiptvoid_share_payable`*/;
/*!50001 SET @saved_cs_client          = @@character_set_client */;
/*!50001 SET @saved_cs_results         = @@character_set_results */;
/*!50001 SET @saved_col_connection     = @@collation_connection */;
/*!50001 SET character_set_client      = utf8 */;
/*!50001 SET character_set_results     = utf8 */;
/*!50001 SET collation_connection      = utf8_general_ci */;
/*!50001 CREATE ALGORITHM=UNDEFINED */
/*!50013 DEFINER=`root`@`localhost` SQL SECURITY DEFINER */
/*!50001 VIEW `vw_cashbook_cashreceiptvoid_share_payable` AS select `v`.`objid` AS `objid`,`v`.`txndate` AS `txndate`,cast(`v`.`txndate` as date) AS `refdate`,`v`.`objid` AS `refid`,`c`.`receiptno` AS `refno`,'cashreceipt:void' AS `reftype`,concat('VOID ',`v`.`reason`) AS `particulars`,`ia`.`fund_objid` AS `fundid`,`c`.`collector_objid` AS `collectorid`,`cs`.`amount` AS `dr`,(case when isnull(`r`.`liquidatingofficer_objid`) then 0.0 when (`v`.`txndate` > `r`.`dtposted`) then `cs`.`amount` else 0.0 end) AS `cr`,`c`.`formno` AS `formno`,`c`.`formtype` AS `formtype`,`c`.`series` AS `series`,`c`.`controlid` AS `controlid`,`v`.`txndate` AS `sortdate`,`c`.`receiptdate` AS `receiptdate`,`c`.`remittanceid` AS `remittanceid`,`r`.`controldate` AS `remittancedate`,`r`.`dtposted` AS `remittancedtposted` from (((((`cashreceipt_void` `v` join `cashreceipt` `c` on((`c`.`objid` = `v`.`receiptid`))) join `cashreceipt_share` `cs` on((`cs`.`receiptid` = `c`.`objid`))) join `itemaccount` `ia` on((`ia`.`objid` = `cs`.`payableitem_objid`))) join `collectiontype` `ct` on((`ct`.`objid` = `c`.`collectiontype_objid`))) left join `remittance` `r` on((`r`.`objid` = `c`.`remittanceid`))) */;
/*!50001 SET character_set_client      = @saved_cs_client */;
/*!50001 SET character_set_results     = @saved_cs_results */;
/*!50001 SET collation_connection      = @saved_col_connection */;

--
-- Final view structure for view `vw_cashbook_remittance`
--

/*!50001 DROP TABLE IF EXISTS `vw_cashbook_remittance`*/;
/*!50001 DROP VIEW IF EXISTS `vw_cashbook_remittance`*/;
/*!50001 SET @saved_cs_client          = @@character_set_client */;
/*!50001 SET @saved_cs_results         = @@character_set_results */;
/*!50001 SET @saved_col_connection     = @@collation_connection */;
/*!50001 SET character_set_client      = utf8 */;
/*!50001 SET character_set_results     = utf8 */;
/*!50001 SET collation_connection      = utf8_general_ci */;
/*!50001 CREATE ALGORITHM=UNDEFINED */
/*!50013 DEFINER=`root`@`localhost` SQL SECURITY DEFINER */
/*!50001 VIEW `vw_cashbook_remittance` AS select `r`.`objid` AS `objid`,`r`.`dtposted` AS `txndate`,`r`.`controldate` AS `refdate`,`r`.`objid` AS `refid`,`r`.`controlno` AS `refno`,'remittance' AS `reftype`,'REMITTANCE' AS `particulars`,`ci`.`item_fund_objid` AS `fundid`,`r`.`collector_objid` AS `collectorid`,0.0 AS `dr`,`ci`.`amount` AS `cr`,'remittance' AS `formno`,'remittance' AS `formtype`,NULL AS `series`,NULL AS `controlid`,`r`.`dtposted` AS `sortdate`,`r`.`liquidatingofficer_objid` AS `liquidatingofficer_objid`,`r`.`liquidatingofficer_name` AS `liquidatingofficer_name`,`v`.`objid` AS `voidid`,`v`.`txndate` AS `voiddate` from (((`remittance` `r` join `cashreceipt` `c` on((`c`.`remittanceid` = `r`.`objid`))) join `cashreceiptitem` `ci` on((`ci`.`receiptid` = `c`.`objid`))) left join `cashreceipt_void` `v` on((`v`.`receiptid` = `c`.`objid`))) */;
/*!50001 SET character_set_client      = @saved_cs_client */;
/*!50001 SET character_set_results     = @saved_cs_results */;
/*!50001 SET collation_connection      = @saved_col_connection */;

--
-- Final view structure for view `vw_cashbook_remittance_share`
--

/*!50001 DROP TABLE IF EXISTS `vw_cashbook_remittance_share`*/;
/*!50001 DROP VIEW IF EXISTS `vw_cashbook_remittance_share`*/;
/*!50001 SET @saved_cs_client          = @@character_set_client */;
/*!50001 SET @saved_cs_results         = @@character_set_results */;
/*!50001 SET @saved_col_connection     = @@collation_connection */;
/*!50001 SET character_set_client      = utf8 */;
/*!50001 SET character_set_results     = utf8 */;
/*!50001 SET collation_connection      = utf8_general_ci */;
/*!50001 CREATE ALGORITHM=UNDEFINED */
/*!50013 DEFINER=`root`@`localhost` SQL SECURITY DEFINER */
/*!50001 VIEW `vw_cashbook_remittance_share` AS select `r`.`objid` AS `objid`,`r`.`dtposted` AS `txndate`,`r`.`controldate` AS `refdate`,`r`.`objid` AS `refid`,`r`.`controlno` AS `refno`,'remittance' AS `reftype`,'REMITTANCE' AS `particulars`,`ia`.`fund_objid` AS `fundid`,`r`.`collector_objid` AS `collectorid`,0.0 AS `dr`,`cs`.`amount` AS `cr`,'remittance' AS `formno`,'remittance' AS `formtype`,NULL AS `series`,NULL AS `controlid`,`r`.`dtposted` AS `sortdate`,`r`.`liquidatingofficer_objid` AS `liquidatingofficer_objid`,`r`.`liquidatingofficer_name` AS `liquidatingofficer_name`,`v`.`objid` AS `voidid`,`v`.`txndate` AS `voiddate` from ((((`remittance` `r` join `cashreceipt` `c` on((`c`.`remittanceid` = `r`.`objid`))) join `cashreceipt_share` `cs` on((`cs`.`receiptid` = `c`.`objid`))) join `itemaccount` `ia` on((`ia`.`objid` = `cs`.`refitem_objid`))) left join `cashreceipt_void` `v` on((`v`.`receiptid` = `c`.`objid`))) */;
/*!50001 SET character_set_client      = @saved_cs_client */;
/*!50001 SET character_set_results     = @saved_cs_results */;
/*!50001 SET collation_connection      = @saved_col_connection */;

--
-- Final view structure for view `vw_cashbook_remittance_share_payable`
--

/*!50001 DROP TABLE IF EXISTS `vw_cashbook_remittance_share_payable`*/;
/*!50001 DROP VIEW IF EXISTS `vw_cashbook_remittance_share_payable`*/;
/*!50001 SET @saved_cs_client          = @@character_set_client */;
/*!50001 SET @saved_cs_results         = @@character_set_results */;
/*!50001 SET @saved_col_connection     = @@collation_connection */;
/*!50001 SET character_set_client      = utf8 */;
/*!50001 SET character_set_results     = utf8 */;
/*!50001 SET collation_connection      = utf8_general_ci */;
/*!50001 CREATE ALGORITHM=UNDEFINED */
/*!50013 DEFINER=`root`@`localhost` SQL SECURITY DEFINER */
/*!50001 VIEW `vw_cashbook_remittance_share_payable` AS select `r`.`objid` AS `objid`,`r`.`dtposted` AS `txndate`,`r`.`controldate` AS `refdate`,`r`.`objid` AS `refid`,`r`.`controlno` AS `refno`,'remittance' AS `reftype`,'REMITTANCE' AS `particulars`,`ia`.`fund_objid` AS `fundid`,`r`.`collector_objid` AS `collectorid`,0.0 AS `dr`,`cs`.`amount` AS `cr`,'remittance' AS `formno`,'remittance' AS `formtype`,NULL AS `series`,NULL AS `controlid`,`r`.`dtposted` AS `sortdate`,`r`.`liquidatingofficer_objid` AS `liquidatingofficer_objid`,`r`.`liquidatingofficer_name` AS `liquidatingofficer_name`,`v`.`objid` AS `voidid`,`v`.`txndate` AS `voiddate` from ((((`remittance` `r` join `cashreceipt` `c` on((`c`.`remittanceid` = `r`.`objid`))) join `cashreceipt_share` `cs` on((`cs`.`receiptid` = `c`.`objid`))) join `itemaccount` `ia` on((`ia`.`objid` = `cs`.`payableitem_objid`))) left join `cashreceipt_void` `v` on((`v`.`receiptid` = `c`.`objid`))) */;
/*!50001 SET character_set_client      = @saved_cs_client */;
/*!50001 SET character_set_results     = @saved_cs_results */;
/*!50001 SET collation_connection      = @saved_col_connection */;

--
-- Final view structure for view `vw_cashreceipt_itemaccount`
--

/*!50001 DROP TABLE IF EXISTS `vw_cashreceipt_itemaccount`*/;
/*!50001 DROP VIEW IF EXISTS `vw_cashreceipt_itemaccount`*/;
/*!50001 SET @saved_cs_client          = @@character_set_client */;
/*!50001 SET @saved_cs_results         = @@character_set_results */;
/*!50001 SET @saved_col_connection     = @@collation_connection */;
/*!50001 SET character_set_client      = utf8 */;
/*!50001 SET character_set_results     = utf8 */;
/*!50001 SET collation_connection      = utf8_general_ci */;
/*!50001 CREATE ALGORITHM=UNDEFINED */
/*!50013 DEFINER=`root`@`localhost` SQL SECURITY DEFINER */
/*!50001 VIEW `vw_cashreceipt_itemaccount` AS select `itemaccount`.`objid` AS `objid`,`itemaccount`.`state` AS `state`,`itemaccount`.`code` AS `code`,`itemaccount`.`title` AS `title`,`itemaccount`.`description` AS `description`,`itemaccount`.`type` AS `type`,`itemaccount`.`fund_objid` AS `fund_objid`,`itemaccount`.`fund_code` AS `fund_code`,`itemaccount`.`fund_title` AS `fund_title`,`itemaccount`.`defaultvalue` AS `defaultvalue`,`itemaccount`.`valuetype` AS `valuetype`,`itemaccount`.`sortorder` AS `sortorder`,`itemaccount`.`org_objid` AS `orgid`,`itemaccount`.`hidefromlookup` AS `hidefromlookup` from `itemaccount` where ((`itemaccount`.`state` = 'ACTIVE') and (`itemaccount`.`type` in ('REVENUE','NONREVENUE','PAYABLE')) and (ifnull(`itemaccount`.`generic`,0) = 0)) */;
/*!50001 SET character_set_client      = @saved_cs_client */;
/*!50001 SET character_set_results     = @saved_cs_results */;
/*!50001 SET collation_connection      = @saved_col_connection */;

--
-- Final view structure for view `vw_cashreceipt_itemaccount_collectiongroup`
--

/*!50001 DROP TABLE IF EXISTS `vw_cashreceipt_itemaccount_collectiongroup`*/;
/*!50001 DROP VIEW IF EXISTS `vw_cashreceipt_itemaccount_collectiongroup`*/;
/*!50001 SET @saved_cs_client          = @@character_set_client */;
/*!50001 SET @saved_cs_results         = @@character_set_results */;
/*!50001 SET @saved_col_connection     = @@collation_connection */;
/*!50001 SET character_set_client      = utf8 */;
/*!50001 SET character_set_results     = utf8 */;
/*!50001 SET collation_connection      = utf8_general_ci */;
/*!50001 CREATE ALGORITHM=UNDEFINED */
/*!50013 DEFINER=`root`@`localhost` SQL SECURITY DEFINER */
/*!50001 VIEW `vw_cashreceipt_itemaccount_collectiongroup` AS select `ia`.`objid` AS `objid`,`ia`.`state` AS `state`,`ia`.`code` AS `code`,`ia`.`title` AS `title`,`ia`.`description` AS `description`,`ia`.`type` AS `type`,`ia`.`fund_objid` AS `fund_objid`,`ia`.`fund_code` AS `fund_code`,`ia`.`fund_title` AS `fund_title`,(case when (`ca`.`defaultvalue` = 0) then `ia`.`defaultvalue` else `ca`.`defaultvalue` end) AS `defaultvalue`,(case when (`ca`.`defaultvalue` = 0) then `ia`.`valuetype` else `ca`.`valuetype` end) AS `valuetype`,`ca`.`sortorder` AS `sortorder`,`ia`.`org_objid` AS `orgid`,`ca`.`collectiongroupid` AS `collectiongroupid`,`ia`.`generic` AS `generic` from (`collectiongroup_account` `ca` join `itemaccount` `ia` on((`ia`.`objid` = `ca`.`account_objid`))) */;
/*!50001 SET character_set_client      = @saved_cs_client */;
/*!50001 SET character_set_results     = @saved_cs_results */;
/*!50001 SET collation_connection      = @saved_col_connection */;

--
-- Final view structure for view `vw_cashreceipt_itemaccount_collectiontype`
--

/*!50001 DROP TABLE IF EXISTS `vw_cashreceipt_itemaccount_collectiontype`*/;
/*!50001 DROP VIEW IF EXISTS `vw_cashreceipt_itemaccount_collectiontype`*/;
/*!50001 SET @saved_cs_client          = @@character_set_client */;
/*!50001 SET @saved_cs_results         = @@character_set_results */;
/*!50001 SET @saved_col_connection     = @@collation_connection */;
/*!50001 SET character_set_client      = utf8 */;
/*!50001 SET character_set_results     = utf8 */;
/*!50001 SET collation_connection      = utf8_general_ci */;
/*!50001 CREATE ALGORITHM=UNDEFINED */
/*!50013 DEFINER=`root`@`localhost` SQL SECURITY DEFINER */
/*!50001 VIEW `vw_cashreceipt_itemaccount_collectiontype` AS select `ia`.`objid` AS `objid`,`ia`.`state` AS `state`,`ia`.`code` AS `code`,`ia`.`title` AS `title`,`ia`.`description` AS `description`,`ia`.`type` AS `type`,`ia`.`fund_objid` AS `fund_objid`,`ia`.`fund_code` AS `fund_code`,`ia`.`fund_title` AS `fund_title`,`ca`.`defaultvalue` AS `defaultvalue`,(case when isnull(`ca`.`valuetype`) then 'ANY' else `ca`.`valuetype` end) AS `valuetype`,(case when isnull(`ca`.`sortorder`) then 0 else `ca`.`sortorder` end) AS `sortorder`,NULL AS `orgid`,`ca`.`collectiontypeid` AS `collectiontypeid`,0 AS `hasorg`,`ia`.`hidefromlookup` AS `hidefromlookup` from (((`collectiontype` `ct` join `collectiontype_account` `ca` on((`ca`.`collectiontypeid` = `ct`.`objid`))) join `itemaccount` `ia` on((`ia`.`objid` = `ca`.`account_objid`))) left join `collectiontype_org` `o` on((`o`.`collectiontypeid` = `ca`.`objid`))) where (isnull(`o`.`objid`) and (`ia`.`state` = 'ACTIVE') and (`ia`.`type` in ('REVENUE','NONREVENUE','PAYABLE'))) union all select `ia`.`objid` AS `objid`,`ia`.`state` AS `state`,`ia`.`code` AS `code`,`ia`.`title` AS `title`,`ia`.`description` AS `description`,`ia`.`type` AS `type`,`ia`.`fund_objid` AS `fund_objid`,`ia`.`fund_code` AS `fund_code`,`ia`.`fund_title` AS `fund_title`,`ca`.`defaultvalue` AS `defaultvalue`,(case when isnull(`ca`.`valuetype`) then 'ANY' else `ca`.`valuetype` end) AS `valuetype`,(case when isnull(`ca`.`sortorder`) then 0 else `ca`.`sortorder` end) AS `sortorder`,`o`.`org_objid` AS `orgid`,`ca`.`collectiontypeid` AS `collectiontypeid`,1 AS `hasorg`,`ia`.`hidefromlookup` AS `hidefromlookup` from (((`collectiontype` `ct` join `collectiontype_org` `o` on((`o`.`collectiontypeid` = `ct`.`objid`))) join `collectiontype_account` `ca` on((`ca`.`collectiontypeid` = `ct`.`objid`))) join `itemaccount` `ia` on((`ia`.`objid` = `ca`.`account_objid`))) where ((`ia`.`state` = 'ACTIVE') and (`ia`.`type` in ('REVENUE','NONREVENUE','PAYABLE'))) */;
/*!50001 SET character_set_client      = @saved_cs_client */;
/*!50001 SET character_set_results     = @saved_cs_results */;
/*!50001 SET collation_connection      = @saved_col_connection */;

--
-- Final view structure for view `vw_cashreceiptpayment_noncash`
--

/*!50001 DROP TABLE IF EXISTS `vw_cashreceiptpayment_noncash`*/;
/*!50001 DROP VIEW IF EXISTS `vw_cashreceiptpayment_noncash`*/;
/*!50001 SET @saved_cs_client          = @@character_set_client */;
/*!50001 SET @saved_cs_results         = @@character_set_results */;
/*!50001 SET @saved_col_connection     = @@collation_connection */;
/*!50001 SET character_set_client      = utf8 */;
/*!50001 SET character_set_results     = utf8 */;
/*!50001 SET collation_connection      = utf8_general_ci */;
/*!50001 CREATE ALGORITHM=UNDEFINED */
/*!50013 DEFINER=`root`@`localhost` SQL SECURITY DEFINER */
/*!50001 VIEW `vw_cashreceiptpayment_noncash` AS select `nc`.`objid` AS `objid`,`nc`.`receiptid` AS `receiptid`,`nc`.`refno` AS `refno`,`nc`.`refdate` AS `refdate`,`nc`.`reftype` AS `reftype`,`nc`.`amount` AS `amount`,`nc`.`particulars` AS `particulars`,`nc`.`account_objid` AS `account_objid`,`nc`.`account_code` AS `account_code`,`nc`.`account_name` AS `account_name`,`nc`.`account_fund_objid` AS `account_fund_objid`,`nc`.`account_fund_name` AS `account_fund_name`,`nc`.`account_bank` AS `account_bank`,`nc`.`fund_objid` AS `fund_objid`,`nc`.`refid` AS `refid`,`nc`.`checkid` AS `checkid`,`nc`.`voidamount` AS `voidamount`,`v`.`objid` AS `void_objid`,(case when isnull(`v`.`objid`) then 0 else 1 end) AS `voided`,`c`.`receiptno` AS `receipt_receiptno`,`c`.`receiptdate` AS `receipt_receiptdate`,`c`.`amount` AS `receipt_amount`,`c`.`collector_objid` AS `receipt_collector_objid`,`c`.`collector_name` AS `receipt_collector_name`,`c`.`remittanceid` AS `remittanceid`,`rem`.`objid` AS `remittance_objid`,`rem`.`controlno` AS `remittance_controlno`,`rem`.`controldate` AS `remittance_controldate` from (((`cashreceiptpayment_noncash` `nc` join `cashreceipt` `c` on((`c`.`objid` = `nc`.`receiptid`))) left join `cashreceipt_void` `v` on((`v`.`receiptid` = `c`.`objid`))) left join `remittance` `rem` on((`rem`.`objid` = `c`.`remittanceid`))) */;
/*!50001 SET character_set_client      = @saved_cs_client */;
/*!50001 SET character_set_results     = @saved_cs_results */;
/*!50001 SET collation_connection      = @saved_col_connection */;

--
-- Final view structure for view `vw_cashreceiptpayment_noncash_liquidated`
--

/*!50001 DROP TABLE IF EXISTS `vw_cashreceiptpayment_noncash_liquidated`*/;
/*!50001 DROP VIEW IF EXISTS `vw_cashreceiptpayment_noncash_liquidated`*/;
/*!50001 SET @saved_cs_client          = @@character_set_client */;
/*!50001 SET @saved_cs_results         = @@character_set_results */;
/*!50001 SET @saved_col_connection     = @@collation_connection */;
/*!50001 SET character_set_client      = utf8 */;
/*!50001 SET character_set_results     = utf8 */;
/*!50001 SET collation_connection      = utf8_general_ci */;
/*!50001 CREATE ALGORITHM=UNDEFINED */
/*!50013 DEFINER=`root`@`localhost` SQL SECURITY DEFINER */
/*!50001 VIEW `vw_cashreceiptpayment_noncash_liquidated` AS select `nc`.`objid` AS `objid`,`nc`.`receiptid` AS `receiptid`,`nc`.`refno` AS `refno`,`nc`.`refdate` AS `refdate`,`nc`.`reftype` AS `reftype`,`nc`.`amount` AS `amount`,`nc`.`particulars` AS `particulars`,`nc`.`account_objid` AS `account_objid`,`nc`.`account_code` AS `account_code`,`nc`.`account_name` AS `account_name`,`nc`.`account_fund_objid` AS `account_fund_objid`,`nc`.`account_fund_name` AS `account_fund_name`,`nc`.`account_bank` AS `account_bank`,`nc`.`fund_objid` AS `fund_objid`,`nc`.`refid` AS `refid`,`nc`.`checkid` AS `checkid`,`nc`.`voidamount` AS `voidamount`,`v`.`objid` AS `void_objid`,(case when isnull(`v`.`objid`) then 0 else 1 end) AS `voided`,`c`.`receiptno` AS `receipt_receiptno`,`c`.`receiptdate` AS `receipt_receiptdate`,`c`.`amount` AS `receipt_amount`,`c`.`collector_objid` AS `receipt_collector_objid`,`c`.`collector_name` AS `receipt_collector_name`,`c`.`remittanceid` AS `remittanceid`,`r`.`objid` AS `remittance_objid`,`r`.`controlno` AS `remittance_controlno`,`r`.`controldate` AS `remittance_controldate`,`r`.`collectionvoucherid` AS `collectionvoucherid`,`cv`.`objid` AS `collectionvoucher_objid`,`cv`.`controlno` AS `collectionvoucher_controlno`,`cv`.`controldate` AS `collectionvoucher_controldate`,`cv`.`depositvoucherid` AS `depositvoucherid` from ((((`collectionvoucher` `cv` join `remittance` `r` on((`r`.`collectionvoucherid` = `cv`.`objid`))) join `cashreceipt` `c` on((`c`.`remittanceid` = `r`.`objid`))) join `cashreceiptpayment_noncash` `nc` on((`nc`.`receiptid` = `c`.`objid`))) left join `cashreceipt_void` `v` on((`v`.`receiptid` = `c`.`objid`))) */;
/*!50001 SET character_set_client      = @saved_cs_client */;
/*!50001 SET character_set_results     = @saved_cs_results */;
/*!50001 SET collation_connection      = @saved_col_connection */;

--
-- Final view structure for view `vw_collectiongroup`
--

/*!50001 DROP TABLE IF EXISTS `vw_collectiongroup`*/;
/*!50001 DROP VIEW IF EXISTS `vw_collectiongroup`*/;
/*!50001 SET @saved_cs_client          = @@character_set_client */;
/*!50001 SET @saved_cs_results         = @@character_set_results */;
/*!50001 SET @saved_col_connection     = @@collation_connection */;
/*!50001 SET character_set_client      = utf8 */;
/*!50001 SET character_set_results     = utf8 */;
/*!50001 SET collation_connection      = utf8_general_ci */;
/*!50001 CREATE ALGORITHM=UNDEFINED */
/*!50013 DEFINER=`root`@`localhost` SQL SECURITY DEFINER */
/*!50001 VIEW `vw_collectiongroup` AS select `cg`.`objid` AS `objid`,`cg`.`name` AS `name`,`cg`.`sharing` AS `sharing`,NULL AS `orgid` from (`collectiongroup` `cg` left join `collectiongroup_org` `co` on((`co`.`collectiongroupid` = `cg`.`objid`))) where ((`cg`.`state` = 'ACTIVE') and isnull(`co`.`objid`)) union select `cg`.`objid` AS `objid`,`cg`.`name` AS `name`,`cg`.`sharing` AS `sharing`,`co`.`org_objid` AS `orgid` from (`collectiongroup` `cg` join `collectiongroup_org` `co` on((`co`.`collectiongroupid` = `cg`.`objid`))) where (`cg`.`state` = 'ACTIVE') */;
/*!50001 SET character_set_client      = @saved_cs_client */;
/*!50001 SET character_set_results     = @saved_cs_results */;
/*!50001 SET collation_connection      = @saved_col_connection */;

--
-- Final view structure for view `vw_collectiontype`
--

/*!50001 DROP TABLE IF EXISTS `vw_collectiontype`*/;
/*!50001 DROP VIEW IF EXISTS `vw_collectiontype`*/;
/*!50001 SET @saved_cs_client          = @@character_set_client */;
/*!50001 SET @saved_cs_results         = @@character_set_results */;
/*!50001 SET @saved_col_connection     = @@collation_connection */;
/*!50001 SET character_set_client      = utf8 */;
/*!50001 SET character_set_results     = utf8 */;
/*!50001 SET collation_connection      = utf8_general_ci */;
/*!50001 CREATE ALGORITHM=UNDEFINED */
/*!50013 DEFINER=`root`@`localhost` SQL SECURITY DEFINER */
/*!50001 VIEW `vw_collectiontype` AS select `c`.`objid` AS `objid`,`c`.`state` AS `state`,`c`.`name` AS `name`,`c`.`title` AS `title`,`c`.`formno` AS `formno`,`c`.`handler` AS `handler`,`c`.`allowbatch` AS `allowbatch`,`c`.`barcodekey` AS `barcodekey`,`c`.`allowonline` AS `allowonline`,`c`.`allowoffline` AS `allowoffline`,`c`.`sortorder` AS `sortorder`,`o`.`org_objid` AS `orgid`,`c`.`fund_objid` AS `fund_objid`,`c`.`fund_title` AS `fund_title`,`c`.`category` AS `category`,`c`.`queuesection` AS `queuesection`,`c`.`system` AS `system`,`af`.`formtype` AS `af_formtype`,`af`.`serieslength` AS `af_serieslength`,`af`.`denomination` AS `af_denomination`,`af`.`baseunit` AS `af_baseunit`,`c`.`allowpaymentorder` AS `allowpaymentorder`,`c`.`allowkiosk` AS `allowkiosk`,`c`.`allowcreditmemo` AS `allowcreditmemo` from ((`collectiontype_org` `o` join `collectiontype` `c` on((`c`.`objid` = `o`.`collectiontypeid`))) join `af` on((`af`.`objid` = `c`.`formno`))) where (`c`.`state` = 'ACTIVE') union select `c`.`objid` AS `objid`,`c`.`state` AS `state`,`c`.`name` AS `name`,`c`.`title` AS `title`,`c`.`formno` AS `formno`,`c`.`handler` AS `handler`,`c`.`allowbatch` AS `allowbatch`,`c`.`barcodekey` AS `barcodekey`,`c`.`allowonline` AS `allowonline`,`c`.`allowoffline` AS `allowoffline`,`c`.`sortorder` AS `sortorder`,NULL AS `orgid`,`c`.`fund_objid` AS `fund_objid`,`c`.`fund_title` AS `fund_title`,`c`.`category` AS `category`,`c`.`queuesection` AS `queuesection`,`c`.`system` AS `system`,`af`.`formtype` AS `af_formtype`,`af`.`serieslength` AS `af_serieslength`,`af`.`denomination` AS `af_denomination`,`af`.`baseunit` AS `af_baseunit`,`c`.`allowpaymentorder` AS `allowpaymentorder`,`c`.`allowkiosk` AS `allowkiosk`,`c`.`allowcreditmemo` AS `allowcreditmemo` from ((`collectiontype` `c` join `af` on((`af`.`objid` = `c`.`formno`))) left join `collectiontype_org` `o` on((`c`.`objid` = `o`.`collectiontypeid`))) where ((`c`.`state` = 'ACTIVE') and isnull(`o`.`objid`)) */;
/*!50001 SET character_set_client      = @saved_cs_client */;
/*!50001 SET character_set_results     = @saved_cs_results */;
/*!50001 SET collation_connection      = @saved_col_connection */;

--
-- Final view structure for view `vw_collectiontype_account`
--

/*!50001 DROP TABLE IF EXISTS `vw_collectiontype_account`*/;
/*!50001 DROP VIEW IF EXISTS `vw_collectiontype_account`*/;
/*!50001 SET @saved_cs_client          = @@character_set_client */;
/*!50001 SET @saved_cs_results         = @@character_set_results */;
/*!50001 SET @saved_col_connection     = @@collation_connection */;
/*!50001 SET character_set_client      = utf8 */;
/*!50001 SET character_set_results     = utf8 */;
/*!50001 SET collation_connection      = utf8_general_ci */;
/*!50001 CREATE ALGORITHM=UNDEFINED */
/*!50013 DEFINER=`root`@`localhost` SQL SECURITY DEFINER */
/*!50001 VIEW `vw_collectiontype_account` AS select `ia`.`objid` AS `objid`,`ia`.`code` AS `code`,`ia`.`title` AS `title`,`ia`.`fund_objid` AS `fund_objid`,`fund`.`code` AS `fund_code`,`fund`.`title` AS `fund_title`,`cta`.`collectiontypeid` AS `collectiontypeid`,`cta`.`tag` AS `tag`,`cta`.`valuetype` AS `valuetype`,`cta`.`defaultvalue` AS `defaultvalue` from ((`collectiontype_account` `cta` join `itemaccount` `ia` on((`ia`.`objid` = `cta`.`account_objid`))) join `fund` on((`fund`.`objid` = `ia`.`fund_objid`))) */;
/*!50001 SET character_set_client      = @saved_cs_client */;
/*!50001 SET character_set_results     = @saved_cs_results */;
/*!50001 SET collation_connection      = @saved_col_connection */;

--
-- Final view structure for view `vw_collectionvoucher_cashreceiptitem`
--

/*!50001 DROP TABLE IF EXISTS `vw_collectionvoucher_cashreceiptitem`*/;
/*!50001 DROP VIEW IF EXISTS `vw_collectionvoucher_cashreceiptitem`*/;
/*!50001 SET @saved_cs_client          = @@character_set_client */;
/*!50001 SET @saved_cs_results         = @@character_set_results */;
/*!50001 SET @saved_col_connection     = @@collation_connection */;
/*!50001 SET character_set_client      = utf8 */;
/*!50001 SET character_set_results     = utf8 */;
/*!50001 SET collation_connection      = utf8_general_ci */;
/*!50001 CREATE ALGORITHM=UNDEFINED */
/*!50013 DEFINER=`root`@`localhost` SQL SECURITY DEFINER */
/*!50001 VIEW `vw_collectionvoucher_cashreceiptitem` AS select `cv`.`controldate` AS `collectionvoucher_controldate`,`cv`.`controlno` AS `collectionvoucher_controlno`,`v`.`remittanceid` AS `remittanceid`,`v`.`remittance_controldate` AS `remittance_controldate`,`v`.`remittance_controlno` AS `remittance_controlno`,`v`.`collectionvoucherid` AS `collectionvoucherid`,`v`.`collectiontype_objid` AS `collectiontype_objid`,`v`.`collectiontype_name` AS `collectiontype_name`,`v`.`org_objid` AS `org_objid`,`v`.`org_name` AS `org_name`,`v`.`formtype` AS `formtype`,`v`.`formno` AS `formno`,`v`.`receiptid` AS `receiptid`,`v`.`receiptdate` AS `receiptdate`,`v`.`receiptno` AS `receiptno`,`v`.`controlid` AS `controlid`,`v`.`series` AS `series`,`v`.`stubno` AS `stubno`,`v`.`paidby` AS `paidby`,`v`.`paidbyaddress` AS `paidbyaddress`,`v`.`collectorid` AS `collectorid`,`v`.`collectorname` AS `collectorname`,`v`.`collectortitle` AS `collectortitle`,`v`.`fundid` AS `fundid`,`v`.`acctid` AS `acctid`,`v`.`acctcode` AS `acctcode`,`v`.`acctname` AS `acctname`,`v`.`remarks` AS `remarks`,`v`.`amount` AS `amount`,`v`.`voided` AS `voided`,`v`.`voidamount` AS `voidamount`,`v`.`formtypeindex` AS `formtypeindex` from (`collectionvoucher` `cv` join `vw_remittance_cashreceiptitem` `v` on((`v`.`collectionvoucherid` = `cv`.`objid`))) */;
/*!50001 SET character_set_client      = @saved_cs_client */;
/*!50001 SET character_set_results     = @saved_cs_results */;
/*!50001 SET collation_connection      = @saved_col_connection */;

--
-- Final view structure for view `vw_collectionvoucher_cashreceiptshare`
--

/*!50001 DROP TABLE IF EXISTS `vw_collectionvoucher_cashreceiptshare`*/;
/*!50001 DROP VIEW IF EXISTS `vw_collectionvoucher_cashreceiptshare`*/;
/*!50001 SET @saved_cs_client          = @@character_set_client */;
/*!50001 SET @saved_cs_results         = @@character_set_results */;
/*!50001 SET @saved_col_connection     = @@collation_connection */;
/*!50001 SET character_set_client      = utf8 */;
/*!50001 SET character_set_results     = utf8 */;
/*!50001 SET collation_connection      = utf8_general_ci */;
/*!50001 CREATE ALGORITHM=UNDEFINED */
/*!50013 DEFINER=`root`@`localhost` SQL SECURITY DEFINER */
/*!50001 VIEW `vw_collectionvoucher_cashreceiptshare` AS select `cv`.`controldate` AS `collectionvoucher_controldate`,`cv`.`controlno` AS `collectionvoucher_controlno`,`v`.`remittanceid` AS `remittanceid`,`v`.`remittance_controldate` AS `remittance_controldate`,`v`.`remittance_controlno` AS `remittance_controlno`,`v`.`collectionvoucherid` AS `collectionvoucherid`,`v`.`formno` AS `formno`,`v`.`formtype` AS `formtype`,`v`.`controlid` AS `controlid`,`v`.`receiptid` AS `receiptid`,`v`.`receiptdate` AS `receiptdate`,`v`.`receiptno` AS `receiptno`,`v`.`paidby` AS `paidby`,`v`.`paidbyaddress` AS `paidbyaddress`,`v`.`org_objid` AS `org_objid`,`v`.`org_name` AS `org_name`,`v`.`collectiontype_objid` AS `collectiontype_objid`,`v`.`collectiontype_name` AS `collectiontype_name`,`v`.`collectorid` AS `collectorid`,`v`.`collectorname` AS `collectorname`,`v`.`collectortitle` AS `collectortitle`,`v`.`refacctid` AS `refacctid`,`v`.`fundid` AS `fundid`,`v`.`acctid` AS `acctid`,`v`.`acctcode` AS `acctcode`,`v`.`acctname` AS `acctname`,`v`.`amount` AS `amount`,`v`.`voided` AS `voided`,`v`.`voidamount` AS `voidamount`,`v`.`formtypeindex` AS `formtypeindex` from (`collectionvoucher` `cv` join `vw_remittance_cashreceiptshare` `v` on((`v`.`collectionvoucherid` = `cv`.`objid`))) */;
/*!50001 SET character_set_client      = @saved_cs_client */;
/*!50001 SET character_set_results     = @saved_cs_results */;
/*!50001 SET collation_connection      = @saved_col_connection */;

--
-- Final view structure for view `vw_deposit_fund_transfer`
--

/*!50001 DROP TABLE IF EXISTS `vw_deposit_fund_transfer`*/;
/*!50001 DROP VIEW IF EXISTS `vw_deposit_fund_transfer`*/;
/*!50001 SET @saved_cs_client          = @@character_set_client */;
/*!50001 SET @saved_cs_results         = @@character_set_results */;
/*!50001 SET @saved_col_connection     = @@collation_connection */;
/*!50001 SET character_set_client      = utf8 */;
/*!50001 SET character_set_results     = utf8 */;
/*!50001 SET collation_connection      = utf8_general_ci */;
/*!50001 CREATE ALGORITHM=UNDEFINED */
/*!50013 DEFINER=`root`@`localhost` SQL SECURITY DEFINER */
/*!50001 VIEW `vw_deposit_fund_transfer` AS select `dft`.`objid` AS `objid`,`dft`.`amount` AS `amount`,`dft`.`todepositvoucherfundid` AS `todepositvoucherfundid`,`tof`.`objid` AS `todepositvoucherfund_fund_objid`,`tof`.`code` AS `todepositvoucherfund_fund_code`,`tof`.`title` AS `todepositvoucherfund_fund_title`,`dft`.`fromdepositvoucherfundid` AS `fromdepositvoucherfundid`,`fromf`.`objid` AS `fromdepositvoucherfund_fund_objid`,`fromf`.`code` AS `fromdepositvoucherfund_fund_code`,`fromf`.`title` AS `fromdepositvoucherfund_fund_title` from ((((`deposit_fund_transfer` `dft` join `depositvoucher_fund` `todv` on((`dft`.`todepositvoucherfundid` = `todv`.`objid`))) join `fund` `tof` on((`todv`.`fundid` = `tof`.`objid`))) join `depositvoucher_fund` `fromdv` on((`dft`.`fromdepositvoucherfundid` = `fromdv`.`objid`))) join `fund` `fromf` on((`fromdv`.`fundid` = `fromf`.`objid`))) */;
/*!50001 SET character_set_client      = @saved_cs_client */;
/*!50001 SET character_set_results     = @saved_cs_results */;
/*!50001 SET collation_connection      = @saved_col_connection */;

--
-- Final view structure for view `vw_entity_mapping`
--

/*!50001 DROP TABLE IF EXISTS `vw_entity_mapping`*/;
/*!50001 DROP VIEW IF EXISTS `vw_entity_mapping`*/;
/*!50001 SET @saved_cs_client          = @@character_set_client */;
/*!50001 SET @saved_cs_results         = @@character_set_results */;
/*!50001 SET @saved_col_connection     = @@collation_connection */;
/*!50001 SET character_set_client      = utf8 */;
/*!50001 SET character_set_results     = utf8 */;
/*!50001 SET collation_connection      = utf8_general_ci */;
/*!50001 CREATE ALGORITHM=UNDEFINED */
/*!50013 DEFINER=`root`@`localhost` SQL SECURITY DEFINER */
/*!50001 VIEW `vw_entity_mapping` AS select `r`.`objid` AS `objid`,`r`.`parent_objid` AS `parent_objid`,`r`.`org_objid` AS `org_objid`,`e`.`entityno` AS `entityno`,`e`.`name` AS `name`,`e`.`address_text` AS `address_text`,`a`.`province` AS `address_province`,`a`.`municipality` AS `address_municipality` from ((((`entity_mapping` `r` join `entity` `e` on((`r`.`objid` = `e`.`objid`))) left join `entity_address` `a` on((`e`.`address_objid` = `a`.`objid`))) left join `sys_org` `b` on((`a`.`barangay_objid` = `b`.`objid`))) left join `sys_org` `m` on((`b`.`parent_objid` = `m`.`objid`))) */;
/*!50001 SET character_set_client      = @saved_cs_client */;
/*!50001 SET character_set_results     = @saved_cs_results */;
/*!50001 SET collation_connection      = @saved_col_connection */;

--
-- Final view structure for view `vw_entity_relation`
--

/*!50001 DROP TABLE IF EXISTS `vw_entity_relation`*/;
/*!50001 DROP VIEW IF EXISTS `vw_entity_relation`*/;
/*!50001 SET @saved_cs_client          = @@character_set_client */;
/*!50001 SET @saved_cs_results         = @@character_set_results */;
/*!50001 SET @saved_col_connection     = @@collation_connection */;
/*!50001 SET character_set_client      = utf8 */;
/*!50001 SET character_set_results     = utf8 */;
/*!50001 SET collation_connection      = utf8_general_ci */;
/*!50001 CREATE ALGORITHM=UNDEFINED */
/*!50013 DEFINER=`root`@`localhost` SQL SECURITY DEFINER */
/*!50001 VIEW `vw_entity_relation` AS select `er`.`objid` AS `objid`,`er`.`entity_objid` AS `ownerid`,`ei`.`objid` AS `entityid`,`ei`.`entityno` AS `entityno`,`ei`.`name` AS `name`,`ei`.`firstname` AS `firstname`,`ei`.`lastname` AS `lastname`,`ei`.`middlename` AS `middlename`,`ei`.`birthdate` AS `birthdate`,`ei`.`gender` AS `gender`,`er`.`relation_objid` AS `relationship` from (`entity_relation` `er` join `vw_entityindividual` `ei` on((`er`.`relateto_objid` = `ei`.`objid`))) union all select `er`.`objid` AS `objid`,`er`.`relateto_objid` AS `ownerid`,`ei`.`objid` AS `entityid`,`ei`.`entityno` AS `entityno`,`ei`.`name` AS `name`,`ei`.`firstname` AS `firstname`,`ei`.`lastname` AS `lastname`,`ei`.`middlename` AS `middlename`,`ei`.`birthdate` AS `birthdate`,`ei`.`gender` AS `gender`,(case when (`ei`.`gender` = 'M') then `et`.`inverse_male` when (`ei`.`gender` = 'F') then `et`.`inverse_female` else `et`.`inverse_any` end) AS `relationship` from ((`entity_relation` `er` join `vw_entityindividual` `ei` on((`er`.`entity_objid` = `ei`.`objid`))) join `entity_relation_type` `et` on((`er`.`relation_objid` = `et`.`objid`))) */;
/*!50001 SET character_set_client      = @saved_cs_client */;
/*!50001 SET character_set_results     = @saved_cs_results */;
/*!50001 SET collation_connection      = @saved_col_connection */;

--
-- Final view structure for view `vw_entityindividual`
--

/*!50001 DROP TABLE IF EXISTS `vw_entityindividual`*/;
/*!50001 DROP VIEW IF EXISTS `vw_entityindividual`*/;
/*!50001 SET @saved_cs_client          = @@character_set_client */;
/*!50001 SET @saved_cs_results         = @@character_set_results */;
/*!50001 SET @saved_col_connection     = @@collation_connection */;
/*!50001 SET character_set_client      = utf8 */;
/*!50001 SET character_set_results     = utf8 */;
/*!50001 SET collation_connection      = utf8_general_ci */;
/*!50001 CREATE ALGORITHM=UNDEFINED */
/*!50013 DEFINER=`root`@`localhost` SQL SECURITY DEFINER */
/*!50001 VIEW `vw_entityindividual` AS select `ei`.`objid` AS `objid`,`ei`.`lastname` AS `lastname`,`ei`.`firstname` AS `firstname`,`ei`.`middlename` AS `middlename`,`ei`.`birthdate` AS `birthdate`,`ei`.`birthplace` AS `birthplace`,`ei`.`citizenship` AS `citizenship`,`ei`.`gender` AS `gender`,`ei`.`civilstatus` AS `civilstatus`,`ei`.`profession` AS `profession`,`ei`.`tin` AS `tin`,`ei`.`sss` AS `sss`,`ei`.`height` AS `height`,`ei`.`weight` AS `weight`,`ei`.`acr` AS `acr`,`ei`.`religion` AS `religion`,`ei`.`photo` AS `photo`,`ei`.`thumbnail` AS `thumbnail`,`ei`.`profileid` AS `profileid`,`e`.`entityno` AS `entityno`,`e`.`type` AS `type`,`e`.`name` AS `name`,`e`.`entityname` AS `entityname`,`e`.`mobileno` AS `mobileno`,`e`.`phoneno` AS `phoneno`,`e`.`address_objid` AS `address_objid`,`e`.`address_text` AS `address_text` from (`entityindividual` `ei` join `entity` `e` on((`e`.`objid` = `ei`.`objid`))) */;
/*!50001 SET character_set_client      = @saved_cs_client */;
/*!50001 SET character_set_results     = @saved_cs_results */;
/*!50001 SET collation_connection      = @saved_col_connection */;

--
-- Final view structure for view `vw_entityindividual_lookup`
--

/*!50001 DROP TABLE IF EXISTS `vw_entityindividual_lookup`*/;
/*!50001 DROP VIEW IF EXISTS `vw_entityindividual_lookup`*/;
/*!50001 SET @saved_cs_client          = @@character_set_client */;
/*!50001 SET @saved_cs_results         = @@character_set_results */;
/*!50001 SET @saved_col_connection     = @@collation_connection */;
/*!50001 SET character_set_client      = utf8 */;
/*!50001 SET character_set_results     = utf8 */;
/*!50001 SET collation_connection      = utf8_general_ci */;
/*!50001 CREATE ALGORITHM=UNDEFINED */
/*!50013 DEFINER=`root`@`localhost` SQL SECURITY DEFINER */
/*!50001 VIEW `vw_entityindividual_lookup` AS select `e`.`objid` AS `objid`,`e`.`entityno` AS `entityno`,`e`.`name` AS `name`,`e`.`address_text` AS `addresstext`,`e`.`type` AS `type`,`ei`.`lastname` AS `lastname`,`ei`.`firstname` AS `firstname`,`ei`.`middlename` AS `middlename`,`ei`.`gender` AS `gender`,`ei`.`birthdate` AS `birthdate`,`e`.`mobileno` AS `mobileno`,`e`.`phoneno` AS `phoneno` from (`entity` `e` join `entityindividual` `ei` on((`ei`.`objid` = `e`.`objid`))) */;
/*!50001 SET character_set_client      = @saved_cs_client */;
/*!50001 SET character_set_results     = @saved_cs_results */;
/*!50001 SET collation_connection      = @saved_col_connection */;

--
-- Final view structure for view `vw_entityrelation_lookup`
--

/*!50001 DROP TABLE IF EXISTS `vw_entityrelation_lookup`*/;
/*!50001 DROP VIEW IF EXISTS `vw_entityrelation_lookup`*/;
/*!50001 SET @saved_cs_client          = @@character_set_client */;
/*!50001 SET @saved_cs_results         = @@character_set_results */;
/*!50001 SET @saved_col_connection     = @@collation_connection */;
/*!50001 SET character_set_client      = utf8 */;
/*!50001 SET character_set_results     = utf8 */;
/*!50001 SET collation_connection      = utf8_general_ci */;
/*!50001 CREATE ALGORITHM=UNDEFINED */
/*!50013 DEFINER=`root`@`localhost` SQL SECURITY DEFINER */
/*!50001 VIEW `vw_entityrelation_lookup` AS select `er`.`objid` AS `objid`,`er`.`entity_objid` AS `entity_objid`,`er`.`relateto_objid` AS `relateto_objid`,`er`.`relation_objid` AS `relation_objid`,`e`.`entityno` AS `entityno`,`e`.`name` AS `name`,`e`.`address_text` AS `addresstext`,`e`.`type` AS `type`,`ei`.`lastname` AS `lastname`,`ei`.`firstname` AS `firstname`,`ei`.`middlename` AS `middlename`,`ei`.`gender` AS `gender`,`ei`.`birthdate` AS `birthdate`,`e`.`mobileno` AS `mobileno`,`e`.`phoneno` AS `phoneno` from ((`entity_relation` `er` join `entityindividual` `ei` on((`ei`.`objid` = `er`.`relateto_objid`))) join `entity` `e` on((`e`.`objid` = `ei`.`objid`))) */;
/*!50001 SET character_set_client      = @saved_cs_client */;
/*!50001 SET character_set_results     = @saved_cs_results */;
/*!50001 SET collation_connection      = @saved_col_connection */;

--
-- Final view structure for view `vw_faas_lookup`
--

/*!50001 DROP TABLE IF EXISTS `vw_faas_lookup`*/;
/*!50001 DROP VIEW IF EXISTS `vw_faas_lookup`*/;
/*!50001 SET @saved_cs_client          = @@character_set_client */;
/*!50001 SET @saved_cs_results         = @@character_set_results */;
/*!50001 SET @saved_col_connection     = @@collation_connection */;
/*!50001 SET character_set_client      = utf8 */;
/*!50001 SET character_set_results     = utf8 */;
/*!50001 SET collation_connection      = utf8_general_ci */;
/*!50001 CREATE ALGORITHM=UNDEFINED */
/*!50013 DEFINER=`root`@`localhost` SQL SECURITY DEFINER */
/*!50001 VIEW `vw_faas_lookup` AS select `fl`.`objid` AS `objid`,`fl`.`state` AS `state`,`fl`.`rpuid` AS `rpuid`,`fl`.`utdno` AS `utdno`,`fl`.`tdno` AS `tdno`,`fl`.`txntype_objid` AS `txntype_objid`,`fl`.`effectivityyear` AS `effectivityyear`,`fl`.`effectivityqtr` AS `effectivityqtr`,`fl`.`taxpayer_objid` AS `taxpayer_objid`,`fl`.`owner_name` AS `owner_name`,`fl`.`owner_address` AS `owner_address`,`fl`.`prevtdno` AS `prevtdno`,`fl`.`cancelreason` AS `cancelreason`,`fl`.`cancelledbytdnos` AS `cancelledbytdnos`,`fl`.`lguid` AS `lguid`,`fl`.`realpropertyid` AS `realpropertyid`,`fl`.`displaypin` AS `fullpin`,`fl`.`originlguid` AS `originlguid`,`e`.`name` AS `taxpayer_name`,`e`.`address_text` AS `taxpayer_address`,`pc`.`code` AS `classification_code`,`pc`.`code` AS `classcode`,`pc`.`name` AS `classification_name`,`pc`.`name` AS `classname`,`fl`.`ry` AS `ry`,`fl`.`rputype` AS `rputype`,`fl`.`totalmv` AS `totalmv`,`fl`.`totalav` AS `totalav`,`fl`.`totalareasqm` AS `totalareasqm`,`fl`.`totalareaha` AS `totalareaha`,`fl`.`barangayid` AS `barangayid`,`fl`.`cadastrallotno` AS `cadastrallotno`,`fl`.`blockno` AS `blockno`,`fl`.`surveyno` AS `surveyno`,`fl`.`pin` AS `pin`,`fl`.`barangay` AS `barangay_name`,`fl`.`trackingno` AS `trackingno` from ((`faas_list` `fl` left join `propertyclassification` `pc` on((`fl`.`classification_objid` = `pc`.`objid`))) left join `entity` `e` on((`fl`.`taxpayer_objid` = `e`.`objid`))) */;
/*!50001 SET character_set_client      = @saved_cs_client */;
/*!50001 SET character_set_results     = @saved_cs_results */;
/*!50001 SET collation_connection      = @saved_col_connection */;

--
-- Final view structure for view `vw_fund`
--

/*!50001 DROP TABLE IF EXISTS `vw_fund`*/;
/*!50001 DROP VIEW IF EXISTS `vw_fund`*/;
/*!50001 SET @saved_cs_client          = @@character_set_client */;
/*!50001 SET @saved_cs_results         = @@character_set_results */;
/*!50001 SET @saved_col_connection     = @@collation_connection */;
/*!50001 SET character_set_client      = utf8 */;
/*!50001 SET character_set_results     = utf8 */;
/*!50001 SET collation_connection      = utf8_general_ci */;
/*!50001 CREATE ALGORITHM=UNDEFINED */
/*!50013 DEFINER=`root`@`localhost` SQL SECURITY DEFINER */
/*!50001 VIEW `vw_fund` AS select `f`.`objid` AS `objid`,`f`.`parentid` AS `parentid`,`f`.`state` AS `state`,`f`.`code` AS `code`,`f`.`title` AS `title`,`f`.`type` AS `type`,`f`.`special` AS `special`,`f`.`system` AS `system`,`f`.`groupid` AS `groupid`,`f`.`depositoryfundid` AS `depositoryfundid`,`g`.`objid` AS `group_objid`,`g`.`title` AS `group_title`,`g`.`indexno` AS `group_indexno`,`d`.`objid` AS `depositoryfund_objid`,`d`.`state` AS `depositoryfund_state`,`d`.`code` AS `depositoryfund_code`,`d`.`title` AS `depositoryfund_title` from ((`fund` `f` left join `fundgroup` `g` on((`g`.`objid` = `f`.`groupid`))) left join `fund` `d` on((`d`.`objid` = `f`.`depositoryfundid`))) */;
/*!50001 SET character_set_client      = @saved_cs_client */;
/*!50001 SET character_set_results     = @saved_cs_results */;
/*!50001 SET collation_connection      = @saved_col_connection */;

--
-- Final view structure for view `vw_income_ledger`
--

/*!50001 DROP TABLE IF EXISTS `vw_income_ledger`*/;
/*!50001 DROP VIEW IF EXISTS `vw_income_ledger`*/;
/*!50001 SET @saved_cs_client          = @@character_set_client */;
/*!50001 SET @saved_cs_results         = @@character_set_results */;
/*!50001 SET @saved_col_connection     = @@collation_connection */;
/*!50001 SET character_set_client      = utf8 */;
/*!50001 SET character_set_results     = utf8 */;
/*!50001 SET collation_connection      = utf8_general_ci */;
/*!50001 CREATE ALGORITHM=UNDEFINED */
/*!50013 DEFINER=`root`@`localhost` SQL SECURITY DEFINER */
/*!50001 VIEW `vw_income_ledger` AS select year(`jev`.`jevdate`) AS `year`,month(`jev`.`jevdate`) AS `month`,`jev`.`fundid` AS `fundid`,`l`.`itemacctid` AS `itemacctid`,`l`.`cr` AS `amount`,`l`.`jevid` AS `jevid`,`l`.`objid` AS `objid` from (`income_ledger` `l` join `jev` on((`jev`.`objid` = `l`.`jevid`))) union all select year(`jev`.`jevdate`) AS `year`,month(`jev`.`jevdate`) AS `month`,`jev`.`fundid` AS `fundid`,`l`.`refitemacctid` AS `itemacctid`,(`l`.`cr` - `l`.`dr`) AS `amount`,`l`.`jevid` AS `jevid`,`l`.`objid` AS `objid` from (`payable_ledger` `l` join `jev` on((`jev`.`objid` = `l`.`jevid`))) */;
/*!50001 SET character_set_client      = @saved_cs_client */;
/*!50001 SET character_set_results     = @saved_cs_results */;
/*!50001 SET collation_connection      = @saved_col_connection */;

--
-- Final view structure for view `vw_income_summary`
--

/*!50001 DROP TABLE IF EXISTS `vw_income_summary`*/;
/*!50001 DROP VIEW IF EXISTS `vw_income_summary`*/;
/*!50001 SET @saved_cs_client          = @@character_set_client */;
/*!50001 SET @saved_cs_results         = @@character_set_results */;
/*!50001 SET @saved_col_connection     = @@collation_connection */;
/*!50001 SET character_set_client      = utf8 */;
/*!50001 SET character_set_results     = utf8 */;
/*!50001 SET collation_connection      = utf8_general_ci */;
/*!50001 CREATE ALGORITHM=UNDEFINED */
/*!50013 DEFINER=`root`@`localhost` SQL SECURITY DEFINER */
/*!50001 VIEW `vw_income_summary` AS select `inc`.`refid` AS `refid`,`inc`.`refdate` AS `refdate`,`inc`.`refno` AS `refno`,`inc`.`reftype` AS `reftype`,`inc`.`acctid` AS `acctid`,`inc`.`fundid` AS `fundid`,`inc`.`amount` AS `amount`,`inc`.`orgid` AS `orgid`,`inc`.`collectorid` AS `collectorid`,`inc`.`refyear` AS `refyear`,`inc`.`refmonth` AS `refmonth`,`inc`.`refqtr` AS `refqtr`,`inc`.`remittanceid` AS `remittanceid`,`inc`.`remittancedate` AS `remittancedate`,`inc`.`remittanceyear` AS `remittanceyear`,`inc`.`remittancemonth` AS `remittancemonth`,`inc`.`remittanceqtr` AS `remittanceqtr`,`inc`.`liquidationid` AS `liquidationid`,`inc`.`liquidationdate` AS `liquidationdate`,`inc`.`liquidationyear` AS `liquidationyear`,`inc`.`liquidationmonth` AS `liquidationmonth`,`inc`.`liquidationqtr` AS `liquidationqtr`,`fund`.`groupid` AS `fundgroupid`,`ia`.`objid` AS `itemid`,`ia`.`code` AS `itemcode`,`ia`.`title` AS `itemtitle`,`ia`.`type` AS `itemtype` from ((`income_summary` `inc` join `fund` on((`fund`.`objid` = `inc`.`fundid`))) join `itemaccount` `ia` on((`ia`.`objid` = `inc`.`acctid`))) */;
/*!50001 SET character_set_client      = @saved_cs_client */;
/*!50001 SET character_set_results     = @saved_cs_results */;
/*!50001 SET collation_connection      = @saved_col_connection */;

--
-- Final view structure for view `vw_landtax_lgu_account_mapping`
--

/*!50001 DROP TABLE IF EXISTS `vw_landtax_lgu_account_mapping`*/;
/*!50001 DROP VIEW IF EXISTS `vw_landtax_lgu_account_mapping`*/;
/*!50001 SET @saved_cs_client          = @@character_set_client */;
/*!50001 SET @saved_cs_results         = @@character_set_results */;
/*!50001 SET @saved_col_connection     = @@collation_connection */;
/*!50001 SET character_set_client      = utf8 */;
/*!50001 SET character_set_results     = utf8 */;
/*!50001 SET collation_connection      = utf8_general_ci */;
/*!50001 CREATE ALGORITHM=UNDEFINED */
/*!50013 DEFINER=`root`@`localhost` SQL SECURITY DEFINER */
/*!50001 VIEW `vw_landtax_lgu_account_mapping` AS select `ia`.`org_objid` AS `org_objid`,`ia`.`org_name` AS `org_name`,`o`.`orgclass` AS `org_class`,`p`.`objid` AS `parent_objid`,`p`.`code` AS `parent_code`,`p`.`title` AS `parent_title`,`ia`.`objid` AS `item_objid`,`ia`.`code` AS `item_code`,`ia`.`title` AS `item_title`,`ia`.`fund_objid` AS `item_fund_objid`,`ia`.`fund_code` AS `item_fund_code`,`ia`.`fund_title` AS `item_fund_title`,`ia`.`type` AS `item_type`,`pt`.`tag` AS `item_tag` from (((`itemaccount` `ia` join `itemaccount` `p` on((`ia`.`parentid` = `p`.`objid`))) join `itemaccount_tag` `pt` on((`p`.`objid` = `pt`.`acctid`))) join `sys_org` `o` on((`ia`.`org_objid` = `o`.`objid`))) where (`p`.`state` = 'ACTIVE') */;
/*!50001 SET character_set_client      = @saved_cs_client */;
/*!50001 SET character_set_results     = @saved_cs_results */;
/*!50001 SET collation_connection      = @saved_col_connection */;

--
-- Final view structure for view `vw_landtax_report_rptdelinquency`
--

/*!50001 DROP TABLE IF EXISTS `vw_landtax_report_rptdelinquency`*/;
/*!50001 DROP VIEW IF EXISTS `vw_landtax_report_rptdelinquency`*/;
/*!50001 SET @saved_cs_client          = @@character_set_client */;
/*!50001 SET @saved_cs_results         = @@character_set_results */;
/*!50001 SET @saved_col_connection     = @@collation_connection */;
/*!50001 SET character_set_client      = utf8 */;
/*!50001 SET character_set_results     = utf8 */;
/*!50001 SET collation_connection      = utf8_general_ci */;
/*!50001 CREATE ALGORITHM=UNDEFINED */
/*!50013 DEFINER=`root`@`localhost` SQL SECURITY DEFINER */
/*!50001 VIEW `vw_landtax_report_rptdelinquency` AS select `v`.`rptledgerid` AS `rptledgerid`,`v`.`barangayid` AS `barangayid`,`v`.`year` AS `year`,`v`.`qtr` AS `qtr`,`rr`.`dtgenerated` AS `dtgenerated`,`rr`.`generatedby_name` AS `generatedby_name`,`rr`.`generatedby_title` AS `generatedby_title`,sum(`v`.`basic`) AS `basic`,sum(`v`.`basicint`) AS `basicint`,sum(`v`.`basicdisc`) AS `basicdisc`,sum(`v`.`basicdp`) AS `basicdp`,sum(`v`.`basicnet`) AS `basicnet`,sum(`v`.`basicidle`) AS `basicidle`,sum(`v`.`basicidleint`) AS `basicidleint`,sum(`v`.`basicidledisc`) AS `basicidledisc`,sum(`v`.`basicidledp`) AS `basicidledp`,sum(`v`.`basicidlenet`) AS `basicidlenet`,sum(`v`.`sef`) AS `sef`,sum(`v`.`sefint`) AS `sefint`,sum(`v`.`sefdisc`) AS `sefdisc`,sum(`v`.`sefdp`) AS `sefdp`,sum(`v`.`sefnet`) AS `sefnet`,sum(`v`.`firecode`) AS `firecode`,sum(`v`.`firecodeint`) AS `firecodeint`,sum(`v`.`firecodedisc`) AS `firecodedisc`,sum(`v`.`firecodedp`) AS `firecodedp`,sum(`v`.`firecodenet`) AS `firecodenet`,sum(`v`.`sh`) AS `sh`,sum(`v`.`shint`) AS `shint`,sum(`v`.`shdisc`) AS `shdisc`,sum(`v`.`shdp`) AS `shdp`,sum(`v`.`shnet`) AS `shnet`,sum(`v`.`total`) AS `total` from (`report_rptdelinquency` `rr` join `vw_landtax_report_rptdelinquency_detail` `v` on((`rr`.`objid` = `v`.`parentid`))) group by `v`.`rptledgerid`,`v`.`barangayid`,`v`.`year`,`v`.`qtr`,`rr`.`dtgenerated`,`rr`.`generatedby_name`,`rr`.`generatedby_title` */;
/*!50001 SET character_set_client      = @saved_cs_client */;
/*!50001 SET character_set_results     = @saved_cs_results */;
/*!50001 SET collation_connection      = @saved_col_connection */;

--
-- Final view structure for view `vw_landtax_report_rptdelinquency_detail`
--

/*!50001 DROP TABLE IF EXISTS `vw_landtax_report_rptdelinquency_detail`*/;
/*!50001 DROP VIEW IF EXISTS `vw_landtax_report_rptdelinquency_detail`*/;
/*!50001 SET @saved_cs_client          = @@character_set_client */;
/*!50001 SET @saved_cs_results         = @@character_set_results */;
/*!50001 SET @saved_col_connection     = @@collation_connection */;
/*!50001 SET character_set_client      = utf8 */;
/*!50001 SET character_set_results     = utf8 */;
/*!50001 SET collation_connection      = utf8_general_ci */;
/*!50001 CREATE ALGORITHM=UNDEFINED */
/*!50013 DEFINER=`root`@`localhost` SQL SECURITY DEFINER */
/*!50001 VIEW `vw_landtax_report_rptdelinquency_detail` AS select `report_rptdelinquency_item`.`parentid` AS `parentid`,`report_rptdelinquency_item`.`rptledgerid` AS `rptledgerid`,`report_rptdelinquency_item`.`barangayid` AS `barangayid`,`report_rptdelinquency_item`.`year` AS `year`,`report_rptdelinquency_item`.`qtr` AS `qtr`,(case when (`report_rptdelinquency_item`.`revtype` = 'basic') then `report_rptdelinquency_item`.`amount` else 0 end) AS `basic`,(case when (`report_rptdelinquency_item`.`revtype` = 'basic') then `report_rptdelinquency_item`.`interest` else 0 end) AS `basicint`,(case when (`report_rptdelinquency_item`.`revtype` = 'basic') then `report_rptdelinquency_item`.`discount` else 0 end) AS `basicdisc`,(case when (`report_rptdelinquency_item`.`revtype` = 'basic') then (`report_rptdelinquency_item`.`interest` - `report_rptdelinquency_item`.`discount`) else 0 end) AS `basicdp`,(case when (`report_rptdelinquency_item`.`revtype` = 'basic') then ((`report_rptdelinquency_item`.`amount` + `report_rptdelinquency_item`.`interest`) - `report_rptdelinquency_item`.`discount`) else 0 end) AS `basicnet`,(case when (`report_rptdelinquency_item`.`revtype` = 'basicidle') then `report_rptdelinquency_item`.`amount` else 0 end) AS `basicidle`,(case when (`report_rptdelinquency_item`.`revtype` = 'basicidle') then `report_rptdelinquency_item`.`interest` else 0 end) AS `basicidleint`,(case when (`report_rptdelinquency_item`.`revtype` = 'basicidle') then `report_rptdelinquency_item`.`discount` else 0 end) AS `basicidledisc`,(case when (`report_rptdelinquency_item`.`revtype` = 'basicidle') then (`report_rptdelinquency_item`.`interest` - `report_rptdelinquency_item`.`discount`) else 0 end) AS `basicidledp`,(case when (`report_rptdelinquency_item`.`revtype` = 'basicidle') then ((`report_rptdelinquency_item`.`amount` + `report_rptdelinquency_item`.`interest`) - `report_rptdelinquency_item`.`discount`) else 0 end) AS `basicidlenet`,(case when (`report_rptdelinquency_item`.`revtype` = 'sef') then `report_rptdelinquency_item`.`amount` else 0 end) AS `sef`,(case when (`report_rptdelinquency_item`.`revtype` = 'sef') then `report_rptdelinquency_item`.`interest` else 0 end) AS `sefint`,(case when (`report_rptdelinquency_item`.`revtype` = 'sef') then `report_rptdelinquency_item`.`discount` else 0 end) AS `sefdisc`,(case when (`report_rptdelinquency_item`.`revtype` = 'sef') then (`report_rptdelinquency_item`.`interest` - `report_rptdelinquency_item`.`discount`) else 0 end) AS `sefdp`,(case when (`report_rptdelinquency_item`.`revtype` = 'sef') then ((`report_rptdelinquency_item`.`amount` + `report_rptdelinquency_item`.`interest`) - `report_rptdelinquency_item`.`discount`) else 0 end) AS `sefnet`,(case when (`report_rptdelinquency_item`.`revtype` = 'firecode') then `report_rptdelinquency_item`.`amount` else 0 end) AS `firecode`,(case when (`report_rptdelinquency_item`.`revtype` = 'firecode') then `report_rptdelinquency_item`.`interest` else 0 end) AS `firecodeint`,(case when (`report_rptdelinquency_item`.`revtype` = 'firecode') then `report_rptdelinquency_item`.`discount` else 0 end) AS `firecodedisc`,(case when (`report_rptdelinquency_item`.`revtype` = 'firecode') then (`report_rptdelinquency_item`.`interest` - `report_rptdelinquency_item`.`discount`) else 0 end) AS `firecodedp`,(case when (`report_rptdelinquency_item`.`revtype` = 'firecode') then ((`report_rptdelinquency_item`.`amount` + `report_rptdelinquency_item`.`interest`) - `report_rptdelinquency_item`.`discount`) else 0 end) AS `firecodenet`,(case when (`report_rptdelinquency_item`.`revtype` = 'sh') then `report_rptdelinquency_item`.`amount` else 0 end) AS `sh`,(case when (`report_rptdelinquency_item`.`revtype` = 'sh') then `report_rptdelinquency_item`.`interest` else 0 end) AS `shint`,(case when (`report_rptdelinquency_item`.`revtype` = 'sh') then `report_rptdelinquency_item`.`discount` else 0 end) AS `shdisc`,(case when (`report_rptdelinquency_item`.`revtype` = 'sh') then (`report_rptdelinquency_item`.`interest` - `report_rptdelinquency_item`.`discount`) else 0 end) AS `shdp`,(case when (`report_rptdelinquency_item`.`revtype` = 'sh') then ((`report_rptdelinquency_item`.`amount` + `report_rptdelinquency_item`.`interest`) - `report_rptdelinquency_item`.`discount`) else 0 end) AS `shnet`,((`report_rptdelinquency_item`.`amount` + `report_rptdelinquency_item`.`interest`) - `report_rptdelinquency_item`.`discount`) AS `total` from `report_rptdelinquency_item` */;
/*!50001 SET character_set_client      = @saved_cs_client */;
/*!50001 SET character_set_results     = @saved_cs_results */;
/*!50001 SET collation_connection      = @saved_col_connection */;

--
-- Final view structure for view `vw_machine_smv`
--

/*!50001 DROP TABLE IF EXISTS `vw_machine_smv`*/;
/*!50001 DROP VIEW IF EXISTS `vw_machine_smv`*/;
/*!50001 SET @saved_cs_client          = @@character_set_client */;
/*!50001 SET @saved_cs_results         = @@character_set_results */;
/*!50001 SET @saved_col_connection     = @@collation_connection */;
/*!50001 SET character_set_client      = utf8 */;
/*!50001 SET character_set_results     = utf8 */;
/*!50001 SET collation_connection      = utf8_general_ci */;
/*!50001 CREATE ALGORITHM=UNDEFINED */
/*!50013 DEFINER=`root`@`localhost` SQL SECURITY DEFINER */
/*!50001 VIEW `vw_machine_smv` AS select `ms`.`objid` AS `objid`,`ms`.`parent_objid` AS `parent_objid`,`ms`.`machine_objid` AS `machine_objid`,`ms`.`expr` AS `expr`,`ms`.`previd` AS `previd`,`m`.`code` AS `code`,`m`.`name` AS `name` from (`machine_smv` `ms` join `machine` `m` on((`ms`.`machine_objid` = `m`.`objid`))) */;
/*!50001 SET character_set_client      = @saved_cs_client */;
/*!50001 SET character_set_results     = @saved_cs_results */;
/*!50001 SET collation_connection      = @saved_col_connection */;

--
-- Final view structure for view `vw_online_business_application`
--

/*!50001 DROP TABLE IF EXISTS `vw_online_business_application`*/;
/*!50001 DROP VIEW IF EXISTS `vw_online_business_application`*/;
/*!50001 SET @saved_cs_client          = @@character_set_client */;
/*!50001 SET @saved_cs_results         = @@character_set_results */;
/*!50001 SET @saved_col_connection     = @@collation_connection */;
/*!50001 SET character_set_client      = utf8 */;
/*!50001 SET character_set_results     = utf8 */;
/*!50001 SET collation_connection      = utf8_general_ci */;
/*!50001 CREATE ALGORITHM=UNDEFINED */
/*!50013 DEFINER=`root`@`localhost` SQL SECURITY DEFINER */
/*!50001 VIEW `vw_online_business_application` AS select `oa`.`objid` AS `objid`,`oa`.`state` AS `state`,`oa`.`dtcreated` AS `dtcreated`,`oa`.`createdby_objid` AS `createdby_objid`,`oa`.`createdby_name` AS `createdby_name`,`oa`.`controlno` AS `controlno`,`oa`.`apptype` AS `apptype`,`oa`.`appyear` AS `appyear`,`oa`.`appdate` AS `appdate`,`oa`.`prevapplicationid` AS `prevapplicationid`,`oa`.`business_objid` AS `business_objid`,`b`.`bin` AS `bin`,`b`.`tradename` AS `tradename`,`b`.`businessname` AS `businessname`,`b`.`address_text` AS `address_text`,`b`.`address_objid` AS `address_objid`,`b`.`owner_name` AS `owner_name`,`b`.`owner_address_text` AS `owner_address_text`,`b`.`owner_address_objid` AS `owner_address_objid`,`b`.`yearstarted` AS `yearstarted`,`b`.`orgtype` AS `orgtype`,`b`.`permittype` AS `permittype`,`b`.`officetype` AS `officetype`,`oa`.`step` AS `step` from ((`online_business_application` `oa` join `business_application` `a` on((`a`.`objid` = `oa`.`prevapplicationid`))) join `business` `b` on((`b`.`objid` = `a`.`business_objid`))) */;
/*!50001 SET character_set_client      = @saved_cs_client */;
/*!50001 SET character_set_results     = @saved_cs_results */;
/*!50001 SET collation_connection      = @saved_col_connection */;

--
-- Final view structure for view `vw_remittance_cashreceipt`
--

/*!50001 DROP TABLE IF EXISTS `vw_remittance_cashreceipt`*/;
/*!50001 DROP VIEW IF EXISTS `vw_remittance_cashreceipt`*/;
/*!50001 SET @saved_cs_client          = @@character_set_client */;
/*!50001 SET @saved_cs_results         = @@character_set_results */;
/*!50001 SET @saved_col_connection     = @@collation_connection */;
/*!50001 SET character_set_client      = utf8 */;
/*!50001 SET character_set_results     = utf8 */;
/*!50001 SET collation_connection      = utf8_general_ci */;
/*!50001 CREATE ALGORITHM=UNDEFINED */
/*!50013 DEFINER=`root`@`localhost` SQL SECURITY DEFINER */
/*!50001 VIEW `vw_remittance_cashreceipt` AS select `r`.`objid` AS `remittance_objid`,`r`.`controldate` AS `remittance_controldate`,`r`.`controlno` AS `remittance_controlno`,`c`.`remittanceid` AS `remittanceid`,`r`.`collectionvoucherid` AS `collectionvoucherid`,`c`.`controlid` AS `controlid`,`af`.`formtype` AS `formtype`,(case when (`af`.`formtype` = 'serial') then 0 else 1 end) AS `formtypeindexno`,`c`.`formno` AS `formno`,`c`.`stub` AS `stubno`,`c`.`series` AS `series`,`c`.`receiptno` AS `receiptno`,`c`.`receiptdate` AS `receiptdate`,`c`.`amount` AS `amount`,`c`.`totalnoncash` AS `totalnoncash`,(`c`.`amount` - `c`.`totalnoncash`) AS `totalcash`,(case when isnull(`v`.`objid`) then 0 else 1 end) AS `voided`,(case when isnull(`v`.`objid`) then 0 else `c`.`amount` end) AS `voidamount`,`c`.`paidby` AS `paidby`,`c`.`paidbyaddress` AS `paidbyaddress`,`c`.`payer_objid` AS `payer_objid`,`c`.`payer_name` AS `payer_name`,`c`.`collector_objid` AS `collector_objid`,`c`.`collector_name` AS `collector_name`,`c`.`collector_title` AS `collector_title`,`c`.`objid` AS `receiptid`,`c`.`collectiontype_objid` AS `collectiontype_objid`,`c`.`org_objid` AS `org_objid` from (((`remittance` `r` join `cashreceipt` `c` on((`c`.`remittanceid` = `r`.`objid`))) join `af` on((`af`.`objid` = `c`.`formno`))) left join `cashreceipt_void` `v` on((`v`.`receiptid` = `c`.`objid`))) */;
/*!50001 SET character_set_client      = @saved_cs_client */;
/*!50001 SET character_set_results     = @saved_cs_results */;
/*!50001 SET collation_connection      = @saved_col_connection */;

--
-- Final view structure for view `vw_remittance_cashreceipt_af`
--

/*!50001 DROP TABLE IF EXISTS `vw_remittance_cashreceipt_af`*/;
/*!50001 DROP VIEW IF EXISTS `vw_remittance_cashreceipt_af`*/;
/*!50001 SET @saved_cs_client          = @@character_set_client */;
/*!50001 SET @saved_cs_results         = @@character_set_results */;
/*!50001 SET @saved_col_connection     = @@collation_connection */;
/*!50001 SET character_set_client      = utf8 */;
/*!50001 SET character_set_results     = utf8 */;
/*!50001 SET collation_connection      = utf8_general_ci */;
/*!50001 CREATE ALGORITHM=UNDEFINED */
/*!50013 DEFINER=`root`@`localhost` SQL SECURITY DEFINER */
/*!50001 VIEW `vw_remittance_cashreceipt_af` AS select `cr`.`remittanceid` AS `remittanceid`,`cr`.`collector_objid` AS `collector_objid`,`cr`.`controlid` AS `controlid`,min(`cr`.`receiptno`) AS `fromreceiptno`,max(`cr`.`receiptno`) AS `toreceiptno`,min(`cr`.`series`) AS `fromseries`,max(`cr`.`series`) AS `toseries`,count(`cr`.`objid`) AS `qty`,sum(`cr`.`amount`) AS `amount`,0 AS `qtyvoided`,0.0 AS `voidamt`,0 AS `qtycancelled`,0.0 AS `cancelledamt`,`af`.`formtype` AS `formtype`,`af`.`serieslength` AS `serieslength`,`af`.`denomination` AS `denomination`,`cr`.`formno` AS `formno`,`afc`.`stubno` AS `stubno`,`afc`.`startseries` AS `startseries`,`afc`.`endseries` AS `endseries`,`afc`.`prefix` AS `prefix`,`afc`.`suffix` AS `suffix` from (((`cashreceipt` `cr` join `remittance` `rem` on((`rem`.`objid` = `cr`.`remittanceid`))) join `af_control` `afc` on((`cr`.`controlid` = `afc`.`objid`))) join `af` on((`afc`.`afid` = `af`.`objid`))) group by `cr`.`remittanceid`,`cr`.`collector_objid`,`cr`.`controlid`,`af`.`formtype`,`af`.`serieslength`,`af`.`denomination`,`cr`.`formno`,`afc`.`stubno`,`afc`.`startseries`,`afc`.`endseries`,`afc`.`prefix`,`afc`.`suffix` union all select `cr`.`remittanceid` AS `remittanceid`,`cr`.`collector_objid` AS `collector_objid`,`cr`.`controlid` AS `controlid`,NULL AS `fromreceiptno`,NULL AS `toreceiptno`,NULL AS `fromseries`,NULL AS `toseries`,0 AS `qty`,0.0 AS `amount`,count(`cr`.`objid`) AS `qtyvoided`,sum(`cr`.`amount`) AS `voidamt`,0 AS `qtycancelled`,0.0 AS `cancelledamt`,`af`.`formtype` AS `formtype`,`af`.`serieslength` AS `serieslength`,`af`.`denomination` AS `denomination`,`cr`.`formno` AS `formno`,`afc`.`stubno` AS `stubno`,`afc`.`startseries` AS `startseries`,`afc`.`endseries` AS `endseries`,`afc`.`prefix` AS `prefix`,`afc`.`suffix` AS `suffix` from ((((`cashreceipt` `cr` join `cashreceipt_void` `cv` on((`cv`.`receiptid` = `cr`.`objid`))) join `remittance` `rem` on((`rem`.`objid` = `cr`.`remittanceid`))) join `af_control` `afc` on((`cr`.`controlid` = `afc`.`objid`))) join `af` on((`afc`.`afid` = `af`.`objid`))) group by `cr`.`remittanceid`,`cr`.`collector_objid`,`cr`.`controlid`,`af`.`formtype`,`af`.`serieslength`,`af`.`denomination`,`cr`.`formno`,`afc`.`stubno`,`afc`.`startseries`,`afc`.`endseries`,`afc`.`prefix`,`afc`.`suffix` union all select `cr`.`remittanceid` AS `remittanceid`,`cr`.`collector_objid` AS `collector_objid`,`cr`.`controlid` AS `controlid`,NULL AS `fromreceiptno`,NULL AS `toreceiptno`,NULL AS `fromseries`,NULL AS `toseries`,0 AS `qty`,0.0 AS `amount`,0 AS `qtyvoided`,0.0 AS `voidamt`,count(`cr`.`objid`) AS `qtycancelled`,sum(`cr`.`amount`) AS `cancelledamt`,`af`.`formtype` AS `formtype`,`af`.`serieslength` AS `serieslength`,`af`.`denomination` AS `denomination`,`cr`.`formno` AS `formno`,`afc`.`stubno` AS `stubno`,`afc`.`startseries` AS `startseries`,`afc`.`endseries` AS `endseries`,`afc`.`prefix` AS `prefix`,`afc`.`suffix` AS `suffix` from (((`cashreceipt` `cr` join `remittance` `rem` on((`rem`.`objid` = `cr`.`remittanceid`))) join `af_control` `afc` on((`cr`.`controlid` = `afc`.`objid`))) join `af` on((`afc`.`afid` = `af`.`objid`))) where (`cr`.`state` = 'CANCELLED') group by `cr`.`remittanceid`,`cr`.`collector_objid`,`cr`.`controlid`,`af`.`formtype`,`af`.`serieslength`,`af`.`denomination`,`cr`.`formno`,`afc`.`stubno`,`afc`.`startseries`,`afc`.`endseries`,`afc`.`prefix`,`afc`.`suffix` */;
/*!50001 SET character_set_client      = @saved_cs_client */;
/*!50001 SET character_set_results     = @saved_cs_results */;
/*!50001 SET collation_connection      = @saved_col_connection */;

--
-- Final view structure for view `vw_remittance_cashreceipt_afsummary`
--

/*!50001 DROP TABLE IF EXISTS `vw_remittance_cashreceipt_afsummary`*/;
/*!50001 DROP VIEW IF EXISTS `vw_remittance_cashreceipt_afsummary`*/;
/*!50001 SET @saved_cs_client          = @@character_set_client */;
/*!50001 SET @saved_cs_results         = @@character_set_results */;
/*!50001 SET @saved_col_connection     = @@collation_connection */;
/*!50001 SET character_set_client      = utf8 */;
/*!50001 SET character_set_results     = utf8 */;
/*!50001 SET collation_connection      = utf8_general_ci */;
/*!50001 CREATE ALGORITHM=UNDEFINED */
/*!50013 DEFINER=`root`@`localhost` SQL SECURITY DEFINER */
/*!50001 VIEW `vw_remittance_cashreceipt_afsummary` AS select concat(`v`.`remittanceid`,'|',`v`.`collector_objid`,'|',`v`.`controlid`) AS `objid`,`v`.`remittanceid` AS `remittanceid`,`v`.`collector_objid` AS `collector_objid`,`v`.`controlid` AS `controlid`,min(`v`.`fromreceiptno`) AS `fromreceiptno`,max(`v`.`toreceiptno`) AS `toreceiptno`,min(`v`.`fromseries`) AS `fromseries`,max(`v`.`toseries`) AS `toseries`,sum(`v`.`qty`) AS `qty`,sum(`v`.`amount`) AS `amount`,sum(`v`.`qtyvoided`) AS `qtyvoided`,sum(`v`.`voidamt`) AS `voidamt`,sum(`v`.`qtycancelled`) AS `qtycancelled`,sum(`v`.`cancelledamt`) AS `cancelledamt`,`v`.`formtype` AS `formtype`,`v`.`serieslength` AS `serieslength`,`v`.`denomination` AS `denomination`,`v`.`formno` AS `formno`,`v`.`stubno` AS `stubno`,`v`.`startseries` AS `startseries`,`v`.`endseries` AS `endseries`,`v`.`prefix` AS `prefix`,`v`.`suffix` AS `suffix` from `vw_remittance_cashreceipt_af` `v` group by `v`.`remittanceid`,`v`.`collector_objid`,`v`.`controlid`,`v`.`formtype`,`v`.`serieslength`,`v`.`denomination`,`v`.`formno`,`v`.`stubno`,`v`.`startseries`,`v`.`endseries`,`v`.`prefix`,`v`.`suffix` */;
/*!50001 SET character_set_client      = @saved_cs_client */;
/*!50001 SET character_set_results     = @saved_cs_results */;
/*!50001 SET collation_connection      = @saved_col_connection */;

--
-- Final view structure for view `vw_remittance_cashreceiptitem`
--

/*!50001 DROP TABLE IF EXISTS `vw_remittance_cashreceiptitem`*/;
/*!50001 DROP VIEW IF EXISTS `vw_remittance_cashreceiptitem`*/;
/*!50001 SET @saved_cs_client          = @@character_set_client */;
/*!50001 SET @saved_cs_results         = @@character_set_results */;
/*!50001 SET @saved_col_connection     = @@collation_connection */;
/*!50001 SET character_set_client      = utf8 */;
/*!50001 SET character_set_results     = utf8 */;
/*!50001 SET collation_connection      = utf8_general_ci */;
/*!50001 CREATE ALGORITHM=UNDEFINED */
/*!50013 DEFINER=`root`@`localhost` SQL SECURITY DEFINER */
/*!50001 VIEW `vw_remittance_cashreceiptitem` AS select `c`.`remittanceid` AS `remittanceid`,`r`.`controldate` AS `remittance_controldate`,`r`.`controlno` AS `remittance_controlno`,`r`.`collectionvoucherid` AS `collectionvoucherid`,`c`.`collectiontype_objid` AS `collectiontype_objid`,`c`.`collectiontype_name` AS `collectiontype_name`,`c`.`org_objid` AS `org_objid`,`c`.`org_name` AS `org_name`,`c`.`formtype` AS `formtype`,`c`.`formno` AS `formno`,`cri`.`receiptid` AS `receiptid`,`c`.`receiptdate` AS `receiptdate`,`c`.`receiptno` AS `receiptno`,`c`.`controlid` AS `controlid`,`c`.`series` AS `series`,`c`.`stub` AS `stubno`,`c`.`paidby` AS `paidby`,`c`.`paidbyaddress` AS `paidbyaddress`,`c`.`collector_objid` AS `collectorid`,`c`.`collector_name` AS `collectorname`,`c`.`collector_title` AS `collectortitle`,`cri`.`item_fund_objid` AS `fundid`,`cri`.`item_objid` AS `acctid`,`cri`.`item_code` AS `acctcode`,`cri`.`item_title` AS `acctname`,`cri`.`remarks` AS `remarks`,(case when isnull(`v`.`objid`) then `cri`.`amount` else 0.0 end) AS `amount`,(case when isnull(`v`.`objid`) then 0 else 1 end) AS `voided`,(case when isnull(`v`.`objid`) then 0.0 else `cri`.`amount` end) AS `voidamount`,(case when (`c`.`formtype` = 'serial') then 0 else 1 end) AS `formtypeindex` from (((`remittance` `r` join `cashreceipt` `c` on((`c`.`remittanceid` = `r`.`objid`))) join `cashreceiptitem` `cri` on((`cri`.`receiptid` = `c`.`objid`))) left join `cashreceipt_void` `v` on((`v`.`receiptid` = `c`.`objid`))) */;
/*!50001 SET character_set_client      = @saved_cs_client */;
/*!50001 SET character_set_results     = @saved_cs_results */;
/*!50001 SET collation_connection      = @saved_col_connection */;

--
-- Final view structure for view `vw_remittance_cashreceiptpayment_noncash`
--

/*!50001 DROP TABLE IF EXISTS `vw_remittance_cashreceiptpayment_noncash`*/;
/*!50001 DROP VIEW IF EXISTS `vw_remittance_cashreceiptpayment_noncash`*/;
/*!50001 SET @saved_cs_client          = @@character_set_client */;
/*!50001 SET @saved_cs_results         = @@character_set_results */;
/*!50001 SET @saved_col_connection     = @@collation_connection */;
/*!50001 SET character_set_client      = utf8 */;
/*!50001 SET character_set_results     = utf8 */;
/*!50001 SET collation_connection      = utf8_general_ci */;
/*!50001 CREATE ALGORITHM=UNDEFINED */
/*!50013 DEFINER=`root`@`localhost` SQL SECURITY DEFINER */
/*!50001 VIEW `vw_remittance_cashreceiptpayment_noncash` AS select `nc`.`objid` AS `objid`,`nc`.`receiptid` AS `receiptid`,`nc`.`refno` AS `refno`,`nc`.`refdate` AS `refdate`,`nc`.`reftype` AS `reftype`,`nc`.`particulars` AS `particulars`,`nc`.`fund_objid` AS `fundid`,`nc`.`refid` AS `refid`,`nc`.`amount` AS `amount`,(case when isnull(`v`.`objid`) then 0 else 1 end) AS `voided`,(case when isnull(`v`.`objid`) then 0.0 else `nc`.`amount` end) AS `voidamount`,`cp`.`bankid` AS `bankid`,`cp`.`bank_name` AS `bank_name`,`c`.`remittanceid` AS `remittanceid`,`r`.`collectionvoucherid` AS `collectionvoucherid` from ((((`remittance` `r` join `cashreceipt` `c` on((`c`.`remittanceid` = `r`.`objid`))) join `cashreceiptpayment_noncash` `nc` on(((`nc`.`receiptid` = `c`.`objid`) and (`nc`.`reftype` = 'CHECK')))) join `checkpayment` `cp` on((`cp`.`objid` = `nc`.`refid`))) left join `cashreceipt_void` `v` on((`v`.`receiptid` = `c`.`objid`))) union all select `nc`.`objid` AS `objid`,`nc`.`receiptid` AS `receiptid`,`nc`.`refno` AS `refno`,`nc`.`refdate` AS `refdate`,'EFT' AS `reftype`,`nc`.`particulars` AS `particulars`,`nc`.`fund_objid` AS `fundid`,`nc`.`refid` AS `refid`,`nc`.`amount` AS `amount`,(case when isnull(`v`.`objid`) then 0 else 1 end) AS `voided`,(case when isnull(`v`.`objid`) then 0.0 else `nc`.`amount` end) AS `voidamount`,`ba`.`bank_objid` AS `bankid`,`ba`.`bank_name` AS `bank_name`,`c`.`remittanceid` AS `remittanceid`,`r`.`collectionvoucherid` AS `collectionvoucherid` from (((((`remittance` `r` join `cashreceipt` `c` on((`c`.`remittanceid` = `r`.`objid`))) join `cashreceiptpayment_noncash` `nc` on(((`nc`.`receiptid` = `c`.`objid`) and (`nc`.`reftype` = 'EFT')))) join `eftpayment` `eft` on((`eft`.`objid` = `nc`.`refid`))) join `bankaccount` `ba` on((`ba`.`objid` = `eft`.`bankacctid`))) left join `cashreceipt_void` `v` on((`v`.`receiptid` = `c`.`objid`))) */;
/*!50001 SET character_set_client      = @saved_cs_client */;
/*!50001 SET character_set_results     = @saved_cs_results */;
/*!50001 SET collation_connection      = @saved_col_connection */;

--
-- Final view structure for view `vw_remittance_cashreceiptshare`
--

/*!50001 DROP TABLE IF EXISTS `vw_remittance_cashreceiptshare`*/;
/*!50001 DROP VIEW IF EXISTS `vw_remittance_cashreceiptshare`*/;
/*!50001 SET @saved_cs_client          = @@character_set_client */;
/*!50001 SET @saved_cs_results         = @@character_set_results */;
/*!50001 SET @saved_col_connection     = @@collation_connection */;
/*!50001 SET character_set_client      = utf8 */;
/*!50001 SET character_set_results     = utf8 */;
/*!50001 SET collation_connection      = utf8_general_ci */;
/*!50001 CREATE ALGORITHM=UNDEFINED */
/*!50013 DEFINER=`root`@`localhost` SQL SECURITY DEFINER */
/*!50001 VIEW `vw_remittance_cashreceiptshare` AS select `c`.`remittanceid` AS `remittanceid`,`r`.`controldate` AS `remittance_controldate`,`r`.`controlno` AS `remittance_controlno`,`r`.`collectionvoucherid` AS `collectionvoucherid`,`c`.`formno` AS `formno`,`c`.`formtype` AS `formtype`,`c`.`controlid` AS `controlid`,`cs`.`receiptid` AS `receiptid`,`c`.`receiptdate` AS `receiptdate`,`c`.`receiptno` AS `receiptno`,`c`.`paidby` AS `paidby`,`c`.`paidbyaddress` AS `paidbyaddress`,`c`.`org_objid` AS `org_objid`,`c`.`org_name` AS `org_name`,`c`.`collectiontype_objid` AS `collectiontype_objid`,`c`.`collectiontype_name` AS `collectiontype_name`,`c`.`collector_objid` AS `collectorid`,`c`.`collector_name` AS `collectorname`,`c`.`collector_title` AS `collectortitle`,`cs`.`refitem_objid` AS `refacctid`,`ia`.`fund_objid` AS `fundid`,`ia`.`objid` AS `acctid`,`ia`.`code` AS `acctcode`,`ia`.`title` AS `acctname`,(case when isnull(`v`.`objid`) then `cs`.`amount` else 0.0 end) AS `amount`,(case when isnull(`v`.`objid`) then 0 else 1 end) AS `voided`,(case when isnull(`v`.`objid`) then 0.0 else `cs`.`amount` end) AS `voidamount`,(case when (`c`.`formtype` = 'serial') then 0 else 1 end) AS `formtypeindex` from ((((`remittance` `r` join `cashreceipt` `c` on((`c`.`remittanceid` = `r`.`objid`))) join `cashreceipt_share` `cs` on((`cs`.`receiptid` = `c`.`objid`))) join `itemaccount` `ia` on((`ia`.`objid` = `cs`.`payableitem_objid`))) left join `cashreceipt_void` `v` on((`v`.`receiptid` = `c`.`objid`))) */;
/*!50001 SET character_set_client      = @saved_cs_client */;
/*!50001 SET character_set_results     = @saved_cs_results */;
/*!50001 SET collation_connection      = @saved_col_connection */;

--
-- Final view structure for view `vw_rptcertification_item`
--

/*!50001 DROP TABLE IF EXISTS `vw_rptcertification_item`*/;
/*!50001 DROP VIEW IF EXISTS `vw_rptcertification_item`*/;
/*!50001 SET @saved_cs_client          = @@character_set_client */;
/*!50001 SET @saved_cs_results         = @@character_set_results */;
/*!50001 SET @saved_col_connection     = @@collation_connection */;
/*!50001 SET character_set_client      = utf8 */;
/*!50001 SET character_set_results     = utf8 */;
/*!50001 SET collation_connection      = utf8_general_ci */;
/*!50001 CREATE ALGORITHM=UNDEFINED */
/*!50013 DEFINER=`root`@`localhost` SQL SECURITY DEFINER */
/*!50001 VIEW `vw_rptcertification_item` AS select `rci`.`rptcertificationid` AS `rptcertificationid`,`f`.`objid` AS `faasid`,`f`.`fullpin` AS `fullpin`,`f`.`tdno` AS `tdno`,`e`.`objid` AS `taxpayerid`,`e`.`name` AS `taxpayer_name`,`f`.`owner_name` AS `owner_name`,`f`.`administrator_name` AS `administrator_name`,`f`.`titleno` AS `titleno`,`f`.`rpuid` AS `rpuid`,`pc`.`code` AS `classcode`,`pc`.`name` AS `classname`,`so`.`name` AS `lguname`,`b`.`name` AS `barangay`,`r`.`rputype` AS `rputype`,`r`.`suffix` AS `suffix`,`r`.`totalareaha` AS `totalareaha`,`r`.`totalareasqm` AS `totalareasqm`,`r`.`totalav` AS `totalav`,`r`.`totalmv` AS `totalmv`,`rp`.`street` AS `street`,`rp`.`blockno` AS `blockno`,`rp`.`cadastrallotno` AS `cadastrallotno`,`rp`.`surveyno` AS `surveyno`,`r`.`taxable` AS `taxable`,`f`.`effectivityyear` AS `effectivityyear`,`f`.`effectivityqtr` AS `effectivityqtr` from (((((((`rptcertificationitem` `rci` join `faas` `f` on((`rci`.`refid` = `f`.`objid`))) join `rpu` `r` on((`f`.`rpuid` = `r`.`objid`))) join `propertyclassification` `pc` on((`r`.`classification_objid` = `pc`.`objid`))) join `realproperty` `rp` on((`f`.`realpropertyid` = `rp`.`objid`))) join `barangay` `b` on((`rp`.`barangayid` = `b`.`objid`))) join `sys_org` `so` on((`f`.`lguid` = `so`.`objid`))) join `entity` `e` on((`f`.`taxpayer_objid` = `e`.`objid`))) */;
/*!50001 SET character_set_client      = @saved_cs_client */;
/*!50001 SET character_set_results     = @saved_cs_results */;
/*!50001 SET collation_connection      = @saved_col_connection */;

--
-- Final view structure for view `vw_rptledger_avdifference`
--

/*!50001 DROP TABLE IF EXISTS `vw_rptledger_avdifference`*/;
/*!50001 DROP VIEW IF EXISTS `vw_rptledger_avdifference`*/;
/*!50001 SET @saved_cs_client          = @@character_set_client */;
/*!50001 SET @saved_cs_results         = @@character_set_results */;
/*!50001 SET @saved_col_connection     = @@collation_connection */;
/*!50001 SET character_set_client      = utf8 */;
/*!50001 SET character_set_results     = utf8 */;
/*!50001 SET collation_connection      = utf8_general_ci */;
/*!50001 CREATE ALGORITHM=UNDEFINED */
/*!50013 DEFINER=`root`@`localhost` SQL SECURITY DEFINER */
/*!50001 VIEW `vw_rptledger_avdifference` AS select `rlf`.`objid` AS `objid`,'APPROVED' AS `state`,`d`.`parent_objid` AS `rptledgerid`,`rl`.`faasid` AS `faasid`,`rl`.`tdno` AS `tdno`,`rlf`.`txntype_objid` AS `txntype_objid`,`rlf`.`classification_objid` AS `classification_objid`,`rlf`.`actualuse_objid` AS `actualuse_objid`,`rlf`.`taxable` AS `taxable`,`rlf`.`backtax` AS `backtax`,`d`.`year` AS `fromyear`,1 AS `fromqtr`,`d`.`year` AS `toyear`,4 AS `toqtr`,`d`.`av` AS `assessedvalue`,1 AS `systemcreated`,`rlf`.`reclassed` AS `reclassed`,`rlf`.`idleland` AS `idleland`,1 AS `taxdifference` from ((`rptledger_avdifference` `d` join `rptledgerfaas` `rlf` on((`d`.`rptledgerfaas_objid` = `rlf`.`objid`))) join `rptledger` `rl` on((`d`.`parent_objid` = `rl`.`objid`))) */;
/*!50001 SET character_set_client      = @saved_cs_client */;
/*!50001 SET character_set_results     = @saved_cs_results */;
/*!50001 SET collation_connection      = @saved_col_connection */;

--
-- Final view structure for view `vw_rptpayment_item`
--

/*!50001 DROP TABLE IF EXISTS `vw_rptpayment_item`*/;
/*!50001 DROP VIEW IF EXISTS `vw_rptpayment_item`*/;
/*!50001 SET @saved_cs_client          = @@character_set_client */;
/*!50001 SET @saved_cs_results         = @@character_set_results */;
/*!50001 SET @saved_col_connection     = @@collation_connection */;
/*!50001 SET character_set_client      = utf8 */;
/*!50001 SET character_set_results     = utf8 */;
/*!50001 SET collation_connection      = utf8_general_ci */;
/*!50001 CREATE ALGORITHM=UNDEFINED */
/*!50013 DEFINER=`root`@`localhost` SQL SECURITY DEFINER */
/*!50001 VIEW `vw_rptpayment_item` AS select `x`.`rptledgerid` AS `rptledgerid`,`x`.`parentid` AS `parentid`,`x`.`rptledgerfaasid` AS `rptledgerfaasid`,`x`.`year` AS `year`,`x`.`qtr` AS `qtr`,`x`.`revperiod` AS `revperiod`,sum(`x`.`basic`) AS `basic`,sum(`x`.`basicint`) AS `basicint`,sum(`x`.`basicdisc`) AS `basicdisc`,sum(`x`.`basicdp`) AS `basicdp`,sum(`x`.`basicnet`) AS `basicnet`,sum(`x`.`basicidle`) AS `basicidle`,sum(`x`.`basicidleint`) AS `basicidleint`,sum(`x`.`basicidledisc`) AS `basicidledisc`,sum(`x`.`basicidledp`) AS `basicidledp`,sum(`x`.`sef`) AS `sef`,sum(`x`.`sefint`) AS `sefint`,sum(`x`.`sefdisc`) AS `sefdisc`,sum(`x`.`sefdp`) AS `sefdp`,sum(`x`.`sefnet`) AS `sefnet`,sum(`x`.`firecode`) AS `firecode`,sum(`x`.`sh`) AS `sh`,sum(`x`.`shint`) AS `shint`,sum(`x`.`shdisc`) AS `shdisc`,sum(`x`.`shdp`) AS `shdp`,sum(`x`.`amount`) AS `amount`,max(`x`.`partialled`) AS `partialled`,`x`.`voided` AS `voided` from `vw_rptpayment_item_detail` `x` group by `x`.`rptledgerid`,`x`.`parentid`,`x`.`rptledgerfaasid`,`x`.`year`,`x`.`qtr`,`x`.`revperiod`,`x`.`voided` */;
/*!50001 SET character_set_client      = @saved_cs_client */;
/*!50001 SET character_set_results     = @saved_cs_results */;
/*!50001 SET collation_connection      = @saved_col_connection */;

--
-- Final view structure for view `vw_rptpayment_item_detail`
--

/*!50001 DROP TABLE IF EXISTS `vw_rptpayment_item_detail`*/;
/*!50001 DROP VIEW IF EXISTS `vw_rptpayment_item_detail`*/;
/*!50001 SET @saved_cs_client          = @@character_set_client */;
/*!50001 SET @saved_cs_results         = @@character_set_results */;
/*!50001 SET @saved_col_connection     = @@collation_connection */;
/*!50001 SET character_set_client      = utf8 */;
/*!50001 SET character_set_results     = utf8 */;
/*!50001 SET collation_connection      = utf8_general_ci */;
/*!50001 CREATE ALGORITHM=UNDEFINED */
/*!50013 DEFINER=`root`@`localhost` SQL SECURITY DEFINER */
/*!50001 VIEW `vw_rptpayment_item_detail` AS select `rpi`.`objid` AS `objid`,`rpi`.`parentid` AS `parentid`,`rp`.`refid` AS `rptledgerid`,`rpi`.`rptledgerfaasid` AS `rptledgerfaasid`,`rpi`.`year` AS `year`,`rpi`.`qtr` AS `qtr`,`rpi`.`revperiod` AS `revperiod`,(case when (`rpi`.`revtype` = 'basic') then `rpi`.`amount` else 0 end) AS `basic`,(case when (`rpi`.`revtype` = 'basic') then `rpi`.`interest` else 0 end) AS `basicint`,(case when (`rpi`.`revtype` = 'basic') then `rpi`.`discount` else 0 end) AS `basicdisc`,(case when (`rpi`.`revtype` = 'basic') then (`rpi`.`interest` - `rpi`.`discount`) else 0 end) AS `basicdp`,(case when (`rpi`.`revtype` = 'basic') then ((`rpi`.`amount` + `rpi`.`interest`) - `rpi`.`discount`) else 0 end) AS `basicnet`,(case when (`rpi`.`revtype` = 'basicidle') then ((`rpi`.`amount` + `rpi`.`interest`) - `rpi`.`discount`) else 0 end) AS `basicidle`,(case when (`rpi`.`revtype` = 'basicidle') then `rpi`.`interest` else 0 end) AS `basicidleint`,(case when (`rpi`.`revtype` = 'basicidle') then `rpi`.`discount` else 0 end) AS `basicidledisc`,(case when (`rpi`.`revtype` = 'basicidle') then (`rpi`.`interest` - `rpi`.`discount`) else 0 end) AS `basicidledp`,(case when (`rpi`.`revtype` = 'sef') then `rpi`.`amount` else 0 end) AS `sef`,(case when (`rpi`.`revtype` = 'sef') then `rpi`.`interest` else 0 end) AS `sefint`,(case when (`rpi`.`revtype` = 'sef') then `rpi`.`discount` else 0 end) AS `sefdisc`,(case when (`rpi`.`revtype` = 'sef') then (`rpi`.`interest` - `rpi`.`discount`) else 0 end) AS `sefdp`,(case when (`rpi`.`revtype` = 'sef') then ((`rpi`.`amount` + `rpi`.`interest`) - `rpi`.`discount`) else 0 end) AS `sefnet`,(case when (`rpi`.`revtype` = 'firecode') then ((`rpi`.`amount` + `rpi`.`interest`) - `rpi`.`discount`) else 0 end) AS `firecode`,(case when (`rpi`.`revtype` = 'sh') then ((`rpi`.`amount` + `rpi`.`interest`) - `rpi`.`discount`) else 0 end) AS `sh`,(case when (`rpi`.`revtype` = 'sh') then `rpi`.`interest` else 0 end) AS `shint`,(case when (`rpi`.`revtype` = 'sh') then `rpi`.`discount` else 0 end) AS `shdisc`,(case when (`rpi`.`revtype` = 'sh') then (`rpi`.`interest` - `rpi`.`discount`) else 0 end) AS `shdp`,((`rpi`.`amount` + `rpi`.`interest`) - `rpi`.`discount`) AS `amount`,`rpi`.`partialled` AS `partialled`,`rp`.`voided` AS `voided` from (`rptpayment_item` `rpi` join `rptpayment` `rp` on((`rpi`.`parentid` = `rp`.`objid`))) */;
/*!50001 SET character_set_client      = @saved_cs_client */;
/*!50001 SET character_set_results     = @saved_cs_results */;
/*!50001 SET collation_connection      = @saved_col_connection */;

--
-- Final view structure for view `vw_rpu_assessment`
--

/*!50001 DROP TABLE IF EXISTS `vw_rpu_assessment`*/;
/*!50001 DROP VIEW IF EXISTS `vw_rpu_assessment`*/;
/*!50001 SET @saved_cs_client          = @@character_set_client */;
/*!50001 SET @saved_cs_results         = @@character_set_results */;
/*!50001 SET @saved_col_connection     = @@collation_connection */;
/*!50001 SET character_set_client      = utf8 */;
/*!50001 SET character_set_results     = utf8 */;
/*!50001 SET collation_connection      = utf8_general_ci */;
/*!50001 CREATE ALGORITHM=UNDEFINED */
/*!50013 DEFINER=`root`@`localhost` SQL SECURITY DEFINER */
/*!50001 VIEW `vw_rpu_assessment` AS select `r`.`objid` AS `objid`,`r`.`rputype` AS `rputype`,`dpc`.`objid` AS `dominantclass_objid`,`dpc`.`code` AS `dominantclass_code`,`dpc`.`name` AS `dominantclass_name`,`dpc`.`orderno` AS `dominantclass_orderno`,`ra`.`areasqm` AS `areasqm`,`ra`.`areaha` AS `areaha`,`ra`.`marketvalue` AS `marketvalue`,`ra`.`assesslevel` AS `assesslevel`,`ra`.`assessedvalue` AS `assessedvalue`,`ra`.`taxable` AS `taxable`,`au`.`code` AS `actualuse_code`,`au`.`name` AS `actualuse_name`,`auc`.`objid` AS `actualuse_objid`,`auc`.`code` AS `actualuse_classcode`,`auc`.`name` AS `actualuse_classname`,`auc`.`orderno` AS `actualuse_orderno` from ((((`rpu` `r` join `propertyclassification` `dpc` on((`r`.`classification_objid` = `dpc`.`objid`))) join `rpu_assessment` `ra` on((`r`.`objid` = `ra`.`rpuid`))) join `landassesslevel` `au` on((`ra`.`actualuse_objid` = `au`.`objid`))) left join `propertyclassification` `auc` on((`au`.`classification_objid` = `auc`.`objid`))) union select `r`.`objid` AS `objid`,`r`.`rputype` AS `rputype`,`dpc`.`objid` AS `dominantclass_objid`,`dpc`.`code` AS `dominantclass_code`,`dpc`.`name` AS `dominantclass_name`,`dpc`.`orderno` AS `dominantclass_orderno`,`ra`.`areasqm` AS `areasqm`,`ra`.`areaha` AS `areaha`,`ra`.`marketvalue` AS `marketvalue`,`ra`.`assesslevel` AS `assesslevel`,`ra`.`assessedvalue` AS `assessedvalue`,`ra`.`taxable` AS `taxable`,`au`.`code` AS `actualuse_code`,`au`.`name` AS `actualuse_name`,`auc`.`objid` AS `actualuse_objid`,`auc`.`code` AS `actualuse_classcode`,`auc`.`name` AS `actualuse_classname`,`auc`.`orderno` AS `actualuse_orderno` from ((((`rpu` `r` join `propertyclassification` `dpc` on((`r`.`classification_objid` = `dpc`.`objid`))) join `rpu_assessment` `ra` on((`r`.`objid` = `ra`.`rpuid`))) join `bldgassesslevel` `au` on((`ra`.`actualuse_objid` = `au`.`objid`))) left join `propertyclassification` `auc` on((`au`.`classification_objid` = `auc`.`objid`))) union select `r`.`objid` AS `objid`,`r`.`rputype` AS `rputype`,`dpc`.`objid` AS `dominantclass_objid`,`dpc`.`code` AS `dominantclass_code`,`dpc`.`name` AS `dominantclass_name`,`dpc`.`orderno` AS `dominantclass_orderno`,`ra`.`areasqm` AS `areasqm`,`ra`.`areaha` AS `areaha`,`ra`.`marketvalue` AS `marketvalue`,`ra`.`assesslevel` AS `assesslevel`,`ra`.`assessedvalue` AS `assessedvalue`,`ra`.`taxable` AS `taxable`,`au`.`code` AS `actualuse_code`,`au`.`name` AS `actualuse_name`,`auc`.`objid` AS `actualuse_objid`,`auc`.`code` AS `actualuse_classcode`,`auc`.`name` AS `actualuse_classname`,`auc`.`orderno` AS `actualuse_orderno` from ((((`rpu` `r` join `propertyclassification` `dpc` on((`r`.`classification_objid` = `dpc`.`objid`))) join `rpu_assessment` `ra` on((`r`.`objid` = `ra`.`rpuid`))) join `machassesslevel` `au` on((`ra`.`actualuse_objid` = `au`.`objid`))) left join `propertyclassification` `auc` on((`au`.`classification_objid` = `auc`.`objid`))) union select `r`.`objid` AS `objid`,`r`.`rputype` AS `rputype`,`dpc`.`objid` AS `dominantclass_objid`,`dpc`.`code` AS `dominantclass_code`,`dpc`.`name` AS `dominantclass_name`,`dpc`.`orderno` AS `dominantclass_orderno`,`ra`.`areasqm` AS `areasqm`,`ra`.`areaha` AS `areaha`,`ra`.`marketvalue` AS `marketvalue`,`ra`.`assesslevel` AS `assesslevel`,`ra`.`assessedvalue` AS `assessedvalue`,`ra`.`taxable` AS `taxable`,`au`.`code` AS `actualuse_code`,`au`.`name` AS `actualuse_name`,`auc`.`objid` AS `actualuse_objid`,`auc`.`code` AS `actualuse_classcode`,`auc`.`name` AS `actualuse_classname`,`auc`.`orderno` AS `actualuse_orderno` from ((((`rpu` `r` join `propertyclassification` `dpc` on((`r`.`classification_objid` = `dpc`.`objid`))) join `rpu_assessment` `ra` on((`r`.`objid` = `ra`.`rpuid`))) join `planttreeassesslevel` `au` on((`ra`.`actualuse_objid` = `au`.`objid`))) left join `propertyclassification` `auc` on((`au`.`classification_objid` = `auc`.`objid`))) union select `r`.`objid` AS `objid`,`r`.`rputype` AS `rputype`,`dpc`.`objid` AS `dominantclass_objid`,`dpc`.`code` AS `dominantclass_code`,`dpc`.`name` AS `dominantclass_name`,`dpc`.`orderno` AS `dominantclass_orderno`,`ra`.`areasqm` AS `areasqm`,`ra`.`areaha` AS `areaha`,`ra`.`marketvalue` AS `marketvalue`,`ra`.`assesslevel` AS `assesslevel`,`ra`.`assessedvalue` AS `assessedvalue`,`ra`.`taxable` AS `taxable`,`au`.`code` AS `actualuse_code`,`au`.`name` AS `actualuse_name`,`auc`.`objid` AS `actualuse_objid`,`auc`.`code` AS `actualuse_classcode`,`auc`.`name` AS `actualuse_classname`,`auc`.`orderno` AS `actualuse_orderno` from ((((`rpu` `r` join `propertyclassification` `dpc` on((`r`.`classification_objid` = `dpc`.`objid`))) join `rpu_assessment` `ra` on((`r`.`objid` = `ra`.`rpuid`))) join `miscassesslevel` `au` on((`ra`.`actualuse_objid` = `au`.`objid`))) left join `propertyclassification` `auc` on((`au`.`classification_objid` = `auc`.`objid`))) */;
/*!50001 SET character_set_client      = @saved_cs_client */;
/*!50001 SET character_set_results     = @saved_cs_results */;
/*!50001 SET collation_connection      = @saved_col_connection */;

--
-- Final view structure for view `vw_rpu_list`
--

/*!50001 DROP TABLE IF EXISTS `vw_rpu_list`*/;
/*!50001 DROP VIEW IF EXISTS `vw_rpu_list`*/;
/*!50001 SET @saved_cs_client          = @@character_set_client */;
/*!50001 SET @saved_cs_results         = @@character_set_results */;
/*!50001 SET @saved_col_connection     = @@collation_connection */;
/*!50001 SET character_set_client      = utf8 */;
/*!50001 SET character_set_results     = utf8 */;
/*!50001 SET collation_connection      = utf8_general_ci */;
/*!50001 CREATE ALGORITHM=UNDEFINED */
/*!50013 DEFINER=`etracs`@`%` SQL SECURITY DEFINER */
/*!50001 VIEW `vw_rpu_list` AS select `propertyclassification`.`code` AS `classcode`,`propertyclassification`.`name` AS `classname`,`rpu`.`taxable` AS `taxable`,`barangay`.`objid` AS `barangayid`,`barangay`.`name` AS `barangayname`,`rpu`.`ry` AS `ry`,`rpu`.`fullpin` AS `fullpin`,`rpu`.`totalareasqm` AS `totalareasqm`,`rpu`.`totalav` AS `totalav`,`rpu`.`totalbmv` AS `totalbmv`,`rpu`.`totalmv` AS `totalmv`,`rpu`.`state` AS `state` from (((`rpu` join `propertyclassification` on((`rpu`.`classification_objid` = `propertyclassification`.`objid`))) join `realproperty` on((`realproperty`.`objid` = `rpu`.`realpropertyid`))) join `barangay` on((`realproperty`.`barangayid` = `barangay`.`objid`))) */;
/*!50001 SET character_set_client      = @saved_cs_client */;
/*!50001 SET character_set_results     = @saved_cs_results */;
/*!50001 SET collation_connection      = @saved_col_connection */;

--
-- Final view structure for view `vw_txn_log`
--

/*!50001 DROP TABLE IF EXISTS `vw_txn_log`*/;
/*!50001 DROP VIEW IF EXISTS `vw_txn_log`*/;
/*!50001 SET @saved_cs_client          = @@character_set_client */;
/*!50001 SET @saved_cs_results         = @@character_set_results */;
/*!50001 SET @saved_col_connection     = @@collation_connection */;
/*!50001 SET character_set_client      = utf8 */;
/*!50001 SET character_set_results     = utf8 */;
/*!50001 SET collation_connection      = utf8_general_ci */;
/*!50001 CREATE ALGORITHM=UNDEFINED */
/*!50013 DEFINER=`root`@`localhost` SQL SECURITY DEFINER */
/*!50001 VIEW `vw_txn_log` AS select distinct `u`.`objid` AS `userid`,`u`.`name` AS `username`,`t`.`txndate` AS `txndate`,`t`.`ref` AS `ref`,`t`.`action` AS `action`,1 AS `cnt` from (`txnlog` `t` join `sys_user` `u` on((`t`.`userid` = `u`.`objid`))) union select `u`.`objid` AS `userid`,`u`.`name` AS `username`,`t`.`enddate` AS `txndate`,'faas' AS `ref`,(case when (`t`.`state` like '%receiver%') then 'receive' when (`t`.`state` like '%examiner%') then 'examine' when (`t`.`state` like '%taxmapper_chief%') then 'approve taxmap' when (`t`.`state` like '%taxmapper%') then 'taxmap' when (`t`.`state` like '%appraiser%') then 'appraise' when (`t`.`state` like '%appraiser_chief%') then 'approve appraisal' when (`t`.`state` like '%recommender%') then 'recommend' when (`t`.`state` like '%approver%') then 'approve' else `t`.`state` end) AS `action`,1 AS `cnt` from (`faas_task` `t` join `sys_user` `u` on((`t`.`actor_objid` = `u`.`objid`))) where (not((`t`.`state` like '%assign%'))) union select `u`.`objid` AS `userid`,`u`.`name` AS `username`,`t`.`enddate` AS `txndate`,'subdivision' AS `ref`,(case when (`t`.`state` like '%receiver%') then 'receive' when (`t`.`state` like '%examiner%') then 'examine' when (`t`.`state` like '%taxmapper_chief%') then 'approve taxmap' when (`t`.`state` like '%taxmapper%') then 'taxmap' when (`t`.`state` like '%appraiser%') then 'appraise' when (`t`.`state` like '%appraiser_chief%') then 'approve appraisal' when (`t`.`state` like '%recommender%') then 'recommend' when (`t`.`state` like '%approver%') then 'approve' else `t`.`state` end) AS `action`,1 AS `cnt` from (`subdivision_task` `t` join `sys_user` `u` on((`t`.`actor_objid` = `u`.`objid`))) where (not((`t`.`state` like '%assign%'))) union select `u`.`objid` AS `userid`,`u`.`name` AS `username`,`t`.`enddate` AS `txndate`,'consolidation' AS `ref`,(case when (`t`.`state` like '%receiver%') then 'receive' when (`t`.`state` like '%examiner%') then 'examine' when (`t`.`state` like '%taxmapper_chief%') then 'approve taxmap' when (`t`.`state` like '%taxmapper%') then 'taxmap' when (`t`.`state` like '%appraiser%') then 'appraise' when (`t`.`state` like '%appraiser_chief%') then 'approve appraisal' when (`t`.`state` like '%recommender%') then 'recommend' when (`t`.`state` like '%approver%') then 'approve' else `t`.`state` end) AS `action`,1 AS `cnt` from (`subdivision_task` `t` join `sys_user` `u` on((`t`.`actor_objid` = `u`.`objid`))) where (not((`t`.`state` like '%consolidation%'))) union select `u`.`objid` AS `userid`,`u`.`name` AS `username`,`t`.`enddate` AS `txndate`,'cancelledfaas' AS `ref`,(case when (`t`.`state` like '%receiver%') then 'receive' when (`t`.`state` like '%examiner%') then 'examine' when (`t`.`state` like '%taxmapper_chief%') then 'approve taxmap' when (`t`.`state` like '%taxmapper%') then 'taxmap' when (`t`.`state` like '%appraiser%') then 'appraise' when (`t`.`state` like '%appraiser_chief%') then 'approve appraisal' when (`t`.`state` like '%recommender%') then 'recommend' when (`t`.`state` like '%approver%') then 'approve' else `t`.`state` end) AS `action`,1 AS `cnt` from (`subdivision_task` `t` join `sys_user` `u` on((`t`.`actor_objid` = `u`.`objid`))) where (not((`t`.`state` like '%cancelledfaas%'))) */;
/*!50001 SET character_set_client      = @saved_cs_client */;
/*!50001 SET character_set_results     = @saved_cs_results */;
/*!50001 SET collation_connection      = @saved_col_connection */;
/*!40103 SET TIME_ZONE=@OLD_TIME_ZONE */;

/*!40101 SET SQL_MODE=@OLD_SQL_MODE */;
/*!40014 SET FOREIGN_KEY_CHECKS=@OLD_FOREIGN_KEY_CHECKS */;
/*!40014 SET UNIQUE_CHECKS=@OLD_UNIQUE_CHECKS */;
/*!40101 SET CHARACTER_SET_CLIENT=@OLD_CHARACTER_SET_CLIENT */;
/*!40101 SET CHARACTER_SET_RESULTS=@OLD_CHARACTER_SET_RESULTS */;
/*!40101 SET COLLATION_CONNECTION=@OLD_COLLATION_CONNECTION */;
/*!40111 SET SQL_NOTES=@OLD_SQL_NOTES */;

-- Dump completed on 2021-06-09 14:17:47
